{
  "n_trades": 159,
  "win_rate": 0.14465408805031446,
  "profit_factor": 1.1148538939449038,
  "total_pnl_usd": 452.3640326614176,
  "annualized_return": 0.004523640326614231,
  "sharpe": 0.34021669850176806,
  "max_drawdown": 0.00782327798312965,
  "final_equity": 100452.36403266141
}