{
  "n_trades": 180,
  "win_rate": 0.18333333333333332,
  "profit_factor": 0.8470577397972293,
  "total_pnl_usd": -504.45720329969527,
  "annualized_return": -0.005044572032996908,
  "sharpe": -0.4260887773489135,
  "max_drawdown": 0.008968888818753408,
  "final_equity": 99495.5427967003
}