{
  "n_trades": 88,
  "win_rate": 0.2159090909090909,
  "profit_factor": 0.5151414187306106,
  "total_pnl_usd": -574.8395830510956,
  "annualized_return": -0.01146374760639779,
  "sharpe": -2.8051050505394373,
  "max_drawdown": 0.007077032968046696,
  "final_equity": 99425.1604169489
}