{
  "n_trades": 95,
  "win_rate": 0.15789473684210525,
  "profit_factor": 0.6633865152885889,
  "total_pnl_usd": -492.14686138140394,
  "annualized_return": -0.00981871637431131,
  "sharpe": -1.2673831431802378,
  "max_drawdown": 0.006823170077912401,
  "final_equity": 99507.8531386186
}