{
  "n_trades": 173,
  "win_rate": 0.1676300578034682,
  "profit_factor": 1.4998605445888116,
  "total_pnl_usd": 2232.4144029129316,
  "annualized_return": 0.0223241440291293,
  "sharpe": 1.1912802249808845,
  "max_drawdown": 0.00506565388780866,
  "final_equity": 102232.41440291294
}