date,total_trades,winning_trades,losing_trades,win_rate,gross_pnl_usd,net_pnl_usd,fees_usd,slippage_usd,equity_usd,daily_return_pct,rolling_20d_sharpe,rolling_20d_pf,max_drawdown_pct,max_drawdown_pct_vs_backtest,profit_factor_lifetime,bootstrap_ci_lo,action,kill_triggered,kill_reason,notes
2023-10-31,1,0,1,0.0,0,-933.5117675736983,0.0,0.0,99066.4882324263,-0.9335117675737026,0.0,0.0,-0.009335117675736982,0.0,1.0235243770514892,0.0,RUN,False,,
2023-11-01,3,1,2,0.3333333333333333,1281.6876632137428,1280.5996632840397,0.0,0.0,99646.7977017124,1.3018696349164083,0.0,0.0,-0.01634889961501336,0.0,1.0235243770514892,0.0,RUN,False,,
2023-11-02,3,1,2,0.3333333333333333,0.3410029428341659,-1811.644698152697,0.0,0.0,97350.95499355171,-1.8269435288960634,0.0,0.0,-0.026490450064482866,0.0,1.0235243770514892,0.0,RUN,False,,
2023-11-03,3,1,2,0.3333333333333333,3347.641523743703,3221.3224871000275,0.0,0.0,98167.16901950192,3.3927997956189726,0.0,0.0,-0.05054153467598109,0.0,1.0235243770514892,0.0,RUN,False,,
2023-11-04,3,1,2,0.3333333333333333,1372.2330047949508,921.020706985757,0.0,0.0,98646.41720613342,0.9424578870793177,0.0,0.0,-0.022746035008523322,0.0,1.0235243770514892,0.0,RUN,False,,
2023-11-05,3,2,1,0.6666666666666666,2161.372819525277,2161.372819525277,0.0,0.0,99265.71420185053,2.225825116320368,0.0,0.0,-0.028956586176747515,0.0,1.0235243770514892,0.0,RUN,False,,
2023-11-06,3,1,2,0.3333333333333333,72.46992434286221,-1157.248600704188,0.0,0.0,97940.30972827571,-1.1677871990169564,0.0,0.0,-0.020596902717242918,0.0,1.0235243770514892,0.0,RUN,False,,
2023-11-07,3,2,1,0.6666666666666666,1801.663866887262,1801.663866887262,0.0,0.0,98956.33968654211,1.8544283655802962,0.0,0.0,-0.028453241803451528,0.0,1.0235243770514892,0.0,RUN,False,,
2023-11-08,3,2,1,0.6666666666666666,2089.5545415424713,2089.5545415424713,0.0,0.0,99816.27490300452,2.1381609183382277,0.0,0.0,-0.022732796385379478,0.0,1.0235243770514892,0.0,RUN,False,,
2023-11-09,3,1,2,0.3333333333333333,1659.9103979308566,-4094.3952084554476,0.0,0.0,94790.93481289664,-4.140548661334654,0.0,0.0,-0.05723100946788051,0.0,1.0235243770514892,0.0,RUN,False,,
2023-11-10,3,3,0,1.0,5729.800651381913,2979.541746262752,0.0,0.0,100520.73546427855,3.054649664096165,0.0,0.0,-0.02987756246581132,0.0,1.0235243770514892,0.0,RUN,False,,
2023-11-11,3,2,1,0.6666666666666666,1127.0496071893722,1127.0496071893722,0.0,0.0,99896.86972413419,1.1410870302840825,0.0,0.0,-0.01765792487973036,0.0,1.0235243770514892,0.0,RUN,False,,
2023-11-12,3,2,1,0.6666666666666666,855.8115181323665,855.8115181323665,0.0,0.0,97991.25179594825,0.8810497133534989,0.0,0.0,-0.03391309352136288,0.0,1.0235243770514892,0.0,RUN,False,,
2023-11-13,3,1,2,0.3333333333333333,2837.4187682549673,-2475.7544784662896,0.0,0.0,98352.91608573693,-2.455407241425289,0.0,0.0,-0.02455407241425284,0.0,1.0235243770514892,0.0,RUN,False,,
2023-11-14,3,2,1,0.6666666666666666,1224.8755379605573,-362.1810182238987,0.0,0.0,99179.16208499618,-0.36384984061178516,0.0,0.0,-0.016359518279641577,0.0,1.0235243770514892,0.0,RUN,False,,
2023-11-15,3,2,1,0.6666666666666666,979.2423299162328,-941.0890160100389,0.0,0.0,98472.54450919857,-0.9466397944014382,0.0,0.0,-0.023367619961867557,0.0,1.0235243770514892,0.0,RUN,False,,
2023-11-16,3,2,1,0.6666666666666666,4142.839528434808,1474.5765508033073,0.0,0.0,100962.03562636867,1.4821732955138556,0.0,0.0,-0.02969948808355819,0.0,1.0235243770514892,0.0,RUN,False,,
2023-11-17,3,1,2,0.3333333333333333,1775.0680076663994,-3322.8673946999916,0.0,0.0,99414.23623933508,-3.2343401528395654,0.0,0.0,-0.03234340152839565,0.0,1.0235243770514892,0.0,RUN,False,,
2023-11-18,3,1,2,0.3333333333333333,2609.538909483177,2448.988873872615,0.0,0.0,99892.85748116257,2.5132303436579795,0.0,0.0,-0.05152213601037855,0.0,1.0235243770514892,0.0,RUN,False,,
2023-11-19,3,1,2,0.3333333333333333,2623.9774082050135,1674.6356187709753,0.0,0.0,99391.0065954421,1.7137718091994936,0.0,0.0,-0.04886971191292821,0.0,1.0235243770514892,0.0,RUN,False,,
2023-11-20,3,1,2,0.3333333333333333,87.52350572917203,-2021.7740134205524,0.0,0.0,96912.47024642838,-2.0435533000185413,0.0,0.0,-0.056694545413260904,0.0,1.0235243770514892,0.0,RUN,False,,
2023-11-21,3,2,1,0.6666666666666666,4355.116316477783,1169.780954948481,0.0,0.0,101198.72514980468,1.169442469241444,0.0,0.0,-0.026360091372886436,0.0,1.0235243770514892,0.0,RUN,False,,
2023-11-22,3,1,2,0.3333333333333333,1918.9055444307742,-3640.487060859421,0.0,0.0,99477.14363337604,-3.530421554830132,0.0,0.0,-0.03530421554830132,0.0,1.0235243770514892,0.0,RUN,False,,
2023-11-23,3,1,2,0.3333333333333333,2078.6976846602483,1156.1934542637027,0.0,0.0,100361.75464571248,1.1654522593067762,0.0,0.0,-0.03793793046299472,0.0,1.0235243770514892,0.0,RUN,False,,
2023-11-24,3,1,2,0.3333333333333333,285.3434843900468,-3083.9025112911913,0.0,0.0,97563.19561881134,-3.064074939651762,0.0,0.0,-0.05386503780225649,0.0,1.0235243770514892,0.0,RUN,False,,
2023-11-25,3,3,0,1.0,2559.640142112592,515.1559476793045,0.0,0.0,100122.83576092393,0.5171849687144459,0.0,0.0,-0.03403831970692326,0.0,1.0235243770514892,0.0,RUN,False,,
2023-11-26,3,1,2,0.3333333333333333,301.0383262168907,-843.9929099634901,0.0,0.0,98772.40952106645,-0.8472429131817227,0.0,0.0,-0.042138489256541005,0.0,1.0235243770514892,0.0,RUN,False,,
2023-11-27,3,2,1,0.6666666666666666,3997.835942187012,1930.3885272863408,0.0,0.0,102395.3780462649,1.9214539677244291,0.0,0.0,-0.029359757122646008,0.0,1.0235243770514892,0.0,RUN,False,,
2023-11-28,3,1,2,0.3333333333333333,3630.6243041919224,2296.3808714227634,0.0,0.0,102934.49672268258,2.281820214934016,0.0,0.0,-0.03698454134437357,0.0,1.0235243770514892,0.0,RUN,False,,
2023-11-29,3,1,2,0.3333333333333333,2760.3829011782364,-1285.3178073436284,0.0,0.0,99208.52196423658,-1.2790015888188955,0.0,0.0,-0.03918193952555164,0.0,1.0235243770514892,0.0,RUN,False,,
2023-11-30,3,2,1,0.6666666666666666,1490.7533113118407,14.037261354882503,0.0,0.0,99974.14046958367,0.014042864007102196,0.0,0.0,-0.038925810164999866,0.0,1.0235243770514892,0.0,RUN,False,,
2023-12-01,3,2,1,0.6666666666666666,2272.494008792637,2272.494008792637,0.0,0.0,102044.05008920048,2.277697269712009,0.0,0.0,-0.03372904760891139,0.0,1.0235243770514892,0.0,RUN,False,,
2023-12-02,3,0,3,0.0,0,-1056.3011797593354,0.0,0.0,100029.95494172956,-1.0449503426952833,0.0,0.0,-0.031226497547199528,0.0,1.0235243770514892,0.0,RUN,False,,
2023-12-03,3,2,1,0.6666666666666666,2607.909989530337,-2052.0983638000034,0.0,0.0,100173.84694225162,-2.007414416815889,0.0,0.0,-0.033822300583126436,0.0,1.0235243770514892,0.0,RUN,False,,
2023-12-04,3,2,1,0.6666666666666666,2329.2273910431395,-139.57331935198454,0.0,0.0,101996.65801568108,-0.13665407224019432,0.0,0.0,-0.015732118389843147,0.0,1.0235243770514892,0.0,RUN,False,,
2023-12-05,3,1,2,0.3333333333333333,291.1721036249073,205.63277469224704,0.0,0.0,101380.51937307997,0.2032448778603646,0.0,0.0,-0.020966458777811805,0.0,1.0235243770514892,0.0,RUN,False,,
2023-12-06,3,2,1,0.6666666666666666,2547.0878851221496,-1500.5952205260983,0.0,0.0,102024.28529735774,-1.4495020066860875,0.0,0.0,-0.01831392072864415,0.0,1.0235243770514892,0.0,RUN,False,,
2023-12-07,3,2,1,0.6666666666666666,2933.085770409147,-737.4152627659641,0.0,0.0,101663.4076114441,-0.7201263056956231,0.0,0.0,-0.04638563291790191,0.0,1.0235243770514892,0.0,RUN,False,,
2023-12-08,3,2,1,0.6666666666666666,2272.682405717569,74.95007528245333,0.0,0.0,102044.90655864557,0.07350211559096209,0.0,0.0,-0.03703380011235024,0.0,1.0235243770514892,0.0,RUN,False,,
2023-12-09,3,1,2,0.3333333333333333,1093.850242056622,-236.1715217980236,0.0,0.0,99832.17979832945,-0.23601020570678255,0.0,0.0,-0.04993165761082929,0.0,1.0235243770514892,0.0,RUN,False,,
2023-12-10,3,2,1,0.6666666666666666,3123.6351655532635,-2360.4165889356373,0.0,0.0,100355.49547613417,-2.2980047993346298,0.0,0.0,-0.03667951934475057,0.0,1.0235243770514892,0.0,RUN,False,,
2023-12-11,3,2,1,0.6666666666666666,2783.125663126688,2783.125663126688,0.0,0.0,102338.8365271422,2.795545970163582,0.0,0.0,-0.04206674732080463,0.0,1.0235243770514892,0.0,RUN,False,,
2023-12-12,3,1,2,0.3333333333333333,759.4234476478596,-2597.9567011362087,0.0,0.0,100500.30327365384,-2.5198841394330707,0.0,0.0,-0.032977801326969196,0.0,1.0235243770514892,0.0,RUN,False,,
2023-12-13,3,2,1,0.6666666666666666,2970.688904823415,-300.58472135268676,0.0,0.0,100524.10726990704,-0.2981260992879986,0.0,0.0,-0.0327487573137259,0.0,1.0235243770514892,0.0,RUN,False,,
2023-12-14,3,2,1,0.6666666666666666,3144.27741897908,2898.3294625853305,0.0,0.0,103643.39023463105,2.8768948476226797,0.0,0.0,-0.030863223209233636,0.0,1.0235243770514892,0.0,RUN,False,,
2023-12-15,3,1,2,0.3333333333333333,2407.803005500813,-154.14754113843082,0.0,0.0,99681.97337881752,-0.15440057137438012,0.0,0.0,-0.04085183900016636,0.0,1.0235243770514892,0.0,RUN,False,,
2023-12-16,3,1,2,0.3333333333333333,2454.6680346952053,-1249.3515099410142,0.0,0.0,100887.28990357171,-1.2232157751133177,0.0,0.0,-0.029254184088708116,0.0,1.0235243770514892,0.0,RUN,False,,
2023-12-17,3,3,0,1.0,2766.91073185383,2595.2120465417247,0.0,0.0,103654.20063542554,2.568017039136672,0.0,0.0,-0.02760208519177566,0.0,1.0235243770514892,0.0,RUN,False,,
2023-12-18,3,2,1,0.6666666666666666,1248.3573703991715,1248.3573703991715,0.0,0.0,103325.94728964311,1.222949494974146,0.0,0.0,-0.017801019264899607,0.0,1.0235243770514892,0.0,RUN,False,,
2023-12-19,3,0,3,0.0,0,-1076.6474024830823,0.0,0.0,100913.38797022213,-1.0556397971121956,0.0,0.0,-0.029003066341086167,0.0,1.0235243770514892,0.0,RUN,False,,
2023-12-20,3,1,2,0.3333333333333333,2203.389330480437,-2648.503288713444,0.0,0.0,100468.27401198912,-2.5684504093742677,0.0,0.0,-0.0332859895217108,0.0,1.0235243770514892,0.0,RUN,False,,
2023-12-21,3,2,1,0.6666666666666666,3861.5598954155867,1174.776362784556,0.0,0.0,103284.59157070635,1.1505028780949278,0.0,0.0,-0.027548352766995115,0.0,1.0235243770514892,0.0,RUN,False,,
2023-12-22,3,0,3,0.0,0,-1871.149679123584,0.0,0.0,100222.98327347639,-1.8327690583280765,0.0,0.0,-0.03564619721804814,0.0,1.0235243770514892,0.0,RUN,False,,
2023-12-23,3,1,2,0.3333333333333333,3365.1586780481302,3119.0045756267064,0.0,0.0,102993.42524731731,3.1229263255299067,0.0,0.0,-0.039000095291731325,0.0,1.0235243770514892,0.0,RUN,False,,
2023-12-24,3,2,1,0.6666666666666666,1771.0218223722186,470.4098690663086,0.0,0.0,103609.61290650228,0.45609220860041155,0.0,0.0,-0.01869799984065373,0.0,1.0235243770514892,0.0,RUN,False,,
2023-12-25,3,2,1,0.6666666666666666,1282.5334869130165,1282.5334869130165,0.0,0.0,101602.08612832155,1.278448172010327,0.0,0.0,-0.03471699880311475,0.0,1.0235243770514892,0.0,RUN,False,,
2023-12-26,3,2,1,0.6666666666666666,1926.3178132963803,1926.3178132963803,0.0,0.0,103264.34211435987,1.9008835297336324,0.0,0.0,-0.024917180578447832,0.0,1.0235243770514892,0.0,RUN,False,,
2023-12-27,3,1,2,0.3333333333333333,3681.301194523883,1278.118755889751,0.0,0.0,102248.87775276563,1.2658305915371981,0.0,0.0,-0.028451037595622817,0.0,1.0235243770514892,0.0,RUN,False,,
2023-12-28,3,2,1,0.6666666666666666,3322.7371931527014,-1880.3497352884588,0.0,0.0,102948.29000877854,-1.7937366542952637,0.0,0.0,-0.025024887698099418,0.0,1.0235243770514892,0.0,RUN,False,,
2023-12-29,3,1,2,0.3333333333333333,4248.848228078583,-1064.0478929245583,0.0,0.0,100854.99435664945,-1.0440128453316655,0.0,0.0,-0.050042400740000194,0.0,1.0235243770514892,0.0,RUN,False,,
2023-12-30,3,2,1,0.6666666666666666,4915.881743806545,-375.6575573734881,0.0,0.0,103207.83919620405,-0.36266159103236495,0.0,0.0,-0.04848387403355713,0.0,1.0235243770514892,0.0,RUN,False,,
2023-12-31,3,2,1,0.6666666666666666,2749.569290729298,23.903993391853874,0.0,0.0,104934.35056463243,0.022785141206727033,0.0,0.0,-0.02148014638374063,0.0,1.0235243770514892,0.0,RUN,False,,
2024-01-01,3,1,2,0.3333333333333333,123.43113207993156,-564.0288403538434,0.0,0.0,104359.4382873319,-0.5375621448607371,0.0,0.0,-0.018196493437978477,0.0,1.0235243770514892,0.0,RUN,False,,
2024-01-02,3,1,2,0.3333333333333333,2566.2439042343904,-1507.805615473786,0.0,0.0,105417.8765760925,-1.4101435544478735,0.0,0.0,-0.0141014355444787,0.0,1.0235243770514892,0.0,RUN,False,,
2024-01-03,3,1,2,0.3333333333333333,134.65111681749113,-2333.268274811111,0.0,0.0,103082.58235374867,-2.213394153629278,0.0,0.0,-0.0359417846026213,0.0,1.0235243770514892,0.0,RUN,False,,
2024-01-04,3,1,2,0.3333333333333333,2837.1110067535046,-2608.640429199135,0.0,0.0,103311.05293130304,-2.4628474143335355,0.0,0.0,-0.03380506147987287,0.0,1.0235243770514892,0.0,RUN,False,,
2024-01-05,3,2,1,0.6666666666666666,2033.7439339130942,-1687.6220309542405,0.0,0.0,102736.63970282428,-1.616120624588857,0.0,0.0,-0.039177140635277774,0.0,1.0235243770514892,0.0,RUN,False,,
2024-01-06,3,2,1,0.6666666666666666,2980.4169389109447,1199.5587745418743,0.0,0.0,105291.28712808335,1.1524054730531974,0.0,0.0,-0.02650395844982824,0.0,1.0235243770514892,0.0,RUN,False,,
2024-01-07,3,2,1,0.6666666666666666,2079.453220110605,-2349.113475044782,0.0,0.0,104382.28681323942,-2.200958170416356,0.0,0.0,-0.02976586515982644,0.0,1.0235243770514892,0.0,RUN,False,,
2024-01-08,3,1,2,0.3333333333333333,2052.188191457608,2034.059848904566,0.0,0.0,105139.75934839174,1.972790892044407,0.0,0.0,-0.03572558634917373,0.0,1.0235243770514892,0.0,RUN,False,,
2024-01-09,3,1,2,0.3333333333333333,2558.825134176892,2433.2234961516224,0.0,0.0,106129.33119077435,2.346494531228971,0.0,0.0,-0.031378580582331506,0.0,1.0235243770514892,0.0,RUN,False,,
2024-01-10,3,0,3,0.0,0,-2051.544488751868,0.0,0.0,103422.27360870873,-1.9450746410414221,0.0,0.0,-0.032764893438612004,0.0,1.0235243770514892,0.0,RUN,False,,
2024-01-11,3,2,1,0.6666666666666666,3320.4879566461022,-2352.1110338496655,0.0,0.0,102488.88038849442,-2.24350323469793,0.0,0.0,-0.041494257620194236,0.0,1.0235243770514892,0.0,RUN,False,,
2024-01-12,3,2,1,0.6666666666666666,2459.4663712283364,-1629.7322706322448,0.0,0.0,103005.34441134556,-1.5575391372680603,0.0,0.0,-0.03666413624742756,0.0,1.0235243770514892,0.0,RUN,False,,
2024-01-13,3,2,1,0.6666666666666666,2893.2443704804027,-159.06956943654222,0.0,0.0,104259.62182961799,-0.15233821388225266,0.0,0.0,-0.024933769954086717,0.0,1.0235243770514892,0.0,RUN,False,,
2024-01-14,3,2,1,0.6666666666666666,2723.207105570036,2723.207105570036,0.0,0.0,106557.92556211194,2.6226363841009404,0.0,0.0,-0.028907589567552787,0.0,1.0235243770514892,0.0,RUN,False,,
2024-01-15,3,2,1,0.6666666666666666,3532.03047704637,-1458.9661078272766,0.0,0.0,106783.80008849688,-1.3478647664834198,0.0,0.0,-0.030543897452370385,0.0,1.0235243770514892,0.0,RUN,False,,
2024-01-16,3,1,2,0.3333333333333333,375.88879452050605,-37.83730172208743,0.0,0.0,105905.0922180939,-0.03571479653581289,0.0,0.0,-0.021596583867695418,0.0,1.0235243770514892,0.0,RUN,False,,
2024-01-17,3,1,2,0.3333333333333333,288.132782724977,-1340.6018042141368,0.0,0.0,104852.62319660473,-1.2624174510227015,0.0,0.0,-0.03131981118784959,0.0,1.0235243770514892,0.0,RUN,False,,
2024-01-18,3,1,2,0.3333333333333333,652.8258203954465,-2850.4934484639525,0.0,0.0,101805.16071076569,-2.7236879568179218,0.0,0.0,-0.05947377096666514,0.0,1.0235243770514892,0.0,RUN,False,,
2024-01-19,3,2,1,0.6666666666666666,4240.730429460309,-3603.533880797768,0.0,0.0,101812.95117679174,-3.4183779499279865,0.0,0.0,-0.05940179880353764,0.0,1.0235243770514892,0.0,RUN,False,,
2024-01-20,3,3,0,1.0,3992.3753765243455,1837.4363574016024,0.0,0.0,105805.32655331609,1.7673113823308162,0.0,0.0,-0.03949341051258944,0.0,1.0235243770514892,0.0,RUN,False,,
2024-01-21,3,1,2,0.3333333333333333,916.7417583708593,745.9236754479207,0.0,0.0,105785.51453905525,0.7101357395960184,0.0,0.0,-0.029592511770320996,0.0,1.0235243770514892,0.0,RUN,False,,
2024-01-22,3,1,2,0.3333333333333333,665.5411471479601,-2318.8782402146608,0.0,0.0,104132.17744598855,-2.178351567550685,0.0,0.0,-0.037975643960170696,0.0,1.0235243770514892,0.0,RUN,False,,
2024-01-23,3,2,1,0.6666666666666666,6885.42776269163,-926.0830105058994,0.0,0.0,106585.69930540888,-0.8613781583349467,0.0,0.0,-0.047697319323090244,0.0,1.0235243770514892,0.0,RUN,False,,
2024-01-24,3,2,1,0.6666666666666666,1636.1211731327348,-406.51466745411744,0.0,0.0,107116.82350821953,-0.3780711000526682,0.0,0.0,-0.0168549368709181,0.0,1.0235243770514892,0.0,RUN,False,,
2024-01-25,3,0,3,0.0,0,-1340.5466507934034,0.0,0.0,105438.94151160511,-1.2554346100204117,0.0,0.0,-0.025903113743727123,0.0,1.0235243770514892,0.0,RUN,False,,
2024-01-26,3,3,0,1.0,2899.2030149122875,2285.277098662278,0.0,0.0,108338.1445265174,2.154847062684939,0.0,0.0,-0.020231363678355475,0.0,1.0235243770514892,0.0,RUN,False,,
2024-01-27,3,1,2,0.3333333333333333,288.85831955776666,-1177.4328172252426,0.0,0.0,105814.01959554933,-1.1004924138076855,0.0,0.0,-0.025964846110478827,0.0,1.0235243770514892,0.0,RUN,False,,
2024-01-28,3,1,2,0.3333333333333333,1366.4116173292423,1056.559931479147,0.0,0.0,106808.28431808726,0.9990947548208062,0.0,0.0,-0.023873587195101166,0.0,1.0235243770514892,0.0,RUN,False,,
2024-01-29,3,2,1,0.6666666666666666,2855.0930978381657,2855.0930978381657,0.0,0.0,108695.72695127639,2.697539681963468,0.0,0.0,-0.023052920870985292,0.0,1.0235243770514892,0.0,RUN,False,,
2024-01-30,3,2,1,0.6666666666666666,1785.9317290425242,1785.9317290425242,0.0,0.0,107241.24670706876,1.693543591818636,0.0,0.0,-0.02981176964484256,0.0,1.0235243770514892,0.0,RUN,False,,
2024-01-31,3,2,1,0.6666666666666666,1079.298878758229,1079.298878758229,0.0,0.0,106895.63849253369,1.0199737419547938,0.0,0.0,-0.026490345280929334,0.0,1.0235243770514892,0.0,RUN,False,,
2024-02-01,3,2,1,0.6666666666666666,479.5119158988964,479.5119158988964,0.0,0.0,107118.8543460391,0.44965760756920936,0.0,0.0,-0.018918724579283414,0.0,1.0235243770514892,0.0,RUN,False,,
2024-02-02,3,1,2,0.3333333333333333,509.7877478868613,-2115.4940449927817,0.0,0.0,105513.14804893317,-1.9655493220351317,0.0,0.0,-0.029279705758532976,0.0,1.0235243770514892,0.0,RUN,False,,
2024-02-03,3,2,1,0.6666666666666666,1449.4245866614947,77.93590717355255,0.0,0.0,106557.99100461263,0.07319296285321908,0.0,0.0,-0.024106315476356242,0.0,1.0235243770514892,0.0,RUN,False,,
2024-02-04,3,1,2,0.3333333333333333,194.28872821311234,-155.08066100950236,0.0,0.0,106597.19907181624,-0.14527152150533018,0.0,0.0,-0.019306443209132104,0.0,1.0235243770514892,0.0,RUN,False,,
2024-02-05,3,2,1,0.6666666666666666,1493.2007198620995,1493.2007198620995,0.0,0.0,107436.50769696107,1.409433745715405,0.0,0.0,-0.02532224634194877,0.0,1.0235243770514892,0.0,RUN,False,,
2024-02-06,3,1,2,0.3333333333333333,1052.3711873484135,-166.4805812141567,0.0,0.0,106462.0522884552,-0.15613136252905502,0.0,0.0,-0.02054979276068915,0.0,1.0235243770514892,0.0,RUN,False,,
2024-02-07,3,2,1,0.6666666666666666,2658.2129360994295,1480.0490936601127,0.0,0.0,108642.95687996168,1.3811206920696373,0.0,0.0,-0.018493160365621583,0.0,1.0235243770514892,0.0,RUN,False,,
2024-02-08,3,0,3,0.0,0,-3824.120293190528,0.0,0.0,104377.02678574805,-3.534269641707799,0.0,0.0,-0.03973201418915231,0.0,1.0235243770514892,0.0,RUN,False,,
2024-02-09,3,2,1,0.6666666666666666,4420.918334360293,-919.6203133663657,0.0,0.0,106491.87262758326,-0.8561656561946629,0.0,0.0,-0.021195919555091564,0.0,1.0235243770514892,0.0,RUN,False,,
2024-02-10,3,2,1,0.6666666666666666,1457.3183570293913,-479.24718080337334,0.0,0.0,106848.3017926923,-0.4465276486670944,0.0,0.0,-0.023633583664603393,0.0,1.0235243770514892,0.0,RUN,False,,
2024-02-11,3,1,2,0.3333333333333333,192.13755396593479,-292.43938814014837,0.0,0.0,106747.99995851809,-0.27320458503824474,0.0,0.0,-0.018841763595141413,0.0,1.0235243770514892,0.0,RUN,False,,
2024-02-12,3,1,2,0.3333333333333333,1673.0496918228891,-1986.4475832118042,0.0,0.0,106434.60206712918,-1.8321604426613791,0.0,0.0,-0.021722313324669274,0.0,1.0235243770514892,0.0,RUN,False,,
2024-02-13,3,1,2,0.3333333333333333,2414.107012391207,-4002.9276403586555,0.0,0.0,104845.78143916173,-3.6775150336732843,0.0,0.0,-0.03677515033673281,0.0,1.0235243770514892,0.0,RUN,False,,
2024-02-14,3,2,1,0.6666666666666666,5837.516612151725,590.8461521665886,0.0,0.0,106398.67543023328,0.5584143973068612,0.0,0.0,-0.03871065189161414,0.0,1.0235243770514892,0.0,RUN,False,,
2024-02-15,3,1,2,0.3333333333333333,2987.050746588837,-1616.1192959624896,0.0,0.0,107769.60688085963,-1.4774498944679748,0.0,0.0,-0.02632457852044684,0.0,1.0235243770514892,0.0,RUN,False,,
2024-02-16,3,1,2,0.3333333333333333,359.70699286367744,14.197593091244926,0.0,0.0,107513.67216282521,0.013207127893477555,0.0,0.0,-0.03188677012240544,0.0,1.0235243770514892,0.0,RUN,False,,
2024-02-17,3,1,2,0.3333333333333333,1227.1066845446621,72.43715841320227,0.0,0.0,107217.36836791436,0.06760670579140093,0.0,0.0,-0.04240058301992445,0.0,1.0235243770514892,0.0,RUN,False,,
2024-02-18,3,2,1,0.6666666666666666,547.0718510695879,15.465476423865766,0.0,0.0,107668.77900551677,0.014366001302579257,0.0,0.0,-0.02737526415969127,0.0,1.0235243770514892,0.0,RUN,False,,
2024-02-19,3,1,2,0.3333333333333333,447.5772595327726,-1181.960198164932,0.0,0.0,106251.67544551918,-1.1001770451900539,0.0,0.0,-0.04408253052836405,0.0,1.0235243770514892,0.0,RUN,False,,
2024-02-20,3,2,1,0.6666666666666666,1133.752352327865,-347.4879340128973,0.0,0.0,106378.06993777776,-0.3255901781561432,0.0,0.0,-0.03889681812281885,0.0,1.0235243770514892,0.0,RUN,False,,
2024-02-21,3,3,0,1.0,2170.9616119890416,1757.3290200523625,0.0,0.0,108549.0315497668,1.645567004199977,0.0,0.0,-0.03515973584194106,0.0,1.0235243770514892,0.0,RUN,False,,
2024-02-22,3,1,2,0.3333333333333333,2918.2680292165314,486.04855290033447,0.0,0.0,106510.07088291149,0.45843247805432696,0.0,0.0,-0.04209556277535415,0.0,1.0235243770514892,0.0,RUN,False,,
2024-02-23,3,2,1,0.6666666666666666,3685.98676910848,-404.98893490321643,0.0,0.0,108731.2821347534,-0.37108555289078193,0.0,0.0,-0.027210993455644105,0.0,1.0235243770514892,0.0,RUN,False,,
2024-02-24,3,2,1,0.6666666666666666,1767.2854141293064,-150.88160402677022,0.0,0.0,108823.5049868135,-0.13845602507795984,0.0,0.0,-0.030573483823851832,0.0,1.0235243770514892,0.0,RUN,False,,
2024-02-25,3,1,2,0.3333333333333333,463.41357749207236,34.01277660964115,0.0,0.0,107899.25247166459,0.03153265751394407,0.0,0.0,-0.029340101120183447,0.0,1.0235243770514892,0.0,RUN,False,,
2024-02-26,3,3,0,1.0,2625.630077355352,1922.3461765798274,0.0,0.0,110524.88254901994,1.7700748442811332,0.0,0.0,-0.0187992381461988,0.0,1.0235243770514892,0.0,RUN,False,,
2024-02-27,3,1,2,0.3333333333333333,387.26724964092136,374.03785313197295,0.0,0.0,109294.71543821074,0.34340389852955955,0.0,0.0,-0.015924900118331538,0.0,1.0235243770514892,0.0,RUN,False,,
2024-02-28,3,2,1,0.6666666666666666,4572.330573817235,4572.330573817235,0.0,0.0,113728.0415308726,4.188814798353624,0.0,0.0,-0.013801423712093367,0.0,1.0235243770514892,0.0,RUN,False,,
2024-02-29,3,1,2,0.3333333333333333,1362.80157448331,-3862.7153750326397,0.0,0.0,107403.15729257735,-3.47160839386208,0.0,0.0,-0.05561411375028639,0.0,1.0235243770514892,0.0,RUN,False,,
2024-03-01,3,1,2,0.3333333333333333,6937.658319194685,-5478.5648928796,0.0,0.0,108862.25071889244,-4.791434155482399,0.0,0.0,-0.04791434155482402,0.0,1.0235243770514892,0.0,RUN,False,,
2024-03-02,3,2,1,0.6666666666666666,2423.014740368395,-294.9089684783685,0.0,0.0,110462.41626658764,-0.2662658816041885,0.0,0.0,-0.0385368911862613,0.0,1.0235243770514892,0.0,RUN,False,,
2024-03-03,3,2,1,0.6666666666666666,3375.521387479035,3375.521387479035,0.0,0.0,112752.73317970583,3.086128574836211,0.0,0.0,-0.04341060358007636,0.0,1.0235243770514892,0.0,RUN,False,,
2024-03-04,3,1,2,0.3333333333333333,3004.4259246206057,-1590.6194499248522,0.0,0.0,109489.4577836966,-1.4319574576631688,0.0,0.0,-0.04242892445815259,0.0,1.0235243770514892,0.0,RUN,False,,
2024-03-05,3,2,1,0.6666666666666666,2882.176644195686,-4682.326054098972,0.0,0.0,105070.42529963728,-4.266249361720053,0.0,0.0,-0.08107682512613033,0.0,1.0235243770514892,0.0,RUN,False,,
2024-03-06,3,3,0,1.0,7958.539773908793,2724.026229809984,0.0,0.0,113028.96507354607,2.4695414895873125,0.0,0.0,-0.03529690379102411,0.0,1.0235243770514892,0.0,RUN,False,,
2024-03-07,3,1,2,0.3333333333333333,856.5349870907958,-1634.659163230288,0.0,0.0,112250.84089740658,-1.435353194533051,0.0,0.0,-0.01827846603317633,0.0,1.0235243770514892,0.0,RUN,False,,
2024-03-08,3,2,1,0.6666666666666666,1799.3275486933708,116.71733764257806,0.0,0.0,113554.74839516937,0.10289083524677167,0.0,0.0,-0.012228394538685357,0.0,1.0235243770514892,0.0,RUN,False,,
2024-03-09,3,0,3,0.0,0,-2336.5190627196134,0.0,0.0,110731.66994953567,-2.066468989316139,0.0,0.0,-0.03156480599623063,0.0,1.0235243770514892,0.0,RUN,False,,
2024-03-10,3,2,1,0.6666666666666666,3232.3458096183313,583.813411110139,0.0,0.0,113610.04826439696,0.5165291154464846,0.0,0.0,-0.014592761511406208,0.0,1.0235243770514892,0.0,RUN,False,,
2024-03-11,3,2,1,0.6666666666666666,4779.85474986551,4779.85474986551,0.0,0.0,113641.25898645785,4.390770800160992,0.0,0.0,-0.0479217447056199,0.0,1.0235243770514892,0.0,RUN,False,,
2024-03-12,3,0,3,0.0,0,-2900.0713725743117,0.0,0.0,109016.59779015018,-2.591277415840232,0.0,0.0,-0.04656445551079051,0.0,1.0235243770514892,0.0,RUN,False,,
2024-03-13,3,2,1,0.6666666666666666,5917.098616162257,2139.765706285747,0.0,0.0,114577.6319961896,1.9030650232802149,0.0,0.0,-0.016642782471741172,0.0,1.0235243770514892,0.0,RUN,False,,
2024-03-14,3,1,2,0.3333333333333333,1408.4054972096346,1356.4627348422218,0.0,0.0,115736.18416864908,1.1859293918871971,0.0,0.0,-0.0052718893920452375,0.0,1.0235243770514892,0.0,RUN,False,,
2024-03-15,3,2,1,0.6666666666666666,6143.949727457308,-2389.4990855181095,0.0,0.0,113376.93248927798,-2.064069050944417,0.0,0.0,-0.0734513562451351,0.0,1.0235243770514892,0.0,RUN,False,,
2024-03-16,3,1,2,0.3333333333333333,107.28446882549906,-685.879501438656,0.0,0.0,112798.33745666483,-0.6043831643054554,0.0,0.0,-0.02563864220185103,0.0,1.0235243770514892,0.0,RUN,False,,
2024-03-17,3,2,1,0.6666666666666666,5569.057669238231,-790.9416356077272,0.0,0.0,113079.60520169152,-0.694597204962788,0.0,0.0,-0.04467268979423861,0.0,1.0235243770514892,0.0,RUN,False,,
2024-03-18,3,1,2,0.3333333333333333,3574.257460262321,2298.805577813022,0.0,0.0,112139.7744705494,2.0928489624466806,0.0,0.0,-0.07203357161064021,0.0,1.0235243770514892,0.0,RUN,False,,
2024-03-19,3,1,2,0.3333333333333333,9490.303725685619,4442.6625286088965,0.0,0.0,116353.26136755281,3.969831789572087,0.0,0.0,-0.09719262193612538,0.0,1.0235243770514892,0.0,RUN,False,,
2024-03-20,3,1,2,0.3333333333333333,3536.7913010359334,-7973.698707238451,0.0,0.0,111916.3539613503,-6.6508426093364825,0.0,0.0,-0.06650842609336483,0.0,1.0235243770514892,0.0,RUN,False,,
2024-03-21,3,3,0,1.0,4023.219712389415,1073.340296647104,0.0,0.0,115939.57367373971,0.9344263018736365,0.0,0.0,-0.041903553961924175,0.0,1.0235243770514892,0.0,RUN,False,,
2024-03-22,3,0,3,0.0,0,-1972.3279580164672,0.0,0.0,112936.61628177654,-1.7164268378452752,0.0,0.0,-0.05799844300705696,0.0,1.0235243770514892,0.0,RUN,False,,
2024-03-23,3,3,0,1.0,2752.0015668113774,1966.6746564094647,0.0,0.0,115688.61784858792,1.7293713079506334,0.0,0.0,-0.05144805043551655,0.0,1.0235243770514892,0.0,RUN,False,,
2024-03-24,3,1,2,0.3333333333333333,1581.2560638828872,-4090.0956223863323,0.0,0.0,113179.77829008448,-3.4877632983891016,0.0,0.0,-0.05597023463700892,0.0,1.0235243770514892,0.0,RUN,False,,
2024-03-25,3,2,1,0.6666666666666666,3062.6972882102273,3062.6972882102273,0.0,0.0,115964.7267349623,2.712703485684176,0.0,0.0,-0.05828693095292582,0.0,1.0235243770514892,0.0,RUN,False,,
2024-03-26,3,1,2,0.3333333333333333,559.908410774442,-2224.6590040208685,0.0,0.0,113047.38521683551,-1.9299206664180613,0.0,0.0,-0.05707452202617991,0.0,1.0235243770514892,0.0,RUN,False,,
2024-03-27,3,2,1,0.6666666666666666,6412.233768235397,-439.4850529481773,0.0,0.0,116638.8204709275,-0.37537701880947516,0.0,0.0,-0.046980925718887435,0.0,1.0235243770514892,0.0,RUN,False,,
2024-03-28,3,0,3,0.0,0,-1955.8967599821335,0.0,0.0,114044.49227470507,-1.6861122417419327,0.0,0.0,-0.04875767641909805,0.0,1.0235243770514892,0.0,RUN,False,,
2024-03-29,3,2,1,0.6666666666666666,2775.1034481397655,326.1052408485848,0.0,0.0,115632.59513506848,0.2828160332933205,0.0,0.0,-0.03823138510948164,0.0,1.0235243770514892,0.0,RUN,False,,
2024-03-30,3,2,1,0.6666666666666666,1933.7953709958529,-23.79613771502045,0.0,0.0,116712.63313477465,-0.020384500248393778,0.0,0.0,-0.0334254650672841,0.0,1.0235243770514892,0.0,RUN,False,,
2024-03-31,3,2,1,0.6666666666666666,843.9737641817192,-335.9751567616913,0.0,0.0,116652.7028897196,-0.28718604430096883,0.0,0.0,-0.03173973608855711,0.0,1.0235243770514892,0.0,RUN,False,,
2024-04-01,3,1,2,0.3333333333333333,1805.0150363873981,1670.994138929993,0.0,0.0,117413.72859161279,1.443714067091717,0.0,0.0,-0.03571054493735383,0.0,1.0235243770514892,0.0,RUN,False,,
2024-04-02,3,1,2,0.3333333333333333,3830.80173288846,3799.7431730851094,0.0,0.0,118946.5939457973,3.299910633757075,0.0,0.0,-0.039821989809924935,0.0,1.0235243770514892,0.0,RUN,False,,
2024-04-03,3,1,2,0.3333333333333333,1776.2633547108417,1083.4088709310454,0.0,0.0,117584.74336426493,0.9299540435676601,0.0,0.0,-0.02826521550225918,0.0,1.0235243770514892,0.0,RUN,False,,
2024-04-04,3,1,2,0.3333333333333333,493.01637906819815,-730.5216540398833,0.0,0.0,117347.23808929324,-0.6186784502245191,0.0,0.0,-0.02120955427657196,0.0,1.0235243770514892,0.0,RUN,False,,
2024-04-05,3,1,2,0.3333333333333333,6.140485476658796,-1408.486661739109,0.0,0.0,115944.89191303079,-1.2002097245472299,0.0,0.0,-0.03290648946884305,0.0,1.0235243770514892,0.0,RUN,False,,
2024-04-06,3,1,2,0.3333333333333333,1580.2824095537508,-167.39746874614502,0.0,0.0,117357.7768538384,-0.14243541412384264,0.0,0.0,-0.021121650698997532,0.0,1.0235243770514892,0.0,RUN,False,,
2024-04-07,3,2,1,0.6666666666666666,1422.2107586456113,1422.2107586456113,0.0,0.0,118450.46847640106,1.2152712399390309,0.0,0.0,-0.02387016176182804,0.0,1.0235243770514892,0.0,RUN,False,,
2024-04-08,3,1,2,0.3333333333333333,5849.841310114745,1444.8177819364937,0.0,0.0,117420.43672577762,1.2457944135966459,0.0,0.0,-0.036158480493285995,0.0,1.0235243770514892,0.0,RUN,False,,
2024-04-09,3,1,2,0.3333333333333333,270.62863172995276,-89.36403518624138,0.0,0.0,116565.16609593331,-0.07660571354219936,0.0,0.0,-0.04317893933712226,0.0,1.0235243770514892,0.0,RUN,False,,
2024-04-10,3,2,1,0.6666666666666666,5347.488402670933,3265.244625171763,0.0,0.0,120490.12369495508,2.785453609406563,0.0,0.0,-0.04944050262782516,0.0,1.0235243770514892,0.0,RUN,False,,
2024-04-11,3,1,2,0.3333333333333333,1655.7083132593834,994.0797345524625,0.0,0.0,117594.74300380515,0.8525506688216167,0.0,0.0,-0.04288756204008284,0.0,1.0235243770514892,0.0,RUN,False,,
2024-04-12,3,1,2,0.3333333333333333,946.9605236816133,-2371.9644208549435,0.0,0.0,116169.73910663182,-2.0009535465339012,0.0,0.0,-0.046424787852508,0.0,1.0235243770514892,0.0,RUN,False,,
2024-04-13,3,2,1,0.6666666666666666,542.3361387469631,-1303.5606531499507,0.0,0.0,115344.97596676703,-1.1175113644137924,0.0,0.0,-0.0531948270392716,0.0,1.0235243770514892,0.0,RUN,False,,
2024-04-14,3,3,0,1.0,3841.820993785688,2801.3810684461205,0.0,0.0,119186.79696055272,2.4069863453021423,0.0,0.0,-0.04465441255472396,0.0,1.0235243770514892,0.0,RUN,False,,
2024-04-15,3,1,2,0.3333333333333333,2305.9048778523866,-273.38408372520644,0.0,0.0,115294.02610696178,-0.23655811207858868,0.0,0.0,-0.05361304716911175,0.0,1.0235243770514892,0.0,RUN,False,,
2024-04-16,3,2,1,0.6666666666666666,7173.286492711981,5496.251396115185,0.0,0.0,122296.75762482289,4.705674293357043,0.0,0.0,-0.04264715264993501,0.0,1.0235243770514892,0.0,RUN,False,,
2024-04-17,3,1,2,0.3333333333333333,103.72962982795434,-1279.8662617255031,0.0,0.0,117689.75099881232,-1.0757925352677722,0.0,0.0,-0.03851889737166974,0.0,1.0235243770514892,0.0,RUN,False,,
2024-04-18,3,2,1,0.6666666666666666,1048.8881699172343,-538.2818069433415,0.0,0.0,118079.62089186691,-0.45379474320172974,0.0,0.0,-0.034482817164238615,0.0,1.0235243770514892,0.0,RUN,False,,
2024-04-19,3,1,2,0.3333333333333333,4261.645442602254,2161.9636484821967,0.0,0.0,116997.83069095683,1.8826553969262472,0.0,0.0,-0.06100644634616129,0.0,1.0235243770514892,0.0,RUN,False,,
2024-04-20,3,2,1,0.6666666666666666,1616.2714145797217,1616.2714145797217,0.0,0.0,117848.98287819921,1.390547802100972,0.0,0.0,-0.04958468465538912,0.0,1.0235243770514892,0.0,RUN,False,,
2024-04-21,3,1,2,0.3333333333333333,1578.0680300251552,-191.84547895746073,0.0,0.0,116087.50414443409,-0.16498671481979255,0.0,0.0,-0.05077202046056934,0.0,1.0235243770514892,0.0,RUN,False,,
2024-04-22,3,2,1,0.6666666666666666,2759.655804392067,97.29440120814252,0.0,0.0,118299.29419182974,0.08231197558457026,0.0,0.0,-0.03796195157879945,0.0,1.0235243770514892,0.0,RUN,False,,
2024-04-23,3,2,1,0.6666666666666666,1196.1501215011376,-821.2666692217317,0.0,0.0,118664.7546852828,-0.6873328443878002,0.0,0.0,-0.029775326583370825,0.0,1.0235243770514892,0.0,RUN,False,,
2024-04-24,3,2,1,0.6666666666666666,1288.8747172374715,-1069.0730299323477,0.0,0.0,118366.92232788262,-0.8951012018860283,0.0,0.0,-0.03636620813193858,0.0,1.0235243770514892,0.0,RUN,False,,
2024-04-25,3,2,1,0.6666666666666666,1360.3423260342533,-373.46617546079506,0.0,0.0,118766.00573210811,-0.3134697254244534,0.0,0.0,-0.03367664620919431,0.0,1.0235243770514892,0.0,RUN,False,,
2024-04-26,3,1,2,0.3333333333333333,1915.859372424442,1277.747268258623,0.0,0.0,118185.24101806458,1.0929558296691733,0.0,0.0,-0.044067103492227463,0.0,1.0235243770514892,0.0,RUN,False,,
2024-04-27,3,2,1,0.6666666666666666,2058.8223462155584,2058.8223462155584,0.0,0.0,118383.02815203455,1.7699001957102167,0.0,0.0,-0.048836550821128526,0.0,1.0235243770514892,0.0,RUN,False,,
2024-04-28,3,2,1,0.6666666666666666,1449.0821254596522,-44.02268727697083,0.0,0.0,118634.13833311462,-0.03709417714132801,0.0,0.0,-0.03938427021578895,0.0,1.0235243770514892,0.0,RUN,False,,
2024-04-29,3,1,2,0.3333333333333333,341.72314122278476,-2893.5976332369755,0.0,0.0,116082.26384110043,-2.432087986066911,0.0,0.0,-0.0508148695387905,0.0,1.0235243770514892,0.0,RUN,False,,
2024-04-30,3,2,1,0.6666666666666666,7826.545561642211,-3810.050820658187,0.0,0.0,116478.51019725435,-3.167425720630923,0.0,0.0,-0.07717699140768461,0.0,1.0235243770514892,0.0,RUN,False,,
2024-05-01,3,3,0,1.0,2814.485878089079,2623.7638061561593,0.0,0.0,119292.99607534343,2.248890950188498,0.0,0.0,-0.046015327510967347,0.0,1.0235243770514892,0.0,RUN,False,,
2024-05-02,3,1,2,0.3333333333333333,4471.169135661301,1729.8661967006483,0.0,0.0,117293.51236984684,1.4968947882700423,0.0,0.0,-0.05505551890698745,0.0,1.0235243770514892,0.0,RUN,False,,
2024-05-03,3,2,1,0.6666666666666666,1308.6209814978065,-352.3236062039214,0.0,0.0,118054.73245055092,-0.2975528806619776,0.0,0.0,-0.0346863257592281,0.0,1.0235243770514892,0.0,RUN,False,,
2024-05-04,3,2,1,0.6666666666666666,1284.4430172124703,-354.84537689504214,0.0,0.0,118814.3614200063,-0.2977659971336366,0.0,0.0,-0.028474967549832687,0.0,1.0235243770514892,0.0,RUN,False,,
2024-05-05,3,1,2,0.3333333333333333,2150.905327839442,494.02785394655075,0.0,0.0,117931.83845792741,0.42067188702323843,0.0,0.0,-0.039730791847712825,0.0,1.0235243770514892,0.0,RUN,False,,
2024-05-06,3,2,1,0.6666666666666666,3976.234447366718,-2845.496791903017,0.0,0.0,116686.24989765669,-2.3805364438396093,0.0,0.0,-0.04587617722767347,0.0,1.0235243770514892,0.0,RUN,False,,
2024-05-07,3,2,1,0.6666666666666666,4698.195810573059,-807.7734951041493,0.0,0.0,118611.55531560896,-0.6764177149115591,0.0,0.0,-0.030133278925670658,0.0,1.0235243770514892,0.0,RUN,False,,
2024-05-08,3,2,1,0.6666666666666666,1185.0116406359011,-620.1583330053836,0.0,0.0,119030.08265689647,-0.518309305417719,0.0,0.0,-0.02790753410437661,0.0,1.0235243770514892,0.0,RUN,False,,
2024-05-09,3,1,2,0.3333333333333333,637.1868711056886,-1760.682909376992,0.0,0.0,117906.58661862517,-1.471315353247027,0.0,0.0,-0.035897689288425065,0.0,1.0235243770514892,0.0,RUN,False,,
2024-05-10,3,3,0,1.0,1450.755626568338,1425.8372371177538,0.0,0.0,119357.3422451935,1.209038447376809,0.0,0.0,-0.03569393581258045,0.0,1.0235243770514892,0.0,RUN,False,,
2024-05-11,3,1,2,0.3333333333333333,1371.2091688614746,-21.504990507339244,0.0,0.0,118740.96322624342,-0.018107564477432003,0.0,0.0,-0.040287278772801235,0.0,1.0235243770514892,0.0,RUN,False,,
2024-05-12,3,2,1,0.6666666666666666,767.6034020648221,-800.6878058805014,0.0,0.0,118337.44565765136,-0.672066770397739,0.0,0.0,-0.03237462745592769,0.0,1.0235243770514892,0.0,RUN,False,,
2024-05-13,3,3,0,1.0,2026.0182938447251,681.985719970733,0.0,0.0,120363.46395149609,0.5698339710104694,0.0,0.0,-0.021384699350088927,0.0,1.0235243770514892,0.0,RUN,False,,
2024-05-14,3,2,1,0.6666666666666666,247.09001908615755,247.09001908615755,0.0,0.0,118429.63901035779,0.20907487712453765,0.0,0.0,-0.033641191422038044,0.0,1.0235243770514892,0.0,RUN,False,,
2024-05-15,3,2,1,0.6666666666666666,1089.2644636177574,1089.2644636177574,0.0,0.0,119342.49941173838,0.9211286812539576,0.0,0.0,-0.03306320425196248,0.0,1.0235243770514892,0.0,RUN,False,,
2024-05-16,3,1,2,0.3333333333333333,431.05682442936813,-2776.430856175357,0.0,0.0,116997.12537999239,-2.318066644611294,0.0,0.0,-0.04333420074053394,0.0,1.0235243770514892,0.0,RUN,False,,
2024-05-17,3,1,2,0.3333333333333333,3591.1413271028723,-2805.5002856326173,0.0,0.0,117782.76642146264,-2.3265118259366613,0.0,0.0,-0.036910146197073244,0.0,1.0235243770514892,0.0,RUN,False,,
2024-05-18,3,2,1,0.6666666666666666,2043.691634705232,-924.5311338056199,0.0,0.0,118352.59540761106,-0.7751118429941362,0.0,0.0,-0.032250750500774236,0.0,1.0235243770514892,0.0,RUN,False,,
2024-05-19,3,2,1,0.6666666666666666,753.5225372373388,-741.4731992345914,0.0,0.0,118311.53443191978,-0.6228092964537191,0.0,0.0,-0.03302077328154346,0.0,1.0235243770514892,0.0,RUN,False,,
2024-05-20,3,2,1,0.6666666666666666,2793.2568307960464,928.9207723719446,0.0,0.0,120480.1937821128,0.7770061739921896,0.0,0.0,-0.027556593986110975,0.0,1.0235243770514892,0.0,RUN,False,,
2024-05-21,3,1,2,0.3333333333333333,39.22568819092703,-415.63856371381553,0.0,0.0,118569.40086498988,-0.3493200201550306,0.0,0.0,-0.030477968772219196,0.0,1.0235243770514892,0.0,RUN,False,,
2024-05-22,3,2,1,0.6666666666666666,1308.1680681000435,33.92089843626309,0.0,0.0,118690.965670361,0.02858734473074609,0.0,0.0,-0.029761319298945942,0.0,1.0235243770514892,0.0,RUN,False,,
2024-05-23,3,1,2,0.3333333333333333,1093.5785745534959,-1002.3569920950977,0.0,0.0,118782.18725281939,-0.8367999381002411,0.0,0.0,-0.028738050298809666,0.0,1.0235243770514892,0.0,RUN,False,,
2024-05-24,3,1,2,0.3333333333333333,26.501523434199044,-757.3028203209396,0.0,0.0,118051.38595593265,-0.6374136674019981,0.0,0.0,-0.034713689482382,0.0,1.0235243770514892,0.0,RUN,False,,
2024-05-25,3,2,1,0.6666666666666666,1064.4199224300974,820.2742455149273,0.0,0.0,119052.65548768736,0.6937813794300363,0.0,0.0,-0.0332337214950456,0.0,1.0235243770514892,0.0,RUN,False,,
2024-05-26,3,2,1,0.6666666666666666,1094.6577493844088,1094.6577493844088,0.0,0.0,119807.98712912574,0.922101801965991,0.0,0.0,-0.029301089535624894,0.0,1.0235243770514892,0.0,RUN,False,,
2024-05-27,3,1,2,0.3333333333333333,935.0206043970538,-1803.8056491266034,0.0,0.0,118939.2020843962,-1.4939214145696655,0.0,0.0,-0.02745416645244895,0.0,1.0235243770514892,0.0,RUN,False,,
2024-05-28,3,1,2,0.3333333333333333,2072.0607228692097,-1320.7268153270998,0.0,0.0,117510.97538169609,-1.1114263205094344,0.0,0.0,-0.0391325357766919,0.0,1.0235243770514892,0.0,RUN,False,,
2024-05-29,3,2,1,0.6666666666666666,4529.348041445861,1406.8407719380339,0.0,0.0,120837.86766879582,1.1779525040448657,0.0,0.0,-0.033264876038590054,0.0,1.0235243770514892,0.0,RUN,False,,
2024-05-30,3,2,1,0.6666666666666666,1326.7363992702303,1326.7363992702303,0.0,0.0,120408.69882341627,1.1141371642370723,0.0,0.0,-0.026286839186195492,0.0,1.0235243770514892,0.0,RUN,False,,
2024-05-31,3,2,1,0.6666666666666666,540.9482716040511,540.9482716040511,0.0,0.0,120107.73781073008,0.45242351466419084,0.0,0.0,-0.02232248948146074,0.0,1.0235243770514892,0.0,RUN,False,,
2024-06-01,3,2,1,0.6666666666666666,198.9555450341577,-590.8822196896799,0.0,0.0,119609.28529101604,-0.4915818604304789,0.0,0.0,-0.021975008871873477,0.0,1.0235243770514892,0.0,RUN,False,,
2024-06-02,3,1,2,0.3333333333333333,762.9047446410259,-1183.3097432067152,0.0,0.0,119188.88029245035,-0.9830424642570557,0.0,0.0,-0.02541258977532957,0.0,1.0235243770514892,0.0,RUN,False,,
2024-06-03,3,2,1,0.6666666666666666,1067.683743367612,-824.8765383671853,0.0,0.0,118563.01256654509,-0.690921453215676,0.0,0.0,-0.030530204813213696,0.0,1.0235243770514892,0.0,RUN,False,,
2024-06-04,3,2,1,0.6666666666666666,3080.9231846378098,879.4430123891361,0.0,0.0,120894.78634920517,0.732775483482162,0.0,0.0,-0.024780409136288203,0.0,1.0235243770514892,0.0,RUN,False,,
2024-06-05,3,0,3,0.0,0,-1165.8559771747678,0.0,0.0,119190.77375764762,-0.9686678496593437,0.0,0.0,-0.025397107229152217,0.0,1.0235243770514892,0.0,RUN,False,,
2024-06-06,3,2,1,0.6666666666666666,738.9708799897053,-909.3331712807994,0.0,0.0,118921.95035147856,-0.7588445559027046,0.0,0.0,-0.027595230968407398,0.0,1.0235243770514892,0.0,RUN,False,,
2024-06-07,3,1,2,0.3333333333333333,1171.6484192123899,-1071.6972200193413,0.0,0.0,119021.90155067161,-0.8923849655514626,0.0,0.0,-0.026777946838114467,0.0,1.0235243770514892,0.0,RUN,False,,
2024-06-08,3,2,1,0.6666666666666666,1733.8950301729346,-312.94167041596666,0.0,0.0,119934.82070489867,-0.26024739607146685,0.0,0.0,-0.023467270769831163,0.0,1.0235243770514892,0.0,RUN,False,,
2024-06-09,3,2,1,0.6666666666666666,631.526455272513,2.8942670065298444,0.0,0.0,120366.89721375213,0.00240459517435454,0.0,0.0,-0.015803809648057148,0.0,1.0235243770514892,0.0,RUN,False,,
2024-06-10,3,1,2,0.3333333333333333,1896.4396129834931,450.1677268126805,0.0,0.0,120084.81786674118,0.37628540417524725,0.0,0.0,-0.02176760477216485,0.0,1.0235243770514892,0.0,RUN,False,,
2024-06-11,3,3,0,1.0,758.7238563928695,716.1691747135192,0.0,0.0,120843.54172313405,0.5961748430191038,0.0,0.0,-0.01773869658145398,0.0,1.0235243770514892,0.0,RUN,False,,
2024-06-12,3,2,1,0.6666666666666666,581.818261709981,581.818261709981,0.0,0.0,120393.73007714051,0.4856096968106627,0.0,0.0,-0.020318165891325308,0.0,1.0235243770514892,0.0,RUN,False,,
2024-06-13,3,1,2,0.3333333333333333,1762.7226661888562,1659.2430950327253,0.0,0.0,122011.77140708108,1.3786524623152552,0.0,0.0,-0.01674377083824697,0.0,1.0235243770514892,0.0,RUN,False,,
2024-06-14,3,1,2,0.3333333333333333,815.8179886479338,-3215.3523064028122,0.0,0.0,117376.9833920123,-2.6662990543975917,0.0,0.0,-0.040228165720494966,0.0,1.0235243770514892,0.0,RUN,False,,
2024-06-15,3,1,2,0.3333333333333333,3934.230148054514,-843.4467369118065,0.0,0.0,120467.76680315501,-0.695275162368425,0.0,0.0,-0.014955350061518222,0.0,1.0235243770514892,0.0,RUN,False,,
2024-06-16,3,2,1,0.6666666666666666,532.686242292606,532.686242292606,0.0,0.0,120688.1418925613,0.44333088282155764,0.0,0.0,-0.017509065785073368,0.0,1.0235243770514892,0.0,RUN,False,,
2024-06-17,3,2,1,0.6666666666666666,2678.4106598493527,2678.4106598493527,0.0,0.0,122954.27597017887,2.226889536765042,0.0,0.0,-0.016524496264185333,0.0,1.0235243770514892,0.0,RUN,False,,
2024-06-18,3,1,2,0.3333333333333333,3402.842561993879,1679.975735340442,0.0,0.0,120279.49142478993,1.4165114634526965,0.0,0.0,-0.03541772131443061,0.0,1.0235243770514892,0.0,RUN,False,,
2024-06-19,3,2,1,0.6666666666666666,2425.4399211875134,-97.84763043548446,0.0,0.0,121304.15743052309,-0.08059803492236339,0.0,0.0,-0.024017422748200148,0.0,1.0235243770514892,0.0,RUN,False,,
2024-06-20,3,1,2,0.3333333333333333,594.0103515466471,279.0096904078382,0.0,0.0,121293.29602939817,0.23055929911139916,0.0,0.0,-0.018340072149050507,0.0,1.0235243770514892,0.0,RUN,False,,
2024-06-21,3,1,2,0.3333333333333333,1154.7072076726909,196.6320840136177,0.0,0.0,120637.75606932587,0.16325992111929644,0.0,0.0,-0.028231853517380723,0.0,1.0235243770514892,0.0,RUN,False,,
2024-06-22,3,2,1,0.6666666666666666,1155.0793264502863,1155.0793264502863,0.0,0.0,121280.89681640823,0.9615579319964596,0.0,0.0,-0.023004148964342955,0.0,1.0235243770514892,0.0,RUN,False,,
2024-06-23,3,1,2,0.3333333333333333,733.4222166285181,-1747.0021298347274,0.0,0.0,120267.31690320202,-1.4318009096634832,0.0,0.0,-0.02185331942118501,0.0,1.0235243770514892,0.0,RUN,False,,
2024-06-24,3,2,1,0.6666666666666666,1892.337669652421,-1049.2176730354113,0.0,0.0,120151.73171165034,-0.865684368284314,0.0,0.0,-0.02279338588605295,0.0,1.0235243770514892,0.0,RUN,False,,
2024-06-25,3,1,2,0.3333333333333333,1009.9623120494944,-2066.8369617038115,0.0,0.0,119094.85706199602,-1.7058501685355498,0.0,0.0,-0.03138905806837421,0.0,1.0235243770514892,0.0,RUN,False,,
2024-06-26,3,2,1,0.6666666666666666,2485.4799215738167,-492.0581269964314,0.0,0.0,120489.3895489665,-0.40672196973072783,0.0,0.0,-0.024918008785333855,0.0,1.0235243770514892,0.0,RUN,False,,
2024-06-27,3,2,1,0.6666666666666666,1124.5913980567275,93.6764204010542,0.0,0.0,121459.26455775657,0.07718532232960928,0.0,0.0,-0.012920964482834868,0.0,1.0235243770514892,0.0,RUN,False,,
2024-06-28,3,1,2,0.3333333333333333,1690.2060483419482,1048.181256577809,0.0,0.0,121013.1055942974,0.8737397721579221,0.0,0.0,-0.024312709817300788,0.0,1.0235243770514892,0.0,RUN,False,,
2024-06-29,3,1,2,0.3333333333333333,1387.6530130641913,-1479.0492157526896,0.0,0.0,120921.7093916089,-1.2083660531036378,0.0,0.0,-0.016531076796897595,0.0,1.0235243770514892,0.0,RUN,False,,
2024-06-30,3,1,2,0.3333333333333333,928.9809460243414,-902.3917000378278,0.0,0.0,120948.29863759542,-0.7405716763174808,0.0,0.0,-0.016314823675347253,0.0,1.0235243770514892,0.0,RUN,False,,
2024-07-01,3,2,1,0.6666666666666666,1868.4373914905154,-1176.1680124494305,0.0,0.0,121130.00794152518,-0.9616587251424114,0.0,0.0,-0.01898940142863597,0.0,1.0235243770514892,0.0,RUN,False,,
2024-07-02,3,1,2,0.3333333333333333,780.919701979481,-82.98940231144661,0.0,0.0,121827.93824119322,-0.06807380102473726,0.0,0.0,-0.009160622679432785,0.0,1.0235243770514892,0.0,RUN,False,,
2024-07-03,3,1,2,0.3333333333333333,1752.0730035828165,1248.9723976789828,0.0,0.0,122630.08036401872,1.0289677023094468,0.0,0.0,-0.01688650999210913,0.0,1.0235243770514892,0.0,RUN,False,,
2024-07-04,3,1,2,0.3333333333333333,637.2674845768779,-527.6716521408816,0.0,0.0,121898.54570265317,-0.43101197075433584,0.0,0.0,-0.013769327977769585,0.0,1.0235243770514892,0.0,RUN,False,,
2024-07-05,3,2,1,0.6666666666666666,3894.360044978617,-2614.229595484212,0.0,0.0,120844.1802710682,-2.117498190937306,0.0,0.0,-0.040084150459354866,0.0,1.0235243770514892,0.0,RUN,False,,
2024-07-06,3,2,1,0.6666666666666666,3021.1877921464475,1176.493917936983,0.0,0.0,123420.99215145799,0.9624105255760185,0.0,0.0,-0.013431952886648325,0.0,1.0235243770514892,0.0,RUN,False,,
2024-07-07,3,2,1,0.6666666666666666,3082.418711104663,3082.418711104663,0.0,0.0,123233.50853924586,2.5654521448899237,0.0,0.0,-0.026788940842394884,0.0,1.0235243770514892,0.0,RUN,False,,
2024-07-08,3,1,2,0.3333333333333333,12180.877522746145,2972.3101788954373,0.0,0.0,121557.38860238399,2.5064790768032363,0.0,0.0,-0.0704202196758067,0.0,1.0235243770514892,0.0,RUN,False,,
2024-07-09,3,2,1,0.6666666666666666,2323.3748679329,2323.3748679329,0.0,0.0,123319.39240604585,1.920207718573086,0.0,0.0,-0.07471316473332493,0.0,1.0235243770514892,0.0,RUN,False,,
2024-07-10,3,2,1,0.6666666666666666,2530.4804120827175,2530.4804120827175,0.0,0.0,121955.44537691533,2.1188872969968076,0.0,0.0,-0.0867273970456424,0.0,1.0235243770514892,0.0,RUN,False,,
2024-07-11,3,2,1,0.6666666666666666,632.9543303339888,632.9543303339888,0.0,0.0,122352.13584681653,0.5200119836890948,0.0,0.0,-0.06918294875978118,0.0,1.0235243770514892,0.0,RUN,False,,
2024-07-12,3,1,2,0.3333333333333333,927.2331600050238,132.7300905819866,0.0,0.0,121865.76173971962,0.10903375097446322,0.0,0.0,-0.06907703332823885,0.0,1.0235243770514892,0.0,RUN,False,,
2024-07-13,3,1,2,0.3333333333333333,195.02139557737974,-334.82469194059377,0.0,0.0,121404.39588168768,-0.2750343647371145,0.0,0.0,-0.07308157074195706,0.0,1.0235243770514892,0.0,RUN,False,,
2024-07-14,3,1,2,0.3333333333333333,2955.672576422192,-2246.8612232692685,0.0,0.0,122113.2072348406,-1.8067384901980121,0.0,0.0,-0.06616973545432363,0.0,1.0235243770514892,0.0,RUN,False,,
2024-07-15,3,2,1,0.6666666666666666,3796.642367684268,-1064.2638061728067,0.0,0.0,123369.06891378459,-0.8552883563506031,0.0,0.0,-0.06785714103345018,0.0,1.0235243770514892,0.0,RUN,False,,
2024-07-16,3,1,2,0.3333333333333333,783.9910720346816,394.4150228752551,0.0,0.0,121571.43774568387,0.3254866426100289,0.0,0.0,-0.07332897277460071,0.0,1.0235243770514892,0.0,RUN,False,,
2024-07-17,3,1,2,0.3333333333333333,1735.57106160259,-3272.715128230295,0.0,0.0,120034.29367905617,-2.6541193074800296,0.0,0.0,-0.08206770783361171,0.0,1.0235243770514892,0.0,RUN,False,,
2024-07-18,3,2,1,0.6666666666666666,4398.030701033902,-306.68487656404614,0.0,0.0,123708.62275750123,-0.24729598499968475,0.0,0.0,-0.05715822501868441,0.0,1.0235243770514892,0.0,RUN,False,,
2024-07-19,3,2,1,0.6666666666666666,2643.3735685706924,2643.3735685706924,0.0,0.0,123545.20833817429,2.1863800277374112,0.0,0.0,-0.07543340394105942,0.0,1.0235243770514892,0.0,RUN,False,,
2024-07-20,3,2,1,0.6666666666666666,544.9737172318128,544.9737172318128,0.0,0.0,122316.70454434108,0.4475371365177949,0.0,0.0,-0.06878109102665428,0.0,1.0235243770514892,0.0,RUN,False,,
2024-07-21,3,2,1,0.6666666666666666,1816.061594240542,1816.061594240542,0.0,0.0,123610.29070716749,1.4910900191803744,0.0,0.0,-0.06860904100296975,0.0,1.0235243770514892,0.0,RUN,False,,
2024-07-22,3,1,2,0.3333333333333333,297.8959683376015,62.014323518727906,0.0,0.0,121985.77256424494,0.05086319878384593,0.0,0.0,-0.06942234532403735,0.0,1.0235243770514892,0.0,RUN,False,,
2024-07-23,3,2,1,0.6666666666666666,2458.5698867462925,-4155.1843791429565,0.0,0.0,118685.56574371037,-3.382578155040039,0.0,0.0,-0.09238176798471358,0.0,1.0235243770514892,0.0,RUN,False,,
2024-07-24,3,2,1,0.6666666666666666,5292.0133327146905,2637.7664753852005,0.0,0.0,123775.37106937397,2.1774959841958985,0.0,0.0,-0.07363041307329782,0.0,1.0235243770514892,0.0,RUN,False,,
2024-07-25,3,1,2,0.3333333333333333,608.1624334865628,450.56082325294847,0.0,0.0,122990.2925913936,0.3676854982067823,0.0,0.0,-0.06290799557551742,0.0,1.0235243770514892,0.0,RUN,False,,
2024-07-26,3,1,2,0.3333333333333333,891.0613651872845,-1844.859005142309,0.0,0.0,122036.49495143858,-1.489214434796149,0.0,0.0,-0.06675637348902409,0.0,1.0235243770514892,0.0,RUN,False,,
2024-07-27,3,1,2,0.3333333333333333,949.9748399861128,1.9064871885784669,0.0,0.0,121956.46215065525,0.0015632767289552874,0.0,0.0,-0.06738298373615599,0.0,1.0235243770514892,0.0,RUN,False,,
2024-07-28,3,1,2,0.3333333333333333,962.3059858595225,-536.985610878648,0.0,0.0,122381.78252563612,-0.4368621806250639,0.0,0.0,-0.0641158729726702,0.0,1.0235243770514892,0.0,RUN,False,,
2024-07-29,3,1,2,0.3333333333333333,2191.665472733439,-4619.322947028326,0.0,0.0,119954.12505134124,-3.7081119783156202,0.0,0.0,-0.08268077739850588,0.0,1.0235243770514892,0.0,RUN,False,,
2024-07-30,3,2,1,0.6666666666666666,2909.516084009374,-853.998768518999,0.0,0.0,121971.90591392106,-0.6952920645909133,0.0,0.0,-0.06753888212965338,0.0,1.0235243770514892,0.0,RUN,False,,
2024-07-31,3,1,2,0.3333333333333333,1584.1221266055509,-1031.1197962705482,0.0,0.0,122524.90824425606,-0.8345362121323086,0.0,0.0,-0.06302135477346257,0.0,1.0235243770514892,0.0,RUN,False,,
2024-08-01,3,2,1,0.6666666666666666,1265.3145744780195,-501.89637225664046,0.0,0.0,122439.27989374999,-0.4082410690220639,0.0,0.0,-0.06367617620528293,0.0,1.0235243770514892,0.0,RUN,False,,
2024-08-02,3,1,2,0.3333333333333333,2244.6771962998027,-572.0926785690681,0.0,0.0,121457.14757644536,-0.4688160619319759,0.0,0.0,-0.07118678789467735,0.0,1.0235243770514892,0.0,RUN,False,,
2024-08-03,3,2,1,0.6666666666666666,1514.1734889353102,1514.1734889353102,0.0,0.0,122620.5684000827,1.2502836782865456,0.0,0.0,-0.07386908133076239,0.0,1.0235243770514892,0.0,RUN,False,,
2024-08-04,3,2,1,0.6666666666666666,1474.1897799580474,-2880.6070559780346,0.0,0.0,121064.43616774036,-2.3241002472189187,0.0,0.0,-0.07418995034520434,0.0,1.0235243770514892,0.0,RUN,False,,
2024-08-05,3,2,1,0.6666666666666666,10313.155276966238,10313.155276966238,0.0,0.0,123062.91150333428,9.146942416674042,0.0,0.0,-0.13777438928580257,0.0,1.0235243770514892,0.0,RUN,False,,
2024-08-06,3,2,1,0.6666666666666666,16358.543459791777,-8839.893702699323,0.0,0.0,124193.10984015958,-6.644887710027081,0.0,0.0,-0.11447043002423381,0.0,1.0235243770514892,0.0,RUN,False,,
2024-08-07,3,1,2,0.3333333333333333,1076.470372144846,-1195.0536591065757,0.0,0.0,122121.25785590126,-0.9690961758624606,0.0,0.0,-0.08202284693543908,0.0,1.0235243770514892,0.0,RUN,False,,
2024-08-08,3,3,0,1.0,2410.3788061087107,1372.988605595383,0.0,0.0,124531.63666200997,1.1148129889883673,0.0,0.0,-0.07422485566345285,0.0,1.0235243770514892,0.0,RUN,False,,
2024-08-09,3,2,1,0.6666666666666666,3968.7721039036696,3968.7721039036696,0.0,0.0,125134.66592958178,3.2754861773343302,0.0,0.0,-0.08920425308865251,0.0,1.0235243770514892,0.0,RUN,False,,
2024-08-10,3,2,1,0.6666666666666666,1516.6495934032282,1516.6495934032282,0.0,0.0,123172.55176351868,1.246671609308736,0.0,0.0,-0.08552089383652918,0.0,1.0235243770514892,0.0,RUN,False,,
2024-08-11,3,2,1,0.6666666666666666,882.4365239297331,-515.3936699842452,0.0,0.0,123306.80122015996,-0.41623690360319543,0.0,0.0,-0.07486109051724661,0.0,1.0235243770514892,0.0,RUN,False,,
2024-08-12,3,0,3,0.0,0,-1201.0903493999795,0.0,0.0,121524.80757352209,-0.9786771738711009,0.0,0.0,-0.08650632296390456,0.0,1.0235243770514892,0.0,RUN,False,,
2024-08-13,3,2,1,0.6666666666666666,7461.0392376249365,4308.434006556927,0.0,0.0,127874.94056152075,3.4867328750129323,0.0,0.0,-0.0795096175823292,0.0,1.0235243770514892,0.0,RUN,False,,
2024-08-14,3,0,3,0.0,0,-1614.3228944034781,0.0,0.0,121618.99210296958,-1.309972789775149,0.0,0.0,-0.08579834428989719,0.0,1.0235243770514892,0.0,RUN,False,,
2024-08-15,3,1,2,0.3333333333333333,2397.4495489626133,-1456.0244658653683,0.0,0.0,122560.41718606683,-1.174057605967993,0.0,0.0,-0.07872171625004429,0.0,1.0235243770514892,0.0,RUN,False,,
2024-08-16,3,2,1,0.6666666666666666,1944.6636581076891,1716.3039506233617,0.0,0.0,124371.29512830982,1.3992940149798017,0.0,0.0,-0.07901646810259814,0.0,1.0235243770514892,0.0,RUN,False,,
2024-08-17,3,1,2,0.3333333333333333,1056.9181404082046,653.5792032078316,0.0,0.0,124120.96979201808,0.5293537022941441,0.0,0.0,-0.07493593037638482,0.0,1.0235243770514892,0.0,RUN,False,,
2024-08-18,3,0,3,0.0,0,-574.3665437273303,0.0,0.0,122993.37025367044,-0.46481918226686236,0.0,0.0,-0.07546723761637107,0.0,1.0235243770514892,0.0,RUN,False,,
2024-08-19,3,2,1,0.6666666666666666,622.7127295069076,622.7127295069076,0.0,0.0,123317.43205964415,0.5075301797067278,0.0,0.0,-0.07771217620739503,0.0,1.0235243770514892,0.0,RUN,False,,
2024-08-20,3,2,1,0.6666666666666666,3724.8816985087906,-2599.989917079103,0.0,0.0,123155.66051181732,-2.067493514773844,0.0,0.0,-0.08391907318473367,0.0,1.0235243770514892,0.0,RUN,False,,
2024-08-21,3,1,2,0.3333333333333333,2220.002400995072,1144.4932699547062,0.0,0.0,123977.78386950708,0.9317451843619873,0.0,0.0,-0.0847550741099699,0.0,1.0235243770514892,0.0,RUN,False,,
2024-08-22,3,2,1,0.6666666666666666,701.6453711687354,701.6453711687354,0.0,0.0,123104.55637227208,0.5732260494706765,0.0,0.0,-0.079905679482993,0.0,1.0235243770514892,0.0,RUN,False,,
2024-08-23,3,2,1,0.6666666666666666,1498.8277281529154,-605.9950066625606,0.0,0.0,123685.3244975628,-0.4875602005673163,0.0,0.0,-0.07261163308534696,0.0,1.0235243770514892,0.0,RUN,False,,
2024-08-24,3,2,1,0.6666666666666666,2636.5578481548,2636.5578481548,0.0,0.0,125316.28391683994,2.149139008248735,0.0,0.0,-0.07782487952952424,0.0,1.0235243770514892,0.0,RUN,False,,
2024-08-25,3,1,2,0.3333333333333333,1675.8407297645172,765.0264843499172,0.0,0.0,122771.78592389415,0.6270361477217934,0.0,0.0,-0.0828835237096814,0.0,1.0235243770514892,0.0,RUN,False,,
2024-08-26,3,2,1,0.6666666666666666,699.6727840787935,286.19521022705885,0.0,0.0,123396.15828591124,0.23247120141780542,0.0,0.0,-0.07459081733787844,0.0,1.0235243770514892,0.0,RUN,False,,
2024-08-27,3,0,3,0.0,0,-545.3607692713704,0.0,0.0,122490.11344880163,-0.4432549008627773,0.0,0.0,-0.07925018464054073,0.0,1.0235243770514892,0.0,RUN,False,,
2024-08-28,3,1,2,0.3333333333333333,3107.331285757493,1393.0601732839568,0.0,0.0,123240.69211069946,1.143280465228469,0.0,0.0,-0.08407967427300732,0.0,1.0235243770514892,0.0,RUN,False,,
2024-08-29,3,1,2,0.3333333333333333,311.3070298664534,-2067.23712014567,0.0,0.0,121484.76202042024,-1.673171728928291,0.0,0.0,-0.08680734265101514,0.0,1.0235243770514892,0.0,RUN,False,,
2024-08-30,3,3,0,1.0,2758.5932188228035,1310.8478610987222,0.0,0.0,124243.35523924304,1.0663150773184027,0.0,0.0,-0.07592473969409051,0.0,1.0235243770514892,0.0,RUN,False,,
2024-08-31,3,1,2,0.3333333333333333,591.3452719866182,-812.8846353870031,0.0,0.0,122491.28653998718,-0.6592515302915825,0.0,0.0,-0.08368646860830764,0.0,1.0235243770514892,0.0,RUN,False,,
2024-09-01,3,2,1,0.6666666666666666,516.44555307673,-717.9161078383331,0.0,0.0,122107.8928102562,-0.5844993932155318,0.0,0.0,-0.08349081514944331,0.0,1.0235243770514892,0.0,RUN,False,,
2024-09-02,3,2,1,0.6666666666666666,3448.525496325019,-1748.0561918430176,0.0,0.0,122507.27095749907,-1.4068259542241113,0.0,0.0,-0.07912121281971042,0.0,1.0235243770514892,0.0,RUN,False,,
2024-09-03,3,2,1,0.6666666666666666,2163.045112366468,-173.48679785941204,0.0,0.0,122995.49342737261,-0.14085267048745687,0.0,0.0,-0.08673671685088559,0.0,1.0235243770514892,0.0,RUN,False,,
2024-09-04,3,2,1,0.6666666666666666,2631.9785226561653,2631.9785226561653,0.0,0.0,124061.21343839535,2.1674998812950763,0.0,0.0,-0.08722473610378464,0.0,1.0235243770514892,0.0,RUN,False,,
2024-09-05,3,1,2,0.3333333333333333,772.3319616487861,477.043206639617,0.0,0.0,123382.31910591666,0.3881389168602922,0.0,0.0,-0.07834910226042575,0.0,1.0235243770514892,0.0,RUN,False,,
2024-09-06,3,1,2,0.3333333333333333,247.81755726024858,-1641.0138198610803,0.0,0.0,121625.1615793342,-1.3312766576448753,0.0,0.0,-0.08575196875750807,0.0,1.0235243770514892,0.0,RUN,False,,
2024-09-07,3,2,1,0.6666666666666666,1759.44958040661,-1567.034970450055,0.0,0.0,121737.6875959899,-1.2708637088945984,0.0,0.0,-0.0849061183770839,0.0,1.0235243770514892,0.0,RUN,False,,
2024-09-08,3,3,0,1.0,2372.2699830939673,1194.0200307377818,0.0,0.0,124109.95757908387,0.9714118889327494,0.0,0.0,-0.0760492939727804,0.0,1.0235243770514892,0.0,RUN,False,,
2024-09-09,3,2,1,0.6666666666666666,4275.532697779112,4275.532697779112,0.0,0.0,127943.60347126436,3.457264814626515,0.0,0.0,-0.07039555989846219,0.0,1.0235243770514892,0.0,RUN,False,,
2024-09-10,3,2,1,0.6666666666666666,1712.39415534008,1712.39415534008,0.0,0.0,123972.32811560159,1.4006176020810335,0.0,0.0,-0.08098042813208126,0.0,1.0235243770514892,0.0,RUN,False,,
2024-09-11,3,1,2,0.3333333333333333,3126.002339683764,2020.392119451688,0.0,0.0,124799.78216950518,1.6455466333788138,0.0,0.0,-0.08538650868976218,0.0,1.0235243770514892,0.0,RUN,False,,
2024-09-12,3,1,2,0.3333333333333333,1652.6856846077862,434.86162914820306,0.0,0.0,124827.78982035723,0.34958709909920227,0.0,0.0,-0.07410115643922577,0.0,1.0235243770514892,0.0,RUN,False,,
2024-09-13,3,1,2,0.3333333333333333,367.5988419515488,173.54555398333468,0.0,0.0,122790.50204620646,0.14153471016411512,0.0,0.0,-0.07975539945759225,0.0,1.0235243770514892,0.0,RUN,False,,
2024-09-14,3,2,1,0.6666666666666666,726.3520687718556,726.3520687718556,0.0,0.0,123255.47818295808,0.5927995178019563,0.0,0.0,-0.07895692909984309,0.0,1.0235243770514892,0.0,RUN,False,,
2024-09-15,3,1,2,0.3333333333333333,129.65957056543266,-2216.6177795742406,0.0,0.0,121168.51997394927,-1.7965030634420454,0.0,0.0,-0.08918451251149333,0.0,1.0235243770514892,0.0,RUN,False,,
2024-09-16,3,2,1,0.6666666666666666,2391.0478471189563,559.4499728276423,0.0,0.0,122544.09982354437,0.4586232558869474,0.0,0.0,-0.08304971997856725,0.0,1.0235243770514892,0.0,RUN,False,,
2024-09-17,3,1,2,0.3333333333333333,2004.9155343715393,-104.77454144218063,0.0,0.0,121291.56282387458,-0.08630782749802224,0.0,0.0,-0.08825960781379794,0.0,1.0235243770514892,0.0,RUN,False,,
2024-09-18,3,2,1,0.6666666666666666,3417.4724353131314,2131.1584914310806,0.0,0.0,124612.75366292652,1.7399826385728234,0.0,0.0,-0.08003795813115137,0.0,1.0235243770514892,0.0,RUN,False,,
2024-09-19,3,2,1,0.6666666666666666,2278.5278154155385,-426.26552705264476,0.0,0.0,124641.1213434605,-0.3408286826156903,0.0,0.0,-0.07679129640891048,0.0,1.0235243770514892,0.0,RUN,False,,
2024-09-20,3,2,1,0.6666666666666666,558.6783412019868,558.6783412019868,0.0,0.0,122551.83854355394,0.4579587415190378,0.0,0.0,-0.0829857482466768,0.0,1.0235243770514892,0.0,RUN,False,,
2024-09-21,3,2,1,0.6666666666666666,1638.7129713196337,-167.9630453800346,0.0,0.0,123461.56253133564,-0.13585997729629318,0.0,0.0,-0.07616506190072453,0.0,1.0235243770514892,0.0,RUN,False,,
2024-09-22,3,2,1,0.6666666666666666,552.5855386671028,552.5855386671028,0.0,0.0,123678.58523877413,0.44879679353915236,0.0,0.0,-0.07447027112757143,0.0,1.0235243770514892,0.0,RUN,False,,
2024-09-23,3,1,2,0.3333333333333333,422.6861341113836,-1943.945599751576,0.0,0.0,122157.32577313394,-1.5664187628752213,0.0,0.0,-0.08175172686544038,0.0,1.0235243770514892,0.0,RUN,False,,
2024-09-24,3,1,2,0.3333333333333333,2485.3729032917763,2241.6677952979226,0.0,0.0,124293.60282006813,1.8366507625159567,0.0,0.0,-0.0825439419215319,0.0,1.0235243770514892,0.0,RUN,False,,
2024-09-25,3,2,1,0.6666666666666666,1326.9222852637613,1326.9222852637613,0.0,0.0,123845.05182516374,1.0830415794355064,0.0,0.0,-0.07903958959756459,0.0,1.0235243770514892,0.0,RUN,False,,
2024-09-26,3,1,2,0.3333333333333333,660.5807694763935,636.9710843656649,0.0,0.0,123299.12935257869,0.5192889912901011,0.0,0.0,-0.07813440787577086,0.0,1.0235243770514892,0.0,RUN,False,,
2024-09-27,3,3,0,1.0,1475.514777587814,712.7460931714741,0.0,0.0,124774.6441301665,0.5745084546094459,0.0,0.0,-0.06743518726143528,0.0,1.0235243770514892,0.0,RUN,False,,
2024-09-28,3,1,2,0.3333333333333333,615.8280376809998,-682.5957916220214,0.0,0.0,123214.20359371955,-0.5509390032740313,0.0,0.0,-0.07843638577594514,0.0,1.0235243770514892,0.0,RUN,False,,
2024-09-29,3,2,1,0.6666666666666666,806.176235298437,377.3616545705154,0.0,0.0,123601.1451211226,0.3062409252130749,0.0,0.0,-0.07373523723492129,0.0,1.0235243770514892,0.0,RUN,False,,
2024-09-30,3,1,2,0.3333333333333333,768.5930988756882,683.787007896768,0.0,0.0,124015.92702645714,0.5544272626696101,0.0,0.0,-0.07355821002812155,0.0,1.0235243770514892,0.0,RUN,False,,
2024-10-01,3,1,2,0.3333333333333333,964.5824670397706,-2428.2742537053855,0.0,0.0,122552.23523979152,-1.9429223512900884,0.0,0.0,-0.07878321938127796,0.0,1.0235243770514892,0.0,RUN,False,,
2024-10-02,3,1,2,0.3333333333333333,1519.540350668016,-1330.0747688457632,0.0,0.0,122741.70082161378,-1.072020419241937,0.0,0.0,-0.0773590195453236,0.0,1.0235243770514892,0.0,RUN,False,,
2024-10-03,3,2,1,0.6666666666666666,3909.6982712051686,-2076.980980954322,0.0,0.0,122520.54827351737,-1.6669519800126986,0.0,0.0,-0.09446020741492409,0.0,1.0235243770514892,0.0,RUN,False,,
2024-10-04,3,3,0,1.0,2788.3948332305154,2487.2073077708046,0.0,0.0,125308.94310674789,2.0250546791177326,0.0,0.0,-0.0767574020877615,0.0,1.0235243770514892,0.0,RUN,False,,
2024-10-05,3,0,3,0.0,0,-1575.83683051783,0.0,0.0,122960.49391181179,-1.2653631443327984,0.0,0.0,-0.07571436683230322,0.0,1.0235243770514892,0.0,RUN,False,,
2024-10-06,3,2,1,0.6666666666666666,1162.176473229847,-460.85264217856457,0.0,0.0,122945.82320397027,-0.3734422299431439,0.0,0.0,-0.07582464554097564,0.0,1.0235243770514892,0.0,RUN,False,,
2024-10-07,3,2,1,0.6666666666666666,4592.806494454839,-2966.387480330799,0.0,0.0,124331.996333443,-2.330263269226074,0.0,0.0,-0.06721078872121097,0.0,1.0235243770514892,0.0,RUN,False,,
2024-10-08,3,2,1,0.6666666666666666,1903.2802987462783,393.9166343875404,0.0,0.0,125386.98520660603,0.31515078306918465,0.0,0.0,-0.0668121906558336,0.0,1.0235243770514892,0.0,RUN,False,,
2024-10-09,3,0,3,0.0,0,-2457.1192015337147,0.0,0.0,121707.48123089514,-1.9789208783955292,0.0,0.0,-0.08513317756007104,0.0,1.0235243770514892,0.0,RUN,False,,
2024-10-10,3,1,2,0.3333333333333333,1751.782535377206,-689.3887941103312,0.0,0.0,122769.87497216201,-0.5583937349694978,0.0,0.0,-0.07714723638025993,0.0,1.0235243770514892,0.0,RUN,False,,
2024-10-11,3,2,1,0.6666666666666666,1240.4797941372817,5.023099107304006,0.0,0.0,123990.55437498234,0.0040513591026414275,0.0,0.0,-0.0681580691770192,0.0,1.0235243770514892,0.0,RUN,False,,
2024-10-12,3,1,2,0.3333333333333333,768.6794320356857,-792.1675920389243,0.0,0.0,123967.0662149791,-0.634957083228227,0.0,0.0,-0.06814803158946232,0.0,1.0235243770514892,0.0,RUN,False,,
2024-10-13,3,2,1,0.6666666666666666,1314.941550178337,1017.3408049708087,0.0,0.0,125151.41011520552,0.8195500321739102,0.0,0.0,-0.0678743743440107,0.0,1.0235243770514892,0.0,RUN,False,,
2024-10-14,3,1,2,0.3333333333333333,311.3655923353799,-216.58840259922727,0.0,0.0,122764.19740257898,-0.17611564374157007,0.0,0.0,-0.07718991428297449,0.0,1.0235243770514892,0.0,RUN,False,,
2024-10-15,3,3,0,1.0,3407.447525505966,2511.537450018892,0.0,0.0,126171.64492808495,2.0310005394944097,0.0,0.0,-0.07045541944614672,0.0,1.0235243770514892,0.0,RUN,False,,
2024-10-16,3,1,2,0.3333333333333333,1502.9683805240638,1140.5018128155352,0.0,0.0,124348.7473659362,0.9256700375007032,0.0,0.0,-0.07385203466877316,0.0,1.0235243770514892,0.0,RUN,False,,
2024-10-17,3,1,2,0.3333333333333333,347.78850763163064,-1866.9886491349462,0.0,0.0,122829.54722443288,-1.49722575375143,0.0,0.0,-0.07669868413621735,0.0,1.0235243770514892,0.0,RUN,False,,
2024-10-18,3,3,0,1.0,1872.1451633924007,1248.7914525808737,0.0,0.0,124701.69238782529,1.0115529429607362,0.0,0.0,-0.07201297687402881,0.0,1.0235243770514892,0.0,RUN,False,,
2024-10-19,3,1,2,0.3333333333333333,624.9314684100536,-226.90987482943456,0.0,0.0,123735.9190597654,-0.18304670583886296,0.0,0.0,-0.06988554896528583,0.0,1.0235243770514892,0.0,RUN,False,,
2024-10-20,3,1,2,0.3333333333333333,762.4909376525611,211.21872622180672,0.0,0.0,123827.1026240308,0.17086697887176427,0.0,0.0,-0.07078784507797738,0.0,1.0235243770514892,0.0,RUN,False,,
2024-10-21,3,2,1,0.6666666666666666,1873.5455983347492,-1145.9304641594645,0.0,0.0,123818.71837293668,-0.9170037085074356,0.0,0.0,-0.07479560928642769,0.0,1.0235243770514892,0.0,RUN,False,,
2024-10-22,3,1,2,0.3333333333333333,92.13338440762891,-88.27827034718939,0.0,0.0,123033.84913772339,-0.07169976039692605,0.0,0.0,-0.0758555209669611,0.0,1.0235243770514892,0.0,RUN,False,,
2024-10-23,3,1,2,0.3333333333333333,416.58467824371473,-1592.4364872111037,0.0,0.0,121857.997328756,-1.2899399686071678,0.0,0.0,-0.08400175833437212,0.0,1.0235243770514892,0.0,RUN,False,,
2024-10-24,3,2,1,0.6666666666666666,6645.051108845553,-2002.177113322934,0.0,0.0,124769.53680490979,-1.5793563496462104,0.0,0.0,-0.07513023829532604,0.0,1.0235243770514892,0.0,RUN,False,,
2024-10-25,3,1,2,0.3333333333333333,1884.3257418698777,698.895472242235,0.0,0.0,124647.138098989,0.5638607352803415,0.0,0.0,-0.06828952721634464,0.0,1.0235243770514892,0.0,RUN,False,,
2024-10-26,3,3,0,1.0,788.5543224461289,678.1636443243333,0.0,0.0,125435.69242143513,0.5435853458879647,0.0,0.0,-0.06220617850729061,0.0,1.0235243770514892,0.0,RUN,False,,
2024-10-27,3,1,2,0.3333333333333333,1037.8251110509882,782.6552389443823,0.0,0.0,125165.6728327039,0.6292299817814095,0.0,0.0,-0.06502135348926885,0.0,1.0235243770514892,0.0,RUN,False,,
2024-10-28,3,2,1,0.6666666666666666,1182.6354843410372,1182.6354843410372,0.0,0.0,125291.40643945076,0.9529024219962601,0.0,0.0,-0.06708284673790804,0.0,1.0235243770514892,0.0,RUN,False,,
2024-10-29,3,3,0,1.0,1077.907579261475,970.8456352078356,0.0,0.0,126369.31401871223,0.7742085272036237,0.0,0.0,-0.05738827926932362,0.0,1.0235243770514892,0.0,RUN,False,,
2024-10-30,3,2,1,0.6666666666666666,1950.473373051398,1950.473373051398,0.0,0.0,125458.93606826026,1.5792224520393638,0.0,0.0,-0.07159532291986137,0.0,1.0235243770514892,0.0,RUN,False,,
2024-10-31,3,0,3,0.0,0,-768.9546027721372,0.0,0.0,124113.50596034928,-0.6157426745955874,0.0,0.0,-0.0670472540269757,0.0,1.0235243770514892,0.0,RUN,False,,
2024-11-01,3,2,1,0.6666666666666666,3071.6663495929533,1790.549098638221,0.0,0.0,126932.33637905108,1.4308163064876478,0.0,0.0,-0.06121828400809923,0.0,1.0235243770514892,0.0,RUN,False,,
2024-11-02,3,1,2,0.3333333333333333,1659.4732082585688,199.6450585725106,0.0,0.0,125828.07122234054,0.15891710552216054,0.0,0.0,-0.06663313082246622,0.0,1.0235243770514892,0.0,RUN,False,,
2024-11-03,3,1,2,0.3333333333333333,1330.9487680082239,767.452526289213,0.0,0.0,124978.11689387356,0.6178636352978772,0.0,0.0,-0.06631692091678801,0.0,1.0235243770514892,0.0,RUN,False,,
2024-11-04,3,1,2,0.3333333333333333,384.3139679494052,-2167.1461176402518,0.0,0.0,122362.84728297638,-1.740260364961621,0.0,0.0,-0.08020683571535651,0.0,1.0235243770514892,0.0,RUN,False,,
2024-11-05,3,2,1,0.6666666666666666,5224.751620674986,1726.5397704803763,0.0,0.0,127457.86348161385,1.3731977994975164,0.0,0.0,-0.05586144081433733,0.0,1.0235243770514892,0.0,RUN,False,,
2024-11-06,3,2,1,0.6666666666666666,4242.89717651454,-4835.763695569287,0.0,0.0,126057.1335627579,-3.694443164494665,0.0,0.0,-0.058509792101285235,0.0,1.0235243770514892,0.0,RUN,False,,
2024-11-07,3,1,2,0.3333333333333333,537.3984663627489,96.69669916172279,0.0,0.0,125472.4003392198,0.07712554853476217,0.0,0.0,-0.05755940029072475,0.0,1.0235243770514892,0.0,RUN,False,,
2024-11-08,3,1,2,0.3333333333333333,1097.9595909289055,-3708.5476785924984,0.0,0.0,122861.81225155621,-2.9300285474728516,0.0,0.0,-0.076456150131391,0.0,1.0235243770514892,0.0,RUN,False,,
2024-11-09,3,1,2,0.3333333333333333,2862.2844191495533,-1342.4932766867423,0.0,0.0,124381.60339401902,-1.0678090455507272,0.0,0.0,-0.0650319839321126,0.0,1.0235243770514892,0.0,RUN,False,,
2024-11-10,3,1,2,0.3333333333333333,1322.7060719565197,-591.0738413065556,0.0,0.0,125113.23562466899,-0.4702096879713902,0.0,0.0,-0.05953235443292403,0.0,1.0235243770514892,0.0,RUN,False,,
2024-11-11,3,3,0,1.0,1034.3328508700652,97.86901018318895,0.0,0.0,126147.56847553905,0.07764319200942449,0.0,0.0,-0.05249301971336192,0.0,1.0235243770514892,0.0,RUN,False,,
2024-11-12,3,1,2,0.3333333333333333,3087.53072567482,1625.1205323082977,0.0,0.0,126338.64280113061,1.3030828596159116,0.0,0.0,-0.06253697242396186,0.0,1.0235243770514892,0.0,RUN,False,,
2024-11-13,3,1,2,0.3333333333333333,241.9193041940307,-346.6222292386374,0.0,0.0,125374.12188437508,-0.27570806367912537,0.0,0.0,-0.05757129024014239,0.0,1.0235243770514892,0.0,RUN,False,,
2024-11-14,3,2,1,0.6666666666666666,5819.780311147828,5819.780311147828,0.0,0.0,130834.98839350491,4.655257868557805,0.0,0.0,-0.06026922077211272,0.0,1.0235243770514892,0.0,RUN,False,,
2024-11-15,3,1,2,0.3333333333333333,1171.6634084248508,917.0825054638553,0.0,0.0,127489.09742231709,0.7245539277116686,0.0,0.0,-0.048566810144402596,0.0,1.0235243770514892,0.0,RUN,False,,
2024-11-16,3,1,2,0.3333333333333333,1243.9431527065608,596.6622135155048,0.0,0.0,126129.40521591493,0.47530405155258304,0.0,0.0,-0.0563789461315375,0.0,1.0235243770514892,0.0,RUN,False,,
2024-11-17,3,1,2,0.3333333333333333,1216.4531153022835,-955.650972615098,0.0,0.0,126390.20735860211,-0.7504374191185104,0.0,0.0,-0.04993344514030082,0.0,1.0235243770514892,0.0,RUN,False,,
2024-11-18,3,1,2,0.3333333333333333,181.85101236365153,-914.1637158298545,0.0,0.0,125253.88046472364,-0.7245604239704551,0.0,0.0,-0.05847513677783787,0.0,1.0235243770514892,0.0,RUN,False,,
2024-11-19,3,3,0,1.0,1941.0357248217915,1494.1359317582392,0.0,0.0,127194.91618954543,1.1886449142909594,0.0,0.0,-0.0551158215615985,0.0,1.0235243770514892,0.0,RUN,False,,
2024-11-20,3,1,2,0.3333333333333333,1435.5745810130175,-1969.8102974383946,0.0,0.0,124248.03987569067,-1.5606432012084448,0.0,0.0,-0.06603597177551515,0.0,1.0235243770514892,0.0,RUN,False,,
2024-11-21,3,2,1,0.6666666666666666,6247.533400217959,1829.2012635169376,0.0,0.0,129706.39941743074,1.430435832129584,0.0,0.0,-0.04468800289476812,0.0,1.0235243770514892,0.0,RUN,False,,
2024-11-22,3,1,2,0.3333333333333333,1714.0081518301886,1375.231566514558,0.0,0.0,126502.19182471429,1.0990689485917082,0.0,0.0,-0.059429187300218345,0.0,1.0235243770514892,0.0,RUN,False,,
2024-11-23,3,2,1,0.6666666666666666,773.0936827329278,-1873.5836114096746,0.0,0.0,124704.25695187732,-1.4801829475617478,0.0,0.0,-0.06260661917851332,0.0,1.0235243770514892,0.0,RUN,False,,
2024-11-24,3,2,1,0.6666666666666666,6812.725663816309,124.3336451860232,0.0,0.0,128561.38802312448,0.09680512044456524,0.0,0.0,-0.05676443857073955,0.0,1.0235243770514892,0.0,RUN,False,,
2024-11-25,3,1,2,0.3333333333333333,1625.8524314800597,-340.51551594931516,0.0,0.0,125919.78764435512,-0.2696932507099903,0.0,0.0,-0.05346955799740427,0.0,1.0235243770514892,0.0,RUN,False,,
2024-11-26,3,2,1,0.6666666666666666,7229.146434105147,1857.523564734729,0.0,0.0,130238.80311543579,1.446880395051009,0.0,0.0,-0.056841947139426495,0.0,1.0235243770514892,0.0,RUN,False,,
2024-11-27,3,2,1,0.6666666666666666,403.7619091052911,403.7619091052911,0.0,0.0,127106.48923063834,0.3186686803360317,0.0,0.0,-0.04758425392753344,0.0,1.0235243770514892,0.0,RUN,False,,
2024-11-28,3,1,2,0.3333333333333333,1457.9288131035573,-593.3984583598794,0.0,0.0,127971.01958538202,-0.4615573013039942,0.0,0.0,-0.038050587618628624,0.0,1.0235243770514892,0.0,RUN,False,,
2024-11-29,3,1,2,0.3333333333333333,1800.5131145278428,-149.98882924814825,0.0,0.0,126646.1614130797,-0.11829131165378426,0.0,0.0,-0.04800945599729751,0.0,1.0235243770514892,0.0,RUN,False,,
2024-11-30,3,2,1,0.6666666666666666,1437.3460780723253,1437.3460780723253,0.0,0.0,127848.61477256808,1.1370395162681568,0.0,0.0,-0.049775128517111494,0.0,1.0235243770514892,0.0,RUN,False,,
2024-12-01,3,1,2,0.3333333333333333,1693.172062356738,296.81517166605045,0.0,0.0,127615.4763442069,0.23312778263024914,0.0,0.0,-0.04295432124463073,0.0,1.0235243770514892,0.0,RUN,False,,
2024-12-02,3,1,2,0.3333333333333333,409.54939759690023,-1754.3259848524322,0.0,0.0,125494.01859462226,-1.3786631100389246,0.0,0.0,-0.059748589704454666,0.0,1.0235243770514892,0.0,RUN,False,,
2024-12-03,3,2,1,0.6666666666666666,2380.22247175526,-607.6326269141573,0.0,0.0,127151.89734331364,-0.4756064984394959,0.0,0.0,-0.044207873557109915,0.0,1.0235243770514892,0.0,RUN,False,,
2024-12-04,3,1,2,0.3333333333333333,3229.597497754032,-6420.605690613316,0.0,0.0,123960.88915045436,-4.924476206105711,0.0,0.0,-0.06819446416153271,0.0,1.0235243770514892,0.0,RUN,False,,
2024-12-05,3,2,1,0.6666666666666666,6196.018805175816,2245.047835974765,0.0,0.0,128604.43185804751,1.776716350233709,0.0,0.0,-0.050165142055415876,0.0,1.0235243770514892,0.0,RUN,False,,
2024-12-06,3,2,1,0.6666666666666666,4230.03108396077,-3335.986032444882,0.0,0.0,128731.71901500151,-2.5259665345486293,0.0,0.0,-0.03809612868574019,0.0,1.0235243770514892,0.0,RUN,False,,
2024-12-07,3,2,1,0.6666666666666666,644.9605846885242,-267.6372765086562,0.0,0.0,128791.38071190829,-0.20737588173239674,0.0,0.0,-0.03427182970243051,0.0,1.0235243770514892,0.0,RUN,False,,
2024-12-08,3,2,1,0.6666666666666666,1786.9866124707478,-1002.8998374949733,0.0,0.0,128222.03098351898,-0.7760885079397428,0.0,0.0,-0.046337441826749634,0.0,1.0235243770514892,0.0,RUN,False,,
2024-12-09,3,1,2,0.3333333333333333,3317.814767672782,3059.1918797314866,0.0,0.0,129439.4054999082,2.4206256597457454,0.0,0.0,-0.05195261797120031,0.0,1.0235243770514892,0.0,RUN,False,,
2024-12-10,3,2,1,0.6666666666666666,3742.6759758002736,1141.0011470031168,0.0,0.0,131828.34712169616,0.8730769903492197,0.0,0.0,-0.02780807636945779,0.0,1.0235243770514892,0.0,RUN,False,,
2024-12-11,3,1,2,0.3333333333333333,2412.7082363078225,658.4583736879431,0.0,0.0,129820.82584461194,0.5097911927296916,0.0,0.0,-0.02909530694530181,0.0,1.0235243770514892,0.0,RUN,False,,
2024-12-12,3,1,2,0.3333333333333333,1605.7733685359708,-226.31292349444993,0.0,0.0,128524.64828112029,-0.17577571567390926,0.0,0.0,-0.03388899853175284,0.0,1.0235243770514892,0.0,RUN,False,,
2024-12-13,3,3,0,1.0,1992.2805787269317,973.1805573331221,0.0,0.0,130516.92885984722,0.7512369914297379,0.0,0.0,-0.02622849328678565,0.0,1.0235243770514892,0.0,RUN,False,,
2024-12-14,3,1,2,0.3333333333333333,414.8276525704423,20.64452850163798,0.0,0.0,129209.40322505395,0.015980127613213213,0.0,0.0,-0.02889692590506765,0.0,1.0235243770514892,0.0,RUN,False,,
2024-12-15,3,3,0,1.0,1204.779137748992,1100.7098148167424,0.0,0.0,130414.18236280294,0.8511950016718339,0.0,0.0,-0.0279594604031803,0.0,1.0235243770514892,0.0,RUN,False,,
2024-12-16,3,2,1,0.6666666666666666,3666.4157140398456,-625.9185534343851,0.0,0.0,130663.2894596356,-0.47674790861109706,0.0,0.0,-0.038795667312234675,0.0,1.0235243770514892,0.0,RUN,False,,
2024-12-17,3,2,1,0.6666666666666666,4517.944766006316,4517.944766006316,0.0,0.0,132108.31912377116,3.54097618158713,0.0,0.0,-0.040911871792330266,0.0,1.0235243770514892,0.0,RUN,False,,
2024-12-18,3,0,3,0.0,0,-671.6026504714973,0.0,0.0,129077.39063179369,-0.5176168488725374,0.0,0.0,-0.02973407204018243,0.0,1.0235243770514892,0.0,RUN,False,,
2024-12-19,3,2,1,0.6666666666666666,3821.882942951037,-1123.3942566258193,0.0,0.0,130014.05637600651,-0.8566540307184178,0.0,0.0,-0.03593672232939235,0.0,1.0235243770514892,0.0,RUN,False,,
2024-12-20,3,1,2,0.3333333333333333,7623.29551869494,111.56203527252364,0.0,0.0,130047.70036478237,0.08585912795839867,0.0,0.0,-0.07974411171851596,0.0,1.0235243770514892,0.0,RUN,False,,
2024-12-21,3,1,2,0.3333333333333333,216.916271408365,-974.4442925063049,0.0,0.0,128186.1720939325,-0.7544438233329842,0.0,0.0,-0.03806384570354673,0.0,1.0235243770514892,0.0,RUN,False,,
2024-12-22,3,3,0,1.0,2820.833716840585,638.1369743229006,0.0,0.0,131007.00581077309,0.48948570315774376,0.0,0.0,-0.020026118598084716,0.0,1.0235243770514892,0.0,RUN,False,,
2024-12-23,3,2,1,0.6666666666666666,5596.176460801493,5596.176460801493,0.0,0.0,133725.51949353618,4.367599433778224,0.0,0.0,-0.03686048108012849,0.0,1.0235243770514892,0.0,RUN,False,,
2024-12-24,3,1,2,0.3333333333333333,1275.8655065733037,-434.46290607190167,0.0,0.0,128988.61339352121,-0.33569199442160524,0.0,0.0,-0.03542260383773594,0.0,1.0235243770514892,0.0,RUN,False,,
2024-12-25,3,2,1,0.6666666666666666,744.2551539960987,-417.89911270089215,0.0,0.0,129149.81917622883,-0.3225333580151535,0.0,0.0,-0.0342171063132682,0.0,1.0235243770514892,0.0,RUN,False,,
2024-12-26,3,1,2,0.3333333333333333,5217.046410777213,2067.5806261626713,0.0,0.0,131163.2345566601,1.601588096277684,0.0,0.0,-0.058173872699214334,0.0,1.0235243770514892,0.0,RUN,False,,
2024-12-27,3,1,2,0.3333333333333333,1438.6659529643512,-794.7836798563949,0.0,0.0,129593.07316679427,-0.6095534500510591,0.0,0.0,-0.03090245109828609,0.0,1.0235243770514892,0.0,RUN,False,,
2024-12-28,3,3,0,1.0,1920.24209629315,935.1658128952258,0.0,0.0,131513.31526308742,0.7161732777136054,0.0,0.0,-0.023536046487343153,0.0,1.0235243770514892,0.0,RUN,False,,
2024-12-29,3,1,2,0.3333333333333333,280.3695186310215,-715.0965250684094,0.0,0.0,128426.93578647157,-0.5537287219883003,0.0,0.0,-0.039622831357336574,0.0,1.0235243770514892,0.0,RUN,False,,
2024-12-30,3,2,1,0.6666666666666666,2885.881051672637,-945.5978187443689,0.0,0.0,130334.586786531,-0.7202898301731708,0.0,0.0,-0.02560143309100776,0.0,1.0235243770514892,0.0,RUN,False,,
2024-12-31,3,1,2,0.3333333333333333,3405.9571372241044,1076.5610729494074,0.0,0.0,129776.20836871986,0.8364910825864991,0.0,0.0,-0.037583493538110045,0.0,1.0235243770514892,0.0,RUN,False,,
2025-01-01,3,1,2,0.3333333333333333,2558.4199895905185,-3242.1918012351525,0.0,0.0,129092.43655707523,-2.449995017522222,0.0,0.0,-0.034646213781842135,0.0,1.0235243770514892,0.0,RUN,False,,
2025-01-02,3,2,1,0.6666666666666666,2706.742971949003,-718.5724594130006,0.0,0.0,131037.06748034028,-0.5453826946167695,0.0,0.0,-0.02042984475075383,0.0,1.0235243770514892,0.0,RUN,False,,
2025-01-03,3,2,1,0.6666666666666666,1327.292809035469,1327.292809035469,0.0,0.0,130916.76946333516,1.0242288519894505,0.0,0.0,-0.030929345833922196,0.0,1.0235243770514892,0.0,RUN,False,,
2025-01-04,3,1,2,0.3333333333333333,1049.9965256944415,923.0024632040295,0.0,0.0,130558.33752406476,0.7119991341640874,0.0,0.0,-0.031536078611904036,0.0,1.0235243770514892,0.0,RUN,False,,
2025-01-05,3,1,2,0.3333333333333333,538.9183033985319,-326.8544832480693,0.0,0.0,129944.06261853746,-0.25090364796671594,0.0,0.0,-0.03230778384529728,0.0,1.0235243770514892,0.0,RUN,False,,
2025-01-06,3,2,1,0.6666666666666666,526.8682264714735,526.8682264714735,0.0,0.0,130084.91482162158,0.40666576898760187,0.0,0.0,-0.0311643799490905,0.0,1.0235243770514892,0.0,RUN,False,,
2025-01-07,3,1,2,0.3333333333333333,920.8587665896339,177.27170433910214,0.0,0.0,130068.28488814257,0.1364772665898295,0.0,0.0,-0.028674454391766666,0.0,1.0235243770514892,0.0,RUN,False,,
2025-01-08,3,2,1,0.6666666666666666,1355.2896080938226,-3175.784800755544,0.0,0.0,128203.89528787202,-2.417257218630142,0.0,0.0,-0.04129072914860547,0.0,1.0235243770514892,0.0,RUN,False,,
2025-01-09,3,2,1,0.6666666666666666,2893.458514337006,-909.3684961365798,0.0,0.0,130031.80277649334,-0.6944863004495372,0.0,0.0,-0.0276216292225463,0.0,1.0235243770514892,0.0,RUN,False,,
2025-01-10,3,1,2,0.3333333333333333,1203.2996244884853,-1681.702852434435,0.0,0.0,129553.39954854739,-1.2814428622123342,0.0,0.0,-0.031199130583227676,0.0,1.0235243770514892,0.0,RUN,False,,
2025-01-11,3,2,1,0.6666666666666666,1852.1736566048348,125.11954386145226,0.0,0.0,130725.855275826,0.09580309265504461,0.0,0.0,-0.028450079725296857,0.0,1.0235243770514892,0.0,RUN,False,,
2025-01-12,3,1,2,0.3333333333333333,627.9547223855334,115.94014727807371,0.0,0.0,130279.70031439411,0.0890725245868973,0.0,0.0,-0.030463698454538543,0.0,1.0235243770514892,0.0,RUN,False,,
2025-01-13,3,1,2,0.3333333333333333,2427.7779847391357,-4546.537798033489,0.0,0.0,128160.94050109976,-3.4259846214432788,0.0,0.0,-0.041611945225648525,0.0,1.0235243770514892,0.0,RUN,False,,
2025-01-14,3,2,1,0.6666666666666666,3589.81318549985,-486.467630784653,0.0,0.0,129819.42255446842,-0.3733274298598932,0.0,0.0,-0.029209809420531516,0.0,1.0235243770514892,0.0,RUN,False,,
2025-01-15,3,2,1,0.6666666666666666,1902.9112893158454,536.5246642744169,0.0,0.0,131278.62627080822,0.41036870119242064,0.0,0.0,-0.02562805867539793,0.0,1.0235243770514892,0.0,RUN,False,,
2025-01-16,3,1,2,0.3333333333333333,4553.461494984571,3348.696214213036,0.0,0.0,132113.47335357944,2.600630613905097,0.0,0.0,-0.04610569215428872,0.0,1.0235243770514892,0.0,RUN,False,,
2025-01-17,3,1,2,0.3333333333333333,1923.9774123690731,1489.328064882051,0.0,0.0,132328.81693343655,1.1382863673353727,0.0,0.0,-0.021581749212207617,0.0,1.0235243770514892,0.0,RUN,False,,
2025-01-18,3,1,2,0.3333333333333333,1300.866497381794,-6835.816007270027,0.0,0.0,124663.29958073197,-5.198374131037675,0.0,0.0,-0.067767318811891,0.0,1.0235243770514892,0.0,RUN,False,,
2025-01-19,3,3,0,1.0,6232.326760134747,1657.015404882084,0.0,0.0,130895.62634086671,1.2821365015311503,0.0,0.0,-0.033553121158511785,0.0,1.0235243770514892,0.0,RUN,False,,
2025-01-20,3,1,2,0.3333333333333333,9476.33374114892,9245.375267947893,0.0,0.0,133360.1976155026,7.44905007562946,0.0,0.0,-0.07186883387987895,0.0,1.0235243770514892,0.0,RUN,False,,
2025-01-21,3,2,1,0.6666666666666666,5635.67440113418,5635.67440113418,0.0,0.0,132647.52601176067,4.4371248270682395,0.0,0.0,-0.05020483680554487,0.0,1.0235243770514892,0.0,RUN,False,,
2025-01-22,3,1,2,0.3333333333333333,199.94957017799607,-1454.7650352931087,0.0,0.0,130570.10719248741,-1.1018870995635033,0.0,0.0,-0.025091410255384725,0.0,1.0235243770514892,0.0,RUN,False,,
2025-01-23,3,1,2,0.3333333333333333,1809.7494443281612,754.000105512343,0.0,0.0,131040.0701417238,0.5787265709241041,0.0,0.0,-0.03361511559772121,0.0,1.0235243770514892,0.0,RUN,False,,
2025-01-24,3,1,2,0.3333333333333333,3351.613275611395,1226.1105522849102,0.0,0.0,130685.63813135213,0.9470995107224267,0.0,0.0,-0.03190110556777583,0.0,1.0235243770514892,0.0,RUN,False,,
2025-01-25,3,2,1,0.6666666666666666,2989.0164275116986,2989.0164275116986,0.0,0.0,131607.38169174924,2.3239421690448125,0.0,0.0,-0.03819132091347384,0.0,1.0235243770514892,0.0,RUN,False,,
2025-01-26,3,1,2,0.3333333333333333,997.7182460500335,401.31848048350366,0.0,0.0,131271.79354497895,0.3066531853618937,0.0,0.0,-0.025809914275742207,0.0,1.0235243770514892,0.0,RUN,False,,
2025-01-27,3,1,2,0.3333333333333333,1157.9483690842171,-1515.7192060819507,0.0,0.0,127736.25487975644,-1.1726855367604205,0.0,0.0,-0.04478774609710334,0.0,1.0235243770514892,0.0,RUN,False,,
2025-01-28,3,2,1,0.6666666666666666,3336.288641677864,-1494.0831810308737,0.0,0.0,129225.11573695148,-1.1429714941630809,0.0,0.0,-0.03365403831392279,0.0,1.0235243770514892,0.0,RUN,False,,
2025-01-29,3,1,2,0.3333333333333333,3342.3046392238903,-2122.68426782226,0.0,0.0,130444.73610835311,-1.601211113408485,0.0,0.0,-0.024533712021523664,0.0,1.0235243770514892,0.0,RUN,False,,
2025-01-30,3,2,1,0.6666666666666666,2749.1184811084095,-147.8923010599101,0.0,0.0,132341.51758666037,-0.11162575271883579,0.0,0.0,-0.015617412566626866,0.0,1.0235243770514892,0.0,RUN,False,,
2025-01-31,3,0,3,0.0,0,-1870.745182906132,0.0,0.0,130081.33934983393,-1.4177458351875893,0.0,0.0,-0.02725119451772553,0.0,1.0235243770514892,0.0,RUN,False,,
2025-02-01,3,1,2,0.3333333333333333,1768.6003101759707,-1320.6370048204117,0.0,0.0,130529.30265518949,-1.0016212432298555,0.0,0.0,-0.023901323026837718,0.0,1.0235243770514892,0.0,RUN,False,,
2025-02-02,3,1,2,0.3333333333333333,3127.5821785099542,-6304.988948745144,0.0,0.0,127351.8958849543,-4.717294553580265,0.0,0.0,-0.04766198428483174,0.0,1.0235243770514892,0.0,RUN,False,,
2025-02-03,3,3,0,1.0,4052.281392782359,3784.2231585303525,0.0,0.0,131404.17727773666,2.9652284273630203,0.0,0.0,-0.045657443676074085,0.0,1.0235243770514892,0.0,RUN,False,,
2025-02-04,3,2,1,0.6666666666666666,1196.4880592130648,1196.4880592130648,0.0,0.0,130971.78084776906,0.9219690693840432,0.0,0.0,-0.029539811996551105,0.0,1.0235243770514892,0.0,RUN,False,,
2025-02-05,3,2,1,0.6666666666666666,1296.8990344825434,519.5871681393473,0.0,0.0,132073.7664275958,0.39496059423136387,0.0,0.0,-0.017694855085979944,0.0,1.0235243770514892,0.0,RUN,False,,
2025-02-06,3,1,2,0.3333333333333333,216.38210212180275,-131.14177831853158,0.0,0.0,131751.7068516521,-0.09943808439145663,0.0,0.0,-0.014760179278865998,0.0,1.0235243770514892,0.0,RUN,False,,
2025-02-07,3,2,1,0.6666666666666666,1059.5314055034833,-996.1205843505159,0.0,0.0,131206.6796916689,-0.7534791867273349,0.0,0.0,-0.018835894684926167,0.0,1.0235243770514892,0.0,RUN,False,,
2025-02-08,3,2,1,0.6666666666666666,2870.7406348768272,-412.60407801240217,0.0,0.0,132540.35847001636,-0.31033838592603447,0.0,0.0,-0.017271339163864,0.0,1.0235243770514892,0.0,RUN,False,,
2025-02-09,3,1,2,0.3333333333333333,0.7113903810968623,-65.48606576371822,0.0,0.0,132373.02897175908,-0.04944639083666047,0.0,0.0,-0.010119249618795513,0.0,1.0235243770514892,0.0,RUN,False,,
2025-02-10,3,1,2,0.3333333333333333,444.446523302322,-342.3095417902514,0.0,0.0,132475.16595327115,-0.25772929391583155,0.0,0.0,-0.009350149059061745,0.0,1.0235243770514892,0.0,RUN,False,,
2025-02-11,3,1,2,0.3333333333333333,1138.8120877180481,-2217.788039932522,0.0,0.0,131396.19000105668,-1.6598473246954515,0.0,0.0,-0.01741873579030737,0.0,1.0235243770514892,0.0,RUN,False,,
2025-02-12,3,3,0,1.0,2755.4292978569283,1471.4014007916267,0.0,0.0,134151.6192989136,1.108983256208873,0.0,0.0,-0.007816769748759354,0.0,1.0235243770514892,0.0,RUN,False,,
2025-02-13,3,0,3,0.0,0,-701.5790569047676,0.0,0.0,131327.03601380085,-0.5313840916448709,0.0,0.0,-0.021055156097811063,0.0,1.0235243770514892,0.0,RUN,False,,
2025-02-14,3,3,0,1.0,1717.1197650604881,629.5248308921,0.0,0.0,133044.15577886134,0.4754193901272519,0.0,0.0,-0.01294794919377039,0.0,1.0235243770514892,0.0,RUN,False,,
2025-02-15,3,1,2,0.3333333333333333,511.59447059218655,125.8667314882332,0.0,0.0,132233.7716747592,0.09527570022571652,0.0,0.0,-0.0152343621815618,0.0,1.0235243770514892,0.0,RUN,False,,
2025-02-16,3,2,1,0.6666666666666666,505.99403654862544,9.216751443600515,0.0,0.0,132538.76661817444,0.006954487850352464,0.0,0.0,-0.013589612520844906,0.0,1.0235243770514892,0.0,RUN,False,,
2025-02-17,3,2,1,0.6666666666666666,698.3280933939095,-1326.929050464969,0.0,0.0,131423.17320256404,-0.9995691362525427,0.0,0.0,-0.02033852524933079,0.0,1.0235243770514892,0.0,RUN,False,,
2025-02-18,3,2,1,0.6666666666666666,717.1645642699732,-925.6592681146722,0.0,0.0,130798.65426650077,-0.7027246855770608,0.0,0.0,-0.024993846887094443,0.0,1.0235243770514892,0.0,RUN,False,,
2025-02-19,3,3,0,1.0,2259.6174654012284,916.1854923421342,0.0,0.0,133058.271731902,0.6933336065855444,0.0,0.0,-0.014979566179340261,0.0,1.0235243770514892,0.0,RUN,False,,
2025-02-20,3,1,2,0.3333333333333333,225.10003224320826,14.470157300384017,0.0,0.0,132933.52778342203,0.01088644289148899,0.0,0.0,-0.010757913734303069,0.0,1.0235243770514892,0.0,RUN,False,,
2025-02-21,3,2,1,0.6666666666666666,521.7710235703853,521.7710235703853,0.0,0.0,132874.47142331387,0.3942277127663374,0.0,0.0,-0.013409595117609521,0.0,1.0235243770514892,0.0,RUN,False,,
2025-02-22,3,1,2,0.3333333333333333,27.436395343975164,-520.8927206628723,0.0,0.0,132381.01509799497,-0.39193773002387244,0.0,0.0,-0.013198530216570957,0.0,1.0235243770514892,0.0,RUN,False,,
2025-02-23,3,2,1,0.6666666666666666,1464.0148691593786,287.7173337863351,0.0,0.0,133046.99125990213,0.21672108115509126,0.0,0.0,-0.01632767529379913,0.0,1.0235243770514892,0.0,RUN,False,,
2025-02-24,3,1,2,0.3333333333333333,1409.6692562271492,497.25773848075187,0.0,0.0,132649.74686422624,0.3762757264508254,0.0,0.0,-0.021703365983433132,0.0,1.0235243770514892,0.0,RUN,False,,
2025-02-25,3,1,2,0.3333333333333333,1006.7198742786713,596.864145640604,0.0,0.0,132921.7939884395,0.4510594839155946,0.0,0.0,-0.013616603852127434,0.0,1.0235243770514892,0.0,RUN,False,,
2025-02-26,3,1,2,0.3333333333333333,245.64289411937352,-463.7914948828111,0.0,0.0,131114.1924160016,-0.3524841170973736,0.0,0.0,-0.022641745949738196,0.0,1.0235243770514892,0.0,RUN,False,,
2025-02-27,3,1,2,0.3333333333333333,1878.7324504361022,-2055.3005283199745,0.0,0.0,130937.62433811773,-1.5454209540726072,0.0,0.0,-0.023957928928420302,0.0,1.0235243770514892,0.0,RUN,False,,
2025-02-28,3,3,0,1.0,1928.564481807276,1015.9137842328637,0.0,0.0,132866.188819925,0.7705056238660468,0.0,0.0,-0.017154800480593934,0.0,1.0235243770514892,0.0,RUN,False,,
2025-03-01,3,2,1,0.6666666666666666,2496.826321968256,2496.826321968256,0.0,0.0,134073.157620972,1.8976257335327817,0.0,0.0,-0.01919684617575631,0.0,1.0235243770514892,0.0,RUN,False,,
2025-03-02,3,1,2,0.3333333333333333,9267.406243089179,8720.056824953586,0.0,0.0,141224.73673245026,6.580942522966859,0.0,0.0,-0.016356782132187775,0.0,1.0235243770514892,0.0,RUN,False,,
2025-03-03,3,2,1,0.6666666666666666,1903.9754392185278,1903.9754392185278,0.0,0.0,132366.13554209197,1.4594081822017824,0.0,0.0,-0.07620886311132924,0.0,1.0235243770514892,0.0,RUN,False,,
2025-03-04,3,1,2,0.3333333333333333,2034.4397202261607,945.5857040530827,0.0,0.0,132645.19967970808,0.717986693740702,0.0,0.0,-0.06744656054725433,0.0,1.0235243770514892,0.0,RUN,False,,
2025-03-05,3,2,1,0.6666666666666666,1128.3404835021356,1128.3404835021356,0.0,0.0,133153.09480316303,0.8546431230390228,0.0,0.0,-0.06514427022950448,0.0,1.0235243770514892,0.0,RUN,False,,
2025-03-06,3,1,2,0.3333333333333333,578.9701482647215,-1670.4945640448568,0.0,0.0,130432.70873590371,-1.264537514848818,0.0,0.0,-0.07641740566308863,0.0,1.0235243770514892,0.0,RUN,False,,
2025-03-07,3,1,2,0.3333333333333333,5911.964037285972,3607.8706628779473,0.0,0.0,130101.85666264637,2.8522072684819655,0.0,0.0,-0.1043071566179598,0.0,1.0235243770514892,0.0,RUN,False,,
2025-03-08,3,2,1,0.6666666666666666,3273.212226835487,-199.63597014234983,0.0,0.0,132707.8570742148,-0.1502067081166958,0.0,0.0,-0.06361814304799315,0.0,1.0235243770514892,0.0,RUN,False,,
2025-03-09,3,1,2,0.3333333333333333,156.27882487050374,-2242.8529872647923,0.0,0.0,130621.2829118205,-1.6880800617017577,0.0,0.0,-0.07508212842852002,0.0,1.0235243770514892,0.0,RUN,False,,
2025-03-10,3,1,2,0.3333333333333333,3036.7022578411124,-2286.5186020540423,0.0,0.0,131371.46656760757,-1.7107235300244938,0.0,0.0,-0.06977014362228674,0.0,1.0235243770514892,0.0,RUN,False,,
2025-03-11,3,1,2,0.3333333333333333,3386.6689865226363,2972.7152332202095,0.0,0.0,132938.72867438197,2.287302006509595,0.0,0.0,-0.07972203419729579,0.0,1.0235243770514892,0.0,RUN,False,,
2025-03-12,3,1,2,0.3333333333333333,1328.6974688701157,799.1850824233843,0.0,0.0,132935.356355028,0.604819312324878,0.0,0.0,-0.06435533653756352,0.0,1.0235243770514892,0.0,RUN,False,,
2025-03-13,3,1,2,0.3333333333333333,456.97761962746154,-306.0717255193449,0.0,0.0,131899.5876719876,-0.23151181796163822,0.0,0.0,-0.06603056430637304,0.0,1.0235243770514892,0.0,RUN,False,,
2025-03-14,3,2,1,0.6666666666666666,1594.2597001021786,-102.779681810498,0.0,0.0,133256.85657058776,-0.07706955770033774,0.0,0.0,-0.05737019922298318,0.0,1.0235243770514892,0.0,RUN,False,,
2025-03-15,3,0,3,0.0,0,-350.381460489647,0.0,0.0,132736.8612346218,-0.2632720111966913,0.0,0.0,-0.06010190349236544,0.0,1.0235243770514892,0.0,RUN,False,,
2025-03-16,3,2,1,0.6666666666666666,893.6715490028437,893.6715490028437,0.0,0.0,133360.2069762282,0.6746394824327595,0.0,0.0,-0.06201605687406796,0.0,1.0235243770514892,0.0,RUN,False,,
2025-03-17,3,1,2,0.3333333333333333,248.9484574868984,-1122.1963413246267,0.0,0.0,132486.95909239046,-0.8399097634303687,0.0,0.0,-0.061871438688630605,0.0,1.0235243770514892,0.0,RUN,False,,
2025-03-18,3,2,1,0.6666666666666666,768.6198893712135,768.6198893712135,0.0,0.0,133182.0075907966,0.5804699228029397,0.0,0.0,-0.06239239126866239,0.0,1.0235243770514892,0.0,RUN,False,,
2025-03-19,3,1,2,0.3333333333333333,362.9298288237769,-927.9361857592012,0.0,0.0,132617.00123386117,-0.6948493920390764,0.0,0.0,-0.06095062166691384,0.0,1.0235243770514892,0.0,RUN,False,,
2025-03-20,3,1,2,0.3333333333333333,1271.2374901528237,245.33400235173758,0.0,0.0,131588.53386981343,0.18678850720805773,0.0,0.0,-0.06997029765195525,0.0,1.0235243770514892,0.0,RUN,False,,
2025-03-21,3,2,1,0.6666666666666666,2634.503642021242,504.93300543146324,0.0,0.0,133756.92574521486,0.3789309225697757,0.0,0.0,-0.05975479901424106,0.0,1.0235243770514892,0.0,RUN,False,,
2025-03-22,3,0,3,0.0,0,-606.2849053039099,0.0,0.0,132778.21901664537,-0.4545392361759548,0.0,0.0,-0.05980905265772799,0.0,1.0235243770514892,0.0,RUN,False,,
2025-03-23,3,1,2,0.3333333333333333,302.9911989343527,-572.3342059998249,0.0,0.0,132508.8760095799,-0.43006387233230914,0.0,0.0,-0.06171624691630708,0.0,1.0235243770514892,0.0,RUN,False,,
2025-03-24,3,1,2,0.3333333333333333,1058.877027813578,-1792.4693361152022,0.0,0.0,130710.23158014056,-1.3527794706977958,0.0,0.0,-0.07445229069344546,0.0,1.0235243770514892,0.0,RUN,False,,
2025-03-25,3,2,1,0.6666666666666666,1888.506663203647,-1133.3107780761202,0.0,0.0,131449.39686283053,-0.8547953185159218,0.0,0.0,-0.0692183260227213,0.0,1.0235243770514892,0.0,RUN,False,,
2025-03-26,3,2,1,0.6666666666666666,1253.524281998194,-699.0527249405568,0.0,0.0,131719.24418934592,-0.52791248734535,0.0,0.0,-0.06932295998677573,0.0,1.0235243770514892,0.0,RUN,False,,
2025-03-27,3,1,2,0.3333333333333333,1659.7430790258513,-806.6738102784147,0.0,0.0,132572.31345809335,-0.6047982720511325,0.0,0.0,-0.061267051895794185,0.0,1.0235243770514892,0.0,RUN,False,,
2025-03-28,3,1,2,0.3333333333333333,395.4002857982414,-420.94085656144307,0.0,0.0,132546.77288733015,-0.31657373411128065,0.0,0.0,-0.061447902441910535,0.0,1.0235243770514892,0.0,RUN,False,,
2025-03-29,3,2,1,0.6666666666666666,607.5413846011506,-1005.1091999884229,0.0,0.0,132047.9023543179,-0.755420105300042,0.0,0.0,-0.06498036102214758,0.0,1.0235243770514892,0.0,RUN,False,,
2025-03-30,3,2,1,0.6666666666666666,1390.4144237563014,-1123.4387194309966,0.0,0.0,131808.57101907287,-0.8451227974668907,0.0,0.0,-0.06667504525936044,0.0,1.0235243770514892,0.0,RUN,False,,
2025-03-31,3,1,2,0.3333333333333333,1261.4115035584546,1242.3237339514017,0.0,0.0,132692.1174210038,0.9450937115268898,0.0,0.0,-0.06921551614513868,0.0,1.0235243770514892,0.0,RUN,False,,
2025-04-01,3,2,1,0.6666666666666666,1782.5211279962969,-650.9081371637003,0.0,0.0,132642.69840713596,-0.4883266002314812,0.0,0.0,-0.06076866223211967,0.0,1.0235243770514892,0.0,RUN,False,,
2025-04-02,3,2,1,0.6666666666666666,1015.2205760239158,1015.2205760239158,0.0,0.0,133189.36115120555,0.7680931925155621,0.0,0.0,-0.0640864792293077,0.0,1.0235243770514892,0.0,RUN,False,,
2025-04-03,3,1,2,0.3333333333333333,1198.7082349855627,-1994.4515106684994,0.0,0.0,132393.6178755226,-1.4840986404358825,0.0,0.0,-0.06253237967551084,0.0,1.0235243770514892,0.0,RUN,False,,
2025-04-04,3,2,1,0.6666666666666666,1226.6485566939227,900.8372299824841,0.0,0.0,133428.10072736713,0.6797372904332688,0.0,0.0,-0.061586046724540496,0.0,1.0235243770514892,0.0,RUN,False,,
2025-04-05,3,1,2,0.3333333333333333,181.93187776239938,81.62706653075293,0.0,0.0,133128.58612306367,0.061352072313103356,0.0,0.0,-0.05861637754603704,0.0,1.0235243770514892,0.0,RUN,False,,
2025-04-06,3,0,3,0.0,0,-1748.4855997913983,0.0,0.0,131343.43807805405,-1.3137428263668927,0.0,0.0,-0.06996861090360032,0.0,1.0235243770514892,0.0,RUN,False,,
2025-04-07,3,2,1,0.6666666666666666,4198.050129251758,-1708.6173727497953,0.0,0.0,130811.59046818149,-1.289325907789629,0.0,0.0,-0.07373457727874144,0.0,1.0235243770514892,0.0,RUN,False,,
2025-04-08,3,2,1,0.6666666666666666,1690.9644266371179,-2456.3390259698062,0.0,0.0,129991.76237462032,-1.8545671851804002,0.0,0.0,-0.07953970825317074,0.0,1.0235243770514892,0.0,RUN,False,,
2025-04-09,3,2,1,0.6666666666666666,4885.964070790695,1731.915593982034,0.0,0.0,134590.70491334805,1.3035762277035845,0.0,0.0,-0.0612709157429001,0.0,1.0235243770514892,0.0,RUN,False,,
2025-04-10,3,2,1,0.6666666666666666,2417.4695886803966,2417.4695886803966,0.0,0.0,134225.23138567831,1.8340874283288677,0.0,0.0,-0.06668077529004542,0.0,1.0235243770514892,0.0,RUN,False,,
2025-04-11,3,1,2,0.3333333333333333,1364.827834621101,1331.8350136195368,0.0,0.0,133195.8483990551,1.0100064296743483,0.0,0.0,-0.06628246271578148,0.0,1.0235243770514892,0.0,RUN,False,,
2025-04-12,3,1,2,0.3333333333333333,554.914147724543,-536.7264016896079,0.0,0.0,132201.0343881779,-0.4043509537118739,0.0,0.0,-0.0638960464933825,0.0,1.0235243770514892,0.0,RUN,False,,
2025-04-13,3,3,0,1.0,1469.4621755438566,603.6755351274915,0.0,0.0,133670.49656372177,0.45366345303896605,0.0,0.0,-0.05776548707122832,0.0,1.0235243770514892,0.0,RUN,False,,
2025-04-14,3,1,2,0.3333333333333333,392.445515940286,-838.5419525116449,0.0,0.0,133224.4001271504,-0.6254837761305976,0.0,0.0,-0.05664968326658278,0.0,1.0235243770514892,0.0,RUN,False,,
2025-04-15,3,2,1,0.6666666666666666,473.618893914565,-531.360980201629,0.0,0.0,133068.87305959946,-0.39772458785014564,0.0,0.0,-0.058443363712910965,0.0,1.0235243770514892,0.0,RUN,False,,
2025-04-16,3,1,2,0.3333333333333333,1501.3997017130314,987.3003130586876,0.0,0.0,133302.04211782842,0.746175595849663,0.0,0.0,-0.06309089422882395,0.0,1.0235243770514892,0.0,RUN,False,,
2025-04-17,3,2,1,0.6666666666666666,1909.086783765728,787.2583329491317,0.0,0.0,134306.20369425835,0.5896229413876686,0.0,0.0,-0.06097173043267767,0.0,1.0235243770514892,0.0,RUN,False,,
2025-04-18,3,2,1,0.6666666666666666,541.8153009534872,541.8153009534872,0.0,0.0,133329.29569138816,0.40803191638276726,0.0,0.0,-0.05974347368053466,0.0,1.0235243770514892,0.0,RUN,False,,
2025-04-19,3,1,2,0.3333333333333333,296.33176363882376,-445.3872403727728,0.0,0.0,132492.4311348505,-0.3350342632490344,0.0,0.0,-0.06183269163491564,0.0,1.0235243770514892,0.0,RUN,False,,
2025-04-20,3,2,1,0.6666666666666666,1471.424561289139,615.6435325320053,0.0,0.0,133626.6317094854,0.4628516342672251,0.0,0.0,-0.06054868814059747,0.0,1.0235243770514892,0.0,RUN,False,,
2025-04-21,3,1,2,0.3333333333333333,1523.4210389143846,-4128.167450216322,0.0,0.0,131021.88529818346,-3.0545067251297797,0.0,0.0,-0.07224549799371235,0.0,1.0235243770514892,0.0,RUN,False,,
2025-04-22,3,2,1,0.6666666666666666,2376.2330349217664,-332.05905361901387,0.0,0.0,132480.51490850488,-0.2500207952552125,0.0,0.0,-0.06191706939069234,0.0,1.0235243770514892,0.0,RUN,False,,
2025-04-23,3,3,0,1.0,870.338270792301,834.5797124437522,0.0,0.0,133350.85317929718,0.6297941306450339,0.0,0.0,-0.061663866168821274,0.0,1.0235243770514892,0.0,RUN,False,,
2025-04-24,3,1,2,0.3333333333333333,1298.478936644824,773.0388390541193,0.0,0.0,133467.79654269046,0.5825692381764114,0.0,0.0,-0.06412063025162569,0.0,1.0235243770514892,0.0,RUN,False,,
2025-04-25,3,1,2,0.3333333333333333,101.47556135081686,-161.79253031528788,0.0,0.0,133095.27579496172,-0.12141384494543939,0.0,0.0,-0.05828254092930496,0.0,1.0235243770514892,0.0,RUN,False,,
2025-04-26,3,1,2,0.3333333333333333,659.7591069079936,-573.8508908617077,0.0,0.0,133181.184011008,-0.4290312445305089,0.0,0.0,-0.056955692802463695,0.0,1.0235243770514892,0.0,RUN,False,,
2025-04-27,3,1,2,0.3333333333333333,909.1422980075586,-911.3739810367115,0.0,0.0,133178.95232797886,-0.6796716855893226,0.0,0.0,-0.056971495154663376,0.0,1.0235243770514892,0.0,RUN,False,,
2025-04-28,3,1,2,0.3333333333333333,1073.8973273191077,622.1244849061477,0.0,0.0,132864.9101013226,0.47044115261658526,0.0,0.0,-0.06360040970053336,0.0,1.0235243770514892,0.0,RUN,False,,
2025-04-29,3,2,1,0.6666666666666666,739.7771677191195,11.148553044593427,0.0,0.0,133252.14932052259,0.008367209027526634,0.0,0.0,-0.056532135585406845,0.0,1.0235243770514892,0.0,RUN,False,,
2025-04-30,3,2,1,0.6666666666666666,401.83731701545184,-423.3020452312194,0.0,0.0,133190.85073230023,-0.31680928736346203,0.0,0.0,-0.05716930367129841,0.0,1.0235243770514892,0.0,RUN,False,,
2025-05-01,3,2,1,0.6666666666666666,336.8801471940824,47.43489545583725,0.0,0.0,133489.1506856248,0.035547276333303124,0.0,0.0,-0.05511089007746706,0.0,1.0235243770514892,0.0,RUN,False,,
2025-05-02,3,1,2,0.3333333333333333,364.9756838470348,-326.42590632798965,0.0,0.0,133527.70046314385,-0.24386689837784248,0.0,0.0,-0.054502040134005815,0.0,1.0235243770514892,0.0,RUN,False,,
2025-05-03,3,1,2,0.3333333333333333,165.5870130569965,-157.05121045763372,0.0,0.0,132699.15953350265,-0.1182114178766569,0.0,0.0,-0.06036886593812017,0.0,1.0235243770514892,0.0,RUN,False,,
2025-05-04,3,2,1,0.6666666666666666,876.4510328992328,-302.32695017082733,0.0,0.0,132925.79755829138,-0.22692427089718858,0.0,0.0,-0.06122458028354604,0.0,1.0235243770514892,0.0,RUN,False,,
2025-05-05,3,2,1,0.6666666666666666,1401.1408721124753,-10.191612953989534,0.0,0.0,133685.23295128878,-0.007623008032775491,0.0,0.0,-0.057858260786157606,0.0,1.0235243770514892,0.0,RUN,False,,
2025-05-06,3,1,2,0.3333333333333333,154.24529931970756,-166.70179044356337,0.0,0.0,132629.922509299,-0.12553164760219504,0.0,0.0,-0.060859127246482965,0.0,1.0235243770514892,0.0,RUN,False,,
2025-05-07,3,1,2,0.3333333333333333,1806.949675258249,-1573.697475561261,0.0,0.0,132863.174708996,-1.170584713843137,0.0,0.0,-0.05920748883600475,0.0,1.0235243770514892,0.0,RUN,False,,
2025-05-08,3,1,2,0.3333333333333333,1362.5198657408764,-782.8828277686262,0.0,0.0,133442.81174696825,-0.583258540958953,0.0,0.0,-0.05510312970329579,0.0,1.0235243770514892,0.0,RUN,False,,
2025-05-09,3,1,2,0.3333333333333333,1407.7204047475825,182.4388615489297,0.0,0.0,132816.42844696765,0.1375506098543644,0.0,0.0,-0.06083032863645322,0.0,1.0235243770514892,0.0,RUN,False,,
2025-05-10,3,2,1,0.6666666666666666,1571.7733811208163,1571.7733811208163,0.0,0.0,134150.14220656437,1.1855428566859727,0.0,0.0,-0.06122417436958805,0.0,1.0235243770514892,0.0,RUN,False,,
2025-05-11,3,1,2,0.3333333333333333,1804.7521503102034,1466.329525504203,0.0,0.0,133386.17201127583,1.1115306824766469,0.0,0.0,-0.06588714174278627,0.0,1.0235243770514892,0.0,RUN,False,,
2025-05-12,3,1,2,0.3333333333333333,624.1908092403901,-176.66723025293322,0.0,0.0,133833.6955902633,-0.13183102152297677,0.0,0.0,-0.052335315421329236,0.0,1.0235243770514892,0.0,RUN,False,,
2025-05-13,3,2,1,0.6666666666666666,2088.5934097390564,2088.5934097390564,0.0,0.0,134153.8368442472,1.5814860559998811,0.0,0.0,-0.06485757035111155,0.0,1.0235243770514892,0.0,RUN,False,,
2025-05-14,3,1,2,0.3333333333333333,1168.6683260628197,-550.7022754849459,0.0,0.0,133051.37798298136,-0.4121958837912998,0.0,0.0,-0.06615007605381594,0.0,1.0235243770514892,0.0,RUN,False,,
2025-05-15,3,2,1,0.6666666666666666,1435.8029833199398,205.57893938961206,0.0,0.0,134319.00750695146,0.15328736397641762,0.0,0.0,-0.05035455069291974,0.0,1.0235243770514892,0.0,RUN,False,,
2025-05-16,3,1,2,0.3333333333333333,1081.9283931162063,-970.9135202734324,0.0,0.0,131722.7086164765,-0.7316956946678554,0.0,0.0,-0.07494406967202369,0.0,1.0235243770514892,0.0,RUN,False,,
2025-05-17,3,1,2,0.3333333333333333,771.7916092537344,277.2055851405894,0.0,0.0,131384.94306472503,0.2114334290787001,0.0,0.0,-0.07163758621148954,0.0,1.0235243770514892,0.0,RUN,False,,
2025-05-18,3,1,2,0.3333333333333333,1916.2525162528618,-983.3100585081556,0.0,0.0,132317.88552246973,-0.7376603444721685,0.0,0.0,-0.0630686338389465,0.0,1.0235243770514892,0.0,RUN,False,,
2025-05-19,3,2,1,0.6666666666666666,6516.96149459359,6516.96149459359,0.0,0.0,134585.64261239415,5.088645746729559,0.0,0.0,-0.093156878313562,0.0,1.0235243770514892,0.0,RUN,False,,
2025-05-20,3,1,2,0.3333333333333333,440.57080592401326,-589.3167017920932,0.0,0.0,131748.45521604776,-0.44531254626076766,0.0,0.0,-0.06710071999889987,0.0,1.0235243770514892,0.0,RUN,False,,
2025-05-21,3,2,1,0.6666666666666666,2360.8215034691966,1107.457078790263,0.0,0.0,133478.2473322816,0.8366325204144154,0.0,0.0,-0.0671622839287958,0.0,1.0235243770514892,0.0,RUN,False,,
2025-05-22,3,1,2,0.3333333333333333,639.8062680386065,-2272.686341867142,0.0,0.0,131845.36725845307,-1.694541697301899,0.0,0.0,-0.06641449430892808,0.0,1.0235243770514892,0.0,RUN,False,,
2025-05-23,3,2,1,0.6666666666666666,2513.8639395085047,-0.24510037832078524,0.0,0.0,132846.39101739385,-0.00018449874643611253,0.0,0.0,-0.05932633268723419,0.0,1.0235243770514892,0.0,RUN,False,,
2025-05-24,3,1,2,0.3333333333333333,1813.7817933156039,869.9723083994177,0.0,0.0,132741.05588921267,0.6597142336107975,0.0,0.0,-0.0662323992811363,0.0,1.0235243770514892,0.0,RUN,False,,
2025-05-25,3,2,1,0.6666666666666666,2803.779540426709,2803.779540426709,0.0,0.0,132700.96852210123,2.1584605197439988,0.0,0.0,-0.08020937417101176,0.0,1.0235243770514892,0.0,RUN,False,,
2025-05-26,3,1,2,0.3333333333333333,1520.66975922868,-3203.170084768979,0.0,0.0,131018.46819656093,-2.3864781608872176,0.0,0.0,-0.07226969419121708,0.0,1.0235243770514892,0.0,RUN,False,,
2025-05-27,3,2,1,0.6666666666666666,2641.382106353747,835.7197065867367,0.0,0.0,132706.1183596679,0.6337432169180923,0.0,0.0,-0.06623724919445849,0.0,1.0235243770514892,0.0,RUN,False,,
2025-05-28,3,3,0,1.0,1117.7994796865096,799.4796966701979,0.0,0.0,133823.9178393544,0.6010021224917006,0.0,0.0,-0.05806559657676325,0.0,1.0235243770514892,0.0,RUN,False,,
2025-05-29,3,1,2,0.3333333333333333,769.6456160366943,-2633.521020444721,0.0,0.0,131960.04243494637,-1.9566470734817543,0.0,0.0,-0.06560248942121105,0.0,1.0235243770514892,0.0,RUN,False,,
2025-05-30,3,1,2,0.3333333333333333,4367.566465021242,-33.58266152025317,0.0,0.0,128804.88186445915,-0.026065710767209094,0.0,0.0,-0.0879439052630027,0.0,1.0235243770514892,0.0,RUN,False,,
2025-05-31,3,3,0,1.0,4539.243258110291,1015.0091321278596,0.0,0.0,133344.12512256944,0.7670338644151231,0.0,0.0,-0.06298911187819307,0.0,1.0235243770514892,0.0,RUN,False,,
2025-06-01,3,1,2,0.3333333333333333,1839.9837025397865,1624.2226997971593,0.0,0.0,134183.71073733087,1.2252783439667958,0.0,0.0,-0.06288565235199704,0.0,1.0235243770514892,0.0,RUN,False,,
2025-06-02,3,1,2,0.3333333333333333,581.6089540401008,141.22560109797632,0.0,0.0,132745.74776833385,0.10650134610030726,0.0,0.0,-0.06415730082274308,0.0,1.0235243770514892,0.0,RUN,False,,
2025-06-03,3,1,2,0.3333333333333333,1603.616115960438,-3090.026215552498,0.0,0.0,131259.3376687418,-2.299993186580118,0.0,0.0,-0.07056411854098815,0.0,1.0235243770514892,0.0,RUN,False,,
2025-06-04,3,2,1,0.6666666666666666,2149.682666926674,-333.3661364748841,0.0,0.0,132869.8137884063,-0.25026890248632805,0.0,0.0,-0.05916047809579095,0.0,1.0235243770514892,0.0,RUN,False,,
2025-06-05,3,1,2,0.3333333333333333,535.536539788649,-3121.5733396925352,0.0,0.0,130283.7769885024,-2.3399161517982936,0.0,0.0,-0.07747197833107285,0.0,1.0235243770514892,0.0,RUN,False,,
2025-06-06,3,1,2,0.3333333333333333,3744.4311576941836,-2123.7856007601076,0.0,0.0,131904.42254543648,-1.5845810595658372,0.0,0.0,-0.06599632899065748,0.0,1.0235243770514892,0.0,RUN,False,,
2025-06-07,3,1,2,0.3333333333333333,1634.3390904461849,-1149.9437123682874,0.0,0.0,132388.81792351438,-0.8611310291343099,0.0,0.0,-0.06256636771556172,0.0,1.0235243770514892,0.0,RUN,False,,
2025-06-08,3,3,0,1.0,1690.5489239508752,1677.887903601979,0.0,0.0,134079.36684746525,1.2672727804750483,0.0,0.0,-0.062476716138636625,0.0,1.0235243770514892,0.0,RUN,False,,
2025-06-09,3,2,1,0.6666666666666666,1103.565960577398,1103.565960577398,0.0,0.0,133864.75406381648,0.8312414014547853,0.0,0.0,-0.05992964706491424,0.0,1.0235243770514892,0.0,RUN,False,,
2025-06-10,3,0,3,0.0,0,-592.8503561016114,0.0,0.0,132399.77916280171,-0.4457768511279325,0.0,0.0,-0.06248875213955888,0.0,1.0235243770514892,0.0,RUN,False,,
2025-06-11,3,2,1,0.6666666666666666,661.8299351721071,661.8299351721071,0.0,0.0,132659.98118283704,0.5013933368887447,0.0,0.0,-0.06533264425385371,0.0,1.0235243770514892,0.0,RUN,False,,
2025-06-12,3,3,0,1.0,2022.1415016536776,1572.6702440021909,0.0,0.0,134682.12268449072,1.181486524937303,0.0,0.0,-0.05746361777495186,0.0,1.0235243770514892,0.0,RUN,False,,
2025-06-13,3,2,1,0.6666666666666666,7912.528733401588,7912.528733401588,0.0,0.0,133687.45883359647,6.291022167214333,0.0,0.0,-0.10939872850692567,0.0,1.0235243770514892,0.0,RUN,False,,
2025-06-14,3,1,2,0.3333333333333333,758.5286488561542,-405.864419418358,0.0,0.0,131727.51770523525,-0.3071626661576454,0.0,0.0,-0.06724897668039169,0.0,1.0235243770514892,0.0,RUN,False,,
2025-06-15,3,2,1,0.6666666666666666,3462.449789301958,-16.52621056381031,0.0,0.0,133849.23785463546,-0.012345360054688559,0.0,0.0,-0.0616018305888882,0.0,1.0235243770514892,0.0,RUN,False,,
2025-06-16,3,2,1,0.6666666666666666,1333.585856411053,1333.585856411053,0.0,0.0,133862.1155547038,1.006263224565318,0.0,0.0,-0.06157708086673536,0.0,1.0235243770514892,0.0,RUN,False,,
2025-06-17,3,1,2,0.3333333333333333,1246.488911430759,-4089.020784149936,0.0,0.0,131019.58368198463,-3.0264695578103296,0.0,0.0,-0.0722617955365656,0.0,1.0235243770514892,0.0,RUN,False,,
2025-06-18,3,1,2,0.3333333333333333,3069.7904883119627,-1811.605547422194,0.0,0.0,132277.7686228744,-1.3510433310855885,0.0,0.0,-0.06335269809371892,0.0,1.0235243770514892,0.0,RUN,False,,
2025-06-19,3,1,2,0.3333333333333333,1324.6352644469298,-528.4974758130265,0.0,0.0,133073.9064115083,-0.39557482532930344,0.0,0.0,-0.05771531609496764,0.0,1.0235243770514892,0.0,RUN,False,,
2025-06-20,3,2,1,0.6666666666666666,327.8249865020334,-962.3817279097857,0.0,0.0,132353.44178061213,-0.7218810960187838,0.0,0.0,-0.06281686308712868,0.0,1.0235243770514892,0.0,RUN,False,,
2025-06-21,3,2,1,0.6666666666666666,2004.0268838689663,-351.85669752192916,0.0,0.0,132906.00485631282,-0.26404198102772947,0.0,0.0,-0.05890421231159553,0.0,1.0235243770514892,0.0,RUN,False,,
2025-06-22,3,2,1,0.6666666666666666,2825.672874889482,815.5401927651546,0.0,0.0,135061.90882427932,0.6074951606353629,0.0,0.0,-0.05415578874364225,0.0,1.0235243770514892,0.0,RUN,False,,
2025-06-23,3,0,3,0.0,0,-2494.635687692469,0.0,0.0,131512.3174698379,-1.8615718281124738,0.0,0.0,-0.06877279071167608,0.0,1.0235243770514892,0.0,RUN,False,,
2025-06-24,3,3,0,1.0,4473.754800491937,3628.4255404162104,0.0,0.0,135986.07227032984,2.7413796105186794,0.0,0.0,-0.0627870882091662,0.0,1.0235243770514892,0.0,RUN,False,,
2025-06-25,3,1,2,0.3333333333333333,750.467741548724,-478.3163296804996,0.0,0.0,133359.9926923662,-0.3573837215783304,0.0,0.0,-0.06100356057277879,0.0,1.0235243770514892,0.0,RUN,False,,
2025-06-26,3,1,2,0.3333333333333333,432.4700583347876,-1054.5843874650309,0.0,0.0,132737.87836323597,-0.7882240641836957,0.0,0.0,-0.06009470129367356,0.0,1.0235243770514892,0.0,RUN,False,,
2025-06-27,3,1,2,0.3333333333333333,2350.822168939194,1296.7286470492836,0.0,0.0,133380.34272910753,0.9817483084947121,0.0,0.0,-0.06472748940371421,0.0,1.0235243770514892,0.0,RUN,False,,
2025-06-28,3,1,2,0.3333333333333333,637.8287256302428,608.0590044296696,0.0,0.0,133629.7290095529,0.45711274291342363,0.0,0.0,-0.058295994306752995,0.0,1.0235243770514892,0.0,RUN,False,,
2025-06-29,3,1,2,0.3333333333333333,348.27069850073894,-286.2889870716317,0.0,0.0,133195.4198174751,-0.21447806567328476,0.0,0.0,-0.056854890302869956,0.0,1.0235243770514892,0.0,RUN,False,,
2025-06-30,3,2,1,0.6666666666666666,1000.6634912447189,-709.9122116851213,0.0,0.0,133051.27910019824,-0.5307310773196239,0.0,0.0,-0.06095497027122781,0.0,1.0235243770514892,0.0,RUN,False,,
2025-07-01,3,2,1,0.6666666666666666,2342.3592698038556,292.4116402308864,0.0,0.0,134020.87726109277,0.21866073081246995,0.0,0.0,-0.06280084088455444,0.0,1.0235243770514892,0.0,RUN,False,,
2025-07-02,3,2,1,0.6666666666666666,3224.1372234377486,3224.1372234377486,0.0,0.0,136211.52654912876,2.4243931998256807,0.0,0.0,-0.05832793600716616,0.0,1.0235243770514892,0.0,RUN,False,,
2025-07-03,3,1,2,0.3333333333333333,780.1042104820663,-77.02745021009468,0.0,0.0,133797.40034265345,-0.05753709015232644,0.0,0.0,-0.058116168528094626,0.0,1.0235243770514892,0.0,RUN,False,,
2025-07-04,3,1,2,0.3333333333333333,258.43244028132176,-508.70824916663696,0.0,0.0,132823.80578646468,-0.38153353129657397,0.0,0.0,-0.0594862567306541,0.0,1.0235243770514892,0.0,RUN,False,,
2025-07-05,3,2,1,0.6666666666666666,1438.9416424863157,-899.7343738288619,0.0,0.0,133214.98354416442,-0.6708692288187379,0.0,0.0,-0.057764545277209,0.0,1.0235243770514892,0.0,RUN,False,,
2025-07-06,3,2,1,0.6666666666666666,1157.993620312016,364.0937582858314,0.0,0.0,133943.87085363944,0.27256652631328926,0.0,0.0,-0.05717175428855594,0.0,1.0235243770514892,0.0,RUN,False,,
2025-07-07,3,1,2,0.3333333333333333,1080.088889252278,47.82511274778517,0.0,0.0,132722.23816318857,0.0360469751839787,0.0,0.0,-0.06054409361872653,0.0,1.0235243770514892,0.0,RUN,False,,
2025-07-08,3,2,1,0.6666666666666666,1798.3731850366748,597.2962759675283,0.0,0.0,134206.16754346088,0.44704836610116594,0.0,0.0,-0.05615382583254669,0.0,1.0235243770514892,0.0,RUN,False,,
2025-07-09,3,1,2,0.3333333333333333,1462.0612087674963,870.2049822233967,0.0,0.0,134369.40273455615,0.6518428551441913,0.0,0.0,-0.05889474747203019,0.0,1.0235243770514892,0.0,RUN,False,,
2025-07-10,3,2,1,0.6666666666666666,3493.2774337863084,3493.2774337863084,0.0,0.0,136054.94580637364,2.635209315537468,0.0,0.0,-0.06134242881454314,0.0,1.0235243770514892,0.0,RUN,False,,
2025-07-11,3,1,2,0.3333333333333333,2380.749719732179,2147.625754507433,0.0,0.0,134593.02388450218,1.6215178366556282,0.0,0.0,-0.06216572822569981,0.0,1.0235243770514892,0.0,RUN,False,,
2025-07-12,3,2,1,0.6666666666666666,702.7231194900232,702.7231194900232,0.0,0.0,134150.73110258623,0.5265894411695005,0.0,0.0,-0.05506633561007824,0.0,1.0235243770514892,0.0,RUN,False,,
2025-07-13,3,0,3,0.0,0,-950.6068302784115,0.0,0.0,132787.37427294164,-0.7107979516639551,0.0,0.0,-0.059744225089214835,0.0,1.0235243770514892,0.0,RUN,False,,
2025-07-14,3,2,1,0.6666666666666666,2374.762501807156,762.332948305353,0.0,0.0,134769.36162661854,0.5688753461845275,0.0,0.0,-0.053889165441925055,0.0,1.0235243770514892,0.0,RUN,False,,
2025-07-15,3,2,1,0.6666666666666666,1857.1681754076853,1857.1681754076853,0.0,0.0,134629.94934836653,1.3987567022403669,0.0,0.0,-0.05984755755292086,0.0,1.0235243770514892,0.0,RUN,False,,
2025-07-16,3,2,1,0.6666666666666666,2024.196364225907,2024.196364225907,0.0,0.0,136381.44880557954,1.5065776706839618,0.0,0.0,-0.04862805518347008,0.0,1.0235243770514892,0.0,RUN,False,,
2025-07-17,3,0,3,0.0,0,-1168.9646123158163,0.0,0.0,132672.8853689118,-0.8733924497306145,0.0,0.0,-0.060554910997921665,0.0,1.0235243770514892,0.0,RUN,False,,
2025-07-18,3,2,1,0.6666666666666666,5815.07197764513,-2437.448292588466,0.0,0.0,134400.7075185655,-1.7812636235410184,0.0,0.0,-0.060002453857225996,0.0,1.0235243770514892,0.0,RUN,False,,
2025-07-19,3,2,1,0.6666666666666666,1553.6999715471466,1553.6999715471466,0.0,0.0,134156.72742321895,1.1716926841006003,0.0,0.0,-0.06104956879553082,0.0,1.0235243770514892,0.0,RUN,False,,
2025-07-20,3,2,1,0.6666666666666666,1774.9470664889668,115.99652087598224,0.0,0.0,134449.00406191434,0.08634997682199774,0.0,0.0,-0.04879973120054919,0.0,1.0235243770514892,0.0,RUN,False,,
2025-07-21,3,1,2,0.3333333333333333,451.4250369803631,-1058.6165691764909,0.0,0.0,132457.48785181437,-0.7928755664099896,0.0,0.0,-0.062080121963657184,0.0,1.0235243770514892,0.0,RUN,False,,
2025-07-22,3,2,1,0.6666666666666666,3053.4527059490792,315.08962736921967,0.0,0.0,134643.5515077065,0.23456654156428502,0.0,0.0,-0.054973824570678224,0.0,1.0235243770514892,0.0,RUN,False,,
2025-07-23,3,1,2,0.3333333333333333,1648.1795285714616,-2262.98473460479,0.0,0.0,130799.07540811614,-1.7006987056848,0.0,0.0,-0.073823195323674,0.0,1.0235243770514892,0.0,RUN,False,,
2025-07-24,3,2,1,0.6666666666666666,5155.3916698752,-3106.849940895685,0.0,0.0,132214.59960117468,-2.2959035329648825,0.0,0.0,-0.063799992407458,0.0,1.0235243770514892,0.0,RUN,False,,
2025-07-25,3,3,0,1.0,3145.1036833337857,2578.5888563620974,0.0,0.0,135359.70328450846,1.9419846470391633,0.0,0.0,-0.059788550502312514,0.0,1.0235243770514892,0.0,RUN,False,,
2025-07-26,3,1,2,0.3333333333333333,1448.4615767982323,-11.233668031200068,0.0,0.0,134018.94526735457,-0.00838144671627683,0.0,0.0,-0.05102357867196471,0.0,1.0235243770514892,0.0,RUN,False,,
2025-07-27,3,2,1,0.6666666666666666,1858.0218420560122,181.813719175203,0.0,0.0,135157.80668024134,0.13470078284785192,0.0,0.0,-0.04933911977300435,0.0,1.0235243770514892,0.0,RUN,False,,
2025-07-28,3,1,2,0.3333333333333333,91.53423912229482,-340.73762264315155,0.0,0.0,134266.8835219052,-0.25313397543609284,0.0,0.0,-0.04926794959247603,0.0,1.0235243770514892,0.0,RUN,False,,
2025-07-29,3,2,1,0.6666666666666666,239.87520560447592,239.87520560447592,0.0,0.0,134369.0344296569,0.17883896908932329,0.0,0.0,-0.050243163291147655,0.0,1.0235243770514892,0.0,RUN,False,,
2025-07-30,3,1,2,0.3333333333333333,1024.9323248216242,544.2317628849705,0.0,0.0,134281.22618532,0.40694182281821867,0.0,0.0,-0.053020047926877874,0.0,1.0235243770514892,0.0,RUN,False,,
2025-07-31,3,2,1,0.6666666666666666,2972.0684944451205,-378.96752352203475,0.0,0.0,135843.15683518554,-0.27819821875931794,0.0,0.0,-0.04540812301510039,0.0,1.0235243770514892,0.0,RUN,False,,
2025-08-01,3,1,2,0.3333333333333333,381.9236241239414,-132.87817426840775,0.0,0.0,133324.62676957133,-0.0995659062593135,0.0,0.0,-0.05864435493827931,0.0,1.0235243770514892,0.0,RUN,False,,
2025-08-02,3,2,1,0.6666666666666666,4474.631476330833,-1153.2957047978125,0.0,0.0,135192.9346865599,-0.8458581520644048,0.0,0.0,-0.052999425409549925,0.0,1.0235243770514892,0.0,RUN,False,,
2025-08-03,3,2,1,0.6666666666666666,866.842938628426,-621.278663327801,0.0,0.0,135167.19072794076,-0.4575341824773149,0.0,0.0,-0.044814062924537386,0.0,1.0235243770514892,0.0,RUN,False,,
2025-08-04,3,2,1,0.6666666666666666,3748.5526327506814,-451.18008471411304,0.0,0.0,136703.60759531904,-0.3289568613285776,0.0,0.0,-0.044482892750516374,0.0,1.0235243770514892,0.0,RUN,False,,
2025-08-05,3,1,2,0.3333333333333333,1447.0274245514302,915.0114741458965,0.0,0.0,135035.72156180424,0.6822298163705387,0.0,0.0,-0.05030299088643702,0.0,1.0235243770514892,0.0,RUN,False,,
2025-08-06,3,1,2,0.3333333333333333,487.96765891552786,310.97093678091187,0.0,0.0,133699.04532189076,0.23313248820362453,0.0,0.0,-0.05549072017168587,0.0,1.0235243770514892,0.0,RUN,False,,
2025-08-07,3,2,1,0.6666666666666666,1267.740690353472,-1185.1969174401602,0.0,0.0,133279.7569317075,-0.8814169666616634,0.0,0.0,-0.05625770657866047,0.0,1.0235243770514892,0.0,RUN,False,,
2025-08-08,3,2,1,0.6666666666666666,2447.618321627,1248.8083703375887,0.0,0.0,135347.65892040712,0.931259563534681,0.0,0.0,-0.05314651447732868,0.0,1.0235243770514892,0.0,RUN,False,,
2025-08-09,3,1,2,0.3333333333333333,679.7391067535791,-414.5616993054282,0.0,0.0,134549.84729318388,-0.3071637199763555,0.0,0.0,-0.047264307894670975,0.0,1.0235243770514892,0.0,RUN,False,,
2025-08-10,3,1,2,0.3333333333333333,2210.6624718480452,-1399.9718583630456,0.0,0.0,135360.53790666888,-1.0236667447118597,0.0,0.0,-0.041523878616896145,0.0,1.0235243770514892,0.0,RUN,False,,
2025-08-11,3,1,2,0.3333333333333333,967.3728632966231,-556.347573406616,0.0,0.0,134063.5693597032,-0.4132728544789188,0.0,0.0,-0.050707599379801765,0.0,1.0235243770514892,0.0,RUN,False,,
2025-08-12,3,2,1,0.6666666666666666,3335.102949205495,-383.1518595465459,0.0,0.0,135897.690774432,-0.28114873091562576,0.0,0.0,-0.0456356002642666,0.0,1.0235243770514892,0.0,RUN,False,,
2025-08-13,3,1,2,0.3333333333333333,650.1490715451655,109.59837185996003,0.0,0.0,135974.84511736213,0.08066696560398157,0.0,0.0,-0.04177767169650242,0.0,1.0235243770514892,0.0,RUN,False,,
2025-08-14,3,0,3,0.0,0,-1538.773794246692,0.0,0.0,133282.06455362117,-1.1413471486331428,0.0,0.0,-0.05624136650986613,0.0,1.0235243770514892,0.0,RUN,False,,
2025-08-15,3,2,1,0.6666666666666666,2134.0145706540206,-384.44116071332246,0.0,0.0,135017.34572094068,-0.2839262092230288,0.0,0.0,-0.04405519456494171,0.0,1.0235243770514892,0.0,RUN,False,,
2025-08-16,3,2,1,0.6666666666666666,1820.4988406028133,-1544.7134184065799,0.0,0.0,135074.60012931822,-1.1306698725776942,0.0,0.0,-0.045095977973151714,0.0,1.0235243770514892,0.0,RUN,False,,
2025-08-17,3,1,2,0.3333333333333333,2488.2783620882255,-917.5328430056106,0.0,0.0,133597.9106243435,-0.6821022325427806,0.0,0.0,-0.05400488812774886,0.0,1.0235243770514892,0.0,RUN,False,,
2025-08-18,3,2,1,0.6666666666666666,1749.6496629377361,-352.143641950388,0.0,0.0,134406.37575178096,-0.26131456737180647,0.0,0.0,-0.04828021732188928,0.0,1.0235243770514892,0.0,RUN,False,,
2025-08-19,3,1,2,0.3333333333333333,2267.935487384617,-2699.357237027085,0.0,0.0,133974.9540021385,-1.9750289667116006,0.0,0.0,-0.05133507697059088,0.0,1.0235243770514892,0.0,RUN,False,,
2025-08-20,3,2,1,0.6666666666666666,3078.0084461498773,-106.70296655668062,0.0,0.0,136640.32802661182,-0.07802945759166624,0.0,0.0,-0.03246179679218363,0.0,1.0235243770514892,0.0,RUN,False,,
2025-08-21,3,1,2,0.3333333333333333,238.54746541104396,-608.38498898127,0.0,0.0,134558.51295091148,-0.4500990984137365,0.0,0.0,-0.0488920808542974,0.0,1.0235243770514892,0.0,RUN,False,,
2025-08-22,3,2,1,0.6666666666666666,3839.431423869828,1496.9515403434343,0.0,0.0,137590.39195266983,1.099943932498193,0.0,0.0,-0.042052468141515906,0.0,1.0235243770514892,0.0,RUN,False,,
2025-08-23,3,2,1,0.6666666666666666,1324.7207069662109,1324.7207069662109,0.0,0.0,135639.67496776005,0.9862793865782482,0.0,0.0,-0.04892756489783358,0.0,1.0235243770514892,0.0,RUN,False,,
2025-08-24,3,1,2,0.3333333333333333,697.6919256792171,-295.17116793317837,0.0,0.0,136042.19572550608,-0.21650056375511761,0.0,0.0,-0.03669711926432886,0.0,1.0235243770514892,0.0,RUN,False,,
2025-08-25,3,1,2,0.3333333333333333,2588.303195876215,2447.682486768579,0.0,0.0,135500.1225110929,1.8396374289123107,0.0,0.0,-0.05786731770375559,0.0,1.0235243770514892,0.0,RUN,False,,
2025-08-26,3,2,1,0.6666666666666666,3434.5323544453713,3434.5323544453713,0.0,0.0,137407.81991172524,2.563594890494092,0.0,0.0,-0.05134687692077793,0.0,1.0235243770514892,0.0,RUN,False,,
2025-08-27,3,1,2,0.3333333333333333,1688.6579606476298,565.2658090406621,0.0,0.0,135075.9589021343,0.42023856694386463,0.0,0.0,-0.04754155535850883,0.0,1.0235243770514892,0.0,RUN,False,,
2025-08-28,3,2,1,0.6666666666666666,1058.2110788603313,-2114.945724008343,0.0,0.0,133697.18737425221,-1.5572583065742496,0.0,0.0,-0.05330191815091825,0.0,1.0235243770514892,0.0,RUN,False,,
2025-08-29,3,2,1,0.6666666666666666,3830.329174445069,1113.5969120167429,0.0,0.0,136363.8369268834,0.8233603961769864,0.0,0.0,-0.05054480188496097,0.0,1.0235243770514892,0.0,RUN,False,,
2025-08-30,3,1,2,0.3333333333333333,275.89272424654337,-125.97564004809828,0.0,0.0,135250.07545601032,-0.09305607530146753,0.0,0.0,-0.04425962579436864,0.0,1.0235243770514892,0.0,RUN,False,,
2025-08-31,3,1,2,0.3333333333333333,3141.7706644896534,-2581.2008126738365,0.0,0.0,135810.64530782614,-1.8651393741986433,0.0,0.0,-0.038336707505294144,0.0,1.0235243770514892,0.0,RUN,False,,
2025-09-01,3,1,2,0.3333333333333333,392.6599887855409,-2.716838088002987,0.0,0.0,135734.7364584987,-0.002001539016693865,0.0,0.0,-0.03887421142340203,0.0,1.0235243770514892,0.0,RUN,False,,
2025-09-02,3,1,2,0.3333333333333333,773.5622663202521,562.0627984692401,0.0,0.0,136193.77562861657,0.4144036720771238,0.0,0.0,-0.03960371271853663,0.0,1.0235243770514892,0.0,RUN,False,,
2025-09-03,3,1,2,0.3333333333333333,691.7988660991832,-233.69676006762893,0.0,0.0,134996.99357585423,-0.1728134046251717,0.0,0.0,-0.04409810420390066,0.0,1.0235243770514892,0.0,RUN,False,,
2025-09-04,3,1,2,0.3333333333333333,1474.7709178552323,-536.096375181427,0.0,0.0,135935.66811852803,-0.39282585461561936,0.0,0.0,-0.03745143192543063,0.0,1.0235243770514892,0.0,RUN,False,,
2025-09-05,3,1,2,0.3333333333333333,1161.4054660144902,871.2957881089242,0.0,0.0,136240.26245054748,0.643645149690486,0.0,0.0,-0.04351843657220343,0.0,1.0235243770514892,0.0,RUN,False,,
2025-09-06,3,2,1,0.6666666666666666,291.74939701569383,-72.18253454612568,0.0,0.0,136277.3650250612,-0.05293932824718128,0.0,0.0,-0.03632391969024051,0.0,1.0235243770514892,0.0,RUN,False,,
2025-09-07,3,1,2,0.3333333333333333,236.86980886320816,-1471.4199616667174,0.0,0.0,135042.8148722577,-1.077850938736724,0.0,0.0,-0.043773647614611465,0.0,1.0235243770514892,0.0,RUN,False,,
2025-09-08,3,2,1,0.6666666666666666,1626.0362885202048,-127.04940271016676,0.0,0.0,135287.50667430536,-0.09382255969432318,0.0,0.0,-0.04204100638114805,0.0,1.0235243770514892,0.0,RUN,False,,
2025-09-09,3,3,0,1.0,1193.2075521456718,1089.6990879092482,0.0,0.0,136480.71422645103,0.8048533256022949,0.0,0.0,-0.04130807200554698,0.0,1.0235243770514892,0.0,RUN,False,,
2025-09-10,3,2,1,0.6666666666666666,1200.3227140757663,1200.3227140757663,0.0,0.0,135906.37024322213,0.8910681710975643,0.0,0.0,-0.046158267695365025,0.0,1.0235243770514892,0.0,RUN,False,,
2025-09-11,3,2,1,0.6666666666666666,657.9138892602641,-388.36988134114654,0.0,0.0,136092.07603918744,-0.28456082387603443,0.0,0.0,-0.0369375721698053,0.0,1.0235243770514892,0.0,RUN,False,,
2025-09-12,3,2,1,0.6666666666666666,2874.7957812565437,-1630.3927610634419,0.0,0.0,136703.1002357725,-1.1785958163441523,0.0,0.0,-0.03650221228630762,0.0,1.0235243770514892,0.0,RUN,False,,
2025-09-13,3,1,2,0.3333333333333333,423.14284567013965,-1473.6564046708809,0.0,0.0,134915.8101256084,-1.0804766982087433,0.0,0.0,-0.04467295710944811,0.0,1.0235243770514892,0.0,RUN,False,,
2025-09-14,3,2,1,0.6666666666666666,2182.796965053334,338.0484847120533,0.0,0.0,136889.02746836885,0.24756210993734928,0.0,0.0,-0.034578484506845406,0.0,1.0235243770514892,0.0,RUN,False,,
2025-09-15,3,1,2,0.3333333333333333,2970.357651217346,-744.993622191716,0.0,0.0,135552.62196870727,-0.5465932906910331,0.0,0.0,-0.06119659073136359,0.0,1.0235243770514892,0.0,RUN,False,,
2025-09-16,3,3,0,1.0,845.9173257098882,617.6109825103777,0.0,0.0,136398.53929441716,0.4548584180332327,0.0,0.0,-0.03854713095239644,0.0,1.0235243770514892,0.0,RUN,False,,
2025-09-17,3,1,2,0.3333333333333333,1091.1879178710224,67.11882611556211,0.0,0.0,136151.73352717148,0.049321391887691135,0.0,0.0,-0.04364809781750793,0.0,1.0235243770514892,0.0,RUN,False,,
2025-09-18,3,1,2,0.3333333333333333,1288.2926284759305,939.6976875168621,0.0,0.0,137046.18109244067,0.6904136114671333,0.0,0.0,-0.03624190383319995,0.0,1.0235243770514892,0.0,RUN,False,,
2025-09-19,3,1,2,0.3333333333333333,622.5821688706637,-156.63398030324606,0.0,0.0,136883.45506572543,-0.1142979265363997,0.0,0.0,-0.035148685353894565,0.0,1.0235243770514892,0.0,RUN,False,,
2025-09-20,3,1,2,0.3333333333333333,1173.3675423285458,-330.9821074545034,0.0,0.0,136486.80731272156,-0.2419145265079803,0.0,0.0,-0.04185737639756533,0.0,1.0235243770514892,0.0,RUN,False,,
2025-09-21,3,2,1,0.6666666666666666,328.32999851205386,-861.1109298361989,0.0,0.0,135876.23711847002,-0.6297554707086928,0.0,0.0,-0.038423076597322484,0.0,1.0235243770514892,0.0,RUN,False,,
2025-09-22,3,1,2,0.3333333333333333,3263.6377030128497,2806.748524585797,0.0,0.0,135842.85799701078,2.1097644359237444,0.0,0.0,-0.05798295291241077,0.0,1.0235243770514892,0.0,RUN,False,,
2025-09-23,3,3,0,1.0,1010.2212556850573,999.3340963236406,0.0,0.0,136853.07925269584,0.735595544438894,0.0,0.0,-0.03803152125008653,0.0,1.0235243770514892,0.0,RUN,False,,
2025-09-24,3,1,2,0.3333333333333333,355.52159619369195,98.05178827847703,0.0,0.0,136813.5355530324,0.07171959282037399,0.0,0.0,-0.03375274676306956,0.0,1.0235243770514892,0.0,RUN,False,,
2025-09-25,3,1,2,0.3333333333333333,906.0409463971155,-1469.1229328645277,0.0,0.0,134101.04996165953,-1.0836623583917127,0.0,0.0,-0.05044220251786711,0.0,1.0235243770514892,0.0,RUN,False,,
2025-09-26,3,2,1,0.6666666666666666,6751.586590669322,-65.7681551106507,0.0,0.0,138588.9177029375,-0.047433056231493964,0.0,0.0,-0.03422750033481048,0.0,1.0235243770514892,0.0,RUN,False,,
2025-09-27,3,1,2,0.3333333333333333,457.4673585626588,-312.82939257472754,0.0,0.0,136001.7470041253,-0.2294907858308104,0.0,0.0,-0.04022281944592485,0.0,1.0235243770514892,0.0,RUN,False,,
2025-09-28,3,2,1,0.6666666666666666,1029.186083863111,731.0586256156676,0.0,0.0,136926.87324374754,0.5367702580768796,0.0,0.0,-0.03634619598040861,0.0,1.0235243770514892,0.0,RUN,False,,
2025-09-29,3,1,2,0.3333333333333333,1076.8235985467036,-169.13030003666063,0.0,0.0,135538.69290119375,-0.12462826095579471,0.0,0.0,-0.04026237869381692,0.0,1.0235243770514892,0.0,RUN,False,,
2025-09-30,3,1,2,0.3333333333333333,431.5600905867759,-345.70689365590806,0.0,0.0,135624.5460981246,-0.2542518573358854,0.0,0.0,-0.039654459720715796,0.0,1.0235243770514892,0.0,RUN,False,,
2025-10-01,3,2,1,0.6666666666666666,5951.799789378827,-105.53481292628567,0.0,0.0,136117.93056104291,-0.07747183103627986,0.0,0.0,-0.03855457133211916,0.0,1.0235243770514892,0.0,RUN,False,,
2025-10-02,3,1,2,0.3333333333333333,1792.9366377879924,1269.2037645963428,0.0,0.0,136744.23933675123,0.9368543504979288,0.0,0.0,-0.043095548745103636,0.0,1.0235243770514892,0.0,RUN,False,,
2025-10-03,3,1,2,0.3333333333333333,2022.2743011771236,1060.4902005005279,0.0,0.0,136242.99196080363,0.7844877751862489,0.0,0.0,-0.04516181066207831,0.0,1.0235243770514892,0.0,RUN,False,,
2025-10-04,3,2,1,0.6666666666666666,957.5912809713045,957.5912809713045,0.0,0.0,136964.53092530032,0.7040753093007668,0.0,0.0,-0.03933853645014877,0.0,1.0235243770514892,0.0,RUN,False,,
2025-10-05,3,1,2,0.3333333333333333,1244.6089269904478,1176.7884835957666,0.0,0.0,137030.90385659863,0.8662148219542365,0.0,0.0,-0.04089702217979292,0.0,1.0235243770514892,0.0,RUN,False,,
2025-10-06,3,1,2,0.3333333333333333,1611.8035065315198,603.27399321337,0.0,0.0,136914.5925005346,0.4425707269356094,0.0,0.0,-0.03718860906585197,0.0,1.0235243770514892,0.0,RUN,False,,
2025-10-07,3,1,2,0.3333333333333333,207.484074514854,-194.07746686207247,0.0,0.0,136517.03942723098,-0.14196173015865732,0.0,0.0,-0.0372010628030498,0.0,1.0235243770514892,0.0,RUN,False,,
2025-10-08,3,2,1,0.6666666666666666,2205.8735553709557,932.0506769389613,0.0,0.0,138550.85325664116,0.6772698639047947,0.0,0.0,-0.02916873583559926,0.0,1.0235243770514892,0.0,RUN,False,,
2025-10-09,3,1,2,0.3333333333333333,1326.1799207418517,-1237.6294771817338,0.0,0.0,134738.6267346098,-0.9101805798021445,0.0,0.0,-0.05766428722579493,0.0,1.0235243770514892,0.0,RUN,False,,
2025-10-10,3,2,1,0.6666666666666666,3275.0403477505315,-516.5277902000234,0.0,0.0,136504.6706886334,-0.37696925434483886,0.0,0.0,-0.03582289941922922,0.0,1.0235243770514892,0.0,RUN,False,,
2025-10-11,3,2,1,0.6666666666666666,2742.219439131004,-187.8297068529937,0.0,0.0,137641.56797809698,-0.13627695543031448,0.0,0.0,-0.027792622310884016,0.0,1.0235243770514892,0.0,RUN,False,,
2025-10-12,3,2,1,0.6666666666666666,3105.248657497723,3105.248657497723,0.0,0.0,139362.3966694442,2.27896202350093,0.0,0.0,-0.037571232978308444,0.0,1.0235243770514892,0.0,RUN,False,,
2025-10-13,3,1,2,0.3333333333333333,816.3036716390052,694.7057017881889,0.0,0.0,138361.22789858025,0.5046293686384429,0.0,0.0,-0.028475248709735446,0.0,1.0235243770514892,0.0,RUN,False,,
2025-10-14,3,1,2,0.3333333333333333,403.102361645113,-43.06205852449057,0.0,0.0,137520.96641647688,-0.03130328400663407,0.0,0.0,-0.02864447055477028,0.0,1.0235243770514892,0.0,RUN,False,,
2025-10-15,3,2,1,0.6666666666666666,1334.1206862918043,-8.39715310712927,0.0,0.0,137551.03461725844,-0.006104381938087933,0.0,0.0,-0.028432089025969873,0.0,1.0235243770514892,0.0,RUN,False,,
2025-10-16,3,2,1,0.6666666666666666,1630.621634898329,1630.621634898329,0.0,0.0,139051.7423854862,1.1865873498862145,0.0,0.0,-0.029349713123810333,0.0,1.0235243770514892,0.0,RUN,False,,
2025-10-17,3,1,2,0.3333333333333333,888.9887614466134,-1410.6567384593654,0.0,0.0,137228.77882401834,-1.0175003473839594,0.0,0.0,-0.03698750516624209,0.0,1.0235243770514892,0.0,RUN,False,,
2025-10-18,3,1,2,0.3333333333333333,862.2016126245435,-802.1448504915752,0.0,0.0,137288.8355861513,-0.5808814217664326,0.0,0.0,-0.030284086472743017,0.0,1.0235243770514892,0.0,RUN,False,,
2025-10-19,3,1,2,0.3333333333333333,767.8557970043912,628.6944020185911,0.0,0.0,137802.9232658764,0.4583181602154651,0.0,0.0,-0.03207653361981767,0.0,1.0235243770514892,0.0,RUN,False,,
2025-10-20,3,1,2,0.3333333333333333,842.0125331386225,-139.30153846630128,0.0,0.0,136486.3520575339,-0.10195855229224726,0.0,0.0,-0.03595228989745263,0.0,1.0235243770514892,0.0,RUN,False,,
2025-10-21,3,1,2,0.3333333333333333,1041.9741170880734,-1212.4232297523704,0.0,0.0,136315.9029448696,-0.8815807357481664,0.0,0.0,-0.03715622768519392,0.0,1.0235243770514892,0.0,RUN,False,,
2025-10-22,3,3,0,1.0,1173.9305038520833,527.5731060461549,0.0,0.0,137489.83344872168,0.3851959691130835,0.0,0.0,-0.03259079414646194,0.0,1.0235243770514892,0.0,RUN,False,,
2025-10-23,3,2,1,0.6666666666666666,1262.5787740388478,607.3364970081602,0.0,0.0,138654.45163367264,0.4399487062130225,0.0,0.0,-0.025620037847346466,0.0,1.0235243770514892,0.0,RUN,False,,
2025-10-24,3,1,2,0.3333333333333333,53.42382795285084,-302.12738148026983,0.0,0.0,137862.5353029169,-0.21867196402484135,0.0,0.0,-0.026609207837111754,0.0,1.0235243770514892,0.0,RUN,False,,
2025-10-25,3,1,2,0.3333333333333333,1018.1090958986897,419.0568155796791,0.0,0.0,137724.14173921183,0.3052012354915812,0.0,0.0,-0.0301693120916204,0.0,1.0235243770514892,0.0,RUN,False,,
2025-10-26,3,2,1,0.6666666666666666,211.66503041581018,-403.30281219343306,0.0,0.0,137333.21578772867,-0.2928074676875614,0.0,0.0,-0.02997061460497339,0.0,1.0235243770514892,0.0,RUN,False,,
2025-10-27,3,2,1,0.6666666666666666,2621.8797259418934,686.5606009635667,0.0,0.0,138774.38054953248,0.49719128104077637,0.0,0.0,-0.03298037446723474,0.0,1.0235243770514892,0.0,RUN,False,,
2025-10-28,3,2,1,0.6666666666666666,1206.05591440649,1206.05591440649,0.0,0.0,138850.71135088865,0.8762097667955215,0.0,0.0,-0.02777081458328779,0.0,1.0235243770514892,0.0,RUN,False,,
2025-10-29,3,1,2,0.3333333333333333,510.31628508178983,311.77685704707983,0.0,0.0,137758.1968496081,0.2268351966271398,0.0,0.0,-0.030573365175115722,0.0,1.0235243770514892,0.0,RUN,False,,
2025-10-30,3,2,1,0.6666666666666666,1834.8134648340638,-265.9105786238506,0.0,0.0,138220.92685153164,-0.19201144567834172,0.0,0.0,-0.03151368183922234,0.0,1.0235243770514892,0.0,RUN,False,,
2025-10-31,3,1,2,0.3333333333333333,713.8868244737387,-2604.5528119746887,0.0,0.0,136330.2608640307,-1.8746581530302953,0.0,0.0,-0.03705481300980387,0.0,1.0235243770514892,0.0,RUN,False,,
2025-11-01,3,2,1,0.6666666666666666,2010.7809451679059,7.337157101312187,0.0,0.0,137930.1339700887,0.005319756610844273,0.0,0.0,-0.025806211140801442,0.0,1.0235243770514892,0.0,RUN,False,,
2025-11-02,3,1,2,0.3333333333333333,434.62429846732994,418.4168265021872,0.0,0.0,138101.80335192705,0.30389783187452224,0.0,0.0,-0.02761172291556346,0.0,1.0235243770514892,0.0,RUN,False,,
2025-11-03,3,2,1,0.6666666666666666,2348.4787178304105,2348.4787178304105,0.0,0.0,139063.73780872856,1.717788294771827,0.0,0.0,-0.03433544471099649,0.0,1.0235243770514892,0.0,RUN,False,,
2025-11-04,3,0,3,0.0,0,-2309.059637171362,0.0,0.0,135819.57052610992,-1.6716734499153674,0.0,0.0,-0.040661985766802126,0.0,1.0235243770514892,0.0,RUN,False,,
2025-11-05,3,3,0,1.0,3066.801873437449,2490.52105317486,0.0,0.0,138886.37239954737,1.8259507372040629,0.0,0.0,-0.03659152599719837,0.0,1.0235243770514892,0.0,RUN,False,,
2025-11-06,3,1,2,0.3333333333333333,595.7982823952043,-792.5832222840108,0.0,0.0,136705.99657556467,-0.5764301154595697,0.0,0.0,-0.034400868883907705,0.0,1.0235243770514892,0.0,RUN,False,,
2025-11-07,3,2,1,0.6666666666666666,2719.5156828773615,205.92721553510637,0.0,0.0,138483.39714671118,0.14892318729695653,0.0,0.0,-0.02995550592489583,0.0,1.0235243770514892,0.0,RUN,False,,
2025-11-08,3,1,2,0.3333333333333333,831.5747265002283,564.7706468628021,0.0,0.0,137941.81225768971,0.41110992072659336,0.0,0.0,-0.02966105849357982,0.0,1.0235243770514892,0.0,RUN,False,,
2025-11-09,3,2,1,0.6666666666666666,980.6770043690631,980.6770043690631,0.0,0.0,138347.48867995988,0.7139111641355278,0.0,0.0,-0.029733315869428675,0.0,1.0235243770514892,0.0,RUN,False,,
2025-11-10,3,2,1,0.6666666666666666,2623.9787731600227,-1662.380799376202,0.0,0.0,138386.31130466628,-1.187002016513805,0.0,0.0,-0.029050120669046102,0.0,1.0235243770514892,0.0,RUN,False,,
2025-11-11,3,2,1,0.6666666666666666,294.31184749511885,-379.73192129988456,0.0,0.0,138122.83677727857,-0.2741695875159489,0.0,0.0,-0.02439326349734318,0.0,1.0235243770514892,0.0,RUN,False,,
2025-11-12,3,1,2,0.3333333333333333,1538.9410836427705,-971.7343936787802,0.0,0.0,137019.64250354783,-0.7041993605169328,0.0,0.0,-0.03218548519098216,0.0,1.0235243770514892,0.0,RUN,False,,
2025-11-13,3,1,2,0.3333333333333333,1169.9489285133313,-1775.5164523974236,0.0,0.0,136414.07497966374,-1.2848409449638831,0.0,0.0,-0.036462806519541355,0.0,1.0235243770514892,0.0,RUN,False,,
2025-11-14,3,3,0,1.0,2592.19586522787,2013.3906991365366,0.0,0.0,139006.2708448916,1.469704627710855,0.0,0.0,-0.03237451647036003,0.0,1.0235243770514892,0.0,RUN,False,,
2025-11-15,3,2,1,0.6666666666666666,1100.5854236211453,-1048.9706922174955,0.0,0.0,138114.99496422106,-0.7537660250406697,0.0,0.0,-0.03110859732780643,0.0,1.0235243770514892,0.0,RUN,False,,
2025-11-16,3,1,2,0.3333333333333333,506.8344695812266,-673.2027720533661,0.0,0.0,137019.99385647065,-0.48891505792372225,0.0,0.0,-0.032183003470461546,0.0,1.0235243770514892,0.0,RUN,False,,
2025-11-17,3,2,1,0.6666666666666666,3513.7992942261335,-1005.457425543078,0.0,0.0,138786.75596447015,-0.7192513811466017,0.0,0.0,-0.024941805508405402,0.0,1.0235243770514892,0.0,RUN,False,,
2025-11-18,3,2,1,0.6666666666666666,1417.2069809313398,1417.2069809313398,0.0,0.0,139679.8762364281,1.0250105748446536,0.0,0.0,-0.023405581004610255,0.0,1.0235243770514892,0.0,RUN,False,,
2025-11-19,3,1,2,0.3333333333333333,491.351377042447,340.32017957794596,0.0,0.0,137743.68631735578,0.24767965235779066,0.0,0.0,-0.029475119756526683,0.0,1.0235243770514892,0.0,RUN,False,,
2025-11-20,3,1,2,0.3333333333333333,671.5330800708325,-7773.4300061422255,0.0,0.0,130641.78939128439,-5.616022602126325,0.0,0.0,-0.0772343460884889,0.0,1.0235243770514892,0.0,RUN,False,,
2025-11-21,3,2,1,0.6666666666666666,13088.354927107444,2561.832679567073,0.0,0.0,142026.2514006825,1.8369077238904463,0.0,0.0,-0.026952384313756825,0.0,1.0235243770514892,0.0,RUN,False,,
2025-11-22,3,1,2,0.3333333333333333,1834.671135578159,1046.6749345909338,0.0,0.0,139109.8349862594,0.7581131231526372,0.0,0.0,-0.03345217875671129,0.0,1.0235243770514892,0.0,RUN,False,,
2025-11-23,3,1,2,0.3333333333333333,446.60359001730103,-1438.6359912119515,0.0,0.0,137200.06738125658,-1.0376871365760598,0.0,0.0,-0.03398092938333174,0.0,1.0235243770514892,0.0,RUN,False,,
2025-11-24,3,3,0,1.0,1913.428620137507,1147.4142802601855,0.0,0.0,139113.4960013941,0.8316640336132775,0.0,0.0,-0.02858745928662228,0.0,1.0235243770514892,0.0,RUN,False,,
2025-11-25,3,1,2,0.3333333333333333,1905.8645944751624,1262.2972974940203,0.0,0.0,139273.64410530045,0.9146329824980981,0.0,0.0,-0.03280007635148228,0.0,1.0235243770514892,0.0,RUN,False,,
2025-11-26,3,1,2,0.3333333333333333,2184.753876143077,1030.5506357585255,0.0,0.0,139473.07401356465,0.7443887980473907,0.0,0.0,-0.03335954597502074,0.0,1.0235243770514892,0.0,RUN,False,,
2025-11-27,3,1,2,0.3333333333333333,655.3602569161158,396.16683171407203,0.0,0.0,139007.12620792552,0.28581205519169206,0.0,0.0,-0.025871875188106436,0.0,1.0235243770514892,0.0,RUN,False,,
2025-11-28,3,1,2,0.3333333333333333,2067.852025964705,-1994.6451497828239,0.0,0.0,136310.73184326064,-1.4422036172050956,0.0,0.0,-0.0402426981002076,0.0,1.0235243770514892,0.0,RUN,False,,
2025-11-29,3,2,1,0.6666666666666666,2238.392441909091,-245.99212874218938,0.0,0.0,138272.80798460927,-0.1775875394104509,0.0,0.0,-0.02642781442906676,0.0,1.0235243770514892,0.0,RUN,False,,
2025-11-30,3,2,1,0.6666666666666666,787.9455056517618,353.7102876039571,0.0,0.0,139026.84455400228,0.2550676376323002,0.0,0.0,-0.023847887535857676,0.0,1.0235243770514892,0.0,RUN,False,,
2025-12-01,3,1,2,0.3333333333333333,6540.7457989963295,5809.764326205215,0.0,0.0,137993.35756228003,4.395223479686461,0.0,0.0,-0.06930168238292589,0.0,1.0235243770514892,0.0,RUN,False,,
2025-12-02,3,2,1,0.6666666666666666,830.0450033623783,-411.06059002914117,0.0,0.0,138140.7261439256,-0.29668371640594327,0.0,0.0,-0.02927023030915951,0.0,1.0235243770514892,0.0,RUN,False,,
2025-12-03,3,2,1,0.6666666666666666,1043.7127920883067,-476.09850485116476,0.0,0.0,138424.50021495036,-0.34276202495827635,0.0,0.0,-0.02735826203694233,0.0,1.0235243770514892,0.0,RUN,False,,
2025-12-04,3,0,3,0.0,0,-1556.5501986317686,0.0,0.0,136006.69150254334,-1.1315160789922452,0.0,0.0,-0.042383431504904354,0.0,1.0235243770514892,0.0,RUN,False,,
2025-12-05,3,1,2,0.3333333333333333,2062.723776267143,-4841.38832634603,0.0,0.0,133228.02695246445,-3.506488614129044,0.0,0.0,-0.0619478748572798,0.0,1.0235243770514892,0.0,RUN,False,,
2025-12-06,3,2,1,0.6666666666666666,5746.912144892762,71.93746373290196,0.0,0.0,137866.07667879653,0.05220647564743164,0.0,0.0,-0.03760554511230234,0.0,1.0235243770514892,0.0,RUN,False,,
2025-12-07,3,2,1,0.6666666666666666,739.0386630911671,113.95365734997904,0.0,0.0,138031.90297728704,0.08262423992806411,0.0,0.0,-0.03296231787557821,0.0,1.0235243770514892,0.0,RUN,False,,
2025-12-08,3,1,2,0.3333333333333333,1098.9072892655677,486.98609158062027,0.0,0.0,137777.61238183494,0.3547118290152307,0.0,0.0,-0.03334330846392678,0.0,1.0235243770514892,0.0,RUN,False,,
2025-12-09,3,2,1,0.6666666666666666,6302.367933167785,6302.367933167785,0.0,0.0,143465.78827559168,4.59478767548529,0.0,0.0,-0.0342389594198304,0.0,1.0235243770514892,0.0,RUN,False,,
2025-12-10,3,2,1,0.6666666666666666,1476.0766500661848,1476.0766500661848,0.0,0.0,138150.58086037543,1.079994150039032,0.0,0.0,-0.047337307011736274,0.0,1.0235243770514892,0.0,RUN,False,,
2025-12-11,3,1,2,0.3333333333333333,2460.031329032907,2453.675376093277,0.0,0.0,137507.01177908835,1.8168195184542268,0.0,0.0,-0.058637337679674835,0.0,1.0235243770514892,0.0,RUN,False,,
2025-12-12,3,1,2,0.3333333333333333,1503.0038628582843,1489.449004724127,0.0,0.0,136959.06973093605,1.099470860507057,0.0,0.0,-0.0557357098545296,0.0,1.0235243770514892,0.0,RUN,False,,
2025-12-13,3,2,1,0.6666666666666666,1806.7069908145932,-416.8973145225318,0.0,0.0,137494.14987399068,-0.3022943578643633,0.0,0.0,-0.04162412846559442,0.0,1.0235243770514892,0.0,RUN,False,,
2025-12-14,3,2,1,0.6666666666666666,1236.2366233988723,73.25599692919059,0.0,0.0,137996.4509749977,0.05311361656090696,0.0,0.0,-0.04374930703240627,0.0,1.0235243770514892,0.0,RUN,False,,
2025-12-15,3,1,2,0.3333333333333333,588.7938502742036,-2097.1568103250756,0.0,0.0,136488.0880149468,-1.5132612515633692,0.0,0.0,-0.04863668435878943,0.0,1.0235243770514892,0.0,RUN,False,,
2025-12-16,3,1,2,0.3333333333333333,2415.784632750787,198.0399676944944,0.0,0.0,136085.04725677747,0.14573870721370508,0.0,0.0,-0.05282639908512675,0.0,1.0235243770514892,0.0,RUN,False,,
2025-12-17,3,1,2,0.3333333333333333,957.9176510073594,-1486.1340438673797,0.0,0.0,135556.83086391745,-1.0844292845439973,0.0,0.0,-0.05512782877881282,0.0,1.0235243770514892,0.0,RUN,False,,
2025-12-18,3,2,1,0.6666666666666666,2494.121919529891,-1472.277523399709,0.0,0.0,136523.40879212323,-1.0669011203969014,0.0,0.0,-0.048390487843223196,0.0,1.0235243770514892,0.0,RUN,False,,
2025-12-19,3,2,1,0.6666666666666666,1572.866052516154,710.950914689689,0.0,0.0,137902.93159457087,0.5182160875339958,0.0,0.0,-0.04373033927544304,0.0,1.0235243770514892,0.0,RUN,False,,
2025-12-20,3,1,2,0.3333333333333333,643.1783659890934,384.99574767114245,0.0,0.0,137670.2085918452,0.28043497161498454,0.0,0.0,-0.04308048285034334,0.0,1.0235243770514892,0.0,RUN,False,,
2025-12-21,3,3,0,1.0,855.689567752328,550.2757563102932,0.0,0.0,138525.89815959753,0.3988209994819858,0.0,0.0,-0.03826811909859697,0.0,1.0235243770514892,0.0,RUN,False,,
2025-12-22,3,0,3,0.0,0,-1321.9194323732227,0.0,0.0,137032.6829983278,-0.9554575049538716,0.0,0.0,-0.04484069236706216,0.0,1.0235243770514892,0.0,RUN,False,,
2025-12-23,3,2,1,0.6666666666666666,3622.561049750395,785.551562014909,0.0,0.0,139568.22917538005,0.5660299797669133,0.0,0.0,-0.04021952274670887,0.0,1.0235243770514892,0.0,RUN,False,,
2025-12-24,3,1,2,0.3333333333333333,756.842291412875,272.6061648877221,0.0,0.0,138354.14048862152,0.1974240554487139,0.0,0.0,-0.04090515340918713,0.0,1.0235243770514892,0.0,RUN,False,,
2025-12-25,3,1,2,0.3333333333333333,26.14228354190709,-70.18668037667521,0.0,0.0,137341.29319953214,-0.051077741421612366,0.0,0.0,-0.0428718054215569,0.0,1.0235243770514892,0.0,RUN,False,,
2025-12-26,3,2,1,0.6666666666666666,945.8048095658887,-750.3591646057321,0.0,0.0,137258.79629123374,-0.5437024537446988,0.0,0.0,-0.043264614225898744,0.0,1.0235243770514892,0.0,RUN,False,,
2025-12-27,3,2,1,0.6666666666666666,607.1373035199358,-255.17855715967016,0.0,0.0,137601.63355598412,-0.18510406069033314,0.0,0.0,-0.040874934645343905,0.0,1.0235243770514892,0.0,RUN,False,,
2025-12-28,3,2,1,0.6666666666666666,493.5154904717929,56.92171002816758,0.0,0.0,137763.1109752872,0.041335622118277016,0.0,0.0,-0.040146149681823014,0.0,1.0235243770514892,0.0,RUN,False,,
2025-12-29,3,2,1,0.6666666666666666,1978.7680598599254,-1493.724059084343,0.0,0.0,138067.75428353107,-1.0702982490751078,0.0,0.0,-0.03888337945682487,0.0,1.0235243770514892,0.0,RUN,False,,
2025-12-30,3,1,2,0.3333333333333333,1407.3068062020466,10.029846164979972,0.0,0.0,137991.7542048338,0.00726896711256142,0.0,0.0,-0.038225586621308025,0.0,1.0235243770514892,0.0,RUN,False,,
2025-12-31,3,0,3,0.0,0,-467.27679031476146,0.0,0.0,137262.913309172,-0.33926969096407245,0.0,0.0,-0.04323591736382629,0.0,1.0235243770514892,0.0,RUN,False,,
2026-01-01,3,1,2,0.3333333333333333,1437.6377807066601,-1030.6709533868125,0.0,0.0,137669.88013649185,-0.7430907413763177,0.0,0.0,-0.04039923530734826,0.0,1.0235243770514892,0.0,RUN,False,,
2026-01-02,3,3,0,1.0,3183.7866595282103,2708.942834921152,0.0,0.0,140853.66679602006,1.9609455629184813,0.0,0.0,-0.03708943001986813,0.0,1.0235243770514892,0.0,RUN,False,,
2026-01-03,3,1,2,0.3333333333333333,118.2233012188226,38.8755708776298,0.0,0.0,138593.55138207797,0.028057927781954817,0.0,0.0,-0.034231941450440416,0.0,1.0235243770514892,0.0,RUN,False,,
2026-01-04,3,2,1,0.6666666666666666,1593.3526473142265,-1586.2683526528417,0.0,0.0,138413.35688194493,-1.1330518563851366,0.0,0.0,-0.03652236711916239,0.0,1.0235243770514892,0.0,RUN,False,,
2026-01-05,3,1,2,0.3333333333333333,1665.5421879543574,-2642.93818072218,0.0,0.0,137435.9608891771,-1.886749680552069,0.0,0.0,-0.04202972331516091,0.0,1.0235243770514892,0.0,RUN,False,,
2026-01-06,3,2,1,0.6666666666666666,887.4554569815227,-2077.47606547561,0.0,0.0,135896.10224965826,-1.5057057234035165,0.0,0.0,-0.052763004455057785,0.0,1.0235243770514892,0.0,RUN,False,,
2026-01-07,3,2,1,0.6666666666666666,2315.5785287942563,1951.2452062847733,0.0,0.0,138128.53896210383,1.432871187603113,0.0,0.0,-0.050803014484343344,0.0,1.0235243770514892,0.0,RUN,False,,
2026-01-08,3,2,1,0.6666666666666666,2691.714609913004,1072.5908360902977,0.0,0.0,139701.22802497537,0.773715198995184,0.0,0.0,-0.04151635526029745,0.0,1.0235243770514892,0.0,RUN,False,,
2026-01-09,3,1,2,0.3333333333333333,3268.465049582097,614.8312572246068,0.0,0.0,139708.13892810664,0.4420279217742129,0.0,0.0,-0.04897414555427161,0.0,1.0235243770514892,0.0,RUN,False,,
2026-01-10,3,1,2,0.3333333333333333,204.7336135925725,191.917113342206,0.0,0.0,138427.3150309511,0.13883355221113725,0.0,0.0,-0.03645740507789507,0.0,1.0235243770514892,0.0,RUN,False,,
2026-01-11,3,3,0,1.0,1156.1920855223434,662.7184051725199,0.0,0.0,139583.50711647345,0.47704768402212494,0.0,0.0,-0.03168002364131576,0.0,1.0235243770514892,0.0,RUN,False,,
2026-01-12,3,1,2,0.3333333333333333,2076.8059017283376,-321.8602751461731,0.0,0.0,139011.6074453487,-0.23099997467358468,0.0,0.0,-0.04552295575461918,0.0,1.0235243770514892,0.0,RUN,False,,
2026-01-13,3,1,2,0.3333333333333333,760.3952516723657,-727.9762667155592,0.0,0.0,138252.21548504126,-0.5237985770057407,0.0,0.0,-0.036340181538858346,0.0,1.0235243770514892,0.0,RUN,False,,
2026-01-14,3,2,1,0.6666666666666666,1283.32807385482,1283.32807385482,0.0,0.0,139442.74609600718,0.9288748405476444,0.0,0.0,-0.036987007963501455,0.0,1.0235243770514892,0.0,RUN,False,,
2026-01-15,3,1,2,0.3333333333333333,1036.5732148228562,929.7592061849136,0.0,0.0,138551.5705154828,0.6755900081094834,0.0,0.0,-0.040734289592915064,0.0,1.0235243770514892,0.0,RUN,False,,
2026-01-16,3,3,0,1.0,1111.0848017745302,1039.3449318641506,0.0,0.0,139662.65531725733,0.7497620198036126,0.0,0.0,-0.033753537678936414,0.0,1.0235243770514892,0.0,RUN,False,,
2026-01-17,3,1,2,0.3333333333333333,875.1047014956421,-182.0394792475272,0.0,0.0,138048.52184814532,-0.13169264271188919,0.0,0.0,-0.03775998788672894,0.0,1.0235243770514892,0.0,RUN,False,,
2026-01-18,3,2,1,0.6666666666666666,1031.5990307816537,446.31916721956804,0.0,0.0,138709.34625656187,0.3228044232903793,0.0,0.0,-0.03626482138205031,0.0,1.0235243770514892,0.0,RUN,False,,
2026-01-19,3,2,1,0.6666666666666666,5034.582061514986,5034.582061514986,0.0,0.0,139451.37233132866,3.745500879324015,0.0,0.0,-0.06307425703747059,0.0,1.0235243770514892,0.0,RUN,False,,
2026-01-20,3,0,3,0.0,0,-1402.6102530230419,0.0,0.0,137366.4654704991,-1.0107513116377254,0.0,0.0,-0.042514127433475934,0.0,1.0235243770514892,0.0,RUN,False,,
2026-01-21,3,1,2,0.3333333333333333,2981.710535059625,-8846.420736582688,0.0,0.0,131501.75526897603,-6.303196085877394,0.0,0.0,-0.08339293395602614,0.0,1.0235243770514892,0.0,RUN,False,,
2026-01-22,3,2,1,0.6666666666666666,8409.133509296138,-734.9934989206085,0.0,0.0,139080.37100824364,-0.5256886476757372,0.0,0.0,-0.031233519798101662,0.0,1.0235243770514892,0.0,RUN,False,,
2026-01-23,3,1,2,0.3333333333333333,2052.5286592395278,987.5927549060143,0.0,0.0,139648.6900979544,0.7122349194040423,0.0,0.0,-0.04091307696021241,0.0,1.0235243770514892,0.0,RUN,False,,
2026-01-24,3,1,2,0.3333333333333333,532.6068250617827,402.2955262515461,0.0,0.0,138898.7091577011,0.29047360556360147,0.0,0.0,-0.03463804649089009,0.0,1.0235243770514892,0.0,RUN,False,,
2026-01-25,3,1,2,0.3333333333333333,119.38372826817795,-2750.1632140057627,0.0,0.0,136267.9296719635,-1.978277184583166,0.0,0.0,-0.050171254695240634,0.0,1.0235243770514892,0.0,RUN,False,,
2026-01-26,3,2,1,0.6666666666666666,4060.6288661684666,-727.6393685884541,0.0,0.0,139195.97985210724,-0.520026120422723,0.0,0.0,-0.03258440773308776,0.0,1.0235243770514892,0.0,RUN,False,,
2026-01-27,3,1,2,0.3333333333333333,2840.49446124534,2633.0646779428644,0.0,0.0,141123.34114188136,1.901263211521198,0.0,0.0,-0.036126672827388275,0.0,1.0235243770514892,0.0,RUN,False,,
2026-01-28,3,1,2,0.3333333333333333,676.8164180342283,-197.92116875678767,0.0,0.0,138781.85429540553,-0.1424100507399495,0.0,0.0,-0.03736605404434543,0.0,1.0235243770514892,0.0,RUN,False,,
2026-01-29,3,1,2,0.3333333333333333,1927.0962588378752,1522.892134898284,0.0,0.0,140103.17276133064,1.0989241239909964,0.0,0.0,-0.03687089330968301,0.0,1.0235243770514892,0.0,RUN,False,,
2026-01-30,3,2,1,0.6666666666666666,1198.232764426677,1198.232764426677,0.0,0.0,139158.1691456824,0.8685367620896445,0.0,0.0,-0.03837745542344534,0.0,1.0235243770514892,0.0,RUN,False,,
2026-01-31,3,0,3,0.0,0,-3492.7534454303677,0.0,0.0,135160.1083361937,-2.519063364830798,0.0,0.0,-0.05789310496411264,0.0,1.0235243770514892,0.0,RUN,False,,
2026-02-01,3,2,1,0.6666666666666666,4046.896418900811,-663.1367859836027,0.0,0.0,138369.66295944873,-0.47696427547873066,0.0,0.0,-0.035521537067454076,0.0,1.0235243770514892,0.0,RUN,False,,
2026-02-02,3,1,2,0.3333333333333333,2617.9351061161433,-1843.9623528578668,0.0,0.0,139143.635712707,-1.3078897563744252,0.0,0.0,-0.030126712541264547,0.0,1.0235243770514892,0.0,RUN,False,,
2026-02-03,3,1,2,0.3333333333333333,1024.283431403339,-3811.2662774313067,0.0,0.0,136356.65286667904,-2.7190717395988773,0.0,0.0,-0.049552827153859794,0.0,1.0235243770514892,0.0,RUN,False,,
2026-02-04,3,1,2,0.3333333333333333,3680.302830582921,-1321.0675316433772,0.0,0.0,138715.88816561858,-0.9433706446027812,0.0,0.0,-0.033108242508999706,0.0,1.0235243770514892,0.0,RUN,False,,
2026-02-05,3,3,0,1.0,3049.3861091549334,2327.0939028714783,0.0,0.0,141765.27427477352,1.6689072509873393,0.0,0.0,-0.028073647049237812,0.0,1.0235243770514892,0.0,RUN,False,,
2026-02-06,3,2,1,0.6666666666666666,4029.4573555302923,891.9685552957817,0.0,0.0,142768.99899505428,0.6286913057956367,0.0,0.0,-0.03216439631041841,0.0,1.0235243770514892,0.0,RUN,False,,
2026-02-07,3,1,2,0.3333333333333333,1325.8266738445964,981.6380357738526,0.0,0.0,139368.9087187887,0.7093412789550335,0.0,0.0,-0.035398805900827106,0.0,1.0235243770514892,0.0,RUN,False,,
2026-02-08,3,2,1,0.6666666666666666,2172.341546590207,-1395.0215421050962,0.0,0.0,138006.21049242717,-1.000723969038897,0.0,0.0,-0.03805491085217399,0.0,1.0235243770514892,0.0,RUN,False,,
2026-02-09,3,2,1,0.6666666666666666,4066.589197785099,1448.7952366232057,0.0,0.0,141050.60945946965,1.0378054502289569,0.0,0.0,-0.034058045072751036,0.0,1.0235243770514892,0.0,RUN,False,,
2026-02-10,3,1,2,0.3333333333333333,1035.720926974027,883.4935962414893,0.0,0.0,139923.0958042132,0.635425865876682,0.0,0.0,-0.03085185758096876,0.0,1.0235243770514892,0.0,RUN,False,,
2026-02-11,3,1,2,0.3333333333333333,95.66059313798905,-1455.4159893993638,0.0,0.0,138563.34040795182,-1.0394435908780086,0.0,0.0,-0.03417154658658037,0.0,1.0235243770514892,0.0,RUN,False,,
2026-02-12,3,1,2,0.3333333333333333,1886.0300657616463,-3582.1148796720954,0.0,0.0,136867.25559404137,-2.550467024231007,0.0,0.0,-0.04599377148282074,0.0,1.0235243770514892,0.0,RUN,False,,
2026-02-13,3,2,1,0.6666666666666666,3950.0866399039514,2000.0593234244443,0.0,0.0,140664.83641449097,1.4423701284363766,0.0,0.0,-0.033464502180147744,0.0,1.0235243770514892,0.0,RUN,False,,
2026-02-14,3,1,2,0.3333333333333333,920.3431721985107,-592.0200539947837,0.0,0.0,139354.66182982165,-0.42303257642526404,0.0,0.0,-0.028655796585264855,0.0,1.0235243770514892,0.0,RUN,False,,
2026-02-15,3,1,2,0.3333333333333333,817.2318967879692,-0.45396483852528036,0.0,0.0,139283.17443382935,-0.0003259283547829561,0.0,0.0,-0.03485043924859499,0.0,1.0235243770514892,0.0,RUN,False,,
2026-02-16,3,3,0,1.0,1170.909351096896,812.5974057413987,0.0,0.0,140454.08378492625,0.5819168979158906,0.0,0.0,-0.026656542597183596,0.0,1.0235243770514892,0.0,RUN,False,,
2026-02-17,3,1,2,0.3333333333333333,1018.2166930181847,532.1902484820166,0.0,0.0,140051.8869112956,0.3814445280569956,0.0,0.0,-0.030893205345934927,0.0,1.0235243770514892,0.0,RUN,False,,
2026-02-18,3,1,2,0.3333333333333333,648.9798262435652,-485.6286471291678,0.0,0.0,138506.1121687058,-0.34939388792362136,0.0,0.0,-0.03457044474853171,0.0,1.0235243770514892,0.0,RUN,False,,
2026-02-19,3,2,1,0.6666666666666666,1409.555670255475,-269.9622558836709,0.0,0.0,139268.13597716077,-0.1934684930511299,0.0,0.0,-0.031890682505845445,0.0,1.0235243770514892,0.0,RUN,False,,
2026-02-20,3,2,1,0.6666666666666666,1102.5632810102252,-152.86346483547823,0.0,0.0,139879.42367455977,-0.1091630137293298,0.0,0.0,-0.02735688255006356,0.0,1.0235243770514892,0.0,RUN,False,,
2026-02-21,3,1,2,0.3333333333333333,779.8969493929471,32.3627531575039,0.0,0.0,139180.06730729068,0.0232578419178342,0.0,0.0,-0.030098351484074023,0.0,1.0235243770514892,0.0,RUN,False,,
2026-02-22,3,2,1,0.6666666666666666,310.5315406276204,-35.16098514935584,0.0,0.0,139423.27413129757,-0.025212519500883435,0.0,0.0,-0.028401739012078615,0.0,1.0235243770514892,0.0,RUN,False,,
2026-02-23,3,1,2,0.3333333333333333,1430.0463157778431,1161.405984553654,0.0,0.0,138797.82789612203,0.8438216922696862,0.0,0.0,-0.040632449269545255,0.0,1.0235243770514892,0.0,RUN,False,,
2026-02-24,3,2,1,0.6666666666666666,1692.4657637534547,-4.20331467181677,0.0,0.0,140210.87589502565,-0.0029977622203691823,0.0,0.0,-0.024606053284026423,0.0,1.0235243770514892,0.0,RUN,False,,
2026-02-25,3,2,1,0.6666666666666666,1769.8608695375442,1769.8608695375442,0.0,0.0,141447.27998810844,1.2671059364542936,0.0,0.0,-0.026406080519653177,0.0,1.0235243770514892,0.0,RUN,False,,
2026-02-26,3,0,3,0.0,0,-2905.6989128064306,0.0,0.0,137102.41307541257,-2.0753789702206205,0.0,0.0,-0.044354652608574116,0.0,1.0235243770514892,0.0,RUN,False,,
2026-02-27,3,2,1,0.6666666666666666,2682.7923116483144,-715.8070824510069,0.0,0.0,138123.6809946238,-0.5155644783518931,0.0,0.0,-0.03723610587010411,0.0,1.0235243770514892,0.0,RUN,False,,
2026-02-28,3,2,1,0.6666666666666666,2873.5061647994153,271.691147457459,0.0,0.0,139944.82703768718,0.19451925792730584,0.0,0.0,-0.0337712047264602,0.0,1.0235243770514892,0.0,RUN,False,,
2026-03-01,3,0,3,0.0,0,-1083.8387926623109,0.0,0.0,138143.44380307617,-0.7784672461139341,0.0,0.0,-0.03709835310904587,0.0,1.0235243770514892,0.0,RUN,False,,
2026-03-02,3,2,1,0.6666666666666666,3092.786332116142,-619.7248219010362,0.0,0.0,140328.79193379718,-0.43968169099302123,0.0,0.0,-0.023871264100329366,0.0,1.0235243770514892,0.0,RUN,False,,
2026-03-03,3,1,2,0.3333333333333333,3557.8642395657953,400.0158448384027,0.0,0.0,140393.2188496133,0.2857394760978238,0.0,0.0,-0.046216131004050885,0.0,1.0235243770514892,0.0,RUN,False,,
2026-03-04,3,1,2,0.3333333333333333,3694.493996074918,121.29917084603221,0.0,0.0,139154.25414640462,0.08724490597740164,0.0,0.0,-0.03089819080433173,0.0,1.0235243770514892,0.0,RUN,False,,
2026-03-05,3,2,1,0.6666666666666666,974.0070697267656,-640.8371463391813,0.0,0.0,138941.00639013067,-0.4591121094999373,0.0,0.0,-0.03153910029594718,0.0,1.0235243770514892,0.0,RUN,False,,
2026-03-06,3,2,1,0.6666666666666666,899.0797726536111,-434.57492092624307,0.0,0.0,139204.70819753397,-0.3112125121392806,0.0,0.0,-0.031100676865279515,0.0,1.0235243770514892,0.0,RUN,False,,
2026-03-07,3,1,2,0.3333333333333333,520.9446281306737,-478.646560358,0.0,0.0,139247.00626530664,-0.34256169191437813,0.0,0.0,-0.029406188478753814,0.0,1.0235243770514892,0.0,RUN,False,,
2026-03-08,3,2,1,0.6666666666666666,584.9003040364478,-482.2556430318509,0.0,0.0,138898.18962462805,-0.34599949950350206,0.0,0.0,-0.031837546120678364,0.0,1.0235243770514892,0.0,RUN,False,,
2026-03-09,3,1,2,0.3333333333333333,1417.8706751404388,-647.3830562687654,0.0,0.0,139668.67724349973,-0.46137488102624413,0.0,0.0,-0.026467014036809008,0.0,1.0235243770514892,0.0,RUN,False,,
2026-03-10,3,1,2,0.3333333333333333,1192.3174929034722,-1443.0913997244788,0.0,0.0,139417.90333667872,-1.0244790635086543,0.0,0.0,-0.02821498412664869,0.0,1.0235243770514892,0.0,RUN,False,,
2026-03-11,3,3,0,1.0,899.3986720411631,747.5411950693815,0.0,0.0,140317.30200871988,0.5356039809135238,0.0,0.0,-0.027156491514597727,0.0,1.0235243770514892,0.0,RUN,False,,
2026-03-12,3,1,2,0.3333333333333333,147.19047068458167,-204.83332966081798,0.0,0.0,139374.0505348598,-0.14675094397490485,0.0,0.0,-0.028520651438319434,0.0,1.0235243770514892,0.0,RUN,False,,
2026-03-13,3,2,1,0.6666666666666666,2387.7507000647893,-2106.428132231551,0.0,0.0,139636.7423279433,-1.4860879190108034,0.0,0.0,-0.026819472214566525,0.0,1.0235243770514892,0.0,RUN,False,,
2026-03-14,3,2,1,0.6666666666666666,677.481757287751,677.481757287751,0.0,0.0,139574.4132612796,0.48775862069225795,0.0,0.0,-0.03184631560259678,0.0,1.0235243770514892,0.0,RUN,False,,
2026-03-15,3,1,2,0.3333333333333333,938.5366506005812,362.50138694999623,0.0,0.0,139284.7750236044,0.2609382768224089,0.0,0.0,-0.03166967326181894,0.0,1.0235243770514892,0.0,RUN,False,,
2026-03-16,3,2,1,0.6666666666666666,1634.183414372179,1634.183414372179,0.0,0.0,140546.69225123912,1.1764119934593475,0.0,0.0,-0.03173773687409074,0.0,1.0235243770514892,0.0,RUN,False,,
2026-03-17,3,1,2,0.3333333333333333,793.8164803545224,3.812292904476635,0.0,0.0,139949.6367538653,0.002724120508168504,0.0,0.0,-0.030041782461764494,0.0,1.0235243770514892,0.0,RUN,False,,
2026-03-18,3,1,2,0.3333333333333333,135.40991073759506,-500.85353869738174,0.0,0.0,139077.87870836272,-0.3588322738243943,0.0,0.0,-0.03058505877930958,0.0,1.0235243770514892,0.0,RUN,False,,
2026-03-19,3,2,1,0.6666666666666666,462.4141946407326,462.4141946407326,0.0,0.0,139354.1520571759,0.3329313908494669,0.0,0.0,-0.031882516856701425,0.0,1.0235243770514892,0.0,RUN,False,,
2026-03-20,3,2,1,0.6666666666666666,668.7430424895138,-431.3806109066063,0.0,0.0,139470.51887428178,-0.30834507072027284,0.0,0.0,-0.027848237892333972,0.0,1.0235243770514892,0.0,RUN,False,,
2026-03-21,3,1,2,0.3333333333333333,324.59497511480004,-967.33188219578,0.0,0.0,138827.7819672008,-0.6919640147350914,0.0,0.0,-0.032328308819392276,0.0,1.0235243770514892,0.0,RUN,False,,
2026-03-22,3,2,1,0.6666666666666666,970.4547431632527,-212.72363297708216,0.0,0.0,139324.61917681847,-0.152449250282094,0.0,0.0,-0.03068371248820345,0.0,1.0235243770514892,0.0,RUN,False,,
2026-03-23,3,2,1,0.6666666666666666,1171.4526733691746,1171.4526733691746,0.0,0.0,140022.5133265942,0.8436757111238924,0.0,0.0,-0.03216604932670052,0.0,1.0235243770514892,0.0,RUN,False,,
2026-03-24,3,0,3,0.0,0,-154.3225618431752,0.0,0.0,138759.3463697548,-0.11109242382703055,0.0,0.0,-0.032805325662700786,0.0,1.0235243770514892,0.0,RUN,False,,
2026-03-25,3,3,0,1.0,1453.455888869823,366.8955250532308,0.0,0.0,140212.80225862464,0.2623569996597963,0.0,0.0,-0.02523167080828103,0.0,1.0235243770514892,0.0,RUN,False,,
2026-03-26,3,0,3,0.0,0,-371.4768068304111,0.0,0.0,138939.88053974972,-0.2666522054668108,0.0,0.0,-0.031546947814121956,0.0,1.0235243770514892,0.0,RUN,False,,
2026-03-27,3,2,1,0.6666666666666666,1459.0237659241538,-455.26920106925536,0.0,0.0,139080.86887691455,-0.32627332771301143,0.0,0.0,-0.03657795833726305,0.0,1.0235243770514892,0.0,RUN,False,,
2026-03-28,3,2,1,0.6666666666666666,570.5203506551625,-209.1812126885343,0.0,0.0,139203.74096962874,-0.15004434984511317,0.0,0.0,-0.031369948231630605,0.0,1.0235243770514892,0.0,RUN,False,,
2026-03-29,3,2,1,0.6666666666666666,569.1411765542871,-137.61862829871825,0.0,0.0,139501.05150254446,-0.09855337935384956,0.0,0.0,-0.028570914624698917,0.0,1.0235243770514892,0.0,RUN,False,,
2026-03-30,3,1,2,0.3333333333333333,576.8684210280771,-1240.7164691880753,0.0,0.0,138837.20345438446,-0.8857330761800397,0.0,0.0,-0.03226263819995818,0.0,1.0235243770514892,0.0,RUN,False,,
2026-03-31,3,2,1,0.6666666666666666,4501.186213690904,1369.4798755254888,0.0,0.0,141476.42130434982,0.9774532664544644,0.0,0.0,-0.03639066339958304,0.0,1.0235243770514892,0.0,RUN,False,,
2026-04-01,3,1,2,0.3333333333333333,109.48078765854007,-80.36233910595183,0.0,0.0,139622.42134206955,-0.05752379228846083,0.0,0.0,-0.027552545932326544,0.0,1.0235243770514892,0.0,RUN,False,,
2026-04-02,3,2,1,0.6666666666666666,1862.5400621602894,-638.0798376890307,0.0,0.0,139703.31052297898,-0.4546626166729628,0.0,0.0,-0.03419664614918654,0.0,1.0235243770514892,0.0,RUN,False,,
2026-04-03,3,2,1,0.6666666666666666,531.3044572252256,531.3044572252256,0.0,0.0,139623.59152995626,0.38197981240140066,0.0,0.0,-0.030484628115375726,0.0,1.0235243770514892,0.0,RUN,False,,
2026-04-04,3,1,2,0.3333333333333333,144.6378570710367,96.88796961656772,0.0,0.0,139317.58764517182,0.06959307764029532,0.0,0.0,-0.02992238455655041,0.0,1.0235243770514892,0.0,RUN,False,,
2026-04-05,3,1,2,0.3333333333333333,365.756228647253,20.602331843896536,0.0,0.0,139191.19666387961,0.01480365298631714,0.0,0.0,-0.029938802798790444,0.0,1.0235243770514892,0.0,RUN,False,,
2026-04-06,3,1,2,0.3333333333333333,592.2124231571215,-1312.052621634968,0.0,0.0,138471.35646540177,-0.9386325817951735,0.0,0.0,-0.03481270252804676,0.0,1.0235243770514892,0.0,RUN,False,,
2026-04-07,3,2,1,0.6666666666666666,1537.8382312343456,80.69141592015512,0.0,0.0,139541.61506964758,0.05785951634775799,0.0,0.0,-0.027915119485985598,0.0,1.0235243770514892,0.0,RUN,False,,
2026-04-08,3,2,1,0.6666666666666666,788.8088363384595,788.8088363384595,0.0,0.0,139828.37153771688,0.5673268967571587,0.0,0.0,-0.030852132953890467,0.0,1.0235243770514892,0.0,RUN,False,,
2026-04-09,3,1,2,0.3333333333333333,883.8617600730213,112.1343666271714,0.0,0.0,139051.95632284312,0.08070714720112004,0.0,0.0,-0.031547356159097255,0.0,1.0235243770514892,0.0,RUN,False,,
2026-04-10,3,2,1,0.6666666666666666,1502.3854144636425,825.7379058656516,0.0,0.0,140540.6272655266,0.5910163975007654,0.0,0.0,-0.02624049561195208,0.0,1.0235243770514892,0.0,RUN,False,,
2026-04-11,3,2,1,0.6666666666666666,719.2203309316828,719.2203309316828,0.0,0.0,139815.95593245787,0.5170648526159782,0.0,0.0,-0.030453620522216247,0.0,1.0235243770514892,0.0,RUN,False,,
2026-04-12,3,1,2,0.3333333333333333,218.64695228176424,6.7880019188451115,0.0,0.0,139439.27021650245,0.00486830744961253,0.0,0.0,-0.029590085987721403,0.0,1.0235243770514892,0.0,RUN,False,,
2026-04-13,3,2,1,0.6666666666666666,1732.9166254746087,-1.7381732274661772,0.0,0.0,140189.13277038146,-0.0012398619223641383,0.0,0.0,-0.029679350420456843,0.0,1.0235243770514892,0.0,RUN,False,,
2026-04-14,3,1,2,0.3333333333333333,942.7572693847469,-974.0478579090268,0.0,0.0,137912.8440167195,-0.701324541691295,0.0,0.0,-0.03870570346851764,0.0,1.0235243770514892,0.0,RUN,False,,
2026-04-15,3,1,2,0.3333333333333333,2175.604919697769,-369.7083730552986,0.0,0.0,139718.74056336196,-0.26391067633498855,0.0,0.0,-0.0261180575332134,0.0,1.0235243770514892,0.0,RUN,False,,
2026-04-16,3,0,3,0.0,0,-1138.1581120131596,0.0,0.0,138247.28934075765,-0.8165544773953592,0.0,0.0,-0.036374518256641904,0.0,1.0235243770514892,0.0,RUN,False,,
2026-04-17,3,2,1,0.6666666666666666,2315.330017450382,619.9386533949873,0.0,0.0,139687.2114854582,0.4457832822706065,0.0,0.0,-0.030658984949632154,0.0,1.0235243770514892,0.0,RUN,False,,
2026-04-18,3,1,2,0.3333333333333333,600.0400603571616,-399.04759940193617,0.0,0.0,139074.4306640027,-0.28611002204183,0.0,0.0,-0.034791553665448706,0.0,1.0235243770514892,0.0,RUN,False,,
2026-04-19,3,2,1,0.6666666666666666,340.8010138407408,-966.1971068214625,0.0,0.0,138323.77665487502,-0.6936587614514655,0.0,0.0,-0.03584137850927269,0.0,1.0235243770514892,0.0,RUN,False,,
2026-04-20,3,1,2,0.3333333333333333,1898.0636498760432,-1684.0669472086593,0.0,0.0,138537.7733575424,-1.2010018864027083,0.0,0.0,-0.03434975667218143,0.0,1.0235243770514892,0.0,RUN,False,,
2026-04-21,3,2,1,0.6666666666666666,1243.2075464921945,-617.354093211703,0.0,0.0,139117.68721503386,-0.4418033497051499,0.0,0.0,-0.030307581429834005,0.0,1.0235243770514892,0.0,RUN,False,,
2026-04-22,3,1,2,0.3333333333333333,122.87221351318294,-923.9605888766237,0.0,0.0,138316.59883967042,-0.6635714425944683,0.0,0.0,-0.03589141005540559,0.0,1.0235243770514892,0.0,RUN,False,,
2026-04-23,3,1,2,0.3333333333333333,1124.8169712883537,-617.1676917133736,0.0,0.0,138824.2481192454,-0.4425999894823729,0.0,0.0,-0.032352940810042315,0.0,1.0235243770514892,0.0,RUN,False,,
2026-04-24,3,1,2,0.3333333333333333,631.3744793025544,-673.8733853245212,0.0,0.0,138781.74921322343,-0.4832170784998757,0.0,0.0,-0.03264917105791387,0.0,1.0235243770514892,0.0,RUN,False,,
2026-04-25,3,2,1,0.6666666666666666,647.3766719436098,40.07760530675296,0.0,0.0,139314.9005268383,0.028775915464152035,0.0,0.0,-0.029212297959214338,0.0,1.0235243770514892,0.0,RUN,False,,
2026-04-26,3,1,2,0.3333333333333333,187.66243357845815,-43.37694883556105,0.0,0.0,138949.2677345426,-0.031208089416800977,0.0,0.0,-0.0314815162230387,0.0,1.0235243770514892,0.0,RUN,False,,
2026-04-27,3,1,2,0.3333333333333333,1398.4448162893532,-1232.6227633514209,0.0,0.0,139115.08978748054,-0.8782635220399349,0.0,0.0,-0.030325686286640237,0.0,1.0235243770514892,0.0,RUN,False,,
2026-04-28,3,2,1,0.6666666666666666,428.3127631164971,130.25715724559268,0.0,0.0,139406.461419633,0.09352434461826764,0.0,0.0,-0.030157190757264172,0.0,1.0235243770514892,0.0,RUN,False,,
2026-04-29,3,1,2,0.3333333333333333,1.028281207458349,-470.16906055787695,0.0,0.0,138937.3206402826,-0.33726241076920127,0.0,0.0,-0.03156479108880019,0.0,1.0235243770514892,0.0,RUN,False,,
2026-04-30,3,1,2,0.3333333333333333,1221.4139064660121,-1436.1407160697272,0.0,0.0,138722.59383067887,-1.0246530269511833,0.0,0.0,-0.03306150199238672,0.0,1.0235243770514892,0.0,RUN,False,,
2026-05-01,3,2,1,0.6666666666666666,845.2564133298292,-1955.6830967414717,0.0,0.0,137367.64890939405,-1.4037010661325233,0.0,0.0,-0.04250587850591506,0.0,1.0235243770514892,0.0,RUN,False,,
2026-05-02,3,2,1,0.6666666666666666,1032.2313675720652,-116.54014314766391,0.0,0.0,138243.54867748264,-0.08422959550044018,0.0,0.0,-0.03640059181271382,0.0,1.0235243770514892,0.0,RUN,False,,
2026-05-03,3,1,2,0.3333333333333333,387.9661936048651,348.20801663806196,0.0,0.0,138122.52408879576,0.2527379750923098,0.0,0.0,-0.03967128520216195,0.0,1.0235243770514892,0.0,RUN,False,,
2026-05-04,3,2,1,0.6666666666666666,405.5096457803447,405.5096457803447,0.0,0.0,138330.20960999408,0.2940079955842334,0.0,0.0,-0.03862306392332189,0.0,1.0235243770514892,0.0,RUN,False,,
2026-05-05,3,1,2,0.3333333333333333,615.1540750270069,-1545.7080575111904,0.0,0.0,137399.6556275099,-1.1124574555903877,0.0,0.0,-0.042282781985827855,0.0,1.0235243770514892,0.0,RUN,False,,
2026-05-06,3,2,1,0.6666666666666666,2855.9445178686583,-218.02486737965955,0.0,0.0,138234.16485421814,-0.15747303658979472,0.0,0.0,-0.036465999903223044,0.0,1.0235243770514892,0.0,RUN,False,,
2026-05-07,3,2,1,0.6666666666666666,1509.5567337905231,1509.5567337905231,0.0,0.0,138082.60519155685,1.1053108580624027,0.0,0.0,-0.04804448433785963,0.0,1.0235243770514892,0.0,RUN,False,,
2026-05-08,3,1,2,0.3333333333333333,752.3457518189389,3.362829341000179,0.0,0.0,137753.70502742464,0.00244124935542267,0.0,0.0,-0.0398383903661332,0.0,1.0235243770514892,0.0,RUN,False,,
2026-05-09,3,1,2,0.3333333333333333,804.1135012072627,-415.1729867721151,0.0,0.0,138142.6455418598,-0.2996388014627427,0.0,0.0,-0.03710391723151695,0.0,1.0235243770514892,0.0,RUN,False,,
2026-05-10,3,1,2,0.3333333333333333,728.7693056269782,378.87210304348264,0.0,0.0,138425.30686789748,0.2744526533328129,0.0,0.0,-0.03777453548944598,0.0,1.0235243770514892,0.0,RUN,False,,
2026-05-11,3,2,1,0.6666666666666666,2021.23604287763,2021.23604287763,0.0,0.0,138592.90984968137,1.4799818926850783,0.0,0.0,-0.04805406607145002,0.0,1.0235243770514892,0.0,RUN,False,,
2026-05-12,3,1,2,0.3333333333333333,243.12628145495546,-29.63914169545751,0.0,0.0,137979.10245860292,-0.02147627849640177,0.0,0.0,-0.03993852588351577,0.0,1.0235243770514892,0.0,RUN,False,,
2026-05-13,3,3,0,1.0,1245.9744108319574,470.3577979909023,0.0,0.0,139225.07686943488,0.3389850818325879,0.0,0.0,-0.032837579333533776,0.0,1.0235243770514892,0.0,RUN,False,,
2026-05-14,3,1,2,0.3333333333333333,878.9280055400159,634.6160608278878,0.0,0.0,139365.73304448713,0.4574431999294193,0.0,0.0,-0.03470502129107009,0.0,1.0235243770514892,0.0,RUN,False,,
2026-05-15,3,1,2,0.3333333333333333,1126.6636509242235,-287.06918544351356,0.0,0.0,138754.18633813466,-0.20646331505171922,0.0,0.0,-0.04069447955889093,0.0,1.0235243770514892,0.0,RUN,False,,
2026-05-16,3,0,3,0.0,0,-125.68533093485166,0.0,0.0,138190.83751112697,-0.09086790815177048,0.0,0.0,-0.03676800460840011,0.0,1.0235243770514892,0.0,RUN,False,,
2026-05-17,3,1,2,0.3333333333333333,392.300563133118,341.01355155257625,0.0,0.0,138026.41523954002,0.2476758954630176,0.0,0.0,-0.0402910453919534,0.0,1.0235243770514892,0.0,RUN,False,,
2026-05-18,3,1,2,0.3333333333333333,740.1948275545728,381.68285421741894,0.0,0.0,138034.24902791143,0.27727986831411755,0.0,0.0,-0.040519918872440296,0.0,1.0235243770514892,0.0,RUN,False,,
2026-05-19,3,2,1,0.6666666666666666,2337.0577195989317,588.5259202113375,0.0,0.0,139337.91361233493,0.4241646972289681,0.0,0.0,-0.04007780382873167,0.0,1.0235243770514892,0.0,RUN,False,,
2026-05-20,3,1,2,0.3333333333333333,511.1903554771852,403.93045131504186,0.0,0.0,138592.71280358935,0.2923033580868539,0.0,0.0,-0.03678232968810977,0.0,1.0235243770514892,0.0,RUN,False,,
2026-05-21,3,1,2,0.3333333333333333,876.2054867522093,-1494.6696722023771,0.0,0.0,137974.2486181392,-1.0716865739869186,0.0,0.0,-0.038277694797197774,0.0,1.0235243770514892,0.0,RUN,False,,
2026-05-22,3,2,1,0.6666666666666666,1119.8777410423208,1119.8777410423208,0.0,0.0,138709.84319070575,0.8139239932086539,0.0,0.0,-0.04095626488066299,0.0,1.0235243770514892,0.0,RUN,False,,
2026-05-23,3,1,2,0.3333333333333333,206.75303018148406,122.80330038207467,0.0,0.0,138324.811843257,0.08885782607419568,0.0,0.0,-0.036690139133416726,0.0,1.0235243770514892,0.0,RUN,False,,
2026-05-24,3,3,0,1.0,808.7916920195566,535.6081162925693,0.0,0.0,139133.60353527655,0.3864472315587397,0.0,0.0,-0.033929990662699874,0.0,1.0235243770514892,0.0,RUN,False,,
2026-05-25,3,1,2,0.3333333333333333,305.74795491970144,-25.58533510917914,0.0,0.0,138792.25041916914,-0.018430870190533355,0.0,0.0,-0.03470713032836264,0.0,1.0235243770514892,0.0,RUN,False,,
2026-05-26,3,1,2,0.3333333333333333,1580.42728341787,1050.508384116285,0.0,0.0,137993.8050753232,0.7671119430438855,0.0,0.0,-0.04546374200276464,0.0,1.0235243770514892,0.0,RUN,False,,
2026-05-27,3,1,2,0.3333333333333333,1201.9565527900704,-1064.892127732659,0.0,0.0,138130.86950038062,-0.7650320062026816,0.0,0.0,-0.03718599980758414,0.0,1.0235243770514892,0.0,RUN,False,,
2026-05-28,3,2,1,0.6666666666666666,3324.4411313554447,1506.6612948590773,0.0,0.0,140390.3315524494,1.084836894117669,0.0,0.0,-0.03936197727112591,0.0,1.0235243770514892,0.0,RUN,False,,
2026-05-29,3,1,2,0.3333333333333333,747.2481821022811,468.1099755897303,0.0,0.0,139254.80800748992,0.33728734974451946,0.0,0.0,-0.034560354142964704,0.0,1.0235243770514892,0.0,RUN,False,,
2026-05-30,3,1,2,0.3333333333333333,386.86647608925705,-75.96745069421013,0.0,0.0,138666.5186188785,-0.05475428100381041,0.0,0.0,-0.03614893972380432,0.0,1.0235243770514892,0.0,RUN,False,,
2026-05-31,3,1,2,0.3333333333333333,287.3748519210785,-1047.7233067406632,0.0,0.0,137906.17016405892,-0.7540078802907635,0.0,0.0,-0.038752222243068665,0.0,1.0235243770514892,0.0,RUN,False,,
2026-06-01,3,2,1,0.6666666666666666,2235.7899960265495,647.7263176422275,0.0,0.0,139946.66233624393,0.4649901400221257,0.0,0.0,-0.03040550735658325,0.0,1.0235243770514892,0.0,RUN,False,,
2026-06-02,3,2,1,0.6666666666666666,1425.810754384118,1425.810754384118,0.0,0.0,139190.96515005722,1.034957468482256,0.0,0.0,-0.03973514486232704,0.0,1.0235243770514892,0.0,RUN,False,,
2026-06-03,3,2,1,0.6666666666666666,1622.287785771914,-160.03807587912888,0.0,0.0,139445.3368711394,-0.11463604172824438,0.0,0.0,-0.03644303952953202,0.0,1.0235243770514892,0.0,RUN,False,,
2026-06-04,3,1,2,0.3333333333333333,1468.813029149751,1053.237795267807,0.0,0.0,139095.66193514134,0.762981236985949,0.0,0.0,-0.037802490760376235,0.0,1.0235243770514892,0.0,RUN,False,,
2026-06-05,3,1,2,0.3333333333333333,3400.1166838104837,2992.3386673167115,0.0,0.0,141700.7098093937,2.1572877272502122,0.0,0.0,-0.03600297473071652,0.0,1.0235243770514892,0.0,RUN,False,,
2026-06-06,3,0,3,0.0,0,-527.3975494338956,0.0,0.0,139735.33985067898,-0.3760068848003728,0.0,0.0,-0.026002355472697542,0.0,1.0235243770514892,0.0,RUN,False,,
2026-06-07,3,1,2,0.3333333333333333,1853.1940350342484,212.82779920106987,0.0,0.0,139522.10460613505,0.1527736013560821,0.0,0.0,-0.028972143941893784,0.0,1.0235243770514892,0.0,RUN,False,,
2026-06-08,3,2,1,0.6666666666666666,731.8697168759536,-1205.114425786247,0.0,0.0,138990.1534653695,-0.8595970776430706,0.0,0.0,-0.03160573190708808,0.0,1.0235243770514892,0.0,RUN,False,,
2026-06-09,3,2,1,0.6666666666666666,1731.0621427595033,1731.0621427595033,0.0,0.0,139672.73742125698,1.2549232414819977,0.0,0.0,-0.03850474084094956,0.0,1.0235243770514892,0.0,RUN,False,,
2026-06-10,3,2,1,0.6666666666666666,526.3060504412279,-1574.597135950782,0.0,0.0,138482.7653842836,-1.1242515977860856,0.0,0.0,-0.035720738054480276,0.0,1.0235243770514892,0.0,RUN,False,,
2026-06-11,3,1,2,0.3333333333333333,1708.343642148131,-1024.7673138510436,0.0,0.0,139166.34171258067,-0.7309788195325795,0.0,0.0,-0.02996844484450852,0.0,1.0235243770514892,0.0,RUN,False,,
2026-06-12,3,3,0,1.0,1346.716928393027,940.230872755521,0.0,0.0,140513.0586409737,0.6736489385433364,0.0,0.0,-0.02713511391228192,0.0,1.0235243770514892,0.0,RUN,False,,
2026-06-13,3,0,3,0.0,0,-567.3768621303025,0.0,0.0,139081.0995436926,-0.40628933213813223,0.0,0.0,-0.030562608581470845,0.0,1.0235243770514892,0.0,RUN,False,,
2026-06-14,3,1,2,0.3333333333333333,641.7621486957069,-298.1096119482827,0.0,0.0,139424.75208044003,-0.21335779151488987,0.0,0.0,-0.028167246308151143,0.0,1.0235243770514892,0.0,RUN,False,,
2026-06-15,3,1,2,0.3333333333333333,445.14685827476205,97.1000914737233,0.0,0.0,139365.68985764513,0.06972145810966168,0.0,0.0,-0.029255744940094208,0.0,1.0235243770514892,0.0,RUN,False,,
2026-06-16,3,1,2,0.3333333333333333,1917.1388205440308,22.52502060806728,0.0,0.0,139289.04390789222,0.01617403866200906,0.0,0.0,-0.029270179593206627,0.0,1.0235243770514892,0.0,RUN,False,,
2026-06-17,3,2,1,0.6666666666666666,1804.6681683042552,-4.665252030215925,0.0,0.0,139638.45663407116,-0.0033408391098666,0.0,0.0,-0.036788713846376775,0.0,1.0235243770514892,0.0,RUN,False,,
2026-06-18,3,1,2,0.3333333333333333,713.1032300231745,482.3205449814559,0.0,0.0,140108.3148047627,0.3454375007593935,0.0,0.0,-0.028373152580688857,0.0,1.0235243770514892,0.0,RUN,False,,
2026-06-19,3,0,3,0.0,0,-878.2661637774145,0.0,0.0,138892.98069254938,-0.6283596830757299,0.0,0.0,-0.03187385395504979,0.0,1.0235243770514892,0.0,RUN,False,,
2026-06-20,3,1,2,0.3333333333333333,599.0177057632827,-278.0851176052238,0.0,0.0,139213.91328070743,-0.19935560519476203,0.0,0.0,-0.029636856605259602,0.0,1.0235243770514892,0.0,RUN,False,,
2026-06-21,3,2,1,0.6666666666666666,399.10202137348824,-51.73015952273272,0.0,0.0,139426.32033733375,-0.037088387268435774,0.0,0.0,-0.02909706065576743,0.0,1.0235243770514892,0.0,RUN,False,,
2026-06-22,3,1,2,0.3333333333333333,1572.1074288770033,-1675.7253013996815,0.0,0.0,139322.70246481107,-1.1884709127240711,0.0,0.0,-0.028878563039865093,0.0,1.0235243770514892,0.0,RUN,False,,
2026-06-23,3,2,1,0.6666666666666666,2551.044650919066,-201.0860804435215,0.0,0.0,139691.46168319383,-0.14374323983524784,0.0,0.0,-0.04011775917917452,0.0,1.0235243770514892,0.0,RUN,False,,
2026-06-24,3,1,2,0.3333333333333333,416.96886155035463,-2168.4386496468214,0.0,0.0,137939.99189509737,-1.5476860608714893,0.0,0.0,-0.038516474533144406,0.0,1.0235243770514892,0.0,RUN,False,,
2026-06-25,3,2,1,0.6666666666666666,1300.703427856468,-227.02363385941135,0.0,0.0,139004.58472104347,-0.16305466592092532,0.0,0.0,-0.03109594007163871,0.0,1.0235243770514892,0.0,RUN,False,,
2026-06-26,3,2,1,0.6666666666666666,869.5987892639532,-143.9552295099129,0.0,0.0,139221.5274336302,-0.10329331679485021,0.0,0.0,-0.03312958264306585,0.0,1.0235243770514892,0.0,RUN,False,,
2026-06-27,3,2,1,0.6666666666666666,486.65732594861765,142.19309982392588,0.0,0.0,139669.31626434886,0.10191072287519809,0.0,0.0,-0.02772461402892809,0.0,1.0235243770514892,0.0,RUN,False,,
2026-06-28,3,2,1,0.6666666666666666,395.674776232132,-711.9769513948413,0.0,0.0,139111.80515704828,-0.5091958897540438,0.0,0.0,-0.03034858115566608,0.0,1.0235243770514892,0.0,RUN,False,,
2026-06-29,3,2,1,0.6666666666666666,1525.5358434520022,130.24315399274928,0.0,0.0,139958.2121497265,0.09314528053878668,0.0,0.0,-0.030090436072041496,0.0,1.0235243770514892,0.0,RUN,False,,
2026-06-30,3,2,1,0.6666666666666666,1699.8276916528994,1699.8276916528994,0.0,0.0,140123.95981360096,1.2279850814996607,0.0,0.0,-0.03514187050615031,0.0,1.0235243770514892,0.0,RUN,False,,
