{
  "mean": -0.0011124315055525693,
  "lower": -0.004064546887638309,
  "upper": 0.0019785786669431725,
  "n_resamples": 10000,
  "ci": 0.95,
  "seed": 42
}