{
  "n_trades": 108,
  "win_rate": 0.24074074074074073,
  "profit_factor": 1.6093629847542374,
  "total_pnl_usd": 1366.3419858303862,
  "annualized_return": 0.02751352875883195,
  "sharpe": 1.7027133566569483,
  "max_drawdown": 0.004304937458939795,
  "final_equity": 101366.34198583038
}