{
  "n_trades": 190,
  "win_rate": 0.23684210526315788,
  "profit_factor": 1.5118979841779687,
  "total_pnl_usd": 3232.5640497883232,
  "annualized_return": 0.032325640497883334,
  "sharpe": 1.3093074523335155,
  "max_drawdown": 0.005391472549238478,
  "final_equity": 103232.56404978833
}