{
  "n_trades": 207,
  "win_rate": 0.2222222222222222,
  "profit_factor": 1.1458109043236813,
  "total_pnl_usd": 722.8543558200865,
  "annualized_return": 0.007228543558200906,
  "sharpe": 0.3940671486495519,
  "max_drawdown": 0.010418794824298071,
  "final_equity": 100722.85435582009
}