bar_index,timestamp,equity,daily_return
0,2022-01-01 00:00:00+00:00,100126.72930400012,0.0
1,2022-01-02 00:00:00+00:00,100602.9699303612,0.004756378538193662
2,2022-01-03 00:00:00+00:00,100687.649817676,0.0008417235333453288
3,2022-01-04 00:00:00+00:00,100275.55946800287,-0.004092759642511656
4,2022-01-05 00:00:00+00:00,100518.56775924684,0.002423404990540279
5,2022-01-06 00:00:00+00:00,100902.07267617111,0.003815264437937449
6,2022-01-07 00:00:00+00:00,98843.01733699109,-0.020406472182075253
7,2022-01-08 00:00:00+00:00,96414.88843066597,-0.02456550772875299
8,2022-01-09 00:00:00+00:00,95932.78329865498,-0.005000318310358187
9,2022-01-10 00:00:00+00:00,94481.045447909,-0.015132864916745703
10,2022-01-11 00:00:00+00:00,95292.50837709512,0.008588631987920925
11,2022-01-12 00:00:00+00:00,95279.85685705458,-0.00013276510668058794
12,2022-01-13 00:00:00+00:00,95008.5822965492,-0.0028471344254049624
13,2022-01-14 00:00:00+00:00,95960.86844378668,0.01002315921592345
14,2022-01-15 00:00:00+00:00,96110.59046271967,0.0015602403496453032
15,2022-01-16 00:00:00+00:00,96204.49193307478,0.000977014810782384
16,2022-01-17 00:00:00+00:00,95881.41462312288,-0.0033582351869458904
17,2022-01-18 00:00:00+00:00,96775.2432269859,0.00932223004193622
18,2022-01-19 00:00:00+00:00,97976.1535733392,0.012409272312925879
19,2022-01-20 00:00:00+00:00,97119.00697880267,-0.008748522607543552
20,2022-01-21 00:00:00+00:00,93887.20479954913,-0.03327672182602648
21,2022-01-22 00:00:00+00:00,93251.92568836598,-0.0067664077606685025
22,2022-01-23 00:00:00+00:00,90149.15007808221,-0.03327304597068359
23,2022-01-24 00:00:00+00:00,89593.64064347291,-0.0061621150518683665
24,2022-01-25 00:00:00+00:00,90384.12919026014,0.00882304303195891
25,2022-01-26 00:00:00+00:00,92735.21100332327,0.02601210891918937
26,2022-01-27 00:00:00+00:00,93279.2154349586,0.005866212259072023
27,2022-01-28 00:00:00+00:00,94949.9548836398,0.017911165321133682
28,2022-01-29 00:00:00+00:00,94483.9773956664,-0.004907611473269791
29,2022-01-30 00:00:00+00:00,94080.27473911371,-0.004272710227493093
30,2022-01-31 00:00:00+00:00,93831.0469184749,-0.002649097500298847
31,2022-02-01 00:00:00+00:00,93471.67735935026,-0.00382996429142346
32,2022-02-02 00:00:00+00:00,95028.29972290064,0.01665341210863236
33,2022-02-03 00:00:00+00:00,95065.36939337604,0.0003900908527616487
34,2022-02-04 00:00:00+00:00,96489.75778381326,0.01498325204568629
35,2022-02-05 00:00:00+00:00,96288.22983599069,-0.0020885941933246333
36,2022-02-06 00:00:00+00:00,96849.29630479796,0.005826947590198195
37,2022-02-07 00:00:00+00:00,95752.18000912065,-0.011328077100576261
38,2022-02-08 00:00:00+00:00,96633.57594567508,0.00920496991787001
39,2022-02-09 00:00:00+00:00,96604.25161917889,-0.00030345898109662706
40,2022-02-10 00:00:00+00:00,96446.00304802659,-0.0016381118687832652
41,2022-02-11 00:00:00+00:00,94970.55771675023,-0.015298149064214006
42,2022-02-12 00:00:00+00:00,94699.44046202819,-0.002854750579970866
43,2022-02-13 00:00:00+00:00,94189.32149474126,-0.00538671574824634
44,2022-02-14 00:00:00+00:00,94096.97087749191,-0.0009804786337112015
45,2022-02-15 00:00:00+00:00,92917.41489720334,-0.012535536152638471
46,2022-02-16 00:00:00+00:00,93415.47151485646,0.005360207429405239
47,2022-02-17 00:00:00+00:00,93540.74847298801,0.0013410729090161944
48,2022-02-18 00:00:00+00:00,92943.62852511265,-0.006383527581541482
49,2022-02-19 00:00:00+00:00,92365.85452263754,-0.006216391716609149
50,2022-02-20 00:00:00+00:00,91054.64818303582,-0.01419579071052024
51,2022-02-21 00:00:00+00:00,90535.51830868679,-0.0057013000951416926
52,2022-02-22 00:00:00+00:00,91803.05810433846,0.014000469863439724
53,2022-02-23 00:00:00+00:00,91001.69184051939,-0.008729189205312515
54,2022-02-24 00:00:00+00:00,92798.23410544751,0.01974185565776687
55,2022-02-25 00:00:00+00:00,94956.25137313442,0.023254938938113145
56,2022-02-26 00:00:00+00:00,95258.09369835317,0.0031787514866468136
57,2022-02-27 00:00:00+00:00,95197.69192348338,-0.0006340854884316904
58,2022-02-28 00:00:00+00:00,96266.0620468798,0.011222647333247737
59,2022-03-01 00:00:00+00:00,98688.21385884879,0.02516101480072419
60,2022-03-02 00:00:00+00:00,98951.1343863443,0.002664153268307823
61,2022-03-03 00:00:00+00:00,98946.7103818618,-4.4708981962959804e-05
62,2022-03-04 00:00:00+00:00,98405.99266580313,-0.005464736664532843
63,2022-03-05 00:00:00+00:00,98746.7502917607,0.0034627731170278064
64,2022-03-06 00:00:00+00:00,97795.06472681674,-0.009637639336303017
65,2022-03-07 00:00:00+00:00,97812.0499648387,0.00017368195490652383
66,2022-03-08 00:00:00+00:00,98328.47716858375,0.00527979123155764
67,2022-03-09 00:00:00+00:00,99811.57036945796,0.015083048609930705
68,2022-03-10 00:00:00+00:00,100955.53194948481,0.011461212119921793
69,2022-03-11 00:00:00+00:00,101366.67261977786,0.004072492733719457
70,2022-03-12 00:00:00+00:00,100555.02177979331,-0.00800707785910082
71,2022-03-13 00:00:00+00:00,100565.76245233238,0.00010681388506461609
72,2022-03-14 00:00:00+00:00,101146.76891234041,0.005777378362575636
73,2022-03-15 00:00:00+00:00,99917.72419207862,-0.012151102140760983
74,2022-03-16 00:00:00+00:00,99931.63196498512,0.00013919225061376217
75,2022-03-17 00:00:00+00:00,98684.10744927435,-0.012483780072238715
76,2022-03-18 00:00:00+00:00,98396.53151657693,-0.002914105828491609
77,2022-03-19 00:00:00+00:00,98406.57127847393,0.000102033697146231
78,2022-03-20 00:00:00+00:00,99204.1038618229,0.00810446470177384
79,2022-03-21 00:00:00+00:00,99409.92187680771,0.0020746925477144185
80,2022-03-22 00:00:00+00:00,99411.2515597234,1.3375756570122022e-05
81,2022-03-23 00:00:00+00:00,98776.50078243381,-0.006385099949257289
82,2022-03-24 00:00:00+00:00,97325.1274966751,-0.014693507810683903
83,2022-03-25 00:00:00+00:00,96540.48823342721,-0.008062041976515166
84,2022-03-26 00:00:00+00:00,96058.49784537397,-0.004992624305854121
85,2022-03-27 00:00:00+00:00,96560.06142225406,0.005221438895364194
86,2022-03-28 00:00:00+00:00,96407.15638902018,-0.0015835225349042359
87,2022-03-29 00:00:00+00:00,97043.35671546032,0.006599098555225114
88,2022-03-30 00:00:00+00:00,95402.83924964667,-0.016904995059309313
89,2022-03-31 00:00:00+00:00,96731.99236186335,0.013932007922097478
90,2022-04-01 00:00:00+00:00,97967.2544842842,0.012769943968484299
91,2022-04-02 00:00:00+00:00,96667.91074732732,-0.013263041245739182
92,2022-04-03 00:00:00+00:00,96860.73285043368,0.001994685740238644
93,2022-04-04 00:00:00+00:00,98576.12975430254,0.017709931087530384
94,2022-04-05 00:00:00+00:00,99186.38927549112,0.006190743364642426
95,2022-04-06 00:00:00+00:00,98415.55426266092,-0.007771580541047762
96,2022-04-07 00:00:00+00:00,99680.54756889073,0.012853591240808093
97,2022-04-08 00:00:00+00:00,97328.35862522558,-0.023597271494114946
98,2022-04-09 00:00:00+00:00,97214.61896811512,-0.0011686178490735166
99,2022-04-10 00:00:00+00:00,97452.68543121523,0.002448875134491768
100,2022-04-11 00:00:00+00:00,97828.41673029511,0.0038555253497358777
101,2022-04-12 00:00:00+00:00,96507.20322265071,-0.013505416440366957
102,2022-04-13 00:00:00+00:00,95907.46139694873,-0.006214477320602985
103,2022-04-14 00:00:00+00:00,97037.96806713489,0.01178747360966148
104,2022-04-15 00:00:00+00:00,97126.8970511565,0.0009164349356540757
105,2022-04-16 00:00:00+00:00,97500.32694177321,0.0038447629024946917
106,2022-04-17 00:00:00+00:00,96977.87863298855,-0.005358426224526092
107,2022-04-18 00:00:00+00:00,97999.06815231951,0.010530128455331855
108,2022-04-19 00:00:00+00:00,98233.32811291654,0.002390430490960549
109,2022-04-20 00:00:00+00:00,98728.32040529102,0.005038944540344703
110,2022-04-21 00:00:00+00:00,99852.52532077194,0.011386853446568646
111,2022-04-22 00:00:00+00:00,99314.1793335671,-0.0053914108378874115
112,2022-04-23 00:00:00+00:00,100601.98758453247,0.01296701296438263
113,2022-04-24 00:00:00+00:00,100960.74933586494,0.0035661497346761717
114,2022-04-25 00:00:00+00:00,101519.44630211445,0.0055338036803878055
115,2022-04-26 00:00:00+00:00,101702.70991552455,0.001805206983346963
116,2022-04-27 00:00:00+00:00,102513.41512287933,0.007971323556945187
117,2022-04-28 00:00:00+00:00,102618.19112023532,0.001022071084358922
118,2022-04-29 00:00:00+00:00,103207.4557122109,0.005742301491995283
119,2022-04-30 00:00:00+00:00,102361.52364560957,-0.008196423996345459
120,2022-05-01 00:00:00+00:00,102840.347717999,0.004677773985146905
121,2022-05-02 00:00:00+00:00,102875.90569937578,0.00034575905435763055
122,2022-05-03 00:00:00+00:00,103337.72978441633,0.004489137489492201
123,2022-05-04 00:00:00+00:00,103071.89359132058,-0.0025724988699706852
124,2022-05-05 00:00:00+00:00,102664.43946711125,-0.003953106031260867
125,2022-05-06 00:00:00+00:00,104406.8932590918,0.01697232070836696
126,2022-05-07 00:00:00+00:00,104813.121079417,0.0038908141756226478
127,2022-05-08 00:00:00+00:00,105699.01827704515,0.008452159314642493
128,2022-05-09 00:00:00+00:00,107713.30891207042,0.019056852824741233
129,2022-05-10 00:00:00+00:00,105840.80656250058,-0.01738413171485076
130,2022-05-11 00:00:00+00:00,105560.00476524494,-0.0026530579875146953
131,2022-05-12 00:00:00+00:00,105560.00476524494,0.0
132,2022-05-13 00:00:00+00:00,105560.00476524494,0.0
133,2022-05-14 00:00:00+00:00,100602.39808546135,-0.046964820537937824
134,2022-05-15 00:00:00+00:00,102625.18088414431,0.020106705577382256
135,2022-05-16 00:00:00+00:00,104525.04658299709,0.018512666019050217
136,2022-05-17 00:00:00+00:00,106271.0782805947,0.016704433575269295
137,2022-05-18 00:00:00+00:00,105401.45976191394,-0.008183021502657928
138,2022-05-19 00:00:00+00:00,104957.36628523126,-0.004213352240906576
139,2022-05-20 00:00:00+00:00,104095.35046558689,-0.008213009245123026
140,2022-05-21 00:00:00+00:00,105593.39973533948,0.014391125665577542
141,2022-05-22 00:00:00+00:00,106127.35234047486,0.005056685422324403
142,2022-05-23 00:00:00+00:00,105210.2724319815,-0.008641315252558068
143,2022-05-24 00:00:00+00:00,106719.26288711649,0.014342615224293365
144,2022-05-25 00:00:00+00:00,107503.64210248594,0.007349930969811291
145,2022-05-26 00:00:00+00:00,104313.33606647165,-0.029676260018920098
146,2022-05-27 00:00:00+00:00,105765.86064048225,0.01392462966657515
147,2022-05-28 00:00:00+00:00,109669.9547237359,0.03691261111677968
148,2022-05-29 00:00:00+00:00,107786.96066429462,-0.017169643811603907
149,2022-05-30 00:00:00+00:00,109993.37003523827,0.020470095430332957
150,2022-05-31 00:00:00+00:00,110660.58801875245,0.006065983643381623
151,2022-06-01 00:00:00+00:00,110727.18819297278,0.0006018418608895182
152,2022-06-02 00:00:00+00:00,111228.17940322614,0.004524554614177001
153,2022-06-03 00:00:00+00:00,110683.37023641991,-0.004898121768505903
154,2022-06-04 00:00:00+00:00,111002.29653577351,0.002881429239752764
155,2022-06-05 00:00:00+00:00,109840.84076609512,-0.010463349011018641
156,2022-06-06 00:00:00+00:00,108659.15420057351,-0.010758171161835861
157,2022-06-07 00:00:00+00:00,106713.47355015774,-0.01790627457696059
158,2022-06-08 00:00:00+00:00,109249.84736797353,0.023768074765400993
159,2022-06-09 00:00:00+00:00,108714.86476784664,-0.004896872746421144
160,2022-06-10 00:00:00+00:00,109384.78540239597,0.006162180636290149
161,2022-06-11 00:00:00+00:00,108123.54386987016,-0.011530319576767978
162,2022-06-12 00:00:00+00:00,109244.37087874861,0.010366169742155318
163,2022-06-13 00:00:00+00:00,108837.91304282087,-0.0037206295634112374
164,2022-06-14 00:00:00+00:00,107996.40805480236,-0.00773172660603505
165,2022-06-15 00:00:00+00:00,102976.6298235515,-0.046480973966315564
166,2022-06-16 00:00:00+00:00,105386.55021734441,0.023402595306549312
167,2022-06-17 00:00:00+00:00,108190.88913087636,0.026610026685078836
168,2022-06-18 00:00:00+00:00,104873.1935506302,-0.03066520302123421
169,2022-06-19 00:00:00+00:00,104138.51600970293,-0.007005389232974779
170,2022-06-20 00:00:00+00:00,99463.20905321774,-0.04489507951169169
171,2022-06-21 00:00:00+00:00,100377.41768676623,0.009191425073157955
172,2022-06-22 00:00:00+00:00,101650.13940162424,0.012679362990086318
173,2022-06-23 00:00:00+00:00,102502.63182539168,0.008386534723766603
174,2022-06-24 00:00:00+00:00,101138.13010748732,-0.01331187008182122
175,2022-06-25 00:00:00+00:00,100941.92172299311,-0.0019400040744839142
176,2022-06-26 00:00:00+00:00,103228.0131459491,0.022647591644129106
177,2022-06-27 00:00:00+00:00,102856.89219822684,-0.003595157326117926
178,2022-06-28 00:00:00+00:00,102039.33543612465,-0.007948487890598432
179,2022-06-29 00:00:00+00:00,104437.41742709365,0.023501544582972933
180,2022-06-30 00:00:00+00:00,105446.21388148419,0.009659339336830719
181,2022-07-01 00:00:00+00:00,104806.16906013683,-0.006069870105215314
182,2022-07-02 00:00:00+00:00,106081.42169345458,0.01216772490354101
183,2022-07-03 00:00:00+00:00,105236.30358797305,-0.007966692866576475
184,2022-07-04 00:00:00+00:00,105202.53631452013,-0.00032087095709032454
185,2022-07-05 00:00:00+00:00,105490.53373625923,0.002737552076482963
186,2022-07-06 00:00:00+00:00,107266.56709310965,0.01683595005112748
187,2022-07-07 00:00:00+00:00,106609.06717586031,-0.006129588510822903
188,2022-07-08 00:00:00+00:00,105572.7765719998,-0.009720473420436804
189,2022-07-09 00:00:00+00:00,106964.17343809582,0.013179504331281011
190,2022-07-10 00:00:00+00:00,106338.36007318804,-0.005850682006811936
191,2022-07-11 00:00:00+00:00,105516.10978433584,-0.007732395800408076
192,2022-07-12 00:00:00+00:00,106231.64395394256,0.006781278906786925
193,2022-07-13 00:00:00+00:00,106702.00308491618,0.004427674405354631
194,2022-07-14 00:00:00+00:00,106369.2529198457,-0.0031184997043183227
195,2022-07-15 00:00:00+00:00,106900.4006808495,0.00499343321894008
196,2022-07-16 00:00:00+00:00,105603.90426983175,-0.012128078124687636
197,2022-07-17 00:00:00+00:00,106349.51056691352,0.007060404653000729
198,2022-07-18 00:00:00+00:00,104810.13870154235,-0.014474649268861661
199,2022-07-19 00:00:00+00:00,102042.24314505488,-0.026408662279985617
200,2022-07-20 00:00:00+00:00,100613.9508572329,-0.013997068702141569
201,2022-07-21 00:00:00+00:00,98973.6216861458,-0.016303198086462856
202,2022-07-22 00:00:00+00:00,98116.22893041284,-0.008662841079533523
203,2022-07-23 00:00:00+00:00,99011.90838527627,0.009128759478706394
204,2022-07-24 00:00:00+00:00,99187.36592359869,0.0017720852085758576
205,2022-07-25 00:00:00+00:00,99071.09320068345,-0.0011722533594127338
206,2022-07-26 00:00:00+00:00,101386.88980373499,0.0233750989136714
207,2022-07-27 00:00:00+00:00,101993.13564651483,0.005979528950472934
208,2022-07-28 00:00:00+00:00,102045.57451832281,0.0005141411868121448
209,2022-07-29 00:00:00+00:00,103839.44138458314,0.017579075572142777
210,2022-07-30 00:00:00+00:00,101550.76356314801,-0.022040544430114162
211,2022-07-31 00:00:00+00:00,102490.53731602327,0.009254226358336393
212,2022-08-01 00:00:00+00:00,102392.68769405781,-0.0009547185967397898
213,2022-08-02 00:00:00+00:00,101707.38464287817,-0.006692890543387953
214,2022-08-03 00:00:00+00:00,100492.49078861668,-0.011944991590603915
215,2022-08-04 00:00:00+00:00,102638.0866954999,0.021350808304636537
216,2022-08-05 00:00:00+00:00,104602.6886788493,0.019141062022890898
217,2022-08-06 00:00:00+00:00,105937.08378479499,0.012756795478197969
218,2022-08-07 00:00:00+00:00,106654.2763989504,0.006769986378069026
219,2022-08-08 00:00:00+00:00,106235.58876607017,-0.0039256525571848
220,2022-08-09 00:00:00+00:00,107021.5395914498,0.007398187693111735
221,2022-08-10 00:00:00+00:00,107270.82305985023,0.002329283145729999
222,2022-08-11 00:00:00+00:00,109528.83643957466,0.02104965092385469
223,2022-08-12 00:00:00+00:00,108762.21698586234,-0.006999247674243758
224,2022-08-13 00:00:00+00:00,107975.46890958383,-0.007233652439990079
225,2022-08-14 00:00:00+00:00,107450.72506476757,-0.0048598431673000375
226,2022-08-15 00:00:00+00:00,108211.48417483583,0.007080074235047862
227,2022-08-16 00:00:00+00:00,107614.13708752103,-0.0055201820016596015
228,2022-08-17 00:00:00+00:00,105789.54500164467,-0.016954947883775162
229,2022-08-18 00:00:00+00:00,106593.72400062952,0.007601686905566618
230,2022-08-19 00:00:00+00:00,105533.96626113802,-0.009942027538931253
231,2022-08-20 00:00:00+00:00,103789.25381985569,-0.016532236047730242
232,2022-08-21 00:00:00+00:00,103791.85550620634,2.506701084081797e-05
233,2022-08-22 00:00:00+00:00,104003.03787441712,0.002034671864962867
234,2022-08-23 00:00:00+00:00,105207.23905152493,0.011578519259811237
235,2022-08-24 00:00:00+00:00,105912.75615805255,0.006705974920433899
236,2022-08-25 00:00:00+00:00,106009.68859555355,0.0009152102260123751
237,2022-08-26 00:00:00+00:00,106150.24179775284,0.0013258524202963695
238,2022-08-27 00:00:00+00:00,107264.90462903632,0.010500803506479306
239,2022-08-28 00:00:00+00:00,106994.96408967683,-0.0025165783747540527
240,2022-08-29 00:00:00+00:00,105530.27185202859,-0.013689356785246631
241,2022-08-30 00:00:00+00:00,105191.33335711889,-0.003211765581206394
242,2022-08-31 00:00:00+00:00,106091.73931276705,0.008559697143407652
243,2022-09-01 00:00:00+00:00,106340.8991839911,0.0023485322499003924
244,2022-09-02 00:00:00+00:00,106425.76218973032,0.000798027912030097
245,2022-09-03 00:00:00+00:00,107383.64145028843,0.009000445388875455
246,2022-09-04 00:00:00+00:00,107302.58323816981,-0.0007548469303505501
247,2022-09-05 00:00:00+00:00,107082.69469529182,-0.002049238110045537
248,2022-09-06 00:00:00+00:00,107325.94199709587,0.0022715836811562085
249,2022-09-07 00:00:00+00:00,107616.19161332243,0.0027043752034752178
250,2022-09-08 00:00:00+00:00,107924.9715283924,0.0028692700460861698
251,2022-09-09 00:00:00+00:00,106979.33212802828,-0.008762007411003525
252,2022-09-10 00:00:00+00:00,108807.23570044359,0.017086511348077593
253,2022-09-11 00:00:00+00:00,108159.77766382169,-0.005950505335917344
254,2022-09-12 00:00:00+00:00,107957.08957158917,-0.0018739692019570375
255,2022-09-13 00:00:00+00:00,106159.7047492903,-0.016649067045355848
256,2022-09-14 00:00:00+00:00,106009.80915892251,-0.0014119819824459645
257,2022-09-15 00:00:00+00:00,106100.5986897635,0.0008564257549497079
258,2022-09-16 00:00:00+00:00,106850.44153313174,0.007067281925154489
259,2022-09-17 00:00:00+00:00,107451.64434934285,0.005626582422915805
260,2022-09-18 00:00:00+00:00,107029.13125188474,-0.0039321231426152625
261,2022-09-19 00:00:00+00:00,106545.99130451787,-0.004514097626653113
262,2022-09-20 00:00:00+00:00,108277.30880512428,0.016249485122890706
263,2022-09-21 00:00:00+00:00,108983.72892943243,0.006524175121304099
264,2022-09-22 00:00:00+00:00,109857.70018628264,0.008019282010584439
265,2022-09-23 00:00:00+00:00,108734.63383272829,-0.010222918845470108
266,2022-09-24 00:00:00+00:00,109243.79273592166,0.00468258258887988
267,2022-09-25 00:00:00+00:00,110479.93315723514,0.011315429374569863
268,2022-09-26 00:00:00+00:00,111420.84349906359,0.008516572330735883
269,2022-09-27 00:00:00+00:00,111755.11267252162,0.003000059620450024
270,2022-09-28 00:00:00+00:00,113068.31508483259,0.011750714404978213
271,2022-09-29 00:00:00+00:00,113504.58964000102,0.003858504080839209
272,2022-09-30 00:00:00+00:00,115503.19686415087,0.017608162194046706
273,2022-10-01 00:00:00+00:00,115165.54108810457,-0.0029233457186768064
274,2022-10-02 00:00:00+00:00,115550.9834337703,0.0033468548145914045
275,2022-10-03 00:00:00+00:00,115828.54785407691,0.0024020948334524395
276,2022-10-04 00:00:00+00:00,115249.02591354406,-0.00500327381521648
277,2022-10-05 00:00:00+00:00,115707.90239991198,0.003981608371355527
278,2022-10-06 00:00:00+00:00,116777.58909972169,0.009244716027368982
279,2022-10-07 00:00:00+00:00,116724.93112543096,-0.0004509253418972792
280,2022-10-08 00:00:00+00:00,117977.36427892989,0.010729782758690076
281,2022-10-09 00:00:00+00:00,118546.6380679245,0.004825279768487567
282,2022-10-10 00:00:00+00:00,118747.53960520338,0.0016947046373745334
283,2022-10-11 00:00:00+00:00,118460.84892535892,-0.002414287325847808
284,2022-10-12 00:00:00+00:00,119561.4880667545,0.009291163716791173
285,2022-10-13 00:00:00+00:00,118421.92590982362,-0.009531180778668658
286,2022-10-14 00:00:00+00:00,118303.06467217609,-0.0010037097162061137
287,2022-10-15 00:00:00+00:00,120028.69174369381,0.014586495086154505
288,2022-10-16 00:00:00+00:00,120492.97561986581,0.00386810744520516
289,2022-10-17 00:00:00+00:00,121052.25039918558,0.004641555048687351
290,2022-10-18 00:00:00+00:00,121595.82790772764,0.004490437036482442
291,2022-10-19 00:00:00+00:00,121674.02994223048,0.0006431309021734943
292,2022-10-20 00:00:00+00:00,121043.01939017819,-0.005186074237467864
293,2022-10-21 00:00:00+00:00,120200.12648486013,-0.006963581291714371
294,2022-10-22 00:00:00+00:00,120393.73744846405,0.0016107384348575948
295,2022-10-23 00:00:00+00:00,119478.42886804187,-0.007602626181565153
296,2022-10-24 00:00:00+00:00,118669.00306702238,-0.006774660570013524
297,2022-10-25 00:00:00+00:00,116629.7115744276,-0.017184702322332823
298,2022-10-26 00:00:00+00:00,117370.45558814738,0.006351246210937189
299,2022-10-27 00:00:00+00:00,117659.89490762235,0.0024660321715936906
300,2022-10-28 00:00:00+00:00,117364.47651314684,-0.0025107824098214993
301,2022-10-29 00:00:00+00:00,117574.10530761868,0.001786134959229857
302,2022-10-30 00:00:00+00:00,116780.5117124225,-0.006749731100396894
303,2022-10-31 00:00:00+00:00,116975.51024823704,0.001669786618975655
304,2022-11-01 00:00:00+00:00,118074.85632880157,0.009398087499097763
305,2022-11-02 00:00:00+00:00,116648.88398948382,-0.012076850090309343
306,2022-11-03 00:00:00+00:00,116417.83131416226,-0.001980753415029568
307,2022-11-04 00:00:00+00:00,116114.87330722279,-0.0026023333669729087
308,2022-11-05 00:00:00+00:00,116440.805184753,0.002806977850872139
309,2022-11-06 00:00:00+00:00,114681.68304873047,-0.015107437064106444
310,2022-11-07 00:00:00+00:00,111492.08095163324,-0.027812655101529193
311,2022-11-08 00:00:00+00:00,111465.30636387569,-0.00024014788789494812
312,2022-11-09 00:00:00+00:00,111465.30636387569,0.0
313,2022-11-10 00:00:00+00:00,111465.30636387569,0.0
314,2022-11-11 00:00:00+00:00,111465.30636387569,0.0
315,2022-11-12 00:00:00+00:00,111465.30636387569,0.0
316,2022-11-13 00:00:00+00:00,111256.17639758105,-0.0018761888619579503
317,2022-11-14 00:00:00+00:00,109768.93965211768,-0.01336767803477834
318,2022-11-15 00:00:00+00:00,105790.06213852763,-0.03624775392929913
319,2022-11-16 00:00:00+00:00,106090.26185645974,0.002837692991795482
320,2022-11-17 00:00:00+00:00,105231.15446331588,-0.008097891155233738
321,2022-11-18 00:00:00+00:00,105308.39114772141,0.0007339716531615803
322,2022-11-19 00:00:00+00:00,105308.39114772141,0.0
323,2022-11-20 00:00:00+00:00,105308.39114772141,0.0
324,2022-11-21 00:00:00+00:00,105308.39114772141,0.0
325,2022-11-22 00:00:00+00:00,105308.39114772141,0.0
326,2022-11-23 00:00:00+00:00,106477.65230434453,0.011103209762106658
327,2022-11-24 00:00:00+00:00,106477.65230434453,0.0
328,2022-11-25 00:00:00+00:00,106477.65230434453,0.0
329,2022-11-26 00:00:00+00:00,107955.91731179472,0.013883335849900869
330,2022-11-27 00:00:00+00:00,107955.91731179472,0.0
331,2022-11-28 00:00:00+00:00,107022.17357555611,-0.00864930574895495
332,2022-11-29 00:00:00+00:00,107022.17357555611,0.0
333,2022-11-30 00:00:00+00:00,107022.17357555611,0.0
334,2022-12-01 00:00:00+00:00,107184.01067241753,0.0015121828631816658
335,2022-12-02 00:00:00+00:00,107184.01067241753,0.0
336,2022-12-03 00:00:00+00:00,107611.05509444093,0.003984217602460927
337,2022-12-04 00:00:00+00:00,108392.74211008882,0.007264002894143751
338,2022-12-05 00:00:00+00:00,109188.3433434215,0.007339986219046191
339,2022-12-06 00:00:00+00:00,109531.90534004936,0.003146508007244808
340,2022-12-07 00:00:00+00:00,109891.76455019489,0.00328542819581501
341,2022-12-08 00:00:00+00:00,110405.66812931382,0.004676452154739996
342,2022-12-09 00:00:00+00:00,110194.94170985975,-0.0019086558056716774
343,2022-12-10 00:00:00+00:00,111037.38081437854,0.007644988884670578
344,2022-12-11 00:00:00+00:00,111644.37457197385,0.005466571285664745
345,2022-12-12 00:00:00+00:00,111976.80345459987,0.002977569482569109
346,2022-12-13 00:00:00+00:00,111325.15384491811,-0.005819505375914469
347,2022-12-14 00:00:00+00:00,111399.17828258513,0.000664939010730059
348,2022-12-15 00:00:00+00:00,112189.19569943323,0.007091770594968683
349,2022-12-16 00:00:00+00:00,110663.83809159584,-0.01359629684772845
350,2022-12-17 00:00:00+00:00,110436.28304123101,-0.002056272891750588
351,2022-12-18 00:00:00+00:00,111191.17587927435,0.006835550937199786
352,2022-12-19 00:00:00+00:00,112407.93787849444,0.010942972673849471
353,2022-12-20 00:00:00+00:00,112733.99293071465,0.002900640812152133
354,2022-12-21 00:00:00+00:00,113690.47640931075,0.00848442828760576
355,2022-12-22 00:00:00+00:00,114601.6920740495,0.008014881224159609
356,2022-12-23 00:00:00+00:00,114776.46949672452,0.001525085882345234
357,2022-12-24 00:00:00+00:00,115541.3276810984,0.00666389363366604
358,2022-12-25 00:00:00+00:00,115541.3276810984,0.0
359,2022-12-26 00:00:00+00:00,116259.61159520275,0.0062166839218504855
360,2022-12-27 00:00:00+00:00,115482.40435129579,-0.006685100984278769
361,2022-12-28 00:00:00+00:00,114115.98184363874,-0.011832300473242685
362,2022-12-29 00:00:00+00:00,108188.42383581657,-0.051943276586307485
363,2022-12-30 00:00:00+00:00,108115.16539768384,-0.0006771374934152474
364,2022-12-31 00:00:00+00:00,108115.16539768384,0.0
365,2023-01-01 00:00:00+00:00,108115.16539768384,0.0
366,2023-01-02 00:00:00+00:00,108115.16539768384,0.0
367,2023-01-03 00:00:00+00:00,108115.16539768384,0.0
368,2023-01-04 00:00:00+00:00,108115.16539768384,0.0
369,2023-01-05 00:00:00+00:00,108115.16539768384,0.0
370,2023-01-06 00:00:00+00:00,108115.16539768384,0.0
371,2023-01-07 00:00:00+00:00,108115.16539768384,0.0
372,2023-01-08 00:00:00+00:00,107300.52991645067,-0.0075348863245657816
373,2023-01-09 00:00:00+00:00,105174.38819966796,-0.0198148296046462
374,2023-01-10 00:00:00+00:00,107173.81052978562,0.01901054395792512
375,2023-01-11 00:00:00+00:00,108669.60213691472,0.013956689602945271
376,2023-01-12 00:00:00+00:00,108991.19452885982,0.0029593592469394636
377,2023-01-13 00:00:00+00:00,107141.87122672396,-0.016967639543084223
378,2023-01-14 00:00:00+00:00,105037.85616135252,-0.01963765464688505
379,2023-01-15 00:00:00+00:00,105952.78468864702,0.008710464595631517
380,2023-01-16 00:00:00+00:00,107609.59955094756,0.01563729416993853
381,2023-01-17 00:00:00+00:00,109039.9920346906,0.013292424557957983
382,2023-01-18 00:00:00+00:00,108585.01459746843,-0.004172574013738273
383,2023-01-19 00:00:00+00:00,109442.75719831981,0.007899272326214568
384,2023-01-20 00:00:00+00:00,107272.07160633532,-0.019833981229575803
385,2023-01-21 00:00:00+00:00,108892.46689461028,0.015105472132778797
386,2023-01-22 00:00:00+00:00,111446.67262444041,0.023456220642904313
387,2023-01-23 00:00:00+00:00,112282.98118492644,0.007504114217068425
388,2023-01-24 00:00:00+00:00,110471.32445986755,-0.016134740153319838
389,2023-01-25 00:00:00+00:00,110530.90072670832,0.0005392916861644004
390,2023-01-26 00:00:00+00:00,113183.30471759653,0.023996945410282855
391,2023-01-27 00:00:00+00:00,114514.0778818427,0.011757680760131395
392,2023-01-28 00:00:00+00:00,115636.4921091026,0.009801539234486345
393,2023-01-29 00:00:00+00:00,114866.20735659335,-0.006661260113135281
394,2023-01-30 00:00:00+00:00,115062.93084241504,0.001712631507114759
395,2023-01-31 00:00:00+00:00,115096.05209618672,0.0002878533818770901
396,2023-02-01 00:00:00+00:00,113450.2919701916,-0.014299014571062307
397,2023-02-02 00:00:00+00:00,114319.55943505323,0.00766209984801125
398,2023-02-03 00:00:00+00:00,114834.7421779826,0.004506514418663787
399,2023-02-04 00:00:00+00:00,115767.68249170063,0.008124199140640442
400,2023-02-05 00:00:00+00:00,114963.6371526562,-0.006945335016981691
401,2023-02-06 00:00:00+00:00,115053.28641835786,0.0007798054056225023
402,2023-02-07 00:00:00+00:00,115200.24803307366,0.0012773352182344766
403,2023-02-08 00:00:00+00:00,115206.41181012752,5.350489394873037e-05
404,2023-02-09 00:00:00+00:00,113984.59801043877,-0.010605432288807282
405,2023-02-10 00:00:00+00:00,112034.58773314304,-0.017107664643578824
406,2023-02-11 00:00:00+00:00,112099.76102782552,0.0005817247691195515
407,2023-02-12 00:00:00+00:00,110915.30957320648,-0.010566047989388871
408,2023-02-13 00:00:00+00:00,110003.77749978659,-0.008218271011706135
409,2023-02-14 00:00:00+00:00,110269.41643789435,0.00241481651035369
410,2023-02-15 00:00:00+00:00,111614.97748598005,0.012202486342562047
411,2023-02-16 00:00:00+00:00,112433.40990339383,0.007332639721372214
412,2023-02-17 00:00:00+00:00,113399.71237946238,0.008594442496219212
413,2023-02-18 00:00:00+00:00,113850.17853103999,0.003972374727638117
414,2023-02-19 00:00:00+00:00,112429.73772679978,-0.012476403836757632
415,2023-02-20 00:00:00+00:00,112954.14289489004,0.004664292372223988
416,2023-02-21 00:00:00+00:00,115595.59698521494,0.023385189977342513
417,2023-02-22 00:00:00+00:00,114343.93572039063,-0.010827932010112895
418,2023-02-23 00:00:00+00:00,115618.40681186935,0.0111459438880539
419,2023-02-24 00:00:00+00:00,116571.40881184454,0.008242649472984587
420,2023-02-25 00:00:00+00:00,115415.11011981378,-0.009919230657125522
421,2023-02-26 00:00:00+00:00,114591.77553838829,-0.007133681028166694
422,2023-02-27 00:00:00+00:00,115072.39776639875,0.004194212243874729
423,2023-02-28 00:00:00+00:00,115740.87420035563,0.005809181410418862
424,2023-03-01 00:00:00+00:00,116266.38170484832,0.0045403796033456345
425,2023-03-02 00:00:00+00:00,115582.16011717409,-0.005884947803838747
426,2023-03-03 00:00:00+00:00,115100.4309784789,-0.004167850282490226
427,2023-03-04 00:00:00+00:00,114908.48767634032,-0.0016676158421550236
428,2023-03-05 00:00:00+00:00,115529.64442869675,0.005405664672099908
429,2023-03-06 00:00:00+00:00,115888.69169183032,0.0031078366501435806
430,2023-03-07 00:00:00+00:00,117145.41040701082,0.010844187615150158
431,2023-03-08 00:00:00+00:00,116174.13987770118,-0.00829115307151218
432,2023-03-09 00:00:00+00:00,116096.22870291023,-0.0006706412879231571
433,2023-03-10 00:00:00+00:00,115224.9514857101,-0.0075047848404251605
434,2023-03-11 00:00:00+00:00,115061.51461866534,-0.0014184155856644676
435,2023-03-12 00:00:00+00:00,117051.96945129844,0.01729904946262728
436,2023-03-13 00:00:00+00:00,117892.00870243614,0.0071766349175970134
437,2023-03-14 00:00:00+00:00,117518.61230712428,-0.0031672748596075495
438,2023-03-15 00:00:00+00:00,115546.92748665542,-0.016777638722588417
439,2023-03-16 00:00:00+00:00,117658.49919319473,0.01827458118073433
440,2023-03-17 00:00:00+00:00,116293.8452756571,-0.01159843043125064
441,2023-03-18 00:00:00+00:00,115109.62602029515,-0.010182991649772544
442,2023-03-19 00:00:00+00:00,116616.09115355009,0.013087221158978757
443,2023-03-20 00:00:00+00:00,115629.21109583857,-0.008462640515124797
444,2023-03-21 00:00:00+00:00,114131.97404544467,-0.012948605600646368
445,2023-03-22 00:00:00+00:00,116253.33813577321,0.018586939445066175
446,2023-03-23 00:00:00+00:00,117447.4159740905,0.010271342375757886
447,2023-03-24 00:00:00+00:00,115478.50369140689,-0.016764202654896754
448,2023-03-25 00:00:00+00:00,115514.60565715711,0.00031262931711251163
449,2023-03-26 00:00:00+00:00,115553.90723071911,0.00034023034003727304
450,2023-03-27 00:00:00+00:00,115135.41094356134,-0.003621654145559816
451,2023-03-28 00:00:00+00:00,116285.85233339446,0.009992072642160954
452,2023-03-29 00:00:00+00:00,116333.15306464606,0.0004067625622761195
453,2023-03-30 00:00:00+00:00,115671.17877495539,-0.005690332224751238
454,2023-03-31 00:00:00+00:00,117082.87520554905,0.012204392187791235
455,2023-04-01 00:00:00+00:00,117582.31068834875,0.004265657825048175
456,2023-04-02 00:00:00+00:00,117230.97366448665,-0.0029880091810180476
457,2023-04-03 00:00:00+00:00,117279.90885219602,0.0004174254139475142
458,2023-04-04 00:00:00+00:00,117233.53005801445,-0.0003954538730075452
459,2023-04-05 00:00:00+00:00,117828.53446960403,0.0050753774222709325
460,2023-04-06 00:00:00+00:00,119142.00349257524,0.011147291518847302
461,2023-04-07 00:00:00+00:00,120970.33963253947,0.015345856930114143
462,2023-04-08 00:00:00+00:00,120711.20675881211,-0.002142119088980876
463,2023-04-09 00:00:00+00:00,120746.67013093947,0.0002937869074428612
464,2023-04-10 00:00:00+00:00,120503.84785741931,-0.002011005961960133
465,2023-04-11 00:00:00+00:00,119920.571131913,-0.0048403161880477
466,2023-04-12 00:00:00+00:00,120520.52801920101,0.005002952217664447
467,2023-04-13 00:00:00+00:00,119284.40445089157,-0.010256539600560832
468,2023-04-14 00:00:00+00:00,119685.58124417336,0.0033631956761535076
469,2023-04-15 00:00:00+00:00,120054.444461863,0.0030819352996005467
470,2023-04-16 00:00:00+00:00,119244.26289673,-0.006748451244471543
471,2023-04-17 00:00:00+00:00,119934.10908027524,0.00578515197953533
472,2023-04-18 00:00:00+00:00,118793.70055427954,-0.009508625483951372
473,2023-04-19 00:00:00+00:00,119538.02057061839,0.006265652243055975
474,2023-04-20 00:00:00+00:00,120883.04561441574,0.011251859762917427
475,2023-04-21 00:00:00+00:00,121038.32785339221,0.0012845659057250103
476,2023-04-22 00:00:00+00:00,121761.34236276643,0.005973434383941267
477,2023-04-23 00:00:00+00:00,119767.39206482693,-0.01637588958241676
478,2023-04-24 00:00:00+00:00,120327.42327901846,0.004675990722820433
479,2023-04-25 00:00:00+00:00,120200.38628753861,-0.0010557609231378606
480,2023-04-26 00:00:00+00:00,120143.53873567439,-0.00047293984337315464
481,2023-04-27 00:00:00+00:00,120030.68524271446,-0.0009393221986595535
482,2023-04-28 00:00:00+00:00,118859.22583655275,-0.00975966607032941
483,2023-04-29 00:00:00+00:00,118452.25591914948,-0.003423965742153756
484,2023-04-30 00:00:00+00:00,117655.00365997273,-0.0067305789407752226
485,2023-05-01 00:00:00+00:00,117901.8699476039,0.0020982217496217093
486,2023-05-02 00:00:00+00:00,118986.96716122379,0.00920339273755455
487,2023-05-03 00:00:00+00:00,118994.64655572081,6.453979524168041e-05
488,2023-05-04 00:00:00+00:00,119326.77924102421,0.0027911565344904687
489,2023-05-05 00:00:00+00:00,119279.72835231698,-0.00039430284640629143
490,2023-05-06 00:00:00+00:00,119606.35705154079,0.0027383420782034484
491,2023-05-07 00:00:00+00:00,118372.51642642055,-0.010315844872597846
492,2023-05-08 00:00:00+00:00,117197.67313038593,-0.009924966803970037
493,2023-05-09 00:00:00+00:00,117320.50882780887,0.001048106964429918
494,2023-05-10 00:00:00+00:00,118078.64607950002,0.006462103337821823
495,2023-05-11 00:00:00+00:00,118406.83954521369,0.0027794480764347096
496,2023-05-12 00:00:00+00:00,118515.49017216085,0.0009176043154641711
497,2023-05-13 00:00:00+00:00,117973.62346056542,-0.004572117204327375
498,2023-05-14 00:00:00+00:00,117950.23531522865,-0.00019824893608177963
499,2023-05-15 00:00:00+00:00,118472.84001559476,0.004430721981769858
500,2023-05-16 00:00:00+00:00,119044.84364858654,0.004828141478810499
501,2023-05-17 00:00:00+00:00,119097.26075690407,0.0004403139750619456
502,2023-05-18 00:00:00+00:00,119665.85123195704,0.004774169207917733
503,2023-05-19 00:00:00+00:00,120379.64246503731,0.005964869891717628
504,2023-05-20 00:00:00+00:00,120490.60904173629,0.0009218051692685414
505,2023-05-21 00:00:00+00:00,121536.98739861624,0.008684314613411015
506,2023-05-22 00:00:00+00:00,121573.45984982757,0.0003000934282804124
507,2023-05-23 00:00:00+00:00,121993.58773040459,0.003455753263055694
508,2023-05-24 00:00:00+00:00,121716.3124709569,-0.0022728674892359413
509,2023-05-25 00:00:00+00:00,121196.33011342061,-0.004272084381954588
510,2023-05-26 00:00:00+00:00,121183.38310725987,-0.00010682671784389974
511,2023-05-27 00:00:00+00:00,120131.34972950719,-0.008681333618335452
512,2023-05-28 00:00:00+00:00,120267.21760239889,0.0011309943091259989
513,2023-05-29 00:00:00+00:00,121185.20498899832,0.007632897849472853
514,2023-05-30 00:00:00+00:00,120580.06361620419,-0.00499352518196472
515,2023-05-31 00:00:00+00:00,121311.46475899742,0.006065688811719427
516,2023-06-01 00:00:00+00:00,121572.38275883194,0.0021508107280121536
517,2023-06-02 00:00:00+00:00,121878.01871324913,0.002514024546376614
518,2023-06-03 00:00:00+00:00,121917.53208690882,0.00032420426650237033
519,2023-06-04 00:00:00+00:00,122102.47607351838,0.0015169597304325322
520,2023-06-05 00:00:00+00:00,122379.28228156656,0.002266999138342607
521,2023-06-06 00:00:00+00:00,121866.31993351632,-0.0041915783332511225
522,2023-06-07 00:00:00+00:00,121520.93610880942,-0.002834120410752816
523,2023-06-08 00:00:00+00:00,122834.03541618929,0.010805539764803473
524,2023-06-09 00:00:00+00:00,120796.70710521145,-0.016586024419656287
525,2023-06-10 00:00:00+00:00,118519.1681280933,-0.01885431343036914
526,2023-06-11 00:00:00+00:00,119959.90890164101,0.012156183647784147
527,2023-06-12 00:00:00+00:00,121228.8468082389,0.010578016590845563
528,2023-06-13 00:00:00+00:00,123740.62135085357,0.020719281002382406
529,2023-06-14 00:00:00+00:00,123526.46498348139,-0.0017306876677543048
530,2023-06-15 00:00:00+00:00,124495.95745993,0.00784845965257941
531,2023-06-16 00:00:00+00:00,124107.5270428119,-0.0031200243368795233
532,2023-06-17 00:00:00+00:00,124258.72210950732,0.0012182586366680237
533,2023-06-18 00:00:00+00:00,123678.282550301,-0.004671217837688646
534,2023-06-19 00:00:00+00:00,124495.9891625361,0.006611561831015411
535,2023-06-20 00:00:00+00:00,125399.04232254389,0.0072536727173500015
536,2023-06-21 00:00:00+00:00,124409.40108798607,-0.007891936144235556
537,2023-06-22 00:00:00+00:00,123603.87632851917,-0.006474790107680151
538,2023-06-23 00:00:00+00:00,122329.61602487885,-0.010309226065479793
539,2023-06-24 00:00:00+00:00,122620.37370454919,0.002376837998177006
540,2023-06-25 00:00:00+00:00,122557.97670910417,-0.0005088631975250779
541,2023-06-26 00:00:00+00:00,122244.60540901728,-0.002556922923349858
542,2023-06-27 00:00:00+00:00,123204.18285946034,0.007849650683827036
543,2023-06-28 00:00:00+00:00,122889.84773442471,-0.002551334847082254
544,2023-06-29 00:00:00+00:00,119477.02067269369,-0.027771432096705184
545,2023-06-30 00:00:00+00:00,120207.66118265256,0.006115322476616392
546,2023-07-01 00:00:00+00:00,117779.61893934877,-0.020198731257356717
547,2023-07-02 00:00:00+00:00,118774.34960993331,0.008445694421008287
548,2023-07-03 00:00:00+00:00,118842.21517609395,0.0005713823429343012
549,2023-07-04 00:00:00+00:00,117375.33145532165,-0.012343119981386708
550,2023-07-05 00:00:00+00:00,117528.4047756605,0.0013041353616720652
551,2023-07-06 00:00:00+00:00,115507.79490273313,-0.017192523601288756
552,2023-07-07 00:00:00+00:00,116729.94627127658,0.010580683057559881
553,2023-07-08 00:00:00+00:00,118268.89949851726,0.013183876771982739
554,2023-07-09 00:00:00+00:00,120557.33893463861,0.019349460811969754
555,2023-07-10 00:00:00+00:00,121922.04505242621,0.011319975456056675
556,2023-07-11 00:00:00+00:00,122920.09073773718,0.008185932944955177
557,2023-07-12 00:00:00+00:00,123172.58388252436,0.002054124295481463
558,2023-07-13 00:00:00+00:00,120090.45825769805,-0.02502282186241933
559,2023-07-14 00:00:00+00:00,118092.00867227958,-0.01664120209392539
560,2023-07-15 00:00:00+00:00,112678.77567233008,-0.045839113592960445
561,2023-07-16 00:00:00+00:00,116682.79451403227,0.035534809619744756
562,2023-07-17 00:00:00+00:00,115797.18265832051,-0.007589909544078122
563,2023-07-18 00:00:00+00:00,115448.80195334353,-0.0030085421508477816
564,2023-07-19 00:00:00+00:00,116007.79479709575,0.004841911170097024
565,2023-07-20 00:00:00+00:00,115616.08616230224,-0.0033765716819169622
566,2023-07-21 00:00:00+00:00,115766.17571942555,0.0012981719249052226
567,2023-07-22 00:00:00+00:00,117143.34374115538,0.01189611743820218
568,2023-07-23 00:00:00+00:00,117228.07993033218,0.0007233547077505342
569,2023-07-24 00:00:00+00:00,118376.70905249818,0.009798242220196762
570,2023-07-25 00:00:00+00:00,119336.93412902714,0.008111604759202473
571,2023-07-26 00:00:00+00:00,118367.27889954767,-0.008125357304982206
572,2023-07-27 00:00:00+00:00,119902.65599670543,0.012971296725176495
573,2023-07-28 00:00:00+00:00,119259.24963161285,-0.005366072667399968
574,2023-07-29 00:00:00+00:00,120166.3926036,0.007606478950599405
575,2023-07-30 00:00:00+00:00,119538.8138251034,-0.005222581496366008
576,2023-07-31 00:00:00+00:00,119377.96044656563,-0.0013456163181702063
577,2023-08-01 00:00:00+00:00,120760.60481957479,0.011582074009616194
578,2023-08-02 00:00:00+00:00,121037.99382341713,0.0022970156886574777
579,2023-08-03 00:00:00+00:00,119921.61556130285,-0.009223370504165551
580,2023-08-04 00:00:00+00:00,119532.58748685334,-0.0032440196258917142
581,2023-08-05 00:00:00+00:00,120285.65298116431,0.006300085275020129
582,2023-08-06 00:00:00+00:00,120288.04185574272,1.9860012555161788e-05
583,2023-08-07 00:00:00+00:00,120342.07527459445,0.0004492002531435446
584,2023-08-08 00:00:00+00:00,120139.4699567033,-0.0016835783945793326
585,2023-08-09 00:00:00+00:00,120634.44154365093,0.004119974785355751
586,2023-08-10 00:00:00+00:00,121113.92568520382,0.003974686958528206
587,2023-08-11 00:00:00+00:00,121624.4454049504,0.004215202478643931
588,2023-08-12 00:00:00+00:00,122797.3070533439,0.009643305212931885
589,2023-08-13 00:00:00+00:00,123323.45536704437,0.004284689349676851
590,2023-08-14 00:00:00+00:00,123353.00848434944,0.00023963906312163274
591,2023-08-15 00:00:00+00:00,122223.09465511591,-0.009160002201137107
592,2023-08-16 00:00:00+00:00,121441.79220717537,-0.006392428944342998
593,2023-08-17 00:00:00+00:00,120064.75654130359,-0.011339059156197262
594,2023-08-18 00:00:00+00:00,119985.57825808051,-0.0006594631555834063
595,2023-08-19 00:00:00+00:00,119254.8127098003,-0.006090444859201183
596,2023-08-20 00:00:00+00:00,120244.9515135567,0.008302715682979134
597,2023-08-21 00:00:00+00:00,120800.53574419372,0.004620437063209026
598,2023-08-22 00:00:00+00:00,120416.22585915447,-0.0031813591112962447
599,2023-08-23 00:00:00+00:00,120244.92935537305,-0.001422536726751189
600,2023-08-24 00:00:00+00:00,121249.70446658158,0.008356070535323834
601,2023-08-25 00:00:00+00:00,122250.76780460593,0.008256212602153257
602,2023-08-26 00:00:00+00:00,123629.52614276623,0.01127811598176609
603,2023-08-27 00:00:00+00:00,123527.68789578616,-0.0008237372588686398
604,2023-08-28 00:00:00+00:00,123438.57381236843,-0.0007214097902724648
605,2023-08-29 00:00:00+00:00,123378.60260160608,-0.0004858384936746729
606,2023-08-30 00:00:00+00:00,123321.31681939762,-0.0004643088914975113
607,2023-08-31 00:00:00+00:00,124091.7322380449,0.006247220176667012
608,2023-09-01 00:00:00+00:00,123980.97878870936,-0.0008925127189222115
609,2023-09-02 00:00:00+00:00,124006.73626430736,0.00020775344613066515
610,2023-09-03 00:00:00+00:00,123994.6916686128,-9.712855976540258e-05
611,2023-09-04 00:00:00+00:00,123209.90022281482,-0.0063292342215375275
612,2023-09-05 00:00:00+00:00,123934.87324693245,0.005884048463691505
613,2023-09-06 00:00:00+00:00,124024.14248320069,0.0007202915041546465
614,2023-09-07 00:00:00+00:00,124927.5731571201,0.007284313004153997
615,2023-09-08 00:00:00+00:00,125522.46531183133,0.004761896350640171
616,2023-09-09 00:00:00+00:00,126186.72292703428,0.005291942072303657
617,2023-09-10 00:00:00+00:00,124839.95987702766,-0.0106727793445065
618,2023-09-11 00:00:00+00:00,125480.97074155915,0.005134660930385726
619,2023-09-12 00:00:00+00:00,125100.64200385616,-0.0030309674483337545
620,2023-09-13 00:00:00+00:00,126246.13679842079,0.009156586059161143
621,2023-09-14 00:00:00+00:00,125880.77143350482,-0.0028940716459257
622,2023-09-15 00:00:00+00:00,124960.91565479098,-0.0073073573369364375
623,2023-09-16 00:00:00+00:00,126384.11652839094,0.011389168094219082
624,2023-09-17 00:00:00+00:00,127308.68331521048,0.007315529927464093
625,2023-09-18 00:00:00+00:00,128046.01335177144,0.005791671214879779
626,2023-09-19 00:00:00+00:00,128556.66242252421,0.003988012257358564
627,2023-09-20 00:00:00+00:00,129854.28011397026,0.010093741288811575
628,2023-09-21 00:00:00+00:00,131168.79558523695,0.010123004571839678
629,2023-09-22 00:00:00+00:00,131254.99405101733,0.0006571567985800275
630,2023-09-23 00:00:00+00:00,131776.54030681035,0.003973534565780312
631,2023-09-24 00:00:00+00:00,132353.28943429107,0.004376720819486479
632,2023-09-25 00:00:00+00:00,132271.7502168744,-0.0006160724660881911
633,2023-09-26 00:00:00+00:00,133180.72525810456,0.0068720270181636955
634,2023-09-27 00:00:00+00:00,133657.75640450892,0.0035818332230874717
635,2023-09-28 00:00:00+00:00,133277.82011765742,-0.0028426056000943056
636,2023-09-29 00:00:00+00:00,133004.05910373435,-0.002054062811662094
637,2023-09-30 00:00:00+00:00,131440.00440948052,-0.011759450837767083
638,2023-10-01 00:00:00+00:00,129973.64857346387,-0.011156084805417743
639,2023-10-02 00:00:00+00:00,133146.6216214156,0.024412433464605643
640,2023-10-03 00:00:00+00:00,134583.63964325548,0.010792748658136064
641,2023-10-04 00:00:00+00:00,133856.1466730376,-0.005405508218875976
642,2023-10-05 00:00:00+00:00,135040.45648958077,0.00884763117704268
643,2023-10-06 00:00:00+00:00,135489.00334660773,0.003321573909679243
644,2023-10-07 00:00:00+00:00,135676.10061118237,0.0013809036892535875
645,2023-10-08 00:00:00+00:00,136185.48026548396,0.0037543801156354473
646,2023-10-09 00:00:00+00:00,134822.63910271882,-0.010007242769995539
647,2023-10-10 00:00:00+00:00,135198.03179690227,0.002784344652217108
648,2023-10-11 00:00:00+00:00,136731.10186519462,0.011339440729398742
649,2023-10-12 00:00:00+00:00,135646.8996401493,-0.007929448459460642
650,2023-10-13 00:00:00+00:00,135144.40589755515,-0.0037044248259796575
651,2023-10-14 00:00:00+00:00,136244.07483259102,0.008136991891987577
652,2023-10-15 00:00:00+00:00,136798.8986715722,0.004072278663588946
653,2023-10-16 00:00:00+00:00,137451.12388528354,0.004767766554007125
654,2023-10-17 00:00:00+00:00,138063.5031554411,0.004455251094699353
655,2023-10-18 00:00:00+00:00,138502.90213500935,0.0031825860529812733
656,2023-10-19 00:00:00+00:00,136926.1879444599,-0.011383979441907388
657,2023-10-20 00:00:00+00:00,136806.56339906144,-0.000873642560230925
658,2023-10-21 00:00:00+00:00,134637.822848022,-0.015852606023829874
659,2023-10-22 00:00:00+00:00,135521.75324168935,0.006565245745730142
660,2023-10-23 00:00:00+00:00,134898.45317447872,-0.004599262128044068
661,2023-10-24 00:00:00+00:00,136471.0124245359,0.011657355685340764
662,2023-10-25 00:00:00+00:00,136508.1907641619,0.0002724266418596688
663,2023-10-26 00:00:00+00:00,135164.1941381177,-0.009845538341110793
664,2023-10-27 00:00:00+00:00,136862.39835230325,0.012564009462818548
665,2023-10-28 00:00:00+00:00,139321.75480698253,0.017969555438803075
666,2023-10-29 00:00:00+00:00,141173.97781858116,0.013294571362273633
667,2023-10-30 00:00:00+00:00,141425.50745193195,0.0017816996959172382
668,2023-10-31 00:00:00+00:00,138343.0776362828,-0.021795430479164435
669,2023-11-01 00:00:00+00:00,135502.9617117596,-0.020529512376399106
670,2023-11-02 00:00:00+00:00,132739.84422210834,-0.02039156528201147
671,2023-11-03 00:00:00+00:00,136270.56042940376,0.02659876714475895
672,2023-11-04 00:00:00+00:00,137262.14743082997,0.007276604706853762
673,2023-11-05 00:00:00+00:00,138791.1755267316,0.011139473806295763
674,2023-11-06 00:00:00+00:00,138469.03966587284,-0.0023210111135394396
675,2023-11-07 00:00:00+00:00,138610.0573201408,0.0010184056638815608
676,2023-11-08 00:00:00+00:00,139334.7951142508,0.005228609006604046
677,2023-11-09 00:00:00+00:00,137591.44919617713,-0.012511920777894536
678,2023-11-10 00:00:00+00:00,136698.00383105193,-0.006493465766548634
679,2023-11-11 00:00:00+00:00,131581.56420765707,-0.03742878081612944
680,2023-11-12 00:00:00+00:00,134472.62094199087,0.021971594210350442
681,2023-11-13 00:00:00+00:00,141503.43569853963,0.052284358758663
682,2023-11-14 00:00:00+00:00,140174.40379258618,-0.009392223583778114
683,2023-11-15 00:00:00+00:00,137853.6974845875,-0.016555849322053118
684,2023-11-16 00:00:00+00:00,137726.36460506797,-0.0009236812783622872
685,2023-11-17 00:00:00+00:00,140958.18471178223,0.023465515233641376
686,2023-11-18 00:00:00+00:00,144658.1750775215,0.026248850843990867
687,2023-11-19 00:00:00+00:00,142763.4780190306,-0.013097753082226826
688,2023-11-20 00:00:00+00:00,141519.80633945068,-0.008711413428959314
689,2023-11-21 00:00:00+00:00,143552.6923133156,0.014364674644825604
690,2023-11-22 00:00:00+00:00,144593.01650887277,0.0072469849139893405
691,2023-11-23 00:00:00+00:00,147016.05140455242,0.01675762048667795
692,2023-11-24 00:00:00+00:00,147071.62491380677,0.0003780098072516669
693,2023-11-25 00:00:00+00:00,148541.93502561175,0.009997238506521455
694,2023-11-26 00:00:00+00:00,148303.34216367154,-0.0016062323538404977
695,2023-11-27 00:00:00+00:00,149926.1550920834,0.010942524320327829
696,2023-11-28 00:00:00+00:00,150846.1981643778,0.006136641546828914
697,2023-11-29 00:00:00+00:00,150337.66027998147,-0.0033712343472002138
698,2023-11-30 00:00:00+00:00,150531.82775568689,0.0012915424873833903
699,2023-12-01 00:00:00+00:00,150112.58591522567,-0.002785071082386903
700,2023-12-02 00:00:00+00:00,149362.73295398153,-0.004995270427675003
701,2023-12-03 00:00:00+00:00,150567.6899618194,0.008067320301437642
702,2023-12-04 00:00:00+00:00,149295.93942492368,-0.008446370779934265
703,2023-12-05 00:00:00+00:00,150299.27885682316,0.006720473683103911
704,2023-12-06 00:00:00+00:00,149047.5573315321,-0.00832819381976857
705,2023-12-07 00:00:00+00:00,150178.21926843686,0.0075859138998821685
706,2023-12-08 00:00:00+00:00,149465.8162394306,-0.004743717381099577
707,2023-12-09 00:00:00+00:00,149032.47141490015,-0.0028992905229665578
708,2023-12-10 00:00:00+00:00,148697.56347013803,-0.0022472145941252464
709,2023-12-11 00:00:00+00:00,149257.91201952792,0.0037683774791805735
710,2023-12-12 00:00:00+00:00,148799.2365655335,-0.0030730394642959347
711,2023-12-13 00:00:00+00:00,148557.33757070944,-0.0016256736284901985
712,2023-12-14 00:00:00+00:00,148171.09326622434,-0.00259996786965333
713,2023-12-15 00:00:00+00:00,146506.7754936161,-0.011232405295261705
714,2023-12-16 00:00:00+00:00,148027.97189801012,0.010383112994390542
715,2023-12-17 00:00:00+00:00,148014.2535163771,-9.267425242087679e-05
716,2023-12-18 00:00:00+00:00,148127.3662724507,0.0007642017804796453
717,2023-12-19 00:00:00+00:00,148362.95542045825,0.001590449853636322
718,2023-12-20 00:00:00+00:00,147618.1123791569,-0.00502041118815999
719,2023-12-21 00:00:00+00:00,148939.1828740009,0.008949243921036132
720,2023-12-22 00:00:00+00:00,149949.31180280616,0.006782157047684478
721,2023-12-23 00:00:00+00:00,147173.19014617393,-0.018513733896178275
722,2023-12-24 00:00:00+00:00,147702.88430209248,0.0035991212488664104
723,2023-12-25 00:00:00+00:00,139679.49375878111,-0.05432115006570459
724,2023-12-26 00:00:00+00:00,137825.2739952557,-0.013274817323776555
725,2023-12-27 00:00:00+00:00,137854.65002911855,0.00021313967323477456
726,2023-12-28 00:00:00+00:00,138669.59166847783,0.005911600654654459
727,2023-12-29 00:00:00+00:00,138669.59166847783,0.0
728,2023-12-30 00:00:00+00:00,139761.8366642209,0.007876600649076249
729,2023-12-31 00:00:00+00:00,141601.1235131894,0.013160150817046024
730,2024-01-01 00:00:00+00:00,143590.37864918518,0.01404830051232242
731,2024-01-02 00:00:00+00:00,143433.531253614,-0.0010923252452337273
732,2024-01-03 00:00:00+00:00,143618.195951321,0.001287458351565407
733,2024-01-04 00:00:00+00:00,141947.71031567352,-0.011631434475152913
734,2024-01-05 00:00:00+00:00,141082.4876072827,-0.006095362203917709
735,2024-01-06 00:00:00+00:00,140212.4407240103,-0.006166937498963576
736,2024-01-07 00:00:00+00:00,140505.8030206475,0.0020922700947390016
737,2024-01-08 00:00:00+00:00,142220.50719508575,0.012203796124963473
738,2024-01-09 00:00:00+00:00,143816.26534460156,0.011220309792081329
739,2024-01-10 00:00:00+00:00,142353.57809845108,-0.010170527253267947
740,2024-01-11 00:00:00+00:00,141489.4033340616,-0.0060706220098790675
741,2024-01-12 00:00:00+00:00,143998.42768265915,0.01773294882496379
742,2024-01-13 00:00:00+00:00,143690.63719405312,-0.0021374572872721043
743,2024-01-14 00:00:00+00:00,143637.96084493297,-0.0003665955565985701
744,2024-01-15 00:00:00+00:00,145331.19207961505,0.011788187640104697
745,2024-01-16 00:00:00+00:00,145877.53872905535,0.003759321324089848
746,2024-01-17 00:00:00+00:00,144626.49911858398,-0.008575957761358888
747,2024-01-18 00:00:00+00:00,144142.6089558375,-0.0033457918548503995
748,2024-01-19 00:00:00+00:00,142877.7082980251,-0.008775341774200363
749,2024-01-20 00:00:00+00:00,142701.94282321862,-0.0012301812291100056
750,2024-01-21 00:00:00+00:00,142869.93629454542,0.0011772332457653523
751,2024-01-22 00:00:00+00:00,143659.4170704514,0.005525870567187452
752,2024-01-23 00:00:00+00:00,140207.718865739,-0.024026953993692257
753,2024-01-24 00:00:00+00:00,139757.83683653505,-0.0032086823239365625
754,2024-01-25 00:00:00+00:00,142494.4401822948,0.019581036796960216
755,2024-01-26 00:00:00+00:00,143589.31156093348,0.007683607705942563
756,2024-01-27 00:00:00+00:00,143679.69603507326,0.0006294651959621866
757,2024-01-28 00:00:00+00:00,143985.46469862765,0.002128127160567983
758,2024-01-29 00:00:00+00:00,143667.41385049126,-0.002208909411808291
759,2024-01-30 00:00:00+00:00,143593.69268764582,-0.000513137675897446
760,2024-01-31 00:00:00+00:00,143466.98431448534,-0.0008824090444982113
761,2024-02-01 00:00:00+00:00,143579.5054073813,0.0007842995615585657
762,2024-02-02 00:00:00+00:00,142558.3295089587,-0.007112267837427022
763,2024-02-03 00:00:00+00:00,142725.069150131,0.0011696239830154553
764,2024-02-04 00:00:00+00:00,143759.29310387635,0.007246266965598602
765,2024-02-05 00:00:00+00:00,145761.1700446033,0.013925200225354706
766,2024-02-06 00:00:00+00:00,144742.38201901523,-0.00698943364186988
767,2024-02-07 00:00:00+00:00,143563.3840439383,-0.008145492416464672
768,2024-02-08 00:00:00+00:00,144327.13623480292,0.005319965086855838
769,2024-02-09 00:00:00+00:00,144648.448673725,0.0022262787671429862
770,2024-02-10 00:00:00+00:00,143829.23633107904,-0.005663471334516834
771,2024-02-11 00:00:00+00:00,143395.41811453714,-0.003016203295019171
772,2024-02-12 00:00:00+00:00,143372.99426721197,-0.00015637771150589508
773,2024-02-13 00:00:00+00:00,144245.9594306104,0.006088769840235431
774,2024-02-14 00:00:00+00:00,144264.4235559155,0.00012800445418359452
775,2024-02-15 00:00:00+00:00,144947.95320714562,0.00473803335834333
776,2024-02-16 00:00:00+00:00,143338.8405098412,-0.011101313690196402
777,2024-02-17 00:00:00+00:00,143786.10659788095,0.003120341189093434
778,2024-02-18 00:00:00+00:00,143205.1090950044,-0.004040706829216867
779,2024-02-19 00:00:00+00:00,144368.4418818462,0.008123542478292833
780,2024-02-20 00:00:00+00:00,143459.2296169925,-0.006297860204086847
781,2024-02-21 00:00:00+00:00,144659.35256922847,0.008365602934297556
782,2024-02-22 00:00:00+00:00,144666.55026814615,4.975619474190118e-05
783,2024-02-23 00:00:00+00:00,144774.71437606643,0.0007476787669284946
784,2024-02-24 00:00:00+00:00,146621.63316959087,0.01275719176158674
785,2024-02-25 00:00:00+00:00,147504.16224659377,0.006019091848350255
786,2024-02-26 00:00:00+00:00,147744.51859090794,0.001629488555803249
787,2024-02-27 00:00:00+00:00,147744.51859090794,0.0
788,2024-02-28 00:00:00+00:00,148316.93547056505,0.003874369655919807
789,2024-02-29 00:00:00+00:00,148316.93547056505,0.0
790,2024-03-01 00:00:00+00:00,148316.93547056505,0.0
791,2024-03-02 00:00:00+00:00,148316.93547056505,0.0
792,2024-03-03 00:00:00+00:00,148316.93547056505,0.0
793,2024-03-04 00:00:00+00:00,148316.93547056505,0.0
794,2024-03-05 00:00:00+00:00,148316.93547056505,0.0
795,2024-03-06 00:00:00+00:00,149196.34471846774,0.005929257135151689
796,2024-03-07 00:00:00+00:00,149962.23418347593,0.005133433171257806
797,2024-03-08 00:00:00+00:00,149962.23418347593,0.0
798,2024-03-09 00:00:00+00:00,150674.7684788043,0.004751424911798807
799,2024-03-10 00:00:00+00:00,151366.92643196468,0.004593721697058628
800,2024-03-11 00:00:00+00:00,150432.39437451217,-0.006173951466686867
801,2024-03-12 00:00:00+00:00,150432.39437451217,0.0
802,2024-03-13 00:00:00+00:00,150432.39437451217,0.0
803,2024-03-14 00:00:00+00:00,150432.39437451217,0.0
804,2024-03-15 00:00:00+00:00,151047.84751796955,0.004091227464778413
805,2024-03-16 00:00:00+00:00,156172.05096558415,0.03392437252046898
806,2024-03-17 00:00:00+00:00,158735.37494665888,0.016413461725232947
807,2024-03-18 00:00:00+00:00,159964.84803912914,0.007745425951105167
808,2024-03-19 00:00:00+00:00,156404.24346697656,-0.022258668800045456
809,2024-03-20 00:00:00+00:00,157157.35497672908,0.004815160337459323
810,2024-03-21 00:00:00+00:00,158577.06698439523,0.00903369751849259
811,2024-03-22 00:00:00+00:00,160684.6275713532,0.013290450044490587
812,2024-03-23 00:00:00+00:00,160578.5080998558,-0.0006604208075241536
813,2024-03-24 00:00:00+00:00,159992.95821800575,-0.0036465021924723118
814,2024-03-25 00:00:00+00:00,159382.61058079338,-0.003814840628052596
815,2024-03-26 00:00:00+00:00,158142.076797239,-0.007783369710370969
816,2024-03-27 00:00:00+00:00,158399.91756569932,0.0016304374754791962
817,2024-03-28 00:00:00+00:00,157192.1939880104,-0.0076245215038573955
818,2024-03-29 00:00:00+00:00,156156.4825814194,-0.006588822131142202
819,2024-03-30 00:00:00+00:00,157110.3101236126,0.006108152069164818
820,2024-03-31 00:00:00+00:00,158060.4568041921,0.006047640538879406
821,2024-04-01 00:00:00+00:00,158060.4568041921,0.0
822,2024-04-02 00:00:00+00:00,158248.3541788656,0.0011887690221359382
823,2024-04-03 00:00:00+00:00,158413.21816766902,0.001041805392914874
824,2024-04-04 00:00:00+00:00,155840.20286514072,-0.01624242807696108
825,2024-04-05 00:00:00+00:00,155165.74892449743,-0.004327855894970423
826,2024-04-06 00:00:00+00:00,157921.60133210153,0.01776070058441248
827,2024-04-07 00:00:00+00:00,158596.32211631793,0.0042725047018583595
828,2024-04-08 00:00:00+00:00,159574.44100349303,0.006167349117073062
829,2024-04-09 00:00:00+00:00,158246.7017586262,-0.008320500679916298
830,2024-04-10 00:00:00+00:00,157218.79684559695,-0.0064955850681622795
831,2024-04-11 00:00:00+00:00,159250.78881121313,0.012924612109910694
832,2024-04-12 00:00:00+00:00,158964.16213328112,-0.0017998446354435815
833,2024-04-13 00:00:00+00:00,159268.61115041294,0.0019152053711108952
834,2024-04-14 00:00:00+00:00,156557.26128018234,-0.017023755344171332
835,2024-04-15 00:00:00+00:00,153886.038637373,-0.01706227242969449
836,2024-04-16 00:00:00+00:00,155141.30565912082,0.00815712089844478
837,2024-04-17 00:00:00+00:00,153297.01087866683,-0.011887838461965172
838,2024-04-18 00:00:00+00:00,154601.70817779953,0.008510911541291355
839,2024-04-19 00:00:00+00:00,156409.43339222798,0.011692789398869197
840,2024-04-20 00:00:00+00:00,153962.26719168058,-0.015645899019470444
841,2024-04-21 00:00:00+00:00,155028.9979417938,0.006928520666593885
842,2024-04-22 00:00:00+00:00,155550.47262200623,0.003363723478418068
843,2024-04-23 00:00:00+00:00,154834.21223611446,-0.004604681514740916
844,2024-04-24 00:00:00+00:00,156857.43731286484,0.013067041498974863
845,2024-04-25 00:00:00+00:00,157064.4583917655,0.0013198040363731067
846,2024-04-26 00:00:00+00:00,154835.96722799476,-0.014188386007814913
847,2024-04-27 00:00:00+00:00,152291.4038195284,-0.016433929751731968
848,2024-04-28 00:00:00+00:00,151585.47845775587,-0.004635359213111534
849,2024-04-29 00:00:00+00:00,152273.5399465699,0.004539098967885291
850,2024-04-30 00:00:00+00:00,151872.32145769958,-0.002634853625988365
851,2024-05-01 00:00:00+00:00,148459.67046377115,-0.022470526302443727
852,2024-05-02 00:00:00+00:00,147431.97846580457,-0.006922364806254744
853,2024-05-03 00:00:00+00:00,150406.38037754974,0.0201747405325301
854,2024-05-04 00:00:00+00:00,151893.1810658993,0.009885223516564956
855,2024-05-05 00:00:00+00:00,154891.8964386319,0.019742264607860216
856,2024-05-06 00:00:00+00:00,153414.2392153455,-0.009539925956499884
857,2024-05-07 00:00:00+00:00,153671.12716496346,0.0016744726625887996
858,2024-05-08 00:00:00+00:00,155647.20355219595,0.01285912600296868
859,2024-05-09 00:00:00+00:00,154514.33294316634,-0.007278451415606013
860,2024-05-10 00:00:00+00:00,156072.15386856272,0.010082048025728207
861,2024-05-11 00:00:00+00:00,157593.1990267163,0.00974578180957586
862,2024-05-12 00:00:00+00:00,157517.5882557167,-0.00047978447970198346
863,2024-05-13 00:00:00+00:00,156901.40013708084,-0.003911868671043428
864,2024-05-14 00:00:00+00:00,157756.82687493897,0.005452001939503237
865,2024-05-15 00:00:00+00:00,157932.5435891862,0.0011138453893126954
866,2024-05-16 00:00:00+00:00,156404.39897357047,-0.009675932400549092
867,2024-05-17 00:00:00+00:00,158090.23636551274,0.010778708290852812
868,2024-05-18 00:00:00+00:00,157202.77213513007,-0.005613656167423264
869,2024-05-19 00:00:00+00:00,157195.27125892002,-4.771465609776371e-05
870,2024-05-20 00:00:00+00:00,159853.26802657807,0.01690888502161103
871,2024-05-21 00:00:00+00:00,161849.35822118408,0.01248701524371798
872,2024-05-22 00:00:00+00:00,163822.28770705417,0.012189912320652363
873,2024-05-23 00:00:00+00:00,165344.71942518017,0.009293190440902599
874,2024-05-24 00:00:00+00:00,165747.33398784808,0.0024350010334022176
875,2024-05-25 00:00:00+00:00,168983.14798922607,0.019522570430093422
876,2024-05-26 00:00:00+00:00,168714.11310557515,-0.0015920811444941618
877,2024-05-27 00:00:00+00:00,168639.99993057028,-0.0004392826044048448
878,2024-05-28 00:00:00+00:00,167816.60971817578,-0.004882532096379788
879,2024-05-29 00:00:00+00:00,168274.63673686766,0.0027293306631630543
880,2024-05-30 00:00:00+00:00,168126.16903230673,-0.0008822940131678614
881,2024-05-31 00:00:00+00:00,168640.65369362533,0.0030601105365086756
882,2024-06-01 00:00:00+00:00,168518.73826436195,-0.0007229302460179943
883,2024-06-02 00:00:00+00:00,168402.74582207447,-0.0006883059028457428
884,2024-06-03 00:00:00+00:00,169058.006331824,0.0038910322189273927
885,2024-06-04 00:00:00+00:00,169304.68523693466,0.0014591376679700119
886,2024-06-05 00:00:00+00:00,170960.31932021564,0.009779021064679982
887,2024-06-06 00:00:00+00:00,171456.737811599,0.002903705920515698
888,2024-06-07 00:00:00+00:00,169543.82914055017,-0.011156800808556189
889,2024-06-08 00:00:00+00:00,169101.38831226362,-0.002609595586753999
890,2024-06-09 00:00:00+00:00,169970.55149148998,0.005139893811051177
891,2024-06-10 00:00:00+00:00,168934.09369050362,-0.006097866906304983
892,2024-06-11 00:00:00+00:00,169088.4685376721,0.0009138170028089032
893,2024-06-12 00:00:00+00:00,170823.2123047053,0.010259385409518318
894,2024-06-13 00:00:00+00:00,170034.45810360427,-0.004617371318917041
895,2024-06-14 00:00:00+00:00,171287.15220749023,0.007367295534430385
896,2024-06-15 00:00:00+00:00,172277.46720303321,0.005781606984412768
897,2024-06-16 00:00:00+00:00,169588.0387423037,-0.015611028559875173
898,2024-06-17 00:00:00+00:00,171198.46981028223,0.00949613592987908
899,2024-06-18 00:00:00+00:00,170197.6292462551,-0.005846083584369888
900,2024-06-19 00:00:00+00:00,171127.37335546475,0.0054627324324503235
901,2024-06-20 00:00:00+00:00,170855.10102307968,-0.0015910507304959243
902,2024-06-21 00:00:00+00:00,174153.64597418375,0.019306095816586044
903,2024-06-22 00:00:00+00:00,175478.0699450476,0.007604916701314357
904,2024-06-23 00:00:00+00:00,175868.74310064843,0.002226336064233836
905,2024-06-24 00:00:00+00:00,174650.2978706891,-0.006928151122692738
906,2024-06-25 00:00:00+00:00,173746.07982865156,-0.005177306039907403
907,2024-06-26 00:00:00+00:00,172869.6371541157,-0.005044388197996796
908,2024-06-27 00:00:00+00:00,171364.23684119037,-0.008708297985164704
909,2024-06-28 00:00:00+00:00,172055.39730247553,0.004033282988478382
910,2024-06-29 00:00:00+00:00,171952.14426822815,-0.0006001150551868673
911,2024-06-30 00:00:00+00:00,170528.9633341455,-0.008276610565917886
912,2024-07-01 00:00:00+00:00,171998.42008351354,0.008617050855394659
913,2024-07-02 00:00:00+00:00,171435.9796271376,-0.0032700326904331334
914,2024-07-03 00:00:00+00:00,172760.42461167407,0.00772559521879268
915,2024-07-04 00:00:00+00:00,172761.7939919353,7.926469643093625e-06
916,2024-07-05 00:00:00+00:00,172829.70982680708,0.00039311837011224426
917,2024-07-06 00:00:00+00:00,172832.8384087689,1.810210735730955e-05
918,2024-07-07 00:00:00+00:00,172351.580444516,-0.0027845284998135877
919,2024-07-08 00:00:00+00:00,174063.0249726316,0.009929961324993686
920,2024-07-09 00:00:00+00:00,175950.38183439118,0.01084295106359523
921,2024-07-10 00:00:00+00:00,176590.10714877152,0.003635827940302372
922,2024-07-11 00:00:00+00:00,177180.86589358543,0.0033453671576075816
923,2024-07-12 00:00:00+00:00,177897.4343102827,0.004044276525477786
924,2024-07-13 00:00:00+00:00,180359.12086313052,0.013837673164831754
925,2024-07-14 00:00:00+00:00,180901.6173169145,0.0030078681421144005
926,2024-07-15 00:00:00+00:00,181400.36488364552,0.0027570099932126
927,2024-07-16 00:00:00+00:00,182419.49977197126,0.005618152361377193
928,2024-07-17 00:00:00+00:00,180999.992506692,-0.007781554422929937
929,2024-07-18 00:00:00+00:00,181720.97367941038,0.003983321561141562
930,2024-07-19 00:00:00+00:00,180142.9722489386,-0.008683650535879606
931,2024-07-20 00:00:00+00:00,181052.75346888637,0.0050503286838774475
932,2024-07-21 00:00:00+00:00,179822.73846213287,-0.006793682963594838
933,2024-07-22 00:00:00+00:00,180985.9719500145,0.006468778630721372
934,2024-07-23 00:00:00+00:00,183871.15017087513,0.015941446675532767
935,2024-07-24 00:00:00+00:00,185059.17774082097,0.006461196162866223
936,2024-07-25 00:00:00+00:00,187566.31717977938,0.013547771418663146
937,2024-07-26 00:00:00+00:00,188493.91817205423,0.0049454561257167295
938,2024-07-27 00:00:00+00:00,187612.00894623125,-0.004678714487848845
939,2024-07-28 00:00:00+00:00,189823.70401124257,0.011788664688544559
940,2024-07-29 00:00:00+00:00,190654.01590368056,0.004374121223494898
941,2024-07-30 00:00:00+00:00,192280.85348803183,0.008532931114197728
942,2024-07-31 00:00:00+00:00,190501.2983068029,-0.00925497858443669
943,2024-08-01 00:00:00+00:00,189173.02767702605,-0.006972501718270019
944,2024-08-02 00:00:00+00:00,188174.36251366424,-0.005279109689288464
945,2024-08-03 00:00:00+00:00,185728.23653763358,-0.012999252094466507
946,2024-08-04 00:00:00+00:00,182870.10212419461,-0.015388798530156844
947,2024-08-05 00:00:00+00:00,183258.6597531667,0.0021247739486041084
948,2024-08-06 00:00:00+00:00,182018.5861259487,-0.006766794152528788
949,2024-08-07 00:00:00+00:00,181098.78723686977,-0.00505332399649816
950,2024-08-08 00:00:00+00:00,181225.89227955014,0.000701854742484409
951,2024-08-09 00:00:00+00:00,180349.04313112074,-0.004838431955831224
952,2024-08-10 00:00:00+00:00,182339.45654881286,0.011036451223336963
953,2024-08-11 00:00:00+00:00,180792.5272513023,-0.008483788022568994
954,2024-08-12 00:00:00+00:00,181907.88478485533,0.006169267892376373
955,2024-08-13 00:00:00+00:00,181261.18248915137,-0.0035551086555088984
956,2024-08-14 00:00:00+00:00,179590.43614744963,-0.00921734217309178
957,2024-08-15 00:00:00+00:00,179584.08772827985,-3.534942787575268e-05
958,2024-08-16 00:00:00+00:00,179428.91328595817,-0.0008640767914608327
959,2024-08-17 00:00:00+00:00,180295.7819965563,0.004831265456178624
960,2024-08-18 00:00:00+00:00,179920.47268470904,-0.00208163112686921
961,2024-08-19 00:00:00+00:00,180952.45150359473,0.00573574982038938
962,2024-08-20 00:00:00+00:00,181424.47947141103,0.0026085745945636507
963,2024-08-21 00:00:00+00:00,180745.40329115788,-0.0037430239967156664
964,2024-08-22 00:00:00+00:00,182013.69120078944,0.007016985696662648
965,2024-08-23 00:00:00+00:00,183191.05072413283,0.006468521766555435
966,2024-08-24 00:00:00+00:00,181872.31792686935,-0.007198674782696424
967,2024-08-25 00:00:00+00:00,182811.47491308692,0.005163825902275043
968,2024-08-26 00:00:00+00:00,182598.21817450545,-0.0011665391282623672
969,2024-08-27 00:00:00+00:00,180360.02130519308,-0.012257495673771435
970,2024-08-28 00:00:00+00:00,180047.56127678402,-0.0017324239936761243
971,2024-08-29 00:00:00+00:00,179388.61217286807,-0.0036598613124393387
972,2024-08-30 00:00:00+00:00,179454.04331459818,0.00036474523626428557
973,2024-08-31 00:00:00+00:00,180370.85717900738,0.005108906143741487
974,2024-09-01 00:00:00+00:00,180106.18395413226,-0.0014673835286620474
975,2024-09-02 00:00:00+00:00,180436.2178957977,0.0018324409213483772
976,2024-09-03 00:00:00+00:00,180274.65502353053,-0.0008954015671092108
977,2024-09-04 00:00:00+00:00,179740.33507888127,-0.0029639216038411798
978,2024-09-05 00:00:00+00:00,179429.49859532522,-0.001729364104165243
979,2024-09-06 00:00:00+00:00,180068.72945925817,0.0035625739855331684
980,2024-09-07 00:00:00+00:00,180247.6231816651,0.0009934746746098622
981,2024-09-08 00:00:00+00:00,179513.46212650026,-0.004073069271071095
982,2024-09-09 00:00:00+00:00,178220.55873092738,-0.007202264277326398
983,2024-09-10 00:00:00+00:00,178803.26017376775,0.0032695523288091
984,2024-09-11 00:00:00+00:00,180381.3122052711,0.008825633436268188
985,2024-09-12 00:00:00+00:00,179817.78085540122,-0.003124111599923318
986,2024-09-13 00:00:00+00:00,178655.5782547729,-0.006463224021004299
987,2024-09-14 00:00:00+00:00,178651.77320160303,-2.129826119645628e-05
988,2024-09-15 00:00:00+00:00,178410.00404403466,-0.0013532983929330777
989,2024-09-16 00:00:00+00:00,178709.3122194197,0.0016776423328321854
990,2024-09-17 00:00:00+00:00,178644.19961609918,-0.00036434924689632275
991,2024-09-18 00:00:00+00:00,178895.88027839884,0.0014088375824152788
992,2024-09-19 00:00:00+00:00,177681.29553091255,-0.0067893388355066975
993,2024-09-20 00:00:00+00:00,175162.8179441446,-0.014174128904467564
994,2024-09-21 00:00:00+00:00,176433.9798963467,0.0072570307278765345
995,2024-09-22 00:00:00+00:00,176351.82008706333,-0.00046566885433085847
996,2024-09-23 00:00:00+00:00,176964.88917526475,0.0034763978500407244
997,2024-09-24 00:00:00+00:00,176364.96959362036,-0.0033900486386891915
998,2024-09-25 00:00:00+00:00,176531.0126822405,0.0009414743131970216
999,2024-09-26 00:00:00+00:00,176140.46518126197,-0.002212344987118753
1000,2024-09-27 00:00:00+00:00,175944.237780374,-0.0011140393020196981
1001,2024-09-28 00:00:00+00:00,175406.03890785328,-0.0030589172985168167
1002,2024-09-29 00:00:00+00:00,173937.8719631234,-0.00837010489417156
1003,2024-09-30 00:00:00+00:00,174184.9223220783,0.0014203367913301346
1004,2024-10-01 00:00:00+00:00,173497.48583579983,-0.00394659007860243
1005,2024-10-02 00:00:00+00:00,174423.6255842553,0.005338058612168961
1006,2024-10-03 00:00:00+00:00,174488.48399105258,0.00037184416147773014
1007,2024-10-04 00:00:00+00:00,175087.37735265063,0.0034322801591235574
1008,2024-10-05 00:00:00+00:00,175584.3476439486,0.0028384130187579792
1009,2024-10-06 00:00:00+00:00,175818.30269122863,0.0013324368055542823
1010,2024-10-07 00:00:00+00:00,176023.48514772378,0.0011670142036093178
1011,2024-10-08 00:00:00+00:00,176545.94926520632,0.0029681500570453156
1012,2024-10-09 00:00:00+00:00,177393.88488469776,0.00480291744455541
1013,2024-10-10 00:00:00+00:00,178598.67396121626,0.006791604328985734
1014,2024-10-11 00:00:00+00:00,180011.73460864497,0.007911932468969818
1015,2024-10-12 00:00:00+00:00,180682.99214106193,0.0037289654137064865
1016,2024-10-13 00:00:00+00:00,180487.90442658417,-0.001079723731414961
1017,2024-10-14 00:00:00+00:00,181291.90587984095,0.004454600189476077
1018,2024-10-15 00:00:00+00:00,181493.1804234766,0.0011102235516737835
1019,2024-10-16 00:00:00+00:00,182991.62314215154,0.008256192960962139
1020,2024-10-17 00:00:00+00:00,182666.18831945022,-0.00177841377169774
1021,2024-10-18 00:00:00+00:00,182138.73567235953,-0.0028875220528949974
1022,2024-10-19 00:00:00+00:00,181355.43456271227,-0.004300573992433443
1023,2024-10-20 00:00:00+00:00,180410.53062698152,-0.005210232260252412
1024,2024-10-21 00:00:00+00:00,181690.8433700066,0.007096663030564887
1025,2024-10-22 00:00:00+00:00,183184.5086096812,0.008220916431285419
1026,2024-10-23 00:00:00+00:00,181126.4477862937,-0.01123490648312786
1027,2024-10-24 00:00:00+00:00,182665.19045560088,0.008495405768254916
1028,2024-10-25 00:00:00+00:00,181562.3199076459,-0.006037661281846907
1029,2024-10-26 00:00:00+00:00,182802.76029579627,0.006832036453275903
1030,2024-10-27 00:00:00+00:00,183886.58726403202,0.00592894202736316
1031,2024-10-28 00:00:00+00:00,184237.4696981912,0.0019081458815448649
1032,2024-10-29 00:00:00+00:00,182938.39535587802,-0.007051086537615103
1033,2024-10-30 00:00:00+00:00,182832.1140694016,-0.0005809676326812285
1034,2024-10-31 00:00:00+00:00,184338.88124317807,0.008241261013940404
1035,2024-11-01 00:00:00+00:00,184807.45642696196,0.002541922684047071
1036,2024-11-02 00:00:00+00:00,183313.34116312515,-0.008084713099372642
1037,2024-11-03 00:00:00+00:00,182556.60840306364,-0.004128083396767734
1038,2024-11-04 00:00:00+00:00,183389.0308609907,0.004559804573544435
1039,2024-11-05 00:00:00+00:00,183492.2034693444,0.0005625887648204042
1040,2024-11-06 00:00:00+00:00,183520.11079567272,0.00015208998421023523
1041,2024-11-07 00:00:00+00:00,183640.68562203296,0.0006570115168167412
1042,2024-11-08 00:00:00+00:00,182155.76697501526,-0.008086000343485722
1043,2024-11-09 00:00:00+00:00,182310.46778583314,0.0008492775902018135
1044,2024-11-10 00:00:00+00:00,183270.6845120406,0.005266931393843377
1045,2024-11-11 00:00:00+00:00,180595.47352297578,-0.014597048055926654
1046,2024-11-12 00:00:00+00:00,183125.99613034402,0.01401210427927091
1047,2024-11-13 00:00:00+00:00,184323.19916601648,0.006537591936539355
1048,2024-11-14 00:00:00+00:00,186385.9516878255,0.011190954427560351
1049,2024-11-15 00:00:00+00:00,187127.7810913734,0.003980071442242661
1050,2024-11-16 00:00:00+00:00,189183.06239301534,0.01098330397365399
1051,2024-11-17 00:00:00+00:00,186368.47069924118,-0.014877609328085795
1052,2024-11-18 00:00:00+00:00,188919.46230661354,0.013687892580763306
1053,2024-11-19 00:00:00+00:00,189890.71888090755,0.005141114432761107
1054,2024-11-20 00:00:00+00:00,192055.0184548874,0.011397605879501782
1055,2024-11-21 00:00:00+00:00,192047.1739172419,-4.084526251191267e-05
1056,2024-11-22 00:00:00+00:00,195025.39296713498,0.015507747336998001
1057,2024-11-23 00:00:00+00:00,196974.23131992514,0.009992741576572817
1058,2024-11-24 00:00:00+00:00,195462.9753056089,-0.007672353912434593
1059,2024-11-25 00:00:00+00:00,197341.93513146343,0.009612868232035998
1060,2024-11-26 00:00:00+00:00,196637.54846275796,-0.0035693714477676997
1061,2024-11-27 00:00:00+00:00,199004.7033730576,0.012038163254196377
1062,2024-11-28 00:00:00+00:00,200356.80296290244,0.006794309716942504
1063,2024-11-29 00:00:00+00:00,199907.5741770532,-0.0022421439112921826
1064,2024-11-30 00:00:00+00:00,202012.71858920125,0.010530588552305487
1065,2024-12-01 00:00:00+00:00,202600.85270770764,0.0029113717325015553
1066,2024-12-02 00:00:00+00:00,204588.57200258368,0.00981101149531538
1067,2024-12-03 00:00:00+00:00,203832.34826569178,-0.003696314654771382
1068,2024-12-04 00:00:00+00:00,205019.86878483664,0.005825966924528414
1069,2024-12-05 00:00:00+00:00,202908.40311437516,-0.01029883436652379
1070,2024-12-06 00:00:00+00:00,200544.07647428772,-0.011652186916845997
1071,2024-12-07 00:00:00+00:00,201900.58628388023,0.006764147979042567
1072,2024-12-08 00:00:00+00:00,203020.14806226798,0.005545114053376876
1073,2024-12-09 00:00:00+00:00,204283.10855743755,0.006220862841564978
1074,2024-12-10 00:00:00+00:00,203835.75225882325,-0.002189883939858417
1075,2024-12-11 00:00:00+00:00,204931.92754985316,0.0053777380998305535
1076,2024-12-12 00:00:00+00:00,204685.3908469275,-0.0012030175379367236
1077,2024-12-13 00:00:00+00:00,203821.62908242285,-0.004219948287128239
1078,2024-12-14 00:00:00+00:00,200640.5277970095,-0.01560728024662661
1079,2024-12-15 00:00:00+00:00,200020.91354629965,-0.0030881809249262426
1080,2024-12-16 00:00:00+00:00,199462.1669734338,-0.0027934407605657574
1081,2024-12-17 00:00:00+00:00,197552.11482694533,-0.009576012210590679
1082,2024-12-18 00:00:00+00:00,200117.15314717017,0.012984109648594755
1083,2024-12-19 00:00:00+00:00,202426.56874446195,0.011540318063556487
1084,2024-12-20 00:00:00+00:00,200384.26507085745,-0.01008910878780267
1085,2024-12-21 00:00:00+00:00,194833.8370742616,-0.027698921343116356
1086,2024-12-22 00:00:00+00:00,196694.51768388806,0.00955008964339843
1087,2024-12-23 00:00:00+00:00,198536.3094948916,0.009363717060805632
1088,2024-12-24 00:00:00+00:00,198495.53866982815,-0.00020535702092572272
1089,2024-12-25 00:00:00+00:00,196820.08550496402,-0.008440759807962328
1090,2024-12-26 00:00:00+00:00,200027.47886121695,0.016296067284108817
1091,2024-12-27 00:00:00+00:00,201613.59016584212,0.007929467059501594
1092,2024-12-28 00:00:00+00:00,199601.74395680573,-0.009978723197089479
1093,2024-12-29 00:00:00+00:00,199903.15532618,0.0015100638070553174
1094,2024-12-30 00:00:00+00:00,201070.00769905432,0.00583708831894314
1095,2024-12-31 00:00:00+00:00,200234.77296992042,-0.004153949854042938
1096,2025-01-01 00:00:00+00:00,201266.42231984416,0.005152198764590832
1097,2025-01-02 00:00:00+00:00,198716.77603312008,-0.012668016141670568
1098,2025-01-03 00:00:00+00:00,198310.7821180756,-0.0020430782098479483
1099,2025-01-04 00:00:00+00:00,200017.55963488415,0.008606579524215396
1100,2025-01-05 00:00:00+00:00,200116.4938055709,0.000494627426048666
1101,2025-01-06 00:00:00+00:00,200841.09947151667,0.003620919256409616
1102,2025-01-07 00:00:00+00:00,202639.87028058377,0.008956188816931832
1103,2025-01-08 00:00:00+00:00,200409.1097555108,-0.011008497597161604
1104,2025-01-09 00:00:00+00:00,201482.9470654785,0.00535822603711833
1105,2025-01-10 00:00:00+00:00,201336.95452957196,-0.0007245900361935176
1106,2025-01-11 00:00:00+00:00,201663.3676788014,0.0016212282041918602
1107,2025-01-12 00:00:00+00:00,202598.33997292726,0.0046363020953563705
1108,2025-01-13 00:00:00+00:00,204557.42485829987,0.009669797322299889
1109,2025-01-14 00:00:00+00:00,205618.41391251748,0.005186754061616616
1110,2025-01-15 00:00:00+00:00,203056.88838840506,-0.012457666000683432
1111,2025-01-16 00:00:00+00:00,204414.95396120838,0.006688103927829481
1112,2025-01-17 00:00:00+00:00,203402.80425006335,-0.0049514465137276975
1113,2025-01-18 00:00:00+00:00,201089.78538195186,-0.011371617400455558
1114,2025-01-19 00:00:00+00:00,196902.6892412801,-0.020822023021799696
1115,2025-01-20 00:00:00+00:00,201397.46431520357,0.02282739301958281
1116,2025-01-21 00:00:00+00:00,202589.5075555916,0.005918859229143036
1117,2025-01-22 00:00:00+00:00,205023.30437918133,0.01201343965418289
1118,2025-01-23 00:00:00+00:00,208416.32550581114,0.01654944123012747
1119,2025-01-24 00:00:00+00:00,207779.0463649795,-0.0030577217945140234
1120,2025-01-25 00:00:00+00:00,205252.3931164305,-0.0121602889836675
1121,2025-01-26 00:00:00+00:00,204269.8203906372,-0.00478714382265899
1122,2025-01-27 00:00:00+00:00,206593.597099339,0.01137601582190606
1123,2025-01-28 00:00:00+00:00,207070.67655913878,0.002309265468524613
1124,2025-01-29 00:00:00+00:00,210109.87339317103,0.014677099068463484
1125,2025-01-30 00:00:00+00:00,212152.3910258186,0.009721188250994217
1126,2025-01-31 00:00:00+00:00,212262.77815311737,0.0005203199773757827
1127,2025-02-01 00:00:00+00:00,209678.94120749072,-0.012172821669952816
1128,2025-02-02 00:00:00+00:00,209561.41537307153,-0.0005605037575179272
1129,2025-02-03 00:00:00+00:00,211842.04399575866,0.01088286514302772
1130,2025-02-04 00:00:00+00:00,212271.90018583814,0.0020291353971644277
1131,2025-02-05 00:00:00+00:00,212920.11997887146,0.0030537239854442344
1132,2025-02-06 00:00:00+00:00,210894.40864858116,-0.009513949787795184
1133,2025-02-07 00:00:00+00:00,213160.6856618493,0.010746027017930482
1134,2025-02-08 00:00:00+00:00,213933.1549141129,0.003623882377114418
1135,2025-02-09 00:00:00+00:00,214031.66000370955,0.0004604479826242347
1136,2025-02-10 00:00:00+00:00,213800.41330589823,-0.0010804322024475788
1137,2025-02-11 00:00:00+00:00,215655.36430605565,0.008676087063982596
1138,2025-02-12 00:00:00+00:00,216414.7126217472,0.0035211195331728007
1139,2025-02-13 00:00:00+00:00,218161.78247625096,0.00807278688837254
1140,2025-02-14 00:00:00+00:00,217224.9349656722,-0.00429427876846733
1141,2025-02-15 00:00:00+00:00,217715.28036861928,0.0022573163758781156
1142,2025-02-16 00:00:00+00:00,218603.1358179703,0.004078057579825156
1143,2025-02-17 00:00:00+00:00,216062.2838442714,-0.011623126832977504
1144,2025-02-18 00:00:00+00:00,211649.56462072112,-0.020423366563739553
1145,2025-02-19 00:00:00+00:00,212735.69007324814,0.005131715978123452
1146,2025-02-20 00:00:00+00:00,211380.1071376784,-0.006372146277397128
1147,2025-02-21 00:00:00+00:00,210690.1642717415,-0.003263991466744387
1148,2025-02-22 00:00:00+00:00,214252.00252959094,0.016905574449386673
1149,2025-02-23 00:00:00+00:00,214501.05023608328,0.001162405501707875
1150,2025-02-24 00:00:00+00:00,211368.62794187255,-0.01460329583824016
1151,2025-02-25 00:00:00+00:00,210510.44923562722,-0.0040601044469159575
1152,2025-02-26 00:00:00+00:00,211620.21670719975,0.005271792804595332
1153,2025-02-27 00:00:00+00:00,213708.82497034277,0.00986960648487023
1154,2025-02-28 00:00:00+00:00,209008.0993717499,-0.021995935821766843
1155,2025-03-01 00:00:00+00:00,209013.4517627371,2.5608533847698567e-05
1156,2025-03-02 00:00:00+00:00,206582.65476434428,-0.011629859120991681
1157,2025-03-03 00:00:00+00:00,200230.6003882334,-0.030748246426384962
1158,2025-03-04 00:00:00+00:00,203748.5753608965,0.017569617060738896
1159,2025-03-05 00:00:00+00:00,205691.92413576346,0.009537974787920511
1160,2025-03-06 00:00:00+00:00,205365.69888770182,-0.0015859895785034217
1161,2025-03-07 00:00:00+00:00,205305.46340411468,-0.0002933083952840754
1162,2025-03-08 00:00:00+00:00,206146.15552016618,0.004094835578713818
1163,2025-03-09 00:00:00+00:00,206823.9604995619,0.0032879826339007323
1164,2025-03-10 00:00:00+00:00,207812.00633198547,0.004777230984442271
1165,2025-03-11 00:00:00+00:00,208595.57975861971,0.003770587852284457
1166,2025-03-12 00:00:00+00:00,211576.63029887032,0.014291053260573339
1167,2025-03-13 00:00:00+00:00,212846.5080274636,0.006001975392081249
1168,2025-03-14 00:00:00+00:00,214007.47381698774,0.005454474213757443
1169,2025-03-15 00:00:00+00:00,214038.2775996134,0.00014393788252453632
1170,2025-03-16 00:00:00+00:00,211844.28951290465,-0.01025044730930269
1171,2025-03-17 00:00:00+00:00,213200.1537414205,0.006400286888230022
1172,2025-03-18 00:00:00+00:00,213345.5498640689,0.0006819700647342497
1173,2025-03-19 00:00:00+00:00,215018.89987236232,0.007843379012871798
1174,2025-03-20 00:00:00+00:00,215855.45798770612,0.0038906259674864607
1175,2025-03-21 00:00:00+00:00,216790.9708021121,0.004333978038485675
1176,2025-03-22 00:00:00+00:00,216328.27951232577,-0.0021342738033526265
1177,2025-03-23 00:00:00+00:00,213613.4089845231,-0.012549771735451687
1178,2025-03-24 00:00:00+00:00,211508.67324218163,-0.009853013218350748
1179,2025-03-25 00:00:00+00:00,213509.02670678796,0.009457548165487717
1180,2025-03-26 00:00:00+00:00,213436.57963836525,-0.0003393161850819837
1181,2025-03-27 00:00:00+00:00,214531.01391887036,0.005127679062133961
1182,2025-03-28 00:00:00+00:00,215473.21212925753,0.00439189743793178
1183,2025-03-29 00:00:00+00:00,218081.3864426305,0.012104401691512168
1184,2025-03-30 00:00:00+00:00,218431.47201211675,0.0016052977982068395
1185,2025-03-31 00:00:00+00:00,217882.44682859658,-0.0025134893724916285
1186,2025-04-01 00:00:00+00:00,218161.93045440025,0.0012827266715227381
1187,2025-04-02 00:00:00+00:00,216093.63169663024,-0.009480566813201752
1188,2025-04-03 00:00:00+00:00,214204.59861217177,-0.00874173417155788
1189,2025-04-04 00:00:00+00:00,212999.3405947336,-0.005626667332293667
1190,2025-04-05 00:00:00+00:00,211040.96343440248,-0.009194287432359949
1191,2025-04-06 00:00:00+00:00,209268.13319449473,-0.008400408200651466
1192,2025-04-07 00:00:00+00:00,207979.07725845548,-0.006159829097539649
1193,2025-04-08 00:00:00+00:00,205344.14284656546,-0.012669228302304547
1194,2025-04-09 00:00:00+00:00,207794.01251011432,0.011930555357400285
1195,2025-04-10 00:00:00+00:00,207292.27850742414,-0.0024145739168772717
1196,2025-04-11 00:00:00+00:00,207875.53485171258,0.002813690642449851
1197,2025-04-12 00:00:00+00:00,206149.92301602763,-0.008301178091572492
1198,2025-04-13 00:00:00+00:00,208869.0629345513,0.013190108823432745
1199,2025-04-14 00:00:00+00:00,209219.06541017065,0.0016757028097025284
1200,2025-04-15 00:00:00+00:00,211261.87131084208,0.009763956724816447
1201,2025-04-16 00:00:00+00:00,212995.68324605527,0.008206932583031623
1202,2025-04-17 00:00:00+00:00,213702.43535523224,0.0033181522667786734
1203,2025-04-18 00:00:00+00:00,216588.96260259903,0.013507226731265698
1204,2025-04-19 00:00:00+00:00,216504.49852582157,-0.00038997405852314593
1205,2025-04-20 00:00:00+00:00,216358.60057369233,-0.0006738795411765919
1206,2025-04-21 00:00:00+00:00,216067.2096182506,-0.0013467962663331612
1207,2025-04-22 00:00:00+00:00,219004.00205090453,0.013592032024862366
1208,2025-04-23 00:00:00+00:00,221226.2959594378,0.010147275336168216
1209,2025-04-24 00:00:00+00:00,221906.379342353,0.0030741525548116932
1210,2025-04-25 00:00:00+00:00,221025.8005726787,-0.003968244501505569
1211,2025-04-26 00:00:00+00:00,222153.3389654693,0.005101388117899175
1212,2025-04-27 00:00:00+00:00,223372.83405837027,0.005489429502072429
1213,2025-04-28 00:00:00+00:00,223939.90918589308,0.0025386933460969097
1214,2025-04-29 00:00:00+00:00,224099.5471909091,0.0007128608991420204
1215,2025-04-30 00:00:00+00:00,223160.0142401389,-0.004192480362175011
1216,2025-05-01 00:00:00+00:00,223380.33608686528,0.0009872819173120106
1217,2025-05-02 00:00:00+00:00,223850.19058443885,0.0021033834302714993
1218,2025-05-03 00:00:00+00:00,224265.09117784604,0.0018534743808971132
1219,2025-05-04 00:00:00+00:00,224182.2359237436,-0.0003694523015922435
1220,2025-05-05 00:00:00+00:00,223685.7116671799,-0.002214824267934512
1221,2025-05-06 00:00:00+00:00,224844.9798152037,0.0051825757639303305
1222,2025-05-07 00:00:00+00:00,223776.42827859064,-0.004752392237048264
1223,2025-05-08 00:00:00+00:00,222913.59596036773,-0.0038557783983785843
1224,2025-05-09 00:00:00+00:00,223655.95399571632,0.0033302501453549294
1225,2025-05-10 00:00:00+00:00,227040.5381622575,0.01513299380621902
1226,2025-05-11 00:00:00+00:00,226437.4745988064,-0.002656193331519008
1227,2025-05-12 00:00:00+00:00,225325.58601304493,-0.0049103558840314365
1228,2025-05-13 00:00:00+00:00,220776.58922258113,-0.020188549693599622
1229,2025-05-14 00:00:00+00:00,221169.8422357489,0.0017812260555003512
1230,2025-05-15 00:00:00+00:00,219485.14268821533,-0.007617220912685796
1231,2025-05-16 00:00:00+00:00,220642.21981376255,0.0052717788155296486
1232,2025-05-17 00:00:00+00:00,224125.60360138872,0.015787476170999293
1233,2025-05-18 00:00:00+00:00,223180.2263211202,-0.004218069087500997
1234,2025-05-19 00:00:00+00:00,225456.83292286645,0.010200754068913742
1235,2025-05-20 00:00:00+00:00,227487.3406711934,0.00900619299048544
1236,2025-05-21 00:00:00+00:00,231103.73203120843,0.015897110359394118
1237,2025-05-22 00:00:00+00:00,232211.2057110302,0.004792106428087584
1238,2025-05-23 00:00:00+00:00,230235.806546783,-0.008506907141705544
1239,2025-05-24 00:00:00+00:00,232272.28550304915,0.00884518783941779
1240,2025-05-25 00:00:00+00:00,233139.1180903112,0.003731967356263466
1241,2025-05-26 00:00:00+00:00,233615.80839691078,0.002044660332012116
1242,2025-05-27 00:00:00+00:00,233674.2542473976,0.0002501793473990155
1243,2025-05-28 00:00:00+00:00,233825.62276166977,0.0006477757455980448
1244,2025-05-29 00:00:00+00:00,236187.39059614658,0.010100551883845732
1245,2025-05-30 00:00:00+00:00,236026.7084669064,-0.0006803162896825699
1246,2025-05-31 00:00:00+00:00,237594.82144039476,0.0066437946098301115
1247,2025-06-01 00:00:00+00:00,234609.19526593614,-0.012566040607949969
1248,2025-06-02 00:00:00+00:00,235588.8194674627,0.0041755575710324955
1249,2025-06-03 00:00:00+00:00,233594.5822924262,-0.008464905845465664
1250,2025-06-04 00:00:00+00:00,233823.49093140446,0.0009799398459151565
1251,2025-06-05 00:00:00+00:00,235864.39289643525,0.008728387198827292
1252,2025-06-06 00:00:00+00:00,236776.43358664555,0.0038668010843450062
1253,2025-06-07 00:00:00+00:00,235591.61940273445,-0.005003936270023823
1254,2025-06-08 00:00:00+00:00,232467.36644355537,-0.013261307711622372
1255,2025-06-09 00:00:00+00:00,231975.09604225642,-0.002117589272120357
1256,2025-06-10 00:00:00+00:00,231081.51070141164,-0.0038520744514833893
1257,2025-06-11 00:00:00+00:00,232155.23552148667,0.004646519822446571
1258,2025-06-12 00:00:00+00:00,233481.46793783968,0.005712696564322162
1259,2025-06-13 00:00:00+00:00,233442.93132254347,-0.00016505213727058266
1260,2025-06-14 00:00:00+00:00,236153.88519819334,0.011612919098861862
1261,2025-06-15 00:00:00+00:00,235054.64981724598,-0.004654741885888547
1262,2025-06-16 00:00:00+00:00,232727.77932377838,-0.009899274467774832
1263,2025-06-17 00:00:00+00:00,235626.87809485666,0.012457037915722724
1264,2025-06-18 00:00:00+00:00,236641.27661868368,0.00430510530899042
1265,2025-06-19 00:00:00+00:00,236844.96786633114,0.0008607595874987606
1266,2025-06-20 00:00:00+00:00,233591.9447494405,-0.013734820486988597
1267,2025-06-21 00:00:00+00:00,231419.57562438937,-0.009299846051546434
1268,2025-06-22 00:00:00+00:00,230528.65771588756,-0.003849794928099892
1269,2025-06-23 00:00:00+00:00,232491.5943930846,0.008514935612110586
1270,2025-06-24 00:00:00+00:00,233279.72626721868,0.00338993706930113
1271,2025-06-25 00:00:00+00:00,233894.01005425525,0.002633249776420543
1272,2025-06-26 00:00:00+00:00,233854.99528053068,-0.00016680535647539685
1273,2025-06-27 00:00:00+00:00,235073.2204238853,0.005209318457761514
1274,2025-06-28 00:00:00+00:00,230367.748432564,-0.020017048232190637
1275,2025-06-29 00:00:00+00:00,231712.6238345315,0.005837950021728711
1276,2025-06-30 00:00:00+00:00,230542.5559223187,-0.005049651127546517
1277,2025-07-01 00:00:00+00:00,228178.3682840465,-0.010254886039646416
1278,2025-07-02 00:00:00+00:00,229845.507704986,0.00730629916182135
1279,2025-07-03 00:00:00+00:00,226642.89440328832,-0.01393376504799193
1280,2025-07-04 00:00:00+00:00,227188.23258842176,0.0024061561098980278
1281,2025-07-05 00:00:00+00:00,226402.2603574302,-0.0034595640013426188
1282,2025-07-06 00:00:00+00:00,225723.06047177955,-0.002999969543494685
1283,2025-07-07 00:00:00+00:00,225133.2439416825,-0.0026130096272143355
1284,2025-07-08 00:00:00+00:00,225638.497811094,0.002244243722363759
1285,2025-07-09 00:00:00+00:00,226350.69795880516,0.0031563769242402007
1286,2025-07-10 00:00:00+00:00,226651.6255078827,0.0013294748007903756
1287,2025-07-11 00:00:00+00:00,225168.26620989008,-0.006544666488355055
1288,2025-07-12 00:00:00+00:00,225177.9187756589,4.2868233305348724e-05
1289,2025-07-13 00:00:00+00:00,225300.73449177603,0.0005454163391549471
1290,2025-07-14 00:00:00+00:00,225065.75450222648,-0.0010429614891385164
1291,2025-07-15 00:00:00+00:00,226758.94603051327,0.007523097114581434
1292,2025-07-16 00:00:00+00:00,225895.43005055535,-0.003808078997869946
1293,2025-07-17 00:00:00+00:00,224203.09539671443,-0.007491672821633322
1294,2025-07-18 00:00:00+00:00,224146.32926073298,-0.0002531906880277601
1295,2025-07-19 00:00:00+00:00,226310.01456081812,0.009653003496516321
1296,2025-07-20 00:00:00+00:00,226596.93529481662,0.0012678216408377185
1297,2025-07-21 00:00:00+00:00,226031.71459553388,-0.0024943881017073233
1298,2025-07-22 00:00:00+00:00,226775.82889785152,0.0032920791829995633
1299,2025-07-23 00:00:00+00:00,226789.1148805496,5.858641444578261e-05
1300,2025-07-24 00:00:00+00:00,223273.92352123256,-0.015499823971571569
1301,2025-07-25 00:00:00+00:00,225871.9691648907,0.01163613557142984
1302,2025-07-26 00:00:00+00:00,227688.41796092398,0.00804193987748536
1303,2025-07-27 00:00:00+00:00,229118.67558630768,0.006281644179323864
1304,2025-07-28 00:00:00+00:00,226125.32279486617,-0.013064639029453318
1305,2025-07-29 00:00:00+00:00,228147.57842007323,0.008943074575692656
1306,2025-07-30 00:00:00+00:00,229533.23573898667,0.006073513155428367
1307,2025-07-31 00:00:00+00:00,228024.82793484555,-0.006571631333844863
1308,2025-08-01 00:00:00+00:00,228635.4809874335,0.002678011241663558
1309,2025-08-02 00:00:00+00:00,226933.47100350627,-0.007444207594449304
1310,2025-08-03 00:00:00+00:00,229586.47782856683,0.011690681032325845
1311,2025-08-04 00:00:00+00:00,228821.58273383006,-0.0033316208427045524
1312,2025-08-05 00:00:00+00:00,229140.06777326355,0.0013918487741777508
1313,2025-08-06 00:00:00+00:00,229795.80321371427,0.002861723167070007
1314,2025-08-07 00:00:00+00:00,226436.10367869443,-0.014620369423784751
1315,2025-08-08 00:00:00+00:00,228121.7682665758,0.007444327828009634
1316,2025-08-09 00:00:00+00:00,229106.61611393114,0.004317202408340437
1317,2025-08-10 00:00:00+00:00,228975.72177319662,-0.0005713250143305482
1318,2025-08-11 00:00:00+00:00,229587.6775746492,0.0026725794189601526
1319,2025-08-12 00:00:00+00:00,226097.6970246928,-0.015201079547579988
1320,2025-08-13 00:00:00+00:00,224985.5999605777,-0.0049186571944324076
1321,2025-08-14 00:00:00+00:00,226320.28951395222,0.00593233324092024
1322,2025-08-15 00:00:00+00:00,222048.2481854334,-0.018876086353961097
1323,2025-08-16 00:00:00+00:00,222351.15062871116,0.0013641289483392605
1324,2025-08-17 00:00:00+00:00,223011.55329337547,0.002970088811310445
1325,2025-08-18 00:00:00+00:00,222803.1962744247,-0.0009342880037999102
1326,2025-08-19 00:00:00+00:00,224760.51877898534,0.008784983955749892
1327,2025-08-20 00:00:00+00:00,225982.17710591093,0.005435377768134186
1328,2025-08-21 00:00:00+00:00,227694.58839122232,0.0075776386759423
1329,2025-08-22 00:00:00+00:00,226784.8265763841,-0.0039955355165274264
1330,2025-08-23 00:00:00+00:00,226619.14971321783,-0.0007305465081918205
1331,2025-08-24 00:00:00+00:00,223889.7287500109,-0.012044087918699597
1332,2025-08-25 00:00:00+00:00,220411.8368385847,-0.01553395026580029
1333,2025-08-26 00:00:00+00:00,219946.38914324218,-0.002111718236273319
1334,2025-08-27 00:00:00+00:00,219233.72315809355,-0.0032401804272608192
1335,2025-08-28 00:00:00+00:00,218746.18423724483,-0.0022238317801916985
1336,2025-08-29 00:00:00+00:00,218778.85029373728,0.0001493331488562344
1337,2025-08-30 00:00:00+00:00,215982.83894148425,-0.012780080654501313
1338,2025-08-31 00:00:00+00:00,215620.6053223358,-0.0016771407437912167
1339,2025-09-01 00:00:00+00:00,216905.45297885928,0.005958835217082958
1340,2025-09-02 00:00:00+00:00,215572.89665912007,-0.006143489255058476
1341,2025-09-03 00:00:00+00:00,216557.44298354973,0.0045671155311630685
1342,2025-09-04 00:00:00+00:00,217801.88003367843,0.005746452456142359
1343,2025-09-05 00:00:00+00:00,220387.39429489704,0.011870945562172386
1344,2025-09-06 00:00:00+00:00,222489.92384801543,0.009540153418688968
1345,2025-09-07 00:00:00+00:00,220910.22975333978,-0.007100070274439707
1346,2025-09-08 00:00:00+00:00,220801.11508959363,-0.0004939321455054158
1347,2025-09-09 00:00:00+00:00,224464.82679602315,0.016592813423713437
1348,2025-09-10 00:00:00+00:00,224878.43584583234,0.0018426452630151413
1349,2025-09-11 00:00:00+00:00,227160.1233245234,0.01014631514181863
1350,2025-09-12 00:00:00+00:00,226086.2936097322,-0.004727192867636787
1351,2025-09-13 00:00:00+00:00,224584.22906223487,-0.006643766517267058
1352,2025-09-14 00:00:00+00:00,224081.32804115044,-0.0022392535004988057
1353,2025-09-15 00:00:00+00:00,222375.13968700296,-0.0076141478143781915
1354,2025-09-16 00:00:00+00:00,224755.4821826861,0.010704175381445635
1355,2025-09-17 00:00:00+00:00,225692.54972927907,0.00416927559449376
1356,2025-09-18 00:00:00+00:00,226102.0465345259,0.0018144010767657814
1357,2025-09-19 00:00:00+00:00,226510.78279425384,0.0018077512609577795
1358,2025-09-20 00:00:00+00:00,225264.1773685214,-0.00550351471287247
1359,2025-09-21 00:00:00+00:00,224619.27188404286,-0.002862885222196243
1360,2025-09-22 00:00:00+00:00,222500.94950844598,-0.009430724077364339
1361,2025-09-23 00:00:00+00:00,224583.8962920743,0.009361518628257626
1362,2025-09-24 00:00:00+00:00,224043.22517998354,-0.00240743490970341
1363,2025-09-25 00:00:00+00:00,227129.97820128527,0.013777488780667202
1364,2025-09-26 00:00:00+00:00,225601.36145116895,-0.00673014087449797
1365,2025-09-27 00:00:00+00:00,225563.82417142743,-0.0001663876472201009
1366,2025-09-28 00:00:00+00:00,225149.76904686517,-0.0018356450821989112
1367,2025-09-29 00:00:00+00:00,225941.26061612787,0.0035154003160355884
1368,2025-09-30 00:00:00+00:00,225761.04927336067,-0.0007976026259027824
1369,2025-10-01 00:00:00+00:00,226511.61797984526,0.0033246156008770456
1370,2025-10-02 00:00:00+00:00,226795.79946635946,0.0012546000467821283
1371,2025-10-03 00:00:00+00:00,227929.58143064225,0.004999131231488985
1372,2025-10-04 00:00:00+00:00,226370.10506917405,-0.006841921753551472
1373,2025-10-05 00:00:00+00:00,226882.13356327542,0.0022619086294319857
1374,2025-10-06 00:00:00+00:00,227167.62043758956,0.0012583047850902584
1375,2025-10-07 00:00:00+00:00,228655.5595140572,0.006549961097455093
1376,2025-10-08 00:00:00+00:00,228814.61745241474,0.0006956224405632039
1377,2025-10-09 00:00:00+00:00,231170.71592753884,0.010296975347801274
1378,2025-10-10 00:00:00+00:00,232619.2712307633,0.00626617128995921
1379,2025-10-11 00:00:00+00:00,232619.2712307633,0.0
1380,2025-10-12 00:00:00+00:00,232619.2712307633,0.0
1381,2025-10-13 00:00:00+00:00,230869.1032725883,-0.007523744481336525
1382,2025-10-14 00:00:00+00:00,229699.9588097825,-0.005064101026222678
1383,2025-10-15 00:00:00+00:00,230577.84469870545,0.003821880915746867
1384,2025-10-16 00:00:00+00:00,232253.17999328565,0.007265812102499991
1385,2025-10-17 00:00:00+00:00,231990.48605541693,-0.0011310671306042908
1386,2025-10-18 00:00:00+00:00,231933.90127419503,-0.00024390992141110068
1387,2025-10-19 00:00:00+00:00,230894.43214717612,-0.00448174726207895
1388,2025-10-20 00:00:00+00:00,229447.7834648643,-0.006265411724565517
1389,2025-10-21 00:00:00+00:00,231382.03678442098,0.00843003706703005
1390,2025-10-22 00:00:00+00:00,232097.32996005125,0.0030913945852102387
1391,2025-10-23 00:00:00+00:00,230173.06068541083,-0.008290785917147936
1392,2025-10-24 00:00:00+00:00,231035.28741981697,0.003745993261933478
1393,2025-10-25 00:00:00+00:00,231715.5951171446,0.0029446051506905047
1394,2025-10-26 00:00:00+00:00,231904.0680934114,0.000813380627969762
1395,2025-10-27 00:00:00+00:00,230234.27854620412,-0.007200346078166553
1396,2025-10-28 00:00:00+00:00,228106.37369896244,-0.009242345929885709
1397,2025-10-29 00:00:00+00:00,226586.3618141901,-0.0066636098769354835
1398,2025-10-30 00:00:00+00:00,225491.4201473812,-0.004832337030534983
1399,2025-10-31 00:00:00+00:00,226686.91995160983,0.005301752960033879
1400,2025-11-01 00:00:00+00:00,227182.19410616325,0.002184837813576257
1401,2025-11-02 00:00:00+00:00,226691.5041348288,-0.002159896259762095
1402,2025-11-03 00:00:00+00:00,224011.0494244073,-0.011824239821653149
1403,2025-11-04 00:00:00+00:00,222327.1201497014,-0.007517170599542933
1404,2025-11-05 00:00:00+00:00,223636.9513381911,0.00589145933976809
1405,2025-11-06 00:00:00+00:00,224900.76439113813,0.005651181727280186
1406,2025-11-07 00:00:00+00:00,223401.02015191817,-0.006668471062248882
1407,2025-11-08 00:00:00+00:00,221882.44997722935,-0.006797507789607082
1408,2025-11-09 00:00:00+00:00,223728.3000936344,0.008319045136713
1409,2025-11-10 00:00:00+00:00,225252.8035586354,0.006814084156376188
1410,2025-11-11 00:00:00+00:00,224501.02796374186,-0.0033374749748580346
1411,2025-11-12 00:00:00+00:00,226019.40581797538,0.0067633447739881
1412,2025-11-13 00:00:00+00:00,224342.68642619575,-0.00741847535485507
1413,2025-11-14 00:00:00+00:00,226843.25747708895,0.011146211586959165
1414,2025-11-15 00:00:00+00:00,226230.23771419842,-0.002702393580961693
1415,2025-11-16 00:00:00+00:00,224741.50152479956,-0.0065806242544801385
1416,2025-11-17 00:00:00+00:00,225038.5968542977,0.001321942442684021
1417,2025-11-18 00:00:00+00:00,220165.46572530744,-0.02165464590123356
1418,2025-11-19 00:00:00+00:00,219625.2976155616,-0.002453464297710428
1419,2025-11-20 00:00:00+00:00,217652.48647217575,-0.008982622515731897
1420,2025-11-21 00:00:00+00:00,222327.90440557312,0.02148111427155719
1421,2025-11-22 00:00:00+00:00,223694.1796846187,0.006145316228741038
1422,2025-11-23 00:00:00+00:00,225906.84456262828,0.009891472729103512
1423,2025-11-24 00:00:00+00:00,224281.11788320786,-0.007196447201801015
1424,2025-11-25 00:00:00+00:00,224906.18642427973,0.002786986916113676
1425,2025-11-26 00:00:00+00:00,226442.00872951187,0.00682872414338509
1426,2025-11-27 00:00:00+00:00,225919.23843119055,-0.0023086277199818594
1427,2025-11-28 00:00:00+00:00,225624.4613855181,-0.0013047894801673232
1428,2025-11-29 00:00:00+00:00,226133.23671798548,0.0022549653053709484
1429,2025-11-30 00:00:00+00:00,226242.67572865752,0.00048395809594548034
1430,2025-12-01 00:00:00+00:00,226346.4514199664,0.00045869193764902505
1431,2025-12-02 00:00:00+00:00,224251.63214905118,-0.009254924288733313
1432,2025-12-03 00:00:00+00:00,225374.43788585265,0.005006901069309455
1433,2025-12-04 00:00:00+00:00,223868.40830835616,-0.006682344242869509
1434,2025-12-05 00:00:00+00:00,223841.30184847256,-0.0001210821128734274
1435,2025-12-06 00:00:00+00:00,225452.43250673817,0.007197646926465184
1436,2025-12-07 00:00:00+00:00,224531.95775969158,-0.004082789157837441
1437,2025-12-08 00:00:00+00:00,222183.0000784834,-0.010461573954306247
1438,2025-12-09 00:00:00+00:00,222223.2121931727,0.0001809864601480804
1439,2025-12-10 00:00:00+00:00,222664.60918349095,0.0019862776078249933
1440,2025-12-11 00:00:00+00:00,221968.59920570845,-0.0031258221965976274
1441,2025-12-12 00:00:00+00:00,220486.67252080204,-0.006676289755439879
1442,2025-12-13 00:00:00+00:00,220856.68432733836,0.0016781595109853775
1443,2025-12-14 00:00:00+00:00,221897.33127688232,0.0047118653108166875
1444,2025-12-15 00:00:00+00:00,221288.8758416755,-0.002742058373147338
1445,2025-12-16 00:00:00+00:00,222158.9424210838,0.003931813454693511
1446,2025-12-17 00:00:00+00:00,221292.93836566657,-0.0038981282768972836
1447,2025-12-18 00:00:00+00:00,222499.4178528228,0.005451956560686311
1448,2025-12-19 00:00:00+00:00,221762.04680878122,-0.003314035835048079
1449,2025-12-20 00:00:00+00:00,222589.8042910495,0.0037326381776321416
1450,2025-12-21 00:00:00+00:00,223763.5682329787,0.005273215211575533
1451,2025-12-22 00:00:00+00:00,224297.7795443953,0.002387391815545259
1452,2025-12-23 00:00:00+00:00,224501.6713734755,0.0009090229492878521
1453,2025-12-24 00:00:00+00:00,224740.1307349227,0.0010621718759968868
1454,2025-12-25 00:00:00+00:00,223910.87535572756,-0.003689841135552485
1455,2025-12-26 00:00:00+00:00,224753.00886943325,0.003761021041821966
1456,2025-12-27 00:00:00+00:00,225125.04364289105,0.0016553049737986214
1457,2025-12-28 00:00:00+00:00,225084.8008096347,-0.00017875769219255488
1458,2025-12-29 00:00:00+00:00,224002.91210643208,-0.0048065826715577575
1459,2025-12-30 00:00:00+00:00,225575.29960544998,0.0070194957924065715
1460,2025-12-31 00:00:00+00:00,227243.6701399375,0.007396069238988501
1461,2026-01-01 00:00:00+00:00,228389.400240934,0.005041857052788146
1462,2026-01-02 00:00:00+00:00,228055.470815465,-0.0014621056192481996
1463,2026-01-03 00:00:00+00:00,227729.4707321307,-0.0014294771450499288
1464,2026-01-04 00:00:00+00:00,228900.46750382113,0.005142051961591898
1465,2026-01-05 00:00:00+00:00,228184.25427980398,-0.003128928620493965
1466,2026-01-06 00:00:00+00:00,228107.35660561494,-0.0003369981615591877
1467,2026-01-07 00:00:00+00:00,229730.8303691858,0.007117147766425358
1468,2026-01-08 00:00:00+00:00,230346.2846474702,0.00267902343492743
1469,2026-01-09 00:00:00+00:00,230250.0631023678,-0.0004177256223153458
1470,2026-01-10 00:00:00+00:00,230706.42619530376,0.001982032433724301
1471,2026-01-11 00:00:00+00:00,229869.13244368855,-0.003629260638394194
1472,2026-01-12 00:00:00+00:00,229308.14799438347,-0.0024404514139909628
1473,2026-01-13 00:00:00+00:00,230457.1836078539,0.005010880003699425
1474,2026-01-14 00:00:00+00:00,231374.93344698247,0.003982300854158849
1475,2026-01-15 00:00:00+00:00,231438.36123444387,0.00027413422239153107
1476,2026-01-16 00:00:00+00:00,232112.14057543638,0.0029112690627375315
1477,2026-01-17 00:00:00+00:00,232852.5014363474,0.00318966883453653
1478,2026-01-18 00:00:00+00:00,232994.17057810837,0.0006084072143828223
1479,2026-01-19 00:00:00+00:00,234144.7179034537,0.004938094899501477
1480,2026-01-20 00:00:00+00:00,233002.48259868645,-0.004878330440229117
1481,2026-01-21 00:00:00+00:00,233144.72993466922,0.0006104970831051215
1482,2026-01-22 00:00:00+00:00,234526.4177168433,0.005926309303930122
1483,2026-01-23 00:00:00+00:00,235099.3619583003,0.0024429838098185552
1484,2026-01-24 00:00:00+00:00,236319.28149468722,0.005188952986624029
1485,2026-01-25 00:00:00+00:00,235179.49206569948,-0.004823091123918211
1486,2026-01-26 00:00:00+00:00,234697.14307369632,-0.002050982369961152
1487,2026-01-27 00:00:00+00:00,235317.03924991493,0.0026412600004421805
1488,2026-01-28 00:00:00+00:00,235825.67949694014,0.0021615104823964337
1489,2026-01-29 00:00:00+00:00,236138.91920031141,0.001328267998800925
1490,2026-01-30 00:00:00+00:00,237086.0165547164,0.004010763484529889
1491,2026-01-31 00:00:00+00:00,232804.44524071875,-0.01805914737704284
1492,2026-02-01 00:00:00+00:00,236362.14991424544,0.015281944766338373
1493,2026-02-02 00:00:00+00:00,239097.00109458395,0.011570596989961102
1494,2026-02-03 00:00:00+00:00,238952.19542328015,-0.0006056356651938932
1495,2026-02-04 00:00:00+00:00,240666.0336995739,0.00717230604748309
1496,2026-02-05 00:00:00+00:00,241348.85035542608,0.002837195782702695
1497,2026-02-06 00:00:00+00:00,244037.8865165719,0.011141698653984733
1498,2026-02-07 00:00:00+00:00,241696.73052688586,-0.00959341200296393
1499,2026-02-08 00:00:00+00:00,243348.41403565533,0.0068337023226126
1500,2026-02-09 00:00:00+00:00,243059.08852344172,-0.001188935269457736
1501,2026-02-10 00:00:00+00:00,243611.55901095955,0.0022729883950196594
1502,2026-02-11 00:00:00+00:00,243721.6681315689,0.00045198643716415354
1503,2026-02-12 00:00:00+00:00,244165.97887212015,0.0018230251908146755
1504,2026-02-13 00:00:00+00:00,244268.13093185812,0.00041837138904377014
1505,2026-02-14 00:00:00+00:00,243371.92100325075,-0.003668959700917296
1506,2026-02-15 00:00:00+00:00,244787.88120574204,0.0058180919008827825
1507,2026-02-16 00:00:00+00:00,245044.96968123765,0.001050250013314713
1508,2026-02-17 00:00:00+00:00,245670.25339190572,0.0025517100452274732
1509,2026-02-18 00:00:00+00:00,244069.40427502932,-0.006516251335983436
1510,2026-02-19 00:00:00+00:00,246182.04912281389,0.008655918401816232
1511,2026-02-20 00:00:00+00:00,247573.24566221843,0.005651088470347787
1512,2026-02-21 00:00:00+00:00,247344.36022022384,-0.0009245160614280712
1513,2026-02-22 00:00:00+00:00,247579.23850124388,0.0009496003095073036
1514,2026-02-23 00:00:00+00:00,246512.4594095582,-0.0043088390534826715
1515,2026-02-24 00:00:00+00:00,246856.52072706656,0.0013957157310930945
1516,2026-02-25 00:00:00+00:00,245017.2961157238,-0.00745058143866606
1517,2026-02-26 00:00:00+00:00,245844.81935710527,0.0033774074504138163
1518,2026-02-27 00:00:00+00:00,241353.14126213477,-0.018270379285259875
1519,2026-02-28 00:00:00+00:00,241750.6692069603,0.0016470800535128838
1520,2026-03-01 00:00:00+00:00,240463.26322553685,-0.0053253460916846684
1521,2026-03-02 00:00:00+00:00,242868.5020235423,0.010002520824769379
1522,2026-03-03 00:00:00+00:00,243372.10245837478,0.002073551862989964
1523,2026-03-04 00:00:00+00:00,244092.60000426957,0.0029604771402178542
1524,2026-03-05 00:00:00+00:00,245576.1382743537,0.006077768314394438
1525,2026-03-06 00:00:00+00:00,247112.50470644643,0.006256171478583594
1526,2026-03-07 00:00:00+00:00,247968.33892192133,0.003463338354696255
1527,2026-03-08 00:00:00+00:00,249640.53798024278,0.006743599064265915
1528,2026-03-09 00:00:00+00:00,250074.0008294871,0.0017363480016159283
1529,2026-03-10 00:00:00+00:00,251960.63906379396,0.007544319793536758
1530,2026-03-11 00:00:00+00:00,254070.37809921845,0.008373288158275871
1531,2026-03-12 00:00:00+00:00,254335.21432406543,0.001042373482608605
1532,2026-03-13 00:00:00+00:00,254851.12856058488,0.002028481340621946
1533,2026-03-14 00:00:00+00:00,252650.89673570066,-0.008633400359304932
1534,2026-03-15 00:00:00+00:00,252228.561787308,-0.0016716146819557576
1535,2026-03-16 00:00:00+00:00,252256.24500997874,0.0001097545118387
1536,2026-03-17 00:00:00+00:00,252755.8176040009,0.001980417150831748
1537,2026-03-18 00:00:00+00:00,251497.59944725808,-0.004977998800067662
1538,2026-03-19 00:00:00+00:00,251737.62184551705,0.0009543725219902655
1539,2026-03-20 00:00:00+00:00,252694.99528488083,0.0038030606325156757
1540,2026-03-21 00:00:00+00:00,251843.88280943062,-0.003368141401022595
1541,2026-03-22 00:00:00+00:00,252717.25093379637,0.0034678949300770423
1542,2026-03-23 00:00:00+00:00,251401.66697464182,-0.00520575447181959
1543,2026-03-24 00:00:00+00:00,250522.87213220113,-0.0034955808090537666
1544,2026-03-25 00:00:00+00:00,251207.93940546073,0.002734549813472098
1545,2026-03-26 00:00:00+00:00,250310.47745513386,-0.003572585932000827
1546,2026-03-27 00:00:00+00:00,251237.23411556362,0.00370242855933145
1547,2026-03-28 00:00:00+00:00,250889.00892295703,-0.0013860413399011673
1548,2026-03-29 00:00:00+00:00,251210.89160559844,0.0012829684489696902
1549,2026-03-30 00:00:00+00:00,251556.00732947746,0.0013738087615280392
1550,2026-03-31 00:00:00+00:00,251827.36607843277,0.0010787210046623308
1551,2026-04-01 00:00:00+00:00,251191.1609336316,-0.0025263542827312913
1552,2026-04-02 00:00:00+00:00,252036.33294886738,0.003364656670618693
1553,2026-04-03 00:00:00+00:00,251826.7732428404,-0.0008314662555795049
1554,2026-04-04 00:00:00+00:00,253136.3449036906,0.005200287658005953
1555,2026-04-05 00:00:00+00:00,253567.3081668481,0.001702494611437455
1556,2026-04-06 00:00:00+00:00,253264.83758106933,-0.0011928611301096348
1557,2026-04-07 00:00:00+00:00,250891.79760135646,-0.009369796464356206
1558,2026-04-08 00:00:00+00:00,250572.81851059376,-0.0012713811045729217
1559,2026-04-09 00:00:00+00:00,252360.50671367167,0.007134405933189258
1560,2026-04-10 00:00:00+00:00,253200.39593847486,0.0033281325819976004
1561,2026-04-11 00:00:00+00:00,254673.41549948454,0.005817603702988006
1562,2026-04-12 00:00:00+00:00,254111.68052887687,-0.0022057071387131533
1563,2026-04-13 00:00:00+00:00,255051.2926273796,0.0036976344280874596
1564,2026-04-14 00:00:00+00:00,255064.8342697644,5.309380025209087e-05
1565,2026-04-15 00:00:00+00:00,254218.19932243953,-0.003319293111293642
1566,2026-04-16 00:00:00+00:00,254558.61206073334,0.0013390573106140113
1567,2026-04-17 00:00:00+00:00,254962.3808990094,0.0015861527331855196
1568,2026-04-18 00:00:00+00:00,256133.63923810972,0.0045938476687046315
1569,2026-04-19 00:00:00+00:00,255251.81340768837,-0.0034428348929270713
1570,2026-04-20 00:00:00+00:00,255307.08031424895,0.00021651915346954098
1571,2026-04-21 00:00:00+00:00,255677.91610676958,0.0014525088456778246
1572,2026-04-22 00:00:00+00:00,256008.00538769702,0.001291035557367426
1573,2026-04-23 00:00:00+00:00,255979.69459637444,-0.00011058557047738393
1574,2026-04-24 00:00:00+00:00,256238.03373566293,0.0010092173119271575
1575,2026-04-25 00:00:00+00:00,256860.77103058738,0.0024303078112395404
1576,2026-04-26 00:00:00+00:00,257972.74111825452,0.0043290771230095615
1577,2026-04-27 00:00:00+00:00,258606.09784100836,0.0024551304141995356
1578,2026-04-28 00:00:00+00:00,260287.2152235864,0.0065006873256778785
1579,2026-04-29 00:00:00+00:00,261346.33558438325,0.00406904488139026
1580,2026-04-30 00:00:00+00:00,261575.7399185942,0.0008777790348504233
1581,2026-05-01 00:00:00+00:00,260853.4982760295,-0.0027611186067539872
1582,2026-05-02 00:00:00+00:00,262122.02637348662,0.004862990551557811
1583,2026-05-03 00:00:00+00:00,262408.2999350492,0.0010921385185489463
1584,2026-05-04 00:00:00+00:00,262772.3084328939,0.0013871836292327355
1585,2026-05-05 00:00:00+00:00,261551.4004252201,-0.004646258256644109
1586,2026-05-06 00:00:00+00:00,261199.23303102108,-0.0013464557774360841
1587,2026-05-07 00:00:00+00:00,259325.97596279217,-0.00717175562305894
1588,2026-05-08 00:00:00+00:00,257254.66920348222,-0.007987270660487766
1589,2026-05-09 00:00:00+00:00,258155.10860087664,0.0035001868000390512
1590,2026-05-10 00:00:00+00:00,256943.63024166148,-0.004692831243127471
1591,2026-05-11 00:00:00+00:00,257788.72716381965,0.0032890362814728125
1592,2026-05-12 00:00:00+00:00,258297.63265548943,0.0019741184855859295
1593,2026-05-13 00:00:00+00:00,258643.255186678,0.0013380785864558487
1594,2026-05-14 00:00:00+00:00,260406.53662633503,0.006817426723091602
1595,2026-05-15 00:00:00+00:00,261405.9796041839,0.0038380103310655667
1596,2026-05-16 00:00:00+00:00,262765.4765610474,0.005200711012510295
1597,2026-05-17 00:00:00+00:00,263287.0403678824,0.0019849023306295344
1598,2026-05-18 00:00:00+00:00,264730.3826570491,0.005482010383610181
1599,2026-05-19 00:00:00+00:00,265839.6633053817,0.004190227948900116
1600,2026-05-20 00:00:00+00:00,265053.63378542196,-0.002956780452497143
1601,2026-05-21 00:00:00+00:00,266117.6179439471,0.004014222115462429
1602,2026-05-22 00:00:00+00:00,266860.5448199798,0.0027917237564827335
1603,2026-05-23 00:00:00+00:00,266427.8761786149,-0.0016213286293662588
1604,2026-05-24 00:00:00+00:00,265580.0526528166,-0.0031821877573724455
1605,2026-05-25 00:00:00+00:00,266448.03786583926,0.003268262071464356
1606,2026-05-26 00:00:00+00:00,266723.1170305731,0.0010323932836477923
1607,2026-05-27 00:00:00+00:00,267408.68844046484,0.0025703486729018454
1608,2026-05-28 00:00:00+00:00,266987.2971802863,-0.0015758323435042243
1609,2026-05-29 00:00:00+00:00,267745.4608292408,0.002839699330124068
1610,2026-05-30 00:00:00+00:00,268796.1964559087,0.003924382596118159
1611,2026-05-31 00:00:00+00:00,268039.12489650655,-0.0028165263102089
1612,2026-06-01 00:00:00+00:00,268488.7051037609,0.0016772932213828806
1613,2026-06-02 00:00:00+00:00,269553.6593616567,0.003966476941680952
1614,2026-06-03 00:00:00+00:00,271870.5156628227,0.008595158035148431
1615,2026-06-04 00:00:00+00:00,272901.207598824,0.003791113330139817
1616,2026-06-05 00:00:00+00:00,272075.59594278154,-0.0030253133113875563
1617,2026-06-06 00:00:00+00:00,274167.6492911311,0.007689235563742125
1618,2026-06-07 00:00:00+00:00,275265.7286807189,0.004005138434191258
1619,2026-06-08 00:00:00+00:00,276701.29007747705,0.005215183901164933
1620,2026-06-09 00:00:00+00:00,275239.24099879304,-0.005283853495134161
1621,2026-06-10 00:00:00+00:00,274341.94113674015,-0.0032600724329741038
1622,2026-06-11 00:00:00+00:00,274807.1236488945,0.0016956303153168317
1623,2026-06-12 00:00:00+00:00,275291.17013772344,0.0017614044439671073
1624,2026-06-13 00:00:00+00:00,276489.31798368035,0.004352293047966249
1625,2026-06-14 00:00:00+00:00,275224.6858231811,-0.004573891569199295
1626,2026-06-15 00:00:00+00:00,272351.7452410659,-0.01043852797405287
1627,2026-06-16 00:00:00+00:00,271986.9964725522,-0.0013392562187948265
1628,2026-06-17 00:00:00+00:00,275116.5428395753,0.011506235252459751
1629,2026-06-18 00:00:00+00:00,274719.3269400535,-0.0014438095776503346
1630,2026-06-19 00:00:00+00:00,275404.18258763774,0.0024929285289552183
1631,2026-06-20 00:00:00+00:00,274412.9732896655,-0.0035991076412096312
1632,2026-06-21 00:00:00+00:00,274219.4489030227,-0.0007052304573024193
1633,2026-06-22 00:00:00+00:00,274094.40864087024,-0.00045598611860919736
1634,2026-06-23 00:00:00+00:00,272302.4246148863,-0.006537835028703087
1635,2026-06-24 00:00:00+00:00,274489.71074461617,0.008032562078076788
1636,2026-06-25 00:00:00+00:00,275103.14682389656,0.002234823584520873
1637,2026-06-26 00:00:00+00:00,270375.0777470569,-0.017186532147763
1638,2026-06-27 00:00:00+00:00,269866.5418232859,-0.0018808535461494191
1639,2026-06-28 00:00:00+00:00,270904.3422559914,0.0038456061492242455
1640,2026-06-29 00:00:00+00:00,270940.24482241116,0.0001325285749234073
1641,2026-06-30 00:00:00+00:00,270820.1737094636,-0.0004431645547018359
1642,2026-07-01 00:00:00+00:00,272072.05838221085,0.004622568014782669
1643,2026-07-02 00:00:00+00:00,270284.76867800974,-0.006569177720154862
1644,2026-07-03 00:00:00+00:00,272285.01059542457,0.007400498101310715
1645,2026-07-04 00:00:00+00:00,273393.4379563424,0.004070835036030784
1646,2026-07-05 00:00:00+00:00,271098.5196558267,-0.008394196721291491
1647,2026-07-06 00:00:00+00:00,273622.2504026996,0.009309275277773255
1648,2026-07-07 00:00:00+00:00,274728.0138769339,0.004041204516836316
1649,2026-07-08 00:00:00+00:00,273985.60557657195,-0.002702339269611276
1650,2026-07-09 00:00:00+00:00,272770.7604018331,-0.004433974449797651
1651,2026-07-10 00:00:00+00:00,274511.7480137376,0.006382603506841278
