,BTCUSDT,ETHUSDT,SOLUSDT
BTCUSDT,1.0,0.879985772824256,0.8125499314497997
ETHUSDT,0.879985772824256,1.0,0.8373455065995601
SOLUSDT,0.8125499314497997,0.8373455065995601,1.0
