,BTCUSDT,ETHUSDT,SOLUSDT
BTCUSDT,1.0,0.9007790009427412,0.8161400200162289
ETHUSDT,0.9007790009427412,1.0,0.8115538532672625
SOLUSDT,0.8161400200162289,0.8115538532672625,1.0
