,BTCUSDT,ETHUSDT,SOLUSDT
BTCUSDT,1.0,0.9052076880876828,0.8330185522181263
ETHUSDT,0.9052076880876828,1.0,0.8480705231192552
SOLUSDT,0.8330185522181263,0.8480705231192552,1.0
