{
  "n_trades": 203,
  "win_rate": 0.1921182266009852,
  "profit_factor": 0.5912753013070943,
  "total_pnl_usd": -1247.5934581552485,
  "annualized_return": -0.012475934581552495,
  "sharpe": -2.401599236172614,
  "max_drawdown": 0.015512990285417909,
  "final_equity": 98752.40654184476
}