{
  "iteration": 70,
  "axis": "microstructure",
  "timeframe": "1h",
  "instruments": [
    "BTCUSDT"
  ],
  "by_symbol": {
    "BTCUSDT": {
      "sharpe": -1.7926740219359139,
      "mdd": -0.007427414805333683,
      "n_trades": 672,
      "win_rate": 0.5059523809523809,
      "profit_factor": 0.7521681121372294,
      "total_return": -0.007034699043624748
    }
  },
  "agg_sharpe_mean": -1.7926740219359139,
  "agg_mdd_worst": -0.007427414805333683,
  "agg_n_trades_total": 672
}