date,equal,risk_parity,correlation_off
2022-01-02,100072.57547293979,99991.24913552082,99992.19167432339
2022-01-03,100205.30360666082,100043.94556094168,100043.14702124428
2022-01-04,100281.55869454674,100114.252069215,100110.43323026935
2022-01-05,100404.01260900062,100148.38710392486,100143.68986556579
2022-01-06,100101.00284230287,99978.07622351544,99979.88808407531
2022-01-07,99650.88440706213,99952.99681693569,99952.96808183074
2022-01-08,98640.87296480854,99709.04659187228,99714.32369083307
2022-01-09,98472.72551760067,99675.69747789891,99681.48077304506
2022-01-10,97708.37800305366,99403.15946097841,99413.61514829872
2022-01-11,97721.85499390085,99310.70776676,99324.26798981873
2022-01-12,97606.83854226721,99258.92601925608,99274.2835128946
2022-01-13,97529.14764364179,99247.87398820001,99263.24148469258
2022-01-14,97904.48256693252,99333.80686699056,99347.49168921413
2022-01-15,98022.229554173,99374.34921079809,99386.81997409977
2022-01-16,98110.54534784013,99406.40180732466,99417.8784086578
2022-01-17,98041.85877231571,99404.09469151705,99415.20669244326
2022-01-18,98368.23467454387,99472.87288438714,99482.80934412622
2022-01-19,98801.78687403772,99523.56386863238,99531.24367152949
2022-01-20,98552.31655723276,99485.94434541314,99493.78289282808
2022-01-21,97735.1511408583,99402.0391041977,99408.4051647582
2022-01-22,97805.63223856127,99493.35560491188,99495.61722644493
2022-01-23,96663.97381772389,99241.90994459337,99247.78601940033
2022-01-24,95935.36644812195,98943.483630863,98958.32306492496
2022-01-25,96258.03414794174,99017.80823252401,99031.2087389446
2022-01-26,96910.90481478111,99096.58382250286,99110.66065997462
2022-01-27,97095.32492168926,99161.1151591736,99175.30629976143
2022-01-28,97852.39656691288,99355.86204677845,99365.5991790225
2022-01-29,97646.58635746282,99303.88829165131,99314.79824483384
2022-01-30,97518.83700178756,99252.39753569216,99262.95883085592
2022-01-31,97503.0292146727,99268.11782514205,99277.77680718068
2022-02-01,97441.46700889287,99273.00016673323,99281.98047345328
2022-02-02,98133.36344216083,99407.80695370385,99412.14160673888
2022-02-03,98134.31742899836,99404.85148565103,99409.3417350891
2022-02-04,98476.95442432382,99431.70896743899,99437.24306565351
2022-02-05,98408.39495926151,99418.5303386187,99424.25022528591
2022-02-06,98890.45885504475,99865.73699857848,99871.31391339867
2022-02-07,98485.53267072761,99779.53454592529,99786.62977729298
2022-02-08,98805.83620274084,99846.13242533205,99852.1149770601
2022-02-09,98577.37028804589,99676.3091967312,99684.59349094244
2022-02-10,98404.20011536535,99611.29701006024,99621.64533097486
2022-02-11,97823.72852257328,99478.52883797437,99491.50101966951
2022-02-12,97725.19496421337,99457.99927584882,99471.31211171087
2022-02-13,97457.66722255072,99349.62593083734,99364.31838086346
2022-02-14,97462.31142015837,99309.0302789197,99322.28071306775
2022-02-15,97125.59513800613,99262.57836539099,99275.79562175053
2022-02-16,97401.03068254403,99344.14145122284,99355.24378732876
2022-02-17,97444.57131039692,99352.5959118575,99363.57952702617
2022-02-18,97139.5356490809,99267.24156877998,99280.37247162532
2022-02-19,97020.716585515,99266.24771256241,99278.58991819259
2022-02-20,96633.89314878247,99210.31198850872,99222.73471559609
2022-02-21,96529.70869719001,99232.45081889484,99244.46726014712
2022-02-22,96948.51060274772,99366.99364569869,99379.407291223
2022-02-23,96653.82358356765,99306.10458274337,99319.49539620725
2022-02-24,96933.03096845934,99411.93429832172,99432.09743617664
2022-02-25,97676.9737525634,99555.18011637882,99573.41735265269
2022-02-26,97661.24463155473,99520.22909046884,99540.11208821552
2022-02-27,97707.42972010685,99528.57023261453,99547.09060127295
2022-02-28,98158.2528968054,99638.80772826556,99654.96046579337
2022-03-01,98966.85184985283,99791.16262068975,99805.32517770343
2022-03-02,99025.78809339432,99718.03666829245,99731.0213723127
2022-03-03,99039.4159189888,99705.9593008283,99718.36492025437
2022-03-04,98851.92404956247,99668.15307707142,99681.15703529153
2022-03-05,98870.27636671024,99646.33403022021,99660.56343138065
2022-03-06,98610.00462183793,99631.86347502263,99646.4007847985
2022-03-07,98643.14005923679,99680.21453079737,99694.93181858069
2022-03-08,98790.36359934245,99650.78408277473,99664.52765240177
2022-03-09,99427.01861412842,99810.1057599852,99820.27147473102
2022-03-10,99748.6284759061,99856.22103068714,99866.29554996868
2022-03-11,99916.91779257759,99896.9344735892,99906.12335105627
2022-03-12,99713.58485525884,99874.85816252806,99883.7542817374
2022-03-13,99801.87079876286,99913.97222307375,99921.50990252387
2022-03-14,100042.0437674864,99972.35457163575,99978.61291957679
2022-03-15,99624.32667974783,99889.60496283074,99897.14838106117
2022-03-16,99775.74792209707,99957.14647490132,99962.33724966396
2022-03-17,99407.89833314855,99899.43970686867,99904.99253693069
2022-03-18,99157.84975505716,99811.11106309928,99819.37808581386
2022-03-19,99143.07709829904,99803.4856417831,99812.03390902173
2022-03-20,99398.86503241306,99834.68811156381,99842.44009725712
2022-03-21,99347.01104962145,99769.62753305759,99778.69447400948
2022-03-22,99352.30875297703,99771.92018861399,99780.90845555947
2022-03-23,99171.32076304183,99812.72850769587,99823.02823294062
2022-03-24,98742.26233849862,99745.48903898477,99756.1903585769
2022-03-25,98469.78917643405,99691.20203668703,99702.73439966563
2022-03-26,98304.32234302258,99654.52603096623,99666.44772823062
2022-03-27,98581.29797072202,99736.15509731964,99745.90891039724
2022-03-28,98568.99494863389,99744.33746267592,99753.59342575516
2022-03-29,98680.26149219264,99737.73347736668,99748.0995798261
2022-03-30,98117.17293353907,99560.34777111984,99571.1035239517
2022-03-31,98670.4290598731,99679.96538620205,99687.66951536221
2022-04-01,99063.33885717798,99748.34593397607,99755.34820118433
2022-04-02,98681.9636204675,99690.1956176847,99697.47421635075
2022-04-03,98935.1589284996,99776.33973622808,99780.20345534617
2022-04-04,99540.78887729454,99898.33182660418,99900.26639209743
2022-04-05,99752.04627488159,99940.23499790409,99941.52144473503
2022-04-06,99222.81580983894,99768.06687812731,99774.37166450765
2022-04-07,99733.99276895213,99888.63105018495,99892.41301381479
2022-04-08,98914.27487716381,99700.13935661635,99706.177176248
2022-04-09,98925.44776103851,99715.43438091835,99720.77953331136
2022-04-10,99085.56522754121,99767.16038197199,99771.01434310511
2022-04-11,99125.60613945956,99751.76113952923,99756.66957007628
2022-04-12,98802.61784111704,99886.45524730612,99893.5813259645
2022-04-13,98593.75496824253,99855.17678675754,99863.10785949945
2022-04-14,98973.67286732854,99912.03408647444,99918.77150603112
2022-04-15,98964.04901223628,99910.6906895245,99918.18780170826
2022-04-16,99065.74085441278,99891.42396479628,99898.39538341454
2022-04-17,98907.6642702187,99851.82264259117,99858.71019753633
2022-04-18,99370.7908229846,99971.56199283009,99975.64820625966
2022-04-19,99449.97047908265,99986.72704307495,99990.59924304397
2022-04-20,99822.53461752812,100106.79196147427,100106.82443647583
2022-04-21,100248.2464371795,100221.05429937714,100219.68994385444
2022-04-22,99996.3552313427,100154.28864237455,100154.55298787077
2022-04-23,100468.27662488283,100247.16949905803,100245.49723932434
2022-04-24,100626.61745120594,100259.9237367089,100256.81214672646
2022-04-25,100745.66223493128,100265.09298186914,100262.539699176
2022-04-26,100849.50857722321,100296.06086769287,100292.65888580745
2022-04-27,101103.25377507486,100254.92749930202,100249.48300162697
2022-04-28,101123.68822082711,100228.68794342483,100222.89408483627
2022-04-29,101373.19388429518,100284.52545186866,100277.2228721893
2022-04-30,101098.99651897662,100233.60435234873,100227.00001349156
2022-05-01,101245.69815751274,100228.30132225773,100220.90185605022
2022-05-02,101372.44865338164,100252.44534487945,100242.65985571971
2022-05-03,101540.65344162846,100288.40059193924,100277.94728221816
2022-05-04,101403.7794075474,100249.7522022473,100240.31821097284
2022-05-05,101041.70106412396,100122.3171031781,100116.84910264159
2022-05-06,101725.11016918303,100280.311492542,100271.54430523957
2022-05-07,101932.7778966391,100338.88365722934,100328.57154582886
2022-05-08,102113.52470070227,100345.25228632629,100335.84704035794
2022-05-09,102909.12691309761,100531.99942652584,100518.5589555582
2022-05-10,102304.90995912948,100364.46688797342,100351.77651061032
2022-05-11,102209.44684509817,100380.62708449936,100368.8919696534
2022-05-12,102486.07284210964,100391.51535879172,100373.4155567474
2022-05-13,102475.8667650363,100367.9538250304,100349.67208469611
2022-05-14,100886.43808464342,100037.80280676206,100022.90024219926
2022-05-15,101649.47694441564,100204.45817424239,100186.35231501234
2022-05-16,102359.01771828484,100377.56515570357,100356.80896526296
2022-05-17,102960.20501200622,100469.94602588903,100446.67092308623
2022-05-18,102640.14865359577,100400.4437032042,100378.53243122529
2022-05-19,102662.97713249113,100447.57152331473,100423.4280152525
2022-05-20,102430.14393414847,100416.5879664823,100392.44108002936
2022-05-21,102921.5056252483,100508.29264274516,100482.82615893782
2022-05-22,103261.7188286074,100614.28406298009,100585.74088898575
2022-05-23,102853.45810414459,100510.20845299892,100484.19532368195
2022-05-24,103292.79699942176,100578.50329338072,100551.99360777803
2022-05-25,103495.75112368779,100603.31702641741,100576.91425518473
2022-05-26,101783.61671164448,100090.6086652123,100077.3116903687
2022-05-27,102260.51518169139,100175.9541504132,100161.23201218956
2022-05-28,103501.40086687855,100379.09913402822,100360.86519234288
2022-05-29,102909.04013791644,100269.7297325454,100253.0632355987
2022-05-30,103689.17442167684,100434.37649874527,100414.62970691375
2022-05-31,103845.81074293588,100449.77858362909,100430.29981242894
2022-06-01,103830.51698259976,100367.18915624436,100346.9474867492
2022-06-02,104025.85136191409,100403.82124082923,100382.40197426165
2022-06-03,103923.1181509371,100401.94759651062,100379.93853504964
2022-06-04,103994.02710260452,100407.65857344278,100385.83334459465
2022-06-05,103703.54632429211,100372.57123234622,100350.58614235042
2022-06-06,103490.41451833927,100373.63440036548,100350.17110019655
2022-06-07,103022.87277863603,100325.53848800725,100301.3803087986
2022-06-08,103876.76639457488,100440.28783452926,100412.41136493067
2022-06-09,103812.72740839295,100461.09629833049,100432.13608348327
2022-06-10,103957.40244040418,100470.33294148781,100441.87103454984
2022-06-11,102827.27465842261,100077.0554852112,100060.9912375484
2022-06-12,103193.21767219502,100127.22519626815,100109.68711198209
2022-06-13,103054.84233532811,100099.01711344667,100081.97914175173
2022-06-14,102999.23686848143,100142.27720083382,100122.67767647165
2022-06-15,101828.36490569857,100975.07658982278,100969.9909476555
2022-06-16,102622.71424390379,101125.03453122283,101117.81915195947
2022-06-17,103617.54924609546,101440.83973103637,101431.80517526878
2022-06-18,102182.39392429784,101076.73119561646,101076.38681673503
2022-06-19,101865.18597160024,100996.58664284705,100998.11717508674
2022-06-20,100322.69169821602,100627.10537450443,100631.65171167643
2022-06-21,100707.3107636756,100709.33230613594,100711.60730337026
2022-06-22,101271.21694081143,100880.95945616142,100880.39619199547
2022-06-23,101696.7221761334,100977.61567484816,100973.64585922535
2022-06-24,101246.50345228064,100892.78168777081,100890.00595443993
2022-06-25,101286.20302268318,100927.82475624509,100923.55409861352
2022-06-26,102103.97284471474,101096.85789167453,101089.68368845843
2022-06-27,102079.68424541339,101117.76961861772,101109.37334777137
2022-06-28,101802.63421085352,101063.80923914422,101056.24322657108
2022-06-29,103050.1116905911,101505.01762651678,101489.76960766141
2022-06-30,103380.93788567474,101611.94806079447,101596.63815055555
2022-07-01,103373.60303190279,101643.30411479781,101625.03198648272
2022-07-02,103792.87688656282,101721.78780459076,101702.39102070151
2022-07-03,103541.66164049777,101681.19744161423,101662.1549414967
2022-07-04,103551.73891562122,101688.53407967504,101669.18862195073
2022-07-05,103694.44514879263,101727.64156606288,101707.28451507515
2022-07-06,104042.76506413933,101732.53502980959,101714.28979420653
2022-07-07,103910.28413587331,101728.43315458651,101709.50099087403
2022-07-08,103683.26244181226,101918.70542486354,101902.62518540223
2022-07-09,104084.20745284829,101877.56615699106,101859.28754192675
2022-07-10,103856.16372382912,101828.63467832394,101811.29072964558
2022-07-11,103529.14394867496,101752.32201192208,101736.62480801414
2022-07-12,103617.02846456824,101731.06335685967,101717.03779491574
2022-07-13,103709.81719529512,101655.7770596161,101640.89810332526
2022-07-14,103232.23501646925,101471.51278242117,101462.71933324913
2022-07-15,103539.44126378582,101563.93113890871,101552.55473367068
2022-07-16,103678.52952846917,101710.00472903287,101690.57720945687
2022-07-17,103972.291858248,101777.68189809266,101756.81906946306
2022-07-18,103139.34813968484,101578.76522737628,101565.18375936874
2022-07-19,102615.00258928892,101573.58780967596,101556.28842239703
2022-07-20,102270.57514344873,101696.64994222054,101681.2658136779
2022-07-21,101192.81466446606,101303.69068584005,101297.1672116738
2022-07-22,100949.27931177922,101270.06668886408,101263.55725228999
2022-07-23,101256.45987524121,101328.73236989196,101321.38894520828
2022-07-24,101556.28204331335,101372.13586362229,101359.40832499033
2022-07-25,101574.69766708622,101390.85886766222,101377.31183359495
2022-07-26,102280.59654629794,101620.55408681501,101608.34937317396
2022-07-27,102490.73721238151,101609.57015599961,101595.77125991868
2022-07-28,102592.06650046555,101650.4943331311,101635.32005797731
2022-07-29,103474.63540946337,101890.16557277812,101868.90919253639
2022-07-30,102713.96397705359,101746.99204544697,101727.78087477476
2022-07-31,103026.62850999857,101796.98202602183,101776.83878986961
2022-08-01,102776.84973354668,101677.17700880366,101660.25982681988
2022-08-02,102714.22374649315,101649.20329517631,101629.19616195477
2022-08-03,102299.92032932234,101563.2608898307,101544.32695208538
2022-08-04,103120.50504708813,101742.46829589173,101720.09059525325
2022-08-05,103371.07937801784,101646.41694532264,101628.03141655569
2022-08-06,103738.73655835495,101663.77139572756,101644.7473758741
2022-08-07,103977.89609050087,101701.12202924916,101681.23854463756
2022-08-08,103750.58181599839,101635.3645046632,101617.2741434915
2022-08-09,104055.48319487672,101699.42369696742,101679.78311808042
2022-08-10,103824.51240164459,101576.4624667131,101561.48662720279
2022-08-11,104599.96577630268,101732.95490239312,101715.3040638506
2022-08-12,104193.8860930435,101616.39605247206,101601.91529400513
2022-08-13,103887.04547130245,101530.8627237713,101517.6580862567
2022-08-14,103505.12701908036,101404.99777763481,101395.57854835967
2022-08-15,103800.59013418962,101473.27008270855,101462.40084310385
2022-08-16,103687.61375286289,101472.26636302711,101460.68516327813
2022-08-17,103170.61634330642,101388.4095362944,101377.21148997702
2022-08-18,103450.66972473347,101445.60992702418,101433.42179298942
2022-08-19,102924.27086930755,101300.08672935069,101291.68932677565
2022-08-20,102493.88834162478,101254.79063382163,101245.75585070843
2022-08-21,102494.74474676153,101254.95170186569,101245.91462505619
2022-08-22,102526.05671915543,101241.96660483388,101233.18415708962
2022-08-23,102923.07189570153,101316.94310973845,101307.08077263835
2022-08-24,103293.40750786071,101418.56516405358,101405.80997394645
2022-08-25,103295.04414097144,101403.47577851376,101390.96674884786
2022-08-26,103074.74492304634,101293.76971004589,101285.31259121365
2022-08-27,103421.8054600292,101355.15858024082,101345.95606548894
2022-08-28,103312.55079417017,101328.98687267162,101320.3670472621
2022-08-29,102885.75956403314,101466.5641317595,101462.2157675982
2022-08-30,102775.61125024513,101445.8837738726,101441.82896378465
2022-08-31,103011.22183161703,101394.3390125541,101388.94453833485
2022-09-01,103350.48682117634,101539.00997795447,101529.59744177044
2022-09-02,103345.14312169673,101529.54205718174,101520.5715666335
2022-09-03,103655.19389398753,101587.53133290113,101577.7350936215
2022-09-04,103695.34976797459,101584.53249542751,101573.27153857546
2022-09-05,103475.47848968052,101504.2427807487,101495.48624690759
2022-09-06,103188.3482008599,101356.50911876623,101353.26981930423
2022-09-07,103271.53072778856,101438.91106537571,101436.83632363116
2022-09-08,103432.32808240046,101472.1010874289,101468.55996538604
2022-09-09,103117.67592297134,101410.0993853774,101407.5552226416
2022-09-10,103651.16647528883,101496.08834067316,101492.82907839699
2022-09-11,103387.05418708039,101431.81080026568,101430.00894383101
2022-09-12,103106.02639563859,101323.57833421716,101325.33233001633
2022-09-13,102680.86616585082,101245.39671352514,101245.6982143817
2022-09-14,102629.51624984236,101234.97536729061,101235.45270321437
2022-09-15,102275.3384420811,101069.16882393598,101075.59419273271
2022-09-16,102659.58040126208,101158.34618509075,101161.51103069929
2022-09-17,102876.10680754264,101205.1690494059,101207.44759529758
2022-09-18,102295.45442214052,100981.29599912491,100990.91453403758
2022-09-19,102114.25717539925,100888.91841140176,100898.43604467661
2022-09-20,102768.8475310678,101038.36288519674,101044.82442675393
2022-09-21,102669.73876455576,100971.532951576,100983.08672293967
2022-09-22,103060.0068388453,101074.50253975048,101083.52579351135
2022-09-23,102750.80508580574,101027.58200534867,101036.87298026441
2022-09-24,102998.77832849194,101096.60640635513,101104.106532314
2022-09-25,103326.03078730725,101141.9782693386,101149.41203573569
2022-09-26,103622.21235011895,101197.90558316164,101204.52528327817
2022-09-27,103748.71244848198,101227.28923719688,101233.2822154017
2022-09-28,104155.08627843742,101302.77292924594,101307.70202431906
2022-09-29,104331.62085411567,101346.33019136352,101350.25058574685
2022-09-30,104986.4850540262,101478.27098518156,101479.93593562927
2022-10-01,104958.24171533971,101491.86528045204,101492.65633823197
2022-10-02,105009.2592027547,101484.48476541175,101485.98867938423
2022-10-03,105077.60513522633,101479.49081444187,101480.77154561284
2022-10-04,104854.16656644944,101426.19202199801,101428.66964896714
2022-10-05,105044.79981413964,101433.76244202242,101434.34722707183
2022-10-06,105350.39836028115,101476.39380043936,101476.25257368047
2022-10-07,105339.30956225988,101475.56047750734,101475.38750936893
2022-10-08,105803.35444759956,101582.73635437165,101580.24563510608
2022-10-09,105966.03340328138,101609.88465318971,101607.05510495102
2022-10-10,106036.39484132068,101617.96587124436,101614.68658638204
2022-10-11,105852.12073641528,101589.08435193346,101588.0747292712
2022-10-12,106155.3346156581,101630.58644214005,101628.96540053432
2022-10-13,105934.03001957927,101619.39281622386,101616.87319955498
2022-10-14,105908.81222809889,101617.36214394534,101614.77791648677
2022-10-15,106431.16314489025,101714.64085151367,101710.60978441102
2022-10-16,106475.99448901038,101659.84682477175,101656.14951798144
2022-10-17,106681.55315682688,101690.95592185571,101685.91356485881
2022-10-18,106924.26672409759,101755.7775591432,101749.06096497829
2022-10-19,106857.28534972083,101721.1831354053,101715.77309984063
2022-10-20,106783.9245390099,101729.50794915755,101722.76964529982
2022-10-21,106460.67969867692,101620.95873337473,101615.44382691938
2022-10-22,106520.01062483274,101632.28438661995,101626.58885528428
2022-10-23,106234.41429891191,101576.48822759165,101571.72764746491
2022-10-24,106002.09478988148,101536.83222005948,101532.58926297489
2022-10-25,104918.58772281502,101219.48356286166,101224.08952853396
2022-10-26,105151.15588766224,101264.84363377764,101268.71369039745
2022-10-27,105651.14757930873,101444.4645122792,101441.47026134185
2022-10-28,105571.69872851153,101432.2033597318,101429.30094334994
2022-10-29,105554.17948338899,101408.72766603249,101406.89352076054
2022-10-30,105235.14749199,101366.231234415,101366.92180498072
2022-10-31,105490.41216703436,101402.85967488978,101399.29233194458
2022-11-01,105820.88154165492,101463.33538031236,101458.91005287255
2022-11-02,105461.07171706622,101399.43839223775,101394.83526440007
2022-11-03,105387.8155939124,101378.4779585781,101373.99123174869
2022-11-04,105184.46138558278,101312.97127909593,101310.43986109854
2022-11-05,105282.87820337119,101331.01787501597,101328.2306066482
2022-11-06,104725.27357675518,101214.60122841511,101213.47959049372
2022-11-07,103950.63070290667,101121.86144364226,101120.24709055816
2022-11-08,103796.29212573511,101055.99169654358,101056.66326031399
2022-11-09,103935.55715987306,101117.39681429502,101115.9085318641
2022-11-10,103768.8347260822,101352.86826535981,101359.56834096776
2022-11-11,103698.68268057691,101283.01577025325,101290.09822437142
2022-11-12,103698.68268057691,101283.01577025325,101290.09822437142
2022-11-13,103586.40374528083,101249.9789823254,101257.96786100818
2022-11-14,103176.70566003842,101097.99915981539,101104.76724832016
2022-11-15,101897.37582150016,100828.57733894413,100838.72309783366
2022-11-16,102322.25043109617,100981.38018235363,100985.87707124389
2022-11-17,101922.80994171626,100874.40522444138,100881.5696893169
2022-11-18,101986.07763041134,100896.28462733133,100902.77967450976
2022-11-19,101956.15869817913,100882.87975676302,100889.84555644487
2022-11-20,102038.10348246997,100919.60017106659,100925.27658815445
2022-11-21,102117.42839513687,100955.1309718592,100959.55933901313
2022-11-22,102240.16840807948,101099.48702749872,101103.61126789852
2022-11-23,102777.14553015446,101231.80784732338,101232.25060149794
2022-11-24,102811.50173899675,101232.98567029911,101232.63247689653
2022-11-25,102787.49461860204,101222.2802761118,101222.30373588477
2022-11-26,103229.1402864303,101296.2812582807,101295.57658096091
2022-11-27,103159.73980748096,101265.43972866873,101265.82026731683
2022-11-28,102925.88918864931,101238.11839224088,101238.2912433139
2022-11-29,102979.51177104472,101253.77254822526,101252.95566968029
2022-11-30,103003.3296677299,101264.37841193144,101263.18833518817
2022-12-01,103120.66456454061,101303.22077384642,101300.86810916514
2022-12-02,103096.38794390444,101270.006811566,101267.62803785756
2022-12-03,103225.08733611209,101291.95448602895,101289.34147877563
2022-12-04,103638.12581132907,101411.1259822234,101405.29933287534
2022-12-05,104025.5671696555,101517.68775074382,101509.09953556719
2022-12-06,104184.03086207184,101559.7724047257,101550.12641131392
2022-12-07,104329.98180978373,101595.0093909819,101584.56572404038
2022-12-08,104314.2609213153,101542.54610665348,101534.37613657865
2022-12-09,104231.97110200688,101523.22753764036,101515.48010163195
2022-12-10,104558.39870333868,101594.49441715902,101585.01363114854
2022-12-11,104819.15171726457,101660.64080028907,101649.56803136026
2022-12-12,104963.50579980062,101697.55911483815,101685.58755062817
2022-12-13,104864.34857794842,101705.83580395507,101692.7824914717
2022-12-14,104749.91358924148,101643.02681480137,101631.92773981606
2022-12-15,104849.79386625518,101623.8456240782,101614.38512243748
2022-12-16,104072.99878888081,101350.53596480838,101346.03238781288
2022-12-17,104001.66462682323,101337.3108924801,101332.9950636862
2022-12-18,104213.04918253407,101367.87577263311,101363.29555842516
2022-12-19,104580.55341646013,101430.98728641267,101425.572562828
2022-12-20,104478.60916562281,101360.46519703377,101357.92765570917
2022-12-21,104787.60873435986,101420.97858825681,101417.45823642059
2022-12-22,105038.2092903461,101459.69651651678,101455.89741673811
2022-12-23,105091.60672037797,101469.51578456892,101465.57735437022
2022-12-24,105339.77519705455,101518.8658539399,101514.09168358483
2022-12-25,105259.14962046023,101483.67664908644,101480.14203610667
2022-12-26,105468.97891330533,101520.0918093759,101516.11670379524
2022-12-27,105294.71268926728,101493.72142722162,101489.2474518303
2022-12-28,104900.36897132313,101426.65855194788,101422.944315813
2022-12-29,103103.22238269456,101094.67591259691,101095.30079890425
2022-12-30,103103.06561099667,101090.91578616192,101091.0653070028
2022-12-31,103137.52182634317,101105.0523972941,101104.64256638657
2023-01-01,103137.52182634317,101105.0523972941,101104.64256638657
2023-01-02,103086.97166726175,101082.61042906923,101082.99019724812
2023-01-03,103122.19746787974,101086.35975698626,101085.97332768174
2023-01-04,102926.49618587308,100999.48045581464,101002.1507718931
2023-01-05,102991.57938220502,101011.11345571198,101012.45268189076
2023-01-06,103005.92045834451,101017.48333836469,101018.59855273768
2023-01-07,103005.92045834451,101017.48333836469,101018.59855273768
2023-01-08,102798.79708935153,100991.53880233342,100992.52117494009
2023-01-09,102017.62392679883,100852.31304520868,100857.29408075908
2023-01-10,102696.11413329557,100982.42829062727,100985.08255249585
2023-01-11,103105.07738807297,101063.53318359338,101066.40662089737
2023-01-12,103287.34195352466,101118.27249087313,101119.62079644621
2023-01-13,102600.79661474685,100964.00873202311,100968.49259201603
2023-01-14,102106.93667525506,100917.40579305308,100920.88136310726
2023-01-15,102721.66987955624,101687.41199529494,101695.4918217244
2023-01-16,103277.67767300262,101795.8046727813,101802.10874572193
2023-01-17,103735.2812526658,101881.67148494885,101886.76556357679
2023-01-18,103810.85768588913,101921.1286993017,101922.59694000454
2023-01-19,104146.22471234304,101993.04077975865,101992.6941253992
2023-01-20,103556.16413364295,101901.81012210819,101901.62526438945
2023-01-21,103996.89694601762,101963.5320510967,101963.2296760008
2023-01-22,104749.33622155347,102063.69667741869,102061.74631702102
2023-01-23,104785.64580898317,101969.84700426976,101969.9364851871
2023-01-24,103707.46203393025,101638.6429732065,101648.18857184301
2023-01-25,103684.99280127596,101623.8739417678,101634.01092670254
2023-01-26,104554.89600921432,101809.33371704842,101816.89669999445
2023-01-27,104813.05909874878,101791.84350420059,101800.19952939884
2023-01-28,105054.55958442764,101804.43817730884,101813.34636456835
2023-01-29,104838.79691850283,101769.0852414171,101778.32918050508
2023-01-30,105052.3661809889,101847.72346601405,101854.44038827281
2023-01-31,105083.82864877341,101858.97221534752,101865.33324384638
2023-02-01,104676.40525846813,101790.09994606896,101796.00463898899
2023-02-02,104875.0098561676,101756.04236167861,101761.34253111815
2023-02-03,105007.93625193667,101761.52872334521,101766.56550970196
2023-02-04,105246.64831005821,101786.94255592309,101791.81574694329
2023-02-05,104938.08055620697,101713.65071716397,101720.15556037077
2023-02-06,104965.35765036476,101718.68406263395,101725.11798837107
2023-02-07,105028.40632000516,101720.36262998782,101726.1310785428
2023-02-08,105077.77059526557,101741.53830897907,101746.57021586872
2023-02-09,104673.36261372993,101658.62005926862,101665.12519813166
2023-02-10,104186.2224577885,101596.53511113847,101602.89974683478
2023-02-11,104152.8146602317,101564.92781712925,101571.85828079205
2023-02-12,103705.82762818746,101461.42734464956,101470.56007856337
2023-02-13,103474.73719256959,101418.53772433542,101427.34491466856
2023-02-14,103524.13923733665,101419.03667221444,101428.15317922032
2023-02-15,104027.13574110503,101533.91305553258,101540.64969083507
2023-02-16,104266.5831605303,101574.60928364348,101580.91035386793
2023-02-17,104539.27198123875,101618.52957191726,101624.45310612145
2023-02-18,104745.27100239779,101673.89444974446,101678.41203117948
2023-02-19,104416.92615111642,101699.68491760317,101704.75738334034
2023-02-20,104716.00062718069,101790.09810779642,101792.62718157996
2023-02-21,105615.03873282179,101977.59154323259,101976.70548308086
2023-02-22,105311.18933015247,101941.34292150155,101940.25897675092
2023-02-23,105537.49696018916,101941.13188609952,101941.5715190561
2023-02-24,105949.27315090981,102047.7379148031,102045.54881636711
2023-02-25,105608.97908927442,101987.87252163235,101986.4400558642
2023-02-26,105354.53504281494,101911.9952084492,101910.75533202612
2023-02-27,105519.85591415413,101947.01765974014,101945.11563962614
2023-02-28,105704.90216527703,101976.16310378662,101974.0254627802
2023-03-01,105839.0153885326,101994.24380559837,101992.08753710902
2023-03-02,105672.93250183071,101974.28144623901,101972.02694345075
2023-03-03,105636.19278525587,101995.41426578394,101991.84873932844
2023-03-04,105623.55649227706,102004.77175645786,102000.64976079708
2023-03-05,105850.80017951349,102049.63614407837,102044.33515985348
2023-03-06,106040.59549174739,102104.7525486014,102097.93298175062
2023-03-07,106416.14111256263,102171.63181385971,102163.93250199493
2023-03-08,106178.96899269149,102142.62957064444,102134.8223732601
2023-03-09,106488.32127612468,102283.39685639123,102270.53566737563
2023-03-10,106324.79715834267,102279.43154785006,102265.68617778442
2023-03-11,106300.92810727897,102512.57073714644,102502.70943729731
2023-03-12,107117.30477627183,102713.9429373092,102699.34477215093
2023-03-13,107240.89943202624,102703.11491105577,102689.88264871422
2023-03-14,107280.49439920754,102748.75098575553,102733.4735639259
2023-03-15,106714.48243406485,102590.20082845993,102574.81739736469
2023-03-16,107397.63423011248,102723.5827022135,102705.9888962554
2023-03-17,107020.76430933859,102664.58570683343,102647.48761910912
2023-03-18,106696.64953787012,102615.25202247262,102598.50265379538
2023-03-19,107010.08619951401,102626.23898004953,102610.46527023934
2023-03-20,106788.50315780581,102643.99257224143,102628.45920929957
2023-03-21,106406.61851968724,102594.05443605181,102578.51194127518
2023-03-22,107476.54518555172,102894.3839848487,102870.77611915869
2023-03-23,107760.04796326839,102924.82598232216,102901.55035970881
2023-03-24,107239.26813357898,102847.95874343456,102824.96471927658
2023-03-25,107262.4121847894,102834.32346395806,102810.74195600774
2023-03-26,107320.9089328313,102848.11190898933,102823.63314591856
2023-03-27,107256.71982747296,102858.14319238014,102833.09475817543
2023-03-28,107463.14282130731,102857.8635258296,102834.1960938697
2023-03-29,107494.90987411994,102867.97269756711,102844.00319534956
2023-03-30,107352.10468599717,102857.30193219316,102832.92932578729
2023-03-31,107781.1564807554,102921.23596569695,102895.61314796038
2023-04-01,107943.11229380227,102968.68262618779,102942.80856774069
2023-04-02,107891.85574625853,102973.4608984072,102947.00713351817
2023-04-03,107942.03632864926,102981.8547736286,102954.65259413801
2023-04-04,107824.6920819639,102934.71749043801,102909.13129191808
2023-04-05,108017.57088237067,102972.3934455163,102946.1697174664
2023-04-06,108437.59487870819,103053.2897520626,103025.73150194918
2023-04-07,108963.00771573637,103141.04561949709,103112.48714593056
2023-04-08,108794.37281522546,103088.08746601304,103061.11147754909
2023-04-09,108793.64059020826,103085.12320108671,103058.29264664455
2023-04-10,108592.8925566373,103017.11837509362,102992.42076480904
2023-04-11,108258.06821388428,102916.9003218936,102895.08636657817
2023-04-12,108473.69201652288,102928.89782027747,102905.43827498668
2023-04-13,108053.42462645393,102840.67081701038,102818.92613255559
2023-04-14,108141.07756779241,102848.18770963709,102826.63847576082
2023-04-15,108239.5605681233,102851.45216472245,102829.60147166753
2023-04-16,107854.13190921041,102746.32210684018,102727.26547042088
2023-04-17,108065.31785224451,102785.42350193213,102765.77728958764
2023-04-18,107534.47578923205,102642.28106086128,102626.39310961131
2023-04-19,107616.87093381151,102621.62477760193,102607.3246375365
2023-04-20,107893.39318957707,102640.00708265047,102626.59835354415
2023-04-21,108045.63162409769,102694.05886960705,102678.9176912139
2023-04-22,108252.83258966141,102729.57177234766,102713.99463082849
2023-04-23,107633.04862985316,102589.118192368,102575.12306141117
2023-04-24,107848.05916027786,102639.95408087097,102624.8038689126
2023-04-25,107800.21409537,102628.81431658304,102613.91301284579
2023-04-26,107933.74589343165,102690.63407889396,102673.48452998193
2023-04-27,107928.69417597308,102647.42147234005,102629.03218585315
2023-04-28,107599.1856354456,102632.20942417961,102615.1038633361
2023-04-29,107513.64861292296,102626.008356723,102608.65311171165
2023-04-30,107129.244641784,102499.27103290288,102484.35362492982
2023-05-01,107231.07641675747,102524.57687783567,102509.05259218554
2023-05-02,107560.03965340217,102584.4548655428,102568.07421364803
2023-05-03,107557.49694287968,102557.39593655062,102540.62679850224
2023-05-04,107665.362849138,102564.23403590001,102546.82164494204
2023-05-05,107468.02672665285,102482.6375712601,102468.0551646786
2023-05-06,107566.56381570795,102516.55582636823,102501.99878660495
2023-05-07,107283.2791249686,102486.82143120116,102471.90355716251
2023-05-08,107087.87660008958,102491.288220454,102474.85547073021
2023-05-09,107108.35762152029,102480.67849285234,102464.22605268801
2023-05-10,107313.65762012007,102459.4422318919,102441.8376361863
2023-05-11,107533.95061170841,102529.77691818113,102510.06622018664
2023-05-12,107715.42795667535,102693.49319827333,102673.10826746587
2023-05-13,107573.44552321309,102673.27422080023,102652.97806526102
2023-05-14,107558.07858381317,102665.4178303834,102645.21270231479
2023-05-15,107668.09917913751,102625.59270636637,102604.86590798385
2023-05-16,107797.53423803444,102638.10987508905,102617.60132225433
2023-05-17,107709.7898733372,102610.08243455605,102591.35943151708
2023-05-18,107880.3054560461,102640.78432387511,102621.629384061
2023-05-19,108126.9166493787,102693.47355786662,102673.27232477171
2023-05-20,108114.4098184877,102679.81096164697,102660.21926570039
2023-05-21,108418.83585333337,102732.72395363491,102712.45067687127
2023-05-22,108437.84469939029,102732.61639779036,102712.09120490125
2023-05-23,108494.68335868462,102709.64037783492,102689.53250036605
2023-05-24,108472.67439524613,102716.38894889665,102695.5047354597
2023-05-25,108316.44923902264,102684.62133616931,102664.10661717318
2023-05-26,108351.65436183345,102691.27525617636,102670.00821370813
2023-05-27,108031.90669003285,102632.03994388417,102611.67929229194
2023-05-28,107975.87319227053,102597.77517379822,102578.78137893828
2023-05-29,108250.59612903197,102647.47085517125,102627.76466846337
2023-05-30,108035.02536488006,102585.09221412895,102566.12679957457
2023-05-31,108207.34402864991,102604.74753282049,102585.91729996398
2023-06-01,108357.82219834866,102650.05744817619,102629.91960561252
2023-06-02,108549.307829759,102710.56047005518,102688.67666122434
2023-06-03,108562.7974702504,102713.42732735493,102691.48649715069
2023-06-04,108620.85641923056,102724.67059098309,102702.53977250625
2023-06-05,108847.53450645754,102801.37891438085,102776.84422216304
2023-06-06,108673.74267708608,102764.74832762421,102740.93589115498
2023-06-07,108544.19081978344,102686.34568750749,102662.33945391481
2023-06-08,108934.68607196667,102725.07258095378,102699.49658764862
2023-06-09,108305.05184588759,102605.26295880832,102581.65770997545
2023-06-10,107483.25845603315,102421.95152014164,102402.2550441046
2023-06-11,107896.85529811944,102452.43827190885,102431.24201077742
2023-06-12,108252.81626447105,102510.682487764,102488.871389524
2023-06-13,109062.1124914402,102671.90708007064,102647.22453625643
2023-06-14,108716.75407945314,102525.32837450097,102504.80574358327
2023-06-15,108975.89671210988,102565.59592112222,102544.72241213506
2023-06-16,109033.92077192015,102618.32899560388,102595.16305127455
2023-06-17,109030.6438221194,102605.99326337664,102583.43075940358
2023-06-18,108856.82069930469,102573.84982617435,102551.78553036206
2023-06-19,109169.67395391662,102633.45091819938,102609.40560793501
2023-06-20,109472.75479539447,102697.35009250221,102672.03553065738
2023-06-21,109279.81876125532,102686.29912630937,102660.29474303589
2023-06-22,109127.61173141486,102686.8153609938,102660.28490230719
2023-06-23,108821.67019783042,102639.2991530341,102612.51902027715
2023-06-24,108954.95221253474,102674.88410786833,102647.16858053728
2023-06-25,108890.31435507804,102651.86995754635,102624.90036551455
2023-06-26,108809.86531713368,102640.49023451394,102613.57372025182
2023-06-27,109115.0297923038,102700.35809671738,102672.39509433655
2023-06-28,108932.46413700393,102627.76748192137,102601.08411963735
2023-06-29,107955.12748422001,102465.15223160431,102440.6946260169
2023-06-30,108082.1564211151,102464.9266338014,102441.31295042574
2023-07-01,107354.44894402653,102333.58857881674,102311.86350668254
2023-07-02,107806.82108630586,102453.25170544164,102428.44539069962
2023-07-03,107788.68646560318,102440.3244481175,102416.05403156209
2023-07-04,107334.57307830417,102349.54700023729,102326.48613201152
2023-07-05,107351.6820076847,102345.25599079978,102322.52508362109
2023-07-06,106720.85688033486,102226.85612164668,102205.96848838241
2023-07-07,107074.72478299102,102281.53792865899,102259.9356447775
2023-07-08,107558.06853742606,102372.64313657912,102349.6161843431
2023-07-09,108301.17094900605,102519.62734046364,102494.04018862685
2023-07-10,108791.9813490402,102624.59830252756,102596.63354047843
2023-07-11,109040.09752739736,102660.88735383922,102632.95968935045
2023-07-12,109133.41588738607,102682.22477098032,102653.82216845271
2023-07-13,108274.30871586014,102540.97718833525,102514.15377971772
2023-07-14,107798.22030443407,102486.09581455686,102458.94059141645
2023-07-15,106151.09534921609,102187.97491977001,102165.11674918889
2023-07-16,107405.27900437445,102413.59928417018,102387.41655428261
2023-07-17,107159.90506715771,102364.6712621548,102338.59932323807
2023-07-18,107074.36021122684,102349.31097613544,102323.08975928402
2023-07-19,107221.73236269441,102378.03615678869,102351.90046198337
2023-07-20,107159.46230798587,102381.35724266297,102354.6427334084
2023-07-21,107238.94291912288,102398.12160650307,102370.6707056516
2023-07-22,107631.574735353,102461.32124156233,102433.25565054471
2023-07-23,107658.11008240329,102466.27606274888,102438.1337227934
2023-07-24,107909.29631220238,102486.69704206714,102459.17021488133
2023-07-25,108194.0370785226,102526.78405845143,102498.43141061199
2023-07-26,107968.65582937223,102487.31420664636,102458.41543599377
2023-07-27,108468.63158914557,102585.92424317761,102555.30294900204
2023-07-28,108311.92614156191,102568.93274709782,102538.28429215094
2023-07-29,108572.3289467853,102612.34345536983,102581.19604878595
2023-07-30,108377.34780489677,102575.7797783565,102545.21451520515
2023-07-31,108362.23154876087,102581.37796176199,102550.43001772695
2023-08-01,108863.34489169893,102692.25446749448,102658.95850703245
2023-08-02,108990.59886436073,102725.97801230663,102691.79976312524
2023-08-03,108702.74211010129,102686.01226799612,102651.98896950012
2023-08-04,108585.19750050348,102664.87319114189,102631.15597001284
2023-08-05,108813.22950178951,102705.91812488994,102671.60672296735
2023-08-06,108829.27411476162,102709.19815769474,102674.59176265581
2023-08-07,108865.691952826,102720.72651564295,102685.77234743454
2023-08-08,108877.94003089586,102741.09259575348,102705.18457256313
2023-08-09,109008.54774886642,102759.8698162518,102723.85951008256
2023-08-10,109160.1527556623,102788.85408630682,102752.35913159237
2023-08-11,109347.00471888848,102830.62431706891,102793.22352149847
2023-08-12,109704.45326982188,102896.08987638832,102857.68574847245
2023-08-13,109880.06570247258,102932.10805267692,102893.01190999824
2023-08-14,109877.27866184211,102904.91100760766,102865.54270400068
2023-08-15,109606.41065604078,102872.50395509755,102833.03037861531
2023-08-16,109403.8130460804,102843.9298290482,102804.59491318482
2023-08-17,109229.03688180579,102871.56292918569,102829.69018208748
2023-08-18,109205.02604002465,102867.25788978519,102825.44779760788
2023-08-19,109056.64583528732,102858.77949350377,102816.43533724846
2023-08-20,109279.13820511685,102862.55880812021,102820.33808499445
2023-08-21,109480.554801597,102906.83354119687,102863.67162478575
2023-08-22,109504.78763038895,102945.7955040934,102900.81046271173
2023-08-23,109503.48608586691,102952.80217989472,102907.09231994442
2023-08-24,109803.70926594034,103005.3579125938,102958.92405505154
2023-08-25,110169.624018264,103094.63388855975,103046.59372958116
2023-08-26,110565.23224892543,103159.09632658253,103110.23255131082
2023-08-27,110533.40969540666,103152.82971405674,103104.06229628493
2023-08-28,110478.72353768897,103129.35243408446,103080.95585870439
2023-08-29,110425.62930092083,103111.29089511628,103063.47107798632
2023-08-30,110400.9443590632,103091.54022422155,103043.64051678986
2023-08-31,110497.12518312095,103071.19036865888,103024.62571203268
2023-09-01,110574.79194986887,103112.04960458737,103063.90700773169
2023-09-02,110609.55473673591,103126.1535966673,103077.60620998434
2023-09-03,110641.78831412086,103140.11594158979,103091.02970328352
2023-09-04,110439.92925924453,103104.43401476323,103055.34456884506
2023-09-05,110630.29417075681,103129.0750620238,103079.76940820788
2023-09-06,110706.18625499365,103154.61473130288,103104.49788223952
2023-09-07,110920.67463829991,103173.87172639776,103123.77710923705
2023-09-08,111057.39400190723,103188.47518267758,103138.51524061119
2023-09-09,111258.34190999065,103225.25072699178,103174.70814702881
2023-09-10,110869.64666526276,103158.32852548879,103108.70252323562
2023-09-11,110884.28952792782,103098.38841802524,103050.5519251127
2023-09-12,110773.52245136896,103081.32330688229,103033.79709138148
2023-09-13,111056.24184745757,103113.2417089087,103065.59004302391
2023-09-14,110953.58704195228,103096.18837274557,103048.74623081574
2023-09-15,110744.41401226382,103132.28528693679,103085.65485003729
2023-09-16,111149.86731316899,103193.37006302763,103145.75017734815
2023-09-17,111397.98126570677,103217.84295264684,103169.62279411175
2023-09-18,111668.91471493294,103268.56842586321,103218.77015199045
2023-09-19,111845.38634972119,103302.03922713577,103251.36253323102
2023-09-20,112192.91275302312,103356.1669453813,103304.95109448837
2023-09-21,112585.05482140038,103428.22189623023,103375.83213175085
2023-09-22,112588.78489939304,103423.8264620798,103371.68412767706
2023-09-23,112765.26404862528,103465.64578056616,103412.7924471655
2023-09-24,112909.20156173881,103485.83226725801,103432.86277447465
2023-09-25,112862.70625661472,103470.27820196595,103417.68083056444
2023-09-26,113143.55225822586,103522.03192617431,103468.39643432309
2023-09-27,113298.74018490917,103553.89144705197,103499.61373768319
2023-09-28,113227.05072206643,103549.9742929209,103495.44378404292
2023-09-29,113025.95548556316,103477.88291016717,103425.24632472786
2023-09-30,112550.03036325063,103387.0291811719,103336.01052398473
2023-10-01,112204.67909232454,103344.28309967958,103293.25029849754
2023-10-02,113027.8862192962,103535.04541485799,103484.2079671745
2023-10-03,113420.69942538142,103600.22530181363,103548.5542813948
2023-10-04,113188.38285396893,103539.8783646969,103488.90636790877
2023-10-05,113492.37486788732,103581.80022827265,103530.34975196254
2023-10-06,113695.753239573,103635.75790142677,103582.84220063593
2023-10-07,113749.07249208,103645.24613913157,103592.18283386955
2023-10-08,113916.36246886748,103673.96125445723,103620.05838513891
2023-10-09,113591.05050912897,103630.66211231131,103576.92054460259
2023-10-10,113690.12686197797,103644.79724817732,103590.85342132466
2023-10-11,114150.76488915664,103732.14047496444,103676.64748958223
2023-10-12,113899.7154175786,103700.79539181032,103645.32431598906
2023-10-13,113740.80717002226,103641.10243063158,103585.76882466661
2023-10-14,114087.06718466572,103710.20000853058,103653.52466654577
2023-10-15,114217.71085120263,103725.89620686465,103669.16324039786
2023-10-16,114657.85921406282,103863.64695136718,103802.65474889327
2023-10-17,114603.28631517876,103800.76867769148,103742.64127334852
2023-10-18,114724.86458872959,103821.73257293591,103763.2969020233
2023-10-19,114289.52275541169,103746.73043710928,103689.39785691907
2023-10-20,114322.64108476245,103768.27634426167,103710.05341023506
2023-10-21,113756.42140798978,103679.45995197026,103622.21584802789
2023-10-22,113957.81986642309,103691.9118027196,103634.53820776271
2023-10-23,112989.59250648873,103334.65309441034,103289.40260386815
2023-10-24,113603.91286217295,103483.68824358094,103434.73841410727
2023-10-25,113556.17034887013,103461.52598070953,103413.4035375738
2023-10-26,112984.4615047715,103314.75892137531,103270.50701098568
2023-10-27,113419.95013002875,103315.90631799283,103269.84694196211
2023-10-28,114055.83478659154,103407.76387775557,103360.48226076267
2023-10-29,114649.03232913204,103531.03718684269,103481.19803494998
2023-10-30,114637.22601432001,103498.40033295481,103449.3485520209
2023-10-31,113813.90987512076,103341.05045593245,103293.63265836713
2023-11-01,113143.86827246919,103251.16205976768,103204.11669535507
2023-11-02,112375.47041928963,103117.82646780601,103072.7222855411
2023-11-03,113442.25396056873,103292.75498185836,103243.56752352035
2023-11-04,113702.52242783268,103339.28064340663,103289.70236696208
2023-11-05,113862.4148369332,103263.70350226408,103216.18675534616
2023-11-06,113842.28951386886,103266.06946604817,103217.5975611858
2023-11-07,113788.56509726594,103234.79698545994,103187.579679684
2023-11-08,114017.55169564331,103266.33415388511,103217.89687452705
2023-11-09,112889.44250363843,102892.39914778696,102854.26915923206
2023-11-10,112626.83199104811,102831.13427484625,102793.6863677839
2023-11-11,111221.67032151211,102586.89159118051,102552.9880342893
2023-11-12,112080.66911330145,102748.48511318257,102711.85184805634
2023-11-13,113703.59074066882,102952.20765020626,102915.5032471951
2023-11-14,113440.82743819282,102905.4546853041,102867.86237024728
2023-11-15,112647.53913465227,102728.63051868517,102695.04868559365
2023-11-16,112634.38689578636,102731.50145679044,102697.69114217175
2023-11-17,113395.88025662926,102809.13764090602,102774.40232083939
2023-11-18,114388.0507723557,102980.38870053661,102943.17269626955
2023-11-19,113967.9334707563,102927.12314324523,102890.00042179783
2023-11-20,113480.24929785942,102806.11445341728,102772.09491286798
2023-11-21,114362.89457678856,103013.35999787624,102972.58485951701
2023-11-22,114495.89253256192,102956.69754296634,102916.50252763604
2023-11-23,115215.9926395665,103098.9825121099,103056.02962016362
2023-11-24,115252.00616535782,103110.16689624198,103066.86802295114
2023-11-25,115654.41677135586,103214.25742944679,103170.29500439455
2023-11-26,115636.74191831386,103208.01787589214,103163.3312582177
2023-11-27,115865.36506197236,103201.60832648366,103158.65621452003
2023-11-28,116162.80765143139,103266.17556114032,103221.77076535807
2023-11-29,116026.69744554919,103223.30210430002,103178.9708168768
2023-11-30,115958.2100633232,103176.18559282027,103133.29034933336
2023-12-01,115778.74658275367,103129.01294491821,103087.41288411374
2023-12-02,115594.26108074845,103099.66854020522,103058.42510080432
2023-12-03,115909.95723018263,103154.4089526422,103112.32802257044
2023-12-04,115571.81820121156,103094.36292322645,103053.25590767188
2023-12-05,115754.783556573,103107.65374382953,103066.99819052665
2023-12-06,115445.7861707534,103058.14181783861,103018.10155414026
2023-12-07,115419.52317284158,102959.76739171799,102923.23609041613
2023-12-08,115213.84440839439,102908.24215876429,102872.29417545046
2023-12-09,115104.32407301501,102893.15192315365,102857.50744237714
2023-12-10,115068.80755674116,102899.00586429123,102862.84505176485
2023-12-11,115719.03124618593,103128.40523239535,103084.61358208137
2023-12-12,115600.49486292271,103108.2940457998,103064.79543959993
2023-12-13,115745.04917225677,103209.38557447572,103163.56028347075
2023-12-14,115665.7949203774,103200.86040489505,103154.98077213648
2023-12-15,115278.57276118812,103144.11857818131,103098.62239854388
2023-12-16,115643.44915255925,103198.25966306022,103152.26418671403
2023-12-17,115550.09374622344,103161.36770086517,103116.6731966731
2023-12-18,115393.83874879057,103082.92253465045,103040.67952165518
2023-12-19,115394.91168357167,103053.52638062637,103011.72234233156
2023-12-20,114725.98431867738,102818.09556306245,102783.43455748902
2023-12-21,115281.83366884605,103045.79644137366,103008.68253473601
2023-12-22,115611.7982046718,103118.21746400361,103079.4628372283
2023-12-23,114900.7482296046,102998.0452428884,102961.01535106428
2023-12-24,114976.15439085034,102996.22066279952,102959.7500734235
2023-12-25,112892.14850516187,102640.31434824209,102609.02312950176
2023-12-26,112433.3652760929,102555.14831782198,102524.2351966102
2023-12-27,112071.6472600821,102403.81363638,102378.29765942782
2023-12-28,112351.69178839448,102466.7287949294,102439.79192330626
2023-12-29,112583.57761380478,102594.62052178865,102564.86427978295
2023-12-30,112875.77456154267,102647.88183959943,102617.49524797087
2023-12-31,113509.18471671152,102790.54555277906,102756.90131769302
2024-01-01,114037.49748834915,102865.46769791917,102830.26967304725
2024-01-02,114026.34816475045,102870.74490488804,102835.20960181391
2024-01-03,114461.59428584657,103036.98562647816,102995.72321497048
2024-01-04,114004.84994283489,102955.64883985711,102915.68072051018
2024-01-05,113769.40053624427,102874.2371602323,102834.19261831466
2024-01-06,113550.333119991,102819.70375383034,102779.66783758283
2024-01-07,113590.36745155908,102817.2973058449,102777.63390193348
2024-01-08,114121.688749211,102925.30761115512,102883.47787420348
2024-01-09,115205.88336548992,103267.093343612,103214.64591190648
2024-01-10,115135.25450671418,103330.32235207869,103274.21876936831
2024-01-11,115086.20851383718,103320.1167994873,103261.13392234118
2024-01-12,114864.7267008439,103069.75047486741,103022.15683497547
2024-01-13,114779.18186788683,103054.26430312268,103006.92853003142
2024-01-14,114856.03699062587,103083.71686789235,103035.00944110617
2024-01-15,115238.10915382882,103070.33934002218,103020.4058815452
2024-01-16,115404.46737511465,103098.84685668573,103048.14885961766
2024-01-17,114973.86713948405,103001.99685030032,102953.57275701262
2024-01-18,114907.74309244596,102998.06363790785,102948.93304283092
2024-01-19,114726.89457204391,103003.73712561588,102953.19882924232
2024-01-20,114681.99213153019,102984.28506307105,102933.61658795396
2024-01-21,114779.56833599396,103013.35951146143,102961.81608823768
2024-01-22,114921.53010595623,103021.25149124894,102970.18581842954
2024-01-23,113710.28289362777,102746.09593534785,102701.54052207101
2024-01-24,113582.78722933859,102712.66277609838,102668.31897193145
2024-01-25,114272.78529781415,102819.25913354388,102773.80343070888
2024-01-26,114628.6721409447,102895.15067354799,102848.04645149244
2024-01-27,114574.07500740763,102867.28840221056,102821.26307160326
2024-01-28,114655.35107438103,102881.18044532395,102834.9523788362
2024-01-29,114626.78625178276,102879.889482202,102832.89422640724
2024-01-30,114537.22019133704,102848.10303478826,102802.16962755962
2024-01-31,114385.3544142365,102731.29628132256,102686.04354366763
2024-02-01,114497.95393077462,102770.04462891581,102723.51971796258
2024-02-02,114233.6738932729,102692.0179762932,102645.45512267656
2024-02-03,114252.74574235089,102689.2727155748,102642.96784281981
2024-02-04,114587.02631811521,102744.84867379659,102696.73705617625
2024-02-05,115212.73794911413,102859.09866894012,102808.04369244556
2024-02-06,114918.61998274813,102803.08790193661,102753.07136837262
2024-02-07,114558.61154474576,102730.50819692553,102681.96225346897
2024-02-08,114760.98912272866,102764.87642508825,102715.83465848313
2024-02-09,114796.27813413797,102759.16873788576,102710.63553488645
2024-02-10,114666.74250143862,102757.57930622525,102708.32653598073
2024-02-11,114614.01347096902,102763.29942576426,102713.4293988095
2024-02-12,114683.62344669561,102853.01279571687,102803.12381234133
2024-02-13,114906.31702929987,102888.66482894965,102838.34016651516
2024-02-14,114903.02131127205,102883.98375310868,102833.7266879829
2024-02-15,114905.18252234574,102842.20623538614,102794.08874846251
2024-02-16,114576.86121548917,102809.02457581804,102760.56667421147
2024-02-17,114709.5006984628,102834.85440657267,102785.90392864928
2024-02-18,114561.03503966672,102792.44447164642,102743.46549552133
2024-02-19,114694.20350548103,102773.49154629339,102726.30177881394
2024-02-20,114437.48109150771,102691.43716902316,102644.4675382272
2024-02-21,114804.77710506172,102765.53440479492,102717.07113536855
2024-02-22,114678.51251836427,102695.36671605018,102648.42269532377
2024-02-23,114763.54774046881,102723.13467762987,102675.3039408995
2024-02-24,115305.50676969605,102818.31528670105,102768.31638622901
2024-02-25,115541.32249293814,102859.39366820944,102808.75576284055
2024-02-26,115480.65859151461,102813.4722055581,102764.33282192054
2024-02-27,115454.0762562529,102802.75414626299,102753.99676777243
2024-02-28,115362.99241585104,102731.17302598634,102685.49786218659
2024-02-29,115461.8426526263,102757.8296891326,102710.50117071856
2024-03-01,115520.9319583894,102769.10643481447,102720.70775422426
2024-03-02,115554.53726847823,102782.64560519594,102733.76446295726
2024-03-03,115668.35133126765,102828.49260972555,102777.9775272372
2024-03-04,115552.0255941025,102781.65906958889,102732.81379488928
2024-03-05,115918.08184337274,102902.326162398,102847.75234247021
2024-03-06,116108.71574980317,102900.17635388214,102845.13892713193
2024-03-07,116338.23537818191,102946.07549278969,102890.10412720894
2024-03-08,116437.14176206365,102985.7118648854,102928.32529465639
2024-03-09,116650.62505423653,103077.35820671328,103019.95998732916
2024-03-10,116909.17919076898,103139.39466082494,103080.41215089386
2024-03-11,116684.56207484257,103105.37022560491,103046.75425452055
2024-03-12,116749.51436315253,103240.77983421196,103183.15800536529
2024-03-13,116910.40386054778,103312.0101407887,103252.20639354624
2024-03-14,116925.54619294695,103340.81741943181,103281.1965983853
2024-03-15,116894.06708508183,103271.89171419448,103214.26753422331
2024-03-16,118361.85771125118,103542.34514759488,103479.18619491889
2024-03-17,119089.19873533916,103656.52433660833,103590.20089276352
2024-03-18,119148.16788609544,103609.51805619239,103545.94795881731
2024-03-19,118615.4862211926,103601.53454934622,103535.17456340839
2024-03-20,118593.28940025606,103498.91671473434,103434.22061849752
2024-03-21,118894.24529708535,103536.05423412111,103471.27607478228
2024-03-22,119634.05357414608,103707.41366337883,103638.33863098676
2024-03-23,119613.79333040827,103705.45271954492,103636.35660194285
2024-03-24,119500.3619917733,103694.00377324001,103624.8135144838
2024-03-25,119350.44295671831,103669.70239835096,103600.85521267087
2024-03-26,119134.54064085796,103626.4238649226,103556.50791994839
2024-03-27,119079.67517897685,103575.8140502685,103507.1793110725
2024-03-28,118801.11475106428,103535.18573068903,103466.9531922727
2024-03-29,118565.01528519878,103501.6919830913,103433.74937419157
2024-03-30,118776.57059163602,103528.74845368478,103460.61265642304
2024-03-31,118830.1689503457,103495.12116345688,103429.02464377253
2024-04-01,118551.53657717964,103372.89161324657,103310.51344370419
2024-04-02,118672.17063654441,103409.77672214845,103346.24333372826
2024-04-03,118707.21284396488,103362.98857182906,103298.54418948176
2024-04-04,117770.37047544436,103109.77420737193,103050.51604330902
2024-04-05,117762.72831186958,103145.79087718799,103084.65055337359
2024-04-06,118394.58665193387,103236.13145832364,103174.20433476503
2024-04-07,118660.63821276929,103288.13696454074,103224.16754632314
2024-04-08,118874.56813233072,103316.73061527354,103252.58767600374
2024-04-09,118648.80285967678,103389.66937516951,103326.38509452203
2024-04-10,118303.45124500508,103312.14499479641,103250.73822420523
2024-04-11,118763.21927207972,103294.1650834138,103230.75917526668
2024-04-12,118687.53153926753,103280.61997375921,103217.45067915288
2024-04-13,118447.52838899587,103168.72899909921,103109.82585536221
2024-04-14,117865.67725121466,103092.89092919018,103034.35529270058
2024-04-15,117096.08717868594,102941.95725766222,102886.46832887187
2024-04-16,117425.55572810241,102999.65535648621,102943.22648359714
2024-04-17,116917.30613594208,102904.89714417722,102850.21898566654
2024-04-18,117323.8349851421,103069.60704539878,103014.44504318284
2024-04-19,118002.52246521406,103234.17371271757,103174.74455509645
2024-04-20,117383.02955282587,103130.06146710324,103072.1987771791
2024-04-21,117651.83563156775,103170.66181088479,103112.09750282035
2024-04-22,117671.95434775601,103148.28555932143,103090.98352316786
2024-04-23,117456.7302198226,103085.85789548041,103029.16347931852
2024-04-24,117953.92508833345,103165.61132501074,103107.86531320904
2024-04-25,118107.67830364009,103214.59897661835,103155.2847027319
2024-04-26,117569.27055875426,103113.70876665898,103055.19690829546
2024-04-27,116443.0674029691,102806.48062318056,102756.24933380182
2024-04-28,116260.68842193071,102771.12001509013,102721.29333701929
2024-04-29,116353.46134716162,102751.48891706689,102702.13382807666
2024-04-30,116119.87806215866,102681.76001911944,102634.5292262193
2024-05-01,115155.19020804968,102497.3245276068,102453.58663023554
2024-05-02,114957.09082357767,102479.55498054183,102435.50316262362
2024-05-03,115768.17773538051,102613.62602472263,102566.89455589416
2024-05-04,116172.21659673196,102687.0575894216,102639.06344839867
2024-05-05,116826.98526288134,102771.7790285025,102723.47006574893
2024-05-06,116476.95243783877,102724.29721949316,102676.70199524466
2024-05-07,116515.02247221865,102679.21334858432,102631.04221387635
2024-05-08,116930.85071029297,102729.63760768017,102681.43076091431
2024-05-09,116697.46353955717,102702.20379718288,102653.97723043028
2024-05-10,117149.46723453235,102791.7544858562,102741.71797723838
2024-05-11,117527.13430814492,102849.32139208802,102798.31015206076
2024-05-12,117448.67299435189,102819.39160901774,102769.21380256991
2024-05-13,117399.90649399567,102835.25149589987,102783.97182142982
2024-05-14,117588.74159209593,102861.10327613328,102809.64945351523
2024-05-15,117588.11470082357,102850.82982207777,102799.89518456359
2024-05-16,117123.17047987336,102741.12856901583,102692.10635702999
2024-05-17,117611.31302198183,102828.49840623836,102777.32469961676
2024-05-18,117416.020089362,102801.68044796921,102750.69319721663
2024-05-19,117336.3935540807,102841.39111422493,102792.7582271523
2024-05-20,118797.7095046947,103269.27761290554,103207.71570106846
2024-05-21,119363.1670553216,103379.05324918106,103315.28597041564
2024-05-22,119911.38680526294,103470.06011437083,103403.98437957832
2024-05-23,120647.11613770698,103673.43315124957,103601.35970001674
2024-05-24,120798.51205700629,103710.26183294461,103637.20466510764
2024-05-25,121584.61121016741,103838.74610994292,103763.78133056322
2024-05-26,121423.46741178962,103770.68950912674,103696.86965904053
2024-05-27,121346.79622717177,103734.12883731892,103660.97994914206
2024-05-28,121149.30301804778,103701.9879378056,103629.31626981602
2024-05-29,121423.88667566415,103783.66639070508,103708.4434544161
2024-05-30,121435.42263435776,103796.1440592818,103720.35133362218
2024-05-31,121457.33129933514,103776.83207212729,103702.15587725467
2024-06-01,121422.2945497575,103769.83909648792,103695.31373260256
2024-06-02,121609.14039861046,103848.4055567559,103770.96653468607
2024-06-03,121600.88122176145,103809.8542509085,103734.33799620182
2024-06-04,121673.58189633147,103824.70774820587,103748.86049607603
2024-06-05,122062.20644943991,103886.04931854279,103809.35463960459
2024-06-06,122221.4669405139,103911.56438146721,103833.8511577112
2024-06-07,121944.40814059615,103906.3291195783,103827.25803176331
2024-06-08,121915.95067982233,103919.073895565,103839.18354069763
2024-06-09,122164.1101191758,103968.13282641182,103887.19237280541
2024-06-10,121996.97575537622,103956.6429022146,103875.13427279044
2024-06-11,122098.26111995352,103987.41752235376,103904.92962075457
2024-06-12,122571.67725373787,104167.24892601723,104084.54652115224
2024-06-13,122411.16449429015,104145.68422613015,104063.0158796432
2024-06-14,122747.52681898966,104250.21403401831,104167.05294005488
2024-06-15,123048.67400872373,104343.15895561872,104259.05103403836
2024-06-16,122458.41604948537,104259.01072585172,104175.75676585588
2024-06-17,123020.44180142813,104383.69666420229,104296.9932537832
2024-06-18,122762.55031351143,104337.99266779314,104252.12014613135
2024-06-19,122918.23143636371,104365.86208983081,104280.69647582695
2024-06-20,122921.53873493639,104385.60386057223,104299.71676748584
2024-06-21,123771.64808150499,104536.20623081272,104447.58831005903
2024-06-22,124075.01530586623,104627.31745858755,104538.85817794554
2024-06-23,124248.66073415466,104673.24954132353,104583.4474581909
2024-06-24,123905.1451421577,104605.64379434723,104517.30919784325
2024-06-25,123669.90464745944,104541.09031725061,104453.18492156357
2024-06-26,123508.12788824776,104504.01149685444,104415.6030875915
2024-06-27,123245.8931154647,104483.15492631342,104394.28394824314
2024-06-28,123668.43656571046,104599.19105854983,104506.20797011751
2024-06-29,123656.1000610666,104619.92894701792,104527.17896132746
2024-06-30,123309.46016014535,104562.87706602551,104471.02855802859
2024-07-01,123750.50867722847,104653.41178768023,104559.50278119004
2024-07-02,123612.00631121083,104615.70455561804,104521.92019253664
2024-07-03,124011.01624344126,104697.91798331772,104602.24773762187
2024-07-04,123826.88639576791,104627.4434930746,104534.31578758932
2024-07-05,123837.08058934797,104619.28864248065,104526.0590487613
2024-07-06,123818.32285722047,104580.57421771492,104487.07076648822
2024-07-07,123743.21465903777,104562.50260491762,104468.47245791418
2024-07-08,124176.38485234446,104594.21645363428,104498.12547584357
2024-07-09,124768.35318432939,104720.79395261822,104621.64971096998
2024-07-10,124817.85705441124,104706.29521478782,104608.18186474263
2024-07-11,124997.82165664535,104744.01525834725,104645.00778126466
2024-07-12,125174.57003091864,104774.02422232596,104674.49838647718
2024-07-13,125755.13458220298,104867.2375759676,104766.27983977171
2024-07-14,125818.11956083277,104863.42407365057,104763.02453358326
2024-07-15,126000.1675131222,104906.84128849088,104805.25963160601
2024-07-16,126267.19293204427,104955.95537518732,104853.38569379739
2024-07-17,125966.92830855225,104957.51673081124,104856.09986037448
2024-07-18,126033.91198720803,104946.21035693232,104845.75912527047
2024-07-19,125692.97009213621,104860.86492540143,104760.33449162834
2024-07-20,126031.53745146454,104942.44344425577,104839.6735962093
2024-07-21,125693.68383746063,105001.22705957809,104901.97951618905
2024-07-22,125852.93851826509,105002.04356491867,104903.67204688511
2024-07-23,126357.6039893928,105012.79169292963,104914.4803873667
2024-07-24,126622.76009193607,105040.7620929277,104941.68226563034
2024-07-25,127167.80966376387,105085.06739229082,104984.37054547551
2024-07-26,127517.36630060438,105170.41052429412,105067.32519776559
2024-07-27,127190.78869675145,105043.47509326406,104941.76148244398
2024-07-28,127719.86700796905,105107.70403276397,105003.97347744717
2024-07-29,127842.31712864967,105123.52432991187,105020.3897869313
2024-07-30,128245.64129818507,105195.23210070074,105090.70277455662
2024-07-31,127841.72873745863,105117.45185827916,105013.74701077926
2024-08-01,127579.68456451183,105110.93865660786,105007.92713720888
2024-08-02,127465.75096797974,105103.36732215282,104999.16425651379
2024-08-03,126907.6895027839,105014.52180642964,104911.7080118512
2024-08-04,126221.52585849933,105014.54389530627,104915.74253654169
2024-08-05,127385.36086419852,105808.24408535846,105701.06222103593
2024-08-06,127004.28255733266,105563.3099170294,105455.2797618465
2024-08-07,126660.50728719997,105480.58179256221,105374.8326149485
2024-08-08,126881.70861923225,105557.52988925182,105449.09792557795
2024-08-09,126797.84512125177,105570.62255055472,105461.03619692879
2024-08-10,127260.76783547318,105637.60708893744,105526.85099044621
2024-08-11,126838.5870950153,105557.31594027915,105448.27108654578
2024-08-12,127005.43889885391,105506.14113192263,105396.77470656481
2024-08-13,126883.4488949844,105468.3797681646,105358.56431834774
2024-08-14,126535.66029295298,105422.52012389383,105313.06823991147
2024-08-15,126665.8738244888,105471.97757178148,105360.73125952337
2024-08-16,126629.27380055611,105448.52095717627,105337.06303300172
2024-08-17,126833.20034597398,105480.84998532025,105368.90083427435
2024-08-18,126619.39098241524,105403.11984195512,105292.8176724787
2024-08-19,126892.2616532645,105453.09058855748,105341.78586541631
2024-08-20,127031.13677314902,105481.28801940406,105369.32926913815
2024-08-21,126757.06024391367,105412.76813824085,105302.76381530419
2024-08-22,127039.87116284642,105451.09841715932,105340.50872633509
2024-08-23,127350.97157566689,105508.36118350648,105396.60828467213
2024-08-24,127291.16283015924,105685.99349330497,105573.91589671143
2024-08-25,127595.0083442402,105747.95354279858,105634.11857257606
2024-08-26,127531.73365175712,105730.48303122746,105616.87584014656
2024-08-27,126809.35422557776,105572.65859678377,105463.03981772476
2024-08-28,126660.23657817063,105532.4395593968,105424.03218213012
2024-08-29,126534.27500785423,105518.70561874486,105410.28016089356
2024-08-30,126624.09713993386,105441.41554440936,105330.09140580216
2024-08-31,126917.859486497,105499.5076906265,105386.50280172667
2024-09-01,126854.02512701416,105489.02297210215,105376.19142051006
2024-09-02,126932.0838009755,105524.48010863944,105411.84618776102
2024-09-03,126878.67131552537,105512.63803647038,105400.30696961112
2024-09-04,126754.40052033207,105546.24905211465,105435.11036930773
2024-09-05,126744.16549625894,105558.36074506336,105446.54036122932
2024-09-06,126864.71518026546,105580.21949644526,105468.60428103976
2024-09-07,126958.62681647965,105688.66834177321,105577.64804734789
2024-09-08,126884.77847770885,105703.71985079456,105591.85937040707
2024-09-09,126389.19678106757,105551.62648325558,105442.56641874579
2024-09-10,126494.73206058894,105561.3442071307,105452.39261229803
2024-09-11,126780.2981370802,105580.4219289441,105471.63169598552
2024-09-12,126771.36881158246,105654.19114333004,105544.86464076709
2024-09-13,126471.9495704581,105586.89105030363,105478.34115509668
2024-09-14,126466.8199801317,105585.1483644799,105476.65850805001
2024-09-15,126043.86161694821,105437.729999518,105334.38201366602
2024-09-16,126029.05983366264,105416.64471415561,105314.29425472983
2024-09-17,125814.1516072832,105338.59623789098,105239.01344450992
2024-09-18,125968.04748013955,105356.4599398431,105254.96477258042
2024-09-19,125605.93354570172,105281.88920366905,105182.13319053453
2024-09-20,124922.29189113814,105298.17239711763,105203.57668915887
2024-09-21,125033.41975854214,105257.62723341637,105164.65379075018
2024-09-22,125042.09135257591,105265.22215540236,105171.90970267139
2024-09-23,125229.5811256437,105304.68236965094,105210.43582826787
2024-09-24,125129.69693158491,105297.88098424757,105203.40365771492
2024-09-25,125198.47746180072,105315.41896631729,105220.44163469481
2024-09-26,125126.9030812026,105302.63633125072,105207.49465150714
2024-09-27,124997.51192677581,105263.58659716338,105169.69633602384
2024-09-28,124928.40919446269,105358.95837667087,105266.18642797889
2024-09-29,124449.75361662658,105253.30587081391,105163.16483968507
2024-09-30,124436.8014275854,105235.26392365951,105145.97183112653
2024-10-01,124178.67945990713,105172.74508146594,105085.14986521014
2024-10-02,124347.27623437425,105301.96280829025,105216.52384523791
2024-10-03,124363.40092731644,105305.86876791088,105220.40272132882
2024-10-04,124622.92731461595,105349.6952552617,105261.85229692888
2024-10-05,124768.16824642787,105379.13426651919,105290.63063857911
2024-10-06,124831.79023576967,105391.1836662091,105302.43357956923
2024-10-07,124768.2055450323,105238.66510295392,105149.3102224357
2024-10-08,124792.91475063928,105179.86537499959,105090.86393762346
2024-10-09,125039.83336645988,105229.91192502447,105139.78250417231
2024-10-10,125325.8604373439,105276.39021431812,105185.54011184981
2024-10-11,125676.60295567638,105404.43689684133,105313.68265882699
2024-10-12,125813.0303614148,105421.86359815055,105331.00583618622
2024-10-13,125767.98126205342,105411.05349856413,105320.23745000671
2024-10-14,125911.75379786082,105424.53873077185,105333.86309839046
2024-10-15,125749.04700421923,105352.60029160556,105264.67120830125
2024-10-16,126102.86309463179,105410.73664481282,105321.8751939299
2024-10-17,126104.90382635155,105475.0998362197,105386.18627484601
2024-10-18,126045.58343295005,105479.2792201294,105389.80916947094
2024-10-19,125858.26604212611,105443.0627986264,105354.02961363885
2024-10-20,125442.52849836207,105333.39581398424,105247.5776024316
2024-10-21,125759.84332654242,105388.65596385585,105301.84691317262
2024-10-22,126041.26641287612,105400.4612915657,105313.36008174584
2024-10-23,125515.57766943169,105304.99084595966,105219.74559734463
2024-10-24,125863.52746178479,105358.91740963985,105272.92568205816
2024-10-25,125563.43497736564,105300.81363320416,105216.06362285574
2024-10-26,125916.56638307584,105371.98178731007,105285.63201512539
2024-10-27,126165.41705719914,105411.627260709,105324.68437420734
2024-10-28,126165.99165694624,105394.24466556327,105308.19531077147
2024-10-29,125933.11858497333,105371.17044536937,105284.96019306917
2024-10-30,125933.44551828573,105372.00340365041,105285.43391179481
2024-10-31,126269.237689114,105392.97167893287,105305.19162218897
2024-11-01,126379.35544261498,105363.8660628543,105274.97059602657
2024-11-02,126049.171790827,105313.73506394203,105225.50830375435
2024-11-03,125989.14042049045,105329.06095587577,105239.70301311807
2024-11-04,126071.05924442044,105301.24143683932,105212.6295277777
2024-11-05,126234.7826328571,105379.86843590681,105289.6714504991
2024-11-06,125986.94848634447,105284.76983163024,105198.01832889207
2024-11-07,126375.97630593675,105425.94933442817,105334.21111093697
2024-11-08,125983.2209773071,105352.15757744733,105261.94077374875
2024-11-09,126086.29514826537,105361.61809889394,105270.02116408566
2024-11-10,126092.22542925258,105315.3052245175,105226.11627627745
2024-11-11,125242.15955574758,105128.27760246099,105043.7715296151
2024-11-12,126213.65229189278,105368.6924588783,105277.50615966509
2024-11-13,126876.53584247512,106024.77970728576,105935.70006987336
2024-11-14,127366.7176075191,106089.58719313255,105998.8575231401
2024-11-15,127389.29561424002,106031.49486132209,105941.83916086222
2024-11-16,127830.57931826416,106095.93537546333,106005.51275287684
2024-11-17,127196.6415118375,105995.76872475535,105906.84787946436
2024-11-18,127769.51511069521,106066.16826379938,105975.64378424482
2024-11-19,128141.01171574877,106158.11885435157,106065.01083970732
2024-11-20,128515.0344565286,106192.57550594925,106099.83926068325
2024-11-21,128415.87581454017,106155.848278097,106064.42926358401
2024-11-22,128831.56986612041,106167.4265191456,106077.7853780707
2024-11-23,129028.62758170655,106139.55635446562,106051.87545153376
2024-11-24,128479.06494714959,106006.07760791661,105922.113148046
2024-11-25,128906.94977866484,106032.06003894999,105946.13631290248
2024-11-26,128680.27345694824,105980.73613812811,105896.15350983232
2024-11-27,129248.65428218443,106081.10159106078,105994.61187301936
2024-11-28,129541.37274474818,106126.83932219642,106039.66553440886
2024-11-29,129495.83641654183,106130.76537065116,106043.1330951076
2024-11-30,129692.39954292282,106105.93005315684,106020.68137147944
2024-12-01,129941.27890387614,106171.11366640481,106083.93316642521
2024-12-02,130334.77097266517,106225.5740174558,106137.82326109054
2024-12-03,130193.86245612804,106207.92050501298,106120.28136877296
2024-12-04,130529.59886770732,106277.81387524717,106188.4852222265
2024-12-05,130420.88617290775,106333.50067170693,106240.7084878804
2024-12-06,130059.61641694132,106308.52178135276,106214.97750965566
2024-12-07,130334.54315283241,106318.86164956304,106224.38434279362
2024-12-08,130640.76994004092,106380.40501920573,106284.49582968642
2024-12-09,130514.13879237858,106275.8000074218,106184.5440943247
2024-12-10,130601.73299863953,106328.4666306784,106235.0039805743
2024-12-11,130802.02946177781,106299.8661801436,106205.4031956085
2024-12-12,130553.64241037217,106203.52940113642,106111.50930390501
2024-12-13,130558.41077107062,106244.50172689903,106150.40845036808
2024-12-14,129859.43933967578,106131.99629959717,106039.74641614762
2024-12-15,129793.6864645719,106136.3380106094,106043.49477441193
2024-12-16,129758.7378852179,106149.33816484087,106055.63133093868
2024-12-17,129372.18756052977,106165.43103369948,106073.53817874561
2024-12-18,130044.00406299246,106294.4891585748,106199.78604819515
2024-12-19,130557.06440906541,106377.07432192336,106281.03025430515
2024-12-20,130562.76483465714,106625.55496527557,106527.24607076985
2024-12-21,129407.33100491548,106456.64565989854,106360.49192685359
2024-12-22,129859.41910441096,106536.11590892058,106438.45254924792
2024-12-23,130291.77283751593,106604.41680463846,106505.35119705023
2024-12-24,130326.79814031208,106566.60986950228,106466.07098479643
2024-12-25,130058.51889630654,106545.96981961725,106444.9766942253
2024-12-26,130831.43997658465,106680.80165103098,106577.25647978936
2024-12-27,131238.0440855269,106756.93363454155,106651.76652249401
2024-12-28,130767.2493934209,106671.27135743764,106567.48950367385
2024-12-29,130668.29687587098,106611.41129432821,106509.5155662442
2024-12-30,130852.8672883503,106669.7826000362,106568.9867578699
2024-12-31,130459.50205744398,106474.73927878504,106375.67187419998
2025-01-01,130660.11361529047,106500.88772206621,106401.60827099156
2025-01-02,130226.65774751337,106458.93370821679,106359.36932915049
2025-01-03,130063.90410227317,106414.62710152223,106316.20717654705
2025-01-04,130443.89899865832,106469.40344036197,106369.91500672486
2025-01-05,130460.96967543151,106471.1054717562,106371.62583239675
2025-01-06,130625.19958602985,106498.07138564702,106398.13272756943
2025-01-07,130853.6149879315,106498.94930782249,106400.25053047197
2025-01-08,130426.48181757172,106444.09847994712,106345.8154368238
2025-01-09,130636.77873848997,106471.91899562305,106373.39280309044
2025-01-10,130615.98750147958,106380.90835745075,106280.76224844238
2025-01-11,130725.35382629809,106406.15701459699,106305.32964297631
2025-01-12,130992.76343043782,106461.56492537653,106359.39530850656
2025-01-13,130844.50912858285,106316.91838496955,106221.34375979804
2025-01-14,131070.72855830382,106351.91203883511,106255.81115060973
2025-01-15,130332.26329416818,106196.47798740603,106104.21448024838
2025-01-16,130665.5022844317,106257.2993169334,106163.79205005062
2025-01-17,130473.88116799107,106232.76543189985,106139.4406640354
2025-01-18,129729.80403223979,106156.98205596906,106069.726220638
2025-01-19,128985.6911233032,106049.17213813678,105961.49057790349
2025-01-20,129840.30062553992,105956.9836178942,105865.26474829698
2025-01-21,130292.03924066867,106051.60536310654,105956.3847511264
2025-01-22,130843.67369015035,106179.07398896305,106082.85425831767
2025-01-23,131716.23579972936,106345.9916701263,106246.09647006908
2025-01-24,131673.49601651865,106357.75560926799,106256.9458262234
2025-01-25,131193.2951784679,106276.13549585844,106175.5284432327
2025-01-26,130986.86467822606,106244.92027854126,106144.76165575297
2025-01-27,131224.26620600774,106218.58726739277,106120.57565558817
2025-01-28,131356.075422156,106239.60015111596,106140.84627479294
2025-01-29,132157.9652795643,106396.88063392523,106294.53130718363
2025-01-30,132536.95596070425,106444.5583778306,106341.86631989403
2025-01-31,132089.0211950299,106270.00141510638,106173.32497452873
2025-02-01,131508.97606752557,106171.8501221029,106076.98821293084
2025-02-02,131024.3657145024,105999.87147551391,105911.12871237089
2025-02-03,131914.63217294158,106225.11054826544,106129.7999400984
2025-02-04,131972.39646558336,106179.08462514776,106083.15045405179
2025-02-05,132102.76640842494,106198.2155717551,106102.02396558279
2025-02-06,131974.66601611246,106239.9856565179,106140.94107982874
2025-02-07,132378.40072486104,106287.27862712774,106188.04972540146
2025-02-08,132538.3086426935,106311.72118412668,106212.12386082033
2025-02-09,132689.8027620874,106362.47023316845,106261.10693868394
2025-02-10,132836.3337710548,106383.86141690907,106279.34245133428
2025-02-11,133321.94532414537,106479.2270957531,106372.49317372151
2025-02-12,133700.0974192508,106583.19736129658,106473.204992354
2025-02-13,134070.1008792291,106641.49058180065,106530.53635657055
2025-02-14,134048.12906497467,106673.64665927319,106560.91845775308
2025-02-15,134208.1153508886,106710.23500034296,106596.5032858835
2025-02-16,134412.07033902447,106745.59905365238,106631.16692672226
2025-02-17,133249.2884463143,106410.95453825174,106305.65564549928
2025-02-18,132331.78454929008,106253.52299140237,106150.17566269866
2025-02-19,132542.9446769111,106278.65211023165,106174.91388131297
2025-02-20,132236.63628218378,106226.6775834756,106123.91398065553
2025-02-21,132719.29088843532,106388.58553815506,106277.1672003985
2025-02-22,133436.21776208826,106491.47615892942,106378.73160343437
2025-02-23,133572.3413375248,106542.01326841193,106428.2525291311
2025-02-24,132754.16843685287,106382.60243453666,106272.54011262352
2025-02-25,132415.0614581369,106297.32930318698,106189.77626429344
2025-02-26,132248.694764266,106442.75784468578,106344.2766563345
2025-02-27,132798.56301204767,106614.87719088094,106514.97713918434
2025-02-28,131727.22974500558,106525.59770560895,106430.85705656208
2025-03-01,131708.90868640228,106518.64918041918,106424.16258068813
2025-03-02,131911.27657924773,106701.16493914084,106598.44964686128
2025-03-03,130825.6674351628,106590.55614409928,106487.46109226963
2025-03-04,131549.63706652872,106693.82173718003,106589.49397580202
2025-03-05,132240.08778005856,106858.38591640186,106749.4701083167
2025-03-06,131977.24478652191,106719.51706992362,106612.3333561315
2025-03-07,132181.57433829585,106797.0829833645,106687.05360165118
2025-03-08,131954.69455480523,106675.80046112859,106570.74131720714
2025-03-09,131967.47832182533,106649.7900438486,106546.1382356717
2025-03-10,132363.7230323268,106750.2327555127,106643.63236901726
2025-03-11,132472.91564733832,106743.20727900612,106636.77470359956
2025-03-12,133088.64271329096,106834.41686237496,106726.72131026487
2025-03-13,133399.61197984233,106891.35952902562,106782.46011053803
2025-03-14,133690.13122215078,106945.76867766147,106835.67885711507
2025-03-15,133717.05611744683,106954.17612651226,106843.80270041023
2025-03-16,133318.6897493645,106905.80274623362,106795.71785538988
2025-03-17,133714.63762206482,106992.1384401622,106879.97125511697
2025-03-18,133647.1447988923,106961.29635388458,106850.34265538938
2025-03-19,133943.61617271576,106985.63144373709,106874.39808424402
2025-03-20,134153.5620472004,107025.15386605404,106913.0453035188
2025-03-21,134445.401517056,107085.05929026689,106971.13734693485
2025-03-22,134366.7400526745,107077.20086062839,106963.28638079307
2025-03-23,133700.7875555896,106954.44160025133,106843.18058381708
2025-03-24,133374.21684232866,106928.34140182988,106816.6200500677
2025-03-25,133840.48619933508,107014.44739237375,106901.24043798103
2025-03-26,133695.50672185657,106915.42429561692,106803.10572604623
2025-03-27,133987.86260155463,106968.49296521446,106854.72647088426
2025-03-28,134332.37021126715,107051.9434342235,106935.78172868887
2025-03-29,134860.63616857573,107129.21493458035,107011.98112518644
2025-03-30,134923.5125216921,107123.55809081007,107006.05373663288
2025-03-31,134893.69370151157,107152.22321114877,107034.16434610276
2025-04-01,135032.01489974544,107183.54567949171,107064.19326896536
2025-04-02,134820.2583948737,107196.33870631918,107075.16805511239
2025-04-03,134362.5580532519,107113.5224955477,106994.10663709068
2025-04-04,134194.3762175436,107105.53926178586,106985.60951697109
2025-04-05,133802.6652915978,107050.11893882927,106930.88618818534
2025-04-06,133196.9578589474,106909.33933016362,106794.01188318567
2025-04-07,133227.7426950735,106935.13806330325,106815.7067705042
2025-04-08,132738.19206986018,106841.94713805888,106722.2892511074
2025-04-09,133097.15757697241,106810.61266927594,106691.09172397968
2025-04-10,132971.34681616706,106681.25313129935,106560.42133093724
2025-04-11,133174.19551107608,106728.69102255713,106606.5385960945
2025-04-12,132722.26099038142,106642.18627103943,106521.99174172345
2025-04-13,133296.98558019818,106689.23478119026,106567.13084487538
2025-04-14,133303.29146404058,106622.8244992933,106500.54233009128
2025-04-15,133882.48745513533,106741.53629037723,106616.3340468908
2025-04-16,134601.91067922994,106856.77151708078,106724.93679780523
2025-04-17,134631.96441878544,106836.55172430683,106705.92495243659
2025-04-18,135262.86237087907,106937.01419916839,106804.65787782578
2025-04-19,135451.70730946597,107008.27729293583,106873.27324883969
2025-04-20,135481.31741649332,107017.7952704741,106881.95529917299
2025-04-21,135321.3163150875,106973.1692363773,106838.76178486686
2025-04-22,135799.1027297294,107016.99496208662,106882.9303175582
2025-04-23,136343.9821872579,107116.43864182728,106980.20259195822
2025-04-24,136643.8476748599,107494.14356488214,107360.56524782308
2025-04-25,136785.58183687628,107588.50292715836,107451.27173627296
2025-04-26,137268.90784294813,107712.64417801863,107571.6243500422
2025-04-27,137664.0139989172,107777.37319911685,107633.50724612389
2025-04-28,137633.94990546443,107738.83145263528,107596.52576935939
2025-04-29,137635.036603916,107732.49637839981,107590.52398594563
2025-04-30,137156.0071839436,107595.89034443036,107457.95906494724
2025-05-01,137201.14439919143,107602.63140333947,107464.5962011818
2025-05-02,137437.88424612963,107749.44253366659,107610.75827560981
2025-05-03,137642.80083077028,107804.72349252657,107664.29194170021
2025-05-04,137740.99844067072,107843.03966431,107701.15891166663
2025-05-05,137581.02091451854,107795.11595639275,107654.01926865894
2025-05-06,137795.29006255418,107825.0763083714,107683.7821281512
2025-05-07,137736.3819555588,107849.03839634561,107706.18805441509
2025-05-08,136894.65062924483,107586.9394028633,107453.09052768818
2025-05-09,136811.98551886535,107526.1661885697,107395.0057734787
2025-05-10,136060.8394497837,107326.31894472177,107215.77346107118
2025-05-11,136100.182120699,107349.37457303396,107236.76562760462
2025-05-12,135661.52292754964,107166.1989300079,107055.64868797606
2025-05-13,134551.9319149667,106958.55032246417,106852.62785884427
2025-05-14,134631.82105061496,106970.64030861447,106864.53493710935
2025-05-15,134543.56924367428,106990.61826015708,106881.66240098701
2025-05-16,134457.64116928194,106916.57203195587,106811.37887866759
2025-05-17,135321.48103078184,107067.41355368868,106958.35239397277
2025-05-18,134955.929480718,106991.04977376861,106884.95285278712
2025-05-19,135615.7055705069,107112.36381229856,107002.26846831324
2025-05-20,136016.707278705,107171.38981455303,107060.44531349916
2025-05-21,136955.1044460202,107357.16709109204,107241.77242217785
2025-05-22,137313.93433282734,107439.53730809264,107321.84517933687
2025-05-23,136858.07624859712,107299.5117367195,107182.56073002053
2025-05-24,137214.60772342415,107297.7789834942,107179.74360797013
2025-05-25,137389.0534696159,107324.51869121601,107206.04796949257
2025-05-26,137468.5521313447,107317.98195104499,107199.21704073573
2025-05-27,137421.44910371045,107288.33519267122,107170.11365248174
2025-05-28,137141.14116266943,107183.14440181325,107068.82795532126
2025-05-29,137459.74626370883,107181.37565922279,107067.51097675988
2025-05-30,137261.15283027204,107117.62807424336,107005.97418404157
2025-05-31,137586.4481933616,107170.32353120968,107057.71145938883
2025-06-01,137081.39157450557,107105.28839395913,106992.98420284157
2025-06-02,137164.99453506208,107095.73842909282,106984.3760102228
2025-06-03,136799.7817996818,107045.92401375277,106935.15561648393
2025-06-04,137167.09213956524,107166.91205855567,107051.90632525223
2025-06-05,136942.8628915074,107005.72540328692,106897.80396184103
2025-06-06,137188.4414427657,107045.97523970704,106936.59350193069
2025-06-07,137076.81439709783,107053.39910757188,106943.03484553754
2025-06-08,136467.57946191262,106972.91434775385,106864.14303709428
2025-06-09,135989.1183326773,106822.88246903995,106719.23452342124
2025-06-10,135999.23741745562,106851.9696553959,106746.1622126977
2025-06-11,135931.00672045207,106767.5321930711,106664.54715437444
2025-06-12,136033.57495559697,106750.64779894461,106649.08556351042
2025-06-13,136191.55765513392,106860.8752468841,106758.10993510614
2025-06-14,136788.63619904604,106970.80156792789,106866.05932856008
2025-06-15,136637.12541115072,106960.71137333289,106855.66987417084
2025-06-16,135948.32144673273,106809.16719735922,106708.18913101025
2025-06-17,136725.7513638519,106964.32217788717,106859.24946473402
2025-06-18,137007.14970985902,107029.74620194317,106923.2443752393
2025-06-19,137116.20213486566,107060.26648616116,106952.7844606772
2025-06-20,136418.17135638578,106942.10350434492,106836.93274694972
2025-06-21,135149.7780394418,106578.81602988522,106485.44467642593
2025-06-22,134868.73300124088,106514.34599166276,106422.75017040184
2025-06-23,135482.17487152677,106642.58878756175,106546.95511119717
2025-06-24,135652.87880292826,106671.80808448071,106575.60315021222
2025-06-25,135725.3088497855,106673.02380329411,106577.14952304373
2025-06-26,135822.30565862797,106687.65470416177,106590.08629580884
2025-06-27,136174.35237791814,106742.75030541513,106642.7898743561
2025-06-28,135295.99483943798,106617.73084939965,106519.42427069251
2025-06-29,135516.92578282618,106633.4349109101,106534.92921563856
2025-06-30,135331.3417457622,106590.53338055134,106491.58475876512
2025-07-01,134881.18932881777,106525.60926319785,106427.54560611285
2025-07-02,134512.58847712202,106325.66836735675,106235.85384338787
2025-07-03,133887.83287584287,106231.65321361474,106143.24753809736
2025-07-04,133976.15140556928,106241.02270812057,106152.62068691361
2025-07-05,133884.15582387606,106240.14546755943,106151.2849714715
2025-07-06,133903.09384314832,106274.83928863156,106184.30532746206
2025-07-07,133786.46381870634,106257.21698325951,106166.94722284279
2025-07-08,133683.5318455925,106195.0584754719,106107.11687312752
2025-07-09,133853.10900010273,106226.73536331864,106138.10095783793
2025-07-10,133914.498441007,106236.441820752,106147.64641860465
2025-07-11,133487.2448206718,106143.77772475523,106057.38998792271
2025-07-12,133578.09179655745,106161.70707129246,106073.91387124395
2025-07-13,133615.4051855642,106170.07067190445,106082.05376603166
2025-07-14,133488.98881954682,106134.26817752991,106047.3918094548
2025-07-15,133828.2837785538,106186.57376883902,106098.88055062949
2025-07-16,132625.1597418179,105785.32269729323,105711.2967381175
2025-07-17,132145.8501865092,105659.17108065379,105587.42005466047
2025-07-18,131806.77360406518,105538.73017850921,105471.25951752359
2025-07-19,132312.41201519457,105632.94373714662,105563.45907239673
2025-07-20,132107.67506997488,105539.322418543,105472.94949122377
2025-07-21,131917.32321673053,105493.48828762381,105428.40455859301
2025-07-22,131811.94327397505,105424.93492650948,105362.76685457122
2025-07-23,131619.0937015204,105329.09364213867,105269.00369491434
2025-07-24,131046.85370138602,105258.43484876136,105198.3661098011
2025-07-25,131515.95377370107,105321.90243388311,105261.19937120848
2025-07-26,131868.50157142716,105375.65148147478,105314.15719103183
2025-07-27,132264.88216885304,105461.17953651953,105397.51095696719
2025-07-28,131547.92664173568,105322.84512280338,105262.28632528949
2025-07-29,131930.94705551708,105365.39527120105,105303.83052230292
2025-07-30,132193.1277019445,105404.22753868229,105342.12819678373
2025-07-31,132044.84585580055,105411.29245957677,105348.01680529371
2025-08-01,132279.17434440536,105471.3090582204,105406.26371321184
2025-08-02,132117.57248183552,105481.65636562627,105415.19380041042
2025-08-03,132595.1842253013,105546.44687508247,105479.31004272435
2025-08-04,132143.96484805475,105414.55387718957,105351.66907712781
2025-08-05,132249.31284809412,105428.3370892854,105364.54548048797
2025-08-06,132475.40832829944,105474.12456745573,105408.59458024065
2025-08-07,131427.3442614624,105231.15390635816,105172.2608708199
2025-08-08,131945.4382754762,105350.47434473009,105288.36390821241
2025-08-09,132043.00887965542,105337.35400622615,105275.86053182551
2025-08-10,132013.72160552026,105325.74988186208,105264.2557059989
2025-08-11,132302.68163500435,105461.01703569411,105398.02099146563
2025-08-12,131688.63983010195,105366.58074360441,105304.1283281497
2025-08-13,131558.27842735095,105364.5117519603,105301.43256117821
2025-08-14,132165.86938644972,105530.19737637555,105462.02720727709
2025-08-15,131175.309869296,105346.30346205631,105282.06095003679
2025-08-16,131234.9565484627,105355.42285611312,105291.04579866411
2025-08-17,131406.63046787438,105389.48413533384,105324.2540922193
2025-08-18,131262.53800631693,105375.14628462889,105311.86398153161
2025-08-19,131915.14063274386,105523.10038274742,105455.31907883572
2025-08-20,132028.3570770424,105551.1441147674,105485.10720593158
2025-08-21,132395.31769676838,105614.01932054048,105546.79910900892
2025-08-22,132166.001586201,105586.18925525485,105520.36667437045
2025-08-23,132188.11010882593,105600.93758042864,105534.48441673088
2025-08-24,131823.14696826742,105580.18684365982,105512.7802047525
2025-08-25,131090.1776769021,105457.83167838762,105392.61778679171
2025-08-26,131115.99915979942,105486.72535763445,105420.18076451038
2025-08-27,130836.02483470847,105398.00768776628,105333.2968273202
2025-08-28,130678.56871531227,105360.66755141984,105296.95828555425
2025-08-29,130828.12216126356,105413.89839093683,105348.30638441269
2025-08-30,130288.43605242774,105334.84574575265,105270.28572265782
2025-08-31,130216.4725619833,105323.95499841856,105259.54896421423
2025-09-01,130402.1068805778,105331.87522732232,105267.7476923195
2025-09-02,130254.72038198837,105334.58187974113,105269.49457503317
2025-09-03,130292.00880407903,105306.14365143646,105242.71530242755
2025-09-04,130295.84698552362,105254.59848885985,105193.82045670638
2025-09-05,130799.78302669142,105311.72372308625,105249.61611864551
2025-09-06,131319.27341559128,105413.23395018188,105348.83729228613
2025-09-07,131112.59168469984,105403.58679380479,105338.53711411936
2025-09-08,131058.1580010701,105388.32423698083,105323.75115591545
2025-09-09,131788.16925426386,105492.17143814455,105425.73627419434
2025-09-10,131938.14251143797,105529.53015602542,105462.01722800548
2025-09-11,132648.88956583594,105693.29449948054,105621.3470936648
2025-09-12,132532.795792367,105695.12046322029,105622.44137396778
2025-09-13,132140.51946058744,105614.88570145631,105544.14613572085
2025-09-14,132117.89429230633,105622.66091538053,105551.07538406536
2025-09-15,131782.0423826208,105571.43377655966,105500.61150264365
2025-09-16,132339.1855212521,105674.68677797043,105601.67213298388
2025-09-17,132313.2461645125,105626.75453790661,105556.04561307657
2025-09-18,132383.49323684175,105648.45145398336,105577.91733504387
2025-09-19,132548.71479538217,105691.4542703719,105619.63428504349
2025-09-20,132318.5535882781,105655.17441348977,105583.66240402206
2025-09-21,131980.94695184944,105559.55632460941,105491.0672647751
2025-09-22,131501.9681419035,105473.1696521336,105406.44624521225
2025-09-23,131912.39190771146,105535.96240713765,105468.3141204213
2025-09-24,132065.1110825635,105623.91456826823,105553.33250865042
2025-09-25,132831.23671468208,105774.07611091707,105700.05507242937
2025-09-26,132507.7303111862,105719.69986051777,105646.67925226699
2025-09-27,132595.78463748068,105760.00829166721,105685.88987735228
2025-09-28,132548.61290763787,105759.9560830019,105685.58066833875
2025-09-29,132749.2399411394,105799.92084140393,105724.60810390297
2025-09-30,132654.71628757095,105763.0155229076,105688.37184509642
2025-10-01,132860.4738673287,105806.54153616008,105730.80583510279
2025-10-02,132861.3846099285,105795.25469752897,105720.10086924606
2025-10-03,133030.3294178537,105809.90165518336,105734.92773841022
2025-10-04,132882.35726451362,106056.9769904683,105984.8090982787
2025-10-05,133090.99774289862,106119.22309055661,106045.56131147011
2025-10-06,133143.66950121644,106126.5588346507,106052.8121269308
2025-10-07,133474.59896555115,106181.52702307697,106106.54113884983
2025-10-08,133607.82702892637,106216.30029498794,106139.80548810116
2025-10-09,133668.75732770702,106125.2071670109,106052.51513465101
2025-10-10,134237.262527568,106266.1314114763,106188.99284275172
2025-10-11,134436.51692572897,106337.56655961803,106257.86486272216
2025-10-12,133999.73153754644,106181.10061836048,106107.0165613341
2025-10-13,133828.84315105216,106177.40990227571,106101.7390612969
2025-10-14,133614.74607662542,106165.37188802435,106090.36659882682
2025-10-15,133829.61080765343,106202.36617121355,106126.31840793775
2025-10-16,134155.71888745434,106255.03905233523,106178.29031233281
2025-10-17,134253.99079276645,106414.01526048365,106337.4360876127
2025-10-18,134286.99081019504,106389.58525514697,106311.79356928707
2025-10-19,134274.12220701866,106426.68950253204,106346.93052567421
2025-10-20,133836.54487781643,106306.96603015704,106229.49731755779
2025-10-21,134315.1520901805,106332.65143120925,106251.82859249265
2025-10-22,134421.3596982782,106341.96691590836,106261.24782503082
2025-10-23,134104.7785287573,106307.23259170816,106226.66756994308
2025-10-24,134263.52282276464,106329.3774481717,106248.54815829381
2025-10-25,134404.3715071081,106352.49721815434,106271.25508952388
2025-10-26,134317.40652256733,106331.96317122,106252.54380184719
2025-10-27,134099.84353863576,106411.15734106943,106332.68102938803
2025-10-28,133718.46346239914,106356.75687353268,106278.74049000468
2025-10-29,133400.52857869177,106304.24718534244,106227.17025306087
2025-10-30,133143.14832299983,106256.31019766342,106180.26825722522
2025-10-31,133440.8317277198,106275.68687608527,106197.62684235488
2025-11-01,133538.01391939772,106290.42168065977,106212.14244185496
2025-11-02,133416.3981669896,106266.67076341076,106188.93784459478
2025-11-03,132906.4190110688,106192.65808447039,106115.9057222063
2025-11-04,132328.67087993465,106053.44811933384,105980.62583345608
2025-11-05,132722.93011678528,106141.8751337468,106066.71655303318
2025-11-06,133064.54477527796,106213.11527522496,106136.2016182611
2025-11-07,132721.74735731058,106133.48808669401,106057.54448690554
2025-11-08,132421.0216534734,106087.7062293724,106012.4428563312
2025-11-09,132813.65634146228,106152.93782089841,106076.51176260987
2025-11-10,133147.2471791133,106210.39488233365,106132.87207553847
2025-11-11,133383.12297214541,106325.5095665676,106243.32391007067
2025-11-12,133659.01973703213,106362.18760808338,106279.64309336022
2025-11-13,132990.0927546792,106169.53239993307,106091.75865287033
2025-11-14,133542.17820299786,106265.5887526875,106185.9457750721
2025-11-15,133654.8643641617,106508.12830349538,106428.81664305097
2025-11-16,133518.52960031375,106523.51349809335,106442.88865823968
2025-11-17,133642.75517901924,106531.62426582945,106449.59283151179
2025-11-18,132678.09299879693,106385.23107017843,106305.38260709414
2025-11-19,132570.50108619,106377.91989191419,106298.46127048384
2025-11-20,132251.78068563776,106345.70818068947,106266.13186610171
2025-11-21,133710.14955401287,106676.90875955603,106588.4876664274
2025-11-22,134046.34345644884,106715.68270052834,106625.39046142707
2025-11-23,134515.8107674232,106792.58138437048,106700.92841278344
2025-11-24,134532.66128514954,106840.96007062065,106745.21219130466
2025-11-25,134698.47895448835,106874.54340296162,106777.98199518511
2025-11-26,135005.08520625962,106920.85663579953,106823.59852451563
2025-11-27,135032.71574570943,106952.36565093452,106853.64231564083
2025-11-28,135069.42828280522,106969.97417822281,106870.01558150309
2025-11-29,135250.15342899968,107013.68725224579,106912.47298324935
2025-11-30,135254.2690481922,107008.4791537492,106907.40728371697
2025-12-01,135389.84755124786,107052.76233644712,106950.15765820142
2025-12-02,134762.85859207663,106885.12262836006,106785.66128842309
2025-12-03,134278.31125802235,106664.24873830136,106573.46951969304
2025-12-04,133986.06267526798,106621.48148214923,106531.2916449038
2025-12-05,134071.41417324805,106653.3705600614,106562.01562311844
2025-12-06,134387.13374174453,106699.94248194963,106607.9341154289
2025-12-07,134262.44623244353,106685.48200834505,106593.0009256009
2025-12-08,133960.9979165696,106690.42567510917,106597.11847779916
2025-12-09,133900.68985238697,106666.98379666677,106574.54681146996
2025-12-10,134064.76091188603,106707.63672788293,106614.01804783885
2025-12-11,134224.59695068255,106794.43789932362,106697.24737687202
2025-12-12,133589.52795721195,106627.99173174253,106535.8524201046
2025-12-13,133663.24614048112,106638.98186567867,106546.68532326732
2025-12-14,133997.30786328722,106715.71695825428,106621.3266916423
2025-12-15,134145.80119127815,106794.87920666963,106697.24632386852
2025-12-16,134435.41750082796,106927.5882677323,106829.19450938964
2025-12-17,133946.72482338778,106773.20245654687,106679.03148912397
2025-12-18,134695.97630277104,107012.38689648347,106911.42034432139
2025-12-19,134572.63589481436,106950.91486963828,106849.12986276457
2025-12-20,134741.2771190426,106976.68159646135,106874.49864353533
2025-12-21,135038.7529114089,107034.281560406,106930.77117034489
2025-12-22,135142.10713873873,107049.02228437987,106945.32020825367
2025-12-23,135150.18642260917,107043.40588804241,106940.03636972944
2025-12-24,135194.2047762697,107043.46712513576,106939.93904638042
2025-12-25,135081.72407224143,107037.69451170316,106933.84836547653
2025-12-26,135251.07247444187,107063.24115037607,106959.00901923674
2025-12-27,135366.2315052774,107089.01784875595,106984.09092975556
2025-12-28,135361.57303409695,107078.71940396332,106973.58998163078
2025-12-29,135288.33779702717,107097.51788996624,106991.02321878452
2025-12-30,135722.85186424974,107187.51487530678,107078.76990765001
2025-12-31,135906.350471281,107169.58252414547,107061.78646363216
2026-01-01,136103.95750287778,107192.8721971192,107084.95448722523
2026-01-02,136013.82366830105,107174.43715322745,107066.97697387387
2026-01-03,135949.0141175195,107164.7150621885,107057.40208552856
2026-01-04,136163.09758303346,107192.92395139561,107085.32589812689
2026-01-05,136208.2301907412,107238.36255671975,107128.67486080284
2026-01-06,136081.46582566545,107296.6968219593,107190.19869159992
2026-01-07,136403.00278403008,107323.31333903837,107215.73226592278
2026-01-08,136474.43988590507,107312.08242231401,107204.67641589444
2026-01-09,136434.16504522547,107287.2234560122,107179.88693465639
2026-01-10,136524.30402528806,107300.71774538823,107193.17693564032
2026-01-11,136284.45742750954,107249.42194840405,107143.21621630565
2026-01-12,136212.73211865875,107246.76169311085,107140.30317971352
2026-01-13,136469.50771807268,107291.29791512719,107183.94634368822
2026-01-14,136692.7671116229,107333.4032341525,107225.09931094233
2026-01-15,136724.99227489988,107309.18081828067,107200.02794366803
2026-01-16,136896.7429238696,107342.89273929584,107232.93723478336
2026-01-17,137055.56334678427,107359.09449901317,107248.4639774627
2026-01-18,137102.90988330546,107306.82661754671,107194.79887870618
2026-01-19,137324.0481351958,107338.84449936803,107226.36445565801
2026-01-20,136916.8505824895,107240.51863275652,107130.8991205022
2026-01-21,137319.5076143153,107275.25380985797,107159.011499055
2026-01-22,137744.16598337804,107354.04215519674,107234.9500583426
2026-01-23,137987.01864004036,107416.81144039599,107295.79350147431
2026-01-24,138259.78024956302,107464.20119838076,107342.20749029839
2026-01-25,137833.01364672146,107359.32934614975,107240.44906834327
2026-01-26,137702.41400406635,107278.59477354899,107159.47436210893
2026-01-27,137753.04448079527,107254.94638973074,107136.17030679199
2026-01-28,137947.0951440633,107293.72658471583,107173.35520164875
2026-01-29,137984.87761236457,107294.56505885224,107174.35322634838
2026-01-30,137621.2407951296,107128.85555231509,107015.22611447627
2026-01-31,136965.45555302827,107066.95203957532,106952.98489480966
2026-02-01,137916.50050430992,107260.47174446277,107141.67878596412
2026-02-02,139114.58207632622,107840.71808054943,107716.76267199568
2026-02-03,139438.0690166993,107959.99916675128,107831.62810118105
2026-02-04,139879.61330800076,108047.06913326032,107916.5670582642
2026-02-05,140129.8585130839,108107.78565641055,107975.48537272656
2026-02-06,141138.7210870005,108916.550318071,108786.36663514857
2026-02-07,140209.8066068304,108648.04131560274,108524.34078108578
2026-02-08,140491.21014249418,108681.828747121,108557.89205922773
2026-02-09,140605.8486525111,108732.51621031301,108606.52670356173
2026-02-10,140743.55713676676,108759.11851282974,108632.49280091343
2026-02-11,140975.46981839003,108892.50597235143,108764.11462829087
2026-02-12,141089.43256784164,108871.09913518449,108741.41117044855
2026-02-13,141041.53862864227,108850.37646459816,108721.50204936657
2026-02-14,140928.47292773204,108845.80342647393,108716.56283734106
2026-02-15,141007.8725589688,108818.1636718583,108690.77114378815
2026-02-16,141109.6297893488,108775.25742816977,108645.92777374464
2026-02-17,140909.96004158852,108681.2647507682,108555.71952740639
2026-02-18,140730.20913296987,108680.44594727948,108553.98653231707
2026-02-19,140937.90098824198,108670.76955444535,108545.91525012603
2026-02-20,141196.55383153478,108697.32630581004,108571.79259026329
2026-02-21,141153.0410042563,108690.9491859743,108565.51298376187
2026-02-22,141247.28569609576,108714.78360609243,108588.61993368431
2026-02-23,141230.8438460301,108750.04093779273,108621.97308632682
2026-02-24,141296.5498828539,108759.67296406726,108631.4576121301
2026-02-25,140842.23435107648,108663.82226882831,108537.56138820708
2026-02-26,141181.70438658932,108740.01265606716,108610.92588157266
2026-02-27,140241.2139023604,108585.796989815,108459.66427661906
2026-02-28,140343.33466816758,108605.95660580079,108479.33045746136
2026-03-01,139930.20942778903,108480.28004461188,108355.76781877191
2026-03-02,140396.76103906095,108549.13758696831,108423.57293421926
2026-03-03,140602.1601098704,108601.36272401104,108474.20249604665
2026-03-04,140725.71270237505,108616.44938944298,108489.1698843593
2026-03-05,141111.08396932576,108693.39100580906,108564.19754831823
2026-03-06,141483.39303713574,108763.76563974748,108632.92199551413
2026-03-07,141646.72799102173,108787.66963059989,108656.45933359327
2026-03-08,142167.4048483933,108904.57929507019,108770.09780405824
2026-03-09,142514.17167596766,109025.65970889779,108887.94926681402
2026-03-10,142858.27670801338,109072.9065958961,108934.57259906257
2026-03-11,143446.17188093177,109156.06998419423,109013.7843513748
2026-03-12,143693.44901553442,109231.33078459786,109086.45444537426
2026-03-13,143731.73713691812,109225.12411681248,109080.76934309809
2026-03-14,143318.10592657098,109165.28355200666,109021.85364405978
2026-03-15,143434.2787445702,109221.32562910957,109075.60993060443
2026-03-16,143035.94092497948,109082.90785234957,108942.2558545637
2026-03-17,143104.04695599322,109049.31584903196,108908.14003427386
2026-03-18,142541.98598899724,108902.8445682306,108766.28115582679
2026-03-19,142645.81619371413,108929.67571530554,108792.27443082863
2026-03-20,142814.65037202003,108934.37523879064,108796.42602479081
2026-03-21,142619.32513817487,108899.00647551042,108761.8557797069
2026-03-22,142889.98159697163,108959.55531118912,108820.70422014824
2026-03-23,142708.5342638324,108913.75977366607,108774.07487169515
2026-03-24,142625.50483387575,108918.37516876699,108778.01481557707
2026-03-25,142883.65715413462,108981.59529643816,108839.32917060959
2026-03-26,142524.99414794307,108891.77255357681,108752.2606761887
2026-03-27,142712.9417677647,108921.52671051216,108781.46858348775
2026-03-28,142647.71976796733,108909.9319498527,108769.97449267263
2026-03-29,142696.40733350295,108893.10670543839,108752.80660814361
2026-03-30,142791.7094705355,108912.95281259449,108772.12922012547
2026-03-31,142729.4318458133,108881.16011503473,108741.65122461323
2026-04-01,142693.0838063078,108879.18897160997,108738.66713831897
2026-04-02,142907.34810088115,108921.1750636203,108779.61208022329
2026-04-03,142916.40283820135,108932.2250005941,108790.1387325984
2026-04-04,143208.59782055437,108983.51994349113,108840.31947272852
2026-04-05,143403.4631072083,109024.56771604334,108879.59235349116
2026-04-06,143377.91847399197,109027.15210151956,108881.90919718021
2026-04-07,142629.55827838165,108822.38404379136,108681.30606154574
2026-04-08,142562.22387609215,108811.22388329603,108670.36809741685
2026-04-09,142776.86087561323,108785.93481609637,108645.35418970238
2026-04-10,142964.80805329452,108835.10259564118,108694.06534624657
2026-04-11,143064.55245720694,108854.5755571583,108715.82912758824
2026-04-12,142959.36628898972,108839.33903689573,108700.82738902378
2026-04-13,142652.11454198742,108698.18689383537,108565.35064641846
2026-04-14,142809.04223785404,108864.0210385837,108731.13867817368
2026-04-15,142510.69097609096,108778.33568348626,108647.32515241508
2026-04-16,142574.81020083782,108724.51437660464,108592.28525607294
2026-04-17,142645.4322993148,108733.81427141215,108601.47690600823
2026-04-18,142880.73959593175,108771.33844338314,108638.30263071312
2026-04-19,142905.68443589777,108786.83740914248,108651.36101736843
2026-04-20,143069.60614470113,108841.28900973416,108703.86297006435
2026-04-21,143136.70694711234,108877.35271882502,108740.25107099938
2026-04-22,143167.92036621957,108875.80570139563,108738.94768785867
2026-04-23,142987.00674902223,108785.84439336392,108650.71518068927
2026-04-24,143140.26062398386,108805.72194807132,108668.77376620925
2026-04-25,143256.21892181633,108822.5024239835,108685.29593333298
2026-04-26,143243.17022984984,108776.79157536033,108641.87663998925
2026-04-27,143362.75675760923,108794.55043913436,108659.3454128727
2026-04-28,143672.94510463878,108839.27153795987,108703.3821497039
2026-04-29,143940.92028698995,108892.45620769243,108755.22193133402
2026-04-30,143976.1237020451,108886.19720119663,108748.78779164856
2026-05-01,143711.37097030878,108821.825517677,108686.35841608896
2026-05-02,143970.2930662157,108864.31253398256,108728.00497921924
2026-05-03,144028.32991428548,108881.44948185368,108745.08511669224
2026-05-04,143991.28639356486,108818.2712216166,108682.42138276726
2026-05-05,143753.9142443641,108809.55097946161,108674.85100330603
2026-05-06,143685.60002472153,108815.57263031749,108681.3436283564
2026-05-07,143375.09083779145,108777.36198131162,108643.48264637587
2026-05-08,143118.04840801764,108739.26896773027,108604.24286858426
2026-05-09,143285.0283759793,108763.42184573082,108628.02435394014
2026-05-10,143313.20258547226,108844.669609411,108707.06890458165
2026-05-11,143271.3574740175,108742.5106659251,108606.09930157448
2026-05-12,143347.5811626235,108749.9274361123,108613.53226532962
2026-05-13,143486.49541211536,108775.15383732672,108637.51429710924
2026-05-14,143866.01326915546,108840.56264926783,108701.53044534953
2026-05-15,143991.91566197498,108838.21051419259,108699.3446306241
2026-05-16,144189.69552857394,108856.3847570091,108717.61147291679
2026-05-17,143889.1305681875,108733.22066798188,108599.14017716932
2026-05-18,144256.48007581042,108824.04385597735,108688.37408373349
2026-05-19,144442.2438188661,108825.02295984699,108688.72225279443
2026-05-20,144321.20220064616,108811.87815929468,108675.62694398778
2026-05-21,144573.93628184777,108859.95447627916,108722.53596931143
2026-05-22,144663.35809396135,108863.85558377727,108726.70009986596
2026-05-23,144619.13677970087,108864.22896809869,108726.82466758513
2026-05-24,144462.7918684826,108813.24915320391,108675.74770327765
2026-05-25,144630.32092521855,108826.7087466418,108688.52178341213
2026-05-26,144624.64131112458,108789.9323970012,108651.90187183922
2026-05-27,144640.9774914869,108771.02984811318,108634.06011353183
2026-05-28,144472.43157881987,108728.62656054356,108592.97166534093
2026-05-29,144666.69584994728,108890.96790106985,108756.3773416596
2026-05-30,144870.9893910939,108912.93103132534,108777.56327044683
2026-05-31,144561.6031205604,108834.43540540247,108701.51443967735
2026-06-01,144312.43422142396,108703.15214969426,108573.63080825542
2026-06-02,144483.93867415306,108723.92989151056,108594.22835815884
2026-06-03,144786.81171714538,108745.3766205869,108616.14139480806
2026-06-04,145033.9845467402,108793.37753197268,108662.94805591636
2026-06-05,144531.477228636,108651.46772815801,108525.75613999844
2026-06-06,145254.6275901892,108824.56303513111,108693.68221802758
2026-06-07,146377.008945282,109829.53621601424,109697.99400699548
2026-06-08,146903.27046598707,109958.24308651692,109822.78761805237
2026-06-09,146690.95929096962,109929.87694755278,109794.29343679854
2026-06-10,146675.81577843422,109954.08659514565,109817.03791910876
2026-06-11,146773.5816673192,109971.99333740697,109834.59647097817
2026-06-12,146857.99017427108,109955.89398316061,109817.86070346988
2026-06-13,147028.05137948864,109971.68397889723,109833.71386072671
2026-06-14,146735.0625201228,109916.45061159687,109779.82011833425
2026-06-15,145640.70785832114,109645.59396725331,109517.28796575821
2026-06-16,145562.0843633989,109612.13334068596,109483.80763565193
2026-06-17,146295.0842407904,109751.75006105755,109620.03590149709
2026-06-18,146274.77851352643,109758.71657849397,109626.53807635466
2026-06-19,146372.51179213997,109733.96103043793,109601.23440646222
2026-06-20,146274.8033690084,109706.66411718933,109572.87551447327
2026-06-21,146248.53710387068,109704.51230793516,109570.69882482897
2026-06-22,146135.5958160162,109665.06834407001,109532.33177909507
2026-06-23,145884.75297737223,109642.55373919732,109509.67997723995
2026-06-24,146323.25790265863,109716.74506582538,109582.45482992564
2026-06-25,146473.56604729415,109805.29852853986,109671.25616438674
2026-06-26,145830.76671086458,109742.92665840757,109608.14321180155
2026-06-27,145783.78430183217,109744.97579254281,109609.84273710885
2026-06-28,146063.9914540927,109803.5765996631,109666.87480494344
2026-06-29,146018.60574697473,109744.41960326178,109607.62923695288
2026-06-30,146023.6405259161,109750.38890734942,109613.31654497712
2026-07-01,146298.82193467574,109757.59581672621,109618.69658904572
2026-07-02,145655.2040836939,109602.0080289517,109467.81147618132
2026-07-03,146044.18319598134,109663.59166117641,109528.23684220189
2026-07-04,146244.67814127944,109692.71034607035,109556.89141445677
2026-07-05,145903.18682506506,109637.17614596078,109501.07928911492
2026-07-06,146394.29017486866,109703.38536371547,109565.6217176896
2026-07-07,146749.64030635965,109771.53354536249,109631.1533050799
2026-07-08,146659.23346081135,109766.86340755975,109626.2579010022
2026-07-09,146564.14100833077,109777.21822246382,109635.58701874354
2026-07-10,146835.14433788488,109807.83603418265,109666.02332676956
