{
  "mean": -0.0006633550566826693,
  "lower": -0.0007325472629828361,
  "upper": -0.0005934571525773181,
  "n_resamples": 10000,
  "ci": 0.95,
  "seed": 42
}