{
  "long": {
    "ETHUSDT": 0.027821522309711327,
    "SOLUSDT": 0.028608923884514487,
    "BTCUSDT": 0.04356955380577454
  },
  "short": {
    "BTCUSDT": 0.05643044619422617,
    "SOLUSDT": 0.07139107611548623,
    "ETHUSDT": 0.07217847769028939
  }
}