timestamp,equity
2026-01-01 00:00:00+00:00,100000.0
2026-01-01 00:15:00+00:00,100000.0
2026-01-01 00:30:00+00:00,100000.0
2026-01-01 00:45:00+00:00,100000.0
2026-01-01 01:00:00+00:00,100000.0
2026-01-01 01:15:00+00:00,100000.0
2026-01-01 01:30:00+00:00,100000.0
2026-01-01 01:45:00+00:00,100000.0
2026-01-01 02:00:00+00:00,100000.0
2026-01-01 02:15:00+00:00,100000.0
2026-01-01 02:30:00+00:00,100000.0
2026-01-01 02:45:00+00:00,100000.0
2026-01-01 03:00:00+00:00,100000.0
2026-01-01 03:15:00+00:00,100000.0
2026-01-01 03:30:00+00:00,100000.0
2026-01-01 03:45:00+00:00,100000.0
2026-01-01 04:00:00+00:00,100000.0
2026-01-01 04:15:00+00:00,100000.0
2026-01-01 04:30:00+00:00,100000.0
2026-01-01 04:45:00+00:00,100000.0
2026-01-01 05:00:00+00:00,100000.0
2026-01-01 05:15:00+00:00,100000.0
2026-01-01 05:30:00+00:00,100000.0
2026-01-01 05:45:00+00:00,100000.0
2026-01-01 06:00:00+00:00,100000.0
2026-01-01 06:15:00+00:00,100000.0
2026-01-01 06:30:00+00:00,100000.0
2026-01-01 06:45:00+00:00,100000.0
2026-01-01 07:00:00+00:00,100000.0
2026-01-01 07:15:00+00:00,100000.0
2026-01-01 07:30:00+00:00,100000.0
2026-01-01 07:45:00+00:00,100000.0
2026-01-01 08:00:00+00:00,100000.0
2026-01-01 08:15:00+00:00,100000.0
2026-01-01 08:30:00+00:00,100000.0
2026-01-01 08:45:00+00:00,100000.0
2026-01-01 09:00:00+00:00,100000.0
2026-01-01 09:15:00+00:00,100000.0
2026-01-01 09:30:00+00:00,100000.0
2026-01-01 09:45:00+00:00,100000.0
2026-01-01 10:00:00+00:00,100000.0
2026-01-01 10:15:00+00:00,100000.0
2026-01-01 10:30:00+00:00,100000.0
2026-01-01 10:45:00+00:00,100000.0
2026-01-01 11:00:00+00:00,100000.0
2026-01-01 11:15:00+00:00,100000.0
2026-01-01 11:30:00+00:00,100000.0
2026-01-01 11:45:00+00:00,100000.0
2026-01-01 12:00:00+00:00,100000.0
2026-01-01 12:15:00+00:00,100000.0
2026-01-01 12:30:00+00:00,100000.0
2026-01-01 12:45:00+00:00,100000.0
2026-01-01 13:00:00+00:00,100000.0
2026-01-01 13:15:00+00:00,100000.0
2026-01-01 13:30:00+00:00,100000.0
2026-01-01 13:45:00+00:00,100000.0
2026-01-01 14:00:00+00:00,100000.0
2026-01-01 14:15:00+00:00,100000.0
2026-01-01 14:30:00+00:00,100000.0
2026-01-01 14:45:00+00:00,100000.0
2026-01-01 15:00:00+00:00,100000.0
2026-01-01 15:15:00+00:00,100000.0
2026-01-01 15:30:00+00:00,100000.0
2026-01-01 15:45:00+00:00,100000.0
2026-01-01 16:00:00+00:00,100000.0
2026-01-01 16:15:00+00:00,100000.0
2026-01-01 16:30:00+00:00,100000.0
2026-01-01 16:45:00+00:00,100000.0
2026-01-01 17:00:00+00:00,100000.0
2026-01-01 17:15:00+00:00,100000.0
2026-01-01 17:30:00+00:00,100000.0
2026-01-01 17:45:00+00:00,100000.0
2026-01-01 18:00:00+00:00,100000.0
2026-01-01 18:15:00+00:00,100000.0
2026-01-01 18:30:00+00:00,100000.0
2026-01-01 18:45:00+00:00,100000.0
2026-01-01 19:00:00+00:00,100000.0
2026-01-01 19:15:00+00:00,100000.0
2026-01-01 19:30:00+00:00,100000.0
2026-01-01 19:45:00+00:00,100000.0
2026-01-01 20:00:00+00:00,100000.0
2026-01-01 20:15:00+00:00,100000.0
2026-01-01 20:30:00+00:00,100000.0
2026-01-01 20:45:00+00:00,100000.0
2026-01-01 21:00:00+00:00,100000.0
2026-01-01 21:15:00+00:00,100000.0
2026-01-01 21:30:00+00:00,100000.0
2026-01-01 21:45:00+00:00,100000.0
2026-01-01 22:00:00+00:00,100000.0
2026-01-01 22:15:00+00:00,100000.0
2026-01-01 22:30:00+00:00,100000.0
2026-01-01 22:45:00+00:00,100000.0
2026-01-01 23:00:00+00:00,100000.0
2026-01-01 23:15:00+00:00,100000.0
2026-01-01 23:30:00+00:00,100000.0
2026-01-01 23:45:00+00:00,100000.0
2026-01-02 00:00:00+00:00,100000.0
2026-01-02 00:15:00+00:00,100000.0
2026-01-02 00:30:00+00:00,100000.0
2026-01-02 00:45:00+00:00,100000.0
2026-01-02 01:00:00+00:00,100000.0
2026-01-02 01:15:00+00:00,100000.0
2026-01-02 01:30:00+00:00,100000.0
2026-01-02 01:45:00+00:00,100000.0
2026-01-02 02:00:00+00:00,100000.0
2026-01-02 02:15:00+00:00,100000.0
2026-01-02 02:30:00+00:00,100000.0
2026-01-02 02:45:00+00:00,100000.0
2026-01-02 03:00:00+00:00,100000.0
2026-01-02 03:15:00+00:00,100000.0
2026-01-02 03:30:00+00:00,100000.0
2026-01-02 03:45:00+00:00,100000.0
2026-01-02 04:00:00+00:00,100000.0
2026-01-02 04:15:00+00:00,100000.0
2026-01-02 04:30:00+00:00,100000.0
2026-01-02 04:45:00+00:00,100000.0
2026-01-02 05:00:00+00:00,100000.0
2026-01-02 05:15:00+00:00,100000.0
2026-01-02 05:30:00+00:00,100000.0
2026-01-02 05:45:00+00:00,100000.0
2026-01-02 06:00:00+00:00,100000.0
2026-01-02 06:15:00+00:00,100000.0
2026-01-02 06:30:00+00:00,100000.0
2026-01-02 06:45:00+00:00,100000.0
2026-01-02 07:00:00+00:00,100000.0
2026-01-02 07:15:00+00:00,100000.0
2026-01-02 07:30:00+00:00,100000.0
2026-01-02 07:45:00+00:00,100000.0
2026-01-02 08:00:00+00:00,100000.0
2026-01-02 08:15:00+00:00,100000.0
2026-01-02 08:30:00+00:00,99999.50652603873
2026-01-02 08:45:00+00:00,99998.05218979991
2026-01-02 09:00:00+00:00,99990.3599167888
2026-01-02 09:15:00+00:00,99990.3599167888
2026-01-02 09:30:00+00:00,99990.3599167888
2026-01-02 09:45:00+00:00,99990.3599167888
2026-01-02 10:00:00+00:00,99990.3599167888
2026-01-02 10:15:00+00:00,99990.3599167888
2026-01-02 10:30:00+00:00,99990.3599167888
2026-01-02 10:45:00+00:00,99990.3599167888
2026-01-02 11:00:00+00:00,99990.3599167888
2026-01-02 11:15:00+00:00,99990.3599167888
2026-01-02 11:30:00+00:00,99990.3599167888
2026-01-02 11:45:00+00:00,99990.3599167888
2026-01-02 12:00:00+00:00,99990.3599167888
2026-01-02 12:15:00+00:00,99990.3599167888
2026-01-02 12:30:00+00:00,99990.3599167888
2026-01-02 12:45:00+00:00,99990.3599167888
2026-01-02 13:00:00+00:00,99990.3599167888
2026-01-02 13:15:00+00:00,99990.3599167888
2026-01-02 13:30:00+00:00,99990.3599167888
2026-01-02 13:45:00+00:00,99990.3599167888
2026-01-02 14:00:00+00:00,99990.3599167888
2026-01-02 14:15:00+00:00,99990.3599167888
2026-01-02 14:30:00+00:00,99990.3599167888
2026-01-02 14:45:00+00:00,99990.3599167888
2026-01-02 15:00:00+00:00,99990.3599167888
2026-01-02 15:15:00+00:00,99990.3599167888
2026-01-02 15:30:00+00:00,99990.3599167888
2026-01-02 15:45:00+00:00,99990.3599167888
2026-01-02 16:00:00+00:00,99990.3599167888
2026-01-02 16:15:00+00:00,99985.607469259
2026-01-02 16:30:00+00:00,99974.95403651455
2026-01-02 16:45:00+00:00,99974.95403651455
2026-01-02 17:00:00+00:00,99974.95403651455
2026-01-02 17:15:00+00:00,99974.95403651455
2026-01-02 17:30:00+00:00,99974.95403651455
2026-01-02 17:45:00+00:00,99974.95403651455
2026-01-02 18:00:00+00:00,99974.95403651455
2026-01-02 18:15:00+00:00,99974.95403651455
2026-01-02 18:30:00+00:00,99974.95403651455
2026-01-02 18:45:00+00:00,99974.95403651455
2026-01-02 19:00:00+00:00,99974.95403651455
2026-01-02 19:15:00+00:00,99974.95403651455
2026-01-02 19:30:00+00:00,99974.95403651455
2026-01-02 19:45:00+00:00,99974.95403651455
2026-01-02 20:00:00+00:00,99974.95403651455
2026-01-02 20:15:00+00:00,99974.95403651455
2026-01-02 20:30:00+00:00,99974.95403651455
2026-01-02 20:45:00+00:00,99974.95403651455
2026-01-02 21:00:00+00:00,99974.95403651455
2026-01-02 21:15:00+00:00,99974.95403651455
2026-01-02 21:30:00+00:00,99974.95403651455
2026-01-02 21:45:00+00:00,99974.95403651455
2026-01-02 22:00:00+00:00,99974.95403651455
2026-01-02 22:15:00+00:00,99974.95403651455
2026-01-02 22:30:00+00:00,99974.95403651455
2026-01-02 22:45:00+00:00,99974.95403651455
2026-01-02 23:00:00+00:00,99974.95403651455
2026-01-02 23:15:00+00:00,99974.95403651455
2026-01-02 23:30:00+00:00,99974.95403651455
2026-01-02 23:45:00+00:00,99974.95403651455
2026-01-03 00:00:00+00:00,99974.95403651455
2026-01-03 00:15:00+00:00,99974.95403651455
2026-01-03 00:30:00+00:00,99974.95403651455
2026-01-03 00:45:00+00:00,99974.95403651455
2026-01-03 01:00:00+00:00,99974.95403651455
2026-01-03 01:15:00+00:00,99974.95403651455
2026-01-03 01:30:00+00:00,99974.95403651455
2026-01-03 01:45:00+00:00,99974.95403651455
2026-01-03 02:00:00+00:00,99974.95403651455
2026-01-03 02:15:00+00:00,99974.95403651455
2026-01-03 02:30:00+00:00,99974.95403651455
2026-01-03 02:45:00+00:00,99974.95403651455
2026-01-03 03:00:00+00:00,99974.95403651455
2026-01-03 03:15:00+00:00,99974.95403651455
2026-01-03 03:30:00+00:00,99974.95403651455
2026-01-03 03:45:00+00:00,99974.95403651455
2026-01-03 04:00:00+00:00,99974.95403651455
2026-01-03 04:15:00+00:00,99974.95403651455
2026-01-03 04:30:00+00:00,99974.95403651455
2026-01-03 04:45:00+00:00,99974.95403651455
2026-01-03 05:00:00+00:00,99974.95403651455
2026-01-03 05:15:00+00:00,99974.95403651455
2026-01-03 05:30:00+00:00,99974.95403651455
2026-01-03 05:45:00+00:00,99974.95403651455
2026-01-03 06:00:00+00:00,99974.95403651455
2026-01-03 06:15:00+00:00,99974.95403651455
2026-01-03 06:30:00+00:00,99974.95403651455
2026-01-03 06:45:00+00:00,99974.95403651455
2026-01-03 07:00:00+00:00,99974.95403651455
2026-01-03 07:15:00+00:00,99974.95403651455
2026-01-03 07:30:00+00:00,99974.95403651455
2026-01-03 07:45:00+00:00,99974.95403651455
2026-01-03 08:00:00+00:00,99974.95403651455
2026-01-03 08:15:00+00:00,99974.95403651455
2026-01-03 08:30:00+00:00,99974.95403651455
2026-01-03 08:45:00+00:00,99974.95403651455
2026-01-03 09:00:00+00:00,99974.95403651455
2026-01-03 09:15:00+00:00,99974.95403651455
2026-01-03 09:30:00+00:00,99974.95403651455
2026-01-03 09:45:00+00:00,99974.95403651455
2026-01-03 10:00:00+00:00,99974.95403651455
2026-01-03 10:15:00+00:00,99974.95403651455
2026-01-03 10:30:00+00:00,99974.95403651455
2026-01-03 10:45:00+00:00,99974.95403651455
2026-01-03 11:00:00+00:00,99974.95403651455
2026-01-03 11:15:00+00:00,99974.95403651455
2026-01-03 11:30:00+00:00,99974.95403651455
2026-01-03 11:45:00+00:00,99974.95403651455
2026-01-03 12:00:00+00:00,99974.95403651455
2026-01-03 12:15:00+00:00,99974.95403651455
2026-01-03 12:30:00+00:00,99974.95403651455
2026-01-03 12:45:00+00:00,99974.95403651455
2026-01-03 13:00:00+00:00,99974.95403651455
2026-01-03 13:15:00+00:00,99974.95403651455
2026-01-03 13:30:00+00:00,99974.95403651455
2026-01-03 13:45:00+00:00,99974.95403651455
2026-01-03 14:00:00+00:00,99974.95403651455
2026-01-03 14:15:00+00:00,99974.95403651455
2026-01-03 14:30:00+00:00,99974.95403651455
2026-01-03 14:45:00+00:00,99974.95403651455
2026-01-03 15:00:00+00:00,99974.95403651455
2026-01-03 15:15:00+00:00,99974.95403651455
2026-01-03 15:30:00+00:00,99974.95403651455
2026-01-03 15:45:00+00:00,99974.95403651455
2026-01-03 16:00:00+00:00,99974.95403651455
2026-01-03 16:15:00+00:00,99974.95403651455
2026-01-03 16:30:00+00:00,99974.95403651455
2026-01-03 16:45:00+00:00,99974.95403651455
2026-01-03 17:00:00+00:00,99974.95403651455
2026-01-03 17:15:00+00:00,99974.95403651455
2026-01-03 17:30:00+00:00,99974.95403651455
2026-01-03 17:45:00+00:00,99974.95403651455
2026-01-03 18:00:00+00:00,99974.95403651455
2026-01-03 18:15:00+00:00,99974.95403651455
2026-01-03 18:30:00+00:00,99974.95403651455
2026-01-03 18:45:00+00:00,99974.95403651455
2026-01-03 19:00:00+00:00,99974.95403651455
2026-01-03 19:15:00+00:00,99974.95403651455
2026-01-03 19:30:00+00:00,99974.95403651455
2026-01-03 19:45:00+00:00,99974.95403651455
2026-01-03 20:00:00+00:00,99974.95403651455
2026-01-03 20:15:00+00:00,99974.95403651455
2026-01-03 20:30:00+00:00,99974.95403651455
2026-01-03 20:45:00+00:00,99974.95403651455
2026-01-03 21:00:00+00:00,99974.95403651455
2026-01-03 21:15:00+00:00,99974.95403651455
2026-01-03 21:30:00+00:00,99974.95403651455
2026-01-03 21:45:00+00:00,99974.95403651455
2026-01-03 22:00:00+00:00,99974.95403651455
2026-01-03 22:15:00+00:00,99974.95403651455
2026-01-03 22:30:00+00:00,99974.95403651455
2026-01-03 22:45:00+00:00,99974.95403651455
2026-01-03 23:00:00+00:00,99974.95403651455
2026-01-03 23:15:00+00:00,99974.95403651455
2026-01-03 23:30:00+00:00,99974.95403651455
2026-01-03 23:45:00+00:00,99974.95403651455
2026-01-04 00:00:00+00:00,99974.95403651455
2026-01-04 00:15:00+00:00,99974.95403651455
2026-01-04 00:30:00+00:00,99974.95403651455
2026-01-04 00:45:00+00:00,99972.06552101053
2026-01-04 01:00:00+00:00,99973.00393429615
2026-01-04 01:15:00+00:00,99975.50587934548
2026-01-04 01:30:00+00:00,99976.33672296866
2026-01-04 01:45:00+00:00,99973.8036032856
2026-01-04 02:00:00+00:00,99975.60325594607
2026-01-04 02:15:00+00:00,99974.25841192952
2026-01-04 02:30:00+00:00,99974.98316490691
2026-01-04 02:45:00+00:00,99971.17286303062
2026-01-04 03:00:00+00:00,99971.17286303062
2026-01-04 03:15:00+00:00,99971.17286303062
2026-01-04 03:30:00+00:00,99971.17286303062
2026-01-04 03:45:00+00:00,99971.17286303062
2026-01-04 04:00:00+00:00,99971.17286303062
2026-01-04 04:15:00+00:00,99971.17286303062
2026-01-04 04:30:00+00:00,99971.17286303062
2026-01-04 04:45:00+00:00,99971.17286303062
2026-01-04 05:00:00+00:00,99971.17286303062
2026-01-04 05:15:00+00:00,99971.17286303062
2026-01-04 05:30:00+00:00,99971.17286303062
2026-01-04 05:45:00+00:00,99971.17286303062
2026-01-04 06:00:00+00:00,99971.17286303062
2026-01-04 06:15:00+00:00,99971.17286303062
2026-01-04 06:30:00+00:00,99971.17286303062
2026-01-04 06:45:00+00:00,99971.17286303062
2026-01-04 07:00:00+00:00,99971.17286303062
2026-01-04 07:15:00+00:00,99971.17286303062
2026-01-04 07:30:00+00:00,99971.17286303062
2026-01-04 07:45:00+00:00,99971.17286303062
2026-01-04 08:00:00+00:00,99971.17286303062
2026-01-04 08:15:00+00:00,99971.17286303062
2026-01-04 08:30:00+00:00,99971.17286303062
2026-01-04 08:45:00+00:00,99971.17286303062
2026-01-04 09:00:00+00:00,99971.17286303062
2026-01-04 09:15:00+00:00,99971.17286303062
2026-01-04 09:30:00+00:00,99971.17286303062
2026-01-04 09:45:00+00:00,99971.17286303062
2026-01-04 10:00:00+00:00,99971.17286303062
2026-01-04 10:15:00+00:00,99971.17286303062
2026-01-04 10:30:00+00:00,99971.17286303062
2026-01-04 10:45:00+00:00,99971.17286303062
2026-01-04 11:00:00+00:00,99971.17286303062
2026-01-04 11:15:00+00:00,99971.17286303062
2026-01-04 11:30:00+00:00,99971.17286303062
2026-01-04 11:45:00+00:00,99971.17286303062
2026-01-04 12:00:00+00:00,99971.17286303062
2026-01-04 12:15:00+00:00,99971.17286303062
2026-01-04 12:30:00+00:00,99971.17286303062
2026-01-04 12:45:00+00:00,99971.17286303062
2026-01-04 13:00:00+00:00,99971.17286303062
2026-01-04 13:15:00+00:00,99971.17286303062
2026-01-04 13:30:00+00:00,99971.17286303062
2026-01-04 13:45:00+00:00,99971.17286303062
2026-01-04 14:00:00+00:00,99971.17286303062
2026-01-04 14:15:00+00:00,99971.17286303062
2026-01-04 14:30:00+00:00,99971.17286303062
2026-01-04 14:45:00+00:00,99971.17286303062
2026-01-04 15:00:00+00:00,99971.17286303062
2026-01-04 15:15:00+00:00,99971.17286303062
2026-01-04 15:30:00+00:00,99971.17286303062
2026-01-04 15:45:00+00:00,99971.17286303062
2026-01-04 16:00:00+00:00,99971.17286303062
2026-01-04 16:15:00+00:00,99971.17286303062
2026-01-04 16:30:00+00:00,99971.17286303062
2026-01-04 16:45:00+00:00,99971.17286303062
2026-01-04 17:00:00+00:00,99971.17286303062
2026-01-04 17:15:00+00:00,99971.17286303062
2026-01-04 17:30:00+00:00,99971.17286303062
2026-01-04 17:45:00+00:00,99971.17286303062
2026-01-04 18:00:00+00:00,99971.17286303062
2026-01-04 18:15:00+00:00,99971.17286303062
2026-01-04 18:30:00+00:00,99971.17286303062
2026-01-04 18:45:00+00:00,99971.17286303062
2026-01-04 19:00:00+00:00,99971.17286303062
2026-01-04 19:15:00+00:00,99971.17286303062
2026-01-04 19:30:00+00:00,99971.17286303062
2026-01-04 19:45:00+00:00,99971.17286303062
2026-01-04 20:00:00+00:00,99971.17286303062
2026-01-04 20:15:00+00:00,99971.17286303062
2026-01-04 20:30:00+00:00,99971.17286303062
2026-01-04 20:45:00+00:00,99971.17286303062
2026-01-04 21:00:00+00:00,99971.17286303062
2026-01-04 21:15:00+00:00,99971.17286303062
2026-01-04 21:30:00+00:00,99971.17286303062
2026-01-04 21:45:00+00:00,99971.17286303062
2026-01-04 22:00:00+00:00,99971.17286303062
2026-01-04 22:15:00+00:00,99971.17286303062
2026-01-04 22:30:00+00:00,99971.17286303062
2026-01-04 22:45:00+00:00,99971.17286303062
2026-01-04 23:00:00+00:00,99971.17286303062
2026-01-04 23:15:00+00:00,99971.17286303062
2026-01-04 23:30:00+00:00,99971.17286303062
2026-01-04 23:45:00+00:00,99971.17286303062
2026-01-05 00:00:00+00:00,99971.17286303062
2026-01-05 00:15:00+00:00,99971.17286303062
2026-01-05 00:30:00+00:00,99971.17286303062
2026-01-05 00:45:00+00:00,99971.17286303062
2026-01-05 01:00:00+00:00,99971.17286303062
2026-01-05 01:15:00+00:00,99971.17286303062
2026-01-05 01:30:00+00:00,99971.17286303062
2026-01-05 01:45:00+00:00,99971.17286303062
2026-01-05 02:00:00+00:00,99971.17286303062
2026-01-05 02:15:00+00:00,99971.17286303062
2026-01-05 02:30:00+00:00,99971.17286303062
2026-01-05 02:45:00+00:00,99971.17286303062
2026-01-05 03:00:00+00:00,99971.17286303062
2026-01-05 03:15:00+00:00,99971.17286303062
2026-01-05 03:30:00+00:00,99971.17286303062
2026-01-05 03:45:00+00:00,99971.17286303062
2026-01-05 04:00:00+00:00,99971.17286303062
2026-01-05 04:15:00+00:00,99971.17286303062
2026-01-05 04:30:00+00:00,99971.17286303062
2026-01-05 04:45:00+00:00,99971.17286303062
2026-01-05 05:00:00+00:00,99971.17286303062
2026-01-05 05:15:00+00:00,99971.17286303062
2026-01-05 05:30:00+00:00,99971.17286303062
2026-01-05 05:45:00+00:00,99971.17286303062
2026-01-05 06:00:00+00:00,99971.17286303062
2026-01-05 06:15:00+00:00,99971.17286303062
2026-01-05 06:30:00+00:00,99971.17286303062
2026-01-05 06:45:00+00:00,99971.17286303062
2026-01-05 07:00:00+00:00,99971.17286303062
2026-01-05 07:15:00+00:00,99971.17286303062
2026-01-05 07:30:00+00:00,99971.17286303062
2026-01-05 07:45:00+00:00,99971.17286303062
2026-01-05 08:00:00+00:00,99971.17286303062
2026-01-05 08:15:00+00:00,99971.17286303062
2026-01-05 08:30:00+00:00,99971.17286303062
2026-01-05 08:45:00+00:00,99971.17286303062
2026-01-05 09:00:00+00:00,99971.17286303062
2026-01-05 09:15:00+00:00,99971.17286303062
2026-01-05 09:30:00+00:00,99971.17286303062
2026-01-05 09:45:00+00:00,99971.17286303062
2026-01-05 10:00:00+00:00,99971.17286303062
2026-01-05 10:15:00+00:00,99971.17286303062
2026-01-05 10:30:00+00:00,99971.17286303062
2026-01-05 10:45:00+00:00,99971.17286303062
2026-01-05 11:00:00+00:00,99971.17286303062
2026-01-05 11:15:00+00:00,99971.17286303062
2026-01-05 11:30:00+00:00,99971.17286303062
2026-01-05 11:45:00+00:00,99971.17286303062
2026-01-05 12:00:00+00:00,99971.17286303062
2026-01-05 12:15:00+00:00,99971.17286303062
2026-01-05 12:30:00+00:00,99971.17286303062
2026-01-05 12:45:00+00:00,99971.17286303062
2026-01-05 13:00:00+00:00,99971.17286303062
2026-01-05 13:15:00+00:00,99971.17286303062
2026-01-05 13:30:00+00:00,99971.17286303062
2026-01-05 13:45:00+00:00,99971.17286303062
2026-01-05 14:00:00+00:00,99971.17286303062
2026-01-05 14:15:00+00:00,99971.17286303062
2026-01-05 14:30:00+00:00,99971.17286303062
2026-01-05 14:45:00+00:00,99971.17286303062
2026-01-05 15:00:00+00:00,99971.17286303062
2026-01-05 15:15:00+00:00,99971.17286303062
2026-01-05 15:30:00+00:00,99971.17286303062
2026-01-05 15:45:00+00:00,99971.17286303062
2026-01-05 16:00:00+00:00,99971.17286303062
2026-01-05 16:15:00+00:00,99972.59712043867
2026-01-05 16:30:00+00:00,99974.39382233113
2026-01-05 16:45:00+00:00,99974.78086437198
2026-01-05 17:00:00+00:00,99975.22018177339
2026-01-05 17:15:00+00:00,99978.3943341017
2026-01-05 17:30:00+00:00,99978.3943341017
2026-01-05 17:45:00+00:00,99978.3943341017
2026-01-05 18:00:00+00:00,99978.3943341017
2026-01-05 18:15:00+00:00,99978.3943341017
2026-01-05 18:30:00+00:00,99978.3943341017
2026-01-05 18:45:00+00:00,99978.3943341017
2026-01-05 19:00:00+00:00,99978.3943341017
2026-01-05 19:15:00+00:00,99978.3943341017
2026-01-05 19:30:00+00:00,99978.3943341017
2026-01-05 19:45:00+00:00,99978.3943341017
2026-01-05 20:00:00+00:00,99978.3943341017
2026-01-05 20:15:00+00:00,99973.17462037802
2026-01-05 20:30:00+00:00,99982.0440548971
2026-01-05 20:45:00+00:00,99982.14070994798
2026-01-05 21:00:00+00:00,99985.09007618751
2026-01-05 21:15:00+00:00,99987.54223931799
2026-01-05 21:30:00+00:00,99988.3417812225
2026-01-05 21:45:00+00:00,99988.3417812225
2026-01-05 22:00:00+00:00,99988.3417812225
2026-01-05 22:15:00+00:00,99988.3417812225
2026-01-05 22:30:00+00:00,99988.3417812225
2026-01-05 22:45:00+00:00,99988.3417812225
2026-01-05 23:00:00+00:00,99988.3417812225
2026-01-05 23:15:00+00:00,99988.3417812225
2026-01-05 23:30:00+00:00,99988.3417812225
2026-01-05 23:45:00+00:00,99988.3417812225
2026-01-06 00:00:00+00:00,99988.3417812225
2026-01-06 00:15:00+00:00,99988.3417812225
2026-01-06 00:30:00+00:00,99988.3417812225
2026-01-06 00:45:00+00:00,99988.3417812225
2026-01-06 01:00:00+00:00,99988.3417812225
2026-01-06 01:15:00+00:00,99988.3417812225
2026-01-06 01:30:00+00:00,99988.3417812225
2026-01-06 01:45:00+00:00,99988.3417812225
2026-01-06 02:00:00+00:00,99988.3417812225
2026-01-06 02:15:00+00:00,99988.3417812225
2026-01-06 02:30:00+00:00,99988.3417812225
2026-01-06 02:45:00+00:00,99988.3417812225
2026-01-06 03:00:00+00:00,99988.3417812225
2026-01-06 03:15:00+00:00,99988.3417812225
2026-01-06 03:30:00+00:00,99988.3417812225
2026-01-06 03:45:00+00:00,99988.3417812225
2026-01-06 04:00:00+00:00,99988.3417812225
2026-01-06 04:15:00+00:00,99988.3417812225
2026-01-06 04:30:00+00:00,99988.3417812225
2026-01-06 04:45:00+00:00,99988.3417812225
2026-01-06 05:00:00+00:00,99988.3417812225
2026-01-06 05:15:00+00:00,99988.3417812225
2026-01-06 05:30:00+00:00,99988.3417812225
2026-01-06 05:45:00+00:00,99988.3417812225
2026-01-06 06:00:00+00:00,99988.3417812225
2026-01-06 06:15:00+00:00,99988.3417812225
2026-01-06 06:30:00+00:00,99988.3417812225
2026-01-06 06:45:00+00:00,99988.3417812225
2026-01-06 07:00:00+00:00,99988.3417812225
2026-01-06 07:15:00+00:00,99988.3417812225
2026-01-06 07:30:00+00:00,99988.3417812225
2026-01-06 07:45:00+00:00,99988.3417812225
2026-01-06 08:00:00+00:00,99988.3417812225
2026-01-06 08:15:00+00:00,99988.3417812225
2026-01-06 08:30:00+00:00,99988.3417812225
2026-01-06 08:45:00+00:00,99988.3417812225
2026-01-06 09:00:00+00:00,99988.3417812225
2026-01-06 09:15:00+00:00,99988.3417812225
2026-01-06 09:30:00+00:00,99988.3417812225
2026-01-06 09:45:00+00:00,99988.3417812225
2026-01-06 10:00:00+00:00,99988.3417812225
2026-01-06 10:15:00+00:00,99988.3417812225
2026-01-06 10:30:00+00:00,99988.3417812225
2026-01-06 10:45:00+00:00,99988.3417812225
2026-01-06 11:00:00+00:00,99988.3417812225
2026-01-06 11:15:00+00:00,99988.3417812225
2026-01-06 11:30:00+00:00,99988.3417812225
2026-01-06 11:45:00+00:00,99988.3417812225
2026-01-06 12:00:00+00:00,99988.3417812225
2026-01-06 12:15:00+00:00,99988.3417812225
2026-01-06 12:30:00+00:00,99988.3417812225
2026-01-06 12:45:00+00:00,99988.3417812225
2026-01-06 13:00:00+00:00,99988.3417812225
2026-01-06 13:15:00+00:00,99988.3417812225
2026-01-06 13:30:00+00:00,99988.3417812225
2026-01-06 13:45:00+00:00,99988.3417812225
2026-01-06 14:00:00+00:00,99988.3417812225
2026-01-06 14:15:00+00:00,99988.3417812225
2026-01-06 14:30:00+00:00,99988.3417812225
2026-01-06 14:45:00+00:00,99988.3417812225
2026-01-06 15:00:00+00:00,99988.3417812225
2026-01-06 15:15:00+00:00,99988.3417812225
2026-01-06 15:30:00+00:00,99988.3417812225
2026-01-06 15:45:00+00:00,99988.3417812225
2026-01-06 16:00:00+00:00,99988.3417812225
2026-01-06 16:15:00+00:00,99988.3417812225
2026-01-06 16:30:00+00:00,99988.3417812225
2026-01-06 16:45:00+00:00,99988.3417812225
2026-01-06 17:00:00+00:00,99988.3417812225
2026-01-06 17:15:00+00:00,99988.3417812225
2026-01-06 17:30:00+00:00,99988.3417812225
2026-01-06 17:45:00+00:00,99988.3417812225
2026-01-06 18:00:00+00:00,99988.3417812225
2026-01-06 18:15:00+00:00,99988.3417812225
2026-01-06 18:30:00+00:00,99988.3417812225
2026-01-06 18:45:00+00:00,99988.3417812225
2026-01-06 19:00:00+00:00,99988.3417812225
2026-01-06 19:15:00+00:00,99988.3417812225
2026-01-06 19:30:00+00:00,99988.3417812225
2026-01-06 19:45:00+00:00,99988.3417812225
2026-01-06 20:00:00+00:00,99988.3417812225
2026-01-06 20:15:00+00:00,99988.3417812225
2026-01-06 20:30:00+00:00,99988.3417812225
2026-01-06 20:45:00+00:00,99988.3417812225
2026-01-06 21:00:00+00:00,99988.3417812225
2026-01-06 21:15:00+00:00,99988.3417812225
2026-01-06 21:30:00+00:00,99988.3417812225
2026-01-06 21:45:00+00:00,99988.3417812225
2026-01-06 22:00:00+00:00,99988.3417812225
2026-01-06 22:15:00+00:00,99988.3417812225
2026-01-06 22:30:00+00:00,99988.3417812225
2026-01-06 22:45:00+00:00,99988.3417812225
2026-01-06 23:00:00+00:00,99988.3417812225
2026-01-06 23:15:00+00:00,99988.3417812225
2026-01-06 23:30:00+00:00,99988.3417812225
2026-01-06 23:45:00+00:00,99988.3417812225
2026-01-07 00:00:00+00:00,99988.3417812225
2026-01-07 00:15:00+00:00,99988.3417812225
2026-01-07 00:30:00+00:00,99988.3417812225
2026-01-07 00:45:00+00:00,99988.3417812225
2026-01-07 01:00:00+00:00,99988.3417812225
2026-01-07 01:15:00+00:00,99988.3417812225
2026-01-07 01:30:00+00:00,99988.3417812225
2026-01-07 01:45:00+00:00,99988.3417812225
2026-01-07 02:00:00+00:00,99988.3417812225
2026-01-07 02:15:00+00:00,99988.3417812225
2026-01-07 02:30:00+00:00,99988.3417812225
2026-01-07 02:45:00+00:00,99988.3417812225
2026-01-07 03:00:00+00:00,99988.3417812225
2026-01-07 03:15:00+00:00,99988.3417812225
2026-01-07 03:30:00+00:00,99988.3417812225
2026-01-07 03:45:00+00:00,99988.3417812225
2026-01-07 04:00:00+00:00,99988.3417812225
2026-01-07 04:15:00+00:00,99988.3417812225
2026-01-07 04:30:00+00:00,99988.3417812225
2026-01-07 04:45:00+00:00,99988.3417812225
2026-01-07 05:00:00+00:00,99988.3417812225
2026-01-07 05:15:00+00:00,99988.3417812225
2026-01-07 05:30:00+00:00,99988.3417812225
2026-01-07 05:45:00+00:00,99988.3417812225
2026-01-07 06:00:00+00:00,99988.3417812225
2026-01-07 06:15:00+00:00,99988.3417812225
2026-01-07 06:30:00+00:00,99988.3417812225
2026-01-07 06:45:00+00:00,99988.3417812225
2026-01-07 07:00:00+00:00,99988.3417812225
2026-01-07 07:15:00+00:00,99988.3417812225
2026-01-07 07:30:00+00:00,99988.3417812225
2026-01-07 07:45:00+00:00,99988.3417812225
2026-01-07 08:00:00+00:00,99988.3417812225
2026-01-07 08:15:00+00:00,99988.3417812225
2026-01-07 08:30:00+00:00,99988.3417812225
2026-01-07 08:45:00+00:00,99988.3417812225
2026-01-07 09:00:00+00:00,99988.3417812225
2026-01-07 09:15:00+00:00,99988.3417812225
2026-01-07 09:30:00+00:00,99988.3417812225
2026-01-07 09:45:00+00:00,99988.3417812225
2026-01-07 10:00:00+00:00,99988.3417812225
2026-01-07 10:15:00+00:00,99988.3417812225
2026-01-07 10:30:00+00:00,99988.3417812225
2026-01-07 10:45:00+00:00,99988.3417812225
2026-01-07 11:00:00+00:00,99988.3417812225
2026-01-07 11:15:00+00:00,99988.3417812225
2026-01-07 11:30:00+00:00,99988.3417812225
2026-01-07 11:45:00+00:00,99988.3417812225
2026-01-07 12:00:00+00:00,99988.3417812225
2026-01-07 12:15:00+00:00,99988.3417812225
2026-01-07 12:30:00+00:00,99988.3417812225
2026-01-07 12:45:00+00:00,99988.3417812225
2026-01-07 13:00:00+00:00,99988.3417812225
2026-01-07 13:15:00+00:00,99988.3417812225
2026-01-07 13:30:00+00:00,99988.3417812225
2026-01-07 13:45:00+00:00,99988.3417812225
2026-01-07 14:00:00+00:00,99988.3417812225
2026-01-07 14:15:00+00:00,99988.3417812225
2026-01-07 14:30:00+00:00,99988.3417812225
2026-01-07 14:45:00+00:00,99988.3417812225
2026-01-07 15:00:00+00:00,99988.3417812225
2026-01-07 15:15:00+00:00,99988.3417812225
2026-01-07 15:30:00+00:00,99988.3417812225
2026-01-07 15:45:00+00:00,99988.3417812225
2026-01-07 16:00:00+00:00,99988.3417812225
2026-01-07 16:15:00+00:00,99988.3417812225
2026-01-07 16:30:00+00:00,99988.3417812225
2026-01-07 16:45:00+00:00,99988.3417812225
2026-01-07 17:00:00+00:00,99988.3417812225
2026-01-07 17:15:00+00:00,99988.3417812225
2026-01-07 17:30:00+00:00,99988.3417812225
2026-01-07 17:45:00+00:00,99988.3417812225
2026-01-07 18:00:00+00:00,99988.3417812225
2026-01-07 18:15:00+00:00,99988.3417812225
2026-01-07 18:30:00+00:00,99988.3417812225
2026-01-07 18:45:00+00:00,99988.3417812225
2026-01-07 19:00:00+00:00,99988.3417812225
2026-01-07 19:15:00+00:00,99988.3417812225
2026-01-07 19:30:00+00:00,99988.3417812225
2026-01-07 19:45:00+00:00,99988.3417812225
2026-01-07 20:00:00+00:00,99988.3417812225
2026-01-07 20:15:00+00:00,99988.3417812225
2026-01-07 20:30:00+00:00,99988.3417812225
2026-01-07 20:45:00+00:00,99988.3417812225
2026-01-07 21:00:00+00:00,99988.3417812225
2026-01-07 21:15:00+00:00,99988.3417812225
2026-01-07 21:30:00+00:00,99988.3417812225
2026-01-07 21:45:00+00:00,99988.3417812225
2026-01-07 22:00:00+00:00,99988.3417812225
2026-01-07 22:15:00+00:00,99988.3417812225
2026-01-07 22:30:00+00:00,99988.3417812225
2026-01-07 22:45:00+00:00,99988.3417812225
2026-01-07 23:00:00+00:00,99988.3417812225
2026-01-07 23:15:00+00:00,99988.3417812225
2026-01-07 23:30:00+00:00,99988.3417812225
2026-01-07 23:45:00+00:00,99988.3417812225
2026-01-08 00:00:00+00:00,99988.3417812225
2026-01-08 00:15:00+00:00,99988.3417812225
2026-01-08 00:30:00+00:00,99988.3417812225
2026-01-08 00:45:00+00:00,99988.3417812225
2026-01-08 01:00:00+00:00,99988.3417812225
2026-01-08 01:15:00+00:00,99988.3417812225
2026-01-08 01:30:00+00:00,99988.3417812225
2026-01-08 01:45:00+00:00,99988.3417812225
2026-01-08 02:00:00+00:00,99988.3417812225
2026-01-08 02:15:00+00:00,99988.3417812225
2026-01-08 02:30:00+00:00,99988.3417812225
2026-01-08 02:45:00+00:00,99988.3417812225
2026-01-08 03:00:00+00:00,99988.3417812225
2026-01-08 03:15:00+00:00,99988.3417812225
2026-01-08 03:30:00+00:00,99988.3417812225
2026-01-08 03:45:00+00:00,99988.3417812225
2026-01-08 04:00:00+00:00,99988.3417812225
2026-01-08 04:15:00+00:00,99988.3417812225
2026-01-08 04:30:00+00:00,99988.3417812225
2026-01-08 04:45:00+00:00,99988.3417812225
2026-01-08 05:00:00+00:00,99988.3417812225
2026-01-08 05:15:00+00:00,99988.3417812225
2026-01-08 05:30:00+00:00,99988.3417812225
2026-01-08 05:45:00+00:00,99988.3417812225
2026-01-08 06:00:00+00:00,99988.3417812225
2026-01-08 06:15:00+00:00,99988.3417812225
2026-01-08 06:30:00+00:00,99988.3417812225
2026-01-08 06:45:00+00:00,99988.3417812225
2026-01-08 07:00:00+00:00,99988.3417812225
2026-01-08 07:15:00+00:00,99988.3417812225
2026-01-08 07:30:00+00:00,99988.3417812225
2026-01-08 07:45:00+00:00,99988.3417812225
2026-01-08 08:00:00+00:00,99988.3417812225
2026-01-08 08:15:00+00:00,99988.3417812225
2026-01-08 08:30:00+00:00,99988.3417812225
2026-01-08 08:45:00+00:00,99988.3417812225
2026-01-08 09:00:00+00:00,99988.3417812225
2026-01-08 09:15:00+00:00,99988.3417812225
2026-01-08 09:30:00+00:00,99988.3417812225
2026-01-08 09:45:00+00:00,99988.3417812225
2026-01-08 10:00:00+00:00,99988.3417812225
2026-01-08 10:15:00+00:00,99988.3417812225
2026-01-08 10:30:00+00:00,99988.3417812225
2026-01-08 10:45:00+00:00,99988.3417812225
2026-01-08 11:00:00+00:00,99988.3417812225
2026-01-08 11:15:00+00:00,99988.3417812225
2026-01-08 11:30:00+00:00,99988.3417812225
2026-01-08 11:45:00+00:00,99988.3417812225
2026-01-08 12:00:00+00:00,99988.3417812225
2026-01-08 12:15:00+00:00,99988.3417812225
2026-01-08 12:30:00+00:00,99988.3417812225
2026-01-08 12:45:00+00:00,99988.3417812225
2026-01-08 13:00:00+00:00,99988.3417812225
2026-01-08 13:15:00+00:00,99988.3417812225
2026-01-08 13:30:00+00:00,99988.3417812225
2026-01-08 13:45:00+00:00,99988.3417812225
2026-01-08 14:00:00+00:00,99988.3417812225
2026-01-08 14:15:00+00:00,99988.3417812225
2026-01-08 14:30:00+00:00,99988.3417812225
2026-01-08 14:45:00+00:00,99988.3417812225
2026-01-08 15:00:00+00:00,99988.3417812225
2026-01-08 15:15:00+00:00,99988.3417812225
2026-01-08 15:30:00+00:00,99988.3417812225
2026-01-08 15:45:00+00:00,99988.3417812225
2026-01-08 16:00:00+00:00,99988.3417812225
2026-01-08 16:15:00+00:00,99988.3417812225
2026-01-08 16:30:00+00:00,99988.3417812225
2026-01-08 16:45:00+00:00,99988.3417812225
2026-01-08 17:00:00+00:00,99988.3417812225
2026-01-08 17:15:00+00:00,99988.3417812225
2026-01-08 17:30:00+00:00,99988.3417812225
2026-01-08 17:45:00+00:00,99988.3417812225
2026-01-08 18:00:00+00:00,99988.3417812225
2026-01-08 18:15:00+00:00,99988.3417812225
2026-01-08 18:30:00+00:00,99988.3417812225
2026-01-08 18:45:00+00:00,99988.3417812225
2026-01-08 19:00:00+00:00,99988.3417812225
2026-01-08 19:15:00+00:00,99988.3417812225
2026-01-08 19:30:00+00:00,99988.3417812225
2026-01-08 19:45:00+00:00,99988.3417812225
2026-01-08 20:00:00+00:00,99988.3417812225
2026-01-08 20:15:00+00:00,99988.3417812225
2026-01-08 20:30:00+00:00,99988.3417812225
2026-01-08 20:45:00+00:00,99988.3417812225
2026-01-08 21:00:00+00:00,99984.94980814485
2026-01-08 21:15:00+00:00,99985.23467771076
2026-01-08 21:30:00+00:00,99982.61291145917
2026-01-08 21:45:00+00:00,99972.4179011279
2026-01-08 22:00:00+00:00,99972.4179011279
2026-01-08 22:15:00+00:00,99972.4179011279
2026-01-08 22:30:00+00:00,99972.4179011279
2026-01-08 22:45:00+00:00,99972.4179011279
2026-01-08 23:00:00+00:00,99972.4179011279
2026-01-08 23:15:00+00:00,99972.4179011279
2026-01-08 23:30:00+00:00,99972.4179011279
2026-01-08 23:45:00+00:00,99972.4179011279
2026-01-09 00:00:00+00:00,99972.4179011279
2026-01-09 00:15:00+00:00,99972.4179011279
2026-01-09 00:30:00+00:00,99972.4179011279
2026-01-09 00:45:00+00:00,99972.4179011279
2026-01-09 01:00:00+00:00,99972.4179011279
2026-01-09 01:15:00+00:00,99972.4179011279
2026-01-09 01:30:00+00:00,99972.4179011279
2026-01-09 01:45:00+00:00,99972.4179011279
2026-01-09 02:00:00+00:00,99972.4179011279
2026-01-09 02:15:00+00:00,99972.4179011279
2026-01-09 02:30:00+00:00,99972.4179011279
2026-01-09 02:45:00+00:00,99972.4179011279
2026-01-09 03:00:00+00:00,99972.4179011279
2026-01-09 03:15:00+00:00,99972.4179011279
2026-01-09 03:30:00+00:00,99972.4179011279
2026-01-09 03:45:00+00:00,99972.4179011279
2026-01-09 04:00:00+00:00,99972.4179011279
2026-01-09 04:15:00+00:00,99972.4179011279
2026-01-09 04:30:00+00:00,99972.4179011279
2026-01-09 04:45:00+00:00,99972.4179011279
2026-01-09 05:00:00+00:00,99972.4179011279
2026-01-09 05:15:00+00:00,99972.4179011279
2026-01-09 05:30:00+00:00,99972.4179011279
2026-01-09 05:45:00+00:00,99972.4179011279
2026-01-09 06:00:00+00:00,99972.4179011279
2026-01-09 06:15:00+00:00,99972.4179011279
2026-01-09 06:30:00+00:00,99972.4179011279
2026-01-09 06:45:00+00:00,99972.4179011279
2026-01-09 07:00:00+00:00,99972.4179011279
2026-01-09 07:15:00+00:00,99972.4179011279
2026-01-09 07:30:00+00:00,99972.4179011279
2026-01-09 07:45:00+00:00,99972.4179011279
2026-01-09 08:00:00+00:00,99972.4179011279
2026-01-09 08:15:00+00:00,99972.4179011279
2026-01-09 08:30:00+00:00,99972.4179011279
2026-01-09 08:45:00+00:00,99972.4179011279
2026-01-09 09:00:00+00:00,99972.4179011279
2026-01-09 09:15:00+00:00,99972.4179011279
2026-01-09 09:30:00+00:00,99972.4179011279
2026-01-09 09:45:00+00:00,99972.4179011279
2026-01-09 10:00:00+00:00,99972.4179011279
2026-01-09 10:15:00+00:00,99972.4179011279
2026-01-09 10:30:00+00:00,99972.4179011279
2026-01-09 10:45:00+00:00,99972.4179011279
2026-01-09 11:00:00+00:00,99972.4179011279
2026-01-09 11:15:00+00:00,99972.4179011279
2026-01-09 11:30:00+00:00,99972.4179011279
2026-01-09 11:45:00+00:00,99972.4179011279
2026-01-09 12:00:00+00:00,99972.4179011279
2026-01-09 12:15:00+00:00,99972.4179011279
2026-01-09 12:30:00+00:00,99972.4179011279
2026-01-09 12:45:00+00:00,99972.4179011279
2026-01-09 13:00:00+00:00,99972.4179011279
2026-01-09 13:15:00+00:00,99972.4179011279
2026-01-09 13:30:00+00:00,99972.4179011279
2026-01-09 13:45:00+00:00,99972.4179011279
2026-01-09 14:00:00+00:00,99972.4179011279
2026-01-09 14:15:00+00:00,99972.4179011279
2026-01-09 14:30:00+00:00,99972.4179011279
2026-01-09 14:45:00+00:00,99972.4179011279
2026-01-09 15:00:00+00:00,99972.4179011279
2026-01-09 15:15:00+00:00,99972.4179011279
2026-01-09 15:30:00+00:00,99972.4179011279
2026-01-09 15:45:00+00:00,99972.4179011279
2026-01-09 16:00:00+00:00,99972.4179011279
2026-01-09 16:15:00+00:00,99972.4179011279
2026-01-09 16:30:00+00:00,99972.4179011279
2026-01-09 16:45:00+00:00,99972.4179011279
2026-01-09 17:00:00+00:00,99972.4179011279
2026-01-09 17:15:00+00:00,99972.4179011279
2026-01-09 17:30:00+00:00,99972.4179011279
2026-01-09 17:45:00+00:00,99972.4179011279
2026-01-09 18:00:00+00:00,99972.4179011279
2026-01-09 18:15:00+00:00,99972.4179011279
2026-01-09 18:30:00+00:00,99972.4179011279
2026-01-09 18:45:00+00:00,99972.4179011279
2026-01-09 19:00:00+00:00,99972.4179011279
2026-01-09 19:15:00+00:00,99972.4179011279
2026-01-09 19:30:00+00:00,99972.4179011279
2026-01-09 19:45:00+00:00,99972.4179011279
2026-01-09 20:00:00+00:00,99972.4179011279
2026-01-09 20:15:00+00:00,99972.4179011279
2026-01-09 20:30:00+00:00,99972.4179011279
2026-01-09 20:45:00+00:00,99972.4179011279
2026-01-09 21:00:00+00:00,99972.4179011279
2026-01-09 21:15:00+00:00,99972.4179011279
2026-01-09 21:30:00+00:00,99972.4179011279
2026-01-09 21:45:00+00:00,99972.4179011279
2026-01-09 22:00:00+00:00,99972.4179011279
2026-01-09 22:15:00+00:00,99972.4179011279
2026-01-09 22:30:00+00:00,99972.4179011279
2026-01-09 22:45:00+00:00,99972.4179011279
2026-01-09 23:00:00+00:00,99972.4179011279
2026-01-09 23:15:00+00:00,99972.4179011279
2026-01-09 23:30:00+00:00,99972.4179011279
2026-01-09 23:45:00+00:00,99972.4179011279
2026-01-10 00:00:00+00:00,99972.4179011279
2026-01-10 00:15:00+00:00,99972.4179011279
2026-01-10 00:30:00+00:00,99972.4179011279
2026-01-10 00:45:00+00:00,99972.4179011279
2026-01-10 01:00:00+00:00,99972.4179011279
2026-01-10 01:15:00+00:00,99972.4179011279
2026-01-10 01:30:00+00:00,99972.4179011279
2026-01-10 01:45:00+00:00,99972.4179011279
2026-01-10 02:00:00+00:00,99972.4179011279
2026-01-10 02:15:00+00:00,99972.4179011279
2026-01-10 02:30:00+00:00,99972.4179011279
2026-01-10 02:45:00+00:00,99972.4179011279
2026-01-10 03:00:00+00:00,99972.4179011279
2026-01-10 03:15:00+00:00,99972.4179011279
2026-01-10 03:30:00+00:00,99972.4179011279
2026-01-10 03:45:00+00:00,99972.4179011279
2026-01-10 04:00:00+00:00,99972.4179011279
2026-01-10 04:15:00+00:00,99972.4179011279
2026-01-10 04:30:00+00:00,99972.4179011279
2026-01-10 04:45:00+00:00,99972.4179011279
2026-01-10 05:00:00+00:00,99972.4179011279
2026-01-10 05:15:00+00:00,99972.4179011279
2026-01-10 05:30:00+00:00,99972.4179011279
2026-01-10 05:45:00+00:00,99972.4179011279
2026-01-10 06:00:00+00:00,99972.4179011279
2026-01-10 06:15:00+00:00,99972.4179011279
2026-01-10 06:30:00+00:00,99972.4179011279
2026-01-10 06:45:00+00:00,99972.4179011279
2026-01-10 07:00:00+00:00,99972.4179011279
2026-01-10 07:15:00+00:00,99972.4179011279
2026-01-10 07:30:00+00:00,99972.4179011279
2026-01-10 07:45:00+00:00,99972.4179011279
2026-01-10 08:00:00+00:00,99972.4179011279
2026-01-10 08:15:00+00:00,99972.4179011279
2026-01-10 08:30:00+00:00,99972.4179011279
2026-01-10 08:45:00+00:00,99972.4179011279
2026-01-10 09:00:00+00:00,99972.4179011279
2026-01-10 09:15:00+00:00,99972.4179011279
2026-01-10 09:30:00+00:00,99972.4179011279
2026-01-10 09:45:00+00:00,99972.4179011279
2026-01-10 10:00:00+00:00,99972.4179011279
2026-01-10 10:15:00+00:00,99972.4179011279
2026-01-10 10:30:00+00:00,99972.4179011279
2026-01-10 10:45:00+00:00,99972.4179011279
2026-01-10 11:00:00+00:00,99972.4179011279
2026-01-10 11:15:00+00:00,99972.4179011279
2026-01-10 11:30:00+00:00,99972.4179011279
2026-01-10 11:45:00+00:00,99972.4179011279
2026-01-10 12:00:00+00:00,99972.4179011279
2026-01-10 12:15:00+00:00,99972.4179011279
2026-01-10 12:30:00+00:00,99972.4179011279
2026-01-10 12:45:00+00:00,99972.4179011279
2026-01-10 13:00:00+00:00,99972.4179011279
2026-01-10 13:15:00+00:00,99972.4179011279
2026-01-10 13:30:00+00:00,99972.4179011279
2026-01-10 13:45:00+00:00,99972.4179011279
2026-01-10 14:00:00+00:00,99972.4179011279
2026-01-10 14:15:00+00:00,99972.4179011279
2026-01-10 14:30:00+00:00,99972.4179011279
2026-01-10 14:45:00+00:00,99972.4179011279
2026-01-10 15:00:00+00:00,99972.4179011279
2026-01-10 15:15:00+00:00,99972.4179011279
2026-01-10 15:30:00+00:00,99972.4179011279
2026-01-10 15:45:00+00:00,99972.4179011279
2026-01-10 16:00:00+00:00,99972.4179011279
2026-01-10 16:15:00+00:00,99972.4179011279
2026-01-10 16:30:00+00:00,99972.4179011279
2026-01-10 16:45:00+00:00,99972.4179011279
2026-01-10 17:00:00+00:00,99972.4179011279
2026-01-10 17:15:00+00:00,99972.4179011279
2026-01-10 17:30:00+00:00,99972.4179011279
2026-01-10 17:45:00+00:00,99972.4179011279
2026-01-10 18:00:00+00:00,99972.4179011279
2026-01-10 18:15:00+00:00,99972.4179011279
2026-01-10 18:30:00+00:00,99972.4179011279
2026-01-10 18:45:00+00:00,99972.4179011279
2026-01-10 19:00:00+00:00,99972.4179011279
2026-01-10 19:15:00+00:00,99972.4179011279
2026-01-10 19:30:00+00:00,99972.4179011279
2026-01-10 19:45:00+00:00,99972.4179011279
2026-01-10 20:00:00+00:00,99972.4179011279
2026-01-10 20:15:00+00:00,99972.4179011279
2026-01-10 20:30:00+00:00,99972.4179011279
2026-01-10 20:45:00+00:00,99972.4179011279
2026-01-10 21:00:00+00:00,99972.4179011279
2026-01-10 21:15:00+00:00,99972.4179011279
2026-01-10 21:30:00+00:00,99972.4179011279
2026-01-10 21:45:00+00:00,99972.4179011279
2026-01-10 22:00:00+00:00,99972.4179011279
2026-01-10 22:15:00+00:00,99972.4179011279
2026-01-10 22:30:00+00:00,99972.4179011279
2026-01-10 22:45:00+00:00,99972.4179011279
2026-01-10 23:00:00+00:00,99972.4179011279
2026-01-10 23:15:00+00:00,99972.4179011279
2026-01-10 23:30:00+00:00,99972.4179011279
2026-01-10 23:45:00+00:00,99972.4179011279
2026-01-11 00:00:00+00:00,99972.4179011279
2026-01-11 00:15:00+00:00,99972.4179011279
2026-01-11 00:30:00+00:00,99972.4179011279
2026-01-11 00:45:00+00:00,99972.4179011279
2026-01-11 01:00:00+00:00,99972.4179011279
2026-01-11 01:15:00+00:00,99972.4179011279
2026-01-11 01:30:00+00:00,99972.4179011279
2026-01-11 01:45:00+00:00,99972.4179011279
2026-01-11 02:00:00+00:00,99972.4179011279
2026-01-11 02:15:00+00:00,99972.4179011279
2026-01-11 02:30:00+00:00,99972.4179011279
2026-01-11 02:45:00+00:00,99972.4179011279
2026-01-11 03:00:00+00:00,99972.4179011279
2026-01-11 03:15:00+00:00,99972.4179011279
2026-01-11 03:30:00+00:00,99972.4179011279
2026-01-11 03:45:00+00:00,99972.4179011279
2026-01-11 04:00:00+00:00,99972.4179011279
2026-01-11 04:15:00+00:00,99972.4179011279
2026-01-11 04:30:00+00:00,99972.4179011279
2026-01-11 04:45:00+00:00,99972.4179011279
2026-01-11 05:00:00+00:00,99972.4179011279
2026-01-11 05:15:00+00:00,99972.4179011279
2026-01-11 05:30:00+00:00,99972.4179011279
2026-01-11 05:45:00+00:00,99972.4179011279
2026-01-11 06:00:00+00:00,99972.4179011279
2026-01-11 06:15:00+00:00,99972.4179011279
2026-01-11 06:30:00+00:00,99972.4179011279
2026-01-11 06:45:00+00:00,99972.4179011279
2026-01-11 07:00:00+00:00,99972.4179011279
2026-01-11 07:15:00+00:00,99972.4179011279
2026-01-11 07:30:00+00:00,99972.4179011279
2026-01-11 07:45:00+00:00,99972.4179011279
2026-01-11 08:00:00+00:00,99972.4179011279
2026-01-11 08:15:00+00:00,99972.4179011279
2026-01-11 08:30:00+00:00,99972.4179011279
2026-01-11 08:45:00+00:00,99972.4179011279
2026-01-11 09:00:00+00:00,99972.4179011279
2026-01-11 09:15:00+00:00,99972.4179011279
2026-01-11 09:30:00+00:00,99972.4179011279
2026-01-11 09:45:00+00:00,99972.4179011279
2026-01-11 10:00:00+00:00,99972.4179011279
2026-01-11 10:15:00+00:00,99972.4179011279
2026-01-11 10:30:00+00:00,99972.4179011279
2026-01-11 10:45:00+00:00,99972.4179011279
2026-01-11 11:00:00+00:00,99972.4179011279
2026-01-11 11:15:00+00:00,99972.4179011279
2026-01-11 11:30:00+00:00,99972.4179011279
2026-01-11 11:45:00+00:00,99972.4179011279
2026-01-11 12:00:00+00:00,99972.4179011279
2026-01-11 12:15:00+00:00,99972.4179011279
2026-01-11 12:30:00+00:00,99972.4179011279
2026-01-11 12:45:00+00:00,99972.4179011279
2026-01-11 13:00:00+00:00,99972.4179011279
2026-01-11 13:15:00+00:00,99972.4179011279
2026-01-11 13:30:00+00:00,99972.4179011279
2026-01-11 13:45:00+00:00,99972.4179011279
2026-01-11 14:00:00+00:00,99972.4179011279
2026-01-11 14:15:00+00:00,99972.4179011279
2026-01-11 14:30:00+00:00,99972.4179011279
2026-01-11 14:45:00+00:00,99972.4179011279
2026-01-11 15:00:00+00:00,99972.4179011279
2026-01-11 15:15:00+00:00,99972.4179011279
2026-01-11 15:30:00+00:00,99972.4179011279
2026-01-11 15:45:00+00:00,99972.4179011279
2026-01-11 16:00:00+00:00,99972.4179011279
2026-01-11 16:15:00+00:00,99972.4179011279
2026-01-11 16:30:00+00:00,99972.4179011279
2026-01-11 16:45:00+00:00,99972.4179011279
2026-01-11 17:00:00+00:00,99972.4179011279
2026-01-11 17:15:00+00:00,99972.4179011279
2026-01-11 17:30:00+00:00,99972.4179011279
2026-01-11 17:45:00+00:00,99972.4179011279
2026-01-11 18:00:00+00:00,99972.4179011279
2026-01-11 18:15:00+00:00,99972.4179011279
2026-01-11 18:30:00+00:00,99972.4179011279
2026-01-11 18:45:00+00:00,99972.4179011279
2026-01-11 19:00:00+00:00,99972.4179011279
2026-01-11 19:15:00+00:00,99972.4179011279
2026-01-11 19:30:00+00:00,99972.4179011279
2026-01-11 19:45:00+00:00,99972.4179011279
2026-01-11 20:00:00+00:00,99972.4179011279
2026-01-11 20:15:00+00:00,99972.4179011279
2026-01-11 20:30:00+00:00,99972.4179011279
2026-01-11 20:45:00+00:00,99972.4179011279
2026-01-11 21:00:00+00:00,99972.4179011279
2026-01-11 21:15:00+00:00,99972.4179011279
2026-01-11 21:30:00+00:00,99972.4179011279
2026-01-11 21:45:00+00:00,99972.4179011279
2026-01-11 22:00:00+00:00,99972.4179011279
2026-01-11 22:15:00+00:00,99972.4179011279
2026-01-11 22:30:00+00:00,99972.4179011279
2026-01-11 22:45:00+00:00,99972.4179011279
2026-01-11 23:00:00+00:00,99972.4179011279
2026-01-11 23:15:00+00:00,99972.4179011279
2026-01-11 23:30:00+00:00,99972.4179011279
2026-01-11 23:45:00+00:00,99972.4179011279
2026-01-12 00:00:00+00:00,99972.4179011279
2026-01-12 00:15:00+00:00,99968.58521703134
2026-01-12 00:30:00+00:00,99965.58916602994
2026-01-12 00:45:00+00:00,99965.58916602994
2026-01-12 01:00:00+00:00,99965.58916602994
2026-01-12 01:15:00+00:00,99965.58916602994
2026-01-12 01:30:00+00:00,99965.58916602994
2026-01-12 01:45:00+00:00,99965.58916602994
2026-01-12 02:00:00+00:00,99965.58916602994
2026-01-12 02:15:00+00:00,99965.58916602994
2026-01-12 02:30:00+00:00,99965.58916602994
2026-01-12 02:45:00+00:00,99965.58916602994
2026-01-12 03:00:00+00:00,99965.58916602994
2026-01-12 03:15:00+00:00,99965.58916602994
2026-01-12 03:30:00+00:00,99965.58916602994
2026-01-12 03:45:00+00:00,99965.58916602994
2026-01-12 04:00:00+00:00,99965.58916602994
2026-01-12 04:15:00+00:00,99965.58916602994
2026-01-12 04:30:00+00:00,99965.58916602994
2026-01-12 04:45:00+00:00,99965.58916602994
2026-01-12 05:00:00+00:00,99965.58916602994
2026-01-12 05:15:00+00:00,99965.58916602994
2026-01-12 05:30:00+00:00,99965.58916602994
2026-01-12 05:45:00+00:00,99965.58916602994
2026-01-12 06:00:00+00:00,99965.58916602994
2026-01-12 06:15:00+00:00,99965.58916602994
2026-01-12 06:30:00+00:00,99965.58916602994
2026-01-12 06:45:00+00:00,99965.58916602994
2026-01-12 07:00:00+00:00,99965.58916602994
2026-01-12 07:15:00+00:00,99965.58916602994
2026-01-12 07:30:00+00:00,99965.58916602994
2026-01-12 07:45:00+00:00,99965.58916602994
2026-01-12 08:00:00+00:00,99965.58916602994
2026-01-12 08:15:00+00:00,99965.58916602994
2026-01-12 08:30:00+00:00,99965.58916602994
2026-01-12 08:45:00+00:00,99965.58916602994
2026-01-12 09:00:00+00:00,99965.58916602994
2026-01-12 09:15:00+00:00,99965.58916602994
2026-01-12 09:30:00+00:00,99965.58916602994
2026-01-12 09:45:00+00:00,99965.58916602994
2026-01-12 10:00:00+00:00,99965.58916602994
2026-01-12 10:15:00+00:00,99965.58916602994
2026-01-12 10:30:00+00:00,99965.58916602994
2026-01-12 10:45:00+00:00,99965.58916602994
2026-01-12 11:00:00+00:00,99965.58916602994
2026-01-12 11:15:00+00:00,99965.58916602994
2026-01-12 11:30:00+00:00,99965.58916602994
2026-01-12 11:45:00+00:00,99965.58916602994
2026-01-12 12:00:00+00:00,99965.58916602994
2026-01-12 12:15:00+00:00,99965.58916602994
2026-01-12 12:30:00+00:00,99965.58916602994
2026-01-12 12:45:00+00:00,99965.58916602994
2026-01-12 13:00:00+00:00,99965.58916602994
2026-01-12 13:15:00+00:00,99965.58916602994
2026-01-12 13:30:00+00:00,99965.58916602994
2026-01-12 13:45:00+00:00,99965.58916602994
2026-01-12 14:00:00+00:00,99965.58916602994
2026-01-12 14:15:00+00:00,99965.58916602994
2026-01-12 14:30:00+00:00,99965.58916602994
2026-01-12 14:45:00+00:00,99965.58916602994
2026-01-12 15:00:00+00:00,99965.58916602994
2026-01-12 15:15:00+00:00,99965.58916602994
2026-01-12 15:30:00+00:00,99965.58916602994
2026-01-12 15:45:00+00:00,99965.58916602994
2026-01-12 16:00:00+00:00,99965.58916602994
2026-01-12 16:15:00+00:00,99965.58916602994
2026-01-12 16:30:00+00:00,99965.58916602994
2026-01-12 16:45:00+00:00,99965.58916602994
2026-01-12 17:00:00+00:00,99965.58916602994
2026-01-12 17:15:00+00:00,99965.58916602994
2026-01-12 17:30:00+00:00,99965.58916602994
2026-01-12 17:45:00+00:00,99965.58916602994
2026-01-12 18:00:00+00:00,99965.58916602994
2026-01-12 18:15:00+00:00,99965.58916602994
2026-01-12 18:30:00+00:00,99965.58916602994
2026-01-12 18:45:00+00:00,99965.58916602994
2026-01-12 19:00:00+00:00,99965.58916602994
2026-01-12 19:15:00+00:00,99965.58916602994
2026-01-12 19:30:00+00:00,99965.58916602994
2026-01-12 19:45:00+00:00,99965.58916602994
2026-01-12 20:00:00+00:00,99965.58916602994
2026-01-12 20:15:00+00:00,99965.58916602994
2026-01-12 20:30:00+00:00,99965.58916602994
2026-01-12 20:45:00+00:00,99965.58916602994
2026-01-12 21:00:00+00:00,99965.58916602994
2026-01-12 21:15:00+00:00,99965.58916602994
2026-01-12 21:30:00+00:00,99965.58916602994
2026-01-12 21:45:00+00:00,99965.58916602994
2026-01-12 22:00:00+00:00,99965.58916602994
2026-01-12 22:15:00+00:00,99965.58916602994
2026-01-12 22:30:00+00:00,99965.58916602994
2026-01-12 22:45:00+00:00,99965.58916602994
2026-01-12 23:00:00+00:00,99965.58916602994
2026-01-12 23:15:00+00:00,99965.58916602994
2026-01-12 23:30:00+00:00,99965.58916602994
2026-01-12 23:45:00+00:00,99965.58916602994
2026-01-13 00:00:00+00:00,99965.58916602994
2026-01-13 00:15:00+00:00,99965.58916602994
2026-01-13 00:30:00+00:00,99965.58916602994
2026-01-13 00:45:00+00:00,99965.58916602994
2026-01-13 01:00:00+00:00,99965.58916602994
2026-01-13 01:15:00+00:00,99965.58916602994
2026-01-13 01:30:00+00:00,99965.58916602994
2026-01-13 01:45:00+00:00,99965.58916602994
2026-01-13 02:00:00+00:00,99965.58916602994
2026-01-13 02:15:00+00:00,99965.58916602994
2026-01-13 02:30:00+00:00,99965.58916602994
2026-01-13 02:45:00+00:00,99965.58916602994
2026-01-13 03:00:00+00:00,99965.58916602994
2026-01-13 03:15:00+00:00,99965.58916602994
2026-01-13 03:30:00+00:00,99965.58916602994
2026-01-13 03:45:00+00:00,99965.58916602994
2026-01-13 04:00:00+00:00,99965.58916602994
2026-01-13 04:15:00+00:00,99965.58916602994
2026-01-13 04:30:00+00:00,99965.58916602994
2026-01-13 04:45:00+00:00,99965.58916602994
2026-01-13 05:00:00+00:00,99965.58916602994
2026-01-13 05:15:00+00:00,99965.58916602994
2026-01-13 05:30:00+00:00,99965.58916602994
2026-01-13 05:45:00+00:00,99965.58916602994
2026-01-13 06:00:00+00:00,99965.58916602994
2026-01-13 06:15:00+00:00,99965.58916602994
2026-01-13 06:30:00+00:00,99965.58916602994
2026-01-13 06:45:00+00:00,99965.58916602994
2026-01-13 07:00:00+00:00,99965.58916602994
2026-01-13 07:15:00+00:00,99965.58916602994
2026-01-13 07:30:00+00:00,99965.58916602994
2026-01-13 07:45:00+00:00,99965.58916602994
2026-01-13 08:00:00+00:00,99965.58916602994
2026-01-13 08:15:00+00:00,99965.58916602994
2026-01-13 08:30:00+00:00,99965.58916602994
2026-01-13 08:45:00+00:00,99965.58916602994
2026-01-13 09:00:00+00:00,99965.58916602994
2026-01-13 09:15:00+00:00,99965.58916602994
2026-01-13 09:30:00+00:00,99965.58916602994
2026-01-13 09:45:00+00:00,99965.58916602994
2026-01-13 10:00:00+00:00,99965.58916602994
2026-01-13 10:15:00+00:00,99965.58916602994
2026-01-13 10:30:00+00:00,99965.58916602994
2026-01-13 10:45:00+00:00,99965.58916602994
2026-01-13 11:00:00+00:00,99965.58916602994
2026-01-13 11:15:00+00:00,99965.58916602994
2026-01-13 11:30:00+00:00,99965.58916602994
2026-01-13 11:45:00+00:00,99965.58916602994
2026-01-13 12:00:00+00:00,99965.58916602994
2026-01-13 12:15:00+00:00,99965.58916602994
2026-01-13 12:30:00+00:00,99965.58916602994
2026-01-13 12:45:00+00:00,99965.58916602994
2026-01-13 13:00:00+00:00,99965.58916602994
2026-01-13 13:15:00+00:00,99965.58916602994
2026-01-13 13:30:00+00:00,99965.58916602994
2026-01-13 13:45:00+00:00,99965.58916602994
2026-01-13 14:00:00+00:00,99965.58916602994
2026-01-13 14:15:00+00:00,99965.58916602994
2026-01-13 14:30:00+00:00,99965.58916602994
2026-01-13 14:45:00+00:00,99965.58916602994
2026-01-13 15:00:00+00:00,99965.58916602994
2026-01-13 15:15:00+00:00,99965.58916602994
2026-01-13 15:30:00+00:00,99965.58916602994
2026-01-13 15:45:00+00:00,99965.58916602994
2026-01-13 16:00:00+00:00,99965.58916602994
2026-01-13 16:15:00+00:00,99965.58916602994
2026-01-13 16:30:00+00:00,99965.58916602994
2026-01-13 16:45:00+00:00,99965.58916602994
2026-01-13 17:00:00+00:00,99965.58916602994
2026-01-13 17:15:00+00:00,99965.58916602994
2026-01-13 17:30:00+00:00,99965.58916602994
2026-01-13 17:45:00+00:00,99965.58916602994
2026-01-13 18:00:00+00:00,99965.58916602994
2026-01-13 18:15:00+00:00,99965.58916602994
2026-01-13 18:30:00+00:00,99965.58916602994
2026-01-13 18:45:00+00:00,99965.58916602994
2026-01-13 19:00:00+00:00,99965.58916602994
2026-01-13 19:15:00+00:00,99965.58916602994
2026-01-13 19:30:00+00:00,99965.58916602994
2026-01-13 19:45:00+00:00,99965.58916602994
2026-01-13 20:00:00+00:00,99965.58916602994
2026-01-13 20:15:00+00:00,99965.58916602994
2026-01-13 20:30:00+00:00,99965.58916602994
2026-01-13 20:45:00+00:00,99965.58916602994
2026-01-13 21:00:00+00:00,99965.58916602994
2026-01-13 21:15:00+00:00,99965.58916602994
2026-01-13 21:30:00+00:00,99965.58916602994
2026-01-13 21:45:00+00:00,99965.58916602994
2026-01-13 22:00:00+00:00,99965.58916602994
2026-01-13 22:15:00+00:00,99965.58916602994
2026-01-13 22:30:00+00:00,99965.58916602994
2026-01-13 22:45:00+00:00,99965.58916602994
2026-01-13 23:00:00+00:00,99965.58916602994
2026-01-13 23:15:00+00:00,99965.58916602994
2026-01-13 23:30:00+00:00,99965.58916602994
2026-01-13 23:45:00+00:00,99965.58916602994
2026-01-14 00:00:00+00:00,99965.58916602994
2026-01-14 00:15:00+00:00,99966.16758585337
2026-01-14 00:30:00+00:00,99968.88191487259
2026-01-14 00:45:00+00:00,99969.77540067704
2026-01-14 01:00:00+00:00,99965.86045269751
2026-01-14 01:15:00+00:00,99965.93755851107
2026-01-14 01:30:00+00:00,99969.21888836597
2026-01-14 01:45:00+00:00,99969.62859040961
2026-01-14 02:00:00+00:00,99965.44037571133
2026-01-14 02:15:00+00:00,99965.44037571133
2026-01-14 02:30:00+00:00,99965.44037571133
2026-01-14 02:45:00+00:00,99965.44037571133
2026-01-14 03:00:00+00:00,99965.44037571133
2026-01-14 03:15:00+00:00,99965.44037571133
2026-01-14 03:30:00+00:00,99965.44037571133
2026-01-14 03:45:00+00:00,99965.44037571133
2026-01-14 04:00:00+00:00,99965.44037571133
2026-01-14 04:15:00+00:00,99965.44037571133
2026-01-14 04:30:00+00:00,99965.44037571133
2026-01-14 04:45:00+00:00,99965.44037571133
2026-01-14 05:00:00+00:00,99965.44037571133
2026-01-14 05:15:00+00:00,99965.44037571133
2026-01-14 05:30:00+00:00,99965.44037571133
2026-01-14 05:45:00+00:00,99965.44037571133
2026-01-14 06:00:00+00:00,99965.44037571133
2026-01-14 06:15:00+00:00,99965.44037571133
2026-01-14 06:30:00+00:00,99965.44037571133
2026-01-14 06:45:00+00:00,99965.44037571133
2026-01-14 07:00:00+00:00,99965.44037571133
2026-01-14 07:15:00+00:00,99965.44037571133
2026-01-14 07:30:00+00:00,99965.44037571133
2026-01-14 07:45:00+00:00,99965.44037571133
2026-01-14 08:00:00+00:00,99965.44037571133
2026-01-14 08:15:00+00:00,99965.44037571133
2026-01-14 08:30:00+00:00,99965.44037571133
2026-01-14 08:45:00+00:00,99965.44037571133
2026-01-14 09:00:00+00:00,99965.44037571133
2026-01-14 09:15:00+00:00,99965.44037571133
2026-01-14 09:30:00+00:00,99965.44037571133
2026-01-14 09:45:00+00:00,99965.44037571133
2026-01-14 10:00:00+00:00,99965.44037571133
2026-01-14 10:15:00+00:00,99965.44037571133
2026-01-14 10:30:00+00:00,99965.44037571133
2026-01-14 10:45:00+00:00,99965.44037571133
2026-01-14 11:00:00+00:00,99965.44037571133
2026-01-14 11:15:00+00:00,99965.44037571133
2026-01-14 11:30:00+00:00,99965.44037571133
2026-01-14 11:45:00+00:00,99965.44037571133
2026-01-14 12:00:00+00:00,99965.44037571133
2026-01-14 12:15:00+00:00,99965.44037571133
2026-01-14 12:30:00+00:00,99965.44037571133
2026-01-14 12:45:00+00:00,99965.44037571133
2026-01-14 13:00:00+00:00,99965.44037571133
2026-01-14 13:15:00+00:00,99965.44037571133
2026-01-14 13:30:00+00:00,99965.44037571133
2026-01-14 13:45:00+00:00,99965.44037571133
2026-01-14 14:00:00+00:00,99965.44037571133
2026-01-14 14:15:00+00:00,99965.44037571133
2026-01-14 14:30:00+00:00,99965.44037571133
2026-01-14 14:45:00+00:00,99965.44037571133
2026-01-14 15:00:00+00:00,99965.44037571133
2026-01-14 15:15:00+00:00,99965.44037571133
2026-01-14 15:30:00+00:00,99965.44037571133
2026-01-14 15:45:00+00:00,99965.44037571133
2026-01-14 16:00:00+00:00,99965.44037571133
2026-01-14 16:15:00+00:00,99965.44037571133
2026-01-14 16:30:00+00:00,99965.44037571133
2026-01-14 16:45:00+00:00,99965.44037571133
2026-01-14 17:00:00+00:00,99965.44037571133
2026-01-14 17:15:00+00:00,99965.44037571133
2026-01-14 17:30:00+00:00,99965.44037571133
2026-01-14 17:45:00+00:00,99965.44037571133
2026-01-14 18:00:00+00:00,99965.44037571133
2026-01-14 18:15:00+00:00,99965.44037571133
2026-01-14 18:30:00+00:00,99965.44037571133
2026-01-14 18:45:00+00:00,99965.44037571133
2026-01-14 19:00:00+00:00,99965.44037571133
2026-01-14 19:15:00+00:00,99965.44037571133
2026-01-14 19:30:00+00:00,99965.44037571133
2026-01-14 19:45:00+00:00,99965.44037571133
2026-01-14 20:00:00+00:00,99965.44037571133
2026-01-14 20:15:00+00:00,99965.44037571133
2026-01-14 20:30:00+00:00,99965.44037571133
2026-01-14 20:45:00+00:00,99965.44037571133
2026-01-14 21:00:00+00:00,99965.44037571133
2026-01-14 21:15:00+00:00,99965.44037571133
2026-01-14 21:30:00+00:00,99965.44037571133
2026-01-14 21:45:00+00:00,99965.44037571133
2026-01-14 22:00:00+00:00,99965.44037571133
2026-01-14 22:15:00+00:00,99965.44037571133
2026-01-14 22:30:00+00:00,99965.44037571133
2026-01-14 22:45:00+00:00,99965.44037571133
2026-01-14 23:00:00+00:00,99965.44037571133
2026-01-14 23:15:00+00:00,99965.44037571133
2026-01-14 23:30:00+00:00,99965.44037571133
2026-01-14 23:45:00+00:00,99965.44037571133
2026-01-15 00:00:00+00:00,99965.44037571133
2026-01-15 00:15:00+00:00,99965.44037571133
2026-01-15 00:30:00+00:00,99965.44037571133
2026-01-15 00:45:00+00:00,99965.44037571133
2026-01-15 01:00:00+00:00,99965.44037571133
2026-01-15 01:15:00+00:00,99965.44037571133
2026-01-15 01:30:00+00:00,99965.44037571133
2026-01-15 01:45:00+00:00,99965.44037571133
2026-01-15 02:00:00+00:00,99965.44037571133
2026-01-15 02:15:00+00:00,99965.44037571133
2026-01-15 02:30:00+00:00,99965.44037571133
2026-01-15 02:45:00+00:00,99965.44037571133
2026-01-15 03:00:00+00:00,99965.44037571133
2026-01-15 03:15:00+00:00,99965.44037571133
2026-01-15 03:30:00+00:00,99965.44037571133
2026-01-15 03:45:00+00:00,99965.44037571133
2026-01-15 04:00:00+00:00,99965.44037571133
2026-01-15 04:15:00+00:00,99965.44037571133
2026-01-15 04:30:00+00:00,99965.44037571133
2026-01-15 04:45:00+00:00,99965.44037571133
2026-01-15 05:00:00+00:00,99965.44037571133
2026-01-15 05:15:00+00:00,99965.44037571133
2026-01-15 05:30:00+00:00,99965.44037571133
2026-01-15 05:45:00+00:00,99965.44037571133
2026-01-15 06:00:00+00:00,99965.44037571133
2026-01-15 06:15:00+00:00,99965.44037571133
2026-01-15 06:30:00+00:00,99965.44037571133
2026-01-15 06:45:00+00:00,99965.44037571133
2026-01-15 07:00:00+00:00,99965.44037571133
2026-01-15 07:15:00+00:00,99965.44037571133
2026-01-15 07:30:00+00:00,99965.44037571133
2026-01-15 07:45:00+00:00,99965.44037571133
2026-01-15 08:00:00+00:00,99965.44037571133
2026-01-15 08:15:00+00:00,99965.44037571133
2026-01-15 08:30:00+00:00,99965.44037571133
2026-01-15 08:45:00+00:00,99965.44037571133
2026-01-15 09:00:00+00:00,99965.44037571133
2026-01-15 09:15:00+00:00,99965.44037571133
2026-01-15 09:30:00+00:00,99965.44037571133
2026-01-15 09:45:00+00:00,99965.44037571133
2026-01-15 10:00:00+00:00,99965.44037571133
2026-01-15 10:15:00+00:00,99965.44037571133
2026-01-15 10:30:00+00:00,99965.44037571133
2026-01-15 10:45:00+00:00,99965.44037571133
2026-01-15 11:00:00+00:00,99965.44037571133
2026-01-15 11:15:00+00:00,99965.44037571133
2026-01-15 11:30:00+00:00,99965.44037571133
2026-01-15 11:45:00+00:00,99965.44037571133
2026-01-15 12:00:00+00:00,99965.44037571133
2026-01-15 12:15:00+00:00,99965.44037571133
2026-01-15 12:30:00+00:00,99965.44037571133
2026-01-15 12:45:00+00:00,99965.44037571133
2026-01-15 13:00:00+00:00,99965.44037571133
2026-01-15 13:15:00+00:00,99965.44037571133
2026-01-15 13:30:00+00:00,99965.44037571133
2026-01-15 13:45:00+00:00,99965.44037571133
2026-01-15 14:00:00+00:00,99965.44037571133
2026-01-15 14:15:00+00:00,99965.44037571133
2026-01-15 14:30:00+00:00,99965.44037571133
2026-01-15 14:45:00+00:00,99965.44037571133
2026-01-15 15:00:00+00:00,99965.44037571133
2026-01-15 15:15:00+00:00,99965.44037571133
2026-01-15 15:30:00+00:00,99965.44037571133
2026-01-15 15:45:00+00:00,99965.44037571133
2026-01-15 16:00:00+00:00,99965.44037571133
2026-01-15 16:15:00+00:00,99965.44037571133
2026-01-15 16:30:00+00:00,99965.44037571133
2026-01-15 16:45:00+00:00,99965.44037571133
2026-01-15 17:00:00+00:00,99965.44037571133
2026-01-15 17:15:00+00:00,99965.44037571133
2026-01-15 17:30:00+00:00,99965.44037571133
2026-01-15 17:45:00+00:00,99965.44037571133
2026-01-15 18:00:00+00:00,99965.44037571133
2026-01-15 18:15:00+00:00,99965.44037571133
2026-01-15 18:30:00+00:00,99965.44037571133
2026-01-15 18:45:00+00:00,99965.44037571133
2026-01-15 19:00:00+00:00,99965.44037571133
2026-01-15 19:15:00+00:00,99965.44037571133
2026-01-15 19:30:00+00:00,99965.44037571133
2026-01-15 19:45:00+00:00,99965.44037571133
2026-01-15 20:00:00+00:00,99965.44037571133
2026-01-15 20:15:00+00:00,99959.96865591554
2026-01-15 20:30:00+00:00,99961.09605406238
2026-01-15 20:45:00+00:00,99960.94228864864
2026-01-15 21:00:00+00:00,99961.99026566856
2026-01-15 21:15:00+00:00,99963.7489574589
2026-01-15 21:30:00+00:00,99964.63679386262
2026-01-15 21:45:00+00:00,99966.03081566721
2026-01-15 22:00:00+00:00,99965.69212006399
2026-01-15 22:15:00+00:00,99963.69004623895
2026-01-15 22:30:00+00:00,99963.69004623895
2026-01-15 22:45:00+00:00,99963.69004623895
2026-01-15 23:00:00+00:00,99963.69004623895
2026-01-15 23:15:00+00:00,99963.69004623895
2026-01-15 23:30:00+00:00,99963.69004623895
2026-01-15 23:45:00+00:00,99963.69004623895
2026-01-16 00:00:00+00:00,99963.69004623895
2026-01-16 00:15:00+00:00,99963.69004623895
2026-01-16 00:30:00+00:00,99963.69004623895
2026-01-16 00:45:00+00:00,99963.69004623895
2026-01-16 01:00:00+00:00,99963.69004623895
2026-01-16 01:15:00+00:00,99963.69004623895
2026-01-16 01:30:00+00:00,99963.69004623895
2026-01-16 01:45:00+00:00,99963.69004623895
2026-01-16 02:00:00+00:00,99963.69004623895
2026-01-16 02:15:00+00:00,99963.69004623895
2026-01-16 02:30:00+00:00,99963.69004623895
2026-01-16 02:45:00+00:00,99963.69004623895
2026-01-16 03:00:00+00:00,99963.69004623895
2026-01-16 03:15:00+00:00,99963.69004623895
2026-01-16 03:30:00+00:00,99963.69004623895
2026-01-16 03:45:00+00:00,99963.69004623895
2026-01-16 04:00:00+00:00,99963.69004623895
2026-01-16 04:15:00+00:00,99963.69004623895
2026-01-16 04:30:00+00:00,99963.69004623895
2026-01-16 04:45:00+00:00,99963.69004623895
2026-01-16 05:00:00+00:00,99963.69004623895
2026-01-16 05:15:00+00:00,99963.69004623895
2026-01-16 05:30:00+00:00,99963.69004623895
2026-01-16 05:45:00+00:00,99963.69004623895
2026-01-16 06:00:00+00:00,99963.69004623895
2026-01-16 06:15:00+00:00,99963.69004623895
2026-01-16 06:30:00+00:00,99963.69004623895
2026-01-16 06:45:00+00:00,99963.69004623895
2026-01-16 07:00:00+00:00,99963.69004623895
2026-01-16 07:15:00+00:00,99963.69004623895
2026-01-16 07:30:00+00:00,99963.69004623895
2026-01-16 07:45:00+00:00,99963.69004623895
2026-01-16 08:00:00+00:00,99963.69004623895
2026-01-16 08:15:00+00:00,99963.69004623895
2026-01-16 08:30:00+00:00,99963.69004623895
2026-01-16 08:45:00+00:00,99963.69004623895
2026-01-16 09:00:00+00:00,99963.69004623895
2026-01-16 09:15:00+00:00,99963.69004623895
2026-01-16 09:30:00+00:00,99963.69004623895
2026-01-16 09:45:00+00:00,99963.69004623895
2026-01-16 10:00:00+00:00,99963.69004623895
2026-01-16 10:15:00+00:00,99963.69004623895
2026-01-16 10:30:00+00:00,99963.69004623895
2026-01-16 10:45:00+00:00,99963.69004623895
2026-01-16 11:00:00+00:00,99963.69004623895
2026-01-16 11:15:00+00:00,99963.69004623895
2026-01-16 11:30:00+00:00,99963.69004623895
2026-01-16 11:45:00+00:00,99963.69004623895
2026-01-16 12:00:00+00:00,99963.69004623895
2026-01-16 12:15:00+00:00,99963.69004623895
2026-01-16 12:30:00+00:00,99963.69004623895
2026-01-16 12:45:00+00:00,99963.69004623895
2026-01-16 13:00:00+00:00,99963.69004623895
2026-01-16 13:15:00+00:00,99963.69004623895
2026-01-16 13:30:00+00:00,99963.69004623895
2026-01-16 13:45:00+00:00,99963.69004623895
2026-01-16 14:00:00+00:00,99963.69004623895
2026-01-16 14:15:00+00:00,99963.69004623895
2026-01-16 14:30:00+00:00,99963.69004623895
2026-01-16 14:45:00+00:00,99963.69004623895
2026-01-16 15:00:00+00:00,99963.69004623895
2026-01-16 15:15:00+00:00,99963.69004623895
2026-01-16 15:30:00+00:00,99963.69004623895
2026-01-16 15:45:00+00:00,99963.69004623895
2026-01-16 16:00:00+00:00,99963.69004623895
2026-01-16 16:15:00+00:00,99963.69004623895
2026-01-16 16:30:00+00:00,99963.69004623895
2026-01-16 16:45:00+00:00,99963.69004623895
2026-01-16 17:00:00+00:00,99963.69004623895
2026-01-16 17:15:00+00:00,99963.14670806157
2026-01-16 17:30:00+00:00,99965.70059724186
2026-01-16 17:45:00+00:00,99968.11783150065
2026-01-16 18:00:00+00:00,99967.91200939412
2026-01-16 18:15:00+00:00,99970.21879060847
2026-01-16 18:30:00+00:00,99969.08431260134
2026-01-16 18:45:00+00:00,99966.93991668643
2026-01-16 19:00:00+00:00,99965.36745864274
2026-01-16 19:15:00+00:00,99965.36745864274
2026-01-16 19:30:00+00:00,99965.36745864274
2026-01-16 19:45:00+00:00,99965.36745864274
2026-01-16 20:00:00+00:00,99965.36745864274
2026-01-16 20:15:00+00:00,99965.36745864274
2026-01-16 20:30:00+00:00,99965.36745864274
2026-01-16 20:45:00+00:00,99965.36745864274
2026-01-16 21:00:00+00:00,99965.36745864274
2026-01-16 21:15:00+00:00,99965.36745864274
2026-01-16 21:30:00+00:00,99965.36745864274
2026-01-16 21:45:00+00:00,99965.36745864274
2026-01-16 22:00:00+00:00,99965.36745864274
2026-01-16 22:15:00+00:00,99965.36745864274
2026-01-16 22:30:00+00:00,99965.36745864274
2026-01-16 22:45:00+00:00,99965.36745864274
2026-01-16 23:00:00+00:00,99965.36745864274
2026-01-16 23:15:00+00:00,99965.36745864274
2026-01-16 23:30:00+00:00,99965.36745864274
2026-01-16 23:45:00+00:00,99965.36745864274
2026-01-17 00:00:00+00:00,99965.36745864274
2026-01-17 00:15:00+00:00,99965.36745864274
2026-01-17 00:30:00+00:00,99965.36745864274
2026-01-17 00:45:00+00:00,99965.36745864274
2026-01-17 01:00:00+00:00,99965.36745864274
2026-01-17 01:15:00+00:00,99965.36745864274
2026-01-17 01:30:00+00:00,99965.36745864274
2026-01-17 01:45:00+00:00,99965.36745864274
2026-01-17 02:00:00+00:00,99965.36745864274
2026-01-17 02:15:00+00:00,99965.36745864274
2026-01-17 02:30:00+00:00,99965.36745864274
2026-01-17 02:45:00+00:00,99965.36745864274
2026-01-17 03:00:00+00:00,99965.36745864274
2026-01-17 03:15:00+00:00,99965.36745864274
2026-01-17 03:30:00+00:00,99965.36745864274
2026-01-17 03:45:00+00:00,99965.36745864274
2026-01-17 04:00:00+00:00,99965.36745864274
2026-01-17 04:15:00+00:00,99965.36745864274
2026-01-17 04:30:00+00:00,99965.36745864274
2026-01-17 04:45:00+00:00,99965.36745864274
2026-01-17 05:00:00+00:00,99965.36745864274
2026-01-17 05:15:00+00:00,99965.36745864274
2026-01-17 05:30:00+00:00,99965.36745864274
2026-01-17 05:45:00+00:00,99965.36745864274
2026-01-17 06:00:00+00:00,99965.36745864274
2026-01-17 06:15:00+00:00,99965.36745864274
2026-01-17 06:30:00+00:00,99965.36745864274
2026-01-17 06:45:00+00:00,99965.36745864274
2026-01-17 07:00:00+00:00,99965.36745864274
2026-01-17 07:15:00+00:00,99965.36745864274
2026-01-17 07:30:00+00:00,99965.36745864274
2026-01-17 07:45:00+00:00,99965.36745864274
2026-01-17 08:00:00+00:00,99965.36745864274
2026-01-17 08:15:00+00:00,99965.36745864274
2026-01-17 08:30:00+00:00,99965.36745864274
2026-01-17 08:45:00+00:00,99965.36745864274
2026-01-17 09:00:00+00:00,99965.36745864274
2026-01-17 09:15:00+00:00,99965.36745864274
2026-01-17 09:30:00+00:00,99965.36745864274
2026-01-17 09:45:00+00:00,99965.36745864274
2026-01-17 10:00:00+00:00,99965.36745864274
2026-01-17 10:15:00+00:00,99965.36745864274
2026-01-17 10:30:00+00:00,99965.36745864274
2026-01-17 10:45:00+00:00,99965.36745864274
2026-01-17 11:00:00+00:00,99965.36745864274
2026-01-17 11:15:00+00:00,99965.36745864274
2026-01-17 11:30:00+00:00,99965.36745864274
2026-01-17 11:45:00+00:00,99965.36745864274
2026-01-17 12:00:00+00:00,99965.36745864274
2026-01-17 12:15:00+00:00,99965.36745864274
2026-01-17 12:30:00+00:00,99965.36745864274
2026-01-17 12:45:00+00:00,99965.36745864274
2026-01-17 13:00:00+00:00,99965.36745864274
2026-01-17 13:15:00+00:00,99965.36745864274
2026-01-17 13:30:00+00:00,99965.36745864274
2026-01-17 13:45:00+00:00,99965.36745864274
2026-01-17 14:00:00+00:00,99965.36745864274
2026-01-17 14:15:00+00:00,99965.36745864274
2026-01-17 14:30:00+00:00,99965.36745864274
2026-01-17 14:45:00+00:00,99965.36745864274
2026-01-17 15:00:00+00:00,99965.36745864274
2026-01-17 15:15:00+00:00,99965.36745864274
2026-01-17 15:30:00+00:00,99965.36745864274
2026-01-17 15:45:00+00:00,99965.36745864274
2026-01-17 16:00:00+00:00,99965.36745864274
2026-01-17 16:15:00+00:00,99965.36745864274
2026-01-17 16:30:00+00:00,99965.36745864274
2026-01-17 16:45:00+00:00,99965.36745864274
2026-01-17 17:00:00+00:00,99965.36745864274
2026-01-17 17:15:00+00:00,99965.36745864274
2026-01-17 17:30:00+00:00,99965.36745864274
2026-01-17 17:45:00+00:00,99965.36745864274
2026-01-17 18:00:00+00:00,99965.36745864274
2026-01-17 18:15:00+00:00,99965.36745864274
2026-01-17 18:30:00+00:00,99965.36745864274
2026-01-17 18:45:00+00:00,99965.36745864274
2026-01-17 19:00:00+00:00,99965.36745864274
2026-01-17 19:15:00+00:00,99965.36745864274
2026-01-17 19:30:00+00:00,99965.36745864274
2026-01-17 19:45:00+00:00,99965.36745864274
2026-01-17 20:00:00+00:00,99965.36745864274
2026-01-17 20:15:00+00:00,99965.36745864274
2026-01-17 20:30:00+00:00,99965.36745864274
2026-01-17 20:45:00+00:00,99965.36745864274
2026-01-17 21:00:00+00:00,99965.36745864274
2026-01-17 21:15:00+00:00,99965.36745864274
2026-01-17 21:30:00+00:00,99965.36745864274
2026-01-17 21:45:00+00:00,99965.36745864274
2026-01-17 22:00:00+00:00,99965.36745864274
2026-01-17 22:15:00+00:00,99965.36745864274
2026-01-17 22:30:00+00:00,99965.36745864274
2026-01-17 22:45:00+00:00,99965.36745864274
2026-01-17 23:00:00+00:00,99965.36745864274
2026-01-17 23:15:00+00:00,99965.36745864274
2026-01-17 23:30:00+00:00,99965.36745864274
2026-01-17 23:45:00+00:00,99965.36745864274
2026-01-18 00:00:00+00:00,99965.36745864274
2026-01-18 00:15:00+00:00,99965.36745864274
2026-01-18 00:30:00+00:00,99965.36745864274
2026-01-18 00:45:00+00:00,99965.36745864274
2026-01-18 01:00:00+00:00,99965.36745864274
2026-01-18 01:15:00+00:00,99965.36745864274
2026-01-18 01:30:00+00:00,99965.36745864274
2026-01-18 01:45:00+00:00,99965.36745864274
2026-01-18 02:00:00+00:00,99965.36745864274
2026-01-18 02:15:00+00:00,99965.36745864274
2026-01-18 02:30:00+00:00,99965.36745864274
2026-01-18 02:45:00+00:00,99965.36745864274
2026-01-18 03:00:00+00:00,99965.36745864274
2026-01-18 03:15:00+00:00,99965.36745864274
2026-01-18 03:30:00+00:00,99965.36745864274
2026-01-18 03:45:00+00:00,99965.36745864274
2026-01-18 04:00:00+00:00,99965.36745864274
2026-01-18 04:15:00+00:00,99965.36745864274
2026-01-18 04:30:00+00:00,99965.36745864274
2026-01-18 04:45:00+00:00,99965.36745864274
2026-01-18 05:00:00+00:00,99965.36745864274
2026-01-18 05:15:00+00:00,99965.36745864274
2026-01-18 05:30:00+00:00,99965.36745864274
2026-01-18 05:45:00+00:00,99965.36745864274
2026-01-18 06:00:00+00:00,99965.36745864274
2026-01-18 06:15:00+00:00,99965.36745864274
2026-01-18 06:30:00+00:00,99965.36745864274
2026-01-18 06:45:00+00:00,99965.36745864274
2026-01-18 07:00:00+00:00,99965.36745864274
2026-01-18 07:15:00+00:00,99965.36745864274
2026-01-18 07:30:00+00:00,99965.36745864274
2026-01-18 07:45:00+00:00,99965.36745864274
2026-01-18 08:00:00+00:00,99965.36745864274
2026-01-18 08:15:00+00:00,99965.36745864274
2026-01-18 08:30:00+00:00,99965.36745864274
2026-01-18 08:45:00+00:00,99965.36745864274
2026-01-18 09:00:00+00:00,99965.36745864274
2026-01-18 09:15:00+00:00,99965.36745864274
2026-01-18 09:30:00+00:00,99965.36745864274
2026-01-18 09:45:00+00:00,99965.36745864274
2026-01-18 10:00:00+00:00,99965.36745864274
2026-01-18 10:15:00+00:00,99965.36745864274
2026-01-18 10:30:00+00:00,99965.36745864274
2026-01-18 10:45:00+00:00,99965.36745864274
2026-01-18 11:00:00+00:00,99965.36745864274
2026-01-18 11:15:00+00:00,99965.36745864274
2026-01-18 11:30:00+00:00,99965.36745864274
2026-01-18 11:45:00+00:00,99965.36745864274
2026-01-18 12:00:00+00:00,99965.36745864274
2026-01-18 12:15:00+00:00,99965.36745864274
2026-01-18 12:30:00+00:00,99965.36745864274
2026-01-18 12:45:00+00:00,99965.36745864274
2026-01-18 13:00:00+00:00,99965.36745864274
2026-01-18 13:15:00+00:00,99965.36745864274
2026-01-18 13:30:00+00:00,99965.36745864274
2026-01-18 13:45:00+00:00,99965.36745864274
2026-01-18 14:00:00+00:00,99965.36745864274
2026-01-18 14:15:00+00:00,99965.36745864274
2026-01-18 14:30:00+00:00,99965.36745864274
2026-01-18 14:45:00+00:00,99965.36745864274
2026-01-18 15:00:00+00:00,99965.36745864274
2026-01-18 15:15:00+00:00,99965.36745864274
2026-01-18 15:30:00+00:00,99965.36745864274
2026-01-18 15:45:00+00:00,99965.36745864274
2026-01-18 16:00:00+00:00,99965.36745864274
2026-01-18 16:15:00+00:00,99965.36745864274
2026-01-18 16:30:00+00:00,99963.88026595987
2026-01-18 16:45:00+00:00,99964.10380578527
2026-01-18 17:00:00+00:00,99964.54039676487
2026-01-18 17:15:00+00:00,99957.2186996151
2026-01-18 17:30:00+00:00,99957.2186996151
2026-01-18 17:45:00+00:00,99957.2186996151
2026-01-18 18:00:00+00:00,99957.2186996151
2026-01-18 18:15:00+00:00,99957.2186996151
2026-01-18 18:30:00+00:00,99957.2186996151
2026-01-18 18:45:00+00:00,99957.2186996151
2026-01-18 19:00:00+00:00,99957.2186996151
2026-01-18 19:15:00+00:00,99957.2186996151
2026-01-18 19:30:00+00:00,99957.2186996151
2026-01-18 19:45:00+00:00,99957.2186996151
2026-01-18 20:00:00+00:00,99957.2186996151
2026-01-18 20:15:00+00:00,99954.88626262448
2026-01-18 20:30:00+00:00,99956.51516921587
2026-01-18 20:45:00+00:00,99957.04232925274
2026-01-18 21:00:00+00:00,99956.35781488997
2026-01-18 21:15:00+00:00,99957.05333424479
2026-01-18 21:30:00+00:00,99955.53404997237
2026-01-18 21:45:00+00:00,99955.05344545713
2026-01-18 22:00:00+00:00,99946.95634940617
2026-01-18 22:15:00+00:00,99946.95634940617
2026-01-18 22:30:00+00:00,99946.95634940617
2026-01-18 22:45:00+00:00,99946.95634940617
2026-01-18 23:00:00+00:00,99946.95634940617
2026-01-18 23:15:00+00:00,99946.95634940617
2026-01-18 23:30:00+00:00,99946.95634940617
2026-01-18 23:45:00+00:00,99946.95634940617
2026-01-19 00:00:00+00:00,99946.95634940617
2026-01-19 00:15:00+00:00,99950.03345380512
2026-01-19 00:30:00+00:00,99954.11893911734
2026-01-19 00:45:00+00:00,99954.11893911734
2026-01-19 01:00:00+00:00,99954.11893911734
2026-01-19 01:15:00+00:00,99954.11893911734
2026-01-19 01:30:00+00:00,99954.11893911734
2026-01-19 01:45:00+00:00,99954.11893911734
2026-01-19 02:00:00+00:00,99954.11893911734
2026-01-19 02:15:00+00:00,99954.11893911734
2026-01-19 02:30:00+00:00,99954.11893911734
2026-01-19 02:45:00+00:00,99954.11893911734
2026-01-19 03:00:00+00:00,99954.11893911734
2026-01-19 03:15:00+00:00,99954.11893911734
2026-01-19 03:30:00+00:00,99954.11893911734
2026-01-19 03:45:00+00:00,99954.11893911734
2026-01-19 04:00:00+00:00,99954.11893911734
2026-01-19 04:15:00+00:00,99954.11893911734
2026-01-19 04:30:00+00:00,99954.11893911734
2026-01-19 04:45:00+00:00,99954.11893911734
2026-01-19 05:00:00+00:00,99954.11893911734
2026-01-19 05:15:00+00:00,99954.11893911734
2026-01-19 05:30:00+00:00,99954.11893911734
2026-01-19 05:45:00+00:00,99954.11893911734
2026-01-19 06:00:00+00:00,99954.11893911734
2026-01-19 06:15:00+00:00,99954.11893911734
2026-01-19 06:30:00+00:00,99954.11893911734
2026-01-19 06:45:00+00:00,99954.11893911734
2026-01-19 07:00:00+00:00,99954.11893911734
2026-01-19 07:15:00+00:00,99954.11893911734
2026-01-19 07:30:00+00:00,99954.11893911734
2026-01-19 07:45:00+00:00,99954.11893911734
2026-01-19 08:00:00+00:00,99954.11893911734
2026-01-19 08:15:00+00:00,99954.11893911734
2026-01-19 08:30:00+00:00,99954.11893911734
2026-01-19 08:45:00+00:00,99954.11893911734
2026-01-19 09:00:00+00:00,99954.11893911734
2026-01-19 09:15:00+00:00,99954.11893911734
2026-01-19 09:30:00+00:00,99954.11893911734
2026-01-19 09:45:00+00:00,99954.11893911734
2026-01-19 10:00:00+00:00,99954.11893911734
2026-01-19 10:15:00+00:00,99954.11893911734
2026-01-19 10:30:00+00:00,99954.11893911734
2026-01-19 10:45:00+00:00,99954.11893911734
2026-01-19 11:00:00+00:00,99954.11893911734
2026-01-19 11:15:00+00:00,99954.11893911734
2026-01-19 11:30:00+00:00,99954.11893911734
2026-01-19 11:45:00+00:00,99954.11893911734
2026-01-19 12:00:00+00:00,99954.11893911734
2026-01-19 12:15:00+00:00,99954.11893911734
2026-01-19 12:30:00+00:00,99954.11893911734
2026-01-19 12:45:00+00:00,99954.11893911734
2026-01-19 13:00:00+00:00,99954.11893911734
2026-01-19 13:15:00+00:00,99954.11893911734
2026-01-19 13:30:00+00:00,99954.11893911734
2026-01-19 13:45:00+00:00,99954.11893911734
2026-01-19 14:00:00+00:00,99954.11893911734
2026-01-19 14:15:00+00:00,99954.11893911734
2026-01-19 14:30:00+00:00,99954.11893911734
2026-01-19 14:45:00+00:00,99954.11893911734
2026-01-19 15:00:00+00:00,99954.11893911734
2026-01-19 15:15:00+00:00,99954.11893911734
2026-01-19 15:30:00+00:00,99954.11893911734
2026-01-19 15:45:00+00:00,99954.11893911734
2026-01-19 16:00:00+00:00,99954.11893911734
2026-01-19 16:15:00+00:00,99954.11893911734
2026-01-19 16:30:00+00:00,99954.11893911734
2026-01-19 16:45:00+00:00,99954.11893911734
2026-01-19 17:00:00+00:00,99954.11893911734
2026-01-19 17:15:00+00:00,99954.11893911734
2026-01-19 17:30:00+00:00,99954.11893911734
2026-01-19 17:45:00+00:00,99954.11893911734
2026-01-19 18:00:00+00:00,99954.11893911734
2026-01-19 18:15:00+00:00,99954.11893911734
2026-01-19 18:30:00+00:00,99954.11893911734
2026-01-19 18:45:00+00:00,99954.11893911734
2026-01-19 19:00:00+00:00,99954.11893911734
2026-01-19 19:15:00+00:00,99954.11893911734
2026-01-19 19:30:00+00:00,99954.11893911734
2026-01-19 19:45:00+00:00,99954.11893911734
2026-01-19 20:00:00+00:00,99954.11893911734
2026-01-19 20:15:00+00:00,99954.11893911734
2026-01-19 20:30:00+00:00,99954.11893911734
2026-01-19 20:45:00+00:00,99954.11893911734
2026-01-19 21:00:00+00:00,99954.11893911734
2026-01-19 21:15:00+00:00,99954.11893911734
2026-01-19 21:30:00+00:00,99954.11893911734
2026-01-19 21:45:00+00:00,99954.11893911734
2026-01-19 22:00:00+00:00,99954.11893911734
2026-01-19 22:15:00+00:00,99954.11893911734
2026-01-19 22:30:00+00:00,99954.11893911734
2026-01-19 22:45:00+00:00,99954.11893911734
2026-01-19 23:00:00+00:00,99954.11893911734
2026-01-19 23:15:00+00:00,99954.11893911734
2026-01-19 23:30:00+00:00,99954.11893911734
2026-01-19 23:45:00+00:00,99954.11893911734
2026-01-20 00:00:00+00:00,99954.11893911734
2026-01-20 00:15:00+00:00,99954.11893911734
2026-01-20 00:30:00+00:00,99954.11893911734
2026-01-20 00:45:00+00:00,99954.11893911734
2026-01-20 01:00:00+00:00,99954.11893911734
2026-01-20 01:15:00+00:00,99954.11893911734
2026-01-20 01:30:00+00:00,99954.11893911734
2026-01-20 01:45:00+00:00,99954.11893911734
2026-01-20 02:00:00+00:00,99954.11893911734
2026-01-20 02:15:00+00:00,99954.11893911734
2026-01-20 02:30:00+00:00,99954.11893911734
2026-01-20 02:45:00+00:00,99954.11893911734
2026-01-20 03:00:00+00:00,99954.11893911734
2026-01-20 03:15:00+00:00,99954.11893911734
2026-01-20 03:30:00+00:00,99954.11893911734
2026-01-20 03:45:00+00:00,99954.11893911734
2026-01-20 04:00:00+00:00,99954.11893911734
2026-01-20 04:15:00+00:00,99954.11893911734
2026-01-20 04:30:00+00:00,99954.11893911734
2026-01-20 04:45:00+00:00,99954.11893911734
2026-01-20 05:00:00+00:00,99954.11893911734
2026-01-20 05:15:00+00:00,99954.11893911734
2026-01-20 05:30:00+00:00,99954.11893911734
2026-01-20 05:45:00+00:00,99954.11893911734
2026-01-20 06:00:00+00:00,99954.11893911734
2026-01-20 06:15:00+00:00,99954.11893911734
2026-01-20 06:30:00+00:00,99954.11893911734
2026-01-20 06:45:00+00:00,99954.11893911734
2026-01-20 07:00:00+00:00,99954.11893911734
2026-01-20 07:15:00+00:00,99954.11893911734
2026-01-20 07:30:00+00:00,99954.11893911734
2026-01-20 07:45:00+00:00,99954.11893911734
2026-01-20 08:00:00+00:00,99954.11893911734
2026-01-20 08:15:00+00:00,99954.11893911734
2026-01-20 08:30:00+00:00,99954.11893911734
2026-01-20 08:45:00+00:00,99954.11893911734
2026-01-20 09:00:00+00:00,99954.11893911734
2026-01-20 09:15:00+00:00,99954.11893911734
2026-01-20 09:30:00+00:00,99954.11893911734
2026-01-20 09:45:00+00:00,99954.11893911734
2026-01-20 10:00:00+00:00,99954.11893911734
2026-01-20 10:15:00+00:00,99954.11893911734
2026-01-20 10:30:00+00:00,99954.11893911734
2026-01-20 10:45:00+00:00,99954.11893911734
2026-01-20 11:00:00+00:00,99954.11893911734
2026-01-20 11:15:00+00:00,99954.11893911734
2026-01-20 11:30:00+00:00,99954.11893911734
2026-01-20 11:45:00+00:00,99954.11893911734
2026-01-20 12:00:00+00:00,99954.11893911734
2026-01-20 12:15:00+00:00,99954.11893911734
2026-01-20 12:30:00+00:00,99954.11893911734
2026-01-20 12:45:00+00:00,99954.11893911734
2026-01-20 13:00:00+00:00,99954.11893911734
2026-01-20 13:15:00+00:00,99954.11893911734
2026-01-20 13:30:00+00:00,99954.11893911734
2026-01-20 13:45:00+00:00,99954.11893911734
2026-01-20 14:00:00+00:00,99954.11893911734
2026-01-20 14:15:00+00:00,99954.11893911734
2026-01-20 14:30:00+00:00,99954.11893911734
2026-01-20 14:45:00+00:00,99954.11893911734
2026-01-20 15:00:00+00:00,99954.11893911734
2026-01-20 15:15:00+00:00,99954.11893911734
2026-01-20 15:30:00+00:00,99954.11893911734
2026-01-20 15:45:00+00:00,99954.11893911734
2026-01-20 16:00:00+00:00,99954.11893911734
2026-01-20 16:15:00+00:00,99954.11893911734
2026-01-20 16:30:00+00:00,99954.11893911734
2026-01-20 16:45:00+00:00,99954.11893911734
2026-01-20 17:00:00+00:00,99954.11893911734
2026-01-20 17:15:00+00:00,99954.11893911734
2026-01-20 17:30:00+00:00,99954.11893911734
2026-01-20 17:45:00+00:00,99954.11893911734
2026-01-20 18:00:00+00:00,99954.11893911734
2026-01-20 18:15:00+00:00,99954.11893911734
2026-01-20 18:30:00+00:00,99954.11893911734
2026-01-20 18:45:00+00:00,99954.11893911734
2026-01-20 19:00:00+00:00,99954.11893911734
2026-01-20 19:15:00+00:00,99954.11893911734
2026-01-20 19:30:00+00:00,99954.11893911734
2026-01-20 19:45:00+00:00,99954.11893911734
2026-01-20 20:00:00+00:00,99954.11893911734
2026-01-20 20:15:00+00:00,99954.11893911734
2026-01-20 20:30:00+00:00,99954.11893911734
2026-01-20 20:45:00+00:00,99954.11893911734
2026-01-20 21:00:00+00:00,99954.11893911734
2026-01-20 21:15:00+00:00,99954.11893911734
2026-01-20 21:30:00+00:00,99954.11893911734
2026-01-20 21:45:00+00:00,99954.11893911734
2026-01-20 22:00:00+00:00,99954.11893911734
2026-01-20 22:15:00+00:00,99954.11893911734
2026-01-20 22:30:00+00:00,99954.11893911734
2026-01-20 22:45:00+00:00,99954.11893911734
2026-01-20 23:00:00+00:00,99954.11893911734
2026-01-20 23:15:00+00:00,99954.11893911734
2026-01-20 23:30:00+00:00,99954.11893911734
2026-01-20 23:45:00+00:00,99954.11893911734
2026-01-21 00:00:00+00:00,99954.11893911734
2026-01-21 00:15:00+00:00,99956.53020890504
2026-01-21 00:30:00+00:00,99959.36043232825
2026-01-21 00:45:00+00:00,99959.36043232825
2026-01-21 01:00:00+00:00,99959.36043232825
2026-01-21 01:15:00+00:00,99959.36043232825
2026-01-21 01:30:00+00:00,99959.36043232825
2026-01-21 01:45:00+00:00,99959.36043232825
2026-01-21 02:00:00+00:00,99959.36043232825
2026-01-21 02:15:00+00:00,99959.36043232825
2026-01-21 02:30:00+00:00,99959.36043232825
2026-01-21 02:45:00+00:00,99959.36043232825
2026-01-21 03:00:00+00:00,99959.36043232825
2026-01-21 03:15:00+00:00,99959.36043232825
2026-01-21 03:30:00+00:00,99959.36043232825
2026-01-21 03:45:00+00:00,99959.36043232825
2026-01-21 04:00:00+00:00,99959.36043232825
2026-01-21 04:15:00+00:00,99959.36043232825
2026-01-21 04:30:00+00:00,99959.36043232825
2026-01-21 04:45:00+00:00,99959.36043232825
2026-01-21 05:00:00+00:00,99959.36043232825
2026-01-21 05:15:00+00:00,99959.36043232825
2026-01-21 05:30:00+00:00,99959.36043232825
2026-01-21 05:45:00+00:00,99959.36043232825
2026-01-21 06:00:00+00:00,99959.36043232825
2026-01-21 06:15:00+00:00,99959.36043232825
2026-01-21 06:30:00+00:00,99959.36043232825
2026-01-21 06:45:00+00:00,99959.36043232825
2026-01-21 07:00:00+00:00,99959.36043232825
2026-01-21 07:15:00+00:00,99959.36043232825
2026-01-21 07:30:00+00:00,99959.36043232825
2026-01-21 07:45:00+00:00,99959.36043232825
2026-01-21 08:00:00+00:00,99959.36043232825
2026-01-21 08:15:00+00:00,99959.36043232825
2026-01-21 08:30:00+00:00,99959.36043232825
2026-01-21 08:45:00+00:00,99959.36043232825
2026-01-21 09:00:00+00:00,99959.36043232825
2026-01-21 09:15:00+00:00,99959.36043232825
2026-01-21 09:30:00+00:00,99959.36043232825
2026-01-21 09:45:00+00:00,99959.36043232825
2026-01-21 10:00:00+00:00,99959.36043232825
2026-01-21 10:15:00+00:00,99959.36043232825
2026-01-21 10:30:00+00:00,99959.36043232825
2026-01-21 10:45:00+00:00,99959.36043232825
2026-01-21 11:00:00+00:00,99959.36043232825
2026-01-21 11:15:00+00:00,99959.36043232825
2026-01-21 11:30:00+00:00,99959.36043232825
2026-01-21 11:45:00+00:00,99959.36043232825
2026-01-21 12:00:00+00:00,99959.36043232825
2026-01-21 12:15:00+00:00,99959.36043232825
2026-01-21 12:30:00+00:00,99959.36043232825
2026-01-21 12:45:00+00:00,99959.36043232825
2026-01-21 13:00:00+00:00,99959.36043232825
2026-01-21 13:15:00+00:00,99959.36043232825
2026-01-21 13:30:00+00:00,99959.36043232825
2026-01-21 13:45:00+00:00,99959.36043232825
2026-01-21 14:00:00+00:00,99959.36043232825
2026-01-21 14:15:00+00:00,99959.36043232825
2026-01-21 14:30:00+00:00,99959.36043232825
2026-01-21 14:45:00+00:00,99959.36043232825
2026-01-21 15:00:00+00:00,99959.36043232825
2026-01-21 15:15:00+00:00,99959.36043232825
2026-01-21 15:30:00+00:00,99959.36043232825
2026-01-21 15:45:00+00:00,99959.36043232825
2026-01-21 16:00:00+00:00,99959.36043232825
2026-01-21 16:15:00+00:00,99959.36043232825
2026-01-21 16:30:00+00:00,99959.36043232825
2026-01-21 16:45:00+00:00,99959.36043232825
2026-01-21 17:00:00+00:00,99959.36043232825
2026-01-21 17:15:00+00:00,99959.36043232825
2026-01-21 17:30:00+00:00,99959.36043232825
2026-01-21 17:45:00+00:00,99959.36043232825
2026-01-21 18:00:00+00:00,99959.36043232825
2026-01-21 18:15:00+00:00,99959.36043232825
2026-01-21 18:30:00+00:00,99959.36043232825
2026-01-21 18:45:00+00:00,99959.36043232825
2026-01-21 19:00:00+00:00,99959.36043232825
2026-01-21 19:15:00+00:00,99959.36043232825
2026-01-21 19:30:00+00:00,99959.36043232825
2026-01-21 19:45:00+00:00,99959.36043232825
2026-01-21 20:00:00+00:00,99959.36043232825
2026-01-21 20:15:00+00:00,99959.36043232825
2026-01-21 20:30:00+00:00,99959.36043232825
2026-01-21 20:45:00+00:00,99959.36043232825
2026-01-21 21:00:00+00:00,99959.36043232825
2026-01-21 21:15:00+00:00,99959.36043232825
2026-01-21 21:30:00+00:00,99959.36043232825
2026-01-21 21:45:00+00:00,99959.36043232825
2026-01-21 22:00:00+00:00,99959.36043232825
2026-01-21 22:15:00+00:00,99959.36043232825
2026-01-21 22:30:00+00:00,99959.36043232825
2026-01-21 22:45:00+00:00,99959.36043232825
2026-01-21 23:00:00+00:00,99959.36043232825
2026-01-21 23:15:00+00:00,99959.36043232825
2026-01-21 23:30:00+00:00,99959.36043232825
2026-01-21 23:45:00+00:00,99959.36043232825
2026-01-22 00:00:00+00:00,99959.36043232825
2026-01-22 00:15:00+00:00,99957.20854676273
2026-01-22 00:30:00+00:00,99955.52559146269
2026-01-22 00:45:00+00:00,99956.05070810813
2026-01-22 01:00:00+00:00,99954.42043322795
2026-01-22 01:15:00+00:00,99942.82503901915
2026-01-22 01:30:00+00:00,99942.82503901915
2026-01-22 01:45:00+00:00,99942.82503901915
2026-01-22 02:00:00+00:00,99942.82503901915
2026-01-22 02:15:00+00:00,99942.82503901915
2026-01-22 02:30:00+00:00,99942.82503901915
2026-01-22 02:45:00+00:00,99942.82503901915
2026-01-22 03:00:00+00:00,99942.82503901915
2026-01-22 03:15:00+00:00,99942.82503901915
2026-01-22 03:30:00+00:00,99942.82503901915
2026-01-22 03:45:00+00:00,99942.82503901915
2026-01-22 04:00:00+00:00,99942.82503901915
2026-01-22 04:15:00+00:00,99942.82503901915
2026-01-22 04:30:00+00:00,99942.82503901915
2026-01-22 04:45:00+00:00,99942.82503901915
2026-01-22 05:00:00+00:00,99942.82503901915
2026-01-22 05:15:00+00:00,99942.82503901915
2026-01-22 05:30:00+00:00,99942.82503901915
2026-01-22 05:45:00+00:00,99942.82503901915
2026-01-22 06:00:00+00:00,99942.82503901915
2026-01-22 06:15:00+00:00,99942.82503901915
2026-01-22 06:30:00+00:00,99942.82503901915
2026-01-22 06:45:00+00:00,99942.82503901915
2026-01-22 07:00:00+00:00,99942.82503901915
2026-01-22 07:15:00+00:00,99942.82503901915
2026-01-22 07:30:00+00:00,99942.82503901915
2026-01-22 07:45:00+00:00,99942.82503901915
2026-01-22 08:00:00+00:00,99942.82503901915
2026-01-22 08:15:00+00:00,99942.82503901915
2026-01-22 08:30:00+00:00,99942.82503901915
2026-01-22 08:45:00+00:00,99942.82503901915
2026-01-22 09:00:00+00:00,99942.82503901915
2026-01-22 09:15:00+00:00,99942.82503901915
2026-01-22 09:30:00+00:00,99942.82503901915
2026-01-22 09:45:00+00:00,99942.82503901915
2026-01-22 10:00:00+00:00,99942.82503901915
2026-01-22 10:15:00+00:00,99942.82503901915
2026-01-22 10:30:00+00:00,99942.82503901915
2026-01-22 10:45:00+00:00,99942.82503901915
2026-01-22 11:00:00+00:00,99942.82503901915
2026-01-22 11:15:00+00:00,99942.82503901915
2026-01-22 11:30:00+00:00,99942.82503901915
2026-01-22 11:45:00+00:00,99942.82503901915
2026-01-22 12:00:00+00:00,99942.82503901915
2026-01-22 12:15:00+00:00,99942.82503901915
2026-01-22 12:30:00+00:00,99942.82503901915
2026-01-22 12:45:00+00:00,99942.82503901915
2026-01-22 13:00:00+00:00,99942.82503901915
2026-01-22 13:15:00+00:00,99942.82503901915
2026-01-22 13:30:00+00:00,99942.82503901915
2026-01-22 13:45:00+00:00,99942.82503901915
2026-01-22 14:00:00+00:00,99942.82503901915
2026-01-22 14:15:00+00:00,99942.82503901915
2026-01-22 14:30:00+00:00,99942.82503901915
2026-01-22 14:45:00+00:00,99942.82503901915
2026-01-22 15:00:00+00:00,99942.82503901915
2026-01-22 15:15:00+00:00,99942.82503901915
2026-01-22 15:30:00+00:00,99942.82503901915
2026-01-22 15:45:00+00:00,99942.82503901915
2026-01-22 16:00:00+00:00,99942.82503901915
2026-01-22 16:15:00+00:00,99942.82503901915
2026-01-22 16:30:00+00:00,99942.82503901915
2026-01-22 16:45:00+00:00,99942.82503901915
2026-01-22 17:00:00+00:00,99942.82503901915
2026-01-22 17:15:00+00:00,99942.82503901915
2026-01-22 17:30:00+00:00,99942.82503901915
2026-01-22 17:45:00+00:00,99942.82503901915
2026-01-22 18:00:00+00:00,99942.82503901915
2026-01-22 18:15:00+00:00,99942.82503901915
2026-01-22 18:30:00+00:00,99942.82503901915
2026-01-22 18:45:00+00:00,99942.82503901915
2026-01-22 19:00:00+00:00,99942.82503901915
2026-01-22 19:15:00+00:00,99942.82503901915
2026-01-22 19:30:00+00:00,99942.82503901915
2026-01-22 19:45:00+00:00,99942.82503901915
2026-01-22 20:00:00+00:00,99942.82503901915
2026-01-22 20:15:00+00:00,99942.82503901915
2026-01-22 20:30:00+00:00,99942.82503901915
2026-01-22 20:45:00+00:00,99942.82503901915
2026-01-22 21:00:00+00:00,99942.82503901915
2026-01-22 21:15:00+00:00,99942.82503901915
2026-01-22 21:30:00+00:00,99942.82503901915
2026-01-22 21:45:00+00:00,99942.82503901915
2026-01-22 22:00:00+00:00,99942.82503901915
2026-01-22 22:15:00+00:00,99942.82503901915
2026-01-22 22:30:00+00:00,99942.82503901915
2026-01-22 22:45:00+00:00,99942.82503901915
2026-01-22 23:00:00+00:00,99942.82503901915
2026-01-22 23:15:00+00:00,99942.82503901915
2026-01-22 23:30:00+00:00,99942.82503901915
2026-01-22 23:45:00+00:00,99942.82503901915
2026-01-23 00:00:00+00:00,99942.82503901915
2026-01-23 00:15:00+00:00,99942.82503901915
2026-01-23 00:30:00+00:00,99942.82503901915
2026-01-23 00:45:00+00:00,99942.82503901915
2026-01-23 01:00:00+00:00,99942.82503901915
2026-01-23 01:15:00+00:00,99942.82503901915
2026-01-23 01:30:00+00:00,99942.82503901915
2026-01-23 01:45:00+00:00,99942.82503901915
2026-01-23 02:00:00+00:00,99942.82503901915
2026-01-23 02:15:00+00:00,99942.82503901915
2026-01-23 02:30:00+00:00,99942.82503901915
2026-01-23 02:45:00+00:00,99942.82503901915
2026-01-23 03:00:00+00:00,99942.82503901915
2026-01-23 03:15:00+00:00,99942.82503901915
2026-01-23 03:30:00+00:00,99942.82503901915
2026-01-23 03:45:00+00:00,99942.82503901915
2026-01-23 04:00:00+00:00,99942.82503901915
2026-01-23 04:15:00+00:00,99942.82503901915
2026-01-23 04:30:00+00:00,99942.82503901915
2026-01-23 04:45:00+00:00,99942.82503901915
2026-01-23 05:00:00+00:00,99942.82503901915
2026-01-23 05:15:00+00:00,99942.82503901915
2026-01-23 05:30:00+00:00,99942.82503901915
2026-01-23 05:45:00+00:00,99942.82503901915
2026-01-23 06:00:00+00:00,99942.82503901915
2026-01-23 06:15:00+00:00,99942.82503901915
2026-01-23 06:30:00+00:00,99942.82503901915
2026-01-23 06:45:00+00:00,99942.82503901915
2026-01-23 07:00:00+00:00,99942.82503901915
2026-01-23 07:15:00+00:00,99942.82503901915
2026-01-23 07:30:00+00:00,99942.82503901915
2026-01-23 07:45:00+00:00,99942.82503901915
2026-01-23 08:00:00+00:00,99942.82503901915
2026-01-23 08:15:00+00:00,99942.82503901915
2026-01-23 08:30:00+00:00,99942.82503901915
2026-01-23 08:45:00+00:00,99942.82503901915
2026-01-23 09:00:00+00:00,99942.82503901915
2026-01-23 09:15:00+00:00,99942.82503901915
2026-01-23 09:30:00+00:00,99942.82503901915
2026-01-23 09:45:00+00:00,99942.82503901915
2026-01-23 10:00:00+00:00,99942.82503901915
2026-01-23 10:15:00+00:00,99942.82503901915
2026-01-23 10:30:00+00:00,99942.82503901915
2026-01-23 10:45:00+00:00,99942.82503901915
2026-01-23 11:00:00+00:00,99942.82503901915
2026-01-23 11:15:00+00:00,99942.82503901915
2026-01-23 11:30:00+00:00,99942.82503901915
2026-01-23 11:45:00+00:00,99942.82503901915
2026-01-23 12:00:00+00:00,99942.82503901915
2026-01-23 12:15:00+00:00,99942.82503901915
2026-01-23 12:30:00+00:00,99942.82503901915
2026-01-23 12:45:00+00:00,99942.82503901915
2026-01-23 13:00:00+00:00,99942.82503901915
2026-01-23 13:15:00+00:00,99942.82503901915
2026-01-23 13:30:00+00:00,99942.82503901915
2026-01-23 13:45:00+00:00,99942.82503901915
2026-01-23 14:00:00+00:00,99942.82503901915
2026-01-23 14:15:00+00:00,99942.82503901915
2026-01-23 14:30:00+00:00,99942.82503901915
2026-01-23 14:45:00+00:00,99942.82503901915
2026-01-23 15:00:00+00:00,99942.82503901915
2026-01-23 15:15:00+00:00,99942.82503901915
2026-01-23 15:30:00+00:00,99942.82503901915
2026-01-23 15:45:00+00:00,99942.82503901915
2026-01-23 16:00:00+00:00,99942.82503901915
2026-01-23 16:15:00+00:00,99942.82503901915
2026-01-23 16:30:00+00:00,99942.82503901915
2026-01-23 16:45:00+00:00,99942.82503901915
2026-01-23 17:00:00+00:00,99942.82503901915
2026-01-23 17:15:00+00:00,99942.82503901915
2026-01-23 17:30:00+00:00,99942.82503901915
2026-01-23 17:45:00+00:00,99942.82503901915
2026-01-23 18:00:00+00:00,99942.82503901915
2026-01-23 18:15:00+00:00,99942.82503901915
2026-01-23 18:30:00+00:00,99942.82503901915
2026-01-23 18:45:00+00:00,99942.82503901915
2026-01-23 19:00:00+00:00,99942.82503901915
2026-01-23 19:15:00+00:00,99942.82503901915
2026-01-23 19:30:00+00:00,99942.82503901915
2026-01-23 19:45:00+00:00,99942.82503901915
2026-01-23 20:00:00+00:00,99942.82503901915
2026-01-23 20:15:00+00:00,99942.82503901915
2026-01-23 20:30:00+00:00,99942.82503901915
2026-01-23 20:45:00+00:00,99942.82503901915
2026-01-23 21:00:00+00:00,99942.82503901915
2026-01-23 21:15:00+00:00,99942.82503901915
2026-01-23 21:30:00+00:00,99942.82503901915
2026-01-23 21:45:00+00:00,99942.82503901915
2026-01-23 22:00:00+00:00,99942.82503901915
2026-01-23 22:15:00+00:00,99942.82503901915
2026-01-23 22:30:00+00:00,99942.82503901915
2026-01-23 22:45:00+00:00,99942.82503901915
2026-01-23 23:00:00+00:00,99942.82503901915
2026-01-23 23:15:00+00:00,99942.82503901915
2026-01-23 23:30:00+00:00,99942.82503901915
2026-01-23 23:45:00+00:00,99942.82503901915
2026-01-24 00:00:00+00:00,99942.82503901915
2026-01-24 00:15:00+00:00,99942.82503901915
2026-01-24 00:30:00+00:00,99942.82503901915
2026-01-24 00:45:00+00:00,99942.82503901915
2026-01-24 01:00:00+00:00,99942.82503901915
2026-01-24 01:15:00+00:00,99942.82503901915
2026-01-24 01:30:00+00:00,99942.82503901915
2026-01-24 01:45:00+00:00,99942.82503901915
2026-01-24 02:00:00+00:00,99942.82503901915
2026-01-24 02:15:00+00:00,99942.82503901915
2026-01-24 02:30:00+00:00,99942.82503901915
2026-01-24 02:45:00+00:00,99942.82503901915
2026-01-24 03:00:00+00:00,99942.82503901915
2026-01-24 03:15:00+00:00,99942.82503901915
2026-01-24 03:30:00+00:00,99942.82503901915
2026-01-24 03:45:00+00:00,99942.82503901915
2026-01-24 04:00:00+00:00,99942.82503901915
2026-01-24 04:15:00+00:00,99942.82503901915
2026-01-24 04:30:00+00:00,99942.82503901915
2026-01-24 04:45:00+00:00,99942.82503901915
2026-01-24 05:00:00+00:00,99942.82503901915
2026-01-24 05:15:00+00:00,99942.82503901915
2026-01-24 05:30:00+00:00,99942.82503901915
2026-01-24 05:45:00+00:00,99942.82503901915
2026-01-24 06:00:00+00:00,99942.82503901915
2026-01-24 06:15:00+00:00,99942.82503901915
2026-01-24 06:30:00+00:00,99942.82503901915
2026-01-24 06:45:00+00:00,99942.82503901915
2026-01-24 07:00:00+00:00,99942.82503901915
2026-01-24 07:15:00+00:00,99942.82503901915
2026-01-24 07:30:00+00:00,99942.82503901915
2026-01-24 07:45:00+00:00,99942.82503901915
2026-01-24 08:00:00+00:00,99942.82503901915
2026-01-24 08:15:00+00:00,99942.82503901915
2026-01-24 08:30:00+00:00,99942.82503901915
2026-01-24 08:45:00+00:00,99942.82503901915
2026-01-24 09:00:00+00:00,99942.82503901915
2026-01-24 09:15:00+00:00,99942.82503901915
2026-01-24 09:30:00+00:00,99942.82503901915
2026-01-24 09:45:00+00:00,99942.82503901915
2026-01-24 10:00:00+00:00,99942.82503901915
2026-01-24 10:15:00+00:00,99942.82503901915
2026-01-24 10:30:00+00:00,99942.82503901915
2026-01-24 10:45:00+00:00,99942.82503901915
2026-01-24 11:00:00+00:00,99942.82503901915
2026-01-24 11:15:00+00:00,99942.82503901915
2026-01-24 11:30:00+00:00,99942.82503901915
2026-01-24 11:45:00+00:00,99942.82503901915
2026-01-24 12:00:00+00:00,99942.82503901915
2026-01-24 12:15:00+00:00,99942.82503901915
2026-01-24 12:30:00+00:00,99942.82503901915
2026-01-24 12:45:00+00:00,99942.82503901915
2026-01-24 13:00:00+00:00,99942.82503901915
2026-01-24 13:15:00+00:00,99942.82503901915
2026-01-24 13:30:00+00:00,99942.82503901915
2026-01-24 13:45:00+00:00,99942.82503901915
2026-01-24 14:00:00+00:00,99942.82503901915
2026-01-24 14:15:00+00:00,99942.82503901915
2026-01-24 14:30:00+00:00,99942.82503901915
2026-01-24 14:45:00+00:00,99942.82503901915
2026-01-24 15:00:00+00:00,99942.82503901915
2026-01-24 15:15:00+00:00,99942.82503901915
2026-01-24 15:30:00+00:00,99942.82503901915
2026-01-24 15:45:00+00:00,99942.82503901915
2026-01-24 16:00:00+00:00,99942.82503901915
2026-01-24 16:15:00+00:00,99942.82503901915
2026-01-24 16:30:00+00:00,99942.82503901915
2026-01-24 16:45:00+00:00,99942.82503901915
2026-01-24 17:00:00+00:00,99942.82503901915
2026-01-24 17:15:00+00:00,99942.82503901915
2026-01-24 17:30:00+00:00,99942.82503901915
2026-01-24 17:45:00+00:00,99942.82503901915
2026-01-24 18:00:00+00:00,99942.82503901915
2026-01-24 18:15:00+00:00,99942.82503901915
2026-01-24 18:30:00+00:00,99942.82503901915
2026-01-24 18:45:00+00:00,99942.82503901915
2026-01-24 19:00:00+00:00,99942.82503901915
2026-01-24 19:15:00+00:00,99942.82503901915
2026-01-24 19:30:00+00:00,99942.82503901915
2026-01-24 19:45:00+00:00,99942.82503901915
2026-01-24 20:00:00+00:00,99942.82503901915
2026-01-24 20:15:00+00:00,99942.82503901915
2026-01-24 20:30:00+00:00,99942.82503901915
2026-01-24 20:45:00+00:00,99942.82503901915
2026-01-24 21:00:00+00:00,99942.82503901915
2026-01-24 21:15:00+00:00,99942.82503901915
2026-01-24 21:30:00+00:00,99942.82503901915
2026-01-24 21:45:00+00:00,99942.82503901915
2026-01-24 22:00:00+00:00,99942.82503901915
2026-01-24 22:15:00+00:00,99942.82503901915
2026-01-24 22:30:00+00:00,99942.82503901915
2026-01-24 22:45:00+00:00,99942.82503901915
2026-01-24 23:00:00+00:00,99942.82503901915
2026-01-24 23:15:00+00:00,99942.82503901915
2026-01-24 23:30:00+00:00,99942.82503901915
2026-01-24 23:45:00+00:00,99942.82503901915
2026-01-25 00:00:00+00:00,99942.82503901915
2026-01-25 00:15:00+00:00,99942.82503901915
2026-01-25 00:30:00+00:00,99942.82503901915
2026-01-25 00:45:00+00:00,99942.82503901915
2026-01-25 01:00:00+00:00,99942.82503901915
2026-01-25 01:15:00+00:00,99942.82503901915
2026-01-25 01:30:00+00:00,99942.82503901915
2026-01-25 01:45:00+00:00,99942.82503901915
2026-01-25 02:00:00+00:00,99942.82503901915
2026-01-25 02:15:00+00:00,99942.82503901915
2026-01-25 02:30:00+00:00,99942.82503901915
2026-01-25 02:45:00+00:00,99942.82503901915
2026-01-25 03:00:00+00:00,99942.82503901915
2026-01-25 03:15:00+00:00,99942.82503901915
2026-01-25 03:30:00+00:00,99942.82503901915
2026-01-25 03:45:00+00:00,99942.82503901915
2026-01-25 04:00:00+00:00,99942.82503901915
2026-01-25 04:15:00+00:00,99942.82503901915
2026-01-25 04:30:00+00:00,99942.82503901915
2026-01-25 04:45:00+00:00,99942.82503901915
2026-01-25 05:00:00+00:00,99942.82503901915
2026-01-25 05:15:00+00:00,99942.82503901915
2026-01-25 05:30:00+00:00,99942.82503901915
2026-01-25 05:45:00+00:00,99942.82503901915
2026-01-25 06:00:00+00:00,99942.82503901915
2026-01-25 06:15:00+00:00,99942.82503901915
2026-01-25 06:30:00+00:00,99942.82503901915
2026-01-25 06:45:00+00:00,99942.82503901915
2026-01-25 07:00:00+00:00,99942.82503901915
2026-01-25 07:15:00+00:00,99942.82503901915
2026-01-25 07:30:00+00:00,99942.82503901915
2026-01-25 07:45:00+00:00,99942.82503901915
2026-01-25 08:00:00+00:00,99942.82503901915
2026-01-25 08:15:00+00:00,99942.82503901915
2026-01-25 08:30:00+00:00,99942.82503901915
2026-01-25 08:45:00+00:00,99942.82503901915
2026-01-25 09:00:00+00:00,99942.82503901915
2026-01-25 09:15:00+00:00,99942.82503901915
2026-01-25 09:30:00+00:00,99942.82503901915
2026-01-25 09:45:00+00:00,99942.82503901915
2026-01-25 10:00:00+00:00,99942.82503901915
2026-01-25 10:15:00+00:00,99942.82503901915
2026-01-25 10:30:00+00:00,99942.82503901915
2026-01-25 10:45:00+00:00,99942.82503901915
2026-01-25 11:00:00+00:00,99942.82503901915
2026-01-25 11:15:00+00:00,99942.82503901915
2026-01-25 11:30:00+00:00,99942.82503901915
2026-01-25 11:45:00+00:00,99942.82503901915
2026-01-25 12:00:00+00:00,99942.82503901915
2026-01-25 12:15:00+00:00,99942.82503901915
2026-01-25 12:30:00+00:00,99942.82503901915
2026-01-25 12:45:00+00:00,99942.82503901915
2026-01-25 13:00:00+00:00,99942.82503901915
2026-01-25 13:15:00+00:00,99942.82503901915
2026-01-25 13:30:00+00:00,99942.82503901915
2026-01-25 13:45:00+00:00,99942.82503901915
2026-01-25 14:00:00+00:00,99942.82503901915
2026-01-25 14:15:00+00:00,99942.82503901915
2026-01-25 14:30:00+00:00,99942.82503901915
2026-01-25 14:45:00+00:00,99942.82503901915
2026-01-25 15:00:00+00:00,99942.82503901915
2026-01-25 15:15:00+00:00,99942.82503901915
2026-01-25 15:30:00+00:00,99942.82503901915
2026-01-25 15:45:00+00:00,99942.82503901915
2026-01-25 16:00:00+00:00,99942.82503901915
2026-01-25 16:15:00+00:00,99942.82503901915
2026-01-25 16:30:00+00:00,99942.82503901915
2026-01-25 16:45:00+00:00,99942.82503901915
2026-01-25 17:00:00+00:00,99942.82503901915
2026-01-25 17:15:00+00:00,99942.82503901915
2026-01-25 17:30:00+00:00,99942.82503901915
2026-01-25 17:45:00+00:00,99942.82503901915
2026-01-25 18:00:00+00:00,99942.82503901915
2026-01-25 18:15:00+00:00,99942.82503901915
2026-01-25 18:30:00+00:00,99942.82503901915
2026-01-25 18:45:00+00:00,99942.82503901915
2026-01-25 19:00:00+00:00,99942.82503901915
2026-01-25 19:15:00+00:00,99942.82503901915
2026-01-25 19:30:00+00:00,99942.82503901915
2026-01-25 19:45:00+00:00,99942.82503901915
2026-01-25 20:00:00+00:00,99942.82503901915
2026-01-25 20:15:00+00:00,99943.69497170727
2026-01-25 20:30:00+00:00,99940.96550508695
2026-01-25 20:45:00+00:00,99946.55544945489
2026-01-25 21:00:00+00:00,99951.39138279633
2026-01-25 21:15:00+00:00,99952.05983992528
2026-01-25 21:30:00+00:00,99949.31416470447
2026-01-25 21:45:00+00:00,99949.31416470447
2026-01-25 22:00:00+00:00,99949.31416470447
2026-01-25 22:15:00+00:00,99949.31416470447
2026-01-25 22:30:00+00:00,99949.31416470447
2026-01-25 22:45:00+00:00,99949.31416470447
2026-01-25 23:00:00+00:00,99949.31416470447
2026-01-25 23:15:00+00:00,99949.31416470447
2026-01-25 23:30:00+00:00,99949.31416470447
2026-01-25 23:45:00+00:00,99949.31416470447
2026-01-26 00:00:00+00:00,99949.31416470447
2026-01-26 00:15:00+00:00,99949.31416470447
2026-01-26 00:30:00+00:00,99949.31416470447
2026-01-26 00:45:00+00:00,99949.31416470447
2026-01-26 01:00:00+00:00,99949.31416470447
2026-01-26 01:15:00+00:00,99949.31416470447
2026-01-26 01:30:00+00:00,99949.31416470447
2026-01-26 01:45:00+00:00,99949.31416470447
2026-01-26 02:00:00+00:00,99949.31416470447
2026-01-26 02:15:00+00:00,99949.31416470447
2026-01-26 02:30:00+00:00,99949.31416470447
2026-01-26 02:45:00+00:00,99949.31416470447
2026-01-26 03:00:00+00:00,99949.31416470447
2026-01-26 03:15:00+00:00,99949.31416470447
2026-01-26 03:30:00+00:00,99949.31416470447
2026-01-26 03:45:00+00:00,99949.31416470447
2026-01-26 04:00:00+00:00,99949.31416470447
2026-01-26 04:15:00+00:00,99942.5702786505
2026-01-26 04:30:00+00:00,99932.86634600454
2026-01-26 04:45:00+00:00,99932.86634600454
2026-01-26 05:00:00+00:00,99932.86634600454
2026-01-26 05:15:00+00:00,99932.86634600454
2026-01-26 05:30:00+00:00,99932.86634600454
2026-01-26 05:45:00+00:00,99932.86634600454
2026-01-26 06:00:00+00:00,99932.86634600454
2026-01-26 06:15:00+00:00,99932.86634600454
2026-01-26 06:30:00+00:00,99932.86634600454
2026-01-26 06:45:00+00:00,99932.86634600454
2026-01-26 07:00:00+00:00,99932.86634600454
2026-01-26 07:15:00+00:00,99932.86634600454
2026-01-26 07:30:00+00:00,99932.86634600454
2026-01-26 07:45:00+00:00,99932.86634600454
2026-01-26 08:00:00+00:00,99932.86634600454
2026-01-26 08:15:00+00:00,99928.09265454355
2026-01-26 08:30:00+00:00,99930.53681383879
2026-01-26 08:45:00+00:00,99931.91225162023
2026-01-26 09:00:00+00:00,99934.51319599888
2026-01-26 09:15:00+00:00,99934.86976059379
2026-01-26 09:30:00+00:00,99935.47311319357
2026-01-26 09:45:00+00:00,99937.2389909581
2026-01-26 10:00:00+00:00,99934.06406232374
2026-01-26 10:15:00+00:00,99934.06406232374
2026-01-26 10:30:00+00:00,99934.06406232374
2026-01-26 10:45:00+00:00,99934.06406232374
2026-01-26 11:00:00+00:00,99934.06406232374
2026-01-26 11:15:00+00:00,99934.06406232374
2026-01-26 11:30:00+00:00,99934.06406232374
2026-01-26 11:45:00+00:00,99934.06406232374
2026-01-26 12:00:00+00:00,99934.06406232374
2026-01-26 12:15:00+00:00,99934.06406232374
2026-01-26 12:30:00+00:00,99934.06406232374
2026-01-26 12:45:00+00:00,99934.06406232374
2026-01-26 13:00:00+00:00,99934.06406232374
2026-01-26 13:15:00+00:00,99934.06406232374
2026-01-26 13:30:00+00:00,99934.06406232374
2026-01-26 13:45:00+00:00,99934.06406232374
2026-01-26 14:00:00+00:00,99934.06406232374
2026-01-26 14:15:00+00:00,99934.06406232374
2026-01-26 14:30:00+00:00,99934.06406232374
2026-01-26 14:45:00+00:00,99934.06406232374
2026-01-26 15:00:00+00:00,99934.06406232374
2026-01-26 15:15:00+00:00,99934.06406232374
2026-01-26 15:30:00+00:00,99934.06406232374
2026-01-26 15:45:00+00:00,99934.06406232374
2026-01-26 16:00:00+00:00,99934.06406232374
2026-01-26 16:15:00+00:00,99934.06406232374
2026-01-26 16:30:00+00:00,99934.06406232374
2026-01-26 16:45:00+00:00,99934.06406232374
2026-01-26 17:00:00+00:00,99934.06406232374
2026-01-26 17:15:00+00:00,99934.06406232374
2026-01-26 17:30:00+00:00,99934.06406232374
2026-01-26 17:45:00+00:00,99934.06406232374
2026-01-26 18:00:00+00:00,99934.06406232374
2026-01-26 18:15:00+00:00,99934.06406232374
2026-01-26 18:30:00+00:00,99934.06406232374
2026-01-26 18:45:00+00:00,99934.06406232374
2026-01-26 19:00:00+00:00,99934.06406232374
2026-01-26 19:15:00+00:00,99934.06406232374
2026-01-26 19:30:00+00:00,99934.06406232374
2026-01-26 19:45:00+00:00,99934.06406232374
2026-01-26 20:00:00+00:00,99934.06406232374
2026-01-26 20:15:00+00:00,99934.06406232374
2026-01-26 20:30:00+00:00,99934.06406232374
2026-01-26 20:45:00+00:00,99934.06406232374
2026-01-26 21:00:00+00:00,99934.06406232374
2026-01-26 21:15:00+00:00,99934.06406232374
2026-01-26 21:30:00+00:00,99934.06406232374
2026-01-26 21:45:00+00:00,99934.06406232374
2026-01-26 22:00:00+00:00,99934.06406232374
2026-01-26 22:15:00+00:00,99934.06406232374
2026-01-26 22:30:00+00:00,99934.06406232374
2026-01-26 22:45:00+00:00,99934.06406232374
2026-01-26 23:00:00+00:00,99934.06406232374
2026-01-26 23:15:00+00:00,99934.06406232374
2026-01-26 23:30:00+00:00,99934.06406232374
2026-01-26 23:45:00+00:00,99934.06406232374
2026-01-27 00:00:00+00:00,99934.06406232374
2026-01-27 00:15:00+00:00,99934.06406232374
2026-01-27 00:30:00+00:00,99934.06406232374
2026-01-27 00:45:00+00:00,99934.06406232374
2026-01-27 01:00:00+00:00,99934.06406232374
2026-01-27 01:15:00+00:00,99934.06406232374
2026-01-27 01:30:00+00:00,99934.06406232374
2026-01-27 01:45:00+00:00,99934.06406232374
2026-01-27 02:00:00+00:00,99934.06406232374
2026-01-27 02:15:00+00:00,99934.06406232374
2026-01-27 02:30:00+00:00,99934.06406232374
2026-01-27 02:45:00+00:00,99934.06406232374
2026-01-27 03:00:00+00:00,99934.06406232374
2026-01-27 03:15:00+00:00,99934.06406232374
2026-01-27 03:30:00+00:00,99934.06406232374
2026-01-27 03:45:00+00:00,99934.06406232374
2026-01-27 04:00:00+00:00,99934.06406232374
2026-01-27 04:15:00+00:00,99934.06406232374
2026-01-27 04:30:00+00:00,99934.06406232374
2026-01-27 04:45:00+00:00,99934.06406232374
2026-01-27 05:00:00+00:00,99934.06406232374
2026-01-27 05:15:00+00:00,99934.06406232374
2026-01-27 05:30:00+00:00,99934.06406232374
2026-01-27 05:45:00+00:00,99934.06406232374
2026-01-27 06:00:00+00:00,99934.06406232374
2026-01-27 06:15:00+00:00,99934.06406232374
2026-01-27 06:30:00+00:00,99934.06406232374
2026-01-27 06:45:00+00:00,99934.06406232374
2026-01-27 07:00:00+00:00,99934.06406232374
2026-01-27 07:15:00+00:00,99934.06406232374
2026-01-27 07:30:00+00:00,99934.06406232374
2026-01-27 07:45:00+00:00,99934.06406232374
2026-01-27 08:00:00+00:00,99934.06406232374
2026-01-27 08:15:00+00:00,99934.06406232374
2026-01-27 08:30:00+00:00,99934.06406232374
2026-01-27 08:45:00+00:00,99934.06406232374
2026-01-27 09:00:00+00:00,99934.06406232374
2026-01-27 09:15:00+00:00,99934.06406232374
2026-01-27 09:30:00+00:00,99934.06406232374
2026-01-27 09:45:00+00:00,99934.06406232374
2026-01-27 10:00:00+00:00,99934.06406232374
2026-01-27 10:15:00+00:00,99934.06406232374
2026-01-27 10:30:00+00:00,99934.06406232374
2026-01-27 10:45:00+00:00,99934.06406232374
2026-01-27 11:00:00+00:00,99934.06406232374
2026-01-27 11:15:00+00:00,99934.06406232374
2026-01-27 11:30:00+00:00,99934.06406232374
2026-01-27 11:45:00+00:00,99934.06406232374
2026-01-27 12:00:00+00:00,99934.06406232374
2026-01-27 12:15:00+00:00,99934.06406232374
2026-01-27 12:30:00+00:00,99934.06406232374
2026-01-27 12:45:00+00:00,99934.06406232374
2026-01-27 13:00:00+00:00,99934.06406232374
2026-01-27 13:15:00+00:00,99934.06406232374
2026-01-27 13:30:00+00:00,99934.06406232374
2026-01-27 13:45:00+00:00,99934.06406232374
2026-01-27 14:00:00+00:00,99934.06406232374
2026-01-27 14:15:00+00:00,99934.06406232374
2026-01-27 14:30:00+00:00,99934.06406232374
2026-01-27 14:45:00+00:00,99934.06406232374
2026-01-27 15:00:00+00:00,99934.06406232374
2026-01-27 15:15:00+00:00,99934.06406232374
2026-01-27 15:30:00+00:00,99934.06406232374
2026-01-27 15:45:00+00:00,99934.06406232374
2026-01-27 16:00:00+00:00,99934.06406232374
2026-01-27 16:15:00+00:00,99934.06406232374
2026-01-27 16:30:00+00:00,99934.06406232374
2026-01-27 16:45:00+00:00,99934.06406232374
2026-01-27 17:00:00+00:00,99934.06406232374
2026-01-27 17:15:00+00:00,99934.06406232374
2026-01-27 17:30:00+00:00,99934.06406232374
2026-01-27 17:45:00+00:00,99934.06406232374
2026-01-27 18:00:00+00:00,99934.06406232374
2026-01-27 18:15:00+00:00,99934.06406232374
2026-01-27 18:30:00+00:00,99934.06406232374
2026-01-27 18:45:00+00:00,99934.06406232374
2026-01-27 19:00:00+00:00,99934.06406232374
2026-01-27 19:15:00+00:00,99934.06406232374
2026-01-27 19:30:00+00:00,99934.06406232374
2026-01-27 19:45:00+00:00,99934.06406232374
2026-01-27 20:00:00+00:00,99934.06406232374
2026-01-27 20:15:00+00:00,99934.06406232374
2026-01-27 20:30:00+00:00,99934.06406232374
2026-01-27 20:45:00+00:00,99934.06406232374
2026-01-27 21:00:00+00:00,99934.06406232374
2026-01-27 21:15:00+00:00,99934.06406232374
2026-01-27 21:30:00+00:00,99934.06406232374
2026-01-27 21:45:00+00:00,99934.06406232374
2026-01-27 22:00:00+00:00,99934.06406232374
2026-01-27 22:15:00+00:00,99934.06406232374
2026-01-27 22:30:00+00:00,99934.06406232374
2026-01-27 22:45:00+00:00,99934.06406232374
2026-01-27 23:00:00+00:00,99934.06406232374
2026-01-27 23:15:00+00:00,99934.06406232374
2026-01-27 23:30:00+00:00,99934.06406232374
2026-01-27 23:45:00+00:00,99934.06406232374
2026-01-28 00:00:00+00:00,99934.06406232374
2026-01-28 00:15:00+00:00,99934.06406232374
2026-01-28 00:30:00+00:00,99934.06406232374
2026-01-28 00:45:00+00:00,99934.06406232374
2026-01-28 01:00:00+00:00,99934.06406232374
2026-01-28 01:15:00+00:00,99934.06406232374
2026-01-28 01:30:00+00:00,99934.06406232374
2026-01-28 01:45:00+00:00,99934.06406232374
2026-01-28 02:00:00+00:00,99934.06406232374
2026-01-28 02:15:00+00:00,99934.06406232374
2026-01-28 02:30:00+00:00,99934.06406232374
2026-01-28 02:45:00+00:00,99934.06406232374
2026-01-28 03:00:00+00:00,99934.06406232374
2026-01-28 03:15:00+00:00,99934.06406232374
2026-01-28 03:30:00+00:00,99934.06406232374
2026-01-28 03:45:00+00:00,99934.06406232374
2026-01-28 04:00:00+00:00,99934.06406232374
2026-01-28 04:15:00+00:00,99934.06406232374
2026-01-28 04:30:00+00:00,99934.06406232374
2026-01-28 04:45:00+00:00,99934.06406232374
2026-01-28 05:00:00+00:00,99934.06406232374
2026-01-28 05:15:00+00:00,99934.06406232374
2026-01-28 05:30:00+00:00,99934.06406232374
2026-01-28 05:45:00+00:00,99934.06406232374
2026-01-28 06:00:00+00:00,99934.06406232374
2026-01-28 06:15:00+00:00,99934.06406232374
2026-01-28 06:30:00+00:00,99934.06406232374
2026-01-28 06:45:00+00:00,99934.06406232374
2026-01-28 07:00:00+00:00,99934.06406232374
2026-01-28 07:15:00+00:00,99934.06406232374
2026-01-28 07:30:00+00:00,99934.06406232374
2026-01-28 07:45:00+00:00,99934.06406232374
2026-01-28 08:00:00+00:00,99934.06406232374
2026-01-28 08:15:00+00:00,99934.06406232374
2026-01-28 08:30:00+00:00,99934.06406232374
2026-01-28 08:45:00+00:00,99934.06406232374
2026-01-28 09:00:00+00:00,99934.06406232374
2026-01-28 09:15:00+00:00,99934.06406232374
2026-01-28 09:30:00+00:00,99934.06406232374
2026-01-28 09:45:00+00:00,99934.06406232374
2026-01-28 10:00:00+00:00,99934.06406232374
2026-01-28 10:15:00+00:00,99934.06406232374
2026-01-28 10:30:00+00:00,99934.06406232374
2026-01-28 10:45:00+00:00,99934.06406232374
2026-01-28 11:00:00+00:00,99934.06406232374
2026-01-28 11:15:00+00:00,99934.06406232374
2026-01-28 11:30:00+00:00,99934.06406232374
2026-01-28 11:45:00+00:00,99934.06406232374
2026-01-28 12:00:00+00:00,99934.06406232374
2026-01-28 12:15:00+00:00,99934.06406232374
2026-01-28 12:30:00+00:00,99934.06406232374
2026-01-28 12:45:00+00:00,99934.06406232374
2026-01-28 13:00:00+00:00,99934.06406232374
2026-01-28 13:15:00+00:00,99934.06406232374
2026-01-28 13:30:00+00:00,99934.06406232374
2026-01-28 13:45:00+00:00,99934.06406232374
2026-01-28 14:00:00+00:00,99934.06406232374
2026-01-28 14:15:00+00:00,99934.06406232374
2026-01-28 14:30:00+00:00,99934.06406232374
2026-01-28 14:45:00+00:00,99934.06406232374
2026-01-28 15:00:00+00:00,99934.06406232374
2026-01-28 15:15:00+00:00,99934.06406232374
2026-01-28 15:30:00+00:00,99934.06406232374
2026-01-28 15:45:00+00:00,99934.06406232374
2026-01-28 16:00:00+00:00,99934.06406232374
2026-01-28 16:15:00+00:00,99934.06406232374
2026-01-28 16:30:00+00:00,99934.06406232374
2026-01-28 16:45:00+00:00,99934.06406232374
2026-01-28 17:00:00+00:00,99934.06406232374
2026-01-28 17:15:00+00:00,99934.06406232374
2026-01-28 17:30:00+00:00,99934.06406232374
2026-01-28 17:45:00+00:00,99934.06406232374
2026-01-28 18:00:00+00:00,99934.06406232374
2026-01-28 18:15:00+00:00,99934.06406232374
2026-01-28 18:30:00+00:00,99934.06406232374
2026-01-28 18:45:00+00:00,99934.06406232374
2026-01-28 19:00:00+00:00,99934.06406232374
2026-01-28 19:15:00+00:00,99934.06406232374
2026-01-28 19:30:00+00:00,99934.06406232374
2026-01-28 19:45:00+00:00,99934.06406232374
2026-01-28 20:00:00+00:00,99934.06406232374
2026-01-28 20:15:00+00:00,99934.06406232374
2026-01-28 20:30:00+00:00,99934.06406232374
2026-01-28 20:45:00+00:00,99934.06406232374
2026-01-28 21:00:00+00:00,99934.06406232374
2026-01-28 21:15:00+00:00,99934.06406232374
2026-01-28 21:30:00+00:00,99934.06406232374
2026-01-28 21:45:00+00:00,99934.06406232374
2026-01-28 22:00:00+00:00,99934.06406232374
2026-01-28 22:15:00+00:00,99934.06406232374
2026-01-28 22:30:00+00:00,99934.06406232374
2026-01-28 22:45:00+00:00,99934.06406232374
2026-01-28 23:00:00+00:00,99934.06406232374
2026-01-28 23:15:00+00:00,99934.06406232374
2026-01-28 23:30:00+00:00,99934.06406232374
2026-01-28 23:45:00+00:00,99934.06406232374
2026-01-29 00:00:00+00:00,99934.06406232374
2026-01-29 00:15:00+00:00,99934.06406232374
2026-01-29 00:30:00+00:00,99934.06406232374
2026-01-29 00:45:00+00:00,99934.06406232374
2026-01-29 01:00:00+00:00,99934.06406232374
2026-01-29 01:15:00+00:00,99934.06406232374
2026-01-29 01:30:00+00:00,99934.06406232374
2026-01-29 01:45:00+00:00,99934.06406232374
2026-01-29 02:00:00+00:00,99934.06406232374
2026-01-29 02:15:00+00:00,99934.06406232374
2026-01-29 02:30:00+00:00,99934.06406232374
2026-01-29 02:45:00+00:00,99934.06406232374
2026-01-29 03:00:00+00:00,99934.06406232374
2026-01-29 03:15:00+00:00,99934.06406232374
2026-01-29 03:30:00+00:00,99934.06406232374
2026-01-29 03:45:00+00:00,99934.06406232374
2026-01-29 04:00:00+00:00,99934.06406232374
2026-01-29 04:15:00+00:00,99934.06406232374
2026-01-29 04:30:00+00:00,99934.06406232374
2026-01-29 04:45:00+00:00,99934.06406232374
2026-01-29 05:00:00+00:00,99934.06406232374
2026-01-29 05:15:00+00:00,99934.06406232374
2026-01-29 05:30:00+00:00,99934.06406232374
2026-01-29 05:45:00+00:00,99934.06406232374
2026-01-29 06:00:00+00:00,99934.06406232374
2026-01-29 06:15:00+00:00,99934.06406232374
2026-01-29 06:30:00+00:00,99934.06406232374
2026-01-29 06:45:00+00:00,99934.06406232374
2026-01-29 07:00:00+00:00,99934.06406232374
2026-01-29 07:15:00+00:00,99934.06406232374
2026-01-29 07:30:00+00:00,99934.06406232374
2026-01-29 07:45:00+00:00,99934.06406232374
2026-01-29 08:00:00+00:00,99934.06406232374
2026-01-29 08:15:00+00:00,99934.06406232374
2026-01-29 08:30:00+00:00,99934.06406232374
2026-01-29 08:45:00+00:00,99934.06406232374
2026-01-29 09:00:00+00:00,99934.06406232374
2026-01-29 09:15:00+00:00,99934.06406232374
2026-01-29 09:30:00+00:00,99934.06406232374
2026-01-29 09:45:00+00:00,99934.06406232374
2026-01-29 10:00:00+00:00,99934.06406232374
2026-01-29 10:15:00+00:00,99934.06406232374
2026-01-29 10:30:00+00:00,99934.06406232374
2026-01-29 10:45:00+00:00,99934.06406232374
2026-01-29 11:00:00+00:00,99934.06406232374
2026-01-29 11:15:00+00:00,99934.06406232374
2026-01-29 11:30:00+00:00,99934.06406232374
2026-01-29 11:45:00+00:00,99934.06406232374
2026-01-29 12:00:00+00:00,99934.06406232374
2026-01-29 12:15:00+00:00,99934.06406232374
2026-01-29 12:30:00+00:00,99934.06406232374
2026-01-29 12:45:00+00:00,99934.06406232374
2026-01-29 13:00:00+00:00,99934.06406232374
2026-01-29 13:15:00+00:00,99934.06406232374
2026-01-29 13:30:00+00:00,99934.06406232374
2026-01-29 13:45:00+00:00,99934.06406232374
2026-01-29 14:00:00+00:00,99934.06406232374
2026-01-29 14:15:00+00:00,99934.06406232374
2026-01-29 14:30:00+00:00,99934.06406232374
2026-01-29 14:45:00+00:00,99934.06406232374
2026-01-29 15:00:00+00:00,99934.06406232374
2026-01-29 15:15:00+00:00,99934.06406232374
2026-01-29 15:30:00+00:00,99934.06406232374
2026-01-29 15:45:00+00:00,99934.06406232374
2026-01-29 16:00:00+00:00,99934.06406232374
2026-01-29 16:15:00+00:00,99934.06406232374
2026-01-29 16:30:00+00:00,99934.06406232374
2026-01-29 16:45:00+00:00,99934.06406232374
2026-01-29 17:00:00+00:00,99934.06406232374
2026-01-29 17:15:00+00:00,99934.06406232374
2026-01-29 17:30:00+00:00,99934.06406232374
2026-01-29 17:45:00+00:00,99934.06406232374
2026-01-29 18:00:00+00:00,99934.06406232374
2026-01-29 18:15:00+00:00,99934.06406232374
2026-01-29 18:30:00+00:00,99934.06406232374
2026-01-29 18:45:00+00:00,99934.06406232374
2026-01-29 19:00:00+00:00,99934.06406232374
2026-01-29 19:15:00+00:00,99934.06406232374
2026-01-29 19:30:00+00:00,99934.06406232374
2026-01-29 19:45:00+00:00,99934.06406232374
2026-01-29 20:00:00+00:00,99934.06406232374
2026-01-29 20:15:00+00:00,99934.06406232374
2026-01-29 20:30:00+00:00,99934.06406232374
2026-01-29 20:45:00+00:00,99934.06406232374
2026-01-29 21:00:00+00:00,99934.06406232374
2026-01-29 21:15:00+00:00,99934.06406232374
2026-01-29 21:30:00+00:00,99934.06406232374
2026-01-29 21:45:00+00:00,99934.06406232374
2026-01-29 22:00:00+00:00,99934.06406232374
2026-01-29 22:15:00+00:00,99934.06406232374
2026-01-29 22:30:00+00:00,99934.06406232374
2026-01-29 22:45:00+00:00,99934.06406232374
2026-01-29 23:00:00+00:00,99934.06406232374
2026-01-29 23:15:00+00:00,99934.06406232374
2026-01-29 23:30:00+00:00,99934.06406232374
2026-01-29 23:45:00+00:00,99934.06406232374
2026-01-30 00:00:00+00:00,99934.06406232374
2026-01-30 00:15:00+00:00,99934.06406232374
2026-01-30 00:30:00+00:00,99934.06406232374
2026-01-30 00:45:00+00:00,99934.06406232374
2026-01-30 01:00:00+00:00,99934.06406232374
2026-01-30 01:15:00+00:00,99934.06406232374
2026-01-30 01:30:00+00:00,99934.06406232374
2026-01-30 01:45:00+00:00,99934.06406232374
2026-01-30 02:00:00+00:00,99934.06406232374
2026-01-30 02:15:00+00:00,99934.06406232374
2026-01-30 02:30:00+00:00,99934.06406232374
2026-01-30 02:45:00+00:00,99934.06406232374
2026-01-30 03:00:00+00:00,99934.06406232374
2026-01-30 03:15:00+00:00,99934.06406232374
2026-01-30 03:30:00+00:00,99934.06406232374
2026-01-30 03:45:00+00:00,99934.06406232374
2026-01-30 04:00:00+00:00,99934.06406232374
2026-01-30 04:15:00+00:00,99934.06406232374
2026-01-30 04:30:00+00:00,99934.06406232374
2026-01-30 04:45:00+00:00,99934.06406232374
2026-01-30 05:00:00+00:00,99934.06406232374
2026-01-30 05:15:00+00:00,99934.06406232374
2026-01-30 05:30:00+00:00,99934.06406232374
2026-01-30 05:45:00+00:00,99934.06406232374
2026-01-30 06:00:00+00:00,99934.06406232374
2026-01-30 06:15:00+00:00,99934.06406232374
2026-01-30 06:30:00+00:00,99934.06406232374
2026-01-30 06:45:00+00:00,99934.06406232374
2026-01-30 07:00:00+00:00,99934.06406232374
2026-01-30 07:15:00+00:00,99934.06406232374
2026-01-30 07:30:00+00:00,99934.06406232374
2026-01-30 07:45:00+00:00,99934.06406232374
2026-01-30 08:00:00+00:00,99934.06406232374
2026-01-30 08:15:00+00:00,99934.06406232374
2026-01-30 08:30:00+00:00,99934.06406232374
2026-01-30 08:45:00+00:00,99934.06406232374
2026-01-30 09:00:00+00:00,99934.06406232374
2026-01-30 09:15:00+00:00,99934.06406232374
2026-01-30 09:30:00+00:00,99934.06406232374
2026-01-30 09:45:00+00:00,99934.06406232374
2026-01-30 10:00:00+00:00,99934.06406232374
2026-01-30 10:15:00+00:00,99934.06406232374
2026-01-30 10:30:00+00:00,99934.06406232374
2026-01-30 10:45:00+00:00,99934.06406232374
2026-01-30 11:00:00+00:00,99934.06406232374
2026-01-30 11:15:00+00:00,99934.06406232374
2026-01-30 11:30:00+00:00,99934.06406232374
2026-01-30 11:45:00+00:00,99934.06406232374
2026-01-30 12:00:00+00:00,99934.06406232374
2026-01-30 12:15:00+00:00,99934.06406232374
2026-01-30 12:30:00+00:00,99934.06406232374
2026-01-30 12:45:00+00:00,99934.06406232374
2026-01-30 13:00:00+00:00,99934.06406232374
2026-01-30 13:15:00+00:00,99934.06406232374
2026-01-30 13:30:00+00:00,99934.06406232374
2026-01-30 13:45:00+00:00,99934.06406232374
2026-01-30 14:00:00+00:00,99934.06406232374
2026-01-30 14:15:00+00:00,99934.06406232374
2026-01-30 14:30:00+00:00,99934.06406232374
2026-01-30 14:45:00+00:00,99934.06406232374
2026-01-30 15:00:00+00:00,99934.06406232374
2026-01-30 15:15:00+00:00,99934.06406232374
2026-01-30 15:30:00+00:00,99934.06406232374
2026-01-30 15:45:00+00:00,99934.06406232374
2026-01-30 16:00:00+00:00,99934.06406232374
2026-01-30 16:15:00+00:00,99934.06406232374
2026-01-30 16:30:00+00:00,99934.06406232374
2026-01-30 16:45:00+00:00,99934.06406232374
2026-01-30 17:00:00+00:00,99934.06406232374
2026-01-30 17:15:00+00:00,99934.06406232374
2026-01-30 17:30:00+00:00,99934.06406232374
2026-01-30 17:45:00+00:00,99934.06406232374
2026-01-30 18:00:00+00:00,99934.06406232374
2026-01-30 18:15:00+00:00,99934.06406232374
2026-01-30 18:30:00+00:00,99934.06406232374
2026-01-30 18:45:00+00:00,99934.06406232374
2026-01-30 19:00:00+00:00,99934.06406232374
2026-01-30 19:15:00+00:00,99934.06406232374
2026-01-30 19:30:00+00:00,99934.06406232374
2026-01-30 19:45:00+00:00,99934.06406232374
2026-01-30 20:00:00+00:00,99934.06406232374
2026-01-30 20:15:00+00:00,99933.09139754473
2026-01-30 20:30:00+00:00,99932.89249317352
2026-01-30 20:45:00+00:00,99933.94240258374
2026-01-30 21:00:00+00:00,99931.37284128435
2026-01-30 21:15:00+00:00,99927.55256952709
2026-01-30 21:30:00+00:00,99928.292737341
2026-01-30 21:45:00+00:00,99927.38632902369
2026-01-30 22:00:00+00:00,99932.08100250218
2026-01-30 22:15:00+00:00,99926.83152721415
2026-01-30 22:30:00+00:00,99926.83152721415
2026-01-30 22:45:00+00:00,99926.83152721415
2026-01-30 23:00:00+00:00,99926.83152721415
2026-01-30 23:15:00+00:00,99926.83152721415
2026-01-30 23:30:00+00:00,99926.83152721415
2026-01-30 23:45:00+00:00,99926.83152721415
2026-01-31 00:00:00+00:00,99926.83152721415
2026-01-31 00:15:00+00:00,99926.83152721415
2026-01-31 00:30:00+00:00,99926.83152721415
2026-01-31 00:45:00+00:00,99926.83152721415
2026-01-31 01:00:00+00:00,99926.83152721415
2026-01-31 01:15:00+00:00,99926.83152721415
2026-01-31 01:30:00+00:00,99926.83152721415
2026-01-31 01:45:00+00:00,99926.83152721415
2026-01-31 02:00:00+00:00,99926.83152721415
2026-01-31 02:15:00+00:00,99926.83152721415
2026-01-31 02:30:00+00:00,99926.83152721415
2026-01-31 02:45:00+00:00,99926.83152721415
2026-01-31 03:00:00+00:00,99926.83152721415
2026-01-31 03:15:00+00:00,99926.83152721415
2026-01-31 03:30:00+00:00,99926.83152721415
2026-01-31 03:45:00+00:00,99926.83152721415
2026-01-31 04:00:00+00:00,99926.83152721415
2026-01-31 04:15:00+00:00,99926.83152721415
2026-01-31 04:30:00+00:00,99926.83152721415
2026-01-31 04:45:00+00:00,99926.83152721415
2026-01-31 05:00:00+00:00,99926.83152721415
2026-01-31 05:15:00+00:00,99926.83152721415
2026-01-31 05:30:00+00:00,99926.83152721415
2026-01-31 05:45:00+00:00,99926.83152721415
2026-01-31 06:00:00+00:00,99926.83152721415
2026-01-31 06:15:00+00:00,99926.83152721415
2026-01-31 06:30:00+00:00,99926.83152721415
2026-01-31 06:45:00+00:00,99926.83152721415
2026-01-31 07:00:00+00:00,99926.83152721415
2026-01-31 07:15:00+00:00,99926.83152721415
2026-01-31 07:30:00+00:00,99926.83152721415
2026-01-31 07:45:00+00:00,99926.83152721415
2026-01-31 08:00:00+00:00,99926.83152721415
2026-01-31 08:15:00+00:00,99926.83152721415
2026-01-31 08:30:00+00:00,99926.83152721415
2026-01-31 08:45:00+00:00,99926.83152721415
2026-01-31 09:00:00+00:00,99926.83152721415
2026-01-31 09:15:00+00:00,99926.83152721415
2026-01-31 09:30:00+00:00,99926.83152721415
2026-01-31 09:45:00+00:00,99926.83152721415
2026-01-31 10:00:00+00:00,99926.83152721415
2026-01-31 10:15:00+00:00,99926.83152721415
2026-01-31 10:30:00+00:00,99926.83152721415
2026-01-31 10:45:00+00:00,99926.83152721415
2026-01-31 11:00:00+00:00,99926.83152721415
2026-01-31 11:15:00+00:00,99926.83152721415
2026-01-31 11:30:00+00:00,99926.83152721415
2026-01-31 11:45:00+00:00,99926.83152721415
2026-01-31 12:00:00+00:00,99926.83152721415
2026-01-31 12:15:00+00:00,99926.83152721415
2026-01-31 12:30:00+00:00,99926.83152721415
2026-01-31 12:45:00+00:00,99926.83152721415
2026-01-31 13:00:00+00:00,99926.83152721415
2026-01-31 13:15:00+00:00,99926.83152721415
2026-01-31 13:30:00+00:00,99926.83152721415
2026-01-31 13:45:00+00:00,99926.83152721415
2026-01-31 14:00:00+00:00,99926.83152721415
2026-01-31 14:15:00+00:00,99926.83152721415
2026-01-31 14:30:00+00:00,99926.83152721415
2026-01-31 14:45:00+00:00,99926.83152721415
2026-01-31 15:00:00+00:00,99926.83152721415
2026-01-31 15:15:00+00:00,99926.83152721415
2026-01-31 15:30:00+00:00,99926.83152721415
2026-01-31 15:45:00+00:00,99926.83152721415
2026-01-31 16:00:00+00:00,99926.83152721415
2026-01-31 16:15:00+00:00,99926.83152721415
2026-01-31 16:30:00+00:00,99926.83152721415
2026-01-31 16:45:00+00:00,99926.83152721415
2026-01-31 17:00:00+00:00,99926.83152721415
2026-01-31 17:15:00+00:00,99926.83152721415
2026-01-31 17:30:00+00:00,99926.83152721415
2026-01-31 17:45:00+00:00,99926.83152721415
2026-01-31 18:00:00+00:00,99926.83152721415
2026-01-31 18:15:00+00:00,99926.83152721415
2026-01-31 18:30:00+00:00,99926.83152721415
2026-01-31 18:45:00+00:00,99926.83152721415
2026-01-31 19:00:00+00:00,99926.83152721415
2026-01-31 19:15:00+00:00,99926.83152721415
2026-01-31 19:30:00+00:00,99926.83152721415
2026-01-31 19:45:00+00:00,99926.83152721415
2026-01-31 20:00:00+00:00,99926.83152721415
2026-01-31 20:15:00+00:00,99926.83152721415
2026-01-31 20:30:00+00:00,99926.83152721415
2026-01-31 20:45:00+00:00,99926.83152721415
2026-01-31 21:00:00+00:00,99926.83152721415
2026-01-31 21:15:00+00:00,99926.83152721415
2026-01-31 21:30:00+00:00,99926.83152721415
2026-01-31 21:45:00+00:00,99926.83152721415
2026-01-31 22:00:00+00:00,99926.83152721415
2026-01-31 22:15:00+00:00,99926.83152721415
2026-01-31 22:30:00+00:00,99926.83152721415
2026-01-31 22:45:00+00:00,99926.83152721415
2026-01-31 23:00:00+00:00,99926.83152721415
2026-01-31 23:15:00+00:00,99926.83152721415
2026-01-31 23:30:00+00:00,99926.83152721415
2026-01-31 23:45:00+00:00,99926.83152721415
2026-02-01 00:00:00+00:00,99926.83152721415
2026-02-01 00:15:00+00:00,99926.83152721415
2026-02-01 00:30:00+00:00,99926.83152721415
2026-02-01 00:45:00+00:00,99926.83152721415
2026-02-01 01:00:00+00:00,99926.83152721415
2026-02-01 01:15:00+00:00,99926.83152721415
2026-02-01 01:30:00+00:00,99926.83152721415
2026-02-01 01:45:00+00:00,99926.83152721415
2026-02-01 02:00:00+00:00,99926.83152721415
2026-02-01 02:15:00+00:00,99926.83152721415
2026-02-01 02:30:00+00:00,99926.83152721415
2026-02-01 02:45:00+00:00,99926.83152721415
2026-02-01 03:00:00+00:00,99926.83152721415
2026-02-01 03:15:00+00:00,99926.83152721415
2026-02-01 03:30:00+00:00,99926.83152721415
2026-02-01 03:45:00+00:00,99926.83152721415
2026-02-01 04:00:00+00:00,99926.83152721415
2026-02-01 04:15:00+00:00,99926.83152721415
2026-02-01 04:30:00+00:00,99926.83152721415
2026-02-01 04:45:00+00:00,99926.83152721415
2026-02-01 05:00:00+00:00,99926.83152721415
2026-02-01 05:15:00+00:00,99926.83152721415
2026-02-01 05:30:00+00:00,99926.83152721415
2026-02-01 05:45:00+00:00,99926.83152721415
2026-02-01 06:00:00+00:00,99926.83152721415
2026-02-01 06:15:00+00:00,99926.83152721415
2026-02-01 06:30:00+00:00,99926.83152721415
2026-02-01 06:45:00+00:00,99926.83152721415
2026-02-01 07:00:00+00:00,99926.83152721415
2026-02-01 07:15:00+00:00,99926.83152721415
2026-02-01 07:30:00+00:00,99926.83152721415
2026-02-01 07:45:00+00:00,99926.83152721415
2026-02-01 08:00:00+00:00,99926.83152721415
2026-02-01 08:15:00+00:00,99926.83152721415
2026-02-01 08:30:00+00:00,99926.83152721415
2026-02-01 08:45:00+00:00,99926.83152721415
2026-02-01 09:00:00+00:00,99926.83152721415
2026-02-01 09:15:00+00:00,99926.83152721415
2026-02-01 09:30:00+00:00,99926.83152721415
2026-02-01 09:45:00+00:00,99926.83152721415
2026-02-01 10:00:00+00:00,99926.83152721415
2026-02-01 10:15:00+00:00,99926.83152721415
2026-02-01 10:30:00+00:00,99926.83152721415
2026-02-01 10:45:00+00:00,99926.83152721415
2026-02-01 11:00:00+00:00,99926.83152721415
2026-02-01 11:15:00+00:00,99926.83152721415
2026-02-01 11:30:00+00:00,99926.83152721415
2026-02-01 11:45:00+00:00,99926.83152721415
2026-02-01 12:00:00+00:00,99926.83152721415
2026-02-01 12:15:00+00:00,99929.18032882066
2026-02-01 12:30:00+00:00,99930.48404899858
2026-02-01 12:45:00+00:00,99928.9307482033
2026-02-01 13:00:00+00:00,99924.84620284506
2026-02-01 13:15:00+00:00,99924.58576448236
2026-02-01 13:30:00+00:00,99927.64875674337
2026-02-01 13:45:00+00:00,99927.9652631696
2026-02-01 14:00:00+00:00,99927.9652631696
2026-02-01 14:15:00+00:00,99927.9652631696
2026-02-01 14:30:00+00:00,99927.9652631696
2026-02-01 14:45:00+00:00,99927.9652631696
2026-02-01 15:00:00+00:00,99927.9652631696
2026-02-01 15:15:00+00:00,99927.9652631696
2026-02-01 15:30:00+00:00,99927.9652631696
2026-02-01 15:45:00+00:00,99927.9652631696
2026-02-01 16:00:00+00:00,99927.9652631696
2026-02-01 16:15:00+00:00,99927.9652631696
2026-02-01 16:30:00+00:00,99927.9652631696
2026-02-01 16:45:00+00:00,99927.9652631696
2026-02-01 17:00:00+00:00,99927.9652631696
2026-02-01 17:15:00+00:00,99927.9652631696
2026-02-01 17:30:00+00:00,99927.9652631696
2026-02-01 17:45:00+00:00,99927.9652631696
2026-02-01 18:00:00+00:00,99927.9652631696
2026-02-01 18:15:00+00:00,99927.9652631696
2026-02-01 18:30:00+00:00,99927.9652631696
2026-02-01 18:45:00+00:00,99927.9652631696
2026-02-01 19:00:00+00:00,99927.9652631696
2026-02-01 19:15:00+00:00,99927.9652631696
2026-02-01 19:30:00+00:00,99927.9652631696
2026-02-01 19:45:00+00:00,99927.9652631696
2026-02-01 20:00:00+00:00,99927.9652631696
2026-02-01 20:15:00+00:00,99927.9652631696
2026-02-01 20:30:00+00:00,99927.9652631696
2026-02-01 20:45:00+00:00,99927.9652631696
2026-02-01 21:00:00+00:00,99927.9652631696
2026-02-01 21:15:00+00:00,99927.9652631696
2026-02-01 21:30:00+00:00,99927.9652631696
2026-02-01 21:45:00+00:00,99927.9652631696
2026-02-01 22:00:00+00:00,99927.9652631696
2026-02-01 22:15:00+00:00,99927.9652631696
2026-02-01 22:30:00+00:00,99927.9652631696
2026-02-01 22:45:00+00:00,99927.9652631696
2026-02-01 23:00:00+00:00,99927.9652631696
2026-02-01 23:15:00+00:00,99927.9652631696
2026-02-01 23:30:00+00:00,99927.9652631696
2026-02-01 23:45:00+00:00,99927.9652631696
2026-02-02 00:00:00+00:00,99927.9652631696
2026-02-02 00:15:00+00:00,99927.9652631696
2026-02-02 00:30:00+00:00,99927.9652631696
2026-02-02 00:45:00+00:00,99927.9652631696
2026-02-02 01:00:00+00:00,99927.9652631696
2026-02-02 01:15:00+00:00,99927.9652631696
2026-02-02 01:30:00+00:00,99927.9652631696
2026-02-02 01:45:00+00:00,99927.9652631696
2026-02-02 02:00:00+00:00,99927.9652631696
2026-02-02 02:15:00+00:00,99927.9652631696
2026-02-02 02:30:00+00:00,99927.9652631696
2026-02-02 02:45:00+00:00,99927.9652631696
2026-02-02 03:00:00+00:00,99927.9652631696
2026-02-02 03:15:00+00:00,99927.9652631696
2026-02-02 03:30:00+00:00,99927.9652631696
2026-02-02 03:45:00+00:00,99927.9652631696
2026-02-02 04:00:00+00:00,99927.9652631696
2026-02-02 04:15:00+00:00,99927.9652631696
2026-02-02 04:30:00+00:00,99927.9652631696
2026-02-02 04:45:00+00:00,99927.9652631696
2026-02-02 05:00:00+00:00,99927.9652631696
2026-02-02 05:15:00+00:00,99927.9652631696
2026-02-02 05:30:00+00:00,99927.9652631696
2026-02-02 05:45:00+00:00,99927.9652631696
2026-02-02 06:00:00+00:00,99927.9652631696
2026-02-02 06:15:00+00:00,99927.9652631696
2026-02-02 06:30:00+00:00,99927.9652631696
2026-02-02 06:45:00+00:00,99927.9652631696
2026-02-02 07:00:00+00:00,99927.9652631696
2026-02-02 07:15:00+00:00,99927.9652631696
2026-02-02 07:30:00+00:00,99927.9652631696
2026-02-02 07:45:00+00:00,99927.9652631696
2026-02-02 08:00:00+00:00,99927.9652631696
2026-02-02 08:15:00+00:00,99927.9652631696
2026-02-02 08:30:00+00:00,99927.9652631696
2026-02-02 08:45:00+00:00,99927.9652631696
2026-02-02 09:00:00+00:00,99927.9652631696
2026-02-02 09:15:00+00:00,99927.9652631696
2026-02-02 09:30:00+00:00,99927.9652631696
2026-02-02 09:45:00+00:00,99927.9652631696
2026-02-02 10:00:00+00:00,99927.9652631696
2026-02-02 10:15:00+00:00,99927.9652631696
2026-02-02 10:30:00+00:00,99927.9652631696
2026-02-02 10:45:00+00:00,99927.9652631696
2026-02-02 11:00:00+00:00,99927.9652631696
2026-02-02 11:15:00+00:00,99927.9652631696
2026-02-02 11:30:00+00:00,99927.9652631696
2026-02-02 11:45:00+00:00,99927.9652631696
2026-02-02 12:00:00+00:00,99927.9652631696
2026-02-02 12:15:00+00:00,99927.9652631696
2026-02-02 12:30:00+00:00,99927.9652631696
2026-02-02 12:45:00+00:00,99927.9652631696
2026-02-02 13:00:00+00:00,99927.9652631696
2026-02-02 13:15:00+00:00,99927.9652631696
2026-02-02 13:30:00+00:00,99927.9652631696
2026-02-02 13:45:00+00:00,99927.9652631696
2026-02-02 14:00:00+00:00,99927.9652631696
2026-02-02 14:15:00+00:00,99927.9652631696
2026-02-02 14:30:00+00:00,99927.9652631696
2026-02-02 14:45:00+00:00,99927.9652631696
2026-02-02 15:00:00+00:00,99927.9652631696
2026-02-02 15:15:00+00:00,99927.9652631696
2026-02-02 15:30:00+00:00,99927.9652631696
2026-02-02 15:45:00+00:00,99927.9652631696
2026-02-02 16:00:00+00:00,99927.9652631696
2026-02-02 16:15:00+00:00,99925.80577992904
2026-02-02 16:30:00+00:00,99927.8473933653
2026-02-02 16:45:00+00:00,99936.13889073613
2026-02-02 17:00:00+00:00,99929.57804762539
2026-02-02 17:15:00+00:00,99929.83027899782
2026-02-02 17:30:00+00:00,99931.54874452553
2026-02-02 17:45:00+00:00,99929.39098598488
2026-02-02 18:00:00+00:00,99934.64315722302
2026-02-02 18:15:00+00:00,99942.19913682228
2026-02-02 18:30:00+00:00,99942.19913682228
2026-02-02 18:45:00+00:00,99942.19913682228
2026-02-02 19:00:00+00:00,99942.19913682228
2026-02-02 19:15:00+00:00,99942.19913682228
2026-02-02 19:30:00+00:00,99942.19913682228
2026-02-02 19:45:00+00:00,99942.19913682228
2026-02-02 20:00:00+00:00,99942.19913682228
2026-02-02 20:15:00+00:00,99942.19913682228
2026-02-02 20:30:00+00:00,99942.19913682228
2026-02-02 20:45:00+00:00,99942.19913682228
2026-02-02 21:00:00+00:00,99942.19913682228
2026-02-02 21:15:00+00:00,99942.19913682228
2026-02-02 21:30:00+00:00,99942.19913682228
2026-02-02 21:45:00+00:00,99942.19913682228
2026-02-02 22:00:00+00:00,99942.19913682228
2026-02-02 22:15:00+00:00,99942.19913682228
2026-02-02 22:30:00+00:00,99942.19913682228
2026-02-02 22:45:00+00:00,99942.19913682228
2026-02-02 23:00:00+00:00,99942.19913682228
2026-02-02 23:15:00+00:00,99942.19913682228
2026-02-02 23:30:00+00:00,99942.19913682228
2026-02-02 23:45:00+00:00,99942.19913682228
2026-02-03 00:00:00+00:00,99942.19913682228
2026-02-03 00:15:00+00:00,99942.19913682228
2026-02-03 00:30:00+00:00,99942.19913682228
2026-02-03 00:45:00+00:00,99942.19913682228
2026-02-03 01:00:00+00:00,99942.19913682228
2026-02-03 01:15:00+00:00,99942.19913682228
2026-02-03 01:30:00+00:00,99942.19913682228
2026-02-03 01:45:00+00:00,99942.19913682228
2026-02-03 02:00:00+00:00,99942.19913682228
2026-02-03 02:15:00+00:00,99942.19913682228
2026-02-03 02:30:00+00:00,99942.19913682228
2026-02-03 02:45:00+00:00,99942.19913682228
2026-02-03 03:00:00+00:00,99942.19913682228
2026-02-03 03:15:00+00:00,99942.19913682228
2026-02-03 03:30:00+00:00,99942.19913682228
2026-02-03 03:45:00+00:00,99942.19913682228
2026-02-03 04:00:00+00:00,99942.19913682228
2026-02-03 04:15:00+00:00,99942.19913682228
2026-02-03 04:30:00+00:00,99942.19913682228
2026-02-03 04:45:00+00:00,99942.19913682228
2026-02-03 05:00:00+00:00,99942.19913682228
2026-02-03 05:15:00+00:00,99942.19913682228
2026-02-03 05:30:00+00:00,99942.19913682228
2026-02-03 05:45:00+00:00,99942.19913682228
2026-02-03 06:00:00+00:00,99942.19913682228
2026-02-03 06:15:00+00:00,99942.19913682228
2026-02-03 06:30:00+00:00,99942.19913682228
2026-02-03 06:45:00+00:00,99942.19913682228
2026-02-03 07:00:00+00:00,99942.19913682228
2026-02-03 07:15:00+00:00,99942.19913682228
2026-02-03 07:30:00+00:00,99942.19913682228
2026-02-03 07:45:00+00:00,99942.19913682228
2026-02-03 08:00:00+00:00,99942.19913682228
2026-02-03 08:15:00+00:00,99942.19913682228
2026-02-03 08:30:00+00:00,99942.19913682228
2026-02-03 08:45:00+00:00,99942.19913682228
2026-02-03 09:00:00+00:00,99942.19913682228
2026-02-03 09:15:00+00:00,99942.19913682228
2026-02-03 09:30:00+00:00,99942.19913682228
2026-02-03 09:45:00+00:00,99942.19913682228
2026-02-03 10:00:00+00:00,99942.19913682228
2026-02-03 10:15:00+00:00,99942.19913682228
2026-02-03 10:30:00+00:00,99942.19913682228
2026-02-03 10:45:00+00:00,99942.19913682228
2026-02-03 11:00:00+00:00,99942.19913682228
2026-02-03 11:15:00+00:00,99942.19913682228
2026-02-03 11:30:00+00:00,99942.19913682228
2026-02-03 11:45:00+00:00,99942.19913682228
2026-02-03 12:00:00+00:00,99942.19913682228
2026-02-03 12:15:00+00:00,99942.19913682228
2026-02-03 12:30:00+00:00,99942.19913682228
2026-02-03 12:45:00+00:00,99942.19913682228
2026-02-03 13:00:00+00:00,99942.19913682228
2026-02-03 13:15:00+00:00,99942.19913682228
2026-02-03 13:30:00+00:00,99942.19913682228
2026-02-03 13:45:00+00:00,99942.19913682228
2026-02-03 14:00:00+00:00,99942.19913682228
2026-02-03 14:15:00+00:00,99942.19913682228
2026-02-03 14:30:00+00:00,99942.19913682228
2026-02-03 14:45:00+00:00,99942.19913682228
2026-02-03 15:00:00+00:00,99942.19913682228
2026-02-03 15:15:00+00:00,99942.19913682228
2026-02-03 15:30:00+00:00,99942.19913682228
2026-02-03 15:45:00+00:00,99942.19913682228
2026-02-03 16:00:00+00:00,99942.19913682228
2026-02-03 16:15:00+00:00,99929.21141798123
2026-02-03 16:30:00+00:00,99912.85589578356
2026-02-03 16:45:00+00:00,99912.85589578356
2026-02-03 17:00:00+00:00,99912.85589578356
2026-02-03 17:15:00+00:00,99912.85589578356
2026-02-03 17:30:00+00:00,99912.85589578356
2026-02-03 17:45:00+00:00,99912.85589578356
2026-02-03 18:00:00+00:00,99912.85589578356
2026-02-03 18:15:00+00:00,99912.85589578356
2026-02-03 18:30:00+00:00,99912.85589578356
2026-02-03 18:45:00+00:00,99912.85589578356
2026-02-03 19:00:00+00:00,99912.85589578356
2026-02-03 19:15:00+00:00,99912.85589578356
2026-02-03 19:30:00+00:00,99912.85589578356
2026-02-03 19:45:00+00:00,99912.85589578356
2026-02-03 20:00:00+00:00,99912.85589578356
2026-02-03 20:15:00+00:00,99912.85589578356
2026-02-03 20:30:00+00:00,99912.85589578356
2026-02-03 20:45:00+00:00,99912.85589578356
2026-02-03 21:00:00+00:00,99912.85589578356
2026-02-03 21:15:00+00:00,99912.85589578356
2026-02-03 21:30:00+00:00,99912.85589578356
2026-02-03 21:45:00+00:00,99912.85589578356
2026-02-03 22:00:00+00:00,99912.85589578356
2026-02-03 22:15:00+00:00,99912.85589578356
2026-02-03 22:30:00+00:00,99912.85589578356
2026-02-03 22:45:00+00:00,99912.85589578356
2026-02-03 23:00:00+00:00,99912.85589578356
2026-02-03 23:15:00+00:00,99912.85589578356
2026-02-03 23:30:00+00:00,99912.85589578356
2026-02-03 23:45:00+00:00,99912.85589578356
2026-02-04 00:00:00+00:00,99912.85589578356
2026-02-04 00:15:00+00:00,99912.85589578356
2026-02-04 00:30:00+00:00,99912.85589578356
2026-02-04 00:45:00+00:00,99912.85589578356
2026-02-04 01:00:00+00:00,99912.85589578356
2026-02-04 01:15:00+00:00,99912.85589578356
2026-02-04 01:30:00+00:00,99912.85589578356
2026-02-04 01:45:00+00:00,99912.85589578356
2026-02-04 02:00:00+00:00,99912.85589578356
2026-02-04 02:15:00+00:00,99912.85589578356
2026-02-04 02:30:00+00:00,99912.85589578356
2026-02-04 02:45:00+00:00,99912.85589578356
2026-02-04 03:00:00+00:00,99912.85589578356
2026-02-04 03:15:00+00:00,99912.85589578356
2026-02-04 03:30:00+00:00,99912.85589578356
2026-02-04 03:45:00+00:00,99912.85589578356
2026-02-04 04:00:00+00:00,99912.85589578356
2026-02-04 04:15:00+00:00,99912.85589578356
2026-02-04 04:30:00+00:00,99912.85589578356
2026-02-04 04:45:00+00:00,99912.85589578356
2026-02-04 05:00:00+00:00,99912.85589578356
2026-02-04 05:15:00+00:00,99912.85589578356
2026-02-04 05:30:00+00:00,99912.85589578356
2026-02-04 05:45:00+00:00,99912.85589578356
2026-02-04 06:00:00+00:00,99912.85589578356
2026-02-04 06:15:00+00:00,99912.85589578356
2026-02-04 06:30:00+00:00,99912.85589578356
2026-02-04 06:45:00+00:00,99912.85589578356
2026-02-04 07:00:00+00:00,99912.85589578356
2026-02-04 07:15:00+00:00,99912.85589578356
2026-02-04 07:30:00+00:00,99912.85589578356
2026-02-04 07:45:00+00:00,99912.85589578356
2026-02-04 08:00:00+00:00,99912.85589578356
2026-02-04 08:15:00+00:00,99912.85589578356
2026-02-04 08:30:00+00:00,99912.85589578356
2026-02-04 08:45:00+00:00,99912.85589578356
2026-02-04 09:00:00+00:00,99912.85589578356
2026-02-04 09:15:00+00:00,99912.85589578356
2026-02-04 09:30:00+00:00,99912.85589578356
2026-02-04 09:45:00+00:00,99912.85589578356
2026-02-04 10:00:00+00:00,99912.85589578356
2026-02-04 10:15:00+00:00,99912.85589578356
2026-02-04 10:30:00+00:00,99912.85589578356
2026-02-04 10:45:00+00:00,99912.85589578356
2026-02-04 11:00:00+00:00,99912.85589578356
2026-02-04 11:15:00+00:00,99912.85589578356
2026-02-04 11:30:00+00:00,99912.85589578356
2026-02-04 11:45:00+00:00,99912.85589578356
2026-02-04 12:00:00+00:00,99912.85589578356
2026-02-04 12:15:00+00:00,99912.85589578356
2026-02-04 12:30:00+00:00,99912.85589578356
2026-02-04 12:45:00+00:00,99912.85589578356
2026-02-04 13:00:00+00:00,99912.85589578356
2026-02-04 13:15:00+00:00,99912.85589578356
2026-02-04 13:30:00+00:00,99912.85589578356
2026-02-04 13:45:00+00:00,99912.85589578356
2026-02-04 14:00:00+00:00,99912.85589578356
2026-02-04 14:15:00+00:00,99912.85589578356
2026-02-04 14:30:00+00:00,99912.85589578356
2026-02-04 14:45:00+00:00,99912.85589578356
2026-02-04 15:00:00+00:00,99912.85589578356
2026-02-04 15:15:00+00:00,99912.85589578356
2026-02-04 15:30:00+00:00,99912.85589578356
2026-02-04 15:45:00+00:00,99912.85589578356
2026-02-04 16:00:00+00:00,99912.85589578356
2026-02-04 16:15:00+00:00,99912.85589578356
2026-02-04 16:30:00+00:00,99912.85589578356
2026-02-04 16:45:00+00:00,99912.85589578356
2026-02-04 17:00:00+00:00,99912.85589578356
2026-02-04 17:15:00+00:00,99912.85589578356
2026-02-04 17:30:00+00:00,99912.85589578356
2026-02-04 17:45:00+00:00,99912.85589578356
2026-02-04 18:00:00+00:00,99912.85589578356
2026-02-04 18:15:00+00:00,99912.85589578356
2026-02-04 18:30:00+00:00,99912.85589578356
2026-02-04 18:45:00+00:00,99912.85589578356
2026-02-04 19:00:00+00:00,99912.85589578356
2026-02-04 19:15:00+00:00,99912.85589578356
2026-02-04 19:30:00+00:00,99912.85589578356
2026-02-04 19:45:00+00:00,99912.85589578356
2026-02-04 20:00:00+00:00,99912.85589578356
2026-02-04 20:15:00+00:00,99912.85589578356
2026-02-04 20:30:00+00:00,99912.85589578356
2026-02-04 20:45:00+00:00,99912.85589578356
2026-02-04 21:00:00+00:00,99912.85589578356
2026-02-04 21:15:00+00:00,99912.85589578356
2026-02-04 21:30:00+00:00,99912.85589578356
2026-02-04 21:45:00+00:00,99912.85589578356
2026-02-04 22:00:00+00:00,99912.85589578356
2026-02-04 22:15:00+00:00,99912.85589578356
2026-02-04 22:30:00+00:00,99912.85589578356
2026-02-04 22:45:00+00:00,99912.85589578356
2026-02-04 23:00:00+00:00,99912.85589578356
2026-02-04 23:15:00+00:00,99912.85589578356
2026-02-04 23:30:00+00:00,99912.85589578356
2026-02-04 23:45:00+00:00,99912.85589578356
2026-02-05 00:00:00+00:00,99912.85589578356
2026-02-05 00:15:00+00:00,99912.85589578356
2026-02-05 00:30:00+00:00,99912.85589578356
2026-02-05 00:45:00+00:00,99912.85589578356
2026-02-05 01:00:00+00:00,99912.85589578356
2026-02-05 01:15:00+00:00,99912.85589578356
2026-02-05 01:30:00+00:00,99912.85589578356
2026-02-05 01:45:00+00:00,99912.85589578356
2026-02-05 02:00:00+00:00,99912.85589578356
2026-02-05 02:15:00+00:00,99912.85589578356
2026-02-05 02:30:00+00:00,99912.85589578356
2026-02-05 02:45:00+00:00,99912.85589578356
2026-02-05 03:00:00+00:00,99912.85589578356
2026-02-05 03:15:00+00:00,99912.85589578356
2026-02-05 03:30:00+00:00,99912.85589578356
2026-02-05 03:45:00+00:00,99912.85589578356
2026-02-05 04:00:00+00:00,99912.85589578356
2026-02-05 04:15:00+00:00,99912.85589578356
2026-02-05 04:30:00+00:00,99912.85589578356
2026-02-05 04:45:00+00:00,99912.85589578356
2026-02-05 05:00:00+00:00,99912.85589578356
2026-02-05 05:15:00+00:00,99904.17683768831
2026-02-05 05:30:00+00:00,99916.65416663165
2026-02-05 05:45:00+00:00,99910.60109520663
2026-02-05 06:00:00+00:00,99909.18300683156
2026-02-05 06:15:00+00:00,99906.24238860971
2026-02-05 06:30:00+00:00,99913.83744187777
2026-02-05 06:45:00+00:00,99915.25274966865
2026-02-05 07:00:00+00:00,99916.16455129698
2026-02-05 07:15:00+00:00,99916.16455129698
2026-02-05 07:30:00+00:00,99916.16455129698
2026-02-05 07:45:00+00:00,99916.16455129698
2026-02-05 08:00:00+00:00,99916.16455129698
2026-02-05 08:15:00+00:00,99916.16455129698
2026-02-05 08:30:00+00:00,99916.16455129698
2026-02-05 08:45:00+00:00,99916.16455129698
2026-02-05 09:00:00+00:00,99916.16455129698
2026-02-05 09:15:00+00:00,99916.16455129698
2026-02-05 09:30:00+00:00,99916.16455129698
2026-02-05 09:45:00+00:00,99916.16455129698
2026-02-05 10:00:00+00:00,99916.16455129698
2026-02-05 10:15:00+00:00,99916.16455129698
2026-02-05 10:30:00+00:00,99916.16455129698
2026-02-05 10:45:00+00:00,99916.16455129698
2026-02-05 11:00:00+00:00,99916.16455129698
2026-02-05 11:15:00+00:00,99916.16455129698
2026-02-05 11:30:00+00:00,99916.16455129698
2026-02-05 11:45:00+00:00,99916.16455129698
2026-02-05 12:00:00+00:00,99916.16455129698
2026-02-05 12:15:00+00:00,99910.22364315215
2026-02-05 12:30:00+00:00,99903.48602706287
2026-02-05 12:45:00+00:00,99908.58295474538
2026-02-05 13:00:00+00:00,99906.9566511513
2026-02-05 13:15:00+00:00,99902.77773924502
2026-02-05 13:30:00+00:00,99905.80058706737
2026-02-05 13:45:00+00:00,99911.3009817466
2026-02-05 14:00:00+00:00,99912.41537743482
2026-02-05 14:15:00+00:00,99912.44465687839
2026-02-05 14:30:00+00:00,99912.44465687839
2026-02-05 14:45:00+00:00,99912.44465687839
2026-02-05 15:00:00+00:00,99912.44465687839
2026-02-05 15:15:00+00:00,99912.44465687839
2026-02-05 15:30:00+00:00,99912.44465687839
2026-02-05 15:45:00+00:00,99912.44465687839
2026-02-05 16:00:00+00:00,99912.44465687839
2026-02-05 16:15:00+00:00,99912.44465687839
2026-02-05 16:30:00+00:00,99912.44465687839
2026-02-05 16:45:00+00:00,99912.44465687839
2026-02-05 17:00:00+00:00,99912.44465687839
2026-02-05 17:15:00+00:00,99912.44465687839
2026-02-05 17:30:00+00:00,99912.44465687839
2026-02-05 17:45:00+00:00,99912.44465687839
2026-02-05 18:00:00+00:00,99912.44465687839
2026-02-05 18:15:00+00:00,99912.44465687839
2026-02-05 18:30:00+00:00,99912.44465687839
2026-02-05 18:45:00+00:00,99912.44465687839
2026-02-05 19:00:00+00:00,99912.44465687839
2026-02-05 19:15:00+00:00,99912.44465687839
2026-02-05 19:30:00+00:00,99912.44465687839
2026-02-05 19:45:00+00:00,99912.44465687839
2026-02-05 20:00:00+00:00,99912.44465687839
2026-02-05 20:15:00+00:00,99912.44465687839
2026-02-05 20:30:00+00:00,99912.44465687839
2026-02-05 20:45:00+00:00,99912.44465687839
2026-02-05 21:00:00+00:00,99912.44465687839
2026-02-05 21:15:00+00:00,99912.44465687839
2026-02-05 21:30:00+00:00,99912.44465687839
2026-02-05 21:45:00+00:00,99912.44465687839
2026-02-05 22:00:00+00:00,99912.44465687839
2026-02-05 22:15:00+00:00,99912.44465687839
2026-02-05 22:30:00+00:00,99912.44465687839
2026-02-05 22:45:00+00:00,99912.44465687839
2026-02-05 23:00:00+00:00,99912.44465687839
2026-02-05 23:15:00+00:00,99912.44465687839
2026-02-05 23:30:00+00:00,99912.44465687839
2026-02-05 23:45:00+00:00,99912.44465687839
2026-02-06 00:00:00+00:00,99912.44465687839
2026-02-06 00:15:00+00:00,99912.44465687839
2026-02-06 00:30:00+00:00,99912.44465687839
2026-02-06 00:45:00+00:00,99912.44465687839
2026-02-06 01:00:00+00:00,99912.44465687839
2026-02-06 01:15:00+00:00,99912.44465687839
2026-02-06 01:30:00+00:00,99912.44465687839
2026-02-06 01:45:00+00:00,99912.44465687839
2026-02-06 02:00:00+00:00,99912.44465687839
2026-02-06 02:15:00+00:00,99912.44465687839
2026-02-06 02:30:00+00:00,99912.44465687839
2026-02-06 02:45:00+00:00,99912.44465687839
2026-02-06 03:00:00+00:00,99912.44465687839
2026-02-06 03:15:00+00:00,99912.44465687839
2026-02-06 03:30:00+00:00,99912.44465687839
2026-02-06 03:45:00+00:00,99912.44465687839
2026-02-06 04:00:00+00:00,99912.44465687839
2026-02-06 04:15:00+00:00,99912.44465687839
2026-02-06 04:30:00+00:00,99912.44465687839
2026-02-06 04:45:00+00:00,99912.44465687839
2026-02-06 05:00:00+00:00,99912.44465687839
2026-02-06 05:15:00+00:00,99912.44465687839
2026-02-06 05:30:00+00:00,99912.44465687839
2026-02-06 05:45:00+00:00,99912.44465687839
2026-02-06 06:00:00+00:00,99912.44465687839
2026-02-06 06:15:00+00:00,99912.44465687839
2026-02-06 06:30:00+00:00,99912.44465687839
2026-02-06 06:45:00+00:00,99912.44465687839
2026-02-06 07:00:00+00:00,99912.44465687839
2026-02-06 07:15:00+00:00,99912.44465687839
2026-02-06 07:30:00+00:00,99912.44465687839
2026-02-06 07:45:00+00:00,99912.44465687839
2026-02-06 08:00:00+00:00,99912.44465687839
2026-02-06 08:15:00+00:00,99919.066749527
2026-02-06 08:30:00+00:00,99920.26769818108
2026-02-06 08:45:00+00:00,99917.35706526726
2026-02-06 09:00:00+00:00,99912.73325735782
2026-02-06 09:15:00+00:00,99912.73325735782
2026-02-06 09:30:00+00:00,99912.73325735782
2026-02-06 09:45:00+00:00,99912.73325735782
2026-02-06 10:00:00+00:00,99912.73325735782
2026-02-06 10:15:00+00:00,99912.73325735782
2026-02-06 10:30:00+00:00,99912.73325735782
2026-02-06 10:45:00+00:00,99912.73325735782
2026-02-06 11:00:00+00:00,99912.73325735782
2026-02-06 11:15:00+00:00,99912.73325735782
2026-02-06 11:30:00+00:00,99912.73325735782
2026-02-06 11:45:00+00:00,99912.73325735782
2026-02-06 12:00:00+00:00,99912.73325735782
2026-02-06 12:15:00+00:00,99912.73325735782
2026-02-06 12:30:00+00:00,99912.73325735782
2026-02-06 12:45:00+00:00,99912.73325735782
2026-02-06 13:00:00+00:00,99912.73325735782
2026-02-06 13:15:00+00:00,99912.73325735782
2026-02-06 13:30:00+00:00,99912.73325735782
2026-02-06 13:45:00+00:00,99912.73325735782
2026-02-06 14:00:00+00:00,99912.73325735782
2026-02-06 14:15:00+00:00,99912.73325735782
2026-02-06 14:30:00+00:00,99912.73325735782
2026-02-06 14:45:00+00:00,99912.73325735782
2026-02-06 15:00:00+00:00,99912.73325735782
2026-02-06 15:15:00+00:00,99912.73325735782
2026-02-06 15:30:00+00:00,99912.73325735782
2026-02-06 15:45:00+00:00,99912.73325735782
2026-02-06 16:00:00+00:00,99912.73325735782
2026-02-06 16:15:00+00:00,99912.73325735782
2026-02-06 16:30:00+00:00,99912.73325735782
2026-02-06 16:45:00+00:00,99912.73325735782
2026-02-06 17:00:00+00:00,99912.73325735782
2026-02-06 17:15:00+00:00,99912.73325735782
2026-02-06 17:30:00+00:00,99912.73325735782
2026-02-06 17:45:00+00:00,99912.73325735782
2026-02-06 18:00:00+00:00,99912.73325735782
2026-02-06 18:15:00+00:00,99912.73325735782
2026-02-06 18:30:00+00:00,99912.73325735782
2026-02-06 18:45:00+00:00,99912.73325735782
2026-02-06 19:00:00+00:00,99912.73325735782
2026-02-06 19:15:00+00:00,99912.73325735782
2026-02-06 19:30:00+00:00,99912.73325735782
2026-02-06 19:45:00+00:00,99912.73325735782
2026-02-06 20:00:00+00:00,99912.73325735782
2026-02-06 20:15:00+00:00,99912.73325735782
2026-02-06 20:30:00+00:00,99912.73325735782
2026-02-06 20:45:00+00:00,99912.73325735782
2026-02-06 21:00:00+00:00,99912.73325735782
2026-02-06 21:15:00+00:00,99912.73325735782
2026-02-06 21:30:00+00:00,99912.73325735782
2026-02-06 21:45:00+00:00,99912.73325735782
2026-02-06 22:00:00+00:00,99912.73325735782
2026-02-06 22:15:00+00:00,99912.73325735782
2026-02-06 22:30:00+00:00,99912.73325735782
2026-02-06 22:45:00+00:00,99912.73325735782
2026-02-06 23:00:00+00:00,99912.73325735782
2026-02-06 23:15:00+00:00,99912.73325735782
2026-02-06 23:30:00+00:00,99912.73325735782
2026-02-06 23:45:00+00:00,99912.73325735782
2026-02-07 00:00:00+00:00,99912.73325735782
2026-02-07 00:15:00+00:00,99912.73325735782
2026-02-07 00:30:00+00:00,99912.73325735782
2026-02-07 00:45:00+00:00,99912.73325735782
2026-02-07 01:00:00+00:00,99912.73325735782
2026-02-07 01:15:00+00:00,99912.73325735782
2026-02-07 01:30:00+00:00,99912.73325735782
2026-02-07 01:45:00+00:00,99912.73325735782
2026-02-07 02:00:00+00:00,99912.73325735782
2026-02-07 02:15:00+00:00,99912.73325735782
2026-02-07 02:30:00+00:00,99912.73325735782
2026-02-07 02:45:00+00:00,99912.73325735782
2026-02-07 03:00:00+00:00,99912.73325735782
2026-02-07 03:15:00+00:00,99912.73325735782
2026-02-07 03:30:00+00:00,99912.73325735782
2026-02-07 03:45:00+00:00,99912.73325735782
2026-02-07 04:00:00+00:00,99912.73325735782
2026-02-07 04:15:00+00:00,99912.73325735782
2026-02-07 04:30:00+00:00,99912.73325735782
2026-02-07 04:45:00+00:00,99912.73325735782
2026-02-07 05:00:00+00:00,99912.73325735782
2026-02-07 05:15:00+00:00,99912.73325735782
2026-02-07 05:30:00+00:00,99912.73325735782
2026-02-07 05:45:00+00:00,99912.73325735782
2026-02-07 06:00:00+00:00,99912.73325735782
2026-02-07 06:15:00+00:00,99912.73325735782
2026-02-07 06:30:00+00:00,99912.73325735782
2026-02-07 06:45:00+00:00,99912.73325735782
2026-02-07 07:00:00+00:00,99912.73325735782
2026-02-07 07:15:00+00:00,99912.73325735782
2026-02-07 07:30:00+00:00,99912.73325735782
2026-02-07 07:45:00+00:00,99912.73325735782
2026-02-07 08:00:00+00:00,99912.73325735782
2026-02-07 08:15:00+00:00,99912.73325735782
2026-02-07 08:30:00+00:00,99912.73325735782
2026-02-07 08:45:00+00:00,99912.73325735782
2026-02-07 09:00:00+00:00,99912.73325735782
2026-02-07 09:15:00+00:00,99912.73325735782
2026-02-07 09:30:00+00:00,99912.73325735782
2026-02-07 09:45:00+00:00,99912.73325735782
2026-02-07 10:00:00+00:00,99912.73325735782
2026-02-07 10:15:00+00:00,99912.73325735782
2026-02-07 10:30:00+00:00,99912.73325735782
2026-02-07 10:45:00+00:00,99912.73325735782
2026-02-07 11:00:00+00:00,99912.73325735782
2026-02-07 11:15:00+00:00,99912.73325735782
2026-02-07 11:30:00+00:00,99912.73325735782
2026-02-07 11:45:00+00:00,99912.73325735782
2026-02-07 12:00:00+00:00,99912.73325735782
2026-02-07 12:15:00+00:00,99912.73325735782
2026-02-07 12:30:00+00:00,99912.73325735782
2026-02-07 12:45:00+00:00,99912.73325735782
2026-02-07 13:00:00+00:00,99912.73325735782
2026-02-07 13:15:00+00:00,99912.73325735782
2026-02-07 13:30:00+00:00,99912.73325735782
2026-02-07 13:45:00+00:00,99912.73325735782
2026-02-07 14:00:00+00:00,99912.73325735782
2026-02-07 14:15:00+00:00,99912.73325735782
2026-02-07 14:30:00+00:00,99912.73325735782
2026-02-07 14:45:00+00:00,99912.73325735782
2026-02-07 15:00:00+00:00,99912.73325735782
2026-02-07 15:15:00+00:00,99912.73325735782
2026-02-07 15:30:00+00:00,99912.73325735782
2026-02-07 15:45:00+00:00,99912.73325735782
2026-02-07 16:00:00+00:00,99912.73325735782
2026-02-07 16:15:00+00:00,99912.73325735782
2026-02-07 16:30:00+00:00,99912.73325735782
2026-02-07 16:45:00+00:00,99912.73325735782
2026-02-07 17:00:00+00:00,99912.73325735782
2026-02-07 17:15:00+00:00,99912.73325735782
2026-02-07 17:30:00+00:00,99912.73325735782
2026-02-07 17:45:00+00:00,99912.73325735782
2026-02-07 18:00:00+00:00,99912.73325735782
2026-02-07 18:15:00+00:00,99912.73325735782
2026-02-07 18:30:00+00:00,99912.73325735782
2026-02-07 18:45:00+00:00,99912.73325735782
2026-02-07 19:00:00+00:00,99912.73325735782
2026-02-07 19:15:00+00:00,99912.73325735782
2026-02-07 19:30:00+00:00,99912.73325735782
2026-02-07 19:45:00+00:00,99912.73325735782
2026-02-07 20:00:00+00:00,99912.73325735782
2026-02-07 20:15:00+00:00,99912.73325735782
2026-02-07 20:30:00+00:00,99912.73325735782
2026-02-07 20:45:00+00:00,99912.73325735782
2026-02-07 21:00:00+00:00,99912.73325735782
2026-02-07 21:15:00+00:00,99912.73325735782
2026-02-07 21:30:00+00:00,99912.73325735782
2026-02-07 21:45:00+00:00,99912.73325735782
2026-02-07 22:00:00+00:00,99912.73325735782
2026-02-07 22:15:00+00:00,99912.73325735782
2026-02-07 22:30:00+00:00,99912.73325735782
2026-02-07 22:45:00+00:00,99912.73325735782
2026-02-07 23:00:00+00:00,99912.73325735782
2026-02-07 23:15:00+00:00,99912.73325735782
2026-02-07 23:30:00+00:00,99912.73325735782
2026-02-07 23:45:00+00:00,99912.73325735782
2026-02-08 00:00:00+00:00,99912.73325735782
2026-02-08 00:15:00+00:00,99912.73325735782
2026-02-08 00:30:00+00:00,99912.73325735782
2026-02-08 00:45:00+00:00,99912.73325735782
2026-02-08 01:00:00+00:00,99912.73325735782
2026-02-08 01:15:00+00:00,99912.73325735782
2026-02-08 01:30:00+00:00,99912.73325735782
2026-02-08 01:45:00+00:00,99912.73325735782
2026-02-08 02:00:00+00:00,99912.73325735782
2026-02-08 02:15:00+00:00,99912.73325735782
2026-02-08 02:30:00+00:00,99912.73325735782
2026-02-08 02:45:00+00:00,99912.73325735782
2026-02-08 03:00:00+00:00,99912.73325735782
2026-02-08 03:15:00+00:00,99912.73325735782
2026-02-08 03:30:00+00:00,99912.73325735782
2026-02-08 03:45:00+00:00,99912.73325735782
2026-02-08 04:00:00+00:00,99912.73325735782
2026-02-08 04:15:00+00:00,99912.73325735782
2026-02-08 04:30:00+00:00,99912.73325735782
2026-02-08 04:45:00+00:00,99912.73325735782
2026-02-08 05:00:00+00:00,99912.73325735782
2026-02-08 05:15:00+00:00,99912.73325735782
2026-02-08 05:30:00+00:00,99912.73325735782
2026-02-08 05:45:00+00:00,99912.73325735782
2026-02-08 06:00:00+00:00,99912.73325735782
2026-02-08 06:15:00+00:00,99912.73325735782
2026-02-08 06:30:00+00:00,99912.73325735782
2026-02-08 06:45:00+00:00,99912.73325735782
2026-02-08 07:00:00+00:00,99912.73325735782
2026-02-08 07:15:00+00:00,99912.73325735782
2026-02-08 07:30:00+00:00,99912.73325735782
2026-02-08 07:45:00+00:00,99912.73325735782
2026-02-08 08:00:00+00:00,99912.73325735782
2026-02-08 08:15:00+00:00,99912.73325735782
2026-02-08 08:30:00+00:00,99912.73325735782
2026-02-08 08:45:00+00:00,99912.73325735782
2026-02-08 09:00:00+00:00,99912.73325735782
2026-02-08 09:15:00+00:00,99912.73325735782
2026-02-08 09:30:00+00:00,99912.73325735782
2026-02-08 09:45:00+00:00,99912.73325735782
2026-02-08 10:00:00+00:00,99912.73325735782
2026-02-08 10:15:00+00:00,99912.73325735782
2026-02-08 10:30:00+00:00,99912.73325735782
2026-02-08 10:45:00+00:00,99912.73325735782
2026-02-08 11:00:00+00:00,99912.73325735782
2026-02-08 11:15:00+00:00,99912.73325735782
2026-02-08 11:30:00+00:00,99912.73325735782
2026-02-08 11:45:00+00:00,99912.73325735782
2026-02-08 12:00:00+00:00,99912.73325735782
2026-02-08 12:15:00+00:00,99912.73325735782
2026-02-08 12:30:00+00:00,99912.73325735782
2026-02-08 12:45:00+00:00,99912.73325735782
2026-02-08 13:00:00+00:00,99912.73325735782
2026-02-08 13:15:00+00:00,99912.73325735782
2026-02-08 13:30:00+00:00,99912.73325735782
2026-02-08 13:45:00+00:00,99912.73325735782
2026-02-08 14:00:00+00:00,99912.73325735782
2026-02-08 14:15:00+00:00,99912.73325735782
2026-02-08 14:30:00+00:00,99912.73325735782
2026-02-08 14:45:00+00:00,99912.73325735782
2026-02-08 15:00:00+00:00,99912.73325735782
2026-02-08 15:15:00+00:00,99912.73325735782
2026-02-08 15:30:00+00:00,99912.73325735782
2026-02-08 15:45:00+00:00,99912.73325735782
2026-02-08 16:00:00+00:00,99912.73325735782
2026-02-08 16:15:00+00:00,99912.73325735782
2026-02-08 16:30:00+00:00,99912.73325735782
2026-02-08 16:45:00+00:00,99912.73325735782
2026-02-08 17:00:00+00:00,99912.73325735782
2026-02-08 17:15:00+00:00,99912.73325735782
2026-02-08 17:30:00+00:00,99912.73325735782
2026-02-08 17:45:00+00:00,99912.73325735782
2026-02-08 18:00:00+00:00,99912.73325735782
2026-02-08 18:15:00+00:00,99912.73325735782
2026-02-08 18:30:00+00:00,99912.73325735782
2026-02-08 18:45:00+00:00,99912.73325735782
2026-02-08 19:00:00+00:00,99912.73325735782
2026-02-08 19:15:00+00:00,99912.73325735782
2026-02-08 19:30:00+00:00,99912.73325735782
2026-02-08 19:45:00+00:00,99912.73325735782
2026-02-08 20:00:00+00:00,99912.73325735782
2026-02-08 20:15:00+00:00,99912.73325735782
2026-02-08 20:30:00+00:00,99912.73325735782
2026-02-08 20:45:00+00:00,99912.73325735782
2026-02-08 21:00:00+00:00,99912.73325735782
2026-02-08 21:15:00+00:00,99912.73325735782
2026-02-08 21:30:00+00:00,99912.73325735782
2026-02-08 21:45:00+00:00,99912.73325735782
2026-02-08 22:00:00+00:00,99912.73325735782
2026-02-08 22:15:00+00:00,99912.73325735782
2026-02-08 22:30:00+00:00,99912.73325735782
2026-02-08 22:45:00+00:00,99912.73325735782
2026-02-08 23:00:00+00:00,99912.73325735782
2026-02-08 23:15:00+00:00,99912.73325735782
2026-02-08 23:30:00+00:00,99912.73325735782
2026-02-08 23:45:00+00:00,99912.73325735782
2026-02-09 00:00:00+00:00,99912.73325735782
2026-02-09 00:15:00+00:00,99912.73325735782
2026-02-09 00:30:00+00:00,99912.73325735782
2026-02-09 00:45:00+00:00,99912.73325735782
2026-02-09 01:00:00+00:00,99912.73325735782
2026-02-09 01:15:00+00:00,99912.73325735782
2026-02-09 01:30:00+00:00,99912.73325735782
2026-02-09 01:45:00+00:00,99912.73325735782
2026-02-09 02:00:00+00:00,99912.73325735782
2026-02-09 02:15:00+00:00,99912.73325735782
2026-02-09 02:30:00+00:00,99912.73325735782
2026-02-09 02:45:00+00:00,99912.73325735782
2026-02-09 03:00:00+00:00,99912.73325735782
2026-02-09 03:15:00+00:00,99912.73325735782
2026-02-09 03:30:00+00:00,99912.73325735782
2026-02-09 03:45:00+00:00,99912.73325735782
2026-02-09 04:00:00+00:00,99912.73325735782
2026-02-09 04:15:00+00:00,99912.73325735782
2026-02-09 04:30:00+00:00,99912.73325735782
2026-02-09 04:45:00+00:00,99912.73325735782
2026-02-09 05:00:00+00:00,99912.73325735782
2026-02-09 05:15:00+00:00,99912.73325735782
2026-02-09 05:30:00+00:00,99912.73325735782
2026-02-09 05:45:00+00:00,99912.73325735782
2026-02-09 06:00:00+00:00,99912.73325735782
2026-02-09 06:15:00+00:00,99912.73325735782
2026-02-09 06:30:00+00:00,99912.73325735782
2026-02-09 06:45:00+00:00,99912.73325735782
2026-02-09 07:00:00+00:00,99912.73325735782
2026-02-09 07:15:00+00:00,99912.73325735782
2026-02-09 07:30:00+00:00,99912.73325735782
2026-02-09 07:45:00+00:00,99912.73325735782
2026-02-09 08:00:00+00:00,99912.73325735782
2026-02-09 08:15:00+00:00,99912.73325735782
2026-02-09 08:30:00+00:00,99912.73325735782
2026-02-09 08:45:00+00:00,99912.73325735782
2026-02-09 09:00:00+00:00,99912.73325735782
2026-02-09 09:15:00+00:00,99912.73325735782
2026-02-09 09:30:00+00:00,99912.73325735782
2026-02-09 09:45:00+00:00,99912.73325735782
2026-02-09 10:00:00+00:00,99912.73325735782
2026-02-09 10:15:00+00:00,99912.73325735782
2026-02-09 10:30:00+00:00,99912.73325735782
2026-02-09 10:45:00+00:00,99912.73325735782
2026-02-09 11:00:00+00:00,99912.73325735782
2026-02-09 11:15:00+00:00,99912.73325735782
2026-02-09 11:30:00+00:00,99912.73325735782
2026-02-09 11:45:00+00:00,99912.73325735782
2026-02-09 12:00:00+00:00,99912.73325735782
2026-02-09 12:15:00+00:00,99912.73325735782
2026-02-09 12:30:00+00:00,99912.73325735782
2026-02-09 12:45:00+00:00,99912.73325735782
2026-02-09 13:00:00+00:00,99912.73325735782
2026-02-09 13:15:00+00:00,99912.73325735782
2026-02-09 13:30:00+00:00,99912.73325735782
2026-02-09 13:45:00+00:00,99912.73325735782
2026-02-09 14:00:00+00:00,99912.73325735782
2026-02-09 14:15:00+00:00,99912.73325735782
2026-02-09 14:30:00+00:00,99912.73325735782
2026-02-09 14:45:00+00:00,99912.73325735782
2026-02-09 15:00:00+00:00,99912.73325735782
2026-02-09 15:15:00+00:00,99912.73325735782
2026-02-09 15:30:00+00:00,99912.73325735782
2026-02-09 15:45:00+00:00,99912.73325735782
2026-02-09 16:00:00+00:00,99912.73325735782
2026-02-09 16:15:00+00:00,99912.73325735782
2026-02-09 16:30:00+00:00,99912.73325735782
2026-02-09 16:45:00+00:00,99912.73325735782
2026-02-09 17:00:00+00:00,99912.73325735782
2026-02-09 17:15:00+00:00,99912.73325735782
2026-02-09 17:30:00+00:00,99912.73325735782
2026-02-09 17:45:00+00:00,99912.73325735782
2026-02-09 18:00:00+00:00,99912.73325735782
2026-02-09 18:15:00+00:00,99912.73325735782
2026-02-09 18:30:00+00:00,99912.73325735782
2026-02-09 18:45:00+00:00,99912.73325735782
2026-02-09 19:00:00+00:00,99912.73325735782
2026-02-09 19:15:00+00:00,99912.73325735782
2026-02-09 19:30:00+00:00,99912.73325735782
2026-02-09 19:45:00+00:00,99912.73325735782
2026-02-09 20:00:00+00:00,99912.73325735782
2026-02-09 20:15:00+00:00,99912.73325735782
2026-02-09 20:30:00+00:00,99912.73325735782
2026-02-09 20:45:00+00:00,99912.73325735782
2026-02-09 21:00:00+00:00,99912.73325735782
2026-02-09 21:15:00+00:00,99912.73325735782
2026-02-09 21:30:00+00:00,99912.73325735782
2026-02-09 21:45:00+00:00,99912.73325735782
2026-02-09 22:00:00+00:00,99912.73325735782
2026-02-09 22:15:00+00:00,99912.73325735782
2026-02-09 22:30:00+00:00,99912.73325735782
2026-02-09 22:45:00+00:00,99912.73325735782
2026-02-09 23:00:00+00:00,99912.73325735782
2026-02-09 23:15:00+00:00,99912.73325735782
2026-02-09 23:30:00+00:00,99912.73325735782
2026-02-09 23:45:00+00:00,99912.73325735782
2026-02-10 00:00:00+00:00,99912.73325735782
2026-02-10 00:15:00+00:00,99908.53067538158
2026-02-10 00:30:00+00:00,99904.16763490628
2026-02-10 00:45:00+00:00,99905.09317416315
2026-02-10 01:00:00+00:00,99911.28815631317
2026-02-10 01:15:00+00:00,99916.63211999355
2026-02-10 01:30:00+00:00,99918.13238221643
2026-02-10 01:45:00+00:00,99918.13238221643
2026-02-10 02:00:00+00:00,99918.13238221643
2026-02-10 02:15:00+00:00,99918.13238221643
2026-02-10 02:30:00+00:00,99918.13238221643
2026-02-10 02:45:00+00:00,99918.13238221643
2026-02-10 03:00:00+00:00,99918.13238221643
2026-02-10 03:15:00+00:00,99918.13238221643
2026-02-10 03:30:00+00:00,99918.13238221643
2026-02-10 03:45:00+00:00,99918.13238221643
2026-02-10 04:00:00+00:00,99918.13238221643
2026-02-10 04:15:00+00:00,99918.13238221643
2026-02-10 04:30:00+00:00,99918.13238221643
2026-02-10 04:45:00+00:00,99918.13238221643
2026-02-10 05:00:00+00:00,99918.13238221643
2026-02-10 05:15:00+00:00,99918.13238221643
2026-02-10 05:30:00+00:00,99918.13238221643
2026-02-10 05:45:00+00:00,99918.13238221643
2026-02-10 06:00:00+00:00,99918.13238221643
2026-02-10 06:15:00+00:00,99918.13238221643
2026-02-10 06:30:00+00:00,99918.13238221643
2026-02-10 06:45:00+00:00,99918.13238221643
2026-02-10 07:00:00+00:00,99918.13238221643
2026-02-10 07:15:00+00:00,99918.13238221643
2026-02-10 07:30:00+00:00,99918.13238221643
2026-02-10 07:45:00+00:00,99918.13238221643
2026-02-10 08:00:00+00:00,99918.13238221643
2026-02-10 08:15:00+00:00,99918.13238221643
2026-02-10 08:30:00+00:00,99918.13238221643
2026-02-10 08:45:00+00:00,99918.13238221643
2026-02-10 09:00:00+00:00,99918.13238221643
2026-02-10 09:15:00+00:00,99918.13238221643
2026-02-10 09:30:00+00:00,99918.13238221643
2026-02-10 09:45:00+00:00,99918.13238221643
2026-02-10 10:00:00+00:00,99918.13238221643
2026-02-10 10:15:00+00:00,99918.13238221643
2026-02-10 10:30:00+00:00,99918.13238221643
2026-02-10 10:45:00+00:00,99918.13238221643
2026-02-10 11:00:00+00:00,99918.13238221643
2026-02-10 11:15:00+00:00,99918.13238221643
2026-02-10 11:30:00+00:00,99918.13238221643
2026-02-10 11:45:00+00:00,99918.13238221643
2026-02-10 12:00:00+00:00,99918.13238221643
2026-02-10 12:15:00+00:00,99918.13238221643
2026-02-10 12:30:00+00:00,99918.13238221643
2026-02-10 12:45:00+00:00,99918.13238221643
2026-02-10 13:00:00+00:00,99918.13238221643
2026-02-10 13:15:00+00:00,99918.13238221643
2026-02-10 13:30:00+00:00,99918.13238221643
2026-02-10 13:45:00+00:00,99918.13238221643
2026-02-10 14:00:00+00:00,99918.13238221643
2026-02-10 14:15:00+00:00,99918.13238221643
2026-02-10 14:30:00+00:00,99918.13238221643
2026-02-10 14:45:00+00:00,99918.13238221643
2026-02-10 15:00:00+00:00,99918.13238221643
2026-02-10 15:15:00+00:00,99918.13238221643
2026-02-10 15:30:00+00:00,99918.13238221643
2026-02-10 15:45:00+00:00,99918.13238221643
2026-02-10 16:00:00+00:00,99918.13238221643
2026-02-10 16:15:00+00:00,99918.13238221643
2026-02-10 16:30:00+00:00,99918.13238221643
2026-02-10 16:45:00+00:00,99918.13238221643
2026-02-10 17:00:00+00:00,99918.13238221643
2026-02-10 17:15:00+00:00,99918.13238221643
2026-02-10 17:30:00+00:00,99918.13238221643
2026-02-10 17:45:00+00:00,99918.13238221643
2026-02-10 18:00:00+00:00,99918.13238221643
2026-02-10 18:15:00+00:00,99918.13238221643
2026-02-10 18:30:00+00:00,99918.13238221643
2026-02-10 18:45:00+00:00,99918.13238221643
2026-02-10 19:00:00+00:00,99918.13238221643
2026-02-10 19:15:00+00:00,99918.13238221643
2026-02-10 19:30:00+00:00,99918.13238221643
2026-02-10 19:45:00+00:00,99918.13238221643
2026-02-10 20:00:00+00:00,99918.13238221643
2026-02-10 20:15:00+00:00,99918.13238221643
2026-02-10 20:30:00+00:00,99918.13238221643
2026-02-10 20:45:00+00:00,99918.13238221643
2026-02-10 21:00:00+00:00,99918.13238221643
2026-02-10 21:15:00+00:00,99918.13238221643
2026-02-10 21:30:00+00:00,99918.13238221643
2026-02-10 21:45:00+00:00,99918.13238221643
2026-02-10 22:00:00+00:00,99918.13238221643
2026-02-10 22:15:00+00:00,99918.13238221643
2026-02-10 22:30:00+00:00,99918.13238221643
2026-02-10 22:45:00+00:00,99918.13238221643
2026-02-10 23:00:00+00:00,99918.13238221643
2026-02-10 23:15:00+00:00,99918.13238221643
2026-02-10 23:30:00+00:00,99918.13238221643
2026-02-10 23:45:00+00:00,99918.13238221643
2026-02-11 00:00:00+00:00,99918.13238221643
2026-02-11 00:15:00+00:00,99918.13238221643
2026-02-11 00:30:00+00:00,99918.13238221643
2026-02-11 00:45:00+00:00,99918.13238221643
2026-02-11 01:00:00+00:00,99917.52075470742
2026-02-11 01:15:00+00:00,99918.25315640646
2026-02-11 01:30:00+00:00,99918.25315640646
2026-02-11 01:45:00+00:00,99918.25315640646
2026-02-11 02:00:00+00:00,99918.25315640646
2026-02-11 02:15:00+00:00,99918.25315640646
2026-02-11 02:30:00+00:00,99918.25315640646
2026-02-11 02:45:00+00:00,99918.25315640646
2026-02-11 03:00:00+00:00,99918.25315640646
2026-02-11 03:15:00+00:00,99918.25315640646
2026-02-11 03:30:00+00:00,99918.25315640646
2026-02-11 03:45:00+00:00,99918.25315640646
2026-02-11 04:00:00+00:00,99918.25315640646
2026-02-11 04:15:00+00:00,99918.25315640646
2026-02-11 04:30:00+00:00,99918.25315640646
2026-02-11 04:45:00+00:00,99918.25315640646
2026-02-11 05:00:00+00:00,99918.25315640646
2026-02-11 05:15:00+00:00,99918.25315640646
2026-02-11 05:30:00+00:00,99918.25315640646
2026-02-11 05:45:00+00:00,99918.25315640646
2026-02-11 06:00:00+00:00,99918.25315640646
2026-02-11 06:15:00+00:00,99918.25315640646
2026-02-11 06:30:00+00:00,99918.25315640646
2026-02-11 06:45:00+00:00,99918.25315640646
2026-02-11 07:00:00+00:00,99918.25315640646
2026-02-11 07:15:00+00:00,99918.25315640646
2026-02-11 07:30:00+00:00,99918.25315640646
2026-02-11 07:45:00+00:00,99918.25315640646
2026-02-11 08:00:00+00:00,99918.25315640646
2026-02-11 08:15:00+00:00,99918.25315640646
2026-02-11 08:30:00+00:00,99918.25315640646
2026-02-11 08:45:00+00:00,99918.25315640646
2026-02-11 09:00:00+00:00,99918.25315640646
2026-02-11 09:15:00+00:00,99918.25315640646
2026-02-11 09:30:00+00:00,99918.25315640646
2026-02-11 09:45:00+00:00,99918.25315640646
2026-02-11 10:00:00+00:00,99918.25315640646
2026-02-11 10:15:00+00:00,99918.25315640646
2026-02-11 10:30:00+00:00,99918.25315640646
2026-02-11 10:45:00+00:00,99918.25315640646
2026-02-11 11:00:00+00:00,99918.25315640646
2026-02-11 11:15:00+00:00,99918.25315640646
2026-02-11 11:30:00+00:00,99918.25315640646
2026-02-11 11:45:00+00:00,99918.25315640646
2026-02-11 12:00:00+00:00,99918.25315640646
2026-02-11 12:15:00+00:00,99918.25315640646
2026-02-11 12:30:00+00:00,99918.25315640646
2026-02-11 12:45:00+00:00,99918.25315640646
2026-02-11 13:00:00+00:00,99918.25315640646
2026-02-11 13:15:00+00:00,99918.25315640646
2026-02-11 13:30:00+00:00,99918.25315640646
2026-02-11 13:45:00+00:00,99918.25315640646
2026-02-11 14:00:00+00:00,99918.25315640646
2026-02-11 14:15:00+00:00,99918.25315640646
2026-02-11 14:30:00+00:00,99918.25315640646
2026-02-11 14:45:00+00:00,99918.25315640646
2026-02-11 15:00:00+00:00,99918.25315640646
2026-02-11 15:15:00+00:00,99918.25315640646
2026-02-11 15:30:00+00:00,99918.25315640646
2026-02-11 15:45:00+00:00,99918.25315640646
2026-02-11 16:00:00+00:00,99918.25315640646
2026-02-11 16:15:00+00:00,99918.25315640646
2026-02-11 16:30:00+00:00,99907.55941292009
2026-02-11 16:45:00+00:00,99905.55582273575
2026-02-11 17:00:00+00:00,99910.65025936766
2026-02-11 17:15:00+00:00,99919.5116850491
2026-02-11 17:30:00+00:00,99918.42832449473
2026-02-11 17:45:00+00:00,99916.42657227094
2026-02-11 18:00:00+00:00,99915.24908376193
2026-02-11 18:15:00+00:00,99925.440240739
2026-02-11 18:30:00+00:00,99930.61459112083
2026-02-11 18:45:00+00:00,99930.61459112083
2026-02-11 19:00:00+00:00,99930.61459112083
2026-02-11 19:15:00+00:00,99930.61459112083
2026-02-11 19:30:00+00:00,99930.61459112083
2026-02-11 19:45:00+00:00,99930.61459112083
2026-02-11 20:00:00+00:00,99930.61459112083
2026-02-11 20:15:00+00:00,99930.61459112083
2026-02-11 20:30:00+00:00,99930.61459112083
2026-02-11 20:45:00+00:00,99930.61459112083
2026-02-11 21:00:00+00:00,99930.61459112083
2026-02-11 21:15:00+00:00,99930.61459112083
2026-02-11 21:30:00+00:00,99930.61459112083
2026-02-11 21:45:00+00:00,99930.61459112083
2026-02-11 22:00:00+00:00,99930.61459112083
2026-02-11 22:15:00+00:00,99930.61459112083
2026-02-11 22:30:00+00:00,99930.61459112083
2026-02-11 22:45:00+00:00,99930.61459112083
2026-02-11 23:00:00+00:00,99930.61459112083
2026-02-11 23:15:00+00:00,99930.61459112083
2026-02-11 23:30:00+00:00,99930.61459112083
2026-02-11 23:45:00+00:00,99930.61459112083
2026-02-12 00:00:00+00:00,99930.61459112083
2026-02-12 00:15:00+00:00,99930.61459112083
2026-02-12 00:30:00+00:00,99930.61459112083
2026-02-12 00:45:00+00:00,99930.61459112083
2026-02-12 01:00:00+00:00,99930.61459112083
2026-02-12 01:15:00+00:00,99930.61459112083
2026-02-12 01:30:00+00:00,99930.61459112083
2026-02-12 01:45:00+00:00,99930.61459112083
2026-02-12 02:00:00+00:00,99930.61459112083
2026-02-12 02:15:00+00:00,99930.61459112083
2026-02-12 02:30:00+00:00,99930.61459112083
2026-02-12 02:45:00+00:00,99930.61459112083
2026-02-12 03:00:00+00:00,99930.61459112083
2026-02-12 03:15:00+00:00,99930.61459112083
2026-02-12 03:30:00+00:00,99930.61459112083
2026-02-12 03:45:00+00:00,99930.61459112083
2026-02-12 04:00:00+00:00,99930.61459112083
2026-02-12 04:15:00+00:00,99930.61459112083
2026-02-12 04:30:00+00:00,99930.61459112083
2026-02-12 04:45:00+00:00,99930.61459112083
2026-02-12 05:00:00+00:00,99930.61459112083
2026-02-12 05:15:00+00:00,99930.61459112083
2026-02-12 05:30:00+00:00,99930.61459112083
2026-02-12 05:45:00+00:00,99930.61459112083
2026-02-12 06:00:00+00:00,99930.61459112083
2026-02-12 06:15:00+00:00,99930.61459112083
2026-02-12 06:30:00+00:00,99930.61459112083
2026-02-12 06:45:00+00:00,99930.61459112083
2026-02-12 07:00:00+00:00,99930.61459112083
2026-02-12 07:15:00+00:00,99930.61459112083
2026-02-12 07:30:00+00:00,99930.61459112083
2026-02-12 07:45:00+00:00,99930.61459112083
2026-02-12 08:00:00+00:00,99930.61459112083
2026-02-12 08:15:00+00:00,99937.66888608164
2026-02-12 08:30:00+00:00,99936.73381817479
2026-02-12 08:45:00+00:00,99934.62762444913
2026-02-12 09:00:00+00:00,99934.62762444913
2026-02-12 09:15:00+00:00,99934.62762444913
2026-02-12 09:30:00+00:00,99934.62762444913
2026-02-12 09:45:00+00:00,99934.62762444913
2026-02-12 10:00:00+00:00,99934.62762444913
2026-02-12 10:15:00+00:00,99934.62762444913
2026-02-12 10:30:00+00:00,99934.62762444913
2026-02-12 10:45:00+00:00,99934.62762444913
2026-02-12 11:00:00+00:00,99934.62762444913
2026-02-12 11:15:00+00:00,99934.62762444913
2026-02-12 11:30:00+00:00,99934.62762444913
2026-02-12 11:45:00+00:00,99934.62762444913
2026-02-12 12:00:00+00:00,99934.62762444913
2026-02-12 12:15:00+00:00,99934.62762444913
2026-02-12 12:30:00+00:00,99934.62762444913
2026-02-12 12:45:00+00:00,99934.62762444913
2026-02-12 13:00:00+00:00,99934.62762444913
2026-02-12 13:15:00+00:00,99934.62762444913
2026-02-12 13:30:00+00:00,99934.62762444913
2026-02-12 13:45:00+00:00,99934.62762444913
2026-02-12 14:00:00+00:00,99934.62762444913
2026-02-12 14:15:00+00:00,99934.62762444913
2026-02-12 14:30:00+00:00,99934.62762444913
2026-02-12 14:45:00+00:00,99934.62762444913
2026-02-12 15:00:00+00:00,99934.62762444913
2026-02-12 15:15:00+00:00,99934.62762444913
2026-02-12 15:30:00+00:00,99934.62762444913
2026-02-12 15:45:00+00:00,99934.62762444913
2026-02-12 16:00:00+00:00,99934.62762444913
2026-02-12 16:15:00+00:00,99934.62762444913
2026-02-12 16:30:00+00:00,99934.62762444913
2026-02-12 16:45:00+00:00,99934.62762444913
2026-02-12 17:00:00+00:00,99934.62762444913
2026-02-12 17:15:00+00:00,99934.62762444913
2026-02-12 17:30:00+00:00,99934.62762444913
2026-02-12 17:45:00+00:00,99934.62762444913
2026-02-12 18:00:00+00:00,99934.62762444913
2026-02-12 18:15:00+00:00,99934.62762444913
2026-02-12 18:30:00+00:00,99934.62762444913
2026-02-12 18:45:00+00:00,99934.62762444913
2026-02-12 19:00:00+00:00,99934.62762444913
2026-02-12 19:15:00+00:00,99934.62762444913
2026-02-12 19:30:00+00:00,99934.62762444913
2026-02-12 19:45:00+00:00,99934.62762444913
2026-02-12 20:00:00+00:00,99934.62762444913
2026-02-12 20:15:00+00:00,99934.62762444913
2026-02-12 20:30:00+00:00,99934.62762444913
2026-02-12 20:45:00+00:00,99934.62762444913
2026-02-12 21:00:00+00:00,99934.62762444913
2026-02-12 21:15:00+00:00,99934.62762444913
2026-02-12 21:30:00+00:00,99934.62762444913
2026-02-12 21:45:00+00:00,99934.62762444913
2026-02-12 22:00:00+00:00,99934.62762444913
2026-02-12 22:15:00+00:00,99934.62762444913
2026-02-12 22:30:00+00:00,99934.62762444913
2026-02-12 22:45:00+00:00,99934.62762444913
2026-02-12 23:00:00+00:00,99934.62762444913
2026-02-12 23:15:00+00:00,99934.62762444913
2026-02-12 23:30:00+00:00,99934.62762444913
2026-02-12 23:45:00+00:00,99934.62762444913
2026-02-13 00:00:00+00:00,99934.62762444913
2026-02-13 00:15:00+00:00,99934.62762444913
2026-02-13 00:30:00+00:00,99934.62762444913
2026-02-13 00:45:00+00:00,99934.62762444913
2026-02-13 01:00:00+00:00,99934.62762444913
2026-02-13 01:15:00+00:00,99934.62762444913
2026-02-13 01:30:00+00:00,99934.62762444913
2026-02-13 01:45:00+00:00,99934.62762444913
2026-02-13 02:00:00+00:00,99934.62762444913
2026-02-13 02:15:00+00:00,99934.62762444913
2026-02-13 02:30:00+00:00,99934.62762444913
2026-02-13 02:45:00+00:00,99934.62762444913
2026-02-13 03:00:00+00:00,99934.62762444913
2026-02-13 03:15:00+00:00,99934.62762444913
2026-02-13 03:30:00+00:00,99934.62762444913
2026-02-13 03:45:00+00:00,99934.62762444913
2026-02-13 04:00:00+00:00,99934.62762444913
2026-02-13 04:15:00+00:00,99934.62762444913
2026-02-13 04:30:00+00:00,99934.62762444913
2026-02-13 04:45:00+00:00,99934.62762444913
2026-02-13 05:00:00+00:00,99934.62762444913
2026-02-13 05:15:00+00:00,99934.62762444913
2026-02-13 05:30:00+00:00,99934.62762444913
2026-02-13 05:45:00+00:00,99934.62762444913
2026-02-13 06:00:00+00:00,99934.62762444913
2026-02-13 06:15:00+00:00,99934.62762444913
2026-02-13 06:30:00+00:00,99934.62762444913
2026-02-13 06:45:00+00:00,99934.62762444913
2026-02-13 07:00:00+00:00,99934.62762444913
2026-02-13 07:15:00+00:00,99934.62762444913
2026-02-13 07:30:00+00:00,99934.62762444913
2026-02-13 07:45:00+00:00,99934.62762444913
2026-02-13 08:00:00+00:00,99934.62762444913
2026-02-13 08:15:00+00:00,99934.62762444913
2026-02-13 08:30:00+00:00,99934.62762444913
2026-02-13 08:45:00+00:00,99934.62762444913
2026-02-13 09:00:00+00:00,99934.62762444913
2026-02-13 09:15:00+00:00,99934.62762444913
2026-02-13 09:30:00+00:00,99934.62762444913
2026-02-13 09:45:00+00:00,99934.62762444913
2026-02-13 10:00:00+00:00,99934.62762444913
2026-02-13 10:15:00+00:00,99934.62762444913
2026-02-13 10:30:00+00:00,99934.62762444913
2026-02-13 10:45:00+00:00,99934.62762444913
2026-02-13 11:00:00+00:00,99934.62762444913
2026-02-13 11:15:00+00:00,99934.62762444913
2026-02-13 11:30:00+00:00,99934.62762444913
2026-02-13 11:45:00+00:00,99934.62762444913
2026-02-13 12:00:00+00:00,99934.62762444913
2026-02-13 12:15:00+00:00,99934.62762444913
2026-02-13 12:30:00+00:00,99934.62762444913
2026-02-13 12:45:00+00:00,99934.62762444913
2026-02-13 13:00:00+00:00,99934.62762444913
2026-02-13 13:15:00+00:00,99934.62762444913
2026-02-13 13:30:00+00:00,99934.62762444913
2026-02-13 13:45:00+00:00,99934.62762444913
2026-02-13 14:00:00+00:00,99934.62762444913
2026-02-13 14:15:00+00:00,99934.62762444913
2026-02-13 14:30:00+00:00,99934.62762444913
2026-02-13 14:45:00+00:00,99934.62762444913
2026-02-13 15:00:00+00:00,99934.62762444913
2026-02-13 15:15:00+00:00,99934.62762444913
2026-02-13 15:30:00+00:00,99934.62762444913
2026-02-13 15:45:00+00:00,99934.62762444913
2026-02-13 16:00:00+00:00,99934.62762444913
2026-02-13 16:15:00+00:00,99934.04692587866
2026-02-13 16:30:00+00:00,99930.45408578202
2026-02-13 16:45:00+00:00,99936.73760726306
2026-02-13 17:00:00+00:00,99936.2378126303
2026-02-13 17:15:00+00:00,99936.27497486159
2026-02-13 17:30:00+00:00,99932.99700971923
2026-02-13 17:45:00+00:00,99934.70598210645
2026-02-13 18:00:00+00:00,99935.18273012116
2026-02-13 18:15:00+00:00,99930.30900479878
2026-02-13 18:30:00+00:00,99930.30900479878
2026-02-13 18:45:00+00:00,99930.30900479878
2026-02-13 19:00:00+00:00,99930.30900479878
2026-02-13 19:15:00+00:00,99930.30900479878
2026-02-13 19:30:00+00:00,99930.30900479878
2026-02-13 19:45:00+00:00,99930.30900479878
2026-02-13 20:00:00+00:00,99930.30900479878
2026-02-13 20:15:00+00:00,99930.30900479878
2026-02-13 20:30:00+00:00,99930.30900479878
2026-02-13 20:45:00+00:00,99930.30900479878
2026-02-13 21:00:00+00:00,99930.30900479878
2026-02-13 21:15:00+00:00,99930.30900479878
2026-02-13 21:30:00+00:00,99930.30900479878
2026-02-13 21:45:00+00:00,99930.30900479878
2026-02-13 22:00:00+00:00,99930.30900479878
2026-02-13 22:15:00+00:00,99930.30900479878
2026-02-13 22:30:00+00:00,99930.30900479878
2026-02-13 22:45:00+00:00,99930.30900479878
2026-02-13 23:00:00+00:00,99930.30900479878
2026-02-13 23:15:00+00:00,99930.30900479878
2026-02-13 23:30:00+00:00,99930.30900479878
2026-02-13 23:45:00+00:00,99930.30900479878
2026-02-14 00:00:00+00:00,99930.30900479878
2026-02-14 00:15:00+00:00,99930.30900479878
2026-02-14 00:30:00+00:00,99930.30900479878
2026-02-14 00:45:00+00:00,99930.30900479878
2026-02-14 01:00:00+00:00,99930.30900479878
2026-02-14 01:15:00+00:00,99930.30900479878
2026-02-14 01:30:00+00:00,99930.30900479878
2026-02-14 01:45:00+00:00,99930.30900479878
2026-02-14 02:00:00+00:00,99930.30900479878
2026-02-14 02:15:00+00:00,99930.30900479878
2026-02-14 02:30:00+00:00,99930.30900479878
2026-02-14 02:45:00+00:00,99930.30900479878
2026-02-14 03:00:00+00:00,99930.30900479878
2026-02-14 03:15:00+00:00,99930.30900479878
2026-02-14 03:30:00+00:00,99930.30900479878
2026-02-14 03:45:00+00:00,99930.30900479878
2026-02-14 04:00:00+00:00,99930.30900479878
2026-02-14 04:15:00+00:00,99930.30900479878
2026-02-14 04:30:00+00:00,99930.30900479878
2026-02-14 04:45:00+00:00,99930.30900479878
2026-02-14 05:00:00+00:00,99930.30900479878
2026-02-14 05:15:00+00:00,99930.30900479878
2026-02-14 05:30:00+00:00,99930.30900479878
2026-02-14 05:45:00+00:00,99930.30900479878
2026-02-14 06:00:00+00:00,99930.30900479878
2026-02-14 06:15:00+00:00,99930.30900479878
2026-02-14 06:30:00+00:00,99930.30900479878
2026-02-14 06:45:00+00:00,99930.30900479878
2026-02-14 07:00:00+00:00,99930.30900479878
2026-02-14 07:15:00+00:00,99930.30900479878
2026-02-14 07:30:00+00:00,99930.30900479878
2026-02-14 07:45:00+00:00,99930.30900479878
2026-02-14 08:00:00+00:00,99930.30900479878
2026-02-14 08:15:00+00:00,99930.30900479878
2026-02-14 08:30:00+00:00,99930.30900479878
2026-02-14 08:45:00+00:00,99930.30900479878
2026-02-14 09:00:00+00:00,99930.30900479878
2026-02-14 09:15:00+00:00,99930.30900479878
2026-02-14 09:30:00+00:00,99930.30900479878
2026-02-14 09:45:00+00:00,99930.30900479878
2026-02-14 10:00:00+00:00,99930.30900479878
2026-02-14 10:15:00+00:00,99930.30900479878
2026-02-14 10:30:00+00:00,99930.30900479878
2026-02-14 10:45:00+00:00,99930.30900479878
2026-02-14 11:00:00+00:00,99930.30900479878
2026-02-14 11:15:00+00:00,99930.30900479878
2026-02-14 11:30:00+00:00,99930.30900479878
2026-02-14 11:45:00+00:00,99930.30900479878
2026-02-14 12:00:00+00:00,99930.30900479878
2026-02-14 12:15:00+00:00,99930.30900479878
2026-02-14 12:30:00+00:00,99930.30900479878
2026-02-14 12:45:00+00:00,99930.30900479878
2026-02-14 13:00:00+00:00,99930.30900479878
2026-02-14 13:15:00+00:00,99930.30900479878
2026-02-14 13:30:00+00:00,99930.30900479878
2026-02-14 13:45:00+00:00,99930.30900479878
2026-02-14 14:00:00+00:00,99930.30900479878
2026-02-14 14:15:00+00:00,99930.30900479878
2026-02-14 14:30:00+00:00,99930.30900479878
2026-02-14 14:45:00+00:00,99930.30900479878
2026-02-14 15:00:00+00:00,99930.30900479878
2026-02-14 15:15:00+00:00,99930.30900479878
2026-02-14 15:30:00+00:00,99930.30900479878
2026-02-14 15:45:00+00:00,99930.30900479878
2026-02-14 16:00:00+00:00,99930.30900479878
2026-02-14 16:15:00+00:00,99930.30900479878
2026-02-14 16:30:00+00:00,99930.30900479878
2026-02-14 16:45:00+00:00,99930.30900479878
2026-02-14 17:00:00+00:00,99930.30900479878
2026-02-14 17:15:00+00:00,99930.30900479878
2026-02-14 17:30:00+00:00,99930.30900479878
2026-02-14 17:45:00+00:00,99930.30900479878
2026-02-14 18:00:00+00:00,99930.30900479878
2026-02-14 18:15:00+00:00,99930.30900479878
2026-02-14 18:30:00+00:00,99930.30900479878
2026-02-14 18:45:00+00:00,99930.30900479878
2026-02-14 19:00:00+00:00,99930.30900479878
2026-02-14 19:15:00+00:00,99930.30900479878
2026-02-14 19:30:00+00:00,99930.30900479878
2026-02-14 19:45:00+00:00,99930.30900479878
2026-02-14 20:00:00+00:00,99930.30900479878
2026-02-14 20:15:00+00:00,99930.30900479878
2026-02-14 20:30:00+00:00,99930.30900479878
2026-02-14 20:45:00+00:00,99930.30900479878
2026-02-14 21:00:00+00:00,99930.30900479878
2026-02-14 21:15:00+00:00,99930.30900479878
2026-02-14 21:30:00+00:00,99930.30900479878
2026-02-14 21:45:00+00:00,99930.30900479878
2026-02-14 22:00:00+00:00,99930.30900479878
2026-02-14 22:15:00+00:00,99930.30900479878
2026-02-14 22:30:00+00:00,99930.30900479878
2026-02-14 22:45:00+00:00,99930.30900479878
2026-02-14 23:00:00+00:00,99930.30900479878
2026-02-14 23:15:00+00:00,99930.30900479878
2026-02-14 23:30:00+00:00,99930.30900479878
2026-02-14 23:45:00+00:00,99930.30900479878
2026-02-15 00:00:00+00:00,99930.30900479878
2026-02-15 00:15:00+00:00,99930.30900479878
2026-02-15 00:30:00+00:00,99930.30900479878
2026-02-15 00:45:00+00:00,99930.30900479878
2026-02-15 01:00:00+00:00,99930.30900479878
2026-02-15 01:15:00+00:00,99930.30900479878
2026-02-15 01:30:00+00:00,99930.30900479878
2026-02-15 01:45:00+00:00,99930.30900479878
2026-02-15 02:00:00+00:00,99930.30900479878
2026-02-15 02:15:00+00:00,99930.30900479878
2026-02-15 02:30:00+00:00,99930.30900479878
2026-02-15 02:45:00+00:00,99930.30900479878
2026-02-15 03:00:00+00:00,99930.30900479878
2026-02-15 03:15:00+00:00,99930.30900479878
2026-02-15 03:30:00+00:00,99930.30900479878
2026-02-15 03:45:00+00:00,99930.30900479878
2026-02-15 04:00:00+00:00,99930.30900479878
2026-02-15 04:15:00+00:00,99930.30900479878
2026-02-15 04:30:00+00:00,99930.30900479878
2026-02-15 04:45:00+00:00,99930.30900479878
2026-02-15 05:00:00+00:00,99930.30900479878
2026-02-15 05:15:00+00:00,99930.30900479878
2026-02-15 05:30:00+00:00,99930.30900479878
2026-02-15 05:45:00+00:00,99930.30900479878
2026-02-15 06:00:00+00:00,99930.30900479878
2026-02-15 06:15:00+00:00,99930.30900479878
2026-02-15 06:30:00+00:00,99930.30900479878
2026-02-15 06:45:00+00:00,99930.30900479878
2026-02-15 07:00:00+00:00,99930.30900479878
2026-02-15 07:15:00+00:00,99930.30900479878
2026-02-15 07:30:00+00:00,99930.30900479878
2026-02-15 07:45:00+00:00,99930.30900479878
2026-02-15 08:00:00+00:00,99930.30900479878
2026-02-15 08:15:00+00:00,99930.30900479878
2026-02-15 08:30:00+00:00,99930.30900479878
2026-02-15 08:45:00+00:00,99930.30900479878
2026-02-15 09:00:00+00:00,99930.30900479878
2026-02-15 09:15:00+00:00,99930.30900479878
2026-02-15 09:30:00+00:00,99930.30900479878
2026-02-15 09:45:00+00:00,99930.30900479878
2026-02-15 10:00:00+00:00,99930.30900479878
2026-02-15 10:15:00+00:00,99930.30900479878
2026-02-15 10:30:00+00:00,99930.30900479878
2026-02-15 10:45:00+00:00,99930.30900479878
2026-02-15 11:00:00+00:00,99930.30900479878
2026-02-15 11:15:00+00:00,99930.30900479878
2026-02-15 11:30:00+00:00,99930.30900479878
2026-02-15 11:45:00+00:00,99930.30900479878
2026-02-15 12:00:00+00:00,99930.30900479878
2026-02-15 12:15:00+00:00,99930.30900479878
2026-02-15 12:30:00+00:00,99930.30900479878
2026-02-15 12:45:00+00:00,99930.30900479878
2026-02-15 13:00:00+00:00,99930.30900479878
2026-02-15 13:15:00+00:00,99930.30900479878
2026-02-15 13:30:00+00:00,99930.30900479878
2026-02-15 13:45:00+00:00,99930.30900479878
2026-02-15 14:00:00+00:00,99930.30900479878
2026-02-15 14:15:00+00:00,99930.30900479878
2026-02-15 14:30:00+00:00,99930.30900479878
2026-02-15 14:45:00+00:00,99930.30900479878
2026-02-15 15:00:00+00:00,99930.30900479878
2026-02-15 15:15:00+00:00,99930.30900479878
2026-02-15 15:30:00+00:00,99930.30900479878
2026-02-15 15:45:00+00:00,99930.30900479878
2026-02-15 16:00:00+00:00,99930.30900479878
2026-02-15 16:15:00+00:00,99930.30900479878
2026-02-15 16:30:00+00:00,99930.30900479878
2026-02-15 16:45:00+00:00,99930.30900479878
2026-02-15 17:00:00+00:00,99930.30900479878
2026-02-15 17:15:00+00:00,99930.30900479878
2026-02-15 17:30:00+00:00,99930.30900479878
2026-02-15 17:45:00+00:00,99930.30900479878
2026-02-15 18:00:00+00:00,99930.30900479878
2026-02-15 18:15:00+00:00,99930.30900479878
2026-02-15 18:30:00+00:00,99930.30900479878
2026-02-15 18:45:00+00:00,99930.30900479878
2026-02-15 19:00:00+00:00,99930.30900479878
2026-02-15 19:15:00+00:00,99930.30900479878
2026-02-15 19:30:00+00:00,99930.30900479878
2026-02-15 19:45:00+00:00,99930.30900479878
2026-02-15 20:00:00+00:00,99930.30900479878
2026-02-15 20:15:00+00:00,99930.30900479878
2026-02-15 20:30:00+00:00,99930.30900479878
2026-02-15 20:45:00+00:00,99930.30900479878
2026-02-15 21:00:00+00:00,99930.30900479878
2026-02-15 21:15:00+00:00,99930.30900479878
2026-02-15 21:30:00+00:00,99930.30900479878
2026-02-15 21:45:00+00:00,99930.30900479878
2026-02-15 22:00:00+00:00,99930.30900479878
2026-02-15 22:15:00+00:00,99930.30900479878
2026-02-15 22:30:00+00:00,99930.30900479878
2026-02-15 22:45:00+00:00,99930.30900479878
2026-02-15 23:00:00+00:00,99930.30900479878
2026-02-15 23:15:00+00:00,99930.30900479878
2026-02-15 23:30:00+00:00,99930.30900479878
2026-02-15 23:45:00+00:00,99930.30900479878
2026-02-16 00:00:00+00:00,99930.30900479878
2026-02-16 00:15:00+00:00,99930.30900479878
2026-02-16 00:30:00+00:00,99930.30900479878
2026-02-16 00:45:00+00:00,99930.30900479878
2026-02-16 01:00:00+00:00,99930.30900479878
2026-02-16 01:15:00+00:00,99930.30900479878
2026-02-16 01:30:00+00:00,99930.30900479878
2026-02-16 01:45:00+00:00,99930.30900479878
2026-02-16 02:00:00+00:00,99930.30900479878
2026-02-16 02:15:00+00:00,99930.30900479878
2026-02-16 02:30:00+00:00,99930.30900479878
2026-02-16 02:45:00+00:00,99930.30900479878
2026-02-16 03:00:00+00:00,99930.30900479878
2026-02-16 03:15:00+00:00,99930.30900479878
2026-02-16 03:30:00+00:00,99930.30900479878
2026-02-16 03:45:00+00:00,99930.30900479878
2026-02-16 04:00:00+00:00,99930.30900479878
2026-02-16 04:15:00+00:00,99930.30900479878
2026-02-16 04:30:00+00:00,99930.30900479878
2026-02-16 04:45:00+00:00,99930.30900479878
2026-02-16 05:00:00+00:00,99930.30900479878
2026-02-16 05:15:00+00:00,99930.30900479878
2026-02-16 05:30:00+00:00,99930.30900479878
2026-02-16 05:45:00+00:00,99930.30900479878
2026-02-16 06:00:00+00:00,99930.30900479878
2026-02-16 06:15:00+00:00,99930.30900479878
2026-02-16 06:30:00+00:00,99930.30900479878
2026-02-16 06:45:00+00:00,99930.30900479878
2026-02-16 07:00:00+00:00,99930.30900479878
2026-02-16 07:15:00+00:00,99930.30900479878
2026-02-16 07:30:00+00:00,99930.30900479878
2026-02-16 07:45:00+00:00,99930.30900479878
2026-02-16 08:00:00+00:00,99930.30900479878
2026-02-16 08:15:00+00:00,99930.30900479878
2026-02-16 08:30:00+00:00,99930.30900479878
2026-02-16 08:45:00+00:00,99930.30900479878
2026-02-16 09:00:00+00:00,99930.30900479878
2026-02-16 09:15:00+00:00,99930.30900479878
2026-02-16 09:30:00+00:00,99930.30900479878
2026-02-16 09:45:00+00:00,99930.30900479878
2026-02-16 10:00:00+00:00,99930.30900479878
2026-02-16 10:15:00+00:00,99930.30900479878
2026-02-16 10:30:00+00:00,99930.30900479878
2026-02-16 10:45:00+00:00,99930.30900479878
2026-02-16 11:00:00+00:00,99930.30900479878
2026-02-16 11:15:00+00:00,99930.30900479878
2026-02-16 11:30:00+00:00,99930.30900479878
2026-02-16 11:45:00+00:00,99930.30900479878
2026-02-16 12:00:00+00:00,99930.30900479878
2026-02-16 12:15:00+00:00,99917.10127301553
2026-02-16 12:30:00+00:00,99900.8802004202
2026-02-16 12:45:00+00:00,99900.8802004202
2026-02-16 13:00:00+00:00,99900.8802004202
2026-02-16 13:15:00+00:00,99900.8802004202
2026-02-16 13:30:00+00:00,99900.8802004202
2026-02-16 13:45:00+00:00,99900.8802004202
2026-02-16 14:00:00+00:00,99900.8802004202
2026-02-16 14:15:00+00:00,99900.8802004202
2026-02-16 14:30:00+00:00,99900.8802004202
2026-02-16 14:45:00+00:00,99900.8802004202
2026-02-16 15:00:00+00:00,99900.8802004202
2026-02-16 15:15:00+00:00,99900.8802004202
2026-02-16 15:30:00+00:00,99900.8802004202
2026-02-16 15:45:00+00:00,99900.8802004202
2026-02-16 16:00:00+00:00,99900.8802004202
2026-02-16 16:15:00+00:00,99900.8802004202
2026-02-16 16:30:00+00:00,99900.8802004202
2026-02-16 16:45:00+00:00,99900.8802004202
2026-02-16 17:00:00+00:00,99900.8802004202
2026-02-16 17:15:00+00:00,99900.8802004202
2026-02-16 17:30:00+00:00,99900.8802004202
2026-02-16 17:45:00+00:00,99900.8802004202
2026-02-16 18:00:00+00:00,99900.8802004202
2026-02-16 18:15:00+00:00,99900.8802004202
2026-02-16 18:30:00+00:00,99900.8802004202
2026-02-16 18:45:00+00:00,99900.8802004202
2026-02-16 19:00:00+00:00,99900.8802004202
2026-02-16 19:15:00+00:00,99900.8802004202
2026-02-16 19:30:00+00:00,99900.8802004202
2026-02-16 19:45:00+00:00,99900.8802004202
2026-02-16 20:00:00+00:00,99900.8802004202
2026-02-16 20:15:00+00:00,99900.8802004202
2026-02-16 20:30:00+00:00,99900.8802004202
2026-02-16 20:45:00+00:00,99900.8802004202
2026-02-16 21:00:00+00:00,99900.8802004202
2026-02-16 21:15:00+00:00,99900.8802004202
2026-02-16 21:30:00+00:00,99900.8802004202
2026-02-16 21:45:00+00:00,99900.8802004202
2026-02-16 22:00:00+00:00,99900.8802004202
2026-02-16 22:15:00+00:00,99900.8802004202
2026-02-16 22:30:00+00:00,99900.8802004202
2026-02-16 22:45:00+00:00,99900.8802004202
2026-02-16 23:00:00+00:00,99900.8802004202
2026-02-16 23:15:00+00:00,99900.8802004202
2026-02-16 23:30:00+00:00,99900.8802004202
2026-02-16 23:45:00+00:00,99900.8802004202
2026-02-17 00:00:00+00:00,99900.8802004202
2026-02-17 00:15:00+00:00,99900.8802004202
2026-02-17 00:30:00+00:00,99900.8802004202
2026-02-17 00:45:00+00:00,99900.8802004202
2026-02-17 01:00:00+00:00,99900.8802004202
2026-02-17 01:15:00+00:00,99900.8802004202
2026-02-17 01:30:00+00:00,99900.8802004202
2026-02-17 01:45:00+00:00,99900.8802004202
2026-02-17 02:00:00+00:00,99900.8802004202
2026-02-17 02:15:00+00:00,99900.8802004202
2026-02-17 02:30:00+00:00,99900.8802004202
2026-02-17 02:45:00+00:00,99900.8802004202
2026-02-17 03:00:00+00:00,99900.8802004202
2026-02-17 03:15:00+00:00,99900.8802004202
2026-02-17 03:30:00+00:00,99900.8802004202
2026-02-17 03:45:00+00:00,99900.8802004202
2026-02-17 04:00:00+00:00,99900.8802004202
2026-02-17 04:15:00+00:00,99900.8802004202
2026-02-17 04:30:00+00:00,99900.8802004202
2026-02-17 04:45:00+00:00,99900.8802004202
2026-02-17 05:00:00+00:00,99900.8802004202
2026-02-17 05:15:00+00:00,99900.8802004202
2026-02-17 05:30:00+00:00,99900.8802004202
2026-02-17 05:45:00+00:00,99900.8802004202
2026-02-17 06:00:00+00:00,99900.8802004202
2026-02-17 06:15:00+00:00,99900.8802004202
2026-02-17 06:30:00+00:00,99900.8802004202
2026-02-17 06:45:00+00:00,99900.8802004202
2026-02-17 07:00:00+00:00,99900.8802004202
2026-02-17 07:15:00+00:00,99900.8802004202
2026-02-17 07:30:00+00:00,99900.8802004202
2026-02-17 07:45:00+00:00,99900.8802004202
2026-02-17 08:00:00+00:00,99900.8802004202
2026-02-17 08:15:00+00:00,99900.8802004202
2026-02-17 08:30:00+00:00,99900.8802004202
2026-02-17 08:45:00+00:00,99900.8802004202
2026-02-17 09:00:00+00:00,99900.8802004202
2026-02-17 09:15:00+00:00,99900.8802004202
2026-02-17 09:30:00+00:00,99900.8802004202
2026-02-17 09:45:00+00:00,99900.8802004202
2026-02-17 10:00:00+00:00,99900.8802004202
2026-02-17 10:15:00+00:00,99900.8802004202
2026-02-17 10:30:00+00:00,99900.8802004202
2026-02-17 10:45:00+00:00,99900.8802004202
2026-02-17 11:00:00+00:00,99900.8802004202
2026-02-17 11:15:00+00:00,99900.8802004202
2026-02-17 11:30:00+00:00,99900.8802004202
2026-02-17 11:45:00+00:00,99900.8802004202
2026-02-17 12:00:00+00:00,99900.8802004202
2026-02-17 12:15:00+00:00,99900.8802004202
2026-02-17 12:30:00+00:00,99900.8802004202
2026-02-17 12:45:00+00:00,99900.8802004202
2026-02-17 13:00:00+00:00,99900.8802004202
2026-02-17 13:15:00+00:00,99900.8802004202
2026-02-17 13:30:00+00:00,99900.8802004202
2026-02-17 13:45:00+00:00,99900.8802004202
2026-02-17 14:00:00+00:00,99900.8802004202
2026-02-17 14:15:00+00:00,99900.8802004202
2026-02-17 14:30:00+00:00,99900.8802004202
2026-02-17 14:45:00+00:00,99900.8802004202
2026-02-17 15:00:00+00:00,99900.8802004202
2026-02-17 15:15:00+00:00,99900.8802004202
2026-02-17 15:30:00+00:00,99900.8802004202
2026-02-17 15:45:00+00:00,99900.8802004202
2026-02-17 16:00:00+00:00,99900.8802004202
2026-02-17 16:15:00+00:00,99900.8802004202
2026-02-17 16:30:00+00:00,99900.8802004202
2026-02-17 16:45:00+00:00,99900.8802004202
2026-02-17 17:00:00+00:00,99900.8802004202
2026-02-17 17:15:00+00:00,99900.8802004202
2026-02-17 17:30:00+00:00,99900.8802004202
2026-02-17 17:45:00+00:00,99900.8802004202
2026-02-17 18:00:00+00:00,99900.8802004202
2026-02-17 18:15:00+00:00,99900.8802004202
2026-02-17 18:30:00+00:00,99900.8802004202
2026-02-17 18:45:00+00:00,99900.8802004202
2026-02-17 19:00:00+00:00,99900.8802004202
2026-02-17 19:15:00+00:00,99900.8802004202
2026-02-17 19:30:00+00:00,99900.8802004202
2026-02-17 19:45:00+00:00,99900.8802004202
2026-02-17 20:00:00+00:00,99900.8802004202
2026-02-17 20:15:00+00:00,99900.8802004202
2026-02-17 20:30:00+00:00,99900.8802004202
2026-02-17 20:45:00+00:00,99900.8802004202
2026-02-17 21:00:00+00:00,99900.8802004202
2026-02-17 21:15:00+00:00,99900.8802004202
2026-02-17 21:30:00+00:00,99900.8802004202
2026-02-17 21:45:00+00:00,99900.8802004202
2026-02-17 22:00:00+00:00,99900.8802004202
2026-02-17 22:15:00+00:00,99900.8802004202
2026-02-17 22:30:00+00:00,99900.8802004202
2026-02-17 22:45:00+00:00,99900.8802004202
2026-02-17 23:00:00+00:00,99900.8802004202
2026-02-17 23:15:00+00:00,99900.8802004202
2026-02-17 23:30:00+00:00,99900.8802004202
2026-02-17 23:45:00+00:00,99900.8802004202
2026-02-18 00:00:00+00:00,99900.8802004202
2026-02-18 00:15:00+00:00,99900.8802004202
2026-02-18 00:30:00+00:00,99900.8802004202
2026-02-18 00:45:00+00:00,99900.8802004202
2026-02-18 01:00:00+00:00,99900.8802004202
2026-02-18 01:15:00+00:00,99900.8802004202
2026-02-18 01:30:00+00:00,99900.8802004202
2026-02-18 01:45:00+00:00,99900.8802004202
2026-02-18 02:00:00+00:00,99900.8802004202
2026-02-18 02:15:00+00:00,99900.8802004202
2026-02-18 02:30:00+00:00,99900.8802004202
2026-02-18 02:45:00+00:00,99900.8802004202
2026-02-18 03:00:00+00:00,99900.8802004202
2026-02-18 03:15:00+00:00,99900.8802004202
2026-02-18 03:30:00+00:00,99900.8802004202
2026-02-18 03:45:00+00:00,99900.8802004202
2026-02-18 04:00:00+00:00,99900.8802004202
2026-02-18 04:15:00+00:00,99900.8802004202
2026-02-18 04:30:00+00:00,99900.8802004202
2026-02-18 04:45:00+00:00,99900.8802004202
2026-02-18 05:00:00+00:00,99900.8802004202
2026-02-18 05:15:00+00:00,99900.8802004202
2026-02-18 05:30:00+00:00,99900.8802004202
2026-02-18 05:45:00+00:00,99900.8802004202
2026-02-18 06:00:00+00:00,99900.8802004202
2026-02-18 06:15:00+00:00,99900.8802004202
2026-02-18 06:30:00+00:00,99900.8802004202
2026-02-18 06:45:00+00:00,99900.8802004202
2026-02-18 07:00:00+00:00,99900.8802004202
2026-02-18 07:15:00+00:00,99900.8802004202
2026-02-18 07:30:00+00:00,99900.8802004202
2026-02-18 07:45:00+00:00,99900.8802004202
2026-02-18 08:00:00+00:00,99900.8802004202
2026-02-18 08:15:00+00:00,99900.8802004202
2026-02-18 08:30:00+00:00,99900.8802004202
2026-02-18 08:45:00+00:00,99900.8802004202
2026-02-18 09:00:00+00:00,99900.8802004202
2026-02-18 09:15:00+00:00,99900.8802004202
2026-02-18 09:30:00+00:00,99900.8802004202
2026-02-18 09:45:00+00:00,99900.8802004202
2026-02-18 10:00:00+00:00,99900.8802004202
2026-02-18 10:15:00+00:00,99900.8802004202
2026-02-18 10:30:00+00:00,99900.8802004202
2026-02-18 10:45:00+00:00,99900.8802004202
2026-02-18 11:00:00+00:00,99900.8802004202
2026-02-18 11:15:00+00:00,99900.8802004202
2026-02-18 11:30:00+00:00,99900.8802004202
2026-02-18 11:45:00+00:00,99900.8802004202
2026-02-18 12:00:00+00:00,99900.8802004202
2026-02-18 12:15:00+00:00,99900.8802004202
2026-02-18 12:30:00+00:00,99900.8802004202
2026-02-18 12:45:00+00:00,99900.8802004202
2026-02-18 13:00:00+00:00,99900.8802004202
2026-02-18 13:15:00+00:00,99900.8802004202
2026-02-18 13:30:00+00:00,99900.8802004202
2026-02-18 13:45:00+00:00,99900.8802004202
2026-02-18 14:00:00+00:00,99900.8802004202
2026-02-18 14:15:00+00:00,99900.8802004202
2026-02-18 14:30:00+00:00,99900.8802004202
2026-02-18 14:45:00+00:00,99900.8802004202
2026-02-18 15:00:00+00:00,99900.8802004202
2026-02-18 15:15:00+00:00,99900.8802004202
2026-02-18 15:30:00+00:00,99900.8802004202
2026-02-18 15:45:00+00:00,99900.8802004202
2026-02-18 16:00:00+00:00,99900.8802004202
2026-02-18 16:15:00+00:00,99900.8802004202
2026-02-18 16:30:00+00:00,99900.8802004202
2026-02-18 16:45:00+00:00,99900.8802004202
2026-02-18 17:00:00+00:00,99900.8802004202
2026-02-18 17:15:00+00:00,99900.8802004202
2026-02-18 17:30:00+00:00,99900.8802004202
2026-02-18 17:45:00+00:00,99900.8802004202
2026-02-18 18:00:00+00:00,99900.8802004202
2026-02-18 18:15:00+00:00,99900.8802004202
2026-02-18 18:30:00+00:00,99900.8802004202
2026-02-18 18:45:00+00:00,99900.8802004202
2026-02-18 19:00:00+00:00,99900.8802004202
2026-02-18 19:15:00+00:00,99900.8802004202
2026-02-18 19:30:00+00:00,99900.8802004202
2026-02-18 19:45:00+00:00,99900.8802004202
2026-02-18 20:00:00+00:00,99900.8802004202
2026-02-18 20:15:00+00:00,99900.8802004202
2026-02-18 20:30:00+00:00,99900.8802004202
2026-02-18 20:45:00+00:00,99900.8802004202
2026-02-18 21:00:00+00:00,99900.8802004202
2026-02-18 21:15:00+00:00,99900.8802004202
2026-02-18 21:30:00+00:00,99900.8802004202
2026-02-18 21:45:00+00:00,99900.8802004202
2026-02-18 22:00:00+00:00,99900.8802004202
2026-02-18 22:15:00+00:00,99900.8802004202
2026-02-18 22:30:00+00:00,99900.8802004202
2026-02-18 22:45:00+00:00,99900.8802004202
2026-02-18 23:00:00+00:00,99900.8802004202
2026-02-18 23:15:00+00:00,99900.8802004202
2026-02-18 23:30:00+00:00,99900.8802004202
2026-02-18 23:45:00+00:00,99900.8802004202
2026-02-19 00:00:00+00:00,99900.8802004202
2026-02-19 00:15:00+00:00,99900.8802004202
2026-02-19 00:30:00+00:00,99900.8802004202
2026-02-19 00:45:00+00:00,99900.8802004202
2026-02-19 01:00:00+00:00,99900.8802004202
2026-02-19 01:15:00+00:00,99900.8802004202
2026-02-19 01:30:00+00:00,99900.8802004202
2026-02-19 01:45:00+00:00,99900.8802004202
2026-02-19 02:00:00+00:00,99900.8802004202
2026-02-19 02:15:00+00:00,99900.8802004202
2026-02-19 02:30:00+00:00,99900.8802004202
2026-02-19 02:45:00+00:00,99900.8802004202
2026-02-19 03:00:00+00:00,99900.8802004202
2026-02-19 03:15:00+00:00,99900.8802004202
2026-02-19 03:30:00+00:00,99900.8802004202
2026-02-19 03:45:00+00:00,99900.8802004202
2026-02-19 04:00:00+00:00,99900.8802004202
2026-02-19 04:15:00+00:00,99900.8802004202
2026-02-19 04:30:00+00:00,99900.8802004202
2026-02-19 04:45:00+00:00,99900.8802004202
2026-02-19 05:00:00+00:00,99900.8802004202
2026-02-19 05:15:00+00:00,99900.8802004202
2026-02-19 05:30:00+00:00,99900.8802004202
2026-02-19 05:45:00+00:00,99900.8802004202
2026-02-19 06:00:00+00:00,99900.8802004202
2026-02-19 06:15:00+00:00,99900.8802004202
2026-02-19 06:30:00+00:00,99900.8802004202
2026-02-19 06:45:00+00:00,99900.8802004202
2026-02-19 07:00:00+00:00,99900.8802004202
2026-02-19 07:15:00+00:00,99900.8802004202
2026-02-19 07:30:00+00:00,99900.8802004202
2026-02-19 07:45:00+00:00,99900.8802004202
2026-02-19 08:00:00+00:00,99900.8802004202
2026-02-19 08:15:00+00:00,99900.8802004202
2026-02-19 08:30:00+00:00,99900.8802004202
2026-02-19 08:45:00+00:00,99900.8802004202
2026-02-19 09:00:00+00:00,99900.8802004202
2026-02-19 09:15:00+00:00,99900.8802004202
2026-02-19 09:30:00+00:00,99900.8802004202
2026-02-19 09:45:00+00:00,99900.8802004202
2026-02-19 10:00:00+00:00,99900.8802004202
2026-02-19 10:15:00+00:00,99900.8802004202
2026-02-19 10:30:00+00:00,99900.8802004202
2026-02-19 10:45:00+00:00,99900.8802004202
2026-02-19 11:00:00+00:00,99900.8802004202
2026-02-19 11:15:00+00:00,99900.8802004202
2026-02-19 11:30:00+00:00,99900.8802004202
2026-02-19 11:45:00+00:00,99900.8802004202
2026-02-19 12:00:00+00:00,99900.8802004202
2026-02-19 12:15:00+00:00,99900.8802004202
2026-02-19 12:30:00+00:00,99900.8802004202
2026-02-19 12:45:00+00:00,99900.8802004202
2026-02-19 13:00:00+00:00,99900.8802004202
2026-02-19 13:15:00+00:00,99900.8802004202
2026-02-19 13:30:00+00:00,99900.8802004202
2026-02-19 13:45:00+00:00,99900.8802004202
2026-02-19 14:00:00+00:00,99900.8802004202
2026-02-19 14:15:00+00:00,99900.8802004202
2026-02-19 14:30:00+00:00,99900.8802004202
2026-02-19 14:45:00+00:00,99900.8802004202
2026-02-19 15:00:00+00:00,99900.8802004202
2026-02-19 15:15:00+00:00,99900.8802004202
2026-02-19 15:30:00+00:00,99900.8802004202
2026-02-19 15:45:00+00:00,99900.8802004202
2026-02-19 16:00:00+00:00,99900.8802004202
2026-02-19 16:15:00+00:00,99900.8802004202
2026-02-19 16:30:00+00:00,99900.8802004202
2026-02-19 16:45:00+00:00,99900.8802004202
2026-02-19 17:00:00+00:00,99900.8802004202
2026-02-19 17:15:00+00:00,99900.8802004202
2026-02-19 17:30:00+00:00,99900.8802004202
2026-02-19 17:45:00+00:00,99900.8802004202
2026-02-19 18:00:00+00:00,99900.8802004202
2026-02-19 18:15:00+00:00,99900.8802004202
2026-02-19 18:30:00+00:00,99900.8802004202
2026-02-19 18:45:00+00:00,99900.8802004202
2026-02-19 19:00:00+00:00,99900.8802004202
2026-02-19 19:15:00+00:00,99900.8802004202
2026-02-19 19:30:00+00:00,99900.8802004202
2026-02-19 19:45:00+00:00,99900.8802004202
2026-02-19 20:00:00+00:00,99900.8802004202
2026-02-19 20:15:00+00:00,99900.8802004202
2026-02-19 20:30:00+00:00,99900.8802004202
2026-02-19 20:45:00+00:00,99900.8802004202
2026-02-19 21:00:00+00:00,99900.8802004202
2026-02-19 21:15:00+00:00,99900.8802004202
2026-02-19 21:30:00+00:00,99900.8802004202
2026-02-19 21:45:00+00:00,99900.8802004202
2026-02-19 22:00:00+00:00,99900.8802004202
2026-02-19 22:15:00+00:00,99900.8802004202
2026-02-19 22:30:00+00:00,99900.8802004202
2026-02-19 22:45:00+00:00,99900.8802004202
2026-02-19 23:00:00+00:00,99900.8802004202
2026-02-19 23:15:00+00:00,99900.8802004202
2026-02-19 23:30:00+00:00,99900.8802004202
2026-02-19 23:45:00+00:00,99900.8802004202
2026-02-20 00:00:00+00:00,99900.8802004202
2026-02-20 00:15:00+00:00,99896.48067471143
2026-02-20 00:30:00+00:00,99898.8149876032
2026-02-20 00:45:00+00:00,99900.0421197344
2026-02-20 01:00:00+00:00,99897.65513424469
2026-02-20 01:15:00+00:00,99900.46776002414
2026-02-20 01:30:00+00:00,99897.77283971332
2026-02-20 01:45:00+00:00,99898.89851771612
2026-02-20 02:00:00+00:00,99898.86644548939
2026-02-20 02:15:00+00:00,99894.14396619107
2026-02-20 02:30:00+00:00,99894.14396619107
2026-02-20 02:45:00+00:00,99894.14396619107
2026-02-20 03:00:00+00:00,99894.14396619107
2026-02-20 03:15:00+00:00,99894.14396619107
2026-02-20 03:30:00+00:00,99894.14396619107
2026-02-20 03:45:00+00:00,99894.14396619107
2026-02-20 04:00:00+00:00,99894.14396619107
2026-02-20 04:15:00+00:00,99894.14396619107
2026-02-20 04:30:00+00:00,99894.14396619107
2026-02-20 04:45:00+00:00,99894.14396619107
2026-02-20 05:00:00+00:00,99894.14396619107
2026-02-20 05:15:00+00:00,99894.14396619107
2026-02-20 05:30:00+00:00,99894.14396619107
2026-02-20 05:45:00+00:00,99894.14396619107
2026-02-20 06:00:00+00:00,99894.14396619107
2026-02-20 06:15:00+00:00,99894.14396619107
2026-02-20 06:30:00+00:00,99894.14396619107
2026-02-20 06:45:00+00:00,99894.14396619107
2026-02-20 07:00:00+00:00,99894.14396619107
2026-02-20 07:15:00+00:00,99894.14396619107
2026-02-20 07:30:00+00:00,99894.14396619107
2026-02-20 07:45:00+00:00,99894.14396619107
2026-02-20 08:00:00+00:00,99894.14396619107
2026-02-20 08:15:00+00:00,99894.14396619107
2026-02-20 08:30:00+00:00,99894.14396619107
2026-02-20 08:45:00+00:00,99894.14396619107
2026-02-20 09:00:00+00:00,99894.14396619107
2026-02-20 09:15:00+00:00,99894.14396619107
2026-02-20 09:30:00+00:00,99894.14396619107
2026-02-20 09:45:00+00:00,99894.14396619107
2026-02-20 10:00:00+00:00,99894.14396619107
2026-02-20 10:15:00+00:00,99894.14396619107
2026-02-20 10:30:00+00:00,99894.14396619107
2026-02-20 10:45:00+00:00,99894.14396619107
2026-02-20 11:00:00+00:00,99894.14396619107
2026-02-20 11:15:00+00:00,99894.14396619107
2026-02-20 11:30:00+00:00,99894.14396619107
2026-02-20 11:45:00+00:00,99894.14396619107
2026-02-20 12:00:00+00:00,99894.14396619107
2026-02-20 12:15:00+00:00,99894.14396619107
2026-02-20 12:30:00+00:00,99894.14396619107
2026-02-20 12:45:00+00:00,99894.14396619107
2026-02-20 13:00:00+00:00,99894.14396619107
2026-02-20 13:15:00+00:00,99894.14396619107
2026-02-20 13:30:00+00:00,99894.14396619107
2026-02-20 13:45:00+00:00,99894.14396619107
2026-02-20 14:00:00+00:00,99894.14396619107
2026-02-20 14:15:00+00:00,99894.14396619107
2026-02-20 14:30:00+00:00,99894.14396619107
2026-02-20 14:45:00+00:00,99894.14396619107
2026-02-20 15:00:00+00:00,99894.14396619107
2026-02-20 15:15:00+00:00,99894.14396619107
2026-02-20 15:30:00+00:00,99894.14396619107
2026-02-20 15:45:00+00:00,99894.14396619107
2026-02-20 16:00:00+00:00,99894.14396619107
2026-02-20 16:15:00+00:00,99894.14396619107
2026-02-20 16:30:00+00:00,99894.14396619107
2026-02-20 16:45:00+00:00,99894.14396619107
2026-02-20 17:00:00+00:00,99894.14396619107
2026-02-20 17:15:00+00:00,99894.14396619107
2026-02-20 17:30:00+00:00,99894.14396619107
2026-02-20 17:45:00+00:00,99894.14396619107
2026-02-20 18:00:00+00:00,99894.14396619107
2026-02-20 18:15:00+00:00,99894.14396619107
2026-02-20 18:30:00+00:00,99894.14396619107
2026-02-20 18:45:00+00:00,99894.14396619107
2026-02-20 19:00:00+00:00,99894.14396619107
2026-02-20 19:15:00+00:00,99894.14396619107
2026-02-20 19:30:00+00:00,99894.14396619107
2026-02-20 19:45:00+00:00,99894.14396619107
2026-02-20 20:00:00+00:00,99894.14396619107
2026-02-20 20:15:00+00:00,99894.14396619107
2026-02-20 20:30:00+00:00,99894.14396619107
2026-02-20 20:45:00+00:00,99894.14396619107
2026-02-20 21:00:00+00:00,99894.14396619107
2026-02-20 21:15:00+00:00,99894.14396619107
2026-02-20 21:30:00+00:00,99894.14396619107
2026-02-20 21:45:00+00:00,99894.14396619107
2026-02-20 22:00:00+00:00,99894.14396619107
2026-02-20 22:15:00+00:00,99894.14396619107
2026-02-20 22:30:00+00:00,99894.14396619107
2026-02-20 22:45:00+00:00,99894.14396619107
2026-02-20 23:00:00+00:00,99894.14396619107
2026-02-20 23:15:00+00:00,99894.14396619107
2026-02-20 23:30:00+00:00,99894.14396619107
2026-02-20 23:45:00+00:00,99894.14396619107
2026-02-21 00:00:00+00:00,99894.14396619107
2026-02-21 00:15:00+00:00,99894.14396619107
2026-02-21 00:30:00+00:00,99894.14396619107
2026-02-21 00:45:00+00:00,99894.14396619107
2026-02-21 01:00:00+00:00,99894.14396619107
2026-02-21 01:15:00+00:00,99894.14396619107
2026-02-21 01:30:00+00:00,99894.14396619107
2026-02-21 01:45:00+00:00,99894.14396619107
2026-02-21 02:00:00+00:00,99894.14396619107
2026-02-21 02:15:00+00:00,99894.14396619107
2026-02-21 02:30:00+00:00,99894.14396619107
2026-02-21 02:45:00+00:00,99894.14396619107
2026-02-21 03:00:00+00:00,99894.14396619107
2026-02-21 03:15:00+00:00,99894.14396619107
2026-02-21 03:30:00+00:00,99894.14396619107
2026-02-21 03:45:00+00:00,99894.14396619107
2026-02-21 04:00:00+00:00,99894.14396619107
2026-02-21 04:15:00+00:00,99894.14396619107
2026-02-21 04:30:00+00:00,99894.14396619107
2026-02-21 04:45:00+00:00,99894.14396619107
2026-02-21 05:00:00+00:00,99894.14396619107
2026-02-21 05:15:00+00:00,99894.14396619107
2026-02-21 05:30:00+00:00,99894.14396619107
2026-02-21 05:45:00+00:00,99894.14396619107
2026-02-21 06:00:00+00:00,99894.14396619107
2026-02-21 06:15:00+00:00,99894.14396619107
2026-02-21 06:30:00+00:00,99894.14396619107
2026-02-21 06:45:00+00:00,99894.14396619107
2026-02-21 07:00:00+00:00,99894.14396619107
2026-02-21 07:15:00+00:00,99894.14396619107
2026-02-21 07:30:00+00:00,99894.14396619107
2026-02-21 07:45:00+00:00,99894.14396619107
2026-02-21 08:00:00+00:00,99894.14396619107
2026-02-21 08:15:00+00:00,99894.14396619107
2026-02-21 08:30:00+00:00,99894.14396619107
2026-02-21 08:45:00+00:00,99894.14396619107
2026-02-21 09:00:00+00:00,99894.14396619107
2026-02-21 09:15:00+00:00,99894.14396619107
2026-02-21 09:30:00+00:00,99894.14396619107
2026-02-21 09:45:00+00:00,99894.14396619107
2026-02-21 10:00:00+00:00,99894.14396619107
2026-02-21 10:15:00+00:00,99894.14396619107
2026-02-21 10:30:00+00:00,99894.14396619107
2026-02-21 10:45:00+00:00,99894.14396619107
2026-02-21 11:00:00+00:00,99894.14396619107
2026-02-21 11:15:00+00:00,99894.14396619107
2026-02-21 11:30:00+00:00,99894.14396619107
2026-02-21 11:45:00+00:00,99894.14396619107
2026-02-21 12:00:00+00:00,99894.14396619107
2026-02-21 12:15:00+00:00,99894.14396619107
2026-02-21 12:30:00+00:00,99894.14396619107
2026-02-21 12:45:00+00:00,99894.14396619107
2026-02-21 13:00:00+00:00,99894.14396619107
2026-02-21 13:15:00+00:00,99894.14396619107
2026-02-21 13:30:00+00:00,99894.14396619107
2026-02-21 13:45:00+00:00,99894.14396619107
2026-02-21 14:00:00+00:00,99894.14396619107
2026-02-21 14:15:00+00:00,99894.14396619107
2026-02-21 14:30:00+00:00,99894.14396619107
2026-02-21 14:45:00+00:00,99894.14396619107
2026-02-21 15:00:00+00:00,99894.14396619107
2026-02-21 15:15:00+00:00,99894.14396619107
2026-02-21 15:30:00+00:00,99894.14396619107
2026-02-21 15:45:00+00:00,99894.14396619107
2026-02-21 16:00:00+00:00,99894.14396619107
2026-02-21 16:15:00+00:00,99894.14396619107
2026-02-21 16:30:00+00:00,99894.14396619107
2026-02-21 16:45:00+00:00,99894.14396619107
2026-02-21 17:00:00+00:00,99894.14396619107
2026-02-21 17:15:00+00:00,99894.14396619107
2026-02-21 17:30:00+00:00,99894.14396619107
2026-02-21 17:45:00+00:00,99894.14396619107
2026-02-21 18:00:00+00:00,99894.14396619107
2026-02-21 18:15:00+00:00,99894.14396619107
2026-02-21 18:30:00+00:00,99894.14396619107
2026-02-21 18:45:00+00:00,99894.14396619107
2026-02-21 19:00:00+00:00,99894.14396619107
2026-02-21 19:15:00+00:00,99894.14396619107
2026-02-21 19:30:00+00:00,99894.14396619107
2026-02-21 19:45:00+00:00,99894.14396619107
2026-02-21 20:00:00+00:00,99894.14396619107
2026-02-21 20:15:00+00:00,99894.14396619107
2026-02-21 20:30:00+00:00,99890.21573182577
2026-02-21 20:45:00+00:00,99877.98776335333
2026-02-21 21:00:00+00:00,99877.98776335333
2026-02-21 21:15:00+00:00,99877.98776335333
2026-02-21 21:30:00+00:00,99877.98776335333
2026-02-21 21:45:00+00:00,99877.98776335333
2026-02-21 22:00:00+00:00,99877.98776335333
2026-02-21 22:15:00+00:00,99877.98776335333
2026-02-21 22:30:00+00:00,99877.98776335333
2026-02-21 22:45:00+00:00,99877.98776335333
2026-02-21 23:00:00+00:00,99877.98776335333
2026-02-21 23:15:00+00:00,99877.98776335333
2026-02-21 23:30:00+00:00,99877.98776335333
2026-02-21 23:45:00+00:00,99877.98776335333
2026-02-22 00:00:00+00:00,99877.98776335333
2026-02-22 00:15:00+00:00,99877.98776335333
2026-02-22 00:30:00+00:00,99877.98776335333
2026-02-22 00:45:00+00:00,99877.98776335333
2026-02-22 01:00:00+00:00,99877.98776335333
2026-02-22 01:15:00+00:00,99877.98776335333
2026-02-22 01:30:00+00:00,99877.98776335333
2026-02-22 01:45:00+00:00,99877.98776335333
2026-02-22 02:00:00+00:00,99877.98776335333
2026-02-22 02:15:00+00:00,99877.98776335333
2026-02-22 02:30:00+00:00,99877.98776335333
2026-02-22 02:45:00+00:00,99877.98776335333
2026-02-22 03:00:00+00:00,99877.98776335333
2026-02-22 03:15:00+00:00,99877.98776335333
2026-02-22 03:30:00+00:00,99877.98776335333
2026-02-22 03:45:00+00:00,99877.98776335333
2026-02-22 04:00:00+00:00,99877.98776335333
2026-02-22 04:15:00+00:00,99877.98776335333
2026-02-22 04:30:00+00:00,99877.98776335333
2026-02-22 04:45:00+00:00,99877.98776335333
2026-02-22 05:00:00+00:00,99877.98776335333
2026-02-22 05:15:00+00:00,99877.98776335333
2026-02-22 05:30:00+00:00,99877.98776335333
2026-02-22 05:45:00+00:00,99877.98776335333
2026-02-22 06:00:00+00:00,99877.98776335333
2026-02-22 06:15:00+00:00,99877.98776335333
2026-02-22 06:30:00+00:00,99877.98776335333
2026-02-22 06:45:00+00:00,99877.98776335333
2026-02-22 07:00:00+00:00,99877.98776335333
2026-02-22 07:15:00+00:00,99877.98776335333
2026-02-22 07:30:00+00:00,99877.98776335333
2026-02-22 07:45:00+00:00,99877.98776335333
2026-02-22 08:00:00+00:00,99877.98776335333
2026-02-22 08:15:00+00:00,99877.98776335333
2026-02-22 08:30:00+00:00,99877.98776335333
2026-02-22 08:45:00+00:00,99877.98776335333
2026-02-22 09:00:00+00:00,99877.98776335333
2026-02-22 09:15:00+00:00,99877.98776335333
2026-02-22 09:30:00+00:00,99877.98776335333
2026-02-22 09:45:00+00:00,99877.98776335333
2026-02-22 10:00:00+00:00,99877.98776335333
2026-02-22 10:15:00+00:00,99877.98776335333
2026-02-22 10:30:00+00:00,99877.98776335333
2026-02-22 10:45:00+00:00,99877.98776335333
2026-02-22 11:00:00+00:00,99877.98776335333
2026-02-22 11:15:00+00:00,99877.98776335333
2026-02-22 11:30:00+00:00,99877.98776335333
2026-02-22 11:45:00+00:00,99877.98776335333
2026-02-22 12:00:00+00:00,99877.98776335333
2026-02-22 12:15:00+00:00,99877.98776335333
2026-02-22 12:30:00+00:00,99877.98776335333
2026-02-22 12:45:00+00:00,99877.98776335333
2026-02-22 13:00:00+00:00,99877.98776335333
2026-02-22 13:15:00+00:00,99877.98776335333
2026-02-22 13:30:00+00:00,99877.98776335333
2026-02-22 13:45:00+00:00,99877.98776335333
2026-02-22 14:00:00+00:00,99877.98776335333
2026-02-22 14:15:00+00:00,99877.98776335333
2026-02-22 14:30:00+00:00,99877.98776335333
2026-02-22 14:45:00+00:00,99877.98776335333
2026-02-22 15:00:00+00:00,99877.98776335333
2026-02-22 15:15:00+00:00,99877.98776335333
2026-02-22 15:30:00+00:00,99877.98776335333
2026-02-22 15:45:00+00:00,99877.98776335333
2026-02-22 16:00:00+00:00,99877.98776335333
2026-02-22 16:15:00+00:00,99877.98776335333
2026-02-22 16:30:00+00:00,99877.98776335333
2026-02-22 16:45:00+00:00,99877.98776335333
2026-02-22 17:00:00+00:00,99877.98776335333
2026-02-22 17:15:00+00:00,99877.98776335333
2026-02-22 17:30:00+00:00,99877.98776335333
2026-02-22 17:45:00+00:00,99877.98776335333
2026-02-22 18:00:00+00:00,99877.98776335333
2026-02-22 18:15:00+00:00,99877.98776335333
2026-02-22 18:30:00+00:00,99877.98776335333
2026-02-22 18:45:00+00:00,99877.98776335333
2026-02-22 19:00:00+00:00,99877.98776335333
2026-02-22 19:15:00+00:00,99877.98776335333
2026-02-22 19:30:00+00:00,99877.98776335333
2026-02-22 19:45:00+00:00,99877.98776335333
2026-02-22 20:00:00+00:00,99877.98776335333
2026-02-22 20:15:00+00:00,99877.98776335333
2026-02-22 20:30:00+00:00,99877.98776335333
2026-02-22 20:45:00+00:00,99877.98776335333
2026-02-22 21:00:00+00:00,99877.98776335333
2026-02-22 21:15:00+00:00,99877.98776335333
2026-02-22 21:30:00+00:00,99877.98776335333
2026-02-22 21:45:00+00:00,99877.98776335333
2026-02-22 22:00:00+00:00,99877.98776335333
2026-02-22 22:15:00+00:00,99877.98776335333
2026-02-22 22:30:00+00:00,99877.98776335333
2026-02-22 22:45:00+00:00,99877.98776335333
2026-02-22 23:00:00+00:00,99877.98776335333
2026-02-22 23:15:00+00:00,99877.98776335333
2026-02-22 23:30:00+00:00,99877.98776335333
2026-02-22 23:45:00+00:00,99877.98776335333
2026-02-23 00:00:00+00:00,99877.98776335333
2026-02-23 00:15:00+00:00,99877.98776335333
2026-02-23 00:30:00+00:00,99871.46521689018
2026-02-23 00:45:00+00:00,99850.68501319413
2026-02-23 01:00:00+00:00,99850.68501319413
2026-02-23 01:15:00+00:00,99850.68501319413
2026-02-23 01:30:00+00:00,99850.68501319413
2026-02-23 01:45:00+00:00,99850.68501319413
2026-02-23 02:00:00+00:00,99850.68501319413
2026-02-23 02:15:00+00:00,99850.68501319413
2026-02-23 02:30:00+00:00,99850.68501319413
2026-02-23 02:45:00+00:00,99850.68501319413
2026-02-23 03:00:00+00:00,99850.68501319413
2026-02-23 03:15:00+00:00,99850.68501319413
2026-02-23 03:30:00+00:00,99850.68501319413
2026-02-23 03:45:00+00:00,99850.68501319413
2026-02-23 04:00:00+00:00,99850.68501319413
2026-02-23 04:15:00+00:00,99850.68501319413
2026-02-23 04:30:00+00:00,99850.68501319413
2026-02-23 04:45:00+00:00,99850.68501319413
2026-02-23 05:00:00+00:00,99850.68501319413
2026-02-23 05:15:00+00:00,99850.68501319413
2026-02-23 05:30:00+00:00,99850.68501319413
2026-02-23 05:45:00+00:00,99850.68501319413
2026-02-23 06:00:00+00:00,99850.68501319413
2026-02-23 06:15:00+00:00,99850.68501319413
2026-02-23 06:30:00+00:00,99850.68501319413
2026-02-23 06:45:00+00:00,99850.68501319413
2026-02-23 07:00:00+00:00,99850.68501319413
2026-02-23 07:15:00+00:00,99850.68501319413
2026-02-23 07:30:00+00:00,99850.68501319413
2026-02-23 07:45:00+00:00,99850.68501319413
2026-02-23 08:00:00+00:00,99850.68501319413
2026-02-23 08:15:00+00:00,99850.68501319413
2026-02-23 08:30:00+00:00,99850.68501319413
2026-02-23 08:45:00+00:00,99850.68501319413
2026-02-23 09:00:00+00:00,99850.68501319413
2026-02-23 09:15:00+00:00,99850.68501319413
2026-02-23 09:30:00+00:00,99850.68501319413
2026-02-23 09:45:00+00:00,99850.68501319413
2026-02-23 10:00:00+00:00,99850.68501319413
2026-02-23 10:15:00+00:00,99850.68501319413
2026-02-23 10:30:00+00:00,99850.68501319413
2026-02-23 10:45:00+00:00,99850.68501319413
2026-02-23 11:00:00+00:00,99850.68501319413
2026-02-23 11:15:00+00:00,99850.68501319413
2026-02-23 11:30:00+00:00,99850.68501319413
2026-02-23 11:45:00+00:00,99850.68501319413
2026-02-23 12:00:00+00:00,99850.68501319413
2026-02-23 12:15:00+00:00,99850.68501319413
2026-02-23 12:30:00+00:00,99850.68501319413
2026-02-23 12:45:00+00:00,99850.68501319413
2026-02-23 13:00:00+00:00,99850.68501319413
2026-02-23 13:15:00+00:00,99850.68501319413
2026-02-23 13:30:00+00:00,99850.68501319413
2026-02-23 13:45:00+00:00,99850.68501319413
2026-02-23 14:00:00+00:00,99850.68501319413
2026-02-23 14:15:00+00:00,99850.68501319413
2026-02-23 14:30:00+00:00,99850.68501319413
2026-02-23 14:45:00+00:00,99850.68501319413
2026-02-23 15:00:00+00:00,99850.68501319413
2026-02-23 15:15:00+00:00,99850.68501319413
2026-02-23 15:30:00+00:00,99850.68501319413
2026-02-23 15:45:00+00:00,99850.68501319413
2026-02-23 16:00:00+00:00,99850.68501319413
2026-02-23 16:15:00+00:00,99850.68501319413
2026-02-23 16:30:00+00:00,99850.68501319413
2026-02-23 16:45:00+00:00,99850.68501319413
2026-02-23 17:00:00+00:00,99850.68501319413
2026-02-23 17:15:00+00:00,99850.68501319413
2026-02-23 17:30:00+00:00,99850.68501319413
2026-02-23 17:45:00+00:00,99850.68501319413
2026-02-23 18:00:00+00:00,99850.68501319413
2026-02-23 18:15:00+00:00,99850.68501319413
2026-02-23 18:30:00+00:00,99850.68501319413
2026-02-23 18:45:00+00:00,99850.68501319413
2026-02-23 19:00:00+00:00,99850.68501319413
2026-02-23 19:15:00+00:00,99850.68501319413
2026-02-23 19:30:00+00:00,99850.68501319413
2026-02-23 19:45:00+00:00,99850.68501319413
2026-02-23 20:00:00+00:00,99850.68501319413
2026-02-23 20:15:00+00:00,99850.68501319413
2026-02-23 20:30:00+00:00,99850.68501319413
2026-02-23 20:45:00+00:00,99850.68501319413
2026-02-23 21:00:00+00:00,99850.68501319413
2026-02-23 21:15:00+00:00,99850.68501319413
2026-02-23 21:30:00+00:00,99850.68501319413
2026-02-23 21:45:00+00:00,99850.68501319413
2026-02-23 22:00:00+00:00,99850.68501319413
2026-02-23 22:15:00+00:00,99850.68501319413
2026-02-23 22:30:00+00:00,99850.68501319413
2026-02-23 22:45:00+00:00,99850.68501319413
2026-02-23 23:00:00+00:00,99850.68501319413
2026-02-23 23:15:00+00:00,99850.68501319413
2026-02-23 23:30:00+00:00,99850.68501319413
2026-02-23 23:45:00+00:00,99850.68501319413
2026-02-24 00:00:00+00:00,99850.68501319413
2026-02-24 00:15:00+00:00,99851.52142301992
2026-02-24 00:30:00+00:00,99850.13192740096
2026-02-24 00:45:00+00:00,99849.61328893738
2026-02-24 01:00:00+00:00,99858.27675449342
2026-02-24 01:15:00+00:00,99858.27675449342
2026-02-24 01:30:00+00:00,99858.27675449342
2026-02-24 01:45:00+00:00,99858.27675449342
2026-02-24 02:00:00+00:00,99858.27675449342
2026-02-24 02:15:00+00:00,99858.27675449342
2026-02-24 02:30:00+00:00,99858.27675449342
2026-02-24 02:45:00+00:00,99858.27675449342
2026-02-24 03:00:00+00:00,99858.27675449342
2026-02-24 03:15:00+00:00,99858.27675449342
2026-02-24 03:30:00+00:00,99858.27675449342
2026-02-24 03:45:00+00:00,99858.27675449342
2026-02-24 04:00:00+00:00,99858.27675449342
2026-02-24 04:15:00+00:00,99858.27675449342
2026-02-24 04:30:00+00:00,99858.27675449342
2026-02-24 04:45:00+00:00,99858.27675449342
2026-02-24 05:00:00+00:00,99858.27675449342
2026-02-24 05:15:00+00:00,99858.27675449342
2026-02-24 05:30:00+00:00,99858.27675449342
2026-02-24 05:45:00+00:00,99858.27675449342
2026-02-24 06:00:00+00:00,99858.27675449342
2026-02-24 06:15:00+00:00,99858.27675449342
2026-02-24 06:30:00+00:00,99858.27675449342
2026-02-24 06:45:00+00:00,99858.27675449342
2026-02-24 07:00:00+00:00,99858.27675449342
2026-02-24 07:15:00+00:00,99858.27675449342
2026-02-24 07:30:00+00:00,99858.27675449342
2026-02-24 07:45:00+00:00,99858.27675449342
2026-02-24 08:00:00+00:00,99858.27675449342
2026-02-24 08:15:00+00:00,99858.27675449342
2026-02-24 08:30:00+00:00,99858.27675449342
2026-02-24 08:45:00+00:00,99858.27675449342
2026-02-24 09:00:00+00:00,99858.27675449342
2026-02-24 09:15:00+00:00,99858.27675449342
2026-02-24 09:30:00+00:00,99858.27675449342
2026-02-24 09:45:00+00:00,99858.27675449342
2026-02-24 10:00:00+00:00,99858.27675449342
2026-02-24 10:15:00+00:00,99858.27675449342
2026-02-24 10:30:00+00:00,99858.27675449342
2026-02-24 10:45:00+00:00,99858.27675449342
2026-02-24 11:00:00+00:00,99858.27675449342
2026-02-24 11:15:00+00:00,99858.27675449342
2026-02-24 11:30:00+00:00,99858.27675449342
2026-02-24 11:45:00+00:00,99858.27675449342
2026-02-24 12:00:00+00:00,99858.27675449342
2026-02-24 12:15:00+00:00,99858.27675449342
2026-02-24 12:30:00+00:00,99858.27675449342
2026-02-24 12:45:00+00:00,99858.27675449342
2026-02-24 13:00:00+00:00,99858.27675449342
2026-02-24 13:15:00+00:00,99858.27675449342
2026-02-24 13:30:00+00:00,99858.27675449342
2026-02-24 13:45:00+00:00,99858.27675449342
2026-02-24 14:00:00+00:00,99858.27675449342
2026-02-24 14:15:00+00:00,99858.27675449342
2026-02-24 14:30:00+00:00,99858.27675449342
2026-02-24 14:45:00+00:00,99858.27675449342
2026-02-24 15:00:00+00:00,99858.27675449342
2026-02-24 15:15:00+00:00,99858.27675449342
2026-02-24 15:30:00+00:00,99858.27675449342
2026-02-24 15:45:00+00:00,99858.27675449342
2026-02-24 16:00:00+00:00,99858.27675449342
2026-02-24 16:15:00+00:00,99858.27675449342
2026-02-24 16:30:00+00:00,99858.27675449342
2026-02-24 16:45:00+00:00,99858.27675449342
2026-02-24 17:00:00+00:00,99858.27675449342
2026-02-24 17:15:00+00:00,99858.27675449342
2026-02-24 17:30:00+00:00,99858.27675449342
2026-02-24 17:45:00+00:00,99858.27675449342
2026-02-24 18:00:00+00:00,99858.27675449342
2026-02-24 18:15:00+00:00,99858.27675449342
2026-02-24 18:30:00+00:00,99858.27675449342
2026-02-24 18:45:00+00:00,99858.27675449342
2026-02-24 19:00:00+00:00,99858.27675449342
2026-02-24 19:15:00+00:00,99858.27675449342
2026-02-24 19:30:00+00:00,99858.27675449342
2026-02-24 19:45:00+00:00,99858.27675449342
2026-02-24 20:00:00+00:00,99858.27675449342
2026-02-24 20:15:00+00:00,99858.27675449342
2026-02-24 20:30:00+00:00,99858.27675449342
2026-02-24 20:45:00+00:00,99858.27675449342
2026-02-24 21:00:00+00:00,99858.27675449342
2026-02-24 21:15:00+00:00,99858.27675449342
2026-02-24 21:30:00+00:00,99858.27675449342
2026-02-24 21:45:00+00:00,99858.27675449342
2026-02-24 22:00:00+00:00,99858.27675449342
2026-02-24 22:15:00+00:00,99858.27675449342
2026-02-24 22:30:00+00:00,99858.27675449342
2026-02-24 22:45:00+00:00,99858.27675449342
2026-02-24 23:00:00+00:00,99858.27675449342
2026-02-24 23:15:00+00:00,99858.27675449342
2026-02-24 23:30:00+00:00,99858.27675449342
2026-02-24 23:45:00+00:00,99858.27675449342
2026-02-25 00:00:00+00:00,99858.27675449342
2026-02-25 00:15:00+00:00,99858.27675449342
2026-02-25 00:30:00+00:00,99858.27675449342
2026-02-25 00:45:00+00:00,99858.27675449342
2026-02-25 01:00:00+00:00,99826.04406387496
2026-02-25 01:15:00+00:00,99781.44142945812
2026-02-25 01:30:00+00:00,99781.44142945812
2026-02-25 01:45:00+00:00,99781.44142945812
2026-02-25 02:00:00+00:00,99781.44142945812
2026-02-25 02:15:00+00:00,99781.44142945812
2026-02-25 02:30:00+00:00,99781.44142945812
2026-02-25 02:45:00+00:00,99781.44142945812
2026-02-25 03:00:00+00:00,99781.44142945812
2026-02-25 03:15:00+00:00,99781.44142945812
2026-02-25 03:30:00+00:00,99781.44142945812
2026-02-25 03:45:00+00:00,99781.44142945812
2026-02-25 04:00:00+00:00,99781.44142945812
2026-02-25 04:15:00+00:00,99778.0081415775
2026-02-25 04:30:00+00:00,99776.89071066637
2026-02-25 04:45:00+00:00,99781.01001226893
2026-02-25 05:00:00+00:00,99783.71245949651
2026-02-25 05:15:00+00:00,99786.9721623766
2026-02-25 05:30:00+00:00,99796.20811534028
2026-02-25 05:45:00+00:00,99796.20811534028
2026-02-25 06:00:00+00:00,99796.20811534028
2026-02-25 06:15:00+00:00,99796.20811534028
2026-02-25 06:30:00+00:00,99796.20811534028
2026-02-25 06:45:00+00:00,99796.20811534028
2026-02-25 07:00:00+00:00,99796.20811534028
2026-02-25 07:15:00+00:00,99796.20811534028
2026-02-25 07:30:00+00:00,99796.20811534028
2026-02-25 07:45:00+00:00,99796.20811534028
2026-02-25 08:00:00+00:00,99796.20811534028
2026-02-25 08:15:00+00:00,99796.20811534028
2026-02-25 08:30:00+00:00,99796.20811534028
2026-02-25 08:45:00+00:00,99796.20811534028
2026-02-25 09:00:00+00:00,99796.20811534028
2026-02-25 09:15:00+00:00,99796.20811534028
2026-02-25 09:30:00+00:00,99796.20811534028
2026-02-25 09:45:00+00:00,99796.20811534028
2026-02-25 10:00:00+00:00,99796.20811534028
2026-02-25 10:15:00+00:00,99796.20811534028
2026-02-25 10:30:00+00:00,99796.20811534028
2026-02-25 10:45:00+00:00,99796.20811534028
2026-02-25 11:00:00+00:00,99796.20811534028
2026-02-25 11:15:00+00:00,99796.20811534028
2026-02-25 11:30:00+00:00,99796.20811534028
2026-02-25 11:45:00+00:00,99796.20811534028
2026-02-25 12:00:00+00:00,99796.20811534028
2026-02-25 12:15:00+00:00,99796.20811534028
2026-02-25 12:30:00+00:00,99796.20811534028
2026-02-25 12:45:00+00:00,99796.20811534028
2026-02-25 13:00:00+00:00,99796.20811534028
2026-02-25 13:15:00+00:00,99796.20811534028
2026-02-25 13:30:00+00:00,99796.20811534028
2026-02-25 13:45:00+00:00,99796.20811534028
2026-02-25 14:00:00+00:00,99796.20811534028
2026-02-25 14:15:00+00:00,99796.20811534028
2026-02-25 14:30:00+00:00,99796.20811534028
2026-02-25 14:45:00+00:00,99796.20811534028
2026-02-25 15:00:00+00:00,99796.20811534028
2026-02-25 15:15:00+00:00,99796.20811534028
2026-02-25 15:30:00+00:00,99796.20811534028
2026-02-25 15:45:00+00:00,99796.20811534028
2026-02-25 16:00:00+00:00,99796.20811534028
2026-02-25 16:15:00+00:00,99790.20871562567
2026-02-25 16:30:00+00:00,99788.3923475618
2026-02-25 16:45:00+00:00,99768.48861022398
2026-02-25 17:00:00+00:00,99768.48861022398
2026-02-25 17:15:00+00:00,99768.48861022398
2026-02-25 17:30:00+00:00,99768.48861022398
2026-02-25 17:45:00+00:00,99768.48861022398
2026-02-25 18:00:00+00:00,99768.48861022398
2026-02-25 18:15:00+00:00,99768.48861022398
2026-02-25 18:30:00+00:00,99768.48861022398
2026-02-25 18:45:00+00:00,99768.48861022398
2026-02-25 19:00:00+00:00,99768.48861022398
2026-02-25 19:15:00+00:00,99768.48861022398
2026-02-25 19:30:00+00:00,99768.48861022398
2026-02-25 19:45:00+00:00,99768.48861022398
2026-02-25 20:00:00+00:00,99768.48861022398
2026-02-25 20:15:00+00:00,99768.48861022398
2026-02-25 20:30:00+00:00,99761.47192241056
2026-02-25 20:45:00+00:00,99760.95821367308
2026-02-25 21:00:00+00:00,99764.37265666257
2026-02-25 21:15:00+00:00,99768.43338470743
2026-02-25 21:30:00+00:00,99754.82553234321
2026-02-25 21:45:00+00:00,99754.82553234321
2026-02-25 22:00:00+00:00,99754.82553234321
2026-02-25 22:15:00+00:00,99754.82553234321
2026-02-25 22:30:00+00:00,99754.82553234321
2026-02-25 22:45:00+00:00,99754.82553234321
2026-02-25 23:00:00+00:00,99754.82553234321
2026-02-25 23:15:00+00:00,99754.82553234321
2026-02-25 23:30:00+00:00,99754.82553234321
2026-02-25 23:45:00+00:00,99754.82553234321
2026-02-26 00:00:00+00:00,99754.82553234321
2026-02-26 00:15:00+00:00,99754.82553234321
2026-02-26 00:30:00+00:00,99754.82553234321
2026-02-26 00:45:00+00:00,99754.82553234321
2026-02-26 01:00:00+00:00,99754.82553234321
2026-02-26 01:15:00+00:00,99754.82553234321
2026-02-26 01:30:00+00:00,99754.82553234321
2026-02-26 01:45:00+00:00,99754.82553234321
2026-02-26 02:00:00+00:00,99754.82553234321
2026-02-26 02:15:00+00:00,99754.82553234321
2026-02-26 02:30:00+00:00,99754.82553234321
2026-02-26 02:45:00+00:00,99754.82553234321
2026-02-26 03:00:00+00:00,99754.82553234321
2026-02-26 03:15:00+00:00,99754.82553234321
2026-02-26 03:30:00+00:00,99754.82553234321
2026-02-26 03:45:00+00:00,99754.82553234321
2026-02-26 04:00:00+00:00,99754.82553234321
2026-02-26 04:15:00+00:00,99754.82553234321
2026-02-26 04:30:00+00:00,99754.82553234321
2026-02-26 04:45:00+00:00,99754.82553234321
2026-02-26 05:00:00+00:00,99754.82553234321
2026-02-26 05:15:00+00:00,99754.82553234321
2026-02-26 05:30:00+00:00,99754.82553234321
2026-02-26 05:45:00+00:00,99754.82553234321
2026-02-26 06:00:00+00:00,99754.82553234321
2026-02-26 06:15:00+00:00,99754.82553234321
2026-02-26 06:30:00+00:00,99754.82553234321
2026-02-26 06:45:00+00:00,99754.82553234321
2026-02-26 07:00:00+00:00,99754.82553234321
2026-02-26 07:15:00+00:00,99754.82553234321
2026-02-26 07:30:00+00:00,99754.82553234321
2026-02-26 07:45:00+00:00,99754.82553234321
2026-02-26 08:00:00+00:00,99754.82553234321
2026-02-26 08:15:00+00:00,99754.82553234321
2026-02-26 08:30:00+00:00,99754.82553234321
2026-02-26 08:45:00+00:00,99754.82553234321
2026-02-26 09:00:00+00:00,99754.82553234321
2026-02-26 09:15:00+00:00,99754.82553234321
2026-02-26 09:30:00+00:00,99754.82553234321
2026-02-26 09:45:00+00:00,99754.82553234321
2026-02-26 10:00:00+00:00,99754.82553234321
2026-02-26 10:15:00+00:00,99754.82553234321
2026-02-26 10:30:00+00:00,99754.82553234321
2026-02-26 10:45:00+00:00,99754.82553234321
2026-02-26 11:00:00+00:00,99754.82553234321
2026-02-26 11:15:00+00:00,99754.82553234321
2026-02-26 11:30:00+00:00,99754.82553234321
2026-02-26 11:45:00+00:00,99754.82553234321
2026-02-26 12:00:00+00:00,99754.82553234321
2026-02-26 12:15:00+00:00,99754.82553234321
2026-02-26 12:30:00+00:00,99754.82553234321
2026-02-26 12:45:00+00:00,99754.82553234321
2026-02-26 13:00:00+00:00,99754.82553234321
2026-02-26 13:15:00+00:00,99754.82553234321
2026-02-26 13:30:00+00:00,99754.82553234321
2026-02-26 13:45:00+00:00,99754.82553234321
2026-02-26 14:00:00+00:00,99754.82553234321
2026-02-26 14:15:00+00:00,99754.82553234321
2026-02-26 14:30:00+00:00,99754.82553234321
2026-02-26 14:45:00+00:00,99754.82553234321
2026-02-26 15:00:00+00:00,99754.82553234321
2026-02-26 15:15:00+00:00,99754.82553234321
2026-02-26 15:30:00+00:00,99754.82553234321
2026-02-26 15:45:00+00:00,99754.82553234321
2026-02-26 16:00:00+00:00,99754.82553234321
2026-02-26 16:15:00+00:00,99754.82553234321
2026-02-26 16:30:00+00:00,99754.82553234321
2026-02-26 16:45:00+00:00,99754.82553234321
2026-02-26 17:00:00+00:00,99754.82553234321
2026-02-26 17:15:00+00:00,99754.82553234321
2026-02-26 17:30:00+00:00,99754.82553234321
2026-02-26 17:45:00+00:00,99754.82553234321
2026-02-26 18:00:00+00:00,99754.82553234321
2026-02-26 18:15:00+00:00,99754.82553234321
2026-02-26 18:30:00+00:00,99754.82553234321
2026-02-26 18:45:00+00:00,99754.82553234321
2026-02-26 19:00:00+00:00,99754.82553234321
2026-02-26 19:15:00+00:00,99754.82553234321
2026-02-26 19:30:00+00:00,99754.82553234321
2026-02-26 19:45:00+00:00,99754.82553234321
2026-02-26 20:00:00+00:00,99754.82553234321
2026-02-26 20:15:00+00:00,99754.82553234321
2026-02-26 20:30:00+00:00,99754.82553234321
2026-02-26 20:45:00+00:00,99754.82553234321
2026-02-26 21:00:00+00:00,99754.82553234321
2026-02-26 21:15:00+00:00,99754.82553234321
2026-02-26 21:30:00+00:00,99754.82553234321
2026-02-26 21:45:00+00:00,99754.82553234321
2026-02-26 22:00:00+00:00,99754.82553234321
2026-02-26 22:15:00+00:00,99754.82553234321
2026-02-26 22:30:00+00:00,99754.82553234321
2026-02-26 22:45:00+00:00,99754.82553234321
2026-02-26 23:00:00+00:00,99754.82553234321
2026-02-26 23:15:00+00:00,99754.82553234321
2026-02-26 23:30:00+00:00,99754.82553234321
2026-02-26 23:45:00+00:00,99754.82553234321
2026-02-27 00:00:00+00:00,99754.82553234321
2026-02-27 00:15:00+00:00,99754.82553234321
2026-02-27 00:30:00+00:00,99754.82553234321
2026-02-27 00:45:00+00:00,99754.82553234321
2026-02-27 01:00:00+00:00,99754.82553234321
2026-02-27 01:15:00+00:00,99754.82553234321
2026-02-27 01:30:00+00:00,99754.82553234321
2026-02-27 01:45:00+00:00,99754.82553234321
2026-02-27 02:00:00+00:00,99754.82553234321
2026-02-27 02:15:00+00:00,99754.82553234321
2026-02-27 02:30:00+00:00,99754.82553234321
2026-02-27 02:45:00+00:00,99754.82553234321
2026-02-27 03:00:00+00:00,99754.82553234321
2026-02-27 03:15:00+00:00,99754.82553234321
2026-02-27 03:30:00+00:00,99754.82553234321
2026-02-27 03:45:00+00:00,99754.82553234321
2026-02-27 04:00:00+00:00,99754.82553234321
2026-02-27 04:15:00+00:00,99754.82553234321
2026-02-27 04:30:00+00:00,99754.82553234321
2026-02-27 04:45:00+00:00,99754.82553234321
2026-02-27 05:00:00+00:00,99754.82553234321
2026-02-27 05:15:00+00:00,99754.82553234321
2026-02-27 05:30:00+00:00,99754.82553234321
2026-02-27 05:45:00+00:00,99754.82553234321
2026-02-27 06:00:00+00:00,99754.82553234321
2026-02-27 06:15:00+00:00,99754.82553234321
2026-02-27 06:30:00+00:00,99754.82553234321
2026-02-27 06:45:00+00:00,99754.82553234321
2026-02-27 07:00:00+00:00,99754.82553234321
2026-02-27 07:15:00+00:00,99754.82553234321
2026-02-27 07:30:00+00:00,99754.82553234321
2026-02-27 07:45:00+00:00,99754.82553234321
2026-02-27 08:00:00+00:00,99754.82553234321
2026-02-27 08:15:00+00:00,99754.82553234321
2026-02-27 08:30:00+00:00,99754.82553234321
2026-02-27 08:45:00+00:00,99754.82553234321
2026-02-27 09:00:00+00:00,99754.82553234321
2026-02-27 09:15:00+00:00,99754.82553234321
2026-02-27 09:30:00+00:00,99754.82553234321
2026-02-27 09:45:00+00:00,99754.82553234321
2026-02-27 10:00:00+00:00,99754.82553234321
2026-02-27 10:15:00+00:00,99754.82553234321
2026-02-27 10:30:00+00:00,99754.82553234321
2026-02-27 10:45:00+00:00,99754.82553234321
2026-02-27 11:00:00+00:00,99754.82553234321
2026-02-27 11:15:00+00:00,99754.82553234321
2026-02-27 11:30:00+00:00,99754.82553234321
2026-02-27 11:45:00+00:00,99754.82553234321
2026-02-27 12:00:00+00:00,99754.82553234321
2026-02-27 12:15:00+00:00,99754.82553234321
2026-02-27 12:30:00+00:00,99754.82553234321
2026-02-27 12:45:00+00:00,99754.82553234321
2026-02-27 13:00:00+00:00,99754.82553234321
2026-02-27 13:15:00+00:00,99754.82553234321
2026-02-27 13:30:00+00:00,99754.82553234321
2026-02-27 13:45:00+00:00,99754.82553234321
2026-02-27 14:00:00+00:00,99754.82553234321
2026-02-27 14:15:00+00:00,99754.82553234321
2026-02-27 14:30:00+00:00,99754.82553234321
2026-02-27 14:45:00+00:00,99754.82553234321
2026-02-27 15:00:00+00:00,99754.82553234321
2026-02-27 15:15:00+00:00,99754.82553234321
2026-02-27 15:30:00+00:00,99754.82553234321
2026-02-27 15:45:00+00:00,99754.82553234321
2026-02-27 16:00:00+00:00,99754.82553234321
2026-02-27 16:15:00+00:00,99754.82553234321
2026-02-27 16:30:00+00:00,99754.82553234321
2026-02-27 16:45:00+00:00,99754.82553234321
2026-02-27 17:00:00+00:00,99754.82553234321
2026-02-27 17:15:00+00:00,99754.82553234321
2026-02-27 17:30:00+00:00,99754.82553234321
2026-02-27 17:45:00+00:00,99754.82553234321
2026-02-27 18:00:00+00:00,99754.82553234321
2026-02-27 18:15:00+00:00,99754.82553234321
2026-02-27 18:30:00+00:00,99754.82553234321
2026-02-27 18:45:00+00:00,99754.82553234321
2026-02-27 19:00:00+00:00,99754.82553234321
2026-02-27 19:15:00+00:00,99754.82553234321
2026-02-27 19:30:00+00:00,99754.82553234321
2026-02-27 19:45:00+00:00,99754.82553234321
2026-02-27 20:00:00+00:00,99754.82553234321
2026-02-27 20:15:00+00:00,99754.82553234321
2026-02-27 20:30:00+00:00,99754.82553234321
2026-02-27 20:45:00+00:00,99754.82553234321
2026-02-27 21:00:00+00:00,99754.82553234321
2026-02-27 21:15:00+00:00,99754.82553234321
2026-02-27 21:30:00+00:00,99754.82553234321
2026-02-27 21:45:00+00:00,99754.82553234321
2026-02-27 22:00:00+00:00,99754.82553234321
2026-02-27 22:15:00+00:00,99754.82553234321
2026-02-27 22:30:00+00:00,99754.82553234321
2026-02-27 22:45:00+00:00,99754.82553234321
2026-02-27 23:00:00+00:00,99754.82553234321
2026-02-27 23:15:00+00:00,99754.82553234321
2026-02-27 23:30:00+00:00,99754.82553234321
2026-02-27 23:45:00+00:00,99754.82553234321
2026-02-28 00:00:00+00:00,99754.82553234321
2026-02-28 00:15:00+00:00,99754.82553234321
2026-02-28 00:30:00+00:00,99754.82553234321
2026-02-28 00:45:00+00:00,99754.82553234321
2026-02-28 01:00:00+00:00,99754.82553234321
2026-02-28 01:15:00+00:00,99754.82553234321
2026-02-28 01:30:00+00:00,99754.82553234321
2026-02-28 01:45:00+00:00,99754.82553234321
2026-02-28 02:00:00+00:00,99754.82553234321
2026-02-28 02:15:00+00:00,99754.82553234321
2026-02-28 02:30:00+00:00,99754.82553234321
2026-02-28 02:45:00+00:00,99754.82553234321
2026-02-28 03:00:00+00:00,99754.82553234321
2026-02-28 03:15:00+00:00,99754.82553234321
2026-02-28 03:30:00+00:00,99754.82553234321
2026-02-28 03:45:00+00:00,99754.82553234321
2026-02-28 04:00:00+00:00,99754.82553234321
2026-02-28 04:15:00+00:00,99754.82553234321
2026-02-28 04:30:00+00:00,99754.82553234321
2026-02-28 04:45:00+00:00,99754.82553234321
2026-02-28 05:00:00+00:00,99754.82553234321
2026-02-28 05:15:00+00:00,99754.82553234321
2026-02-28 05:30:00+00:00,99754.82553234321
2026-02-28 05:45:00+00:00,99754.82553234321
2026-02-28 06:00:00+00:00,99754.82553234321
2026-02-28 06:15:00+00:00,99754.82553234321
2026-02-28 06:30:00+00:00,99754.82553234321
2026-02-28 06:45:00+00:00,99754.82553234321
2026-02-28 07:00:00+00:00,99754.82553234321
2026-02-28 07:15:00+00:00,99754.82553234321
2026-02-28 07:30:00+00:00,99754.82553234321
2026-02-28 07:45:00+00:00,99754.82553234321
2026-02-28 08:00:00+00:00,99754.82553234321
2026-02-28 08:15:00+00:00,99754.82553234321
2026-02-28 08:30:00+00:00,99754.82553234321
2026-02-28 08:45:00+00:00,99754.82553234321
2026-02-28 09:00:00+00:00,99754.82553234321
2026-02-28 09:15:00+00:00,99754.82553234321
2026-02-28 09:30:00+00:00,99754.82553234321
2026-02-28 09:45:00+00:00,99754.82553234321
2026-02-28 10:00:00+00:00,99754.82553234321
2026-02-28 10:15:00+00:00,99754.82553234321
2026-02-28 10:30:00+00:00,99754.82553234321
2026-02-28 10:45:00+00:00,99754.82553234321
2026-02-28 11:00:00+00:00,99754.82553234321
2026-02-28 11:15:00+00:00,99754.82553234321
2026-02-28 11:30:00+00:00,99754.82553234321
2026-02-28 11:45:00+00:00,99754.82553234321
2026-02-28 12:00:00+00:00,99754.82553234321
2026-02-28 12:15:00+00:00,99754.82553234321
2026-02-28 12:30:00+00:00,99754.82553234321
2026-02-28 12:45:00+00:00,99754.82553234321
2026-02-28 13:00:00+00:00,99754.82553234321
2026-02-28 13:15:00+00:00,99754.82553234321
2026-02-28 13:30:00+00:00,99754.82553234321
2026-02-28 13:45:00+00:00,99754.82553234321
2026-02-28 14:00:00+00:00,99754.82553234321
2026-02-28 14:15:00+00:00,99754.82553234321
2026-02-28 14:30:00+00:00,99754.82553234321
2026-02-28 14:45:00+00:00,99754.82553234321
2026-02-28 15:00:00+00:00,99754.82553234321
2026-02-28 15:15:00+00:00,99754.82553234321
2026-02-28 15:30:00+00:00,99754.82553234321
2026-02-28 15:45:00+00:00,99754.82553234321
2026-02-28 16:00:00+00:00,99754.82553234321
2026-02-28 16:15:00+00:00,99754.82553234321
2026-02-28 16:30:00+00:00,99754.82553234321
2026-02-28 16:45:00+00:00,99754.82553234321
2026-02-28 17:00:00+00:00,99754.82553234321
2026-02-28 17:15:00+00:00,99754.82553234321
2026-02-28 17:30:00+00:00,99754.82553234321
2026-02-28 17:45:00+00:00,99754.82553234321
2026-02-28 18:00:00+00:00,99754.82553234321
2026-02-28 18:15:00+00:00,99754.82553234321
2026-02-28 18:30:00+00:00,99754.82553234321
2026-02-28 18:45:00+00:00,99754.82553234321
2026-02-28 19:00:00+00:00,99754.82553234321
2026-02-28 19:15:00+00:00,99754.82553234321
2026-02-28 19:30:00+00:00,99754.82553234321
2026-02-28 19:45:00+00:00,99754.82553234321
2026-02-28 20:00:00+00:00,99754.82553234321
2026-02-28 20:15:00+00:00,99754.82553234321
2026-02-28 20:30:00+00:00,99754.82553234321
2026-02-28 20:45:00+00:00,99754.82553234321
2026-02-28 21:00:00+00:00,99754.82553234321
2026-02-28 21:15:00+00:00,99754.82553234321
2026-02-28 21:30:00+00:00,99754.82553234321
2026-02-28 21:45:00+00:00,99754.82553234321
2026-02-28 22:00:00+00:00,99754.82553234321
2026-02-28 22:15:00+00:00,99754.82553234321
2026-02-28 22:30:00+00:00,99754.82553234321
2026-02-28 22:45:00+00:00,99754.82553234321
2026-02-28 23:00:00+00:00,99754.82553234321
2026-02-28 23:15:00+00:00,99754.82553234321
2026-02-28 23:30:00+00:00,99754.82553234321
2026-02-28 23:45:00+00:00,99754.82553234321
2026-03-01 00:00:00+00:00,99754.82553234321
2026-03-01 00:15:00+00:00,99754.82553234321
2026-03-01 00:30:00+00:00,99754.82553234321
2026-03-01 00:45:00+00:00,99754.82553234321
2026-03-01 01:00:00+00:00,99754.82553234321
2026-03-01 01:15:00+00:00,99754.82553234321
2026-03-01 01:30:00+00:00,99754.82553234321
2026-03-01 01:45:00+00:00,99754.82553234321
2026-03-01 02:00:00+00:00,99754.82553234321
2026-03-01 02:15:00+00:00,99754.82553234321
2026-03-01 02:30:00+00:00,99754.82553234321
2026-03-01 02:45:00+00:00,99754.82553234321
2026-03-01 03:00:00+00:00,99754.82553234321
2026-03-01 03:15:00+00:00,99754.82553234321
2026-03-01 03:30:00+00:00,99754.82553234321
2026-03-01 03:45:00+00:00,99754.82553234321
2026-03-01 04:00:00+00:00,99754.82553234321
2026-03-01 04:15:00+00:00,99754.82553234321
2026-03-01 04:30:00+00:00,99754.82553234321
2026-03-01 04:45:00+00:00,99754.82553234321
2026-03-01 05:00:00+00:00,99754.82553234321
2026-03-01 05:15:00+00:00,99754.82553234321
2026-03-01 05:30:00+00:00,99754.82553234321
2026-03-01 05:45:00+00:00,99754.82553234321
2026-03-01 06:00:00+00:00,99754.82553234321
2026-03-01 06:15:00+00:00,99754.82553234321
2026-03-01 06:30:00+00:00,99754.82553234321
2026-03-01 06:45:00+00:00,99754.82553234321
2026-03-01 07:00:00+00:00,99754.82553234321
2026-03-01 07:15:00+00:00,99754.82553234321
2026-03-01 07:30:00+00:00,99754.82553234321
2026-03-01 07:45:00+00:00,99754.82553234321
2026-03-01 08:00:00+00:00,99754.82553234321
2026-03-01 08:15:00+00:00,99754.82553234321
2026-03-01 08:30:00+00:00,99754.82553234321
2026-03-01 08:45:00+00:00,99754.82553234321
2026-03-01 09:00:00+00:00,99754.82553234321
2026-03-01 09:15:00+00:00,99754.82553234321
2026-03-01 09:30:00+00:00,99754.82553234321
2026-03-01 09:45:00+00:00,99754.82553234321
2026-03-01 10:00:00+00:00,99754.82553234321
2026-03-01 10:15:00+00:00,99754.82553234321
2026-03-01 10:30:00+00:00,99754.82553234321
2026-03-01 10:45:00+00:00,99754.82553234321
2026-03-01 11:00:00+00:00,99754.82553234321
2026-03-01 11:15:00+00:00,99754.82553234321
2026-03-01 11:30:00+00:00,99754.82553234321
2026-03-01 11:45:00+00:00,99754.82553234321
2026-03-01 12:00:00+00:00,99754.82553234321
2026-03-01 12:15:00+00:00,99754.82553234321
2026-03-01 12:30:00+00:00,99754.82553234321
2026-03-01 12:45:00+00:00,99754.82553234321
2026-03-01 13:00:00+00:00,99754.82553234321
2026-03-01 13:15:00+00:00,99754.82553234321
2026-03-01 13:30:00+00:00,99754.82553234321
2026-03-01 13:45:00+00:00,99754.82553234321
2026-03-01 14:00:00+00:00,99754.82553234321
2026-03-01 14:15:00+00:00,99754.82553234321
2026-03-01 14:30:00+00:00,99754.82553234321
2026-03-01 14:45:00+00:00,99754.82553234321
2026-03-01 15:00:00+00:00,99754.82553234321
2026-03-01 15:15:00+00:00,99754.82553234321
2026-03-01 15:30:00+00:00,99754.82553234321
2026-03-01 15:45:00+00:00,99754.82553234321
2026-03-01 16:00:00+00:00,99754.82553234321
2026-03-01 16:15:00+00:00,99752.95519055067
2026-03-01 16:30:00+00:00,99757.44988616789
2026-03-01 16:45:00+00:00,99771.08200455543
2026-03-01 17:00:00+00:00,99771.08200455543
2026-03-01 17:15:00+00:00,99771.08200455543
2026-03-01 17:30:00+00:00,99771.08200455543
2026-03-01 17:45:00+00:00,99771.08200455543
2026-03-01 18:00:00+00:00,99771.08200455543
2026-03-01 18:15:00+00:00,99771.08200455543
2026-03-01 18:30:00+00:00,99771.08200455543
2026-03-01 18:45:00+00:00,99771.08200455543
2026-03-01 19:00:00+00:00,99771.08200455543
2026-03-01 19:15:00+00:00,99771.08200455543
2026-03-01 19:30:00+00:00,99771.08200455543
2026-03-01 19:45:00+00:00,99771.08200455543
2026-03-01 20:00:00+00:00,99771.08200455543
2026-03-01 20:15:00+00:00,99767.86227265978
2026-03-01 20:30:00+00:00,99766.57778539973
2026-03-01 20:45:00+00:00,99767.54597913405
2026-03-01 21:00:00+00:00,99772.4922646123
2026-03-01 21:15:00+00:00,99774.37271203162
2026-03-01 21:30:00+00:00,99776.08154845067
2026-03-01 21:45:00+00:00,99775.92544191417
2026-03-01 22:00:00+00:00,99784.10814537971
2026-03-01 22:15:00+00:00,99784.10814537971
2026-03-01 22:30:00+00:00,99784.10814537971
2026-03-01 22:45:00+00:00,99784.10814537971
2026-03-01 23:00:00+00:00,99784.10814537971
2026-03-01 23:15:00+00:00,99784.10814537971
2026-03-01 23:30:00+00:00,99784.10814537971
2026-03-01 23:45:00+00:00,99784.10814537971
2026-03-02 00:00:00+00:00,99784.10814537971
2026-03-02 00:15:00+00:00,99784.10814537971
2026-03-02 00:30:00+00:00,99784.10814537971
2026-03-02 00:45:00+00:00,99784.10814537971
2026-03-02 01:00:00+00:00,99784.10814537971
2026-03-02 01:15:00+00:00,99784.10814537971
2026-03-02 01:30:00+00:00,99784.10814537971
2026-03-02 01:45:00+00:00,99784.10814537971
2026-03-02 02:00:00+00:00,99784.10814537971
2026-03-02 02:15:00+00:00,99784.10814537971
2026-03-02 02:30:00+00:00,99784.10814537971
2026-03-02 02:45:00+00:00,99784.10814537971
2026-03-02 03:00:00+00:00,99784.10814537971
2026-03-02 03:15:00+00:00,99784.10814537971
2026-03-02 03:30:00+00:00,99784.10814537971
2026-03-02 03:45:00+00:00,99784.10814537971
2026-03-02 04:00:00+00:00,99784.10814537971
2026-03-02 04:15:00+00:00,99784.10814537971
2026-03-02 04:30:00+00:00,99784.10814537971
2026-03-02 04:45:00+00:00,99784.10814537971
2026-03-02 05:00:00+00:00,99784.10814537971
2026-03-02 05:15:00+00:00,99784.10814537971
2026-03-02 05:30:00+00:00,99784.10814537971
2026-03-02 05:45:00+00:00,99784.10814537971
2026-03-02 06:00:00+00:00,99784.10814537971
2026-03-02 06:15:00+00:00,99784.10814537971
2026-03-02 06:30:00+00:00,99784.10814537971
2026-03-02 06:45:00+00:00,99784.10814537971
2026-03-02 07:00:00+00:00,99784.10814537971
2026-03-02 07:15:00+00:00,99784.10814537971
2026-03-02 07:30:00+00:00,99784.10814537971
2026-03-02 07:45:00+00:00,99784.10814537971
2026-03-02 08:00:00+00:00,99784.10814537971
2026-03-02 08:15:00+00:00,99784.10814537971
2026-03-02 08:30:00+00:00,99784.10814537971
2026-03-02 08:45:00+00:00,99784.10814537971
2026-03-02 09:00:00+00:00,99784.10814537971
2026-03-02 09:15:00+00:00,99784.10814537971
2026-03-02 09:30:00+00:00,99784.10814537971
2026-03-02 09:45:00+00:00,99784.10814537971
2026-03-02 10:00:00+00:00,99784.10814537971
2026-03-02 10:15:00+00:00,99784.10814537971
2026-03-02 10:30:00+00:00,99784.10814537971
2026-03-02 10:45:00+00:00,99784.10814537971
2026-03-02 11:00:00+00:00,99784.10814537971
2026-03-02 11:15:00+00:00,99784.10814537971
2026-03-02 11:30:00+00:00,99784.10814537971
2026-03-02 11:45:00+00:00,99784.10814537971
2026-03-02 12:00:00+00:00,99784.10814537971
2026-03-02 12:15:00+00:00,99784.10814537971
2026-03-02 12:30:00+00:00,99784.10814537971
2026-03-02 12:45:00+00:00,99784.10814537971
2026-03-02 13:00:00+00:00,99784.10814537971
2026-03-02 13:15:00+00:00,99784.10814537971
2026-03-02 13:30:00+00:00,99784.10814537971
2026-03-02 13:45:00+00:00,99784.10814537971
2026-03-02 14:00:00+00:00,99784.10814537971
2026-03-02 14:15:00+00:00,99784.10814537971
2026-03-02 14:30:00+00:00,99784.10814537971
2026-03-02 14:45:00+00:00,99784.10814537971
2026-03-02 15:00:00+00:00,99784.10814537971
2026-03-02 15:15:00+00:00,99784.10814537971
2026-03-02 15:30:00+00:00,99784.10814537971
2026-03-02 15:45:00+00:00,99784.10814537971
2026-03-02 16:00:00+00:00,99784.10814537971
2026-03-02 16:15:00+00:00,99790.1555546685
2026-03-02 16:30:00+00:00,99779.85676861616
2026-03-02 16:45:00+00:00,99789.1206904046
2026-03-02 17:00:00+00:00,99789.33865556297
2026-03-02 17:15:00+00:00,99789.60128741969
2026-03-02 17:30:00+00:00,99801.71210969608
2026-03-02 17:45:00+00:00,99794.03114305869
2026-03-02 18:00:00+00:00,99794.19727896416
2026-03-02 18:15:00+00:00,99802.08428139982
2026-03-02 18:30:00+00:00,99802.08428139982
2026-03-02 18:45:00+00:00,99802.08428139982
2026-03-02 19:00:00+00:00,99802.08428139982
2026-03-02 19:15:00+00:00,99802.08428139982
2026-03-02 19:30:00+00:00,99802.08428139982
2026-03-02 19:45:00+00:00,99802.08428139982
2026-03-02 20:00:00+00:00,99802.08428139982
2026-03-02 20:15:00+00:00,99802.08428139982
2026-03-02 20:30:00+00:00,99802.08428139982
2026-03-02 20:45:00+00:00,99802.08428139982
2026-03-02 21:00:00+00:00,99802.08428139982
2026-03-02 21:15:00+00:00,99802.08428139982
2026-03-02 21:30:00+00:00,99802.08428139982
2026-03-02 21:45:00+00:00,99802.08428139982
2026-03-02 22:00:00+00:00,99802.08428139982
2026-03-02 22:15:00+00:00,99802.08428139982
2026-03-02 22:30:00+00:00,99802.08428139982
2026-03-02 22:45:00+00:00,99802.08428139982
2026-03-02 23:00:00+00:00,99802.08428139982
2026-03-02 23:15:00+00:00,99802.08428139982
2026-03-02 23:30:00+00:00,99802.08428139982
2026-03-02 23:45:00+00:00,99802.08428139982
2026-03-03 00:00:00+00:00,99802.08428139982
2026-03-03 00:15:00+00:00,99802.08428139982
2026-03-03 00:30:00+00:00,99802.08428139982
2026-03-03 00:45:00+00:00,99802.08428139982
2026-03-03 01:00:00+00:00,99802.08428139982
2026-03-03 01:15:00+00:00,99802.08428139982
2026-03-03 01:30:00+00:00,99802.08428139982
2026-03-03 01:45:00+00:00,99802.08428139982
2026-03-03 02:00:00+00:00,99802.08428139982
2026-03-03 02:15:00+00:00,99802.08428139982
2026-03-03 02:30:00+00:00,99802.08428139982
2026-03-03 02:45:00+00:00,99802.08428139982
2026-03-03 03:00:00+00:00,99802.08428139982
2026-03-03 03:15:00+00:00,99802.08428139982
2026-03-03 03:30:00+00:00,99802.08428139982
2026-03-03 03:45:00+00:00,99802.08428139982
2026-03-03 04:00:00+00:00,99802.08428139982
2026-03-03 04:15:00+00:00,99802.08428139982
2026-03-03 04:30:00+00:00,99802.08428139982
2026-03-03 04:45:00+00:00,99802.08428139982
2026-03-03 05:00:00+00:00,99802.08428139982
2026-03-03 05:15:00+00:00,99802.08428139982
2026-03-03 05:30:00+00:00,99802.08428139982
2026-03-03 05:45:00+00:00,99802.08428139982
2026-03-03 06:00:00+00:00,99802.08428139982
2026-03-03 06:15:00+00:00,99802.08428139982
2026-03-03 06:30:00+00:00,99802.08428139982
2026-03-03 06:45:00+00:00,99802.08428139982
2026-03-03 07:00:00+00:00,99802.08428139982
2026-03-03 07:15:00+00:00,99802.08428139982
2026-03-03 07:30:00+00:00,99802.08428139982
2026-03-03 07:45:00+00:00,99802.08428139982
2026-03-03 08:00:00+00:00,99802.08428139982
2026-03-03 08:15:00+00:00,99802.08428139982
2026-03-03 08:30:00+00:00,99802.08428139982
2026-03-03 08:45:00+00:00,99802.08428139982
2026-03-03 09:00:00+00:00,99802.08428139982
2026-03-03 09:15:00+00:00,99802.08428139982
2026-03-03 09:30:00+00:00,99802.08428139982
2026-03-03 09:45:00+00:00,99802.08428139982
2026-03-03 10:00:00+00:00,99802.08428139982
2026-03-03 10:15:00+00:00,99802.08428139982
2026-03-03 10:30:00+00:00,99802.08428139982
2026-03-03 10:45:00+00:00,99802.08428139982
2026-03-03 11:00:00+00:00,99802.08428139982
2026-03-03 11:15:00+00:00,99802.08428139982
2026-03-03 11:30:00+00:00,99802.08428139982
2026-03-03 11:45:00+00:00,99802.08428139982
2026-03-03 12:00:00+00:00,99802.08428139982
2026-03-03 12:15:00+00:00,99802.08428139982
2026-03-03 12:30:00+00:00,99802.08428139982
2026-03-03 12:45:00+00:00,99802.08428139982
2026-03-03 13:00:00+00:00,99802.08428139982
2026-03-03 13:15:00+00:00,99802.08428139982
2026-03-03 13:30:00+00:00,99802.08428139982
2026-03-03 13:45:00+00:00,99802.08428139982
2026-03-03 14:00:00+00:00,99802.08428139982
2026-03-03 14:15:00+00:00,99802.08428139982
2026-03-03 14:30:00+00:00,99802.08428139982
2026-03-03 14:45:00+00:00,99802.08428139982
2026-03-03 15:00:00+00:00,99802.08428139982
2026-03-03 15:15:00+00:00,99802.08428139982
2026-03-03 15:30:00+00:00,99802.08428139982
2026-03-03 15:45:00+00:00,99802.08428139982
2026-03-03 16:00:00+00:00,99802.08428139982
2026-03-03 16:15:00+00:00,99802.08428139982
2026-03-03 16:30:00+00:00,99802.08428139982
2026-03-03 16:45:00+00:00,99802.08428139982
2026-03-03 17:00:00+00:00,99802.08428139982
2026-03-03 17:15:00+00:00,99802.08428139982
2026-03-03 17:30:00+00:00,99802.08428139982
2026-03-03 17:45:00+00:00,99802.08428139982
2026-03-03 18:00:00+00:00,99802.08428139982
2026-03-03 18:15:00+00:00,99802.08428139982
2026-03-03 18:30:00+00:00,99802.08428139982
2026-03-03 18:45:00+00:00,99802.08428139982
2026-03-03 19:00:00+00:00,99802.08428139982
2026-03-03 19:15:00+00:00,99802.08428139982
2026-03-03 19:30:00+00:00,99802.08428139982
2026-03-03 19:45:00+00:00,99802.08428139982
2026-03-03 20:00:00+00:00,99802.08428139982
2026-03-03 20:15:00+00:00,99802.08428139982
2026-03-03 20:30:00+00:00,99802.08428139982
2026-03-03 20:45:00+00:00,99802.08428139982
2026-03-03 21:00:00+00:00,99802.08428139982
2026-03-03 21:15:00+00:00,99802.08428139982
2026-03-03 21:30:00+00:00,99802.08428139982
2026-03-03 21:45:00+00:00,99802.08428139982
2026-03-03 22:00:00+00:00,99802.08428139982
2026-03-03 22:15:00+00:00,99802.08428139982
2026-03-03 22:30:00+00:00,99802.08428139982
2026-03-03 22:45:00+00:00,99802.08428139982
2026-03-03 23:00:00+00:00,99802.08428139982
2026-03-03 23:15:00+00:00,99802.08428139982
2026-03-03 23:30:00+00:00,99802.08428139982
2026-03-03 23:45:00+00:00,99802.08428139982
2026-03-04 00:00:00+00:00,99802.08428139982
2026-03-04 00:15:00+00:00,99802.08428139982
2026-03-04 00:30:00+00:00,99802.08428139982
2026-03-04 00:45:00+00:00,99802.08428139982
2026-03-04 01:00:00+00:00,99802.08428139982
2026-03-04 01:15:00+00:00,99802.08428139982
2026-03-04 01:30:00+00:00,99802.08428139982
2026-03-04 01:45:00+00:00,99802.08428139982
2026-03-04 02:00:00+00:00,99802.08428139982
2026-03-04 02:15:00+00:00,99802.08428139982
2026-03-04 02:30:00+00:00,99802.08428139982
2026-03-04 02:45:00+00:00,99802.08428139982
2026-03-04 03:00:00+00:00,99802.08428139982
2026-03-04 03:15:00+00:00,99802.08428139982
2026-03-04 03:30:00+00:00,99802.08428139982
2026-03-04 03:45:00+00:00,99802.08428139982
2026-03-04 04:00:00+00:00,99802.08428139982
2026-03-04 04:15:00+00:00,99797.31302355861
2026-03-04 04:30:00+00:00,99798.23732960061
2026-03-04 04:45:00+00:00,99801.4297135354
2026-03-04 05:00:00+00:00,99804.2620535527
2026-03-04 05:15:00+00:00,99802.43751773654
2026-03-04 05:30:00+00:00,99806.56026532497
2026-03-04 05:45:00+00:00,99806.56026532497
2026-03-04 06:00:00+00:00,99806.56026532497
2026-03-04 06:15:00+00:00,99806.56026532497
2026-03-04 06:30:00+00:00,99806.56026532497
2026-03-04 06:45:00+00:00,99806.56026532497
2026-03-04 07:00:00+00:00,99806.56026532497
2026-03-04 07:15:00+00:00,99806.56026532497
2026-03-04 07:30:00+00:00,99806.56026532497
2026-03-04 07:45:00+00:00,99806.56026532497
2026-03-04 08:00:00+00:00,99806.56026532497
2026-03-04 08:15:00+00:00,99806.56026532497
2026-03-04 08:30:00+00:00,99806.56026532497
2026-03-04 08:45:00+00:00,99806.56026532497
2026-03-04 09:00:00+00:00,99806.56026532497
2026-03-04 09:15:00+00:00,99801.55937634528
2026-03-04 09:30:00+00:00,99782.43689442833
2026-03-04 09:45:00+00:00,99782.43689442833
2026-03-04 10:00:00+00:00,99782.43689442833
2026-03-04 10:15:00+00:00,99782.43689442833
2026-03-04 10:30:00+00:00,99782.43689442833
2026-03-04 10:45:00+00:00,99782.43689442833
2026-03-04 11:00:00+00:00,99782.43689442833
2026-03-04 11:15:00+00:00,99782.43689442833
2026-03-04 11:30:00+00:00,99782.43689442833
2026-03-04 11:45:00+00:00,99782.43689442833
2026-03-04 12:00:00+00:00,99782.43689442833
2026-03-04 12:15:00+00:00,99782.43689442833
2026-03-04 12:30:00+00:00,99782.43689442833
2026-03-04 12:45:00+00:00,99782.43689442833
2026-03-04 13:00:00+00:00,99782.43689442833
2026-03-04 13:15:00+00:00,99782.43689442833
2026-03-04 13:30:00+00:00,99782.43689442833
2026-03-04 13:45:00+00:00,99782.43689442833
2026-03-04 14:00:00+00:00,99782.43689442833
2026-03-04 14:15:00+00:00,99782.43689442833
2026-03-04 14:30:00+00:00,99782.43689442833
2026-03-04 14:45:00+00:00,99782.43689442833
2026-03-04 15:00:00+00:00,99782.43689442833
2026-03-04 15:15:00+00:00,99782.43689442833
2026-03-04 15:30:00+00:00,99782.43689442833
2026-03-04 15:45:00+00:00,99782.43689442833
2026-03-04 16:00:00+00:00,99782.43689442833
2026-03-04 16:15:00+00:00,99782.43689442833
2026-03-04 16:30:00+00:00,99782.43689442833
2026-03-04 16:45:00+00:00,99782.43689442833
2026-03-04 17:00:00+00:00,99782.43689442833
2026-03-04 17:15:00+00:00,99782.43689442833
2026-03-04 17:30:00+00:00,99782.43689442833
2026-03-04 17:45:00+00:00,99782.43689442833
2026-03-04 18:00:00+00:00,99782.43689442833
2026-03-04 18:15:00+00:00,99782.43689442833
2026-03-04 18:30:00+00:00,99782.43689442833
2026-03-04 18:45:00+00:00,99782.43689442833
2026-03-04 19:00:00+00:00,99782.43689442833
2026-03-04 19:15:00+00:00,99782.43689442833
2026-03-04 19:30:00+00:00,99782.43689442833
2026-03-04 19:45:00+00:00,99782.43689442833
2026-03-04 20:00:00+00:00,99782.43689442833
2026-03-04 20:15:00+00:00,99782.43689442833
2026-03-04 20:30:00+00:00,99782.43689442833
2026-03-04 20:45:00+00:00,99782.43689442833
2026-03-04 21:00:00+00:00,99782.43689442833
2026-03-04 21:15:00+00:00,99782.43689442833
2026-03-04 21:30:00+00:00,99782.43689442833
2026-03-04 21:45:00+00:00,99782.43689442833
2026-03-04 22:00:00+00:00,99782.43689442833
2026-03-04 22:15:00+00:00,99782.43689442833
2026-03-04 22:30:00+00:00,99782.43689442833
2026-03-04 22:45:00+00:00,99782.43689442833
2026-03-04 23:00:00+00:00,99782.43689442833
2026-03-04 23:15:00+00:00,99782.43689442833
2026-03-04 23:30:00+00:00,99782.43689442833
2026-03-04 23:45:00+00:00,99782.43689442833
2026-03-05 00:00:00+00:00,99782.43689442833
2026-03-05 00:15:00+00:00,99782.43689442833
2026-03-05 00:30:00+00:00,99782.43689442833
2026-03-05 00:45:00+00:00,99782.43689442833
2026-03-05 01:00:00+00:00,99782.43689442833
2026-03-05 01:15:00+00:00,99782.43689442833
2026-03-05 01:30:00+00:00,99782.43689442833
2026-03-05 01:45:00+00:00,99782.43689442833
2026-03-05 02:00:00+00:00,99782.43689442833
2026-03-05 02:15:00+00:00,99782.43689442833
2026-03-05 02:30:00+00:00,99782.43689442833
2026-03-05 02:45:00+00:00,99782.43689442833
2026-03-05 03:00:00+00:00,99782.43689442833
2026-03-05 03:15:00+00:00,99782.43689442833
2026-03-05 03:30:00+00:00,99782.43689442833
2026-03-05 03:45:00+00:00,99782.43689442833
2026-03-05 04:00:00+00:00,99782.43689442833
2026-03-05 04:15:00+00:00,99782.43689442833
2026-03-05 04:30:00+00:00,99782.43689442833
2026-03-05 04:45:00+00:00,99782.43689442833
2026-03-05 05:00:00+00:00,99782.43689442833
2026-03-05 05:15:00+00:00,99782.43689442833
2026-03-05 05:30:00+00:00,99782.43689442833
2026-03-05 05:45:00+00:00,99782.43689442833
2026-03-05 06:00:00+00:00,99782.43689442833
2026-03-05 06:15:00+00:00,99782.43689442833
2026-03-05 06:30:00+00:00,99782.43689442833
2026-03-05 06:45:00+00:00,99782.43689442833
2026-03-05 07:00:00+00:00,99782.43689442833
2026-03-05 07:15:00+00:00,99782.43689442833
2026-03-05 07:30:00+00:00,99782.43689442833
2026-03-05 07:45:00+00:00,99782.43689442833
2026-03-05 08:00:00+00:00,99782.43689442833
2026-03-05 08:15:00+00:00,99782.43689442833
2026-03-05 08:30:00+00:00,99782.43689442833
2026-03-05 08:45:00+00:00,99782.43689442833
2026-03-05 09:00:00+00:00,99782.43689442833
2026-03-05 09:15:00+00:00,99782.43689442833
2026-03-05 09:30:00+00:00,99782.43689442833
2026-03-05 09:45:00+00:00,99782.43689442833
2026-03-05 10:00:00+00:00,99782.43689442833
2026-03-05 10:15:00+00:00,99782.43689442833
2026-03-05 10:30:00+00:00,99782.43689442833
2026-03-05 10:45:00+00:00,99782.43689442833
2026-03-05 11:00:00+00:00,99782.43689442833
2026-03-05 11:15:00+00:00,99782.43689442833
2026-03-05 11:30:00+00:00,99782.43689442833
2026-03-05 11:45:00+00:00,99782.43689442833
2026-03-05 12:00:00+00:00,99782.43689442833
2026-03-05 12:15:00+00:00,99782.43689442833
2026-03-05 12:30:00+00:00,99782.43689442833
2026-03-05 12:45:00+00:00,99782.43689442833
2026-03-05 13:00:00+00:00,99782.43689442833
2026-03-05 13:15:00+00:00,99782.43689442833
2026-03-05 13:30:00+00:00,99782.43689442833
2026-03-05 13:45:00+00:00,99782.43689442833
2026-03-05 14:00:00+00:00,99782.43689442833
2026-03-05 14:15:00+00:00,99782.43689442833
2026-03-05 14:30:00+00:00,99782.43689442833
2026-03-05 14:45:00+00:00,99782.43689442833
2026-03-05 15:00:00+00:00,99782.43689442833
2026-03-05 15:15:00+00:00,99782.43689442833
2026-03-05 15:30:00+00:00,99782.43689442833
2026-03-05 15:45:00+00:00,99782.43689442833
2026-03-05 16:00:00+00:00,99782.43689442833
2026-03-05 16:15:00+00:00,99782.43689442833
2026-03-05 16:30:00+00:00,99782.43689442833
2026-03-05 16:45:00+00:00,99782.43689442833
2026-03-05 17:00:00+00:00,99782.43689442833
2026-03-05 17:15:00+00:00,99782.43689442833
2026-03-05 17:30:00+00:00,99782.43689442833
2026-03-05 17:45:00+00:00,99782.43689442833
2026-03-05 18:00:00+00:00,99782.43689442833
2026-03-05 18:15:00+00:00,99782.43689442833
2026-03-05 18:30:00+00:00,99782.43689442833
2026-03-05 18:45:00+00:00,99782.43689442833
2026-03-05 19:00:00+00:00,99782.43689442833
2026-03-05 19:15:00+00:00,99782.43689442833
2026-03-05 19:30:00+00:00,99782.43689442833
2026-03-05 19:45:00+00:00,99782.43689442833
2026-03-05 20:00:00+00:00,99782.43689442833
2026-03-05 20:15:00+00:00,99782.43689442833
2026-03-05 20:30:00+00:00,99782.43689442833
2026-03-05 20:45:00+00:00,99782.43689442833
2026-03-05 21:00:00+00:00,99782.43689442833
2026-03-05 21:15:00+00:00,99782.43689442833
2026-03-05 21:30:00+00:00,99782.43689442833
2026-03-05 21:45:00+00:00,99782.43689442833
2026-03-05 22:00:00+00:00,99782.43689442833
2026-03-05 22:15:00+00:00,99782.43689442833
2026-03-05 22:30:00+00:00,99782.43689442833
2026-03-05 22:45:00+00:00,99782.43689442833
2026-03-05 23:00:00+00:00,99782.43689442833
2026-03-05 23:15:00+00:00,99782.43689442833
2026-03-05 23:30:00+00:00,99782.43689442833
2026-03-05 23:45:00+00:00,99782.43689442833
2026-03-06 00:00:00+00:00,99782.43689442833
2026-03-06 00:15:00+00:00,99782.43689442833
2026-03-06 00:30:00+00:00,99782.43689442833
2026-03-06 00:45:00+00:00,99782.43689442833
2026-03-06 01:00:00+00:00,99782.43689442833
2026-03-06 01:15:00+00:00,99782.43689442833
2026-03-06 01:30:00+00:00,99782.43689442833
2026-03-06 01:45:00+00:00,99782.43689442833
2026-03-06 02:00:00+00:00,99782.43689442833
2026-03-06 02:15:00+00:00,99782.43689442833
2026-03-06 02:30:00+00:00,99782.43689442833
2026-03-06 02:45:00+00:00,99782.43689442833
2026-03-06 03:00:00+00:00,99782.43689442833
2026-03-06 03:15:00+00:00,99782.43689442833
2026-03-06 03:30:00+00:00,99782.43689442833
2026-03-06 03:45:00+00:00,99782.43689442833
2026-03-06 04:00:00+00:00,99782.43689442833
2026-03-06 04:15:00+00:00,99782.43689442833
2026-03-06 04:30:00+00:00,99782.43689442833
2026-03-06 04:45:00+00:00,99782.43689442833
2026-03-06 05:00:00+00:00,99782.43689442833
2026-03-06 05:15:00+00:00,99782.43689442833
2026-03-06 05:30:00+00:00,99782.43689442833
2026-03-06 05:45:00+00:00,99782.43689442833
2026-03-06 06:00:00+00:00,99782.43689442833
2026-03-06 06:15:00+00:00,99782.43689442833
2026-03-06 06:30:00+00:00,99782.43689442833
2026-03-06 06:45:00+00:00,99782.43689442833
2026-03-06 07:00:00+00:00,99782.43689442833
2026-03-06 07:15:00+00:00,99782.43689442833
2026-03-06 07:30:00+00:00,99782.43689442833
2026-03-06 07:45:00+00:00,99782.43689442833
2026-03-06 08:00:00+00:00,99782.43689442833
2026-03-06 08:15:00+00:00,99782.43689442833
2026-03-06 08:30:00+00:00,99782.43689442833
2026-03-06 08:45:00+00:00,99782.43689442833
2026-03-06 09:00:00+00:00,99782.43689442833
2026-03-06 09:15:00+00:00,99782.43689442833
2026-03-06 09:30:00+00:00,99782.43689442833
2026-03-06 09:45:00+00:00,99782.43689442833
2026-03-06 10:00:00+00:00,99782.43689442833
2026-03-06 10:15:00+00:00,99782.43689442833
2026-03-06 10:30:00+00:00,99782.43689442833
2026-03-06 10:45:00+00:00,99782.43689442833
2026-03-06 11:00:00+00:00,99782.43689442833
2026-03-06 11:15:00+00:00,99782.43689442833
2026-03-06 11:30:00+00:00,99782.43689442833
2026-03-06 11:45:00+00:00,99782.43689442833
2026-03-06 12:00:00+00:00,99782.43689442833
2026-03-06 12:15:00+00:00,99782.43689442833
2026-03-06 12:30:00+00:00,99782.43689442833
2026-03-06 12:45:00+00:00,99782.43689442833
2026-03-06 13:00:00+00:00,99782.43689442833
2026-03-06 13:15:00+00:00,99782.43689442833
2026-03-06 13:30:00+00:00,99782.43689442833
2026-03-06 13:45:00+00:00,99782.43689442833
2026-03-06 14:00:00+00:00,99782.43689442833
2026-03-06 14:15:00+00:00,99782.43689442833
2026-03-06 14:30:00+00:00,99782.43689442833
2026-03-06 14:45:00+00:00,99782.43689442833
2026-03-06 15:00:00+00:00,99782.43689442833
2026-03-06 15:15:00+00:00,99782.43689442833
2026-03-06 15:30:00+00:00,99782.43689442833
2026-03-06 15:45:00+00:00,99782.43689442833
2026-03-06 16:00:00+00:00,99782.43689442833
2026-03-06 16:15:00+00:00,99782.43689442833
2026-03-06 16:30:00+00:00,99782.43689442833
2026-03-06 16:45:00+00:00,99782.43689442833
2026-03-06 17:00:00+00:00,99782.43689442833
2026-03-06 17:15:00+00:00,99782.43689442833
2026-03-06 17:30:00+00:00,99782.43689442833
2026-03-06 17:45:00+00:00,99782.43689442833
2026-03-06 18:00:00+00:00,99782.43689442833
2026-03-06 18:15:00+00:00,99782.43689442833
2026-03-06 18:30:00+00:00,99782.43689442833
2026-03-06 18:45:00+00:00,99782.43689442833
2026-03-06 19:00:00+00:00,99782.43689442833
2026-03-06 19:15:00+00:00,99782.43689442833
2026-03-06 19:30:00+00:00,99782.43689442833
2026-03-06 19:45:00+00:00,99782.43689442833
2026-03-06 20:00:00+00:00,99782.43689442833
2026-03-06 20:15:00+00:00,99782.43689442833
2026-03-06 20:30:00+00:00,99782.43689442833
2026-03-06 20:45:00+00:00,99782.43689442833
2026-03-06 21:00:00+00:00,99782.43689442833
2026-03-06 21:15:00+00:00,99782.43689442833
2026-03-06 21:30:00+00:00,99782.43689442833
2026-03-06 21:45:00+00:00,99782.43689442833
2026-03-06 22:00:00+00:00,99782.43689442833
2026-03-06 22:15:00+00:00,99782.43689442833
2026-03-06 22:30:00+00:00,99782.43689442833
2026-03-06 22:45:00+00:00,99782.43689442833
2026-03-06 23:00:00+00:00,99782.43689442833
2026-03-06 23:15:00+00:00,99782.43689442833
2026-03-06 23:30:00+00:00,99782.43689442833
2026-03-06 23:45:00+00:00,99782.43689442833
2026-03-07 00:00:00+00:00,99782.43689442833
2026-03-07 00:15:00+00:00,99782.43689442833
2026-03-07 00:30:00+00:00,99782.43689442833
2026-03-07 00:45:00+00:00,99782.43689442833
2026-03-07 01:00:00+00:00,99782.43689442833
2026-03-07 01:15:00+00:00,99782.43689442833
2026-03-07 01:30:00+00:00,99782.43689442833
2026-03-07 01:45:00+00:00,99782.43689442833
2026-03-07 02:00:00+00:00,99782.43689442833
2026-03-07 02:15:00+00:00,99782.43689442833
2026-03-07 02:30:00+00:00,99782.43689442833
2026-03-07 02:45:00+00:00,99782.43689442833
2026-03-07 03:00:00+00:00,99782.43689442833
2026-03-07 03:15:00+00:00,99782.43689442833
2026-03-07 03:30:00+00:00,99782.43689442833
2026-03-07 03:45:00+00:00,99782.43689442833
2026-03-07 04:00:00+00:00,99782.43689442833
2026-03-07 04:15:00+00:00,99782.43689442833
2026-03-07 04:30:00+00:00,99782.43689442833
2026-03-07 04:45:00+00:00,99782.43689442833
2026-03-07 05:00:00+00:00,99782.43689442833
2026-03-07 05:15:00+00:00,99782.43689442833
2026-03-07 05:30:00+00:00,99782.43689442833
2026-03-07 05:45:00+00:00,99782.43689442833
2026-03-07 06:00:00+00:00,99782.43689442833
2026-03-07 06:15:00+00:00,99782.43689442833
2026-03-07 06:30:00+00:00,99782.43689442833
2026-03-07 06:45:00+00:00,99782.43689442833
2026-03-07 07:00:00+00:00,99782.43689442833
2026-03-07 07:15:00+00:00,99782.43689442833
2026-03-07 07:30:00+00:00,99782.43689442833
2026-03-07 07:45:00+00:00,99782.43689442833
2026-03-07 08:00:00+00:00,99782.43689442833
2026-03-07 08:15:00+00:00,99782.43689442833
2026-03-07 08:30:00+00:00,99782.43689442833
2026-03-07 08:45:00+00:00,99782.43689442833
2026-03-07 09:00:00+00:00,99782.43689442833
2026-03-07 09:15:00+00:00,99782.43689442833
2026-03-07 09:30:00+00:00,99782.43689442833
2026-03-07 09:45:00+00:00,99782.43689442833
2026-03-07 10:00:00+00:00,99782.43689442833
2026-03-07 10:15:00+00:00,99782.43689442833
2026-03-07 10:30:00+00:00,99782.43689442833
2026-03-07 10:45:00+00:00,99782.43689442833
2026-03-07 11:00:00+00:00,99782.43689442833
2026-03-07 11:15:00+00:00,99782.43689442833
2026-03-07 11:30:00+00:00,99782.43689442833
2026-03-07 11:45:00+00:00,99782.43689442833
2026-03-07 12:00:00+00:00,99782.43689442833
2026-03-07 12:15:00+00:00,99782.43689442833
2026-03-07 12:30:00+00:00,99782.43689442833
2026-03-07 12:45:00+00:00,99782.43689442833
2026-03-07 13:00:00+00:00,99782.43689442833
2026-03-07 13:15:00+00:00,99782.43689442833
2026-03-07 13:30:00+00:00,99782.43689442833
2026-03-07 13:45:00+00:00,99782.43689442833
2026-03-07 14:00:00+00:00,99782.43689442833
2026-03-07 14:15:00+00:00,99782.43689442833
2026-03-07 14:30:00+00:00,99782.43689442833
2026-03-07 14:45:00+00:00,99782.43689442833
2026-03-07 15:00:00+00:00,99782.43689442833
2026-03-07 15:15:00+00:00,99782.43689442833
2026-03-07 15:30:00+00:00,99782.43689442833
2026-03-07 15:45:00+00:00,99782.43689442833
2026-03-07 16:00:00+00:00,99782.43689442833
2026-03-07 16:15:00+00:00,99782.43689442833
2026-03-07 16:30:00+00:00,99782.43689442833
2026-03-07 16:45:00+00:00,99782.43689442833
2026-03-07 17:00:00+00:00,99782.43689442833
2026-03-07 17:15:00+00:00,99782.43689442833
2026-03-07 17:30:00+00:00,99782.43689442833
2026-03-07 17:45:00+00:00,99782.43689442833
2026-03-07 18:00:00+00:00,99782.43689442833
2026-03-07 18:15:00+00:00,99782.43689442833
2026-03-07 18:30:00+00:00,99782.43689442833
2026-03-07 18:45:00+00:00,99782.43689442833
2026-03-07 19:00:00+00:00,99782.43689442833
2026-03-07 19:15:00+00:00,99782.43689442833
2026-03-07 19:30:00+00:00,99782.43689442833
2026-03-07 19:45:00+00:00,99782.43689442833
2026-03-07 20:00:00+00:00,99782.43689442833
2026-03-07 20:15:00+00:00,99782.43689442833
2026-03-07 20:30:00+00:00,99782.43689442833
2026-03-07 20:45:00+00:00,99782.43689442833
2026-03-07 21:00:00+00:00,99782.43689442833
2026-03-07 21:15:00+00:00,99782.43689442833
2026-03-07 21:30:00+00:00,99782.43689442833
2026-03-07 21:45:00+00:00,99782.43689442833
2026-03-07 22:00:00+00:00,99782.43689442833
2026-03-07 22:15:00+00:00,99782.43689442833
2026-03-07 22:30:00+00:00,99782.43689442833
2026-03-07 22:45:00+00:00,99782.43689442833
2026-03-07 23:00:00+00:00,99782.43689442833
2026-03-07 23:15:00+00:00,99782.43689442833
2026-03-07 23:30:00+00:00,99782.43689442833
2026-03-07 23:45:00+00:00,99782.43689442833
2026-03-08 00:00:00+00:00,99782.43689442833
2026-03-08 00:15:00+00:00,99782.43689442833
2026-03-08 00:30:00+00:00,99782.43689442833
2026-03-08 00:45:00+00:00,99782.43689442833
2026-03-08 01:00:00+00:00,99782.43689442833
2026-03-08 01:15:00+00:00,99782.43689442833
2026-03-08 01:30:00+00:00,99782.43689442833
2026-03-08 01:45:00+00:00,99782.43689442833
2026-03-08 02:00:00+00:00,99782.43689442833
2026-03-08 02:15:00+00:00,99782.43689442833
2026-03-08 02:30:00+00:00,99782.43689442833
2026-03-08 02:45:00+00:00,99782.43689442833
2026-03-08 03:00:00+00:00,99782.43689442833
2026-03-08 03:15:00+00:00,99782.43689442833
2026-03-08 03:30:00+00:00,99782.43689442833
2026-03-08 03:45:00+00:00,99782.43689442833
2026-03-08 04:00:00+00:00,99782.43689442833
2026-03-08 04:15:00+00:00,99782.43689442833
2026-03-08 04:30:00+00:00,99782.43689442833
2026-03-08 04:45:00+00:00,99782.43689442833
2026-03-08 05:00:00+00:00,99782.43689442833
2026-03-08 05:15:00+00:00,99782.43689442833
2026-03-08 05:30:00+00:00,99782.43689442833
2026-03-08 05:45:00+00:00,99782.43689442833
2026-03-08 06:00:00+00:00,99782.43689442833
2026-03-08 06:15:00+00:00,99782.43689442833
2026-03-08 06:30:00+00:00,99782.43689442833
2026-03-08 06:45:00+00:00,99782.43689442833
2026-03-08 07:00:00+00:00,99782.43689442833
2026-03-08 07:15:00+00:00,99782.43689442833
2026-03-08 07:30:00+00:00,99782.43689442833
2026-03-08 07:45:00+00:00,99782.43689442833
2026-03-08 08:00:00+00:00,99782.43689442833
2026-03-08 08:15:00+00:00,99782.43689442833
2026-03-08 08:30:00+00:00,99782.43689442833
2026-03-08 08:45:00+00:00,99782.43689442833
2026-03-08 09:00:00+00:00,99782.43689442833
2026-03-08 09:15:00+00:00,99782.43689442833
2026-03-08 09:30:00+00:00,99782.43689442833
2026-03-08 09:45:00+00:00,99782.43689442833
2026-03-08 10:00:00+00:00,99782.43689442833
2026-03-08 10:15:00+00:00,99782.43689442833
2026-03-08 10:30:00+00:00,99782.43689442833
2026-03-08 10:45:00+00:00,99782.43689442833
2026-03-08 11:00:00+00:00,99782.43689442833
2026-03-08 11:15:00+00:00,99782.43689442833
2026-03-08 11:30:00+00:00,99782.43689442833
2026-03-08 11:45:00+00:00,99782.43689442833
2026-03-08 12:00:00+00:00,99782.43689442833
2026-03-08 12:15:00+00:00,99782.43689442833
2026-03-08 12:30:00+00:00,99782.43689442833
2026-03-08 12:45:00+00:00,99782.43689442833
2026-03-08 13:00:00+00:00,99782.43689442833
2026-03-08 13:15:00+00:00,99782.43689442833
2026-03-08 13:30:00+00:00,99782.43689442833
2026-03-08 13:45:00+00:00,99782.43689442833
2026-03-08 14:00:00+00:00,99782.43689442833
2026-03-08 14:15:00+00:00,99782.43689442833
2026-03-08 14:30:00+00:00,99782.43689442833
2026-03-08 14:45:00+00:00,99782.43689442833
2026-03-08 15:00:00+00:00,99782.43689442833
2026-03-08 15:15:00+00:00,99782.43689442833
2026-03-08 15:30:00+00:00,99782.43689442833
2026-03-08 15:45:00+00:00,99782.43689442833
2026-03-08 16:00:00+00:00,99782.43689442833
2026-03-08 16:15:00+00:00,99782.43689442833
2026-03-08 16:30:00+00:00,99782.43689442833
2026-03-08 16:45:00+00:00,99782.43689442833
2026-03-08 17:00:00+00:00,99782.43689442833
2026-03-08 17:15:00+00:00,99782.43689442833
2026-03-08 17:30:00+00:00,99782.43689442833
2026-03-08 17:45:00+00:00,99782.43689442833
2026-03-08 18:00:00+00:00,99782.43689442833
2026-03-08 18:15:00+00:00,99782.43689442833
2026-03-08 18:30:00+00:00,99782.43689442833
2026-03-08 18:45:00+00:00,99782.43689442833
2026-03-08 19:00:00+00:00,99782.43689442833
2026-03-08 19:15:00+00:00,99782.43689442833
2026-03-08 19:30:00+00:00,99782.43689442833
2026-03-08 19:45:00+00:00,99782.43689442833
2026-03-08 20:00:00+00:00,99782.43689442833
2026-03-08 20:15:00+00:00,99782.43689442833
2026-03-08 20:30:00+00:00,99782.43689442833
2026-03-08 20:45:00+00:00,99782.43689442833
2026-03-08 21:00:00+00:00,99782.43689442833
2026-03-08 21:15:00+00:00,99782.43689442833
2026-03-08 21:30:00+00:00,99782.43689442833
2026-03-08 21:45:00+00:00,99782.43689442833
2026-03-08 22:00:00+00:00,99782.43689442833
2026-03-08 22:15:00+00:00,99782.43689442833
2026-03-08 22:30:00+00:00,99782.43689442833
2026-03-08 22:45:00+00:00,99782.43689442833
2026-03-08 23:00:00+00:00,99782.43689442833
2026-03-08 23:15:00+00:00,99782.43689442833
2026-03-08 23:30:00+00:00,99782.43689442833
2026-03-08 23:45:00+00:00,99782.43689442833
2026-03-09 00:00:00+00:00,99782.43689442833
2026-03-09 00:15:00+00:00,99782.43689442833
2026-03-09 00:30:00+00:00,99782.43689442833
2026-03-09 00:45:00+00:00,99782.43689442833
2026-03-09 01:00:00+00:00,99782.43689442833
2026-03-09 01:15:00+00:00,99782.43689442833
2026-03-09 01:30:00+00:00,99782.43689442833
2026-03-09 01:45:00+00:00,99782.43689442833
2026-03-09 02:00:00+00:00,99782.43689442833
2026-03-09 02:15:00+00:00,99782.43689442833
2026-03-09 02:30:00+00:00,99782.43689442833
2026-03-09 02:45:00+00:00,99782.43689442833
2026-03-09 03:00:00+00:00,99782.43689442833
2026-03-09 03:15:00+00:00,99782.43689442833
2026-03-09 03:30:00+00:00,99782.43689442833
2026-03-09 03:45:00+00:00,99782.43689442833
2026-03-09 04:00:00+00:00,99782.43689442833
2026-03-09 04:15:00+00:00,99773.56018341519
2026-03-09 04:30:00+00:00,99775.1064878141
2026-03-09 04:45:00+00:00,99783.4402893218
2026-03-09 05:00:00+00:00,99782.84141155852
2026-03-09 05:15:00+00:00,99777.6522788622
2026-03-09 05:30:00+00:00,99756.34566354657
2026-03-09 05:45:00+00:00,99756.34566354657
2026-03-09 06:00:00+00:00,99756.34566354657
2026-03-09 06:15:00+00:00,99756.34566354657
2026-03-09 06:30:00+00:00,99756.34566354657
2026-03-09 06:45:00+00:00,99756.34566354657
2026-03-09 07:00:00+00:00,99756.34566354657
2026-03-09 07:15:00+00:00,99756.34566354657
2026-03-09 07:30:00+00:00,99756.34566354657
2026-03-09 07:45:00+00:00,99756.34566354657
2026-03-09 08:00:00+00:00,99756.34566354657
2026-03-09 08:15:00+00:00,99756.34566354657
2026-03-09 08:30:00+00:00,99756.34566354657
2026-03-09 08:45:00+00:00,99756.34566354657
2026-03-09 09:00:00+00:00,99756.34566354657
2026-03-09 09:15:00+00:00,99756.34566354657
2026-03-09 09:30:00+00:00,99756.34566354657
2026-03-09 09:45:00+00:00,99756.34566354657
2026-03-09 10:00:00+00:00,99756.34566354657
2026-03-09 10:15:00+00:00,99756.34566354657
2026-03-09 10:30:00+00:00,99756.34566354657
2026-03-09 10:45:00+00:00,99756.34566354657
2026-03-09 11:00:00+00:00,99756.34566354657
2026-03-09 11:15:00+00:00,99756.34566354657
2026-03-09 11:30:00+00:00,99756.34566354657
2026-03-09 11:45:00+00:00,99756.34566354657
2026-03-09 12:00:00+00:00,99756.34566354657
2026-03-09 12:15:00+00:00,99756.34566354657
2026-03-09 12:30:00+00:00,99756.34566354657
2026-03-09 12:45:00+00:00,99756.34566354657
2026-03-09 13:00:00+00:00,99756.34566354657
2026-03-09 13:15:00+00:00,99756.34566354657
2026-03-09 13:30:00+00:00,99756.34566354657
2026-03-09 13:45:00+00:00,99756.34566354657
2026-03-09 14:00:00+00:00,99756.34566354657
2026-03-09 14:15:00+00:00,99756.34566354657
2026-03-09 14:30:00+00:00,99756.34566354657
2026-03-09 14:45:00+00:00,99756.34566354657
2026-03-09 15:00:00+00:00,99756.34566354657
2026-03-09 15:15:00+00:00,99756.34566354657
2026-03-09 15:30:00+00:00,99756.34566354657
2026-03-09 15:45:00+00:00,99756.34566354657
2026-03-09 16:00:00+00:00,99756.34566354657
2026-03-09 16:15:00+00:00,99756.34566354657
2026-03-09 16:30:00+00:00,99756.34566354657
2026-03-09 16:45:00+00:00,99756.34566354657
2026-03-09 17:00:00+00:00,99756.34566354657
2026-03-09 17:15:00+00:00,99756.34566354657
2026-03-09 17:30:00+00:00,99756.34566354657
2026-03-09 17:45:00+00:00,99756.34566354657
2026-03-09 18:00:00+00:00,99756.34566354657
2026-03-09 18:15:00+00:00,99756.34566354657
2026-03-09 18:30:00+00:00,99756.34566354657
2026-03-09 18:45:00+00:00,99756.34566354657
2026-03-09 19:00:00+00:00,99756.34566354657
2026-03-09 19:15:00+00:00,99756.34566354657
2026-03-09 19:30:00+00:00,99756.34566354657
2026-03-09 19:45:00+00:00,99756.34566354657
2026-03-09 20:00:00+00:00,99756.34566354657
2026-03-09 20:15:00+00:00,99756.34566354657
2026-03-09 20:30:00+00:00,99756.34566354657
2026-03-09 20:45:00+00:00,99756.34566354657
2026-03-09 21:00:00+00:00,99756.34566354657
2026-03-09 21:15:00+00:00,99756.34566354657
2026-03-09 21:30:00+00:00,99756.34566354657
2026-03-09 21:45:00+00:00,99756.34566354657
2026-03-09 22:00:00+00:00,99756.34566354657
2026-03-09 22:15:00+00:00,99756.34566354657
2026-03-09 22:30:00+00:00,99756.34566354657
2026-03-09 22:45:00+00:00,99756.34566354657
2026-03-09 23:00:00+00:00,99756.34566354657
2026-03-09 23:15:00+00:00,99756.34566354657
2026-03-09 23:30:00+00:00,99756.34566354657
2026-03-09 23:45:00+00:00,99756.34566354657
2026-03-10 00:00:00+00:00,99756.34566354657
2026-03-10 00:15:00+00:00,99756.34566354657
2026-03-10 00:30:00+00:00,99756.34566354657
2026-03-10 00:45:00+00:00,99756.34566354657
2026-03-10 01:00:00+00:00,99756.34566354657
2026-03-10 01:15:00+00:00,99756.34566354657
2026-03-10 01:30:00+00:00,99756.34566354657
2026-03-10 01:45:00+00:00,99756.34566354657
2026-03-10 02:00:00+00:00,99756.34566354657
2026-03-10 02:15:00+00:00,99756.34566354657
2026-03-10 02:30:00+00:00,99756.34566354657
2026-03-10 02:45:00+00:00,99756.34566354657
2026-03-10 03:00:00+00:00,99756.34566354657
2026-03-10 03:15:00+00:00,99756.34566354657
2026-03-10 03:30:00+00:00,99756.34566354657
2026-03-10 03:45:00+00:00,99756.34566354657
2026-03-10 04:00:00+00:00,99756.34566354657
2026-03-10 04:15:00+00:00,99756.34566354657
2026-03-10 04:30:00+00:00,99751.86744425712
2026-03-10 04:45:00+00:00,99749.02421814873
2026-03-10 05:00:00+00:00,99735.12355336852
2026-03-10 05:15:00+00:00,99735.12355336852
2026-03-10 05:30:00+00:00,99735.12355336852
2026-03-10 05:45:00+00:00,99735.12355336852
2026-03-10 06:00:00+00:00,99735.12355336852
2026-03-10 06:15:00+00:00,99735.12355336852
2026-03-10 06:30:00+00:00,99735.12355336852
2026-03-10 06:45:00+00:00,99735.12355336852
2026-03-10 07:00:00+00:00,99735.12355336852
2026-03-10 07:15:00+00:00,99735.12355336852
2026-03-10 07:30:00+00:00,99735.12355336852
2026-03-10 07:45:00+00:00,99735.12355336852
2026-03-10 08:00:00+00:00,99735.12355336852
2026-03-10 08:15:00+00:00,99735.12355336852
2026-03-10 08:30:00+00:00,99735.12355336852
2026-03-10 08:45:00+00:00,99735.12355336852
2026-03-10 09:00:00+00:00,99735.12355336852
2026-03-10 09:15:00+00:00,99735.12355336852
2026-03-10 09:30:00+00:00,99735.12355336852
2026-03-10 09:45:00+00:00,99735.12355336852
2026-03-10 10:00:00+00:00,99735.12355336852
2026-03-10 10:15:00+00:00,99735.12355336852
2026-03-10 10:30:00+00:00,99735.12355336852
2026-03-10 10:45:00+00:00,99735.12355336852
2026-03-10 11:00:00+00:00,99735.12355336852
2026-03-10 11:15:00+00:00,99735.12355336852
2026-03-10 11:30:00+00:00,99735.12355336852
2026-03-10 11:45:00+00:00,99735.12355336852
2026-03-10 12:00:00+00:00,99735.12355336852
2026-03-10 12:15:00+00:00,99735.12355336852
2026-03-10 12:30:00+00:00,99735.12355336852
2026-03-10 12:45:00+00:00,99735.12355336852
2026-03-10 13:00:00+00:00,99735.12355336852
2026-03-10 13:15:00+00:00,99735.12355336852
2026-03-10 13:30:00+00:00,99735.12355336852
2026-03-10 13:45:00+00:00,99735.12355336852
2026-03-10 14:00:00+00:00,99735.12355336852
2026-03-10 14:15:00+00:00,99735.12355336852
2026-03-10 14:30:00+00:00,99735.12355336852
2026-03-10 14:45:00+00:00,99735.12355336852
2026-03-10 15:00:00+00:00,99735.12355336852
2026-03-10 15:15:00+00:00,99735.12355336852
2026-03-10 15:30:00+00:00,99735.12355336852
2026-03-10 15:45:00+00:00,99735.12355336852
2026-03-10 16:00:00+00:00,99735.12355336852
2026-03-10 16:15:00+00:00,99735.12355336852
2026-03-10 16:30:00+00:00,99735.12355336852
2026-03-10 16:45:00+00:00,99735.12355336852
2026-03-10 17:00:00+00:00,99735.12355336852
2026-03-10 17:15:00+00:00,99735.12355336852
2026-03-10 17:30:00+00:00,99735.12355336852
2026-03-10 17:45:00+00:00,99735.12355336852
2026-03-10 18:00:00+00:00,99735.12355336852
2026-03-10 18:15:00+00:00,99735.12355336852
2026-03-10 18:30:00+00:00,99735.12355336852
2026-03-10 18:45:00+00:00,99735.12355336852
2026-03-10 19:00:00+00:00,99735.12355336852
2026-03-10 19:15:00+00:00,99735.12355336852
2026-03-10 19:30:00+00:00,99735.12355336852
2026-03-10 19:45:00+00:00,99735.12355336852
2026-03-10 20:00:00+00:00,99735.12355336852
2026-03-10 20:15:00+00:00,99735.12355336852
2026-03-10 20:30:00+00:00,99735.12355336852
2026-03-10 20:45:00+00:00,99735.12355336852
2026-03-10 21:00:00+00:00,99735.12355336852
2026-03-10 21:15:00+00:00,99735.12355336852
2026-03-10 21:30:00+00:00,99735.12355336852
2026-03-10 21:45:00+00:00,99735.12355336852
2026-03-10 22:00:00+00:00,99735.12355336852
2026-03-10 22:15:00+00:00,99735.12355336852
2026-03-10 22:30:00+00:00,99735.12355336852
2026-03-10 22:45:00+00:00,99735.12355336852
2026-03-10 23:00:00+00:00,99735.12355336852
2026-03-10 23:15:00+00:00,99735.12355336852
2026-03-10 23:30:00+00:00,99735.12355336852
2026-03-10 23:45:00+00:00,99735.12355336852
2026-03-11 00:00:00+00:00,99735.12355336852
2026-03-11 00:15:00+00:00,99735.12355336852
2026-03-11 00:30:00+00:00,99735.12355336852
2026-03-11 00:45:00+00:00,99735.12355336852
2026-03-11 01:00:00+00:00,99735.12355336852
2026-03-11 01:15:00+00:00,99735.12355336852
2026-03-11 01:30:00+00:00,99735.12355336852
2026-03-11 01:45:00+00:00,99735.12355336852
2026-03-11 02:00:00+00:00,99735.12355336852
2026-03-11 02:15:00+00:00,99735.12355336852
2026-03-11 02:30:00+00:00,99735.12355336852
2026-03-11 02:45:00+00:00,99735.12355336852
2026-03-11 03:00:00+00:00,99735.12355336852
2026-03-11 03:15:00+00:00,99735.12355336852
2026-03-11 03:30:00+00:00,99735.12355336852
2026-03-11 03:45:00+00:00,99735.12355336852
2026-03-11 04:00:00+00:00,99735.12355336852
2026-03-11 04:15:00+00:00,99735.12355336852
2026-03-11 04:30:00+00:00,99735.12355336852
2026-03-11 04:45:00+00:00,99735.12355336852
2026-03-11 05:00:00+00:00,99735.12355336852
2026-03-11 05:15:00+00:00,99735.12355336852
2026-03-11 05:30:00+00:00,99735.12355336852
2026-03-11 05:45:00+00:00,99735.12355336852
2026-03-11 06:00:00+00:00,99735.12355336852
2026-03-11 06:15:00+00:00,99735.12355336852
2026-03-11 06:30:00+00:00,99735.12355336852
2026-03-11 06:45:00+00:00,99735.12355336852
2026-03-11 07:00:00+00:00,99735.12355336852
2026-03-11 07:15:00+00:00,99735.12355336852
2026-03-11 07:30:00+00:00,99735.12355336852
2026-03-11 07:45:00+00:00,99735.12355336852
2026-03-11 08:00:00+00:00,99735.12355336852
2026-03-11 08:15:00+00:00,99735.12355336852
2026-03-11 08:30:00+00:00,99735.12355336852
2026-03-11 08:45:00+00:00,99735.12355336852
2026-03-11 09:00:00+00:00,99735.12355336852
2026-03-11 09:15:00+00:00,99735.12355336852
2026-03-11 09:30:00+00:00,99735.12355336852
2026-03-11 09:45:00+00:00,99735.12355336852
2026-03-11 10:00:00+00:00,99735.12355336852
2026-03-11 10:15:00+00:00,99735.12355336852
2026-03-11 10:30:00+00:00,99735.12355336852
2026-03-11 10:45:00+00:00,99735.12355336852
2026-03-11 11:00:00+00:00,99735.12355336852
2026-03-11 11:15:00+00:00,99735.12355336852
2026-03-11 11:30:00+00:00,99735.12355336852
2026-03-11 11:45:00+00:00,99735.12355336852
2026-03-11 12:00:00+00:00,99735.12355336852
2026-03-11 12:15:00+00:00,99735.12355336852
2026-03-11 12:30:00+00:00,99735.12355336852
2026-03-11 12:45:00+00:00,99735.12355336852
2026-03-11 13:00:00+00:00,99735.12355336852
2026-03-11 13:15:00+00:00,99735.12355336852
2026-03-11 13:30:00+00:00,99735.12355336852
2026-03-11 13:45:00+00:00,99735.12355336852
2026-03-11 14:00:00+00:00,99735.12355336852
2026-03-11 14:15:00+00:00,99735.12355336852
2026-03-11 14:30:00+00:00,99735.12355336852
2026-03-11 14:45:00+00:00,99735.12355336852
2026-03-11 15:00:00+00:00,99735.12355336852
2026-03-11 15:15:00+00:00,99735.12355336852
2026-03-11 15:30:00+00:00,99735.12355336852
2026-03-11 15:45:00+00:00,99735.12355336852
2026-03-11 16:00:00+00:00,99735.12355336852
2026-03-11 16:15:00+00:00,99735.12355336852
2026-03-11 16:30:00+00:00,99735.12355336852
2026-03-11 16:45:00+00:00,99735.12355336852
2026-03-11 17:00:00+00:00,99735.12355336852
2026-03-11 17:15:00+00:00,99735.12355336852
2026-03-11 17:30:00+00:00,99735.12355336852
2026-03-11 17:45:00+00:00,99735.12355336852
2026-03-11 18:00:00+00:00,99735.12355336852
2026-03-11 18:15:00+00:00,99735.12355336852
2026-03-11 18:30:00+00:00,99735.12355336852
2026-03-11 18:45:00+00:00,99735.12355336852
2026-03-11 19:00:00+00:00,99735.12355336852
2026-03-11 19:15:00+00:00,99735.12355336852
2026-03-11 19:30:00+00:00,99735.12355336852
2026-03-11 19:45:00+00:00,99735.12355336852
2026-03-11 20:00:00+00:00,99735.12355336852
2026-03-11 20:15:00+00:00,99735.12355336852
2026-03-11 20:30:00+00:00,99735.12355336852
2026-03-11 20:45:00+00:00,99735.12355336852
2026-03-11 21:00:00+00:00,99735.12355336852
2026-03-11 21:15:00+00:00,99735.12355336852
2026-03-11 21:30:00+00:00,99735.12355336852
2026-03-11 21:45:00+00:00,99735.12355336852
2026-03-11 22:00:00+00:00,99735.12355336852
2026-03-11 22:15:00+00:00,99735.12355336852
2026-03-11 22:30:00+00:00,99735.12355336852
2026-03-11 22:45:00+00:00,99735.12355336852
2026-03-11 23:00:00+00:00,99735.12355336852
2026-03-11 23:15:00+00:00,99735.12355336852
2026-03-11 23:30:00+00:00,99735.12355336852
2026-03-11 23:45:00+00:00,99735.12355336852
2026-03-12 00:00:00+00:00,99735.12355336852
2026-03-12 00:15:00+00:00,99735.12355336852
2026-03-12 00:30:00+00:00,99735.12355336852
2026-03-12 00:45:00+00:00,99735.12355336852
2026-03-12 01:00:00+00:00,99735.12355336852
2026-03-12 01:15:00+00:00,99735.12355336852
2026-03-12 01:30:00+00:00,99735.12355336852
2026-03-12 01:45:00+00:00,99735.12355336852
2026-03-12 02:00:00+00:00,99735.12355336852
2026-03-12 02:15:00+00:00,99735.12355336852
2026-03-12 02:30:00+00:00,99735.12355336852
2026-03-12 02:45:00+00:00,99735.12355336852
2026-03-12 03:00:00+00:00,99735.12355336852
2026-03-12 03:15:00+00:00,99735.12355336852
2026-03-12 03:30:00+00:00,99735.12355336852
2026-03-12 03:45:00+00:00,99735.12355336852
2026-03-12 04:00:00+00:00,99735.12355336852
2026-03-12 04:15:00+00:00,99735.12355336852
2026-03-12 04:30:00+00:00,99735.12355336852
2026-03-12 04:45:00+00:00,99735.12355336852
2026-03-12 05:00:00+00:00,99735.12355336852
2026-03-12 05:15:00+00:00,99735.12355336852
2026-03-12 05:30:00+00:00,99735.12355336852
2026-03-12 05:45:00+00:00,99735.12355336852
2026-03-12 06:00:00+00:00,99735.12355336852
2026-03-12 06:15:00+00:00,99735.12355336852
2026-03-12 06:30:00+00:00,99735.12355336852
2026-03-12 06:45:00+00:00,99735.12355336852
2026-03-12 07:00:00+00:00,99735.12355336852
2026-03-12 07:15:00+00:00,99735.12355336852
2026-03-12 07:30:00+00:00,99735.12355336852
2026-03-12 07:45:00+00:00,99735.12355336852
2026-03-12 08:00:00+00:00,99735.12355336852
2026-03-12 08:15:00+00:00,99735.12355336852
2026-03-12 08:30:00+00:00,99735.12355336852
2026-03-12 08:45:00+00:00,99735.12355336852
2026-03-12 09:00:00+00:00,99735.12355336852
2026-03-12 09:15:00+00:00,99735.12355336852
2026-03-12 09:30:00+00:00,99735.12355336852
2026-03-12 09:45:00+00:00,99735.12355336852
2026-03-12 10:00:00+00:00,99735.12355336852
2026-03-12 10:15:00+00:00,99735.12355336852
2026-03-12 10:30:00+00:00,99735.12355336852
2026-03-12 10:45:00+00:00,99735.12355336852
2026-03-12 11:00:00+00:00,99735.12355336852
2026-03-12 11:15:00+00:00,99735.12355336852
2026-03-12 11:30:00+00:00,99735.12355336852
2026-03-12 11:45:00+00:00,99735.12355336852
2026-03-12 12:00:00+00:00,99735.12355336852
2026-03-12 12:15:00+00:00,99735.12355336852
2026-03-12 12:30:00+00:00,99735.12355336852
2026-03-12 12:45:00+00:00,99735.12355336852
2026-03-12 13:00:00+00:00,99735.12355336852
2026-03-12 13:15:00+00:00,99735.12355336852
2026-03-12 13:30:00+00:00,99735.12355336852
2026-03-12 13:45:00+00:00,99735.12355336852
2026-03-12 14:00:00+00:00,99735.12355336852
2026-03-12 14:15:00+00:00,99735.12355336852
2026-03-12 14:30:00+00:00,99735.12355336852
2026-03-12 14:45:00+00:00,99735.12355336852
2026-03-12 15:00:00+00:00,99735.12355336852
2026-03-12 15:15:00+00:00,99735.12355336852
2026-03-12 15:30:00+00:00,99735.12355336852
2026-03-12 15:45:00+00:00,99735.12355336852
2026-03-12 16:00:00+00:00,99735.12355336852
2026-03-12 16:15:00+00:00,99735.12355336852
2026-03-12 16:30:00+00:00,99735.12355336852
2026-03-12 16:45:00+00:00,99735.12355336852
2026-03-12 17:00:00+00:00,99735.12355336852
2026-03-12 17:15:00+00:00,99735.12355336852
2026-03-12 17:30:00+00:00,99735.12355336852
2026-03-12 17:45:00+00:00,99735.12355336852
2026-03-12 18:00:00+00:00,99735.12355336852
2026-03-12 18:15:00+00:00,99735.12355336852
2026-03-12 18:30:00+00:00,99735.12355336852
2026-03-12 18:45:00+00:00,99735.12355336852
2026-03-12 19:00:00+00:00,99735.12355336852
2026-03-12 19:15:00+00:00,99735.12355336852
2026-03-12 19:30:00+00:00,99735.12355336852
2026-03-12 19:45:00+00:00,99735.12355336852
2026-03-12 20:00:00+00:00,99735.12355336852
2026-03-12 20:15:00+00:00,99735.12355336852
2026-03-12 20:30:00+00:00,99735.12355336852
2026-03-12 20:45:00+00:00,99735.12355336852
2026-03-12 21:00:00+00:00,99735.12355336852
2026-03-12 21:15:00+00:00,99735.12355336852
2026-03-12 21:30:00+00:00,99735.12355336852
2026-03-12 21:45:00+00:00,99735.12355336852
2026-03-12 22:00:00+00:00,99735.12355336852
2026-03-12 22:15:00+00:00,99735.12355336852
2026-03-12 22:30:00+00:00,99735.12355336852
2026-03-12 22:45:00+00:00,99735.12355336852
2026-03-12 23:00:00+00:00,99735.12355336852
2026-03-12 23:15:00+00:00,99735.12355336852
2026-03-12 23:30:00+00:00,99735.12355336852
2026-03-12 23:45:00+00:00,99735.12355336852
2026-03-13 00:00:00+00:00,99735.12355336852
2026-03-13 00:15:00+00:00,99735.12355336852
2026-03-13 00:30:00+00:00,99735.12355336852
2026-03-13 00:45:00+00:00,99735.12355336852
2026-03-13 01:00:00+00:00,99735.12355336852
2026-03-13 01:15:00+00:00,99735.12355336852
2026-03-13 01:30:00+00:00,99735.12355336852
2026-03-13 01:45:00+00:00,99735.12355336852
2026-03-13 02:00:00+00:00,99735.12355336852
2026-03-13 02:15:00+00:00,99735.12355336852
2026-03-13 02:30:00+00:00,99735.12355336852
2026-03-13 02:45:00+00:00,99735.12355336852
2026-03-13 03:00:00+00:00,99735.12355336852
2026-03-13 03:15:00+00:00,99735.12355336852
2026-03-13 03:30:00+00:00,99735.12355336852
2026-03-13 03:45:00+00:00,99735.12355336852
2026-03-13 04:00:00+00:00,99735.12355336852
2026-03-13 04:15:00+00:00,99735.12355336852
2026-03-13 04:30:00+00:00,99735.12355336852
2026-03-13 04:45:00+00:00,99735.12355336852
2026-03-13 05:00:00+00:00,99735.12355336852
2026-03-13 05:15:00+00:00,99735.12355336852
2026-03-13 05:30:00+00:00,99735.12355336852
2026-03-13 05:45:00+00:00,99735.12355336852
2026-03-13 06:00:00+00:00,99735.12355336852
2026-03-13 06:15:00+00:00,99735.12355336852
2026-03-13 06:30:00+00:00,99735.12355336852
2026-03-13 06:45:00+00:00,99735.12355336852
2026-03-13 07:00:00+00:00,99735.12355336852
2026-03-13 07:15:00+00:00,99735.12355336852
2026-03-13 07:30:00+00:00,99735.12355336852
2026-03-13 07:45:00+00:00,99735.12355336852
2026-03-13 08:00:00+00:00,99735.12355336852
2026-03-13 08:15:00+00:00,99735.12355336852
2026-03-13 08:30:00+00:00,99735.12355336852
2026-03-13 08:45:00+00:00,99735.12355336852
2026-03-13 09:00:00+00:00,99735.12355336852
2026-03-13 09:15:00+00:00,99735.12355336852
2026-03-13 09:30:00+00:00,99735.12355336852
2026-03-13 09:45:00+00:00,99735.12355336852
2026-03-13 10:00:00+00:00,99735.12355336852
2026-03-13 10:15:00+00:00,99735.12355336852
2026-03-13 10:30:00+00:00,99735.12355336852
2026-03-13 10:45:00+00:00,99735.12355336852
2026-03-13 11:00:00+00:00,99735.12355336852
2026-03-13 11:15:00+00:00,99735.12355336852
2026-03-13 11:30:00+00:00,99735.12355336852
2026-03-13 11:45:00+00:00,99735.12355336852
2026-03-13 12:00:00+00:00,99735.12355336852
2026-03-13 12:15:00+00:00,99735.12355336852
2026-03-13 12:30:00+00:00,99735.12355336852
2026-03-13 12:45:00+00:00,99735.12355336852
2026-03-13 13:00:00+00:00,99735.12355336852
2026-03-13 13:15:00+00:00,99735.12355336852
2026-03-13 13:30:00+00:00,99735.12355336852
2026-03-13 13:45:00+00:00,99735.12355336852
2026-03-13 14:00:00+00:00,99735.12355336852
2026-03-13 14:15:00+00:00,99735.12355336852
2026-03-13 14:30:00+00:00,99735.12355336852
2026-03-13 14:45:00+00:00,99735.12355336852
2026-03-13 15:00:00+00:00,99735.12355336852
2026-03-13 15:15:00+00:00,99735.12355336852
2026-03-13 15:30:00+00:00,99735.12355336852
2026-03-13 15:45:00+00:00,99735.12355336852
2026-03-13 16:00:00+00:00,99735.12355336852
2026-03-13 16:15:00+00:00,99735.12355336852
2026-03-13 16:30:00+00:00,99735.12355336852
2026-03-13 16:45:00+00:00,99735.12355336852
2026-03-13 17:00:00+00:00,99735.12355336852
2026-03-13 17:15:00+00:00,99735.12355336852
2026-03-13 17:30:00+00:00,99735.12355336852
2026-03-13 17:45:00+00:00,99735.12355336852
2026-03-13 18:00:00+00:00,99735.12355336852
2026-03-13 18:15:00+00:00,99735.12355336852
2026-03-13 18:30:00+00:00,99735.12355336852
2026-03-13 18:45:00+00:00,99735.12355336852
2026-03-13 19:00:00+00:00,99735.12355336852
2026-03-13 19:15:00+00:00,99735.12355336852
2026-03-13 19:30:00+00:00,99735.12355336852
2026-03-13 19:45:00+00:00,99735.12355336852
2026-03-13 20:00:00+00:00,99735.12355336852
2026-03-13 20:15:00+00:00,99735.12355336852
2026-03-13 20:30:00+00:00,99735.12355336852
2026-03-13 20:45:00+00:00,99735.12355336852
2026-03-13 21:00:00+00:00,99735.12355336852
2026-03-13 21:15:00+00:00,99735.12355336852
2026-03-13 21:30:00+00:00,99735.12355336852
2026-03-13 21:45:00+00:00,99735.12355336852
2026-03-13 22:00:00+00:00,99735.12355336852
2026-03-13 22:15:00+00:00,99735.12355336852
2026-03-13 22:30:00+00:00,99735.12355336852
2026-03-13 22:45:00+00:00,99735.12355336852
2026-03-13 23:00:00+00:00,99735.12355336852
2026-03-13 23:15:00+00:00,99735.12355336852
2026-03-13 23:30:00+00:00,99735.12355336852
2026-03-13 23:45:00+00:00,99735.12355336852
2026-03-14 00:00:00+00:00,99735.12355336852
2026-03-14 00:15:00+00:00,99735.12355336852
2026-03-14 00:30:00+00:00,99735.12355336852
2026-03-14 00:45:00+00:00,99735.12355336852
2026-03-14 01:00:00+00:00,99735.12355336852
2026-03-14 01:15:00+00:00,99735.12355336852
2026-03-14 01:30:00+00:00,99735.12355336852
2026-03-14 01:45:00+00:00,99735.12355336852
2026-03-14 02:00:00+00:00,99735.12355336852
2026-03-14 02:15:00+00:00,99735.12355336852
2026-03-14 02:30:00+00:00,99735.12355336852
2026-03-14 02:45:00+00:00,99735.12355336852
2026-03-14 03:00:00+00:00,99735.12355336852
2026-03-14 03:15:00+00:00,99735.12355336852
2026-03-14 03:30:00+00:00,99735.12355336852
2026-03-14 03:45:00+00:00,99735.12355336852
2026-03-14 04:00:00+00:00,99735.12355336852
2026-03-14 04:15:00+00:00,99735.12355336852
2026-03-14 04:30:00+00:00,99735.12355336852
2026-03-14 04:45:00+00:00,99735.12355336852
2026-03-14 05:00:00+00:00,99735.12355336852
2026-03-14 05:15:00+00:00,99735.12355336852
2026-03-14 05:30:00+00:00,99735.12355336852
2026-03-14 05:45:00+00:00,99735.12355336852
2026-03-14 06:00:00+00:00,99735.12355336852
2026-03-14 06:15:00+00:00,99735.12355336852
2026-03-14 06:30:00+00:00,99735.12355336852
2026-03-14 06:45:00+00:00,99735.12355336852
2026-03-14 07:00:00+00:00,99735.12355336852
2026-03-14 07:15:00+00:00,99735.12355336852
2026-03-14 07:30:00+00:00,99735.12355336852
2026-03-14 07:45:00+00:00,99735.12355336852
2026-03-14 08:00:00+00:00,99735.12355336852
2026-03-14 08:15:00+00:00,99735.12355336852
2026-03-14 08:30:00+00:00,99735.12355336852
2026-03-14 08:45:00+00:00,99735.12355336852
2026-03-14 09:00:00+00:00,99735.12355336852
2026-03-14 09:15:00+00:00,99735.12355336852
2026-03-14 09:30:00+00:00,99735.12355336852
2026-03-14 09:45:00+00:00,99735.12355336852
2026-03-14 10:00:00+00:00,99735.12355336852
2026-03-14 10:15:00+00:00,99735.12355336852
2026-03-14 10:30:00+00:00,99735.12355336852
2026-03-14 10:45:00+00:00,99735.12355336852
2026-03-14 11:00:00+00:00,99735.12355336852
2026-03-14 11:15:00+00:00,99735.12355336852
2026-03-14 11:30:00+00:00,99735.12355336852
2026-03-14 11:45:00+00:00,99735.12355336852
2026-03-14 12:00:00+00:00,99735.12355336852
2026-03-14 12:15:00+00:00,99735.12355336852
2026-03-14 12:30:00+00:00,99735.12355336852
2026-03-14 12:45:00+00:00,99735.12355336852
2026-03-14 13:00:00+00:00,99735.12355336852
2026-03-14 13:15:00+00:00,99735.12355336852
2026-03-14 13:30:00+00:00,99735.12355336852
2026-03-14 13:45:00+00:00,99735.12355336852
2026-03-14 14:00:00+00:00,99735.12355336852
2026-03-14 14:15:00+00:00,99735.12355336852
2026-03-14 14:30:00+00:00,99735.12355336852
2026-03-14 14:45:00+00:00,99735.12355336852
2026-03-14 15:00:00+00:00,99735.12355336852
2026-03-14 15:15:00+00:00,99735.12355336852
2026-03-14 15:30:00+00:00,99735.12355336852
2026-03-14 15:45:00+00:00,99735.12355336852
2026-03-14 16:00:00+00:00,99735.12355336852
2026-03-14 16:15:00+00:00,99735.12355336852
2026-03-14 16:30:00+00:00,99735.12355336852
2026-03-14 16:45:00+00:00,99735.12355336852
2026-03-14 17:00:00+00:00,99735.12355336852
2026-03-14 17:15:00+00:00,99735.12355336852
2026-03-14 17:30:00+00:00,99735.12355336852
2026-03-14 17:45:00+00:00,99735.12355336852
2026-03-14 18:00:00+00:00,99735.12355336852
2026-03-14 18:15:00+00:00,99735.12355336852
2026-03-14 18:30:00+00:00,99735.12355336852
2026-03-14 18:45:00+00:00,99735.12355336852
2026-03-14 19:00:00+00:00,99735.12355336852
2026-03-14 19:15:00+00:00,99735.12355336852
2026-03-14 19:30:00+00:00,99735.12355336852
2026-03-14 19:45:00+00:00,99735.12355336852
2026-03-14 20:00:00+00:00,99735.12355336852
2026-03-14 20:15:00+00:00,99735.12355336852
2026-03-14 20:30:00+00:00,99735.12355336852
2026-03-14 20:45:00+00:00,99735.12355336852
2026-03-14 21:00:00+00:00,99735.12355336852
2026-03-14 21:15:00+00:00,99735.12355336852
2026-03-14 21:30:00+00:00,99735.12355336852
2026-03-14 21:45:00+00:00,99735.12355336852
2026-03-14 22:00:00+00:00,99735.12355336852
2026-03-14 22:15:00+00:00,99735.12355336852
2026-03-14 22:30:00+00:00,99735.12355336852
2026-03-14 22:45:00+00:00,99735.12355336852
2026-03-14 23:00:00+00:00,99735.12355336852
2026-03-14 23:15:00+00:00,99735.12355336852
2026-03-14 23:30:00+00:00,99735.12355336852
2026-03-14 23:45:00+00:00,99735.12355336852
2026-03-15 00:00:00+00:00,99735.12355336852
2026-03-15 00:15:00+00:00,99735.12355336852
2026-03-15 00:30:00+00:00,99735.12355336852
2026-03-15 00:45:00+00:00,99735.12355336852
2026-03-15 01:00:00+00:00,99735.12355336852
2026-03-15 01:15:00+00:00,99735.12355336852
2026-03-15 01:30:00+00:00,99735.12355336852
2026-03-15 01:45:00+00:00,99735.12355336852
2026-03-15 02:00:00+00:00,99735.12355336852
2026-03-15 02:15:00+00:00,99735.12355336852
2026-03-15 02:30:00+00:00,99735.12355336852
2026-03-15 02:45:00+00:00,99735.12355336852
2026-03-15 03:00:00+00:00,99735.12355336852
2026-03-15 03:15:00+00:00,99735.12355336852
2026-03-15 03:30:00+00:00,99735.12355336852
2026-03-15 03:45:00+00:00,99735.12355336852
2026-03-15 04:00:00+00:00,99735.12355336852
2026-03-15 04:15:00+00:00,99735.12355336852
2026-03-15 04:30:00+00:00,99735.12355336852
2026-03-15 04:45:00+00:00,99735.12355336852
2026-03-15 05:00:00+00:00,99735.12355336852
2026-03-15 05:15:00+00:00,99735.12355336852
2026-03-15 05:30:00+00:00,99735.12355336852
2026-03-15 05:45:00+00:00,99735.12355336852
2026-03-15 06:00:00+00:00,99735.12355336852
2026-03-15 06:15:00+00:00,99735.12355336852
2026-03-15 06:30:00+00:00,99735.12355336852
2026-03-15 06:45:00+00:00,99735.12355336852
2026-03-15 07:00:00+00:00,99735.12355336852
2026-03-15 07:15:00+00:00,99735.12355336852
2026-03-15 07:30:00+00:00,99735.12355336852
2026-03-15 07:45:00+00:00,99735.12355336852
2026-03-15 08:00:00+00:00,99735.12355336852
2026-03-15 08:15:00+00:00,99735.12355336852
2026-03-15 08:30:00+00:00,99735.12355336852
2026-03-15 08:45:00+00:00,99735.12355336852
2026-03-15 09:00:00+00:00,99735.12355336852
2026-03-15 09:15:00+00:00,99735.12355336852
2026-03-15 09:30:00+00:00,99735.12355336852
2026-03-15 09:45:00+00:00,99735.12355336852
2026-03-15 10:00:00+00:00,99735.12355336852
2026-03-15 10:15:00+00:00,99735.12355336852
2026-03-15 10:30:00+00:00,99735.12355336852
2026-03-15 10:45:00+00:00,99735.12355336852
2026-03-15 11:00:00+00:00,99735.12355336852
2026-03-15 11:15:00+00:00,99735.12355336852
2026-03-15 11:30:00+00:00,99735.12355336852
2026-03-15 11:45:00+00:00,99735.12355336852
2026-03-15 12:00:00+00:00,99735.12355336852
2026-03-15 12:15:00+00:00,99735.12355336852
2026-03-15 12:30:00+00:00,99735.12355336852
2026-03-15 12:45:00+00:00,99735.12355336852
2026-03-15 13:00:00+00:00,99735.12355336852
2026-03-15 13:15:00+00:00,99735.12355336852
2026-03-15 13:30:00+00:00,99735.12355336852
2026-03-15 13:45:00+00:00,99735.12355336852
2026-03-15 14:00:00+00:00,99735.12355336852
2026-03-15 14:15:00+00:00,99735.12355336852
2026-03-15 14:30:00+00:00,99735.12355336852
2026-03-15 14:45:00+00:00,99735.12355336852
2026-03-15 15:00:00+00:00,99735.12355336852
2026-03-15 15:15:00+00:00,99735.12355336852
2026-03-15 15:30:00+00:00,99735.12355336852
2026-03-15 15:45:00+00:00,99735.12355336852
2026-03-15 16:00:00+00:00,99735.12355336852
2026-03-15 16:15:00+00:00,99735.12355336852
2026-03-15 16:30:00+00:00,99735.12355336852
2026-03-15 16:45:00+00:00,99735.12355336852
2026-03-15 17:00:00+00:00,99735.12355336852
2026-03-15 17:15:00+00:00,99735.12355336852
2026-03-15 17:30:00+00:00,99735.12355336852
2026-03-15 17:45:00+00:00,99735.12355336852
2026-03-15 18:00:00+00:00,99735.12355336852
2026-03-15 18:15:00+00:00,99735.12355336852
2026-03-15 18:30:00+00:00,99735.12355336852
2026-03-15 18:45:00+00:00,99735.12355336852
2026-03-15 19:00:00+00:00,99735.12355336852
2026-03-15 19:15:00+00:00,99735.12355336852
2026-03-15 19:30:00+00:00,99735.12355336852
2026-03-15 19:45:00+00:00,99735.12355336852
2026-03-15 20:00:00+00:00,99735.12355336852
2026-03-15 20:15:00+00:00,99735.12355336852
2026-03-15 20:30:00+00:00,99735.12355336852
2026-03-15 20:45:00+00:00,99735.12355336852
2026-03-15 21:00:00+00:00,99735.12355336852
2026-03-15 21:15:00+00:00,99735.12355336852
2026-03-15 21:30:00+00:00,99735.12355336852
2026-03-15 21:45:00+00:00,99735.12355336852
2026-03-15 22:00:00+00:00,99735.12355336852
2026-03-15 22:15:00+00:00,99735.12355336852
2026-03-15 22:30:00+00:00,99735.12355336852
2026-03-15 22:45:00+00:00,99735.12355336852
2026-03-15 23:00:00+00:00,99735.12355336852
2026-03-15 23:15:00+00:00,99735.12355336852
2026-03-15 23:30:00+00:00,99735.12355336852
2026-03-15 23:45:00+00:00,99735.12355336852
2026-03-16 00:00:00+00:00,99735.12355336852
2026-03-16 00:15:00+00:00,99735.12355336852
2026-03-16 00:30:00+00:00,99735.12355336852
2026-03-16 00:45:00+00:00,99735.12355336852
2026-03-16 01:00:00+00:00,99735.12355336852
2026-03-16 01:15:00+00:00,99735.12355336852
2026-03-16 01:30:00+00:00,99735.12355336852
2026-03-16 01:45:00+00:00,99735.12355336852
2026-03-16 02:00:00+00:00,99735.12355336852
2026-03-16 02:15:00+00:00,99735.12355336852
2026-03-16 02:30:00+00:00,99735.12355336852
2026-03-16 02:45:00+00:00,99735.12355336852
2026-03-16 03:00:00+00:00,99735.12355336852
2026-03-16 03:15:00+00:00,99735.12355336852
2026-03-16 03:30:00+00:00,99735.12355336852
2026-03-16 03:45:00+00:00,99735.12355336852
2026-03-16 04:00:00+00:00,99735.12355336852
2026-03-16 04:15:00+00:00,99736.95156723006
2026-03-16 04:30:00+00:00,99736.40461623155
2026-03-16 04:45:00+00:00,99729.08114237116
2026-03-16 05:00:00+00:00,99729.08114237116
2026-03-16 05:15:00+00:00,99729.08114237116
2026-03-16 05:30:00+00:00,99729.08114237116
2026-03-16 05:45:00+00:00,99729.08114237116
2026-03-16 06:00:00+00:00,99729.08114237116
2026-03-16 06:15:00+00:00,99729.08114237116
2026-03-16 06:30:00+00:00,99729.08114237116
2026-03-16 06:45:00+00:00,99729.08114237116
2026-03-16 07:00:00+00:00,99729.08114237116
2026-03-16 07:15:00+00:00,99729.08114237116
2026-03-16 07:30:00+00:00,99729.08114237116
2026-03-16 07:45:00+00:00,99729.08114237116
2026-03-16 08:00:00+00:00,99729.08114237116
2026-03-16 08:15:00+00:00,99729.08114237116
2026-03-16 08:30:00+00:00,99729.08114237116
2026-03-16 08:45:00+00:00,99729.08114237116
2026-03-16 09:00:00+00:00,99729.08114237116
2026-03-16 09:15:00+00:00,99729.08114237116
2026-03-16 09:30:00+00:00,99729.08114237116
2026-03-16 09:45:00+00:00,99729.08114237116
2026-03-16 10:00:00+00:00,99729.08114237116
2026-03-16 10:15:00+00:00,99729.08114237116
2026-03-16 10:30:00+00:00,99729.08114237116
2026-03-16 10:45:00+00:00,99729.08114237116
2026-03-16 11:00:00+00:00,99729.08114237116
2026-03-16 11:15:00+00:00,99729.08114237116
2026-03-16 11:30:00+00:00,99729.08114237116
2026-03-16 11:45:00+00:00,99729.08114237116
2026-03-16 12:00:00+00:00,99729.08114237116
2026-03-16 12:15:00+00:00,99729.08114237116
2026-03-16 12:30:00+00:00,99729.08114237116
2026-03-16 12:45:00+00:00,99729.08114237116
2026-03-16 13:00:00+00:00,99729.08114237116
2026-03-16 13:15:00+00:00,99729.08114237116
2026-03-16 13:30:00+00:00,99729.08114237116
2026-03-16 13:45:00+00:00,99729.08114237116
2026-03-16 14:00:00+00:00,99729.08114237116
2026-03-16 14:15:00+00:00,99729.08114237116
2026-03-16 14:30:00+00:00,99729.08114237116
2026-03-16 14:45:00+00:00,99729.08114237116
2026-03-16 15:00:00+00:00,99729.08114237116
2026-03-16 15:15:00+00:00,99729.08114237116
2026-03-16 15:30:00+00:00,99729.08114237116
2026-03-16 15:45:00+00:00,99729.08114237116
2026-03-16 16:00:00+00:00,99729.08114237116
2026-03-16 16:15:00+00:00,99729.08114237116
2026-03-16 16:30:00+00:00,99729.08114237116
2026-03-16 16:45:00+00:00,99729.08114237116
2026-03-16 17:00:00+00:00,99729.08114237116
2026-03-16 17:15:00+00:00,99729.08114237116
2026-03-16 17:30:00+00:00,99729.08114237116
2026-03-16 17:45:00+00:00,99729.08114237116
2026-03-16 18:00:00+00:00,99729.08114237116
2026-03-16 18:15:00+00:00,99729.08114237116
2026-03-16 18:30:00+00:00,99729.08114237116
2026-03-16 18:45:00+00:00,99729.08114237116
2026-03-16 19:00:00+00:00,99729.08114237116
2026-03-16 19:15:00+00:00,99729.08114237116
2026-03-16 19:30:00+00:00,99729.08114237116
2026-03-16 19:45:00+00:00,99729.08114237116
2026-03-16 20:00:00+00:00,99729.08114237116
2026-03-16 20:15:00+00:00,99729.08114237116
2026-03-16 20:30:00+00:00,99729.08114237116
2026-03-16 20:45:00+00:00,99729.08114237116
2026-03-16 21:00:00+00:00,99729.08114237116
2026-03-16 21:15:00+00:00,99729.08114237116
2026-03-16 21:30:00+00:00,99729.08114237116
2026-03-16 21:45:00+00:00,99729.08114237116
2026-03-16 22:00:00+00:00,99729.08114237116
2026-03-16 22:15:00+00:00,99729.08114237116
2026-03-16 22:30:00+00:00,99729.08114237116
2026-03-16 22:45:00+00:00,99729.08114237116
2026-03-16 23:00:00+00:00,99729.08114237116
2026-03-16 23:15:00+00:00,99729.08114237116
2026-03-16 23:30:00+00:00,99729.08114237116
2026-03-16 23:45:00+00:00,99729.08114237116
2026-03-17 00:00:00+00:00,99729.08114237116
2026-03-17 00:15:00+00:00,99729.08114237116
2026-03-17 00:30:00+00:00,99729.08114237116
2026-03-17 00:45:00+00:00,99729.08114237116
2026-03-17 01:00:00+00:00,99729.08114237116
2026-03-17 01:15:00+00:00,99729.08114237116
2026-03-17 01:30:00+00:00,99729.08114237116
2026-03-17 01:45:00+00:00,99729.08114237116
2026-03-17 02:00:00+00:00,99729.08114237116
2026-03-17 02:15:00+00:00,99729.08114237116
2026-03-17 02:30:00+00:00,99729.08114237116
2026-03-17 02:45:00+00:00,99729.08114237116
2026-03-17 03:00:00+00:00,99729.08114237116
2026-03-17 03:15:00+00:00,99729.08114237116
2026-03-17 03:30:00+00:00,99729.08114237116
2026-03-17 03:45:00+00:00,99729.08114237116
2026-03-17 04:00:00+00:00,99729.08114237116
2026-03-17 04:15:00+00:00,99729.08114237116
2026-03-17 04:30:00+00:00,99729.08114237116
2026-03-17 04:45:00+00:00,99729.08114237116
2026-03-17 05:00:00+00:00,99729.08114237116
2026-03-17 05:15:00+00:00,99729.08114237116
2026-03-17 05:30:00+00:00,99729.08114237116
2026-03-17 05:45:00+00:00,99729.08114237116
2026-03-17 06:00:00+00:00,99729.08114237116
2026-03-17 06:15:00+00:00,99729.08114237116
2026-03-17 06:30:00+00:00,99729.08114237116
2026-03-17 06:45:00+00:00,99729.08114237116
2026-03-17 07:00:00+00:00,99729.08114237116
2026-03-17 07:15:00+00:00,99729.08114237116
2026-03-17 07:30:00+00:00,99729.08114237116
2026-03-17 07:45:00+00:00,99729.08114237116
2026-03-17 08:00:00+00:00,99729.08114237116
2026-03-17 08:15:00+00:00,99729.08114237116
2026-03-17 08:30:00+00:00,99729.08114237116
2026-03-17 08:45:00+00:00,99729.08114237116
2026-03-17 09:00:00+00:00,99729.08114237116
2026-03-17 09:15:00+00:00,99729.08114237116
2026-03-17 09:30:00+00:00,99729.08114237116
2026-03-17 09:45:00+00:00,99729.08114237116
2026-03-17 10:00:00+00:00,99729.08114237116
2026-03-17 10:15:00+00:00,99729.08114237116
2026-03-17 10:30:00+00:00,99729.08114237116
2026-03-17 10:45:00+00:00,99729.08114237116
2026-03-17 11:00:00+00:00,99729.08114237116
2026-03-17 11:15:00+00:00,99729.08114237116
2026-03-17 11:30:00+00:00,99729.08114237116
2026-03-17 11:45:00+00:00,99729.08114237116
2026-03-17 12:00:00+00:00,99729.08114237116
2026-03-17 12:15:00+00:00,99729.08114237116
2026-03-17 12:30:00+00:00,99729.08114237116
2026-03-17 12:45:00+00:00,99729.08114237116
2026-03-17 13:00:00+00:00,99729.08114237116
2026-03-17 13:15:00+00:00,99729.08114237116
2026-03-17 13:30:00+00:00,99729.08114237116
2026-03-17 13:45:00+00:00,99729.08114237116
2026-03-17 14:00:00+00:00,99729.08114237116
2026-03-17 14:15:00+00:00,99729.08114237116
2026-03-17 14:30:00+00:00,99729.08114237116
2026-03-17 14:45:00+00:00,99729.08114237116
2026-03-17 15:00:00+00:00,99729.08114237116
2026-03-17 15:15:00+00:00,99729.08114237116
2026-03-17 15:30:00+00:00,99729.08114237116
2026-03-17 15:45:00+00:00,99729.08114237116
2026-03-17 16:00:00+00:00,99729.08114237116
2026-03-17 16:15:00+00:00,99729.08114237116
2026-03-17 16:30:00+00:00,99729.08114237116
2026-03-17 16:45:00+00:00,99729.08114237116
2026-03-17 17:00:00+00:00,99729.08114237116
2026-03-17 17:15:00+00:00,99729.08114237116
2026-03-17 17:30:00+00:00,99729.08114237116
2026-03-17 17:45:00+00:00,99729.08114237116
2026-03-17 18:00:00+00:00,99729.08114237116
2026-03-17 18:15:00+00:00,99729.08114237116
2026-03-17 18:30:00+00:00,99729.08114237116
2026-03-17 18:45:00+00:00,99729.08114237116
2026-03-17 19:00:00+00:00,99729.08114237116
2026-03-17 19:15:00+00:00,99729.08114237116
2026-03-17 19:30:00+00:00,99729.08114237116
2026-03-17 19:45:00+00:00,99729.08114237116
2026-03-17 20:00:00+00:00,99729.08114237116
2026-03-17 20:15:00+00:00,99729.08114237116
2026-03-17 20:30:00+00:00,99729.08114237116
2026-03-17 20:45:00+00:00,99729.08114237116
2026-03-17 21:00:00+00:00,99729.08114237116
2026-03-17 21:15:00+00:00,99729.08114237116
2026-03-17 21:30:00+00:00,99729.08114237116
2026-03-17 21:45:00+00:00,99729.08114237116
2026-03-17 22:00:00+00:00,99729.08114237116
2026-03-17 22:15:00+00:00,99729.08114237116
2026-03-17 22:30:00+00:00,99729.08114237116
2026-03-17 22:45:00+00:00,99729.08114237116
2026-03-17 23:00:00+00:00,99729.08114237116
2026-03-17 23:15:00+00:00,99729.08114237116
2026-03-17 23:30:00+00:00,99729.08114237116
2026-03-17 23:45:00+00:00,99729.08114237116
2026-03-18 00:00:00+00:00,99729.08114237116
2026-03-18 00:15:00+00:00,99729.08114237116
2026-03-18 00:30:00+00:00,99729.08114237116
2026-03-18 00:45:00+00:00,99729.08114237116
2026-03-18 01:00:00+00:00,99729.08114237116
2026-03-18 01:15:00+00:00,99729.08114237116
2026-03-18 01:30:00+00:00,99729.08114237116
2026-03-18 01:45:00+00:00,99729.08114237116
2026-03-18 02:00:00+00:00,99729.08114237116
2026-03-18 02:15:00+00:00,99729.08114237116
2026-03-18 02:30:00+00:00,99729.08114237116
2026-03-18 02:45:00+00:00,99729.08114237116
2026-03-18 03:00:00+00:00,99729.08114237116
2026-03-18 03:15:00+00:00,99729.08114237116
2026-03-18 03:30:00+00:00,99729.08114237116
2026-03-18 03:45:00+00:00,99729.08114237116
2026-03-18 04:00:00+00:00,99729.08114237116
2026-03-18 04:15:00+00:00,99729.08114237116
2026-03-18 04:30:00+00:00,99729.08114237116
2026-03-18 04:45:00+00:00,99729.08114237116
2026-03-18 05:00:00+00:00,99729.08114237116
2026-03-18 05:15:00+00:00,99729.08114237116
2026-03-18 05:30:00+00:00,99729.08114237116
2026-03-18 05:45:00+00:00,99729.08114237116
2026-03-18 06:00:00+00:00,99729.08114237116
2026-03-18 06:15:00+00:00,99729.08114237116
2026-03-18 06:30:00+00:00,99729.08114237116
2026-03-18 06:45:00+00:00,99729.08114237116
2026-03-18 07:00:00+00:00,99729.08114237116
2026-03-18 07:15:00+00:00,99729.08114237116
2026-03-18 07:30:00+00:00,99729.08114237116
2026-03-18 07:45:00+00:00,99729.08114237116
2026-03-18 08:00:00+00:00,99729.08114237116
2026-03-18 08:15:00+00:00,99729.08114237116
2026-03-18 08:30:00+00:00,99729.08114237116
2026-03-18 08:45:00+00:00,99729.08114237116
2026-03-18 09:00:00+00:00,99729.08114237116
2026-03-18 09:15:00+00:00,99729.08114237116
2026-03-18 09:30:00+00:00,99729.08114237116
2026-03-18 09:45:00+00:00,99729.08114237116
2026-03-18 10:00:00+00:00,99729.08114237116
2026-03-18 10:15:00+00:00,99729.08114237116
2026-03-18 10:30:00+00:00,99729.08114237116
2026-03-18 10:45:00+00:00,99729.08114237116
2026-03-18 11:00:00+00:00,99729.08114237116
2026-03-18 11:15:00+00:00,99729.08114237116
2026-03-18 11:30:00+00:00,99729.08114237116
2026-03-18 11:45:00+00:00,99729.08114237116
2026-03-18 12:00:00+00:00,99729.08114237116
2026-03-18 12:15:00+00:00,99730.4627218858
2026-03-18 12:30:00+00:00,99719.35185492535
2026-03-18 12:45:00+00:00,99719.35185492535
2026-03-18 13:00:00+00:00,99719.35185492535
2026-03-18 13:15:00+00:00,99719.35185492535
2026-03-18 13:30:00+00:00,99719.35185492535
2026-03-18 13:45:00+00:00,99719.35185492535
2026-03-18 14:00:00+00:00,99719.35185492535
2026-03-18 14:15:00+00:00,99719.35185492535
2026-03-18 14:30:00+00:00,99719.35185492535
2026-03-18 14:45:00+00:00,99719.35185492535
2026-03-18 15:00:00+00:00,99719.35185492535
2026-03-18 15:15:00+00:00,99719.35185492535
2026-03-18 15:30:00+00:00,99719.35185492535
2026-03-18 15:45:00+00:00,99719.35185492535
2026-03-18 16:00:00+00:00,99719.35185492535
2026-03-18 16:15:00+00:00,99719.35185492535
2026-03-18 16:30:00+00:00,99719.35185492535
2026-03-18 16:45:00+00:00,99719.35185492535
2026-03-18 17:00:00+00:00,99719.35185492535
2026-03-18 17:15:00+00:00,99719.35185492535
2026-03-18 17:30:00+00:00,99719.35185492535
2026-03-18 17:45:00+00:00,99719.35185492535
2026-03-18 18:00:00+00:00,99719.35185492535
2026-03-18 18:15:00+00:00,99719.35185492535
2026-03-18 18:30:00+00:00,99719.35185492535
2026-03-18 18:45:00+00:00,99719.35185492535
2026-03-18 19:00:00+00:00,99719.35185492535
2026-03-18 19:15:00+00:00,99719.35185492535
2026-03-18 19:30:00+00:00,99719.35185492535
2026-03-18 19:45:00+00:00,99719.35185492535
2026-03-18 20:00:00+00:00,99719.35185492535
2026-03-18 20:15:00+00:00,99719.35185492535
2026-03-18 20:30:00+00:00,99719.35185492535
2026-03-18 20:45:00+00:00,99719.35185492535
2026-03-18 21:00:00+00:00,99719.35185492535
2026-03-18 21:15:00+00:00,99719.35185492535
2026-03-18 21:30:00+00:00,99719.35185492535
2026-03-18 21:45:00+00:00,99719.35185492535
2026-03-18 22:00:00+00:00,99719.35185492535
2026-03-18 22:15:00+00:00,99719.35185492535
2026-03-18 22:30:00+00:00,99719.35185492535
2026-03-18 22:45:00+00:00,99719.35185492535
2026-03-18 23:00:00+00:00,99719.35185492535
2026-03-18 23:15:00+00:00,99719.35185492535
2026-03-18 23:30:00+00:00,99719.35185492535
2026-03-18 23:45:00+00:00,99719.35185492535
2026-03-19 00:00:00+00:00,99719.35185492535
2026-03-19 00:15:00+00:00,99719.35185492535
2026-03-19 00:30:00+00:00,99719.35185492535
2026-03-19 00:45:00+00:00,99719.35185492535
2026-03-19 01:00:00+00:00,99719.35185492535
2026-03-19 01:15:00+00:00,99719.35185492535
2026-03-19 01:30:00+00:00,99719.35185492535
2026-03-19 01:45:00+00:00,99719.35185492535
2026-03-19 02:00:00+00:00,99719.35185492535
2026-03-19 02:15:00+00:00,99719.35185492535
2026-03-19 02:30:00+00:00,99719.35185492535
2026-03-19 02:45:00+00:00,99719.35185492535
2026-03-19 03:00:00+00:00,99719.35185492535
2026-03-19 03:15:00+00:00,99719.35185492535
2026-03-19 03:30:00+00:00,99719.35185492535
2026-03-19 03:45:00+00:00,99719.35185492535
2026-03-19 04:00:00+00:00,99719.35185492535
2026-03-19 04:15:00+00:00,99719.35185492535
2026-03-19 04:30:00+00:00,99719.35185492535
2026-03-19 04:45:00+00:00,99719.35185492535
2026-03-19 05:00:00+00:00,99719.35185492535
2026-03-19 05:15:00+00:00,99719.35185492535
2026-03-19 05:30:00+00:00,99719.35185492535
2026-03-19 05:45:00+00:00,99719.35185492535
2026-03-19 06:00:00+00:00,99719.35185492535
2026-03-19 06:15:00+00:00,99719.35185492535
2026-03-19 06:30:00+00:00,99719.35185492535
2026-03-19 06:45:00+00:00,99719.35185492535
2026-03-19 07:00:00+00:00,99719.35185492535
2026-03-19 07:15:00+00:00,99719.35185492535
2026-03-19 07:30:00+00:00,99719.35185492535
2026-03-19 07:45:00+00:00,99719.35185492535
2026-03-19 08:00:00+00:00,99719.35185492535
2026-03-19 08:15:00+00:00,99719.35185492535
2026-03-19 08:30:00+00:00,99719.35185492535
2026-03-19 08:45:00+00:00,99719.35185492535
2026-03-19 09:00:00+00:00,99719.35185492535
2026-03-19 09:15:00+00:00,99719.35185492535
2026-03-19 09:30:00+00:00,99719.35185492535
2026-03-19 09:45:00+00:00,99719.35185492535
2026-03-19 10:00:00+00:00,99719.35185492535
2026-03-19 10:15:00+00:00,99719.35185492535
2026-03-19 10:30:00+00:00,99719.35185492535
2026-03-19 10:45:00+00:00,99719.35185492535
2026-03-19 11:00:00+00:00,99719.35185492535
2026-03-19 11:15:00+00:00,99719.35185492535
2026-03-19 11:30:00+00:00,99719.35185492535
2026-03-19 11:45:00+00:00,99719.35185492535
2026-03-19 12:00:00+00:00,99719.35185492535
2026-03-19 12:15:00+00:00,99715.2664945661
2026-03-19 12:30:00+00:00,99716.0346734755
2026-03-19 12:45:00+00:00,99700.62830367072
2026-03-19 13:00:00+00:00,99700.62830367072
2026-03-19 13:15:00+00:00,99700.62830367072
2026-03-19 13:30:00+00:00,99700.62830367072
2026-03-19 13:45:00+00:00,99700.62830367072
2026-03-19 14:00:00+00:00,99700.62830367072
2026-03-19 14:15:00+00:00,99700.62830367072
2026-03-19 14:30:00+00:00,99700.62830367072
2026-03-19 14:45:00+00:00,99700.62830367072
2026-03-19 15:00:00+00:00,99700.62830367072
2026-03-19 15:15:00+00:00,99700.62830367072
2026-03-19 15:30:00+00:00,99700.62830367072
2026-03-19 15:45:00+00:00,99700.62830367072
2026-03-19 16:00:00+00:00,99700.62830367072
2026-03-19 16:15:00+00:00,99700.62830367072
2026-03-19 16:30:00+00:00,99700.62830367072
2026-03-19 16:45:00+00:00,99700.62830367072
2026-03-19 17:00:00+00:00,99700.62830367072
2026-03-19 17:15:00+00:00,99700.62830367072
2026-03-19 17:30:00+00:00,99700.62830367072
2026-03-19 17:45:00+00:00,99700.62830367072
2026-03-19 18:00:00+00:00,99700.62830367072
2026-03-19 18:15:00+00:00,99700.62830367072
2026-03-19 18:30:00+00:00,99700.62830367072
2026-03-19 18:45:00+00:00,99700.62830367072
2026-03-19 19:00:00+00:00,99700.62830367072
2026-03-19 19:15:00+00:00,99700.62830367072
2026-03-19 19:30:00+00:00,99700.62830367072
2026-03-19 19:45:00+00:00,99700.62830367072
2026-03-19 20:00:00+00:00,99700.62830367072
2026-03-19 20:15:00+00:00,99700.62830367072
2026-03-19 20:30:00+00:00,99700.62830367072
2026-03-19 20:45:00+00:00,99700.62830367072
2026-03-19 21:00:00+00:00,99700.62830367072
2026-03-19 21:15:00+00:00,99700.62830367072
2026-03-19 21:30:00+00:00,99700.62830367072
2026-03-19 21:45:00+00:00,99700.62830367072
2026-03-19 22:00:00+00:00,99700.62830367072
2026-03-19 22:15:00+00:00,99700.62830367072
2026-03-19 22:30:00+00:00,99700.62830367072
2026-03-19 22:45:00+00:00,99700.62830367072
2026-03-19 23:00:00+00:00,99700.62830367072
2026-03-19 23:15:00+00:00,99700.62830367072
2026-03-19 23:30:00+00:00,99700.62830367072
2026-03-19 23:45:00+00:00,99700.62830367072
2026-03-20 00:00:00+00:00,99700.62830367072
2026-03-20 00:15:00+00:00,99700.62830367072
2026-03-20 00:30:00+00:00,99700.62830367072
2026-03-20 00:45:00+00:00,99700.62830367072
2026-03-20 01:00:00+00:00,99700.62830367072
2026-03-20 01:15:00+00:00,99700.62830367072
2026-03-20 01:30:00+00:00,99700.62830367072
2026-03-20 01:45:00+00:00,99700.62830367072
2026-03-20 02:00:00+00:00,99700.62830367072
2026-03-20 02:15:00+00:00,99700.62830367072
2026-03-20 02:30:00+00:00,99700.62830367072
2026-03-20 02:45:00+00:00,99700.62830367072
2026-03-20 03:00:00+00:00,99700.62830367072
2026-03-20 03:15:00+00:00,99700.62830367072
2026-03-20 03:30:00+00:00,99700.62830367072
2026-03-20 03:45:00+00:00,99700.62830367072
2026-03-20 04:00:00+00:00,99700.62830367072
2026-03-20 04:15:00+00:00,99700.62830367072
2026-03-20 04:30:00+00:00,99700.62830367072
2026-03-20 04:45:00+00:00,99700.62830367072
2026-03-20 05:00:00+00:00,99700.62830367072
2026-03-20 05:15:00+00:00,99700.62830367072
2026-03-20 05:30:00+00:00,99700.62830367072
2026-03-20 05:45:00+00:00,99700.62830367072
2026-03-20 06:00:00+00:00,99700.62830367072
2026-03-20 06:15:00+00:00,99700.62830367072
2026-03-20 06:30:00+00:00,99700.62830367072
2026-03-20 06:45:00+00:00,99700.62830367072
2026-03-20 07:00:00+00:00,99700.62830367072
2026-03-20 07:15:00+00:00,99700.62830367072
2026-03-20 07:30:00+00:00,99700.62830367072
2026-03-20 07:45:00+00:00,99700.62830367072
2026-03-20 08:00:00+00:00,99700.62830367072
2026-03-20 08:15:00+00:00,99700.62830367072
2026-03-20 08:30:00+00:00,99700.62830367072
2026-03-20 08:45:00+00:00,99700.62830367072
2026-03-20 09:00:00+00:00,99700.62830367072
2026-03-20 09:15:00+00:00,99700.62830367072
2026-03-20 09:30:00+00:00,99700.62830367072
2026-03-20 09:45:00+00:00,99700.62830367072
2026-03-20 10:00:00+00:00,99700.62830367072
2026-03-20 10:15:00+00:00,99700.62830367072
2026-03-20 10:30:00+00:00,99700.62830367072
2026-03-20 10:45:00+00:00,99700.62830367072
2026-03-20 11:00:00+00:00,99700.62830367072
2026-03-20 11:15:00+00:00,99700.62830367072
2026-03-20 11:30:00+00:00,99700.62830367072
2026-03-20 11:45:00+00:00,99700.62830367072
2026-03-20 12:00:00+00:00,99700.62830367072
2026-03-20 12:15:00+00:00,99700.62830367072
2026-03-20 12:30:00+00:00,99700.62830367072
2026-03-20 12:45:00+00:00,99700.62830367072
2026-03-20 13:00:00+00:00,99700.62830367072
2026-03-20 13:15:00+00:00,99700.62830367072
2026-03-20 13:30:00+00:00,99700.62830367072
2026-03-20 13:45:00+00:00,99700.62830367072
2026-03-20 14:00:00+00:00,99700.62830367072
2026-03-20 14:15:00+00:00,99700.62830367072
2026-03-20 14:30:00+00:00,99700.62830367072
2026-03-20 14:45:00+00:00,99700.62830367072
2026-03-20 15:00:00+00:00,99700.62830367072
2026-03-20 15:15:00+00:00,99700.62830367072
2026-03-20 15:30:00+00:00,99700.62830367072
2026-03-20 15:45:00+00:00,99700.62830367072
2026-03-20 16:00:00+00:00,99700.62830367072
2026-03-20 16:15:00+00:00,99700.62830367072
2026-03-20 16:30:00+00:00,99700.62830367072
2026-03-20 16:45:00+00:00,99700.62830367072
2026-03-20 17:00:00+00:00,99700.62830367072
2026-03-20 17:15:00+00:00,99700.62830367072
2026-03-20 17:30:00+00:00,99700.62830367072
2026-03-20 17:45:00+00:00,99700.62830367072
2026-03-20 18:00:00+00:00,99700.62830367072
2026-03-20 18:15:00+00:00,99700.62830367072
2026-03-20 18:30:00+00:00,99700.62830367072
2026-03-20 18:45:00+00:00,99700.62830367072
2026-03-20 19:00:00+00:00,99700.62830367072
2026-03-20 19:15:00+00:00,99700.62830367072
2026-03-20 19:30:00+00:00,99700.62830367072
2026-03-20 19:45:00+00:00,99700.62830367072
2026-03-20 20:00:00+00:00,99700.62830367072
2026-03-20 20:15:00+00:00,99700.62830367072
2026-03-20 20:30:00+00:00,99700.62830367072
2026-03-20 20:45:00+00:00,99700.62830367072
2026-03-20 21:00:00+00:00,99700.62830367072
2026-03-20 21:15:00+00:00,99700.62830367072
2026-03-20 21:30:00+00:00,99700.62830367072
2026-03-20 21:45:00+00:00,99700.62830367072
2026-03-20 22:00:00+00:00,99700.62830367072
2026-03-20 22:15:00+00:00,99700.62830367072
2026-03-20 22:30:00+00:00,99700.62830367072
2026-03-20 22:45:00+00:00,99700.62830367072
2026-03-20 23:00:00+00:00,99700.62830367072
2026-03-20 23:15:00+00:00,99700.62830367072
2026-03-20 23:30:00+00:00,99700.62830367072
2026-03-20 23:45:00+00:00,99700.62830367072
2026-03-21 00:00:00+00:00,99700.62830367072
2026-03-21 00:15:00+00:00,99700.62830367072
2026-03-21 00:30:00+00:00,99700.62830367072
2026-03-21 00:45:00+00:00,99700.62830367072
2026-03-21 01:00:00+00:00,99700.62830367072
2026-03-21 01:15:00+00:00,99700.62830367072
2026-03-21 01:30:00+00:00,99700.62830367072
2026-03-21 01:45:00+00:00,99700.62830367072
2026-03-21 02:00:00+00:00,99700.62830367072
2026-03-21 02:15:00+00:00,99700.62830367072
2026-03-21 02:30:00+00:00,99700.62830367072
2026-03-21 02:45:00+00:00,99700.62830367072
2026-03-21 03:00:00+00:00,99700.62830367072
2026-03-21 03:15:00+00:00,99700.62830367072
2026-03-21 03:30:00+00:00,99700.62830367072
2026-03-21 03:45:00+00:00,99700.62830367072
2026-03-21 04:00:00+00:00,99700.62830367072
2026-03-21 04:15:00+00:00,99700.62830367072
2026-03-21 04:30:00+00:00,99700.62830367072
2026-03-21 04:45:00+00:00,99700.62830367072
2026-03-21 05:00:00+00:00,99700.62830367072
2026-03-21 05:15:00+00:00,99700.62830367072
2026-03-21 05:30:00+00:00,99700.62830367072
2026-03-21 05:45:00+00:00,99700.62830367072
2026-03-21 06:00:00+00:00,99700.62830367072
2026-03-21 06:15:00+00:00,99700.62830367072
2026-03-21 06:30:00+00:00,99700.62830367072
2026-03-21 06:45:00+00:00,99700.62830367072
2026-03-21 07:00:00+00:00,99700.62830367072
2026-03-21 07:15:00+00:00,99700.62830367072
2026-03-21 07:30:00+00:00,99700.62830367072
2026-03-21 07:45:00+00:00,99700.62830367072
2026-03-21 08:00:00+00:00,99700.62830367072
2026-03-21 08:15:00+00:00,99700.62830367072
2026-03-21 08:30:00+00:00,99700.62830367072
2026-03-21 08:45:00+00:00,99700.62830367072
2026-03-21 09:00:00+00:00,99700.62830367072
2026-03-21 09:15:00+00:00,99700.62830367072
2026-03-21 09:30:00+00:00,99700.62830367072
2026-03-21 09:45:00+00:00,99700.62830367072
2026-03-21 10:00:00+00:00,99700.62830367072
2026-03-21 10:15:00+00:00,99700.62830367072
2026-03-21 10:30:00+00:00,99700.62830367072
2026-03-21 10:45:00+00:00,99700.62830367072
2026-03-21 11:00:00+00:00,99700.62830367072
2026-03-21 11:15:00+00:00,99700.62830367072
2026-03-21 11:30:00+00:00,99700.62830367072
2026-03-21 11:45:00+00:00,99700.62830367072
2026-03-21 12:00:00+00:00,99700.62830367072
2026-03-21 12:15:00+00:00,99700.62830367072
2026-03-21 12:30:00+00:00,99700.62830367072
2026-03-21 12:45:00+00:00,99700.62830367072
2026-03-21 13:00:00+00:00,99700.62830367072
2026-03-21 13:15:00+00:00,99700.62830367072
2026-03-21 13:30:00+00:00,99700.62830367072
2026-03-21 13:45:00+00:00,99700.62830367072
2026-03-21 14:00:00+00:00,99700.62830367072
2026-03-21 14:15:00+00:00,99700.62830367072
2026-03-21 14:30:00+00:00,99700.62830367072
2026-03-21 14:45:00+00:00,99700.62830367072
2026-03-21 15:00:00+00:00,99700.62830367072
2026-03-21 15:15:00+00:00,99700.62830367072
2026-03-21 15:30:00+00:00,99700.62830367072
2026-03-21 15:45:00+00:00,99700.62830367072
2026-03-21 16:00:00+00:00,99700.62830367072
2026-03-21 16:15:00+00:00,99700.62830367072
2026-03-21 16:30:00+00:00,99700.62830367072
2026-03-21 16:45:00+00:00,99700.62830367072
2026-03-21 17:00:00+00:00,99700.62830367072
2026-03-21 17:15:00+00:00,99700.62830367072
2026-03-21 17:30:00+00:00,99700.62830367072
2026-03-21 17:45:00+00:00,99700.62830367072
2026-03-21 18:00:00+00:00,99700.62830367072
2026-03-21 18:15:00+00:00,99700.62830367072
2026-03-21 18:30:00+00:00,99700.62830367072
2026-03-21 18:45:00+00:00,99700.62830367072
2026-03-21 19:00:00+00:00,99700.62830367072
2026-03-21 19:15:00+00:00,99700.62830367072
2026-03-21 19:30:00+00:00,99700.62830367072
2026-03-21 19:45:00+00:00,99700.62830367072
2026-03-21 20:00:00+00:00,99700.62830367072
2026-03-21 20:15:00+00:00,99700.62830367072
2026-03-21 20:30:00+00:00,99700.62830367072
2026-03-21 20:45:00+00:00,99700.62830367072
2026-03-21 21:00:00+00:00,99700.62830367072
2026-03-21 21:15:00+00:00,99700.62830367072
2026-03-21 21:30:00+00:00,99700.62830367072
2026-03-21 21:45:00+00:00,99700.62830367072
2026-03-21 22:00:00+00:00,99700.62830367072
2026-03-21 22:15:00+00:00,99700.62830367072
2026-03-21 22:30:00+00:00,99700.62830367072
2026-03-21 22:45:00+00:00,99700.62830367072
2026-03-21 23:00:00+00:00,99700.62830367072
2026-03-21 23:15:00+00:00,99700.62830367072
2026-03-21 23:30:00+00:00,99700.62830367072
2026-03-21 23:45:00+00:00,99700.62830367072
2026-03-22 00:00:00+00:00,99700.62830367072
2026-03-22 00:15:00+00:00,99700.62830367072
2026-03-22 00:30:00+00:00,99700.62830367072
2026-03-22 00:45:00+00:00,99700.62830367072
2026-03-22 01:00:00+00:00,99700.62830367072
2026-03-22 01:15:00+00:00,99700.62830367072
2026-03-22 01:30:00+00:00,99700.62830367072
2026-03-22 01:45:00+00:00,99700.62830367072
2026-03-22 02:00:00+00:00,99700.62830367072
2026-03-22 02:15:00+00:00,99700.62830367072
2026-03-22 02:30:00+00:00,99700.62830367072
2026-03-22 02:45:00+00:00,99700.62830367072
2026-03-22 03:00:00+00:00,99700.62830367072
2026-03-22 03:15:00+00:00,99700.62830367072
2026-03-22 03:30:00+00:00,99700.62830367072
2026-03-22 03:45:00+00:00,99700.62830367072
2026-03-22 04:00:00+00:00,99700.62830367072
2026-03-22 04:15:00+00:00,99700.62830367072
2026-03-22 04:30:00+00:00,99700.62830367072
2026-03-22 04:45:00+00:00,99700.62830367072
2026-03-22 05:00:00+00:00,99700.62830367072
2026-03-22 05:15:00+00:00,99700.62830367072
2026-03-22 05:30:00+00:00,99700.62830367072
2026-03-22 05:45:00+00:00,99700.62830367072
2026-03-22 06:00:00+00:00,99700.62830367072
2026-03-22 06:15:00+00:00,99700.62830367072
2026-03-22 06:30:00+00:00,99700.62830367072
2026-03-22 06:45:00+00:00,99700.62830367072
2026-03-22 07:00:00+00:00,99700.62830367072
2026-03-22 07:15:00+00:00,99700.62830367072
2026-03-22 07:30:00+00:00,99700.62830367072
2026-03-22 07:45:00+00:00,99700.62830367072
2026-03-22 08:00:00+00:00,99700.62830367072
2026-03-22 08:15:00+00:00,99700.62830367072
2026-03-22 08:30:00+00:00,99700.62830367072
2026-03-22 08:45:00+00:00,99700.62830367072
2026-03-22 09:00:00+00:00,99700.62830367072
2026-03-22 09:15:00+00:00,99700.62830367072
2026-03-22 09:30:00+00:00,99700.62830367072
2026-03-22 09:45:00+00:00,99700.62830367072
2026-03-22 10:00:00+00:00,99700.62830367072
2026-03-22 10:15:00+00:00,99700.62830367072
2026-03-22 10:30:00+00:00,99700.62830367072
2026-03-22 10:45:00+00:00,99700.62830367072
2026-03-22 11:00:00+00:00,99700.62830367072
2026-03-22 11:15:00+00:00,99700.62830367072
2026-03-22 11:30:00+00:00,99700.62830367072
2026-03-22 11:45:00+00:00,99700.62830367072
2026-03-22 12:00:00+00:00,99700.62830367072
2026-03-22 12:15:00+00:00,99700.62830367072
2026-03-22 12:30:00+00:00,99700.62830367072
2026-03-22 12:45:00+00:00,99700.62830367072
2026-03-22 13:00:00+00:00,99700.62830367072
2026-03-22 13:15:00+00:00,99700.62830367072
2026-03-22 13:30:00+00:00,99700.62830367072
2026-03-22 13:45:00+00:00,99700.62830367072
2026-03-22 14:00:00+00:00,99700.62830367072
2026-03-22 14:15:00+00:00,99700.62830367072
2026-03-22 14:30:00+00:00,99700.62830367072
2026-03-22 14:45:00+00:00,99700.62830367072
2026-03-22 15:00:00+00:00,99700.62830367072
2026-03-22 15:15:00+00:00,99700.62830367072
2026-03-22 15:30:00+00:00,99700.62830367072
2026-03-22 15:45:00+00:00,99700.62830367072
2026-03-22 16:00:00+00:00,99700.62830367072
2026-03-22 16:15:00+00:00,99700.62830367072
2026-03-22 16:30:00+00:00,99700.62830367072
2026-03-22 16:45:00+00:00,99700.62830367072
2026-03-22 17:00:00+00:00,99700.62830367072
2026-03-22 17:15:00+00:00,99700.62830367072
2026-03-22 17:30:00+00:00,99700.62830367072
2026-03-22 17:45:00+00:00,99700.62830367072
2026-03-22 18:00:00+00:00,99700.62830367072
2026-03-22 18:15:00+00:00,99700.62830367072
2026-03-22 18:30:00+00:00,99700.62830367072
2026-03-22 18:45:00+00:00,99700.62830367072
2026-03-22 19:00:00+00:00,99700.62830367072
2026-03-22 19:15:00+00:00,99700.62830367072
2026-03-22 19:30:00+00:00,99700.62830367072
2026-03-22 19:45:00+00:00,99700.62830367072
2026-03-22 20:00:00+00:00,99700.62830367072
2026-03-22 20:15:00+00:00,99700.62830367072
2026-03-22 20:30:00+00:00,99700.62830367072
2026-03-22 20:45:00+00:00,99700.62830367072
2026-03-22 21:00:00+00:00,99700.62830367072
2026-03-22 21:15:00+00:00,99700.62830367072
2026-03-22 21:30:00+00:00,99700.62830367072
2026-03-22 21:45:00+00:00,99700.62830367072
2026-03-22 22:00:00+00:00,99700.62830367072
2026-03-22 22:15:00+00:00,99700.62830367072
2026-03-22 22:30:00+00:00,99700.62830367072
2026-03-22 22:45:00+00:00,99700.62830367072
2026-03-22 23:00:00+00:00,99700.62830367072
2026-03-22 23:15:00+00:00,99700.62830367072
2026-03-22 23:30:00+00:00,99700.62830367072
2026-03-22 23:45:00+00:00,99700.62830367072
2026-03-23 00:00:00+00:00,99700.62830367072
2026-03-23 00:15:00+00:00,99700.62830367072
2026-03-23 00:30:00+00:00,99700.62830367072
2026-03-23 00:45:00+00:00,99700.62830367072
2026-03-23 01:00:00+00:00,99700.62830367072
2026-03-23 01:15:00+00:00,99700.62830367072
2026-03-23 01:30:00+00:00,99700.62830367072
2026-03-23 01:45:00+00:00,99700.62830367072
2026-03-23 02:00:00+00:00,99700.62830367072
2026-03-23 02:15:00+00:00,99700.62830367072
2026-03-23 02:30:00+00:00,99700.62830367072
2026-03-23 02:45:00+00:00,99700.62830367072
2026-03-23 03:00:00+00:00,99700.62830367072
2026-03-23 03:15:00+00:00,99700.62830367072
2026-03-23 03:30:00+00:00,99700.62830367072
2026-03-23 03:45:00+00:00,99700.62830367072
2026-03-23 04:00:00+00:00,99700.62830367072
2026-03-23 04:15:00+00:00,99700.62830367072
2026-03-23 04:30:00+00:00,99700.62830367072
2026-03-23 04:45:00+00:00,99700.62830367072
2026-03-23 05:00:00+00:00,99700.62830367072
2026-03-23 05:15:00+00:00,99700.62830367072
2026-03-23 05:30:00+00:00,99700.62830367072
2026-03-23 05:45:00+00:00,99700.62830367072
2026-03-23 06:00:00+00:00,99700.62830367072
2026-03-23 06:15:00+00:00,99700.62830367072
2026-03-23 06:30:00+00:00,99700.62830367072
2026-03-23 06:45:00+00:00,99700.62830367072
2026-03-23 07:00:00+00:00,99700.62830367072
2026-03-23 07:15:00+00:00,99700.62830367072
2026-03-23 07:30:00+00:00,99700.62830367072
2026-03-23 07:45:00+00:00,99700.62830367072
2026-03-23 08:00:00+00:00,99700.62830367072
2026-03-23 08:15:00+00:00,99704.57604651873
2026-03-23 08:30:00+00:00,99702.92014555681
2026-03-23 08:45:00+00:00,99705.34764488036
2026-03-23 09:00:00+00:00,99708.65288339197
2026-03-23 09:15:00+00:00,99709.22872358278
2026-03-23 09:30:00+00:00,99711.66599039389
2026-03-23 09:45:00+00:00,99714.08858389298
2026-03-23 10:00:00+00:00,99714.08858389298
2026-03-23 10:15:00+00:00,99714.08858389298
2026-03-23 10:30:00+00:00,99714.08858389298
2026-03-23 10:45:00+00:00,99714.08858389298
2026-03-23 11:00:00+00:00,99714.08858389298
2026-03-23 11:15:00+00:00,99714.08858389298
2026-03-23 11:30:00+00:00,99714.08858389298
2026-03-23 11:45:00+00:00,99714.08858389298
2026-03-23 12:00:00+00:00,99714.08858389298
2026-03-23 12:15:00+00:00,99706.43509431313
2026-03-23 12:30:00+00:00,99698.60941187596
2026-03-23 12:45:00+00:00,99697.90924238323
2026-03-23 13:00:00+00:00,99697.95975915265
2026-03-23 13:15:00+00:00,99696.5653216863
2026-03-23 13:30:00+00:00,99665.85849256812
2026-03-23 13:45:00+00:00,99665.85849256812
2026-03-23 14:00:00+00:00,99665.85849256812
2026-03-23 14:15:00+00:00,99665.85849256812
2026-03-23 14:30:00+00:00,99665.85849256812
2026-03-23 14:45:00+00:00,99665.85849256812
2026-03-23 15:00:00+00:00,99665.85849256812
2026-03-23 15:15:00+00:00,99665.85849256812
2026-03-23 15:30:00+00:00,99665.85849256812
2026-03-23 15:45:00+00:00,99665.85849256812
2026-03-23 16:00:00+00:00,99665.85849256812
2026-03-23 16:15:00+00:00,99665.85849256812
2026-03-23 16:30:00+00:00,99665.85849256812
2026-03-23 16:45:00+00:00,99665.85849256812
2026-03-23 17:00:00+00:00,99665.85849256812
2026-03-23 17:15:00+00:00,99665.85849256812
2026-03-23 17:30:00+00:00,99665.85849256812
2026-03-23 17:45:00+00:00,99665.85849256812
2026-03-23 18:00:00+00:00,99665.85849256812
2026-03-23 18:15:00+00:00,99665.85849256812
2026-03-23 18:30:00+00:00,99665.85849256812
2026-03-23 18:45:00+00:00,99665.85849256812
2026-03-23 19:00:00+00:00,99665.85849256812
2026-03-23 19:15:00+00:00,99665.85849256812
2026-03-23 19:30:00+00:00,99665.85849256812
2026-03-23 19:45:00+00:00,99665.85849256812
2026-03-23 20:00:00+00:00,99665.85849256812
2026-03-23 20:15:00+00:00,99665.85849256812
2026-03-23 20:30:00+00:00,99665.85849256812
2026-03-23 20:45:00+00:00,99665.85849256812
2026-03-23 21:00:00+00:00,99665.85849256812
2026-03-23 21:15:00+00:00,99665.85849256812
2026-03-23 21:30:00+00:00,99665.85849256812
2026-03-23 21:45:00+00:00,99665.85849256812
2026-03-23 22:00:00+00:00,99665.85849256812
2026-03-23 22:15:00+00:00,99665.85849256812
2026-03-23 22:30:00+00:00,99665.85849256812
2026-03-23 22:45:00+00:00,99665.85849256812
2026-03-23 23:00:00+00:00,99665.85849256812
2026-03-23 23:15:00+00:00,99665.85849256812
2026-03-23 23:30:00+00:00,99665.85849256812
2026-03-23 23:45:00+00:00,99665.85849256812
2026-03-24 00:00:00+00:00,99665.85849256812
2026-03-24 00:15:00+00:00,99665.85849256812
2026-03-24 00:30:00+00:00,99665.85849256812
2026-03-24 00:45:00+00:00,99665.85849256812
2026-03-24 01:00:00+00:00,99665.85849256812
2026-03-24 01:15:00+00:00,99665.85849256812
2026-03-24 01:30:00+00:00,99665.85849256812
2026-03-24 01:45:00+00:00,99665.85849256812
2026-03-24 02:00:00+00:00,99665.85849256812
2026-03-24 02:15:00+00:00,99665.85849256812
2026-03-24 02:30:00+00:00,99665.85849256812
2026-03-24 02:45:00+00:00,99665.85849256812
2026-03-24 03:00:00+00:00,99665.85849256812
2026-03-24 03:15:00+00:00,99665.85849256812
2026-03-24 03:30:00+00:00,99665.85849256812
2026-03-24 03:45:00+00:00,99665.85849256812
2026-03-24 04:00:00+00:00,99665.85849256812
2026-03-24 04:15:00+00:00,99665.85849256812
2026-03-24 04:30:00+00:00,99665.85849256812
2026-03-24 04:45:00+00:00,99665.85849256812
2026-03-24 05:00:00+00:00,99665.85849256812
2026-03-24 05:15:00+00:00,99665.85849256812
2026-03-24 05:30:00+00:00,99665.85849256812
2026-03-24 05:45:00+00:00,99665.85849256812
2026-03-24 06:00:00+00:00,99665.85849256812
2026-03-24 06:15:00+00:00,99665.85849256812
2026-03-24 06:30:00+00:00,99665.85849256812
2026-03-24 06:45:00+00:00,99665.85849256812
2026-03-24 07:00:00+00:00,99665.85849256812
2026-03-24 07:15:00+00:00,99665.85849256812
2026-03-24 07:30:00+00:00,99665.85849256812
2026-03-24 07:45:00+00:00,99665.85849256812
2026-03-24 08:00:00+00:00,99665.85849256812
2026-03-24 08:15:00+00:00,99665.85849256812
2026-03-24 08:30:00+00:00,99665.85849256812
2026-03-24 08:45:00+00:00,99665.85849256812
2026-03-24 09:00:00+00:00,99665.85849256812
2026-03-24 09:15:00+00:00,99665.85849256812
2026-03-24 09:30:00+00:00,99665.85849256812
2026-03-24 09:45:00+00:00,99665.85849256812
2026-03-24 10:00:00+00:00,99665.85849256812
2026-03-24 10:15:00+00:00,99665.85849256812
2026-03-24 10:30:00+00:00,99665.85849256812
2026-03-24 10:45:00+00:00,99665.85849256812
2026-03-24 11:00:00+00:00,99665.85849256812
2026-03-24 11:15:00+00:00,99665.85849256812
2026-03-24 11:30:00+00:00,99665.85849256812
2026-03-24 11:45:00+00:00,99665.85849256812
2026-03-24 12:00:00+00:00,99665.85849256812
2026-03-24 12:15:00+00:00,99665.85849256812
2026-03-24 12:30:00+00:00,99665.85849256812
2026-03-24 12:45:00+00:00,99665.85849256812
2026-03-24 13:00:00+00:00,99665.85849256812
2026-03-24 13:15:00+00:00,99665.85849256812
2026-03-24 13:30:00+00:00,99665.85849256812
2026-03-24 13:45:00+00:00,99665.85849256812
2026-03-24 14:00:00+00:00,99665.85849256812
2026-03-24 14:15:00+00:00,99665.85849256812
2026-03-24 14:30:00+00:00,99665.85849256812
2026-03-24 14:45:00+00:00,99665.85849256812
2026-03-24 15:00:00+00:00,99665.85849256812
2026-03-24 15:15:00+00:00,99665.85849256812
2026-03-24 15:30:00+00:00,99665.85849256812
2026-03-24 15:45:00+00:00,99665.85849256812
2026-03-24 16:00:00+00:00,99665.85849256812
2026-03-24 16:15:00+00:00,99665.85849256812
2026-03-24 16:30:00+00:00,99665.85849256812
2026-03-24 16:45:00+00:00,99665.85849256812
2026-03-24 17:00:00+00:00,99665.85849256812
2026-03-24 17:15:00+00:00,99665.85849256812
2026-03-24 17:30:00+00:00,99665.85849256812
2026-03-24 17:45:00+00:00,99665.85849256812
2026-03-24 18:00:00+00:00,99665.85849256812
2026-03-24 18:15:00+00:00,99665.85849256812
2026-03-24 18:30:00+00:00,99665.85849256812
2026-03-24 18:45:00+00:00,99665.85849256812
2026-03-24 19:00:00+00:00,99665.85849256812
2026-03-24 19:15:00+00:00,99665.85849256812
2026-03-24 19:30:00+00:00,99665.85849256812
2026-03-24 19:45:00+00:00,99665.85849256812
2026-03-24 20:00:00+00:00,99665.85849256812
2026-03-24 20:15:00+00:00,99665.85849256812
2026-03-24 20:30:00+00:00,99665.85849256812
2026-03-24 20:45:00+00:00,99665.85849256812
2026-03-24 21:00:00+00:00,99665.85849256812
2026-03-24 21:15:00+00:00,99665.85849256812
2026-03-24 21:30:00+00:00,99665.85849256812
2026-03-24 21:45:00+00:00,99665.85849256812
2026-03-24 22:00:00+00:00,99665.85849256812
2026-03-24 22:15:00+00:00,99665.85849256812
2026-03-24 22:30:00+00:00,99665.85849256812
2026-03-24 22:45:00+00:00,99665.85849256812
2026-03-24 23:00:00+00:00,99665.85849256812
2026-03-24 23:15:00+00:00,99665.85849256812
2026-03-24 23:30:00+00:00,99665.85849256812
2026-03-24 23:45:00+00:00,99665.85849256812
2026-03-25 00:00:00+00:00,99665.85849256812
2026-03-25 00:15:00+00:00,99665.85849256812
2026-03-25 00:30:00+00:00,99665.85849256812
2026-03-25 00:45:00+00:00,99665.85849256812
2026-03-25 01:00:00+00:00,99665.85849256812
2026-03-25 01:15:00+00:00,99665.85849256812
2026-03-25 01:30:00+00:00,99665.85849256812
2026-03-25 01:45:00+00:00,99665.85849256812
2026-03-25 02:00:00+00:00,99665.85849256812
2026-03-25 02:15:00+00:00,99665.85849256812
2026-03-25 02:30:00+00:00,99665.85849256812
2026-03-25 02:45:00+00:00,99665.85849256812
2026-03-25 03:00:00+00:00,99665.85849256812
2026-03-25 03:15:00+00:00,99665.85849256812
2026-03-25 03:30:00+00:00,99665.85849256812
2026-03-25 03:45:00+00:00,99665.85849256812
2026-03-25 04:00:00+00:00,99665.85849256812
2026-03-25 04:15:00+00:00,99665.85849256812
2026-03-25 04:30:00+00:00,99665.85849256812
2026-03-25 04:45:00+00:00,99665.85849256812
2026-03-25 05:00:00+00:00,99665.85849256812
2026-03-25 05:15:00+00:00,99665.85849256812
2026-03-25 05:30:00+00:00,99665.85849256812
2026-03-25 05:45:00+00:00,99665.85849256812
2026-03-25 06:00:00+00:00,99665.85849256812
2026-03-25 06:15:00+00:00,99665.85849256812
2026-03-25 06:30:00+00:00,99665.85849256812
2026-03-25 06:45:00+00:00,99665.85849256812
2026-03-25 07:00:00+00:00,99665.85849256812
2026-03-25 07:15:00+00:00,99665.85849256812
2026-03-25 07:30:00+00:00,99665.85849256812
2026-03-25 07:45:00+00:00,99665.85849256812
2026-03-25 08:00:00+00:00,99665.85849256812
2026-03-25 08:15:00+00:00,99665.85849256812
2026-03-25 08:30:00+00:00,99665.85849256812
2026-03-25 08:45:00+00:00,99665.85849256812
2026-03-25 09:00:00+00:00,99665.85849256812
2026-03-25 09:15:00+00:00,99665.85849256812
2026-03-25 09:30:00+00:00,99665.85849256812
2026-03-25 09:45:00+00:00,99665.85849256812
2026-03-25 10:00:00+00:00,99665.85849256812
2026-03-25 10:15:00+00:00,99665.85849256812
2026-03-25 10:30:00+00:00,99665.85849256812
2026-03-25 10:45:00+00:00,99665.85849256812
2026-03-25 11:00:00+00:00,99665.85849256812
2026-03-25 11:15:00+00:00,99665.85849256812
2026-03-25 11:30:00+00:00,99665.85849256812
2026-03-25 11:45:00+00:00,99665.85849256812
2026-03-25 12:00:00+00:00,99665.85849256812
2026-03-25 12:15:00+00:00,99665.85849256812
2026-03-25 12:30:00+00:00,99665.85849256812
2026-03-25 12:45:00+00:00,99665.85849256812
2026-03-25 13:00:00+00:00,99665.85849256812
2026-03-25 13:15:00+00:00,99665.85849256812
2026-03-25 13:30:00+00:00,99665.85849256812
2026-03-25 13:45:00+00:00,99665.85849256812
2026-03-25 14:00:00+00:00,99665.85849256812
2026-03-25 14:15:00+00:00,99665.85849256812
2026-03-25 14:30:00+00:00,99665.85849256812
2026-03-25 14:45:00+00:00,99665.85849256812
2026-03-25 15:00:00+00:00,99665.85849256812
2026-03-25 15:15:00+00:00,99665.85849256812
2026-03-25 15:30:00+00:00,99665.85849256812
2026-03-25 15:45:00+00:00,99665.85849256812
2026-03-25 16:00:00+00:00,99665.85849256812
2026-03-25 16:15:00+00:00,99665.85849256812
2026-03-25 16:30:00+00:00,99665.85849256812
2026-03-25 16:45:00+00:00,99665.85849256812
2026-03-25 17:00:00+00:00,99665.85849256812
2026-03-25 17:15:00+00:00,99665.85849256812
2026-03-25 17:30:00+00:00,99665.85849256812
2026-03-25 17:45:00+00:00,99665.85849256812
2026-03-25 18:00:00+00:00,99665.85849256812
2026-03-25 18:15:00+00:00,99665.85849256812
2026-03-25 18:30:00+00:00,99665.85849256812
2026-03-25 18:45:00+00:00,99665.85849256812
2026-03-25 19:00:00+00:00,99665.85849256812
2026-03-25 19:15:00+00:00,99665.85849256812
2026-03-25 19:30:00+00:00,99665.85849256812
2026-03-25 19:45:00+00:00,99665.85849256812
2026-03-25 20:00:00+00:00,99665.85849256812
2026-03-25 20:15:00+00:00,99665.85849256812
2026-03-25 20:30:00+00:00,99665.85849256812
2026-03-25 20:45:00+00:00,99665.85849256812
2026-03-25 21:00:00+00:00,99665.85849256812
2026-03-25 21:15:00+00:00,99665.85849256812
2026-03-25 21:30:00+00:00,99665.85849256812
2026-03-25 21:45:00+00:00,99665.85849256812
2026-03-25 22:00:00+00:00,99665.85849256812
2026-03-25 22:15:00+00:00,99665.85849256812
2026-03-25 22:30:00+00:00,99665.85849256812
2026-03-25 22:45:00+00:00,99665.85849256812
2026-03-25 23:00:00+00:00,99665.85849256812
2026-03-25 23:15:00+00:00,99665.85849256812
2026-03-25 23:30:00+00:00,99665.85849256812
2026-03-25 23:45:00+00:00,99665.85849256812
2026-03-26 00:00:00+00:00,99665.85849256812
2026-03-26 00:15:00+00:00,99665.85849256812
2026-03-26 00:30:00+00:00,99665.85849256812
2026-03-26 00:45:00+00:00,99665.85849256812
2026-03-26 01:00:00+00:00,99665.85849256812
2026-03-26 01:15:00+00:00,99665.85849256812
2026-03-26 01:30:00+00:00,99665.85849256812
2026-03-26 01:45:00+00:00,99665.85849256812
2026-03-26 02:00:00+00:00,99665.85849256812
2026-03-26 02:15:00+00:00,99665.85849256812
2026-03-26 02:30:00+00:00,99665.85849256812
2026-03-26 02:45:00+00:00,99665.85849256812
2026-03-26 03:00:00+00:00,99665.85849256812
2026-03-26 03:15:00+00:00,99665.85849256812
2026-03-26 03:30:00+00:00,99665.85849256812
2026-03-26 03:45:00+00:00,99665.85849256812
2026-03-26 04:00:00+00:00,99665.85849256812
2026-03-26 04:15:00+00:00,99665.85849256812
2026-03-26 04:30:00+00:00,99665.85849256812
2026-03-26 04:45:00+00:00,99665.85849256812
2026-03-26 05:00:00+00:00,99665.85849256812
2026-03-26 05:15:00+00:00,99665.85849256812
2026-03-26 05:30:00+00:00,99665.85849256812
2026-03-26 05:45:00+00:00,99665.85849256812
2026-03-26 06:00:00+00:00,99665.85849256812
2026-03-26 06:15:00+00:00,99665.85849256812
2026-03-26 06:30:00+00:00,99665.85849256812
2026-03-26 06:45:00+00:00,99665.85849256812
2026-03-26 07:00:00+00:00,99665.85849256812
2026-03-26 07:15:00+00:00,99665.85849256812
2026-03-26 07:30:00+00:00,99665.85849256812
2026-03-26 07:45:00+00:00,99665.85849256812
2026-03-26 08:00:00+00:00,99665.85849256812
2026-03-26 08:15:00+00:00,99665.85849256812
2026-03-26 08:30:00+00:00,99665.85849256812
2026-03-26 08:45:00+00:00,99665.85849256812
2026-03-26 09:00:00+00:00,99665.85849256812
2026-03-26 09:15:00+00:00,99665.85849256812
2026-03-26 09:30:00+00:00,99665.85849256812
2026-03-26 09:45:00+00:00,99665.85849256812
2026-03-26 10:00:00+00:00,99665.85849256812
2026-03-26 10:15:00+00:00,99665.85849256812
2026-03-26 10:30:00+00:00,99665.85849256812
2026-03-26 10:45:00+00:00,99665.85849256812
2026-03-26 11:00:00+00:00,99665.85849256812
2026-03-26 11:15:00+00:00,99665.85849256812
2026-03-26 11:30:00+00:00,99665.85849256812
2026-03-26 11:45:00+00:00,99665.85849256812
2026-03-26 12:00:00+00:00,99665.85849256812
2026-03-26 12:15:00+00:00,99665.85849256812
2026-03-26 12:30:00+00:00,99665.85849256812
2026-03-26 12:45:00+00:00,99665.85849256812
2026-03-26 13:00:00+00:00,99665.85849256812
2026-03-26 13:15:00+00:00,99665.85849256812
2026-03-26 13:30:00+00:00,99665.85849256812
2026-03-26 13:45:00+00:00,99665.85849256812
2026-03-26 14:00:00+00:00,99665.85849256812
2026-03-26 14:15:00+00:00,99665.85849256812
2026-03-26 14:30:00+00:00,99665.85849256812
2026-03-26 14:45:00+00:00,99665.85849256812
2026-03-26 15:00:00+00:00,99665.85849256812
2026-03-26 15:15:00+00:00,99665.85849256812
2026-03-26 15:30:00+00:00,99665.85849256812
2026-03-26 15:45:00+00:00,99665.85849256812
2026-03-26 16:00:00+00:00,99665.85849256812
2026-03-26 16:15:00+00:00,99665.85849256812
2026-03-26 16:30:00+00:00,99665.85849256812
2026-03-26 16:45:00+00:00,99665.85849256812
2026-03-26 17:00:00+00:00,99665.85849256812
2026-03-26 17:15:00+00:00,99665.85849256812
2026-03-26 17:30:00+00:00,99665.85849256812
2026-03-26 17:45:00+00:00,99665.85849256812
2026-03-26 18:00:00+00:00,99665.85849256812
2026-03-26 18:15:00+00:00,99665.85849256812
2026-03-26 18:30:00+00:00,99665.85849256812
2026-03-26 18:45:00+00:00,99665.85849256812
2026-03-26 19:00:00+00:00,99665.85849256812
2026-03-26 19:15:00+00:00,99665.85849256812
2026-03-26 19:30:00+00:00,99665.85849256812
2026-03-26 19:45:00+00:00,99665.85849256812
2026-03-26 20:00:00+00:00,99665.85849256812
2026-03-26 20:15:00+00:00,99665.85849256812
2026-03-26 20:30:00+00:00,99665.85849256812
2026-03-26 20:45:00+00:00,99665.85849256812
2026-03-26 21:00:00+00:00,99665.85849256812
2026-03-26 21:15:00+00:00,99665.85849256812
2026-03-26 21:30:00+00:00,99665.85849256812
2026-03-26 21:45:00+00:00,99665.85849256812
2026-03-26 22:00:00+00:00,99665.85849256812
2026-03-26 22:15:00+00:00,99665.85849256812
2026-03-26 22:30:00+00:00,99665.85849256812
2026-03-26 22:45:00+00:00,99665.85849256812
2026-03-26 23:00:00+00:00,99665.85849256812
2026-03-26 23:15:00+00:00,99665.85849256812
2026-03-26 23:30:00+00:00,99665.85849256812
2026-03-26 23:45:00+00:00,99665.85849256812
2026-03-27 00:00:00+00:00,99665.85849256812
2026-03-27 00:15:00+00:00,99665.85849256812
2026-03-27 00:30:00+00:00,99665.85849256812
2026-03-27 00:45:00+00:00,99665.85849256812
2026-03-27 01:00:00+00:00,99665.85849256812
2026-03-27 01:15:00+00:00,99665.85849256812
2026-03-27 01:30:00+00:00,99665.85849256812
2026-03-27 01:45:00+00:00,99665.85849256812
2026-03-27 02:00:00+00:00,99665.85849256812
2026-03-27 02:15:00+00:00,99665.85849256812
2026-03-27 02:30:00+00:00,99665.85849256812
2026-03-27 02:45:00+00:00,99665.85849256812
2026-03-27 03:00:00+00:00,99665.85849256812
2026-03-27 03:15:00+00:00,99665.85849256812
2026-03-27 03:30:00+00:00,99665.85849256812
2026-03-27 03:45:00+00:00,99665.85849256812
2026-03-27 04:00:00+00:00,99665.85849256812
2026-03-27 04:15:00+00:00,99668.67361884331
2026-03-27 04:30:00+00:00,99669.93471008667
2026-03-27 04:45:00+00:00,99669.63261331561
2026-03-27 05:00:00+00:00,99674.09083410585
2026-03-27 05:15:00+00:00,99674.09083410585
2026-03-27 05:30:00+00:00,99674.09083410585
2026-03-27 05:45:00+00:00,99674.09083410585
2026-03-27 06:00:00+00:00,99674.09083410585
2026-03-27 06:15:00+00:00,99674.09083410585
2026-03-27 06:30:00+00:00,99674.09083410585
2026-03-27 06:45:00+00:00,99674.09083410585
2026-03-27 07:00:00+00:00,99674.09083410585
2026-03-27 07:15:00+00:00,99674.09083410585
2026-03-27 07:30:00+00:00,99674.09083410585
2026-03-27 07:45:00+00:00,99674.09083410585
2026-03-27 08:00:00+00:00,99674.09083410585
2026-03-27 08:15:00+00:00,99674.09083410585
2026-03-27 08:30:00+00:00,99674.09083410585
2026-03-27 08:45:00+00:00,99674.09083410585
2026-03-27 09:00:00+00:00,99674.09083410585
2026-03-27 09:15:00+00:00,99674.09083410585
2026-03-27 09:30:00+00:00,99674.09083410585
2026-03-27 09:45:00+00:00,99674.09083410585
2026-03-27 10:00:00+00:00,99674.09083410585
2026-03-27 10:15:00+00:00,99674.09083410585
2026-03-27 10:30:00+00:00,99674.09083410585
2026-03-27 10:45:00+00:00,99674.09083410585
2026-03-27 11:00:00+00:00,99674.09083410585
2026-03-27 11:15:00+00:00,99674.09083410585
2026-03-27 11:30:00+00:00,99674.09083410585
2026-03-27 11:45:00+00:00,99674.09083410585
2026-03-27 12:00:00+00:00,99674.09083410585
2026-03-27 12:15:00+00:00,99674.09083410585
2026-03-27 12:30:00+00:00,99674.09083410585
2026-03-27 12:45:00+00:00,99674.09083410585
2026-03-27 13:00:00+00:00,99674.09083410585
2026-03-27 13:15:00+00:00,99674.09083410585
2026-03-27 13:30:00+00:00,99674.09083410585
2026-03-27 13:45:00+00:00,99674.09083410585
2026-03-27 14:00:00+00:00,99674.09083410585
2026-03-27 14:15:00+00:00,99674.09083410585
2026-03-27 14:30:00+00:00,99674.09083410585
2026-03-27 14:45:00+00:00,99674.09083410585
2026-03-27 15:00:00+00:00,99674.09083410585
2026-03-27 15:15:00+00:00,99674.09083410585
2026-03-27 15:30:00+00:00,99674.09083410585
2026-03-27 15:45:00+00:00,99674.09083410585
2026-03-27 16:00:00+00:00,99674.09083410585
2026-03-27 16:15:00+00:00,99674.09083410585
2026-03-27 16:30:00+00:00,99674.09083410585
2026-03-27 16:45:00+00:00,99674.09083410585
2026-03-27 17:00:00+00:00,99674.09083410585
2026-03-27 17:15:00+00:00,99674.09083410585
2026-03-27 17:30:00+00:00,99674.09083410585
2026-03-27 17:45:00+00:00,99674.09083410585
2026-03-27 18:00:00+00:00,99674.09083410585
2026-03-27 18:15:00+00:00,99674.09083410585
2026-03-27 18:30:00+00:00,99674.09083410585
2026-03-27 18:45:00+00:00,99674.09083410585
2026-03-27 19:00:00+00:00,99674.09083410585
2026-03-27 19:15:00+00:00,99674.09083410585
2026-03-27 19:30:00+00:00,99674.09083410585
2026-03-27 19:45:00+00:00,99674.09083410585
2026-03-27 20:00:00+00:00,99674.09083410585
2026-03-27 20:15:00+00:00,99674.09083410585
2026-03-27 20:30:00+00:00,99674.09083410585
2026-03-27 20:45:00+00:00,99674.09083410585
2026-03-27 21:00:00+00:00,99674.09083410585
2026-03-27 21:15:00+00:00,99674.09083410585
2026-03-27 21:30:00+00:00,99674.09083410585
2026-03-27 21:45:00+00:00,99674.09083410585
2026-03-27 22:00:00+00:00,99674.09083410585
2026-03-27 22:15:00+00:00,99674.09083410585
2026-03-27 22:30:00+00:00,99674.09083410585
2026-03-27 22:45:00+00:00,99674.09083410585
2026-03-27 23:00:00+00:00,99674.09083410585
2026-03-27 23:15:00+00:00,99674.09083410585
2026-03-27 23:30:00+00:00,99674.09083410585
2026-03-27 23:45:00+00:00,99674.09083410585
2026-03-28 00:00:00+00:00,99674.09083410585
2026-03-28 00:15:00+00:00,99674.09083410585
2026-03-28 00:30:00+00:00,99674.09083410585
2026-03-28 00:45:00+00:00,99674.09083410585
2026-03-28 01:00:00+00:00,99674.09083410585
2026-03-28 01:15:00+00:00,99674.09083410585
2026-03-28 01:30:00+00:00,99674.09083410585
2026-03-28 01:45:00+00:00,99674.09083410585
2026-03-28 02:00:00+00:00,99674.09083410585
2026-03-28 02:15:00+00:00,99674.09083410585
2026-03-28 02:30:00+00:00,99674.09083410585
2026-03-28 02:45:00+00:00,99674.09083410585
2026-03-28 03:00:00+00:00,99674.09083410585
2026-03-28 03:15:00+00:00,99674.09083410585
2026-03-28 03:30:00+00:00,99674.09083410585
2026-03-28 03:45:00+00:00,99674.09083410585
2026-03-28 04:00:00+00:00,99674.09083410585
2026-03-28 04:15:00+00:00,99674.09083410585
2026-03-28 04:30:00+00:00,99674.09083410585
2026-03-28 04:45:00+00:00,99674.09083410585
2026-03-28 05:00:00+00:00,99674.09083410585
2026-03-28 05:15:00+00:00,99674.09083410585
2026-03-28 05:30:00+00:00,99674.09083410585
2026-03-28 05:45:00+00:00,99674.09083410585
2026-03-28 06:00:00+00:00,99674.09083410585
2026-03-28 06:15:00+00:00,99674.09083410585
2026-03-28 06:30:00+00:00,99674.09083410585
2026-03-28 06:45:00+00:00,99674.09083410585
2026-03-28 07:00:00+00:00,99674.09083410585
2026-03-28 07:15:00+00:00,99674.09083410585
2026-03-28 07:30:00+00:00,99674.09083410585
2026-03-28 07:45:00+00:00,99674.09083410585
2026-03-28 08:00:00+00:00,99674.09083410585
2026-03-28 08:15:00+00:00,99672.91925434743
2026-03-28 08:30:00+00:00,99675.85474965107
2026-03-28 08:45:00+00:00,99676.13117011791
2026-03-28 09:00:00+00:00,99675.025651689
2026-03-28 09:15:00+00:00,99675.025651689
2026-03-28 09:30:00+00:00,99675.025651689
2026-03-28 09:45:00+00:00,99675.025651689
2026-03-28 10:00:00+00:00,99675.025651689
2026-03-28 10:15:00+00:00,99675.025651689
2026-03-28 10:30:00+00:00,99675.025651689
2026-03-28 10:45:00+00:00,99675.025651689
2026-03-28 11:00:00+00:00,99675.025651689
2026-03-28 11:15:00+00:00,99675.025651689
2026-03-28 11:30:00+00:00,99675.025651689
2026-03-28 11:45:00+00:00,99675.025651689
2026-03-28 12:00:00+00:00,99675.025651689
2026-03-28 12:15:00+00:00,99674.25069161378
2026-03-28 12:30:00+00:00,99670.62203241176
2026-03-28 12:45:00+00:00,99670.62203241176
2026-03-28 13:00:00+00:00,99670.62203241176
2026-03-28 13:15:00+00:00,99670.62203241176
2026-03-28 13:30:00+00:00,99670.62203241176
2026-03-28 13:45:00+00:00,99670.62203241176
2026-03-28 14:00:00+00:00,99670.62203241176
2026-03-28 14:15:00+00:00,99670.62203241176
2026-03-28 14:30:00+00:00,99670.62203241176
2026-03-28 14:45:00+00:00,99670.62203241176
2026-03-28 15:00:00+00:00,99670.62203241176
2026-03-28 15:15:00+00:00,99670.62203241176
2026-03-28 15:30:00+00:00,99670.62203241176
2026-03-28 15:45:00+00:00,99670.62203241176
2026-03-28 16:00:00+00:00,99670.62203241176
2026-03-28 16:15:00+00:00,99670.62203241176
2026-03-28 16:30:00+00:00,99670.62203241176
2026-03-28 16:45:00+00:00,99670.62203241176
2026-03-28 17:00:00+00:00,99670.62203241176
2026-03-28 17:15:00+00:00,99670.62203241176
2026-03-28 17:30:00+00:00,99670.62203241176
2026-03-28 17:45:00+00:00,99670.62203241176
2026-03-28 18:00:00+00:00,99670.62203241176
2026-03-28 18:15:00+00:00,99670.62203241176
2026-03-28 18:30:00+00:00,99670.62203241176
2026-03-28 18:45:00+00:00,99670.62203241176
2026-03-28 19:00:00+00:00,99670.62203241176
2026-03-28 19:15:00+00:00,99670.62203241176
2026-03-28 19:30:00+00:00,99670.62203241176
2026-03-28 19:45:00+00:00,99670.62203241176
2026-03-28 20:00:00+00:00,99670.62203241176
2026-03-28 20:15:00+00:00,99670.62203241176
2026-03-28 20:30:00+00:00,99670.62203241176
2026-03-28 20:45:00+00:00,99670.62203241176
2026-03-28 21:00:00+00:00,99670.62203241176
2026-03-28 21:15:00+00:00,99670.62203241176
2026-03-28 21:30:00+00:00,99670.62203241176
2026-03-28 21:45:00+00:00,99670.62203241176
2026-03-28 22:00:00+00:00,99670.62203241176
2026-03-28 22:15:00+00:00,99670.62203241176
2026-03-28 22:30:00+00:00,99670.62203241176
2026-03-28 22:45:00+00:00,99670.62203241176
2026-03-28 23:00:00+00:00,99670.62203241176
2026-03-28 23:15:00+00:00,99670.62203241176
2026-03-28 23:30:00+00:00,99670.62203241176
2026-03-28 23:45:00+00:00,99670.62203241176
2026-03-29 00:00:00+00:00,99670.62203241176
2026-03-29 00:15:00+00:00,99670.62203241176
2026-03-29 00:30:00+00:00,99670.62203241176
2026-03-29 00:45:00+00:00,99670.62203241176
2026-03-29 01:00:00+00:00,99670.62203241176
2026-03-29 01:15:00+00:00,99670.62203241176
2026-03-29 01:30:00+00:00,99670.62203241176
2026-03-29 01:45:00+00:00,99670.62203241176
2026-03-29 02:00:00+00:00,99670.62203241176
2026-03-29 02:15:00+00:00,99670.62203241176
2026-03-29 02:30:00+00:00,99670.62203241176
2026-03-29 02:45:00+00:00,99670.62203241176
2026-03-29 03:00:00+00:00,99670.62203241176
2026-03-29 03:15:00+00:00,99670.62203241176
2026-03-29 03:30:00+00:00,99670.62203241176
2026-03-29 03:45:00+00:00,99670.62203241176
2026-03-29 04:00:00+00:00,99670.62203241176
2026-03-29 04:15:00+00:00,99670.62203241176
2026-03-29 04:30:00+00:00,99670.62203241176
2026-03-29 04:45:00+00:00,99670.62203241176
2026-03-29 05:00:00+00:00,99670.62203241176
2026-03-29 05:15:00+00:00,99670.62203241176
2026-03-29 05:30:00+00:00,99670.62203241176
2026-03-29 05:45:00+00:00,99670.62203241176
2026-03-29 06:00:00+00:00,99670.62203241176
2026-03-29 06:15:00+00:00,99670.62203241176
2026-03-29 06:30:00+00:00,99670.62203241176
2026-03-29 06:45:00+00:00,99670.62203241176
2026-03-29 07:00:00+00:00,99670.62203241176
2026-03-29 07:15:00+00:00,99670.62203241176
2026-03-29 07:30:00+00:00,99670.62203241176
2026-03-29 07:45:00+00:00,99670.62203241176
2026-03-29 08:00:00+00:00,99670.62203241176
2026-03-29 08:15:00+00:00,99670.62203241176
2026-03-29 08:30:00+00:00,99670.62203241176
2026-03-29 08:45:00+00:00,99670.62203241176
2026-03-29 09:00:00+00:00,99670.62203241176
2026-03-29 09:15:00+00:00,99670.62203241176
2026-03-29 09:30:00+00:00,99670.62203241176
2026-03-29 09:45:00+00:00,99670.62203241176
2026-03-29 10:00:00+00:00,99670.62203241176
2026-03-29 10:15:00+00:00,99670.62203241176
2026-03-29 10:30:00+00:00,99670.62203241176
2026-03-29 10:45:00+00:00,99670.62203241176
2026-03-29 11:00:00+00:00,99670.62203241176
2026-03-29 11:15:00+00:00,99670.62203241176
2026-03-29 11:30:00+00:00,99670.62203241176
2026-03-29 11:45:00+00:00,99670.62203241176
2026-03-29 12:00:00+00:00,99670.62203241176
2026-03-29 12:15:00+00:00,99670.62203241176
2026-03-29 12:30:00+00:00,99670.62203241176
2026-03-29 12:45:00+00:00,99670.62203241176
2026-03-29 13:00:00+00:00,99670.62203241176
2026-03-29 13:15:00+00:00,99670.62203241176
2026-03-29 13:30:00+00:00,99670.62203241176
2026-03-29 13:45:00+00:00,99670.62203241176
2026-03-29 14:00:00+00:00,99670.62203241176
2026-03-29 14:15:00+00:00,99670.62203241176
2026-03-29 14:30:00+00:00,99670.62203241176
2026-03-29 14:45:00+00:00,99670.62203241176
2026-03-29 15:00:00+00:00,99670.62203241176
2026-03-29 15:15:00+00:00,99670.62203241176
2026-03-29 15:30:00+00:00,99670.62203241176
2026-03-29 15:45:00+00:00,99670.62203241176
2026-03-29 16:00:00+00:00,99670.62203241176
2026-03-29 16:15:00+00:00,99670.62203241176
2026-03-29 16:30:00+00:00,99670.62203241176
2026-03-29 16:45:00+00:00,99670.62203241176
2026-03-29 17:00:00+00:00,99670.62203241176
2026-03-29 17:15:00+00:00,99670.62203241176
2026-03-29 17:30:00+00:00,99670.62203241176
2026-03-29 17:45:00+00:00,99670.62203241176
2026-03-29 18:00:00+00:00,99670.62203241176
2026-03-29 18:15:00+00:00,99670.62203241176
2026-03-29 18:30:00+00:00,99670.62203241176
2026-03-29 18:45:00+00:00,99670.62203241176
2026-03-29 19:00:00+00:00,99670.62203241176
2026-03-29 19:15:00+00:00,99670.62203241176
2026-03-29 19:30:00+00:00,99670.62203241176
2026-03-29 19:45:00+00:00,99670.62203241176
2026-03-29 20:00:00+00:00,99670.62203241176
2026-03-29 20:15:00+00:00,99670.62203241176
2026-03-29 20:30:00+00:00,99670.62203241176
2026-03-29 20:45:00+00:00,99670.62203241176
2026-03-29 21:00:00+00:00,99670.62203241176
2026-03-29 21:15:00+00:00,99670.62203241176
2026-03-29 21:30:00+00:00,99670.62203241176
2026-03-29 21:45:00+00:00,99670.62203241176
2026-03-29 22:00:00+00:00,99670.62203241176
2026-03-29 22:15:00+00:00,99670.62203241176
2026-03-29 22:30:00+00:00,99670.62203241176
2026-03-29 22:45:00+00:00,99670.62203241176
2026-03-29 23:00:00+00:00,99670.62203241176
2026-03-29 23:15:00+00:00,99670.62203241176
2026-03-29 23:30:00+00:00,99670.62203241176
2026-03-29 23:45:00+00:00,99670.62203241176
2026-03-30 00:00:00+00:00,99670.62203241176
2026-03-30 00:15:00+00:00,99670.62203241176
2026-03-30 00:30:00+00:00,99670.62203241176
2026-03-30 00:45:00+00:00,99670.62203241176
2026-03-30 01:00:00+00:00,99670.62203241176
2026-03-30 01:15:00+00:00,99670.62203241176
2026-03-30 01:30:00+00:00,99670.62203241176
2026-03-30 01:45:00+00:00,99670.62203241176
2026-03-30 02:00:00+00:00,99670.62203241176
2026-03-30 02:15:00+00:00,99670.62203241176
2026-03-30 02:30:00+00:00,99670.62203241176
2026-03-30 02:45:00+00:00,99670.62203241176
2026-03-30 03:00:00+00:00,99670.62203241176
2026-03-30 03:15:00+00:00,99670.62203241176
2026-03-30 03:30:00+00:00,99670.62203241176
2026-03-30 03:45:00+00:00,99670.62203241176
2026-03-30 04:00:00+00:00,99670.62203241176
2026-03-30 04:15:00+00:00,99670.62203241176
2026-03-30 04:30:00+00:00,99670.62203241176
2026-03-30 04:45:00+00:00,99670.62203241176
2026-03-30 05:00:00+00:00,99670.62203241176
2026-03-30 05:15:00+00:00,99670.62203241176
2026-03-30 05:30:00+00:00,99670.62203241176
2026-03-30 05:45:00+00:00,99670.62203241176
2026-03-30 06:00:00+00:00,99670.62203241176
2026-03-30 06:15:00+00:00,99670.62203241176
2026-03-30 06:30:00+00:00,99670.62203241176
2026-03-30 06:45:00+00:00,99670.62203241176
2026-03-30 07:00:00+00:00,99670.62203241176
2026-03-30 07:15:00+00:00,99670.62203241176
2026-03-30 07:30:00+00:00,99670.62203241176
2026-03-30 07:45:00+00:00,99670.62203241176
2026-03-30 08:00:00+00:00,99670.62203241176
2026-03-30 08:15:00+00:00,99670.62203241176
2026-03-30 08:30:00+00:00,99670.62203241176
2026-03-30 08:45:00+00:00,99670.62203241176
2026-03-30 09:00:00+00:00,99670.62203241176
2026-03-30 09:15:00+00:00,99670.62203241176
2026-03-30 09:30:00+00:00,99670.62203241176
2026-03-30 09:45:00+00:00,99670.62203241176
2026-03-30 10:00:00+00:00,99670.62203241176
2026-03-30 10:15:00+00:00,99670.62203241176
2026-03-30 10:30:00+00:00,99670.62203241176
2026-03-30 10:45:00+00:00,99670.62203241176
2026-03-30 11:00:00+00:00,99670.62203241176
2026-03-30 11:15:00+00:00,99670.62203241176
2026-03-30 11:30:00+00:00,99670.62203241176
2026-03-30 11:45:00+00:00,99670.62203241176
2026-03-30 12:00:00+00:00,99670.62203241176
2026-03-30 12:15:00+00:00,99670.62203241176
2026-03-30 12:30:00+00:00,99670.62203241176
2026-03-30 12:45:00+00:00,99670.62203241176
2026-03-30 13:00:00+00:00,99670.62203241176
2026-03-30 13:15:00+00:00,99670.62203241176
2026-03-30 13:30:00+00:00,99670.62203241176
2026-03-30 13:45:00+00:00,99670.62203241176
2026-03-30 14:00:00+00:00,99670.62203241176
2026-03-30 14:15:00+00:00,99670.62203241176
2026-03-30 14:30:00+00:00,99670.62203241176
2026-03-30 14:45:00+00:00,99670.62203241176
2026-03-30 15:00:00+00:00,99670.62203241176
2026-03-30 15:15:00+00:00,99670.62203241176
2026-03-30 15:30:00+00:00,99670.62203241176
2026-03-30 15:45:00+00:00,99670.62203241176
2026-03-30 16:00:00+00:00,99670.62203241176
2026-03-30 16:15:00+00:00,99670.62203241176
2026-03-30 16:30:00+00:00,99670.62203241176
2026-03-30 16:45:00+00:00,99670.62203241176
2026-03-30 17:00:00+00:00,99670.62203241176
2026-03-30 17:15:00+00:00,99670.62203241176
2026-03-30 17:30:00+00:00,99670.62203241176
2026-03-30 17:45:00+00:00,99670.62203241176
2026-03-30 18:00:00+00:00,99670.62203241176
2026-03-30 18:15:00+00:00,99670.62203241176
2026-03-30 18:30:00+00:00,99670.62203241176
2026-03-30 18:45:00+00:00,99670.62203241176
2026-03-30 19:00:00+00:00,99670.62203241176
2026-03-30 19:15:00+00:00,99670.62203241176
2026-03-30 19:30:00+00:00,99670.62203241176
2026-03-30 19:45:00+00:00,99670.62203241176
2026-03-30 20:00:00+00:00,99670.62203241176
2026-03-30 20:15:00+00:00,99670.62203241176
2026-03-30 20:30:00+00:00,99670.62203241176
2026-03-30 20:45:00+00:00,99670.62203241176
2026-03-30 21:00:00+00:00,99670.62203241176
2026-03-30 21:15:00+00:00,99670.62203241176
2026-03-30 21:30:00+00:00,99670.62203241176
2026-03-30 21:45:00+00:00,99670.62203241176
2026-03-30 22:00:00+00:00,99670.62203241176
2026-03-30 22:15:00+00:00,99670.62203241176
2026-03-30 22:30:00+00:00,99670.62203241176
2026-03-30 22:45:00+00:00,99670.62203241176
2026-03-30 23:00:00+00:00,99670.62203241176
2026-03-30 23:15:00+00:00,99670.62203241176
2026-03-30 23:30:00+00:00,99670.62203241176
2026-03-30 23:45:00+00:00,99670.62203241176
2026-03-31 00:00:00+00:00,99670.62203241176
2026-03-31 00:15:00+00:00,99670.62203241176
2026-03-31 00:30:00+00:00,99670.62203241176
2026-03-31 00:45:00+00:00,99670.62203241176
2026-03-31 01:00:00+00:00,99670.62203241176
2026-03-31 01:15:00+00:00,99670.62203241176
2026-03-31 01:30:00+00:00,99670.62203241176
2026-03-31 01:45:00+00:00,99670.62203241176
2026-03-31 02:00:00+00:00,99670.62203241176
2026-03-31 02:15:00+00:00,99670.62203241176
2026-03-31 02:30:00+00:00,99670.62203241176
2026-03-31 02:45:00+00:00,99670.62203241176
2026-03-31 03:00:00+00:00,99670.62203241176
2026-03-31 03:15:00+00:00,99670.62203241176
2026-03-31 03:30:00+00:00,99670.62203241176
2026-03-31 03:45:00+00:00,99670.62203241176
2026-03-31 04:00:00+00:00,99670.62203241176
2026-03-31 04:15:00+00:00,99670.62203241176
2026-03-31 04:30:00+00:00,99670.62203241176
2026-03-31 04:45:00+00:00,99670.62203241176
2026-03-31 05:00:00+00:00,99670.62203241176
2026-03-31 05:15:00+00:00,99670.62203241176
2026-03-31 05:30:00+00:00,99670.62203241176
2026-03-31 05:45:00+00:00,99670.62203241176
2026-03-31 06:00:00+00:00,99670.62203241176
2026-03-31 06:15:00+00:00,99670.62203241176
2026-03-31 06:30:00+00:00,99670.62203241176
2026-03-31 06:45:00+00:00,99670.62203241176
2026-03-31 07:00:00+00:00,99670.62203241176
2026-03-31 07:15:00+00:00,99670.62203241176
2026-03-31 07:30:00+00:00,99670.62203241176
2026-03-31 07:45:00+00:00,99670.62203241176
2026-03-31 08:00:00+00:00,99670.62203241176
2026-03-31 08:15:00+00:00,99670.62203241176
2026-03-31 08:30:00+00:00,99670.62203241176
2026-03-31 08:45:00+00:00,99670.62203241176
2026-03-31 09:00:00+00:00,99670.62203241176
2026-03-31 09:15:00+00:00,99670.62203241176
2026-03-31 09:30:00+00:00,99670.62203241176
2026-03-31 09:45:00+00:00,99670.62203241176
2026-03-31 10:00:00+00:00,99670.62203241176
2026-03-31 10:15:00+00:00,99670.62203241176
2026-03-31 10:30:00+00:00,99670.62203241176
2026-03-31 10:45:00+00:00,99670.62203241176
2026-03-31 11:00:00+00:00,99670.62203241176
2026-03-31 11:15:00+00:00,99670.62203241176
2026-03-31 11:30:00+00:00,99670.62203241176
2026-03-31 11:45:00+00:00,99670.62203241176
2026-03-31 12:00:00+00:00,99670.62203241176
2026-03-31 12:15:00+00:00,99675.62620989993
2026-03-31 12:30:00+00:00,99677.9857814584
2026-03-31 12:45:00+00:00,99675.23156182036
2026-03-31 13:00:00+00:00,99675.23156182036
2026-03-31 13:15:00+00:00,99675.23156182036
2026-03-31 13:30:00+00:00,99675.23156182036
2026-03-31 13:45:00+00:00,99675.23156182036
2026-03-31 14:00:00+00:00,99675.23156182036
2026-03-31 14:15:00+00:00,99675.23156182036
2026-03-31 14:30:00+00:00,99675.23156182036
2026-03-31 14:45:00+00:00,99675.23156182036
2026-03-31 15:00:00+00:00,99675.23156182036
2026-03-31 15:15:00+00:00,99675.23156182036
2026-03-31 15:30:00+00:00,99675.23156182036
2026-03-31 15:45:00+00:00,99675.23156182036
2026-03-31 16:00:00+00:00,99675.23156182036
2026-03-31 16:15:00+00:00,99675.23156182036
2026-03-31 16:30:00+00:00,99675.23156182036
2026-03-31 16:45:00+00:00,99675.23156182036
2026-03-31 17:00:00+00:00,99675.23156182036
2026-03-31 17:15:00+00:00,99675.23156182036
2026-03-31 17:30:00+00:00,99675.23156182036
2026-03-31 17:45:00+00:00,99675.23156182036
2026-03-31 18:00:00+00:00,99675.23156182036
2026-03-31 18:15:00+00:00,99675.23156182036
2026-03-31 18:30:00+00:00,99675.23156182036
2026-03-31 18:45:00+00:00,99675.23156182036
2026-03-31 19:00:00+00:00,99675.23156182036
2026-03-31 19:15:00+00:00,99675.23156182036
2026-03-31 19:30:00+00:00,99675.23156182036
2026-03-31 19:45:00+00:00,99675.23156182036
2026-03-31 20:00:00+00:00,99675.23156182036
2026-03-31 20:15:00+00:00,99675.23156182036
2026-03-31 20:30:00+00:00,99675.23156182036
2026-03-31 20:45:00+00:00,99675.23156182036
2026-03-31 21:00:00+00:00,99675.23156182036
2026-03-31 21:15:00+00:00,99675.23156182036
2026-03-31 21:30:00+00:00,99675.23156182036
2026-03-31 21:45:00+00:00,99675.23156182036
2026-03-31 22:00:00+00:00,99675.23156182036
2026-03-31 22:15:00+00:00,99675.23156182036
2026-03-31 22:30:00+00:00,99675.23156182036
2026-03-31 22:45:00+00:00,99675.23156182036
2026-03-31 23:00:00+00:00,99675.23156182036
2026-03-31 23:15:00+00:00,99675.23156182036
2026-03-31 23:30:00+00:00,99675.23156182036
2026-03-31 23:45:00+00:00,99675.23156182036
2026-04-01 00:00:00+00:00,99675.23156182036
2026-04-01 00:15:00+00:00,99675.23156182036
2026-04-01 00:30:00+00:00,99675.23156182036
2026-04-01 00:45:00+00:00,99675.23156182036
2026-04-01 01:00:00+00:00,99675.23156182036
2026-04-01 01:15:00+00:00,99675.23156182036
2026-04-01 01:30:00+00:00,99675.23156182036
2026-04-01 01:45:00+00:00,99675.23156182036
2026-04-01 02:00:00+00:00,99675.23156182036
2026-04-01 02:15:00+00:00,99675.23156182036
2026-04-01 02:30:00+00:00,99675.23156182036
2026-04-01 02:45:00+00:00,99675.23156182036
2026-04-01 03:00:00+00:00,99675.23156182036
2026-04-01 03:15:00+00:00,99675.23156182036
2026-04-01 03:30:00+00:00,99675.23156182036
2026-04-01 03:45:00+00:00,99675.23156182036
2026-04-01 04:00:00+00:00,99675.23156182036
2026-04-01 04:15:00+00:00,99675.23156182036
2026-04-01 04:30:00+00:00,99675.23156182036
2026-04-01 04:45:00+00:00,99675.23156182036
2026-04-01 05:00:00+00:00,99675.23156182036
2026-04-01 05:15:00+00:00,99675.23156182036
2026-04-01 05:30:00+00:00,99675.23156182036
2026-04-01 05:45:00+00:00,99675.23156182036
2026-04-01 06:00:00+00:00,99675.23156182036
2026-04-01 06:15:00+00:00,99675.23156182036
2026-04-01 06:30:00+00:00,99675.23156182036
2026-04-01 06:45:00+00:00,99675.23156182036
2026-04-01 07:00:00+00:00,99675.23156182036
2026-04-01 07:15:00+00:00,99675.23156182036
2026-04-01 07:30:00+00:00,99675.23156182036
2026-04-01 07:45:00+00:00,99675.23156182036
2026-04-01 08:00:00+00:00,99675.23156182036
2026-04-01 08:15:00+00:00,99675.23156182036
2026-04-01 08:30:00+00:00,99675.23156182036
2026-04-01 08:45:00+00:00,99675.23156182036
2026-04-01 09:00:00+00:00,99675.23156182036
2026-04-01 09:15:00+00:00,99675.23156182036
2026-04-01 09:30:00+00:00,99675.23156182036
2026-04-01 09:45:00+00:00,99675.23156182036
2026-04-01 10:00:00+00:00,99675.23156182036
2026-04-01 10:15:00+00:00,99675.23156182036
2026-04-01 10:30:00+00:00,99675.23156182036
2026-04-01 10:45:00+00:00,99675.23156182036
2026-04-01 11:00:00+00:00,99675.23156182036
2026-04-01 11:15:00+00:00,99675.23156182036
2026-04-01 11:30:00+00:00,99675.23156182036
2026-04-01 11:45:00+00:00,99675.23156182036
2026-04-01 12:00:00+00:00,99675.23156182036
2026-04-01 12:15:00+00:00,99675.23156182036
2026-04-01 12:30:00+00:00,99675.23156182036
2026-04-01 12:45:00+00:00,99675.23156182036
2026-04-01 13:00:00+00:00,99675.23156182036
2026-04-01 13:15:00+00:00,99675.23156182036
2026-04-01 13:30:00+00:00,99675.23156182036
2026-04-01 13:45:00+00:00,99675.23156182036
2026-04-01 14:00:00+00:00,99675.23156182036
2026-04-01 14:15:00+00:00,99675.23156182036
2026-04-01 14:30:00+00:00,99675.23156182036
2026-04-01 14:45:00+00:00,99675.23156182036
2026-04-01 15:00:00+00:00,99675.23156182036
2026-04-01 15:15:00+00:00,99675.23156182036
2026-04-01 15:30:00+00:00,99675.23156182036
2026-04-01 15:45:00+00:00,99675.23156182036
2026-04-01 16:00:00+00:00,99675.23156182036
2026-04-01 16:15:00+00:00,99675.23156182036
2026-04-01 16:30:00+00:00,99675.23156182036
2026-04-01 16:45:00+00:00,99675.23156182036
2026-04-01 17:00:00+00:00,99675.23156182036
2026-04-01 17:15:00+00:00,99675.23156182036
2026-04-01 17:30:00+00:00,99675.23156182036
2026-04-01 17:45:00+00:00,99675.23156182036
2026-04-01 18:00:00+00:00,99675.23156182036
2026-04-01 18:15:00+00:00,99675.23156182036
2026-04-01 18:30:00+00:00,99675.23156182036
2026-04-01 18:45:00+00:00,99675.23156182036
2026-04-01 19:00:00+00:00,99675.23156182036
2026-04-01 19:15:00+00:00,99675.23156182036
2026-04-01 19:30:00+00:00,99675.23156182036
2026-04-01 19:45:00+00:00,99675.23156182036
2026-04-01 20:00:00+00:00,99675.23156182036
2026-04-01 20:15:00+00:00,99675.23156182036
2026-04-01 20:30:00+00:00,99675.23156182036
2026-04-01 20:45:00+00:00,99675.23156182036
2026-04-01 21:00:00+00:00,99675.23156182036
2026-04-01 21:15:00+00:00,99675.23156182036
2026-04-01 21:30:00+00:00,99675.23156182036
2026-04-01 21:45:00+00:00,99675.23156182036
2026-04-01 22:00:00+00:00,99675.23156182036
2026-04-01 22:15:00+00:00,99675.23156182036
2026-04-01 22:30:00+00:00,99675.23156182036
2026-04-01 22:45:00+00:00,99675.23156182036
2026-04-01 23:00:00+00:00,99675.23156182036
2026-04-01 23:15:00+00:00,99675.23156182036
2026-04-01 23:30:00+00:00,99675.23156182036
2026-04-01 23:45:00+00:00,99675.23156182036
2026-04-02 00:00:00+00:00,99675.23156182036
2026-04-02 00:15:00+00:00,99675.23156182036
2026-04-02 00:30:00+00:00,99675.23156182036
2026-04-02 00:45:00+00:00,99675.23156182036
2026-04-02 01:00:00+00:00,99675.23156182036
2026-04-02 01:15:00+00:00,99675.23156182036
2026-04-02 01:30:00+00:00,99675.23156182036
2026-04-02 01:45:00+00:00,99675.23156182036
2026-04-02 02:00:00+00:00,99675.23156182036
2026-04-02 02:15:00+00:00,99675.23156182036
2026-04-02 02:30:00+00:00,99675.23156182036
2026-04-02 02:45:00+00:00,99675.23156182036
2026-04-02 03:00:00+00:00,99675.23156182036
2026-04-02 03:15:00+00:00,99675.23156182036
2026-04-02 03:30:00+00:00,99675.23156182036
2026-04-02 03:45:00+00:00,99675.23156182036
2026-04-02 04:00:00+00:00,99675.23156182036
2026-04-02 04:15:00+00:00,99675.23156182036
2026-04-02 04:30:00+00:00,99675.23156182036
2026-04-02 04:45:00+00:00,99675.23156182036
2026-04-02 05:00:00+00:00,99675.23156182036
2026-04-02 05:15:00+00:00,99675.23156182036
2026-04-02 05:30:00+00:00,99675.23156182036
2026-04-02 05:45:00+00:00,99675.23156182036
2026-04-02 06:00:00+00:00,99675.23156182036
2026-04-02 06:15:00+00:00,99675.23156182036
2026-04-02 06:30:00+00:00,99675.23156182036
2026-04-02 06:45:00+00:00,99675.23156182036
2026-04-02 07:00:00+00:00,99675.23156182036
2026-04-02 07:15:00+00:00,99675.23156182036
2026-04-02 07:30:00+00:00,99675.23156182036
2026-04-02 07:45:00+00:00,99675.23156182036
2026-04-02 08:00:00+00:00,99675.23156182036
2026-04-02 08:15:00+00:00,99675.23156182036
2026-04-02 08:30:00+00:00,99675.23156182036
2026-04-02 08:45:00+00:00,99675.23156182036
2026-04-02 09:00:00+00:00,99675.23156182036
2026-04-02 09:15:00+00:00,99675.23156182036
2026-04-02 09:30:00+00:00,99675.23156182036
2026-04-02 09:45:00+00:00,99675.23156182036
2026-04-02 10:00:00+00:00,99675.23156182036
2026-04-02 10:15:00+00:00,99675.23156182036
2026-04-02 10:30:00+00:00,99675.23156182036
2026-04-02 10:45:00+00:00,99675.23156182036
2026-04-02 11:00:00+00:00,99675.23156182036
2026-04-02 11:15:00+00:00,99675.23156182036
2026-04-02 11:30:00+00:00,99675.23156182036
2026-04-02 11:45:00+00:00,99675.23156182036
2026-04-02 12:00:00+00:00,99675.23156182036
2026-04-02 12:15:00+00:00,99675.23156182036
2026-04-02 12:30:00+00:00,99675.23156182036
2026-04-02 12:45:00+00:00,99675.23156182036
2026-04-02 13:00:00+00:00,99675.23156182036
2026-04-02 13:15:00+00:00,99675.23156182036
2026-04-02 13:30:00+00:00,99675.23156182036
2026-04-02 13:45:00+00:00,99675.23156182036
2026-04-02 14:00:00+00:00,99675.23156182036
2026-04-02 14:15:00+00:00,99675.23156182036
2026-04-02 14:30:00+00:00,99675.23156182036
2026-04-02 14:45:00+00:00,99675.23156182036
2026-04-02 15:00:00+00:00,99675.23156182036
2026-04-02 15:15:00+00:00,99675.23156182036
2026-04-02 15:30:00+00:00,99675.23156182036
2026-04-02 15:45:00+00:00,99675.23156182036
2026-04-02 16:00:00+00:00,99675.23156182036
2026-04-02 16:15:00+00:00,99675.23156182036
2026-04-02 16:30:00+00:00,99675.23156182036
2026-04-02 16:45:00+00:00,99675.23156182036
2026-04-02 17:00:00+00:00,99675.23156182036
2026-04-02 17:15:00+00:00,99675.23156182036
2026-04-02 17:30:00+00:00,99675.23156182036
2026-04-02 17:45:00+00:00,99675.23156182036
2026-04-02 18:00:00+00:00,99675.23156182036
2026-04-02 18:15:00+00:00,99675.23156182036
2026-04-02 18:30:00+00:00,99675.23156182036
2026-04-02 18:45:00+00:00,99675.23156182036
2026-04-02 19:00:00+00:00,99675.23156182036
2026-04-02 19:15:00+00:00,99675.23156182036
2026-04-02 19:30:00+00:00,99675.23156182036
2026-04-02 19:45:00+00:00,99675.23156182036
2026-04-02 20:00:00+00:00,99675.23156182036
2026-04-02 20:15:00+00:00,99675.23156182036
2026-04-02 20:30:00+00:00,99675.23156182036
2026-04-02 20:45:00+00:00,99675.23156182036
2026-04-02 21:00:00+00:00,99675.23156182036
2026-04-02 21:15:00+00:00,99675.23156182036
2026-04-02 21:30:00+00:00,99675.23156182036
2026-04-02 21:45:00+00:00,99675.23156182036
2026-04-02 22:00:00+00:00,99675.23156182036
2026-04-02 22:15:00+00:00,99675.23156182036
2026-04-02 22:30:00+00:00,99675.23156182036
2026-04-02 22:45:00+00:00,99675.23156182036
2026-04-02 23:00:00+00:00,99675.23156182036
2026-04-02 23:15:00+00:00,99675.23156182036
2026-04-02 23:30:00+00:00,99675.23156182036
2026-04-02 23:45:00+00:00,99675.23156182036
2026-04-03 00:00:00+00:00,99675.23156182036
2026-04-03 00:15:00+00:00,99675.23156182036
2026-04-03 00:30:00+00:00,99675.23156182036
2026-04-03 00:45:00+00:00,99675.23156182036
2026-04-03 01:00:00+00:00,99675.23156182036
2026-04-03 01:15:00+00:00,99675.23156182036
2026-04-03 01:30:00+00:00,99675.23156182036
2026-04-03 01:45:00+00:00,99675.23156182036
2026-04-03 02:00:00+00:00,99675.23156182036
2026-04-03 02:15:00+00:00,99675.23156182036
2026-04-03 02:30:00+00:00,99675.23156182036
2026-04-03 02:45:00+00:00,99675.23156182036
2026-04-03 03:00:00+00:00,99675.23156182036
2026-04-03 03:15:00+00:00,99675.23156182036
2026-04-03 03:30:00+00:00,99675.23156182036
2026-04-03 03:45:00+00:00,99675.23156182036
2026-04-03 04:00:00+00:00,99675.23156182036
2026-04-03 04:15:00+00:00,99675.23156182036
2026-04-03 04:30:00+00:00,99675.23156182036
2026-04-03 04:45:00+00:00,99675.23156182036
2026-04-03 05:00:00+00:00,99675.23156182036
2026-04-03 05:15:00+00:00,99675.23156182036
2026-04-03 05:30:00+00:00,99675.23156182036
2026-04-03 05:45:00+00:00,99675.23156182036
2026-04-03 06:00:00+00:00,99675.23156182036
2026-04-03 06:15:00+00:00,99675.23156182036
2026-04-03 06:30:00+00:00,99675.23156182036
2026-04-03 06:45:00+00:00,99675.23156182036
2026-04-03 07:00:00+00:00,99675.23156182036
2026-04-03 07:15:00+00:00,99675.23156182036
2026-04-03 07:30:00+00:00,99675.23156182036
2026-04-03 07:45:00+00:00,99675.23156182036
2026-04-03 08:00:00+00:00,99675.23156182036
2026-04-03 08:15:00+00:00,99677.75773105146
2026-04-03 08:30:00+00:00,99678.5054450091
2026-04-03 08:45:00+00:00,99678.5054450091
2026-04-03 09:00:00+00:00,99678.5054450091
2026-04-03 09:15:00+00:00,99678.5054450091
2026-04-03 09:30:00+00:00,99678.5054450091
2026-04-03 09:45:00+00:00,99678.5054450091
2026-04-03 10:00:00+00:00,99678.5054450091
2026-04-03 10:15:00+00:00,99678.5054450091
2026-04-03 10:30:00+00:00,99678.5054450091
2026-04-03 10:45:00+00:00,99678.5054450091
2026-04-03 11:00:00+00:00,99678.5054450091
2026-04-03 11:15:00+00:00,99678.5054450091
2026-04-03 11:30:00+00:00,99678.5054450091
2026-04-03 11:45:00+00:00,99678.5054450091
2026-04-03 12:00:00+00:00,99678.5054450091
2026-04-03 12:15:00+00:00,99676.09581888915
2026-04-03 12:30:00+00:00,99674.74959361047
2026-04-03 12:45:00+00:00,99674.74959361047
2026-04-03 13:00:00+00:00,99674.74959361047
2026-04-03 13:15:00+00:00,99674.74959361047
2026-04-03 13:30:00+00:00,99674.74959361047
2026-04-03 13:45:00+00:00,99674.74959361047
2026-04-03 14:00:00+00:00,99674.74959361047
2026-04-03 14:15:00+00:00,99674.74959361047
2026-04-03 14:30:00+00:00,99674.74959361047
2026-04-03 14:45:00+00:00,99674.74959361047
2026-04-03 15:00:00+00:00,99674.74959361047
2026-04-03 15:15:00+00:00,99674.74959361047
2026-04-03 15:30:00+00:00,99674.74959361047
2026-04-03 15:45:00+00:00,99674.74959361047
2026-04-03 16:00:00+00:00,99674.74959361047
2026-04-03 16:15:00+00:00,99674.74959361047
2026-04-03 16:30:00+00:00,99674.74959361047
2026-04-03 16:45:00+00:00,99674.74959361047
2026-04-03 17:00:00+00:00,99674.74959361047
2026-04-03 17:15:00+00:00,99674.74959361047
2026-04-03 17:30:00+00:00,99674.74959361047
2026-04-03 17:45:00+00:00,99674.74959361047
2026-04-03 18:00:00+00:00,99674.74959361047
2026-04-03 18:15:00+00:00,99674.74959361047
2026-04-03 18:30:00+00:00,99674.74959361047
2026-04-03 18:45:00+00:00,99674.74959361047
2026-04-03 19:00:00+00:00,99674.74959361047
2026-04-03 19:15:00+00:00,99674.74959361047
2026-04-03 19:30:00+00:00,99674.74959361047
2026-04-03 19:45:00+00:00,99674.74959361047
2026-04-03 20:00:00+00:00,99674.74959361047
2026-04-03 20:15:00+00:00,99674.74959361047
2026-04-03 20:30:00+00:00,99674.74959361047
2026-04-03 20:45:00+00:00,99674.74959361047
2026-04-03 21:00:00+00:00,99674.74959361047
2026-04-03 21:15:00+00:00,99674.74959361047
2026-04-03 21:30:00+00:00,99674.74959361047
2026-04-03 21:45:00+00:00,99674.74959361047
2026-04-03 22:00:00+00:00,99674.74959361047
2026-04-03 22:15:00+00:00,99674.74959361047
2026-04-03 22:30:00+00:00,99674.74959361047
2026-04-03 22:45:00+00:00,99674.74959361047
2026-04-03 23:00:00+00:00,99674.74959361047
2026-04-03 23:15:00+00:00,99674.74959361047
2026-04-03 23:30:00+00:00,99674.74959361047
2026-04-03 23:45:00+00:00,99674.74959361047
2026-04-04 00:00:00+00:00,99674.74959361047
2026-04-04 00:15:00+00:00,99674.74959361047
2026-04-04 00:30:00+00:00,99674.74959361047
2026-04-04 00:45:00+00:00,99674.74959361047
2026-04-04 01:00:00+00:00,99674.74959361047
2026-04-04 01:15:00+00:00,99674.74959361047
2026-04-04 01:30:00+00:00,99674.74959361047
2026-04-04 01:45:00+00:00,99674.74959361047
2026-04-04 02:00:00+00:00,99674.74959361047
2026-04-04 02:15:00+00:00,99674.74959361047
2026-04-04 02:30:00+00:00,99674.74959361047
2026-04-04 02:45:00+00:00,99674.74959361047
2026-04-04 03:00:00+00:00,99674.74959361047
2026-04-04 03:15:00+00:00,99674.74959361047
2026-04-04 03:30:00+00:00,99674.74959361047
2026-04-04 03:45:00+00:00,99674.74959361047
2026-04-04 04:00:00+00:00,99674.74959361047
2026-04-04 04:15:00+00:00,99674.74959361047
2026-04-04 04:30:00+00:00,99674.74959361047
2026-04-04 04:45:00+00:00,99674.74959361047
2026-04-04 05:00:00+00:00,99674.74959361047
2026-04-04 05:15:00+00:00,99674.74959361047
2026-04-04 05:30:00+00:00,99674.74959361047
2026-04-04 05:45:00+00:00,99674.74959361047
2026-04-04 06:00:00+00:00,99674.74959361047
2026-04-04 06:15:00+00:00,99674.74959361047
2026-04-04 06:30:00+00:00,99674.74959361047
2026-04-04 06:45:00+00:00,99674.74959361047
2026-04-04 07:00:00+00:00,99674.74959361047
2026-04-04 07:15:00+00:00,99674.74959361047
2026-04-04 07:30:00+00:00,99674.74959361047
2026-04-04 07:45:00+00:00,99674.74959361047
2026-04-04 08:00:00+00:00,99674.74959361047
2026-04-04 08:15:00+00:00,99674.74959361047
2026-04-04 08:30:00+00:00,99674.74959361047
2026-04-04 08:45:00+00:00,99674.74959361047
2026-04-04 09:00:00+00:00,99674.74959361047
2026-04-04 09:15:00+00:00,99674.74959361047
2026-04-04 09:30:00+00:00,99674.74959361047
2026-04-04 09:45:00+00:00,99674.74959361047
2026-04-04 10:00:00+00:00,99674.74959361047
2026-04-04 10:15:00+00:00,99674.74959361047
2026-04-04 10:30:00+00:00,99674.74959361047
2026-04-04 10:45:00+00:00,99674.74959361047
2026-04-04 11:00:00+00:00,99674.74959361047
2026-04-04 11:15:00+00:00,99674.74959361047
2026-04-04 11:30:00+00:00,99674.74959361047
2026-04-04 11:45:00+00:00,99674.74959361047
2026-04-04 12:00:00+00:00,99674.74959361047
2026-04-04 12:15:00+00:00,99674.74959361047
2026-04-04 12:30:00+00:00,99674.74959361047
2026-04-04 12:45:00+00:00,99674.74959361047
2026-04-04 13:00:00+00:00,99674.74959361047
2026-04-04 13:15:00+00:00,99674.74959361047
2026-04-04 13:30:00+00:00,99674.74959361047
2026-04-04 13:45:00+00:00,99674.74959361047
2026-04-04 14:00:00+00:00,99674.74959361047
2026-04-04 14:15:00+00:00,99674.74959361047
2026-04-04 14:30:00+00:00,99674.74959361047
2026-04-04 14:45:00+00:00,99674.74959361047
2026-04-04 15:00:00+00:00,99674.74959361047
2026-04-04 15:15:00+00:00,99674.74959361047
2026-04-04 15:30:00+00:00,99674.74959361047
2026-04-04 15:45:00+00:00,99674.74959361047
2026-04-04 16:00:00+00:00,99674.74959361047
2026-04-04 16:15:00+00:00,99672.62981212015
2026-04-04 16:30:00+00:00,99671.13530699744
2026-04-04 16:45:00+00:00,99674.3927806577
2026-04-04 17:00:00+00:00,99674.2001393409
2026-04-04 17:15:00+00:00,99673.86905263514
2026-04-04 17:30:00+00:00,99675.29493472762
2026-04-04 17:45:00+00:00,99675.21965195436
2026-04-04 18:00:00+00:00,99675.14703776911
2026-04-04 18:15:00+00:00,99670.99153449805
2026-04-04 18:30:00+00:00,99670.99153449805
2026-04-04 18:45:00+00:00,99670.99153449805
2026-04-04 19:00:00+00:00,99670.99153449805
2026-04-04 19:15:00+00:00,99670.99153449805
2026-04-04 19:30:00+00:00,99670.99153449805
2026-04-04 19:45:00+00:00,99670.99153449805
2026-04-04 20:00:00+00:00,99670.99153449805
2026-04-04 20:15:00+00:00,99670.99153449805
2026-04-04 20:30:00+00:00,99670.99153449805
2026-04-04 20:45:00+00:00,99670.99153449805
2026-04-04 21:00:00+00:00,99670.99153449805
2026-04-04 21:15:00+00:00,99670.99153449805
2026-04-04 21:30:00+00:00,99670.99153449805
2026-04-04 21:45:00+00:00,99670.99153449805
2026-04-04 22:00:00+00:00,99670.99153449805
2026-04-04 22:15:00+00:00,99670.99153449805
2026-04-04 22:30:00+00:00,99670.99153449805
2026-04-04 22:45:00+00:00,99670.99153449805
2026-04-04 23:00:00+00:00,99670.99153449805
2026-04-04 23:15:00+00:00,99670.99153449805
2026-04-04 23:30:00+00:00,99670.99153449805
2026-04-04 23:45:00+00:00,99670.99153449805
2026-04-05 00:00:00+00:00,99670.99153449805
2026-04-05 00:15:00+00:00,99670.99153449805
2026-04-05 00:30:00+00:00,99670.99153449805
2026-04-05 00:45:00+00:00,99670.99153449805
2026-04-05 01:00:00+00:00,99670.99153449805
2026-04-05 01:15:00+00:00,99670.99153449805
2026-04-05 01:30:00+00:00,99670.99153449805
2026-04-05 01:45:00+00:00,99670.99153449805
2026-04-05 02:00:00+00:00,99670.99153449805
2026-04-05 02:15:00+00:00,99670.99153449805
2026-04-05 02:30:00+00:00,99670.99153449805
2026-04-05 02:45:00+00:00,99670.99153449805
2026-04-05 03:00:00+00:00,99670.99153449805
2026-04-05 03:15:00+00:00,99670.99153449805
2026-04-05 03:30:00+00:00,99670.99153449805
2026-04-05 03:45:00+00:00,99670.99153449805
2026-04-05 04:00:00+00:00,99670.99153449805
2026-04-05 04:15:00+00:00,99670.99153449805
2026-04-05 04:30:00+00:00,99670.99153449805
2026-04-05 04:45:00+00:00,99670.99153449805
2026-04-05 05:00:00+00:00,99670.99153449805
2026-04-05 05:15:00+00:00,99670.99153449805
2026-04-05 05:30:00+00:00,99670.99153449805
2026-04-05 05:45:00+00:00,99670.99153449805
2026-04-05 06:00:00+00:00,99670.99153449805
2026-04-05 06:15:00+00:00,99670.99153449805
2026-04-05 06:30:00+00:00,99670.99153449805
2026-04-05 06:45:00+00:00,99670.99153449805
2026-04-05 07:00:00+00:00,99670.99153449805
2026-04-05 07:15:00+00:00,99670.99153449805
2026-04-05 07:30:00+00:00,99670.99153449805
2026-04-05 07:45:00+00:00,99670.99153449805
2026-04-05 08:00:00+00:00,99670.99153449805
2026-04-05 08:15:00+00:00,99670.99153449805
2026-04-05 08:30:00+00:00,99670.99153449805
2026-04-05 08:45:00+00:00,99670.99153449805
2026-04-05 09:00:00+00:00,99670.99153449805
2026-04-05 09:15:00+00:00,99670.99153449805
2026-04-05 09:30:00+00:00,99670.99153449805
2026-04-05 09:45:00+00:00,99670.99153449805
2026-04-05 10:00:00+00:00,99670.99153449805
2026-04-05 10:15:00+00:00,99670.99153449805
2026-04-05 10:30:00+00:00,99670.99153449805
2026-04-05 10:45:00+00:00,99670.99153449805
2026-04-05 11:00:00+00:00,99670.99153449805
2026-04-05 11:15:00+00:00,99670.99153449805
2026-04-05 11:30:00+00:00,99670.99153449805
2026-04-05 11:45:00+00:00,99670.99153449805
2026-04-05 12:00:00+00:00,99670.99153449805
2026-04-05 12:15:00+00:00,99670.99153449805
2026-04-05 12:30:00+00:00,99670.99153449805
2026-04-05 12:45:00+00:00,99670.99153449805
2026-04-05 13:00:00+00:00,99670.99153449805
2026-04-05 13:15:00+00:00,99670.99153449805
2026-04-05 13:30:00+00:00,99670.99153449805
2026-04-05 13:45:00+00:00,99670.99153449805
2026-04-05 14:00:00+00:00,99670.99153449805
2026-04-05 14:15:00+00:00,99670.99153449805
2026-04-05 14:30:00+00:00,99670.99153449805
2026-04-05 14:45:00+00:00,99670.99153449805
2026-04-05 15:00:00+00:00,99670.99153449805
2026-04-05 15:15:00+00:00,99670.99153449805
2026-04-05 15:30:00+00:00,99670.99153449805
2026-04-05 15:45:00+00:00,99670.99153449805
2026-04-05 16:00:00+00:00,99670.99153449805
2026-04-05 16:15:00+00:00,99670.99153449805
2026-04-05 16:30:00+00:00,99670.99153449805
2026-04-05 16:45:00+00:00,99670.99153449805
2026-04-05 17:00:00+00:00,99670.99153449805
2026-04-05 17:15:00+00:00,99670.99153449805
2026-04-05 17:30:00+00:00,99670.99153449805
2026-04-05 17:45:00+00:00,99670.99153449805
2026-04-05 18:00:00+00:00,99670.99153449805
2026-04-05 18:15:00+00:00,99670.99153449805
2026-04-05 18:30:00+00:00,99670.99153449805
2026-04-05 18:45:00+00:00,99670.99153449805
2026-04-05 19:00:00+00:00,99670.99153449805
2026-04-05 19:15:00+00:00,99670.99153449805
2026-04-05 19:30:00+00:00,99670.99153449805
2026-04-05 19:45:00+00:00,99670.99153449805
2026-04-05 20:00:00+00:00,99670.99153449805
2026-04-05 20:15:00+00:00,99670.99153449805
2026-04-05 20:30:00+00:00,99670.99153449805
2026-04-05 20:45:00+00:00,99670.99153449805
2026-04-05 21:00:00+00:00,99670.99153449805
2026-04-05 21:15:00+00:00,99670.99153449805
2026-04-05 21:30:00+00:00,99670.99153449805
2026-04-05 21:45:00+00:00,99670.99153449805
2026-04-05 22:00:00+00:00,99670.99153449805
2026-04-05 22:15:00+00:00,99670.99153449805
2026-04-05 22:30:00+00:00,99670.99153449805
2026-04-05 22:45:00+00:00,99670.99153449805
2026-04-05 23:00:00+00:00,99670.99153449805
2026-04-05 23:15:00+00:00,99670.99153449805
2026-04-05 23:30:00+00:00,99670.99153449805
2026-04-05 23:45:00+00:00,99670.99153449805
2026-04-06 00:00:00+00:00,99670.99153449805
2026-04-06 00:15:00+00:00,99672.12630966063
2026-04-06 00:30:00+00:00,99669.3015557333
2026-04-06 00:45:00+00:00,99674.23967313037
2026-04-06 01:00:00+00:00,99679.19851264445
2026-04-06 01:15:00+00:00,99676.36360185065
2026-04-06 01:30:00+00:00,99680.3632154212
2026-04-06 01:45:00+00:00,99680.15632269856
2026-04-06 02:00:00+00:00,99678.3050182728
2026-04-06 02:15:00+00:00,99678.3050182728
2026-04-06 02:30:00+00:00,99678.3050182728
2026-04-06 02:45:00+00:00,99678.3050182728
2026-04-06 03:00:00+00:00,99678.3050182728
2026-04-06 03:15:00+00:00,99678.3050182728
2026-04-06 03:30:00+00:00,99678.3050182728
2026-04-06 03:45:00+00:00,99678.3050182728
2026-04-06 04:00:00+00:00,99678.3050182728
2026-04-06 04:15:00+00:00,99678.3050182728
2026-04-06 04:30:00+00:00,99678.3050182728
2026-04-06 04:45:00+00:00,99678.3050182728
2026-04-06 05:00:00+00:00,99678.3050182728
2026-04-06 05:15:00+00:00,99678.3050182728
2026-04-06 05:30:00+00:00,99678.3050182728
2026-04-06 05:45:00+00:00,99678.3050182728
2026-04-06 06:00:00+00:00,99678.3050182728
2026-04-06 06:15:00+00:00,99678.3050182728
2026-04-06 06:30:00+00:00,99678.3050182728
2026-04-06 06:45:00+00:00,99678.3050182728
2026-04-06 07:00:00+00:00,99678.3050182728
2026-04-06 07:15:00+00:00,99678.3050182728
2026-04-06 07:30:00+00:00,99678.3050182728
2026-04-06 07:45:00+00:00,99678.3050182728
2026-04-06 08:00:00+00:00,99678.3050182728
2026-04-06 08:15:00+00:00,99678.3050182728
2026-04-06 08:30:00+00:00,99678.3050182728
2026-04-06 08:45:00+00:00,99678.3050182728
2026-04-06 09:00:00+00:00,99678.3050182728
2026-04-06 09:15:00+00:00,99678.3050182728
2026-04-06 09:30:00+00:00,99678.3050182728
2026-04-06 09:45:00+00:00,99678.3050182728
2026-04-06 10:00:00+00:00,99678.3050182728
2026-04-06 10:15:00+00:00,99678.3050182728
2026-04-06 10:30:00+00:00,99678.3050182728
2026-04-06 10:45:00+00:00,99678.3050182728
2026-04-06 11:00:00+00:00,99678.3050182728
2026-04-06 11:15:00+00:00,99678.3050182728
2026-04-06 11:30:00+00:00,99678.3050182728
2026-04-06 11:45:00+00:00,99678.3050182728
2026-04-06 12:00:00+00:00,99678.3050182728
2026-04-06 12:15:00+00:00,99678.3050182728
2026-04-06 12:30:00+00:00,99678.3050182728
2026-04-06 12:45:00+00:00,99678.3050182728
2026-04-06 13:00:00+00:00,99678.3050182728
2026-04-06 13:15:00+00:00,99678.3050182728
2026-04-06 13:30:00+00:00,99678.3050182728
2026-04-06 13:45:00+00:00,99678.3050182728
2026-04-06 14:00:00+00:00,99678.3050182728
2026-04-06 14:15:00+00:00,99678.3050182728
2026-04-06 14:30:00+00:00,99678.3050182728
2026-04-06 14:45:00+00:00,99678.3050182728
2026-04-06 15:00:00+00:00,99678.3050182728
2026-04-06 15:15:00+00:00,99678.3050182728
2026-04-06 15:30:00+00:00,99678.3050182728
2026-04-06 15:45:00+00:00,99678.3050182728
2026-04-06 16:00:00+00:00,99678.3050182728
2026-04-06 16:15:00+00:00,99678.3050182728
2026-04-06 16:30:00+00:00,99678.3050182728
2026-04-06 16:45:00+00:00,99678.3050182728
2026-04-06 17:00:00+00:00,99678.3050182728
2026-04-06 17:15:00+00:00,99678.3050182728
2026-04-06 17:30:00+00:00,99678.3050182728
2026-04-06 17:45:00+00:00,99678.3050182728
2026-04-06 18:00:00+00:00,99678.3050182728
2026-04-06 18:15:00+00:00,99678.3050182728
2026-04-06 18:30:00+00:00,99678.3050182728
2026-04-06 18:45:00+00:00,99678.3050182728
2026-04-06 19:00:00+00:00,99678.3050182728
2026-04-06 19:15:00+00:00,99678.3050182728
2026-04-06 19:30:00+00:00,99678.3050182728
2026-04-06 19:45:00+00:00,99678.3050182728
2026-04-06 20:00:00+00:00,99678.3050182728
2026-04-06 20:15:00+00:00,99678.3050182728
2026-04-06 20:30:00+00:00,99678.3050182728
2026-04-06 20:45:00+00:00,99678.3050182728
2026-04-06 21:00:00+00:00,99678.3050182728
2026-04-06 21:15:00+00:00,99678.3050182728
2026-04-06 21:30:00+00:00,99678.3050182728
2026-04-06 21:45:00+00:00,99678.3050182728
2026-04-06 22:00:00+00:00,99678.3050182728
2026-04-06 22:15:00+00:00,99678.3050182728
2026-04-06 22:30:00+00:00,99678.3050182728
2026-04-06 22:45:00+00:00,99678.3050182728
2026-04-06 23:00:00+00:00,99678.3050182728
2026-04-06 23:15:00+00:00,99678.3050182728
2026-04-06 23:30:00+00:00,99678.3050182728
2026-04-06 23:45:00+00:00,99678.3050182728
2026-04-07 00:00:00+00:00,99678.3050182728
2026-04-07 00:15:00+00:00,99678.3050182728
2026-04-07 00:30:00+00:00,99678.3050182728
2026-04-07 00:45:00+00:00,99678.3050182728
2026-04-07 01:00:00+00:00,99678.3050182728
2026-04-07 01:15:00+00:00,99678.3050182728
2026-04-07 01:30:00+00:00,99678.3050182728
2026-04-07 01:45:00+00:00,99678.3050182728
2026-04-07 02:00:00+00:00,99678.3050182728
2026-04-07 02:15:00+00:00,99678.3050182728
2026-04-07 02:30:00+00:00,99678.3050182728
2026-04-07 02:45:00+00:00,99678.3050182728
2026-04-07 03:00:00+00:00,99678.3050182728
2026-04-07 03:15:00+00:00,99678.3050182728
2026-04-07 03:30:00+00:00,99678.3050182728
2026-04-07 03:45:00+00:00,99678.3050182728
2026-04-07 04:00:00+00:00,99678.3050182728
2026-04-07 04:15:00+00:00,99678.3050182728
2026-04-07 04:30:00+00:00,99678.3050182728
2026-04-07 04:45:00+00:00,99678.3050182728
2026-04-07 05:00:00+00:00,99678.3050182728
2026-04-07 05:15:00+00:00,99678.3050182728
2026-04-07 05:30:00+00:00,99678.3050182728
2026-04-07 05:45:00+00:00,99678.3050182728
2026-04-07 06:00:00+00:00,99678.3050182728
2026-04-07 06:15:00+00:00,99678.3050182728
2026-04-07 06:30:00+00:00,99678.3050182728
2026-04-07 06:45:00+00:00,99678.3050182728
2026-04-07 07:00:00+00:00,99678.3050182728
2026-04-07 07:15:00+00:00,99678.3050182728
2026-04-07 07:30:00+00:00,99678.3050182728
2026-04-07 07:45:00+00:00,99678.3050182728
2026-04-07 08:00:00+00:00,99678.3050182728
2026-04-07 08:15:00+00:00,99678.3050182728
2026-04-07 08:30:00+00:00,99678.3050182728
2026-04-07 08:45:00+00:00,99678.3050182728
2026-04-07 09:00:00+00:00,99678.3050182728
2026-04-07 09:15:00+00:00,99678.3050182728
2026-04-07 09:30:00+00:00,99678.3050182728
2026-04-07 09:45:00+00:00,99678.3050182728
2026-04-07 10:00:00+00:00,99678.3050182728
2026-04-07 10:15:00+00:00,99678.3050182728
2026-04-07 10:30:00+00:00,99678.3050182728
2026-04-07 10:45:00+00:00,99678.3050182728
2026-04-07 11:00:00+00:00,99678.3050182728
2026-04-07 11:15:00+00:00,99678.3050182728
2026-04-07 11:30:00+00:00,99678.3050182728
2026-04-07 11:45:00+00:00,99678.3050182728
2026-04-07 12:00:00+00:00,99678.3050182728
2026-04-07 12:15:00+00:00,99678.3050182728
2026-04-07 12:30:00+00:00,99678.3050182728
2026-04-07 12:45:00+00:00,99678.3050182728
2026-04-07 13:00:00+00:00,99678.3050182728
2026-04-07 13:15:00+00:00,99678.3050182728
2026-04-07 13:30:00+00:00,99678.3050182728
2026-04-07 13:45:00+00:00,99678.3050182728
2026-04-07 14:00:00+00:00,99678.3050182728
2026-04-07 14:15:00+00:00,99678.3050182728
2026-04-07 14:30:00+00:00,99678.3050182728
2026-04-07 14:45:00+00:00,99678.3050182728
2026-04-07 15:00:00+00:00,99678.3050182728
2026-04-07 15:15:00+00:00,99678.3050182728
2026-04-07 15:30:00+00:00,99678.3050182728
2026-04-07 15:45:00+00:00,99678.3050182728
2026-04-07 16:00:00+00:00,99678.3050182728
2026-04-07 16:15:00+00:00,99678.3050182728
2026-04-07 16:30:00+00:00,99678.3050182728
2026-04-07 16:45:00+00:00,99678.3050182728
2026-04-07 17:00:00+00:00,99678.3050182728
2026-04-07 17:15:00+00:00,99678.3050182728
2026-04-07 17:30:00+00:00,99678.3050182728
2026-04-07 17:45:00+00:00,99678.3050182728
2026-04-07 18:00:00+00:00,99678.3050182728
2026-04-07 18:15:00+00:00,99678.3050182728
2026-04-07 18:30:00+00:00,99678.3050182728
2026-04-07 18:45:00+00:00,99678.3050182728
2026-04-07 19:00:00+00:00,99678.3050182728
2026-04-07 19:15:00+00:00,99678.3050182728
2026-04-07 19:30:00+00:00,99678.3050182728
2026-04-07 19:45:00+00:00,99678.3050182728
2026-04-07 20:00:00+00:00,99678.3050182728
2026-04-07 20:15:00+00:00,99678.3050182728
2026-04-07 20:30:00+00:00,99678.3050182728
2026-04-07 20:45:00+00:00,99678.3050182728
2026-04-07 21:00:00+00:00,99664.03085010104
2026-04-07 21:15:00+00:00,99653.6719646103
2026-04-07 21:30:00+00:00,99653.6719646103
2026-04-07 21:45:00+00:00,99653.6719646103
2026-04-07 22:00:00+00:00,99653.6719646103
2026-04-07 22:15:00+00:00,99653.6719646103
2026-04-07 22:30:00+00:00,99653.6719646103
2026-04-07 22:45:00+00:00,99653.6719646103
2026-04-07 23:00:00+00:00,99653.6719646103
2026-04-07 23:15:00+00:00,99653.6719646103
2026-04-07 23:30:00+00:00,99653.6719646103
2026-04-07 23:45:00+00:00,99653.6719646103
2026-04-08 00:00:00+00:00,99653.6719646103
2026-04-08 00:15:00+00:00,99653.6719646103
2026-04-08 00:30:00+00:00,99653.6719646103
2026-04-08 00:45:00+00:00,99653.6719646103
2026-04-08 01:00:00+00:00,99653.6719646103
2026-04-08 01:15:00+00:00,99653.6719646103
2026-04-08 01:30:00+00:00,99653.6719646103
2026-04-08 01:45:00+00:00,99653.6719646103
2026-04-08 02:00:00+00:00,99653.6719646103
2026-04-08 02:15:00+00:00,99653.6719646103
2026-04-08 02:30:00+00:00,99653.6719646103
2026-04-08 02:45:00+00:00,99653.6719646103
2026-04-08 03:00:00+00:00,99653.6719646103
2026-04-08 03:15:00+00:00,99653.6719646103
2026-04-08 03:30:00+00:00,99653.6719646103
2026-04-08 03:45:00+00:00,99653.6719646103
2026-04-08 04:00:00+00:00,99653.6719646103
2026-04-08 04:15:00+00:00,99652.65224642259
2026-04-08 04:30:00+00:00,99651.79593330606
2026-04-08 04:45:00+00:00,99652.73273816587
2026-04-08 05:00:00+00:00,99650.6313136996
2026-04-08 05:15:00+00:00,99649.50127748522
2026-04-08 05:30:00+00:00,99641.09383902188
2026-04-08 05:45:00+00:00,99641.09383902188
2026-04-08 06:00:00+00:00,99641.09383902188
2026-04-08 06:15:00+00:00,99641.09383902188
2026-04-08 06:30:00+00:00,99641.09383902188
2026-04-08 06:45:00+00:00,99641.09383902188
2026-04-08 07:00:00+00:00,99641.09383902188
2026-04-08 07:15:00+00:00,99641.09383902188
2026-04-08 07:30:00+00:00,99641.09383902188
2026-04-08 07:45:00+00:00,99641.09383902188
2026-04-08 08:00:00+00:00,99641.09383902188
2026-04-08 08:15:00+00:00,99641.09383902188
2026-04-08 08:30:00+00:00,99641.09383902188
2026-04-08 08:45:00+00:00,99641.09383902188
2026-04-08 09:00:00+00:00,99641.09383902188
2026-04-08 09:15:00+00:00,99641.09383902188
2026-04-08 09:30:00+00:00,99641.09383902188
2026-04-08 09:45:00+00:00,99641.09383902188
2026-04-08 10:00:00+00:00,99641.09383902188
2026-04-08 10:15:00+00:00,99641.09383902188
2026-04-08 10:30:00+00:00,99641.09383902188
2026-04-08 10:45:00+00:00,99641.09383902188
2026-04-08 11:00:00+00:00,99641.09383902188
2026-04-08 11:15:00+00:00,99641.09383902188
2026-04-08 11:30:00+00:00,99641.09383902188
2026-04-08 11:45:00+00:00,99641.09383902188
2026-04-08 12:00:00+00:00,99641.09383902188
2026-04-08 12:15:00+00:00,99641.09383902188
2026-04-08 12:30:00+00:00,99641.09383902188
2026-04-08 12:45:00+00:00,99641.09383902188
2026-04-08 13:00:00+00:00,99641.09383902188
2026-04-08 13:15:00+00:00,99641.09383902188
2026-04-08 13:30:00+00:00,99641.09383902188
2026-04-08 13:45:00+00:00,99641.09383902188
2026-04-08 14:00:00+00:00,99641.09383902188
2026-04-08 14:15:00+00:00,99641.09383902188
2026-04-08 14:30:00+00:00,99641.09383902188
2026-04-08 14:45:00+00:00,99641.09383902188
2026-04-08 15:00:00+00:00,99641.09383902188
2026-04-08 15:15:00+00:00,99641.09383902188
2026-04-08 15:30:00+00:00,99641.09383902188
2026-04-08 15:45:00+00:00,99641.09383902188
2026-04-08 16:00:00+00:00,99641.09383902188
2026-04-08 16:15:00+00:00,99641.09383902188
2026-04-08 16:30:00+00:00,99641.09383902188
2026-04-08 16:45:00+00:00,99641.09383902188
2026-04-08 17:00:00+00:00,99641.09383902188
2026-04-08 17:15:00+00:00,99641.09383902188
2026-04-08 17:30:00+00:00,99641.09383902188
2026-04-08 17:45:00+00:00,99641.09383902188
2026-04-08 18:00:00+00:00,99641.09383902188
2026-04-08 18:15:00+00:00,99641.09383902188
2026-04-08 18:30:00+00:00,99641.09383902188
2026-04-08 18:45:00+00:00,99641.09383902188
2026-04-08 19:00:00+00:00,99641.09383902188
2026-04-08 19:15:00+00:00,99641.09383902188
2026-04-08 19:30:00+00:00,99641.09383902188
2026-04-08 19:45:00+00:00,99641.09383902188
2026-04-08 20:00:00+00:00,99641.09383902188
2026-04-08 20:15:00+00:00,99641.09383902188
2026-04-08 20:30:00+00:00,99641.09383902188
2026-04-08 20:45:00+00:00,99641.09383902188
2026-04-08 21:00:00+00:00,99641.09383902188
2026-04-08 21:15:00+00:00,99641.09383902188
2026-04-08 21:30:00+00:00,99641.09383902188
2026-04-08 21:45:00+00:00,99641.09383902188
2026-04-08 22:00:00+00:00,99641.09383902188
2026-04-08 22:15:00+00:00,99641.09383902188
2026-04-08 22:30:00+00:00,99641.09383902188
2026-04-08 22:45:00+00:00,99641.09383902188
2026-04-08 23:00:00+00:00,99641.09383902188
2026-04-08 23:15:00+00:00,99641.09383902188
2026-04-08 23:30:00+00:00,99641.09383902188
2026-04-08 23:45:00+00:00,99641.09383902188
2026-04-09 00:00:00+00:00,99641.09383902188
2026-04-09 00:15:00+00:00,99641.09383902188
2026-04-09 00:30:00+00:00,99641.09383902188
2026-04-09 00:45:00+00:00,99641.09383902188
2026-04-09 01:00:00+00:00,99641.09383902188
2026-04-09 01:15:00+00:00,99641.09383902188
2026-04-09 01:30:00+00:00,99641.09383902188
2026-04-09 01:45:00+00:00,99641.09383902188
2026-04-09 02:00:00+00:00,99641.09383902188
2026-04-09 02:15:00+00:00,99641.09383902188
2026-04-09 02:30:00+00:00,99641.09383902188
2026-04-09 02:45:00+00:00,99641.09383902188
2026-04-09 03:00:00+00:00,99641.09383902188
2026-04-09 03:15:00+00:00,99641.09383902188
2026-04-09 03:30:00+00:00,99641.09383902188
2026-04-09 03:45:00+00:00,99641.09383902188
2026-04-09 04:00:00+00:00,99641.09383902188
2026-04-09 04:15:00+00:00,99641.09383902188
2026-04-09 04:30:00+00:00,99641.09383902188
2026-04-09 04:45:00+00:00,99641.09383902188
2026-04-09 05:00:00+00:00,99641.09383902188
2026-04-09 05:15:00+00:00,99641.09383902188
2026-04-09 05:30:00+00:00,99641.09383902188
2026-04-09 05:45:00+00:00,99641.09383902188
2026-04-09 06:00:00+00:00,99641.09383902188
2026-04-09 06:15:00+00:00,99641.09383902188
2026-04-09 06:30:00+00:00,99641.09383902188
2026-04-09 06:45:00+00:00,99641.09383902188
2026-04-09 07:00:00+00:00,99641.09383902188
2026-04-09 07:15:00+00:00,99641.09383902188
2026-04-09 07:30:00+00:00,99641.09383902188
2026-04-09 07:45:00+00:00,99641.09383902188
2026-04-09 08:00:00+00:00,99641.09383902188
2026-04-09 08:15:00+00:00,99641.09383902188
2026-04-09 08:30:00+00:00,99641.09383902188
2026-04-09 08:45:00+00:00,99641.09383902188
2026-04-09 09:00:00+00:00,99641.09383902188
2026-04-09 09:15:00+00:00,99641.09383902188
2026-04-09 09:30:00+00:00,99641.09383902188
2026-04-09 09:45:00+00:00,99641.09383902188
2026-04-09 10:00:00+00:00,99641.09383902188
2026-04-09 10:15:00+00:00,99641.09383902188
2026-04-09 10:30:00+00:00,99641.09383902188
2026-04-09 10:45:00+00:00,99641.09383902188
2026-04-09 11:00:00+00:00,99641.09383902188
2026-04-09 11:15:00+00:00,99641.09383902188
2026-04-09 11:30:00+00:00,99641.09383902188
2026-04-09 11:45:00+00:00,99641.09383902188
2026-04-09 12:00:00+00:00,99641.09383902188
2026-04-09 12:15:00+00:00,99641.09383902188
2026-04-09 12:30:00+00:00,99641.09383902188
2026-04-09 12:45:00+00:00,99641.09383902188
2026-04-09 13:00:00+00:00,99641.09383902188
2026-04-09 13:15:00+00:00,99641.09383902188
2026-04-09 13:30:00+00:00,99641.09383902188
2026-04-09 13:45:00+00:00,99641.09383902188
2026-04-09 14:00:00+00:00,99641.09383902188
2026-04-09 14:15:00+00:00,99641.09383902188
2026-04-09 14:30:00+00:00,99641.09383902188
2026-04-09 14:45:00+00:00,99641.09383902188
2026-04-09 15:00:00+00:00,99641.09383902188
2026-04-09 15:15:00+00:00,99641.09383902188
2026-04-09 15:30:00+00:00,99641.09383902188
2026-04-09 15:45:00+00:00,99641.09383902188
2026-04-09 16:00:00+00:00,99641.09383902188
2026-04-09 16:15:00+00:00,99641.09383902188
2026-04-09 16:30:00+00:00,99641.09383902188
2026-04-09 16:45:00+00:00,99641.09383902188
2026-04-09 17:00:00+00:00,99641.09383902188
2026-04-09 17:15:00+00:00,99641.09383902188
2026-04-09 17:30:00+00:00,99641.09383902188
2026-04-09 17:45:00+00:00,99641.09383902188
2026-04-09 18:00:00+00:00,99641.09383902188
2026-04-09 18:15:00+00:00,99641.09383902188
2026-04-09 18:30:00+00:00,99641.09383902188
2026-04-09 18:45:00+00:00,99641.09383902188
2026-04-09 19:00:00+00:00,99641.09383902188
2026-04-09 19:15:00+00:00,99641.09383902188
2026-04-09 19:30:00+00:00,99641.09383902188
2026-04-09 19:45:00+00:00,99641.09383902188
2026-04-09 20:00:00+00:00,99641.09383902188
2026-04-09 20:15:00+00:00,99638.71596235591
2026-04-09 20:30:00+00:00,99636.23752274958
2026-04-09 20:45:00+00:00,99636.3105808292
2026-04-09 21:00:00+00:00,99628.64935008035
2026-04-09 21:15:00+00:00,99628.64935008035
2026-04-09 21:30:00+00:00,99628.64935008035
2026-04-09 21:45:00+00:00,99628.64935008035
2026-04-09 22:00:00+00:00,99628.64935008035
2026-04-09 22:15:00+00:00,99628.64935008035
2026-04-09 22:30:00+00:00,99628.64935008035
2026-04-09 22:45:00+00:00,99628.64935008035
2026-04-09 23:00:00+00:00,99628.64935008035
2026-04-09 23:15:00+00:00,99628.64935008035
2026-04-09 23:30:00+00:00,99628.64935008035
2026-04-09 23:45:00+00:00,99628.64935008035
2026-04-10 00:00:00+00:00,99628.64935008035
2026-04-10 00:15:00+00:00,99628.64935008035
2026-04-10 00:30:00+00:00,99628.64935008035
2026-04-10 00:45:00+00:00,99628.64935008035
2026-04-10 01:00:00+00:00,99628.64935008035
2026-04-10 01:15:00+00:00,99628.64935008035
2026-04-10 01:30:00+00:00,99628.64935008035
2026-04-10 01:45:00+00:00,99628.64935008035
2026-04-10 02:00:00+00:00,99628.64935008035
2026-04-10 02:15:00+00:00,99628.64935008035
2026-04-10 02:30:00+00:00,99628.64935008035
2026-04-10 02:45:00+00:00,99628.64935008035
2026-04-10 03:00:00+00:00,99628.64935008035
2026-04-10 03:15:00+00:00,99628.64935008035
2026-04-10 03:30:00+00:00,99628.64935008035
2026-04-10 03:45:00+00:00,99628.64935008035
2026-04-10 04:00:00+00:00,99628.64935008035
2026-04-10 04:15:00+00:00,99628.64935008035
2026-04-10 04:30:00+00:00,99628.64935008035
2026-04-10 04:45:00+00:00,99628.64935008035
2026-04-10 05:00:00+00:00,99628.64935008035
2026-04-10 05:15:00+00:00,99628.64935008035
2026-04-10 05:30:00+00:00,99628.64935008035
2026-04-10 05:45:00+00:00,99628.64935008035
2026-04-10 06:00:00+00:00,99628.64935008035
2026-04-10 06:15:00+00:00,99628.64935008035
2026-04-10 06:30:00+00:00,99628.64935008035
2026-04-10 06:45:00+00:00,99628.64935008035
2026-04-10 07:00:00+00:00,99628.64935008035
2026-04-10 07:15:00+00:00,99628.64935008035
2026-04-10 07:30:00+00:00,99628.64935008035
2026-04-10 07:45:00+00:00,99628.64935008035
2026-04-10 08:00:00+00:00,99628.64935008035
2026-04-10 08:15:00+00:00,99628.64935008035
2026-04-10 08:30:00+00:00,99628.64935008035
2026-04-10 08:45:00+00:00,99628.64935008035
2026-04-10 09:00:00+00:00,99628.64935008035
2026-04-10 09:15:00+00:00,99628.64935008035
2026-04-10 09:30:00+00:00,99628.64935008035
2026-04-10 09:45:00+00:00,99628.64935008035
2026-04-10 10:00:00+00:00,99628.64935008035
2026-04-10 10:15:00+00:00,99628.64935008035
2026-04-10 10:30:00+00:00,99628.64935008035
2026-04-10 10:45:00+00:00,99628.64935008035
2026-04-10 11:00:00+00:00,99628.64935008035
2026-04-10 11:15:00+00:00,99628.64935008035
2026-04-10 11:30:00+00:00,99628.64935008035
2026-04-10 11:45:00+00:00,99628.64935008035
2026-04-10 12:00:00+00:00,99628.64935008035
2026-04-10 12:15:00+00:00,99628.64935008035
2026-04-10 12:30:00+00:00,99628.64935008035
2026-04-10 12:45:00+00:00,99628.64935008035
2026-04-10 13:00:00+00:00,99628.64935008035
2026-04-10 13:15:00+00:00,99628.64935008035
2026-04-10 13:30:00+00:00,99628.64935008035
2026-04-10 13:45:00+00:00,99628.64935008035
2026-04-10 14:00:00+00:00,99628.64935008035
2026-04-10 14:15:00+00:00,99628.64935008035
2026-04-10 14:30:00+00:00,99628.64935008035
2026-04-10 14:45:00+00:00,99628.64935008035
2026-04-10 15:00:00+00:00,99628.64935008035
2026-04-10 15:15:00+00:00,99628.64935008035
2026-04-10 15:30:00+00:00,99628.64935008035
2026-04-10 15:45:00+00:00,99628.64935008035
2026-04-10 16:00:00+00:00,99628.64935008035
2026-04-10 16:15:00+00:00,99628.64935008035
2026-04-10 16:30:00+00:00,99628.64935008035
2026-04-10 16:45:00+00:00,99628.64935008035
2026-04-10 17:00:00+00:00,99628.64935008035
2026-04-10 17:15:00+00:00,99628.64935008035
2026-04-10 17:30:00+00:00,99628.64935008035
2026-04-10 17:45:00+00:00,99628.64935008035
2026-04-10 18:00:00+00:00,99628.64935008035
2026-04-10 18:15:00+00:00,99628.64935008035
2026-04-10 18:30:00+00:00,99628.64935008035
2026-04-10 18:45:00+00:00,99628.64935008035
2026-04-10 19:00:00+00:00,99628.64935008035
2026-04-10 19:15:00+00:00,99628.64935008035
2026-04-10 19:30:00+00:00,99628.64935008035
2026-04-10 19:45:00+00:00,99628.64935008035
2026-04-10 20:00:00+00:00,99628.64935008035
2026-04-10 20:15:00+00:00,99628.64935008035
2026-04-10 20:30:00+00:00,99628.64935008035
2026-04-10 20:45:00+00:00,99628.64935008035
2026-04-10 21:00:00+00:00,99628.64935008035
2026-04-10 21:15:00+00:00,99628.64935008035
2026-04-10 21:30:00+00:00,99628.64935008035
2026-04-10 21:45:00+00:00,99628.64935008035
2026-04-10 22:00:00+00:00,99628.64935008035
2026-04-10 22:15:00+00:00,99628.64935008035
2026-04-10 22:30:00+00:00,99628.64935008035
2026-04-10 22:45:00+00:00,99628.64935008035
2026-04-10 23:00:00+00:00,99628.64935008035
2026-04-10 23:15:00+00:00,99628.64935008035
2026-04-10 23:30:00+00:00,99628.64935008035
2026-04-10 23:45:00+00:00,99628.64935008035
2026-04-11 00:00:00+00:00,99628.64935008035
2026-04-11 00:15:00+00:00,99628.64935008035
2026-04-11 00:30:00+00:00,99628.64935008035
2026-04-11 00:45:00+00:00,99628.64935008035
2026-04-11 01:00:00+00:00,99628.64935008035
2026-04-11 01:15:00+00:00,99628.64935008035
2026-04-11 01:30:00+00:00,99628.64935008035
2026-04-11 01:45:00+00:00,99628.64935008035
2026-04-11 02:00:00+00:00,99628.64935008035
2026-04-11 02:15:00+00:00,99628.64935008035
2026-04-11 02:30:00+00:00,99628.64935008035
2026-04-11 02:45:00+00:00,99628.64935008035
2026-04-11 03:00:00+00:00,99628.64935008035
2026-04-11 03:15:00+00:00,99628.64935008035
2026-04-11 03:30:00+00:00,99628.64935008035
2026-04-11 03:45:00+00:00,99628.64935008035
2026-04-11 04:00:00+00:00,99628.64935008035
2026-04-11 04:15:00+00:00,99628.64935008035
2026-04-11 04:30:00+00:00,99628.64935008035
2026-04-11 04:45:00+00:00,99628.64935008035
2026-04-11 05:00:00+00:00,99628.64935008035
2026-04-11 05:15:00+00:00,99628.64935008035
2026-04-11 05:30:00+00:00,99628.64935008035
2026-04-11 05:45:00+00:00,99628.64935008035
2026-04-11 06:00:00+00:00,99628.64935008035
2026-04-11 06:15:00+00:00,99628.64935008035
2026-04-11 06:30:00+00:00,99628.64935008035
2026-04-11 06:45:00+00:00,99628.64935008035
2026-04-11 07:00:00+00:00,99628.64935008035
2026-04-11 07:15:00+00:00,99628.64935008035
2026-04-11 07:30:00+00:00,99628.64935008035
2026-04-11 07:45:00+00:00,99628.64935008035
2026-04-11 08:00:00+00:00,99628.64935008035
2026-04-11 08:15:00+00:00,99628.03018552515
2026-04-11 08:30:00+00:00,99627.87178725982
2026-04-11 08:45:00+00:00,99621.2002192628
2026-04-11 09:00:00+00:00,99621.2002192628
2026-04-11 09:15:00+00:00,99621.2002192628
2026-04-11 09:30:00+00:00,99621.2002192628
2026-04-11 09:45:00+00:00,99621.2002192628
2026-04-11 10:00:00+00:00,99621.2002192628
2026-04-11 10:15:00+00:00,99621.2002192628
2026-04-11 10:30:00+00:00,99621.2002192628
2026-04-11 10:45:00+00:00,99621.2002192628
2026-04-11 11:00:00+00:00,99621.2002192628
2026-04-11 11:15:00+00:00,99621.2002192628
2026-04-11 11:30:00+00:00,99621.2002192628
2026-04-11 11:45:00+00:00,99621.2002192628
2026-04-11 12:00:00+00:00,99621.2002192628
2026-04-11 12:15:00+00:00,99621.2002192628
2026-04-11 12:30:00+00:00,99621.2002192628
2026-04-11 12:45:00+00:00,99621.2002192628
2026-04-11 13:00:00+00:00,99621.2002192628
2026-04-11 13:15:00+00:00,99621.2002192628
2026-04-11 13:30:00+00:00,99621.2002192628
2026-04-11 13:45:00+00:00,99621.2002192628
2026-04-11 14:00:00+00:00,99621.2002192628
2026-04-11 14:15:00+00:00,99621.2002192628
2026-04-11 14:30:00+00:00,99621.2002192628
2026-04-11 14:45:00+00:00,99621.2002192628
2026-04-11 15:00:00+00:00,99621.2002192628
2026-04-11 15:15:00+00:00,99621.2002192628
2026-04-11 15:30:00+00:00,99621.2002192628
2026-04-11 15:45:00+00:00,99621.2002192628
2026-04-11 16:00:00+00:00,99621.2002192628
2026-04-11 16:15:00+00:00,99621.2002192628
2026-04-11 16:30:00+00:00,99621.2002192628
2026-04-11 16:45:00+00:00,99621.2002192628
2026-04-11 17:00:00+00:00,99621.2002192628
2026-04-11 17:15:00+00:00,99621.2002192628
2026-04-11 17:30:00+00:00,99621.2002192628
2026-04-11 17:45:00+00:00,99621.2002192628
2026-04-11 18:00:00+00:00,99621.2002192628
2026-04-11 18:15:00+00:00,99621.2002192628
2026-04-11 18:30:00+00:00,99621.2002192628
2026-04-11 18:45:00+00:00,99621.2002192628
2026-04-11 19:00:00+00:00,99621.2002192628
2026-04-11 19:15:00+00:00,99621.2002192628
2026-04-11 19:30:00+00:00,99621.2002192628
2026-04-11 19:45:00+00:00,99621.2002192628
2026-04-11 20:00:00+00:00,99621.2002192628
2026-04-11 20:15:00+00:00,99621.2002192628
2026-04-11 20:30:00+00:00,99621.2002192628
2026-04-11 20:45:00+00:00,99621.2002192628
2026-04-11 21:00:00+00:00,99621.2002192628
2026-04-11 21:15:00+00:00,99621.2002192628
2026-04-11 21:30:00+00:00,99621.2002192628
2026-04-11 21:45:00+00:00,99621.2002192628
2026-04-11 22:00:00+00:00,99621.2002192628
2026-04-11 22:15:00+00:00,99621.2002192628
2026-04-11 22:30:00+00:00,99621.2002192628
2026-04-11 22:45:00+00:00,99621.2002192628
2026-04-11 23:00:00+00:00,99621.2002192628
2026-04-11 23:15:00+00:00,99621.2002192628
2026-04-11 23:30:00+00:00,99621.2002192628
2026-04-11 23:45:00+00:00,99621.2002192628
2026-04-12 00:00:00+00:00,99621.2002192628
2026-04-12 00:15:00+00:00,99621.2002192628
2026-04-12 00:30:00+00:00,99621.2002192628
2026-04-12 00:45:00+00:00,99621.2002192628
2026-04-12 01:00:00+00:00,99621.2002192628
2026-04-12 01:15:00+00:00,99621.2002192628
2026-04-12 01:30:00+00:00,99621.2002192628
2026-04-12 01:45:00+00:00,99621.2002192628
2026-04-12 02:00:00+00:00,99621.2002192628
2026-04-12 02:15:00+00:00,99621.2002192628
2026-04-12 02:30:00+00:00,99621.2002192628
2026-04-12 02:45:00+00:00,99621.2002192628
2026-04-12 03:00:00+00:00,99621.2002192628
2026-04-12 03:15:00+00:00,99621.2002192628
2026-04-12 03:30:00+00:00,99621.2002192628
2026-04-12 03:45:00+00:00,99621.2002192628
2026-04-12 04:00:00+00:00,99621.2002192628
2026-04-12 04:15:00+00:00,99621.2002192628
2026-04-12 04:30:00+00:00,99621.2002192628
2026-04-12 04:45:00+00:00,99621.2002192628
2026-04-12 05:00:00+00:00,99621.2002192628
2026-04-12 05:15:00+00:00,99621.2002192628
2026-04-12 05:30:00+00:00,99621.2002192628
2026-04-12 05:45:00+00:00,99621.2002192628
2026-04-12 06:00:00+00:00,99621.2002192628
2026-04-12 06:15:00+00:00,99621.2002192628
2026-04-12 06:30:00+00:00,99621.2002192628
2026-04-12 06:45:00+00:00,99621.2002192628
2026-04-12 07:00:00+00:00,99621.2002192628
2026-04-12 07:15:00+00:00,99621.2002192628
2026-04-12 07:30:00+00:00,99621.2002192628
2026-04-12 07:45:00+00:00,99621.2002192628
2026-04-12 08:00:00+00:00,99621.2002192628
2026-04-12 08:15:00+00:00,99621.2002192628
2026-04-12 08:30:00+00:00,99621.2002192628
2026-04-12 08:45:00+00:00,99621.2002192628
2026-04-12 09:00:00+00:00,99621.2002192628
2026-04-12 09:15:00+00:00,99621.2002192628
2026-04-12 09:30:00+00:00,99621.2002192628
2026-04-12 09:45:00+00:00,99621.2002192628
2026-04-12 10:00:00+00:00,99621.2002192628
2026-04-12 10:15:00+00:00,99621.2002192628
2026-04-12 10:30:00+00:00,99621.2002192628
2026-04-12 10:45:00+00:00,99621.2002192628
2026-04-12 11:00:00+00:00,99621.2002192628
2026-04-12 11:15:00+00:00,99621.2002192628
2026-04-12 11:30:00+00:00,99621.2002192628
2026-04-12 11:45:00+00:00,99621.2002192628
2026-04-12 12:00:00+00:00,99621.2002192628
2026-04-12 12:15:00+00:00,99621.2002192628
2026-04-12 12:30:00+00:00,99621.2002192628
2026-04-12 12:45:00+00:00,99621.2002192628
2026-04-12 13:00:00+00:00,99621.2002192628
2026-04-12 13:15:00+00:00,99621.2002192628
2026-04-12 13:30:00+00:00,99621.2002192628
2026-04-12 13:45:00+00:00,99621.2002192628
2026-04-12 14:00:00+00:00,99621.2002192628
2026-04-12 14:15:00+00:00,99621.2002192628
2026-04-12 14:30:00+00:00,99621.2002192628
2026-04-12 14:45:00+00:00,99621.2002192628
2026-04-12 15:00:00+00:00,99621.2002192628
2026-04-12 15:15:00+00:00,99621.2002192628
2026-04-12 15:30:00+00:00,99621.2002192628
2026-04-12 15:45:00+00:00,99621.2002192628
2026-04-12 16:00:00+00:00,99621.2002192628
2026-04-12 16:15:00+00:00,99621.2002192628
2026-04-12 16:30:00+00:00,99621.2002192628
2026-04-12 16:45:00+00:00,99621.2002192628
2026-04-12 17:00:00+00:00,99621.2002192628
2026-04-12 17:15:00+00:00,99621.2002192628
2026-04-12 17:30:00+00:00,99621.2002192628
2026-04-12 17:45:00+00:00,99621.2002192628
2026-04-12 18:00:00+00:00,99621.2002192628
2026-04-12 18:15:00+00:00,99621.2002192628
2026-04-12 18:30:00+00:00,99621.2002192628
2026-04-12 18:45:00+00:00,99621.2002192628
2026-04-12 19:00:00+00:00,99621.2002192628
2026-04-12 19:15:00+00:00,99621.2002192628
2026-04-12 19:30:00+00:00,99621.2002192628
2026-04-12 19:45:00+00:00,99621.2002192628
2026-04-12 20:00:00+00:00,99621.2002192628
2026-04-12 20:15:00+00:00,99621.2002192628
2026-04-12 20:30:00+00:00,99621.2002192628
2026-04-12 20:45:00+00:00,99621.2002192628
2026-04-12 21:00:00+00:00,99621.2002192628
2026-04-12 21:15:00+00:00,99621.2002192628
2026-04-12 21:30:00+00:00,99621.2002192628
2026-04-12 21:45:00+00:00,99621.2002192628
2026-04-12 22:00:00+00:00,99621.2002192628
2026-04-12 22:15:00+00:00,99621.2002192628
2026-04-12 22:30:00+00:00,99621.2002192628
2026-04-12 22:45:00+00:00,99621.2002192628
2026-04-12 23:00:00+00:00,99621.2002192628
2026-04-12 23:15:00+00:00,99621.2002192628
2026-04-12 23:30:00+00:00,99621.2002192628
2026-04-12 23:45:00+00:00,99621.2002192628
2026-04-13 00:00:00+00:00,99621.2002192628
2026-04-13 00:15:00+00:00,99621.2002192628
2026-04-13 00:30:00+00:00,99621.2002192628
2026-04-13 00:45:00+00:00,99621.2002192628
2026-04-13 01:00:00+00:00,99621.2002192628
2026-04-13 01:15:00+00:00,99621.2002192628
2026-04-13 01:30:00+00:00,99621.2002192628
2026-04-13 01:45:00+00:00,99621.2002192628
2026-04-13 02:00:00+00:00,99621.2002192628
2026-04-13 02:15:00+00:00,99621.2002192628
2026-04-13 02:30:00+00:00,99621.2002192628
2026-04-13 02:45:00+00:00,99621.2002192628
2026-04-13 03:00:00+00:00,99621.2002192628
2026-04-13 03:15:00+00:00,99621.2002192628
2026-04-13 03:30:00+00:00,99621.2002192628
2026-04-13 03:45:00+00:00,99621.2002192628
2026-04-13 04:00:00+00:00,99621.2002192628
2026-04-13 04:15:00+00:00,99621.2002192628
2026-04-13 04:30:00+00:00,99621.2002192628
2026-04-13 04:45:00+00:00,99621.2002192628
2026-04-13 05:00:00+00:00,99621.2002192628
2026-04-13 05:15:00+00:00,99621.2002192628
2026-04-13 05:30:00+00:00,99621.2002192628
2026-04-13 05:45:00+00:00,99621.2002192628
2026-04-13 06:00:00+00:00,99621.2002192628
2026-04-13 06:15:00+00:00,99621.2002192628
2026-04-13 06:30:00+00:00,99621.2002192628
2026-04-13 06:45:00+00:00,99621.2002192628
2026-04-13 07:00:00+00:00,99621.2002192628
2026-04-13 07:15:00+00:00,99621.2002192628
2026-04-13 07:30:00+00:00,99621.2002192628
2026-04-13 07:45:00+00:00,99621.2002192628
2026-04-13 08:00:00+00:00,99621.2002192628
2026-04-13 08:15:00+00:00,99621.2002192628
2026-04-13 08:30:00+00:00,99621.2002192628
2026-04-13 08:45:00+00:00,99621.2002192628
2026-04-13 09:00:00+00:00,99621.2002192628
2026-04-13 09:15:00+00:00,99621.2002192628
2026-04-13 09:30:00+00:00,99621.2002192628
2026-04-13 09:45:00+00:00,99621.2002192628
2026-04-13 10:00:00+00:00,99621.2002192628
2026-04-13 10:15:00+00:00,99621.2002192628
2026-04-13 10:30:00+00:00,99621.2002192628
2026-04-13 10:45:00+00:00,99621.2002192628
2026-04-13 11:00:00+00:00,99621.2002192628
2026-04-13 11:15:00+00:00,99621.2002192628
2026-04-13 11:30:00+00:00,99621.2002192628
2026-04-13 11:45:00+00:00,99621.2002192628
2026-04-13 12:00:00+00:00,99621.2002192628
2026-04-13 12:15:00+00:00,99621.2002192628
2026-04-13 12:30:00+00:00,99621.2002192628
2026-04-13 12:45:00+00:00,99621.2002192628
2026-04-13 13:00:00+00:00,99621.2002192628
2026-04-13 13:15:00+00:00,99621.2002192628
2026-04-13 13:30:00+00:00,99621.2002192628
2026-04-13 13:45:00+00:00,99621.2002192628
2026-04-13 14:00:00+00:00,99621.2002192628
2026-04-13 14:15:00+00:00,99621.2002192628
2026-04-13 14:30:00+00:00,99621.2002192628
2026-04-13 14:45:00+00:00,99621.2002192628
2026-04-13 15:00:00+00:00,99621.2002192628
2026-04-13 15:15:00+00:00,99621.2002192628
2026-04-13 15:30:00+00:00,99621.2002192628
2026-04-13 15:45:00+00:00,99621.2002192628
2026-04-13 16:00:00+00:00,99621.2002192628
2026-04-13 16:15:00+00:00,99621.2002192628
2026-04-13 16:30:00+00:00,99621.2002192628
2026-04-13 16:45:00+00:00,99621.2002192628
2026-04-13 17:00:00+00:00,99621.2002192628
2026-04-13 17:15:00+00:00,99621.2002192628
2026-04-13 17:30:00+00:00,99621.2002192628
2026-04-13 17:45:00+00:00,99621.2002192628
2026-04-13 18:00:00+00:00,99621.2002192628
2026-04-13 18:15:00+00:00,99621.2002192628
2026-04-13 18:30:00+00:00,99621.2002192628
2026-04-13 18:45:00+00:00,99621.2002192628
2026-04-13 19:00:00+00:00,99621.2002192628
2026-04-13 19:15:00+00:00,99621.2002192628
2026-04-13 19:30:00+00:00,99621.2002192628
2026-04-13 19:45:00+00:00,99621.2002192628
2026-04-13 20:00:00+00:00,99621.2002192628
2026-04-13 20:15:00+00:00,99621.2002192628
2026-04-13 20:30:00+00:00,99621.2002192628
2026-04-13 20:45:00+00:00,99621.2002192628
2026-04-13 21:00:00+00:00,99621.2002192628
2026-04-13 21:15:00+00:00,99621.2002192628
2026-04-13 21:30:00+00:00,99621.2002192628
2026-04-13 21:45:00+00:00,99621.2002192628
2026-04-13 22:00:00+00:00,99621.2002192628
2026-04-13 22:15:00+00:00,99621.2002192628
2026-04-13 22:30:00+00:00,99621.2002192628
2026-04-13 22:45:00+00:00,99621.2002192628
2026-04-13 23:00:00+00:00,99621.2002192628
2026-04-13 23:15:00+00:00,99621.2002192628
2026-04-13 23:30:00+00:00,99621.2002192628
2026-04-13 23:45:00+00:00,99621.2002192628
2026-04-14 00:00:00+00:00,99621.2002192628
2026-04-14 00:15:00+00:00,99621.2002192628
2026-04-14 00:30:00+00:00,99621.2002192628
2026-04-14 00:45:00+00:00,99621.2002192628
2026-04-14 01:00:00+00:00,99621.2002192628
2026-04-14 01:15:00+00:00,99621.2002192628
2026-04-14 01:30:00+00:00,99621.2002192628
2026-04-14 01:45:00+00:00,99621.2002192628
2026-04-14 02:00:00+00:00,99621.2002192628
2026-04-14 02:15:00+00:00,99621.2002192628
2026-04-14 02:30:00+00:00,99621.2002192628
2026-04-14 02:45:00+00:00,99621.2002192628
2026-04-14 03:00:00+00:00,99621.2002192628
2026-04-14 03:15:00+00:00,99621.2002192628
2026-04-14 03:30:00+00:00,99621.2002192628
2026-04-14 03:45:00+00:00,99621.2002192628
2026-04-14 04:00:00+00:00,99621.2002192628
2026-04-14 04:15:00+00:00,99620.64958168785
2026-04-14 04:30:00+00:00,99622.95782426053
2026-04-14 04:45:00+00:00,99622.77861286617
2026-04-14 05:00:00+00:00,99624.04117623555
2026-04-14 05:15:00+00:00,99622.10225701219
2026-04-14 05:30:00+00:00,99622.10225701219
2026-04-14 05:45:00+00:00,99622.10225701219
2026-04-14 06:00:00+00:00,99622.10225701219
2026-04-14 06:15:00+00:00,99622.10225701219
2026-04-14 06:30:00+00:00,99622.10225701219
2026-04-14 06:45:00+00:00,99622.10225701219
2026-04-14 07:00:00+00:00,99622.10225701219
2026-04-14 07:15:00+00:00,99622.10225701219
2026-04-14 07:30:00+00:00,99622.10225701219
2026-04-14 07:45:00+00:00,99622.10225701219
2026-04-14 08:00:00+00:00,99622.10225701219
2026-04-14 08:15:00+00:00,99622.10225701219
2026-04-14 08:30:00+00:00,99622.10225701219
2026-04-14 08:45:00+00:00,99622.10225701219
2026-04-14 09:00:00+00:00,99622.10225701219
2026-04-14 09:15:00+00:00,99622.10225701219
2026-04-14 09:30:00+00:00,99622.10225701219
2026-04-14 09:45:00+00:00,99622.10225701219
2026-04-14 10:00:00+00:00,99622.10225701219
2026-04-14 10:15:00+00:00,99622.10225701219
2026-04-14 10:30:00+00:00,99622.10225701219
2026-04-14 10:45:00+00:00,99622.10225701219
2026-04-14 11:00:00+00:00,99622.10225701219
2026-04-14 11:15:00+00:00,99622.10225701219
2026-04-14 11:30:00+00:00,99622.10225701219
2026-04-14 11:45:00+00:00,99622.10225701219
2026-04-14 12:00:00+00:00,99622.10225701219
2026-04-14 12:15:00+00:00,99622.10225701219
2026-04-14 12:30:00+00:00,99622.10225701219
2026-04-14 12:45:00+00:00,99622.10225701219
2026-04-14 13:00:00+00:00,99622.10225701219
2026-04-14 13:15:00+00:00,99622.10225701219
2026-04-14 13:30:00+00:00,99622.10225701219
2026-04-14 13:45:00+00:00,99622.10225701219
2026-04-14 14:00:00+00:00,99622.10225701219
2026-04-14 14:15:00+00:00,99622.10225701219
2026-04-14 14:30:00+00:00,99622.10225701219
2026-04-14 14:45:00+00:00,99622.10225701219
2026-04-14 15:00:00+00:00,99622.10225701219
2026-04-14 15:15:00+00:00,99622.10225701219
2026-04-14 15:30:00+00:00,99622.10225701219
2026-04-14 15:45:00+00:00,99622.10225701219
2026-04-14 16:00:00+00:00,99622.10225701219
2026-04-14 16:15:00+00:00,99622.10225701219
2026-04-14 16:30:00+00:00,99622.10225701219
2026-04-14 16:45:00+00:00,99622.10225701219
2026-04-14 17:00:00+00:00,99622.10225701219
2026-04-14 17:15:00+00:00,99622.10225701219
2026-04-14 17:30:00+00:00,99622.10225701219
2026-04-14 17:45:00+00:00,99622.10225701219
2026-04-14 18:00:00+00:00,99622.10225701219
2026-04-14 18:15:00+00:00,99622.10225701219
2026-04-14 18:30:00+00:00,99622.10225701219
2026-04-14 18:45:00+00:00,99622.10225701219
2026-04-14 19:00:00+00:00,99622.10225701219
2026-04-14 19:15:00+00:00,99622.10225701219
2026-04-14 19:30:00+00:00,99622.10225701219
2026-04-14 19:45:00+00:00,99622.10225701219
2026-04-14 20:00:00+00:00,99622.10225701219
2026-04-14 20:15:00+00:00,99622.10225701219
2026-04-14 20:30:00+00:00,99622.10225701219
2026-04-14 20:45:00+00:00,99622.10225701219
2026-04-14 21:00:00+00:00,99622.10225701219
2026-04-14 21:15:00+00:00,99622.10225701219
2026-04-14 21:30:00+00:00,99622.10225701219
2026-04-14 21:45:00+00:00,99622.10225701219
2026-04-14 22:00:00+00:00,99622.10225701219
2026-04-14 22:15:00+00:00,99622.10225701219
2026-04-14 22:30:00+00:00,99622.10225701219
2026-04-14 22:45:00+00:00,99622.10225701219
2026-04-14 23:00:00+00:00,99622.10225701219
2026-04-14 23:15:00+00:00,99622.10225701219
2026-04-14 23:30:00+00:00,99622.10225701219
2026-04-14 23:45:00+00:00,99622.10225701219
2026-04-15 00:00:00+00:00,99622.10225701219
2026-04-15 00:15:00+00:00,99622.10225701219
2026-04-15 00:30:00+00:00,99622.10225701219
2026-04-15 00:45:00+00:00,99622.10225701219
2026-04-15 01:00:00+00:00,99622.10225701219
2026-04-15 01:15:00+00:00,99622.10225701219
2026-04-15 01:30:00+00:00,99622.10225701219
2026-04-15 01:45:00+00:00,99622.10225701219
2026-04-15 02:00:00+00:00,99622.10225701219
2026-04-15 02:15:00+00:00,99622.10225701219
2026-04-15 02:30:00+00:00,99622.10225701219
2026-04-15 02:45:00+00:00,99622.10225701219
2026-04-15 03:00:00+00:00,99622.10225701219
2026-04-15 03:15:00+00:00,99622.10225701219
2026-04-15 03:30:00+00:00,99622.10225701219
2026-04-15 03:45:00+00:00,99622.10225701219
2026-04-15 04:00:00+00:00,99622.10225701219
2026-04-15 04:15:00+00:00,99622.10225701219
2026-04-15 04:30:00+00:00,99622.10225701219
2026-04-15 04:45:00+00:00,99622.10225701219
2026-04-15 05:00:00+00:00,99622.10225701219
2026-04-15 05:15:00+00:00,99622.10225701219
2026-04-15 05:30:00+00:00,99622.10225701219
2026-04-15 05:45:00+00:00,99622.10225701219
2026-04-15 06:00:00+00:00,99622.10225701219
2026-04-15 06:15:00+00:00,99622.10225701219
2026-04-15 06:30:00+00:00,99622.10225701219
2026-04-15 06:45:00+00:00,99622.10225701219
2026-04-15 07:00:00+00:00,99622.10225701219
2026-04-15 07:15:00+00:00,99622.10225701219
2026-04-15 07:30:00+00:00,99622.10225701219
2026-04-15 07:45:00+00:00,99622.10225701219
2026-04-15 08:00:00+00:00,99622.10225701219
2026-04-15 08:15:00+00:00,99622.10225701219
2026-04-15 08:30:00+00:00,99622.10225701219
2026-04-15 08:45:00+00:00,99622.10225701219
2026-04-15 09:00:00+00:00,99622.10225701219
2026-04-15 09:15:00+00:00,99622.10225701219
2026-04-15 09:30:00+00:00,99622.10225701219
2026-04-15 09:45:00+00:00,99622.10225701219
2026-04-15 10:00:00+00:00,99622.10225701219
2026-04-15 10:15:00+00:00,99622.10225701219
2026-04-15 10:30:00+00:00,99622.10225701219
2026-04-15 10:45:00+00:00,99622.10225701219
2026-04-15 11:00:00+00:00,99622.10225701219
2026-04-15 11:15:00+00:00,99622.10225701219
2026-04-15 11:30:00+00:00,99622.10225701219
2026-04-15 11:45:00+00:00,99622.10225701219
2026-04-15 12:00:00+00:00,99622.10225701219
2026-04-15 12:15:00+00:00,99622.10225701219
2026-04-15 12:30:00+00:00,99622.10225701219
2026-04-15 12:45:00+00:00,99622.10225701219
2026-04-15 13:00:00+00:00,99622.10225701219
2026-04-15 13:15:00+00:00,99622.10225701219
2026-04-15 13:30:00+00:00,99622.10225701219
2026-04-15 13:45:00+00:00,99622.10225701219
2026-04-15 14:00:00+00:00,99622.10225701219
2026-04-15 14:15:00+00:00,99622.10225701219
2026-04-15 14:30:00+00:00,99622.10225701219
2026-04-15 14:45:00+00:00,99622.10225701219
2026-04-15 15:00:00+00:00,99622.10225701219
2026-04-15 15:15:00+00:00,99622.10225701219
2026-04-15 15:30:00+00:00,99622.10225701219
2026-04-15 15:45:00+00:00,99622.10225701219
2026-04-15 16:00:00+00:00,99622.10225701219
2026-04-15 16:15:00+00:00,99622.10225701219
2026-04-15 16:30:00+00:00,99622.10225701219
2026-04-15 16:45:00+00:00,99622.10225701219
2026-04-15 17:00:00+00:00,99622.10225701219
2026-04-15 17:15:00+00:00,99622.10225701219
2026-04-15 17:30:00+00:00,99622.10225701219
2026-04-15 17:45:00+00:00,99622.10225701219
2026-04-15 18:00:00+00:00,99622.10225701219
2026-04-15 18:15:00+00:00,99622.10225701219
2026-04-15 18:30:00+00:00,99622.10225701219
2026-04-15 18:45:00+00:00,99622.10225701219
2026-04-15 19:00:00+00:00,99622.10225701219
2026-04-15 19:15:00+00:00,99622.10225701219
2026-04-15 19:30:00+00:00,99622.10225701219
2026-04-15 19:45:00+00:00,99622.10225701219
2026-04-15 20:00:00+00:00,99622.10225701219
2026-04-15 20:15:00+00:00,99622.10225701219
2026-04-15 20:30:00+00:00,99622.10225701219
2026-04-15 20:45:00+00:00,99622.10225701219
2026-04-15 21:00:00+00:00,99622.10225701219
2026-04-15 21:15:00+00:00,99622.10225701219
2026-04-15 21:30:00+00:00,99622.10225701219
2026-04-15 21:45:00+00:00,99622.10225701219
2026-04-15 22:00:00+00:00,99622.10225701219
2026-04-15 22:15:00+00:00,99622.10225701219
2026-04-15 22:30:00+00:00,99622.10225701219
2026-04-15 22:45:00+00:00,99622.10225701219
2026-04-15 23:00:00+00:00,99622.10225701219
2026-04-15 23:15:00+00:00,99622.10225701219
2026-04-15 23:30:00+00:00,99622.10225701219
2026-04-15 23:45:00+00:00,99622.10225701219
2026-04-16 00:00:00+00:00,99622.10225701219
2026-04-16 00:15:00+00:00,99622.10225701219
2026-04-16 00:30:00+00:00,99622.10225701219
2026-04-16 00:45:00+00:00,99622.10225701219
2026-04-16 01:00:00+00:00,99622.10225701219
2026-04-16 01:15:00+00:00,99622.10225701219
2026-04-16 01:30:00+00:00,99622.10225701219
2026-04-16 01:45:00+00:00,99622.10225701219
2026-04-16 02:00:00+00:00,99622.10225701219
2026-04-16 02:15:00+00:00,99622.10225701219
2026-04-16 02:30:00+00:00,99622.10225701219
2026-04-16 02:45:00+00:00,99622.10225701219
2026-04-16 03:00:00+00:00,99622.10225701219
2026-04-16 03:15:00+00:00,99622.10225701219
2026-04-16 03:30:00+00:00,99622.10225701219
2026-04-16 03:45:00+00:00,99622.10225701219
2026-04-16 04:00:00+00:00,99622.10225701219
2026-04-16 04:15:00+00:00,99622.10225701219
2026-04-16 04:30:00+00:00,99622.10225701219
2026-04-16 04:45:00+00:00,99622.10225701219
2026-04-16 05:00:00+00:00,99622.10225701219
2026-04-16 05:15:00+00:00,99622.10225701219
2026-04-16 05:30:00+00:00,99622.10225701219
2026-04-16 05:45:00+00:00,99622.10225701219
2026-04-16 06:00:00+00:00,99622.10225701219
2026-04-16 06:15:00+00:00,99622.10225701219
2026-04-16 06:30:00+00:00,99622.10225701219
2026-04-16 06:45:00+00:00,99622.10225701219
2026-04-16 07:00:00+00:00,99622.10225701219
2026-04-16 07:15:00+00:00,99622.10225701219
2026-04-16 07:30:00+00:00,99622.10225701219
2026-04-16 07:45:00+00:00,99622.10225701219
2026-04-16 08:00:00+00:00,99622.10225701219
2026-04-16 08:15:00+00:00,99622.10225701219
2026-04-16 08:30:00+00:00,99622.10225701219
2026-04-16 08:45:00+00:00,99622.10225701219
2026-04-16 09:00:00+00:00,99622.10225701219
2026-04-16 09:15:00+00:00,99622.10225701219
2026-04-16 09:30:00+00:00,99622.10225701219
2026-04-16 09:45:00+00:00,99622.10225701219
2026-04-16 10:00:00+00:00,99622.10225701219
2026-04-16 10:15:00+00:00,99622.10225701219
2026-04-16 10:30:00+00:00,99622.10225701219
2026-04-16 10:45:00+00:00,99622.10225701219
2026-04-16 11:00:00+00:00,99622.10225701219
2026-04-16 11:15:00+00:00,99622.10225701219
2026-04-16 11:30:00+00:00,99622.10225701219
2026-04-16 11:45:00+00:00,99622.10225701219
2026-04-16 12:00:00+00:00,99622.10225701219
2026-04-16 12:15:00+00:00,99622.10225701219
2026-04-16 12:30:00+00:00,99622.10225701219
2026-04-16 12:45:00+00:00,99622.10225701219
2026-04-16 13:00:00+00:00,99622.10225701219
2026-04-16 13:15:00+00:00,99622.10225701219
2026-04-16 13:30:00+00:00,99622.10225701219
2026-04-16 13:45:00+00:00,99622.10225701219
2026-04-16 14:00:00+00:00,99622.10225701219
2026-04-16 14:15:00+00:00,99622.10225701219
2026-04-16 14:30:00+00:00,99622.10225701219
2026-04-16 14:45:00+00:00,99622.10225701219
2026-04-16 15:00:00+00:00,99622.10225701219
2026-04-16 15:15:00+00:00,99622.10225701219
2026-04-16 15:30:00+00:00,99622.10225701219
2026-04-16 15:45:00+00:00,99622.10225701219
2026-04-16 16:00:00+00:00,99622.10225701219
2026-04-16 16:15:00+00:00,99622.10225701219
2026-04-16 16:30:00+00:00,99622.10225701219
2026-04-16 16:45:00+00:00,99622.10225701219
2026-04-16 17:00:00+00:00,99622.10225701219
2026-04-16 17:15:00+00:00,99622.10225701219
2026-04-16 17:30:00+00:00,99622.10225701219
2026-04-16 17:45:00+00:00,99622.10225701219
2026-04-16 18:00:00+00:00,99622.10225701219
2026-04-16 18:15:00+00:00,99622.10225701219
2026-04-16 18:30:00+00:00,99622.10225701219
2026-04-16 18:45:00+00:00,99622.10225701219
2026-04-16 19:00:00+00:00,99622.10225701219
2026-04-16 19:15:00+00:00,99622.10225701219
2026-04-16 19:30:00+00:00,99622.10225701219
2026-04-16 19:45:00+00:00,99622.10225701219
2026-04-16 20:00:00+00:00,99622.10225701219
2026-04-16 20:15:00+00:00,99626.45891853508
2026-04-16 20:30:00+00:00,99628.77954976704
2026-04-16 20:45:00+00:00,99625.89592754444
2026-04-16 21:00:00+00:00,99626.80058856812
2026-04-16 21:15:00+00:00,99626.80058856812
2026-04-16 21:30:00+00:00,99626.80058856812
2026-04-16 21:45:00+00:00,99626.80058856812
2026-04-16 22:00:00+00:00,99626.80058856812
2026-04-16 22:15:00+00:00,99626.80058856812
2026-04-16 22:30:00+00:00,99626.80058856812
2026-04-16 22:45:00+00:00,99626.80058856812
2026-04-16 23:00:00+00:00,99626.80058856812
2026-04-16 23:15:00+00:00,99626.80058856812
2026-04-16 23:30:00+00:00,99626.80058856812
2026-04-16 23:45:00+00:00,99626.80058856812
2026-04-17 00:00:00+00:00,99626.80058856812
2026-04-17 00:15:00+00:00,99626.80058856812
2026-04-17 00:30:00+00:00,99626.80058856812
2026-04-17 00:45:00+00:00,99626.80058856812
2026-04-17 01:00:00+00:00,99626.80058856812
2026-04-17 01:15:00+00:00,99626.80058856812
2026-04-17 01:30:00+00:00,99626.80058856812
2026-04-17 01:45:00+00:00,99626.80058856812
2026-04-17 02:00:00+00:00,99626.80058856812
2026-04-17 02:15:00+00:00,99626.80058856812
2026-04-17 02:30:00+00:00,99626.80058856812
2026-04-17 02:45:00+00:00,99626.80058856812
2026-04-17 03:00:00+00:00,99626.80058856812
2026-04-17 03:15:00+00:00,99626.80058856812
2026-04-17 03:30:00+00:00,99626.80058856812
2026-04-17 03:45:00+00:00,99626.80058856812
2026-04-17 04:00:00+00:00,99626.80058856812
2026-04-17 04:15:00+00:00,99626.80058856812
2026-04-17 04:30:00+00:00,99626.80058856812
2026-04-17 04:45:00+00:00,99626.80058856812
2026-04-17 05:00:00+00:00,99626.80058856812
2026-04-17 05:15:00+00:00,99626.80058856812
2026-04-17 05:30:00+00:00,99626.80058856812
2026-04-17 05:45:00+00:00,99626.80058856812
2026-04-17 06:00:00+00:00,99626.80058856812
2026-04-17 06:15:00+00:00,99626.80058856812
2026-04-17 06:30:00+00:00,99626.80058856812
2026-04-17 06:45:00+00:00,99626.80058856812
2026-04-17 07:00:00+00:00,99626.80058856812
2026-04-17 07:15:00+00:00,99626.80058856812
2026-04-17 07:30:00+00:00,99626.80058856812
2026-04-17 07:45:00+00:00,99626.80058856812
2026-04-17 08:00:00+00:00,99626.80058856812
2026-04-17 08:15:00+00:00,99626.80058856812
2026-04-17 08:30:00+00:00,99626.80058856812
2026-04-17 08:45:00+00:00,99626.80058856812
2026-04-17 09:00:00+00:00,99626.80058856812
2026-04-17 09:15:00+00:00,99626.80058856812
2026-04-17 09:30:00+00:00,99626.80058856812
2026-04-17 09:45:00+00:00,99626.80058856812
2026-04-17 10:00:00+00:00,99626.80058856812
2026-04-17 10:15:00+00:00,99626.80058856812
2026-04-17 10:30:00+00:00,99626.80058856812
2026-04-17 10:45:00+00:00,99626.80058856812
2026-04-17 11:00:00+00:00,99626.80058856812
2026-04-17 11:15:00+00:00,99626.80058856812
2026-04-17 11:30:00+00:00,99626.80058856812
2026-04-17 11:45:00+00:00,99626.80058856812
2026-04-17 12:00:00+00:00,99626.80058856812
2026-04-17 12:15:00+00:00,99626.80058856812
2026-04-17 12:30:00+00:00,99626.80058856812
2026-04-17 12:45:00+00:00,99626.80058856812
2026-04-17 13:00:00+00:00,99626.80058856812
2026-04-17 13:15:00+00:00,99626.80058856812
2026-04-17 13:30:00+00:00,99626.80058856812
2026-04-17 13:45:00+00:00,99626.80058856812
2026-04-17 14:00:00+00:00,99626.80058856812
2026-04-17 14:15:00+00:00,99626.80058856812
2026-04-17 14:30:00+00:00,99626.80058856812
2026-04-17 14:45:00+00:00,99626.80058856812
2026-04-17 15:00:00+00:00,99626.80058856812
2026-04-17 15:15:00+00:00,99626.80058856812
2026-04-17 15:30:00+00:00,99626.80058856812
2026-04-17 15:45:00+00:00,99626.80058856812
2026-04-17 16:00:00+00:00,99626.80058856812
2026-04-17 16:15:00+00:00,99621.0765825577
2026-04-17 16:30:00+00:00,99622.55499955804
2026-04-17 16:45:00+00:00,99626.9020833379
2026-04-17 17:00:00+00:00,99629.40019418809
2026-04-17 17:15:00+00:00,99629.40019418809
2026-04-17 17:30:00+00:00,99629.40019418809
2026-04-17 17:45:00+00:00,99629.40019418809
2026-04-17 18:00:00+00:00,99629.40019418809
2026-04-17 18:15:00+00:00,99629.40019418809
2026-04-17 18:30:00+00:00,99629.40019418809
2026-04-17 18:45:00+00:00,99629.40019418809
2026-04-17 19:00:00+00:00,99629.40019418809
2026-04-17 19:15:00+00:00,99629.40019418809
2026-04-17 19:30:00+00:00,99629.40019418809
2026-04-17 19:45:00+00:00,99629.40019418809
2026-04-17 20:00:00+00:00,99629.40019418809
2026-04-17 20:15:00+00:00,99629.40019418809
2026-04-17 20:30:00+00:00,99629.40019418809
2026-04-17 20:45:00+00:00,99629.40019418809
2026-04-17 21:00:00+00:00,99629.40019418809
2026-04-17 21:15:00+00:00,99629.40019418809
2026-04-17 21:30:00+00:00,99629.40019418809
2026-04-17 21:45:00+00:00,99629.40019418809
2026-04-17 22:00:00+00:00,99629.40019418809
2026-04-17 22:15:00+00:00,99629.40019418809
2026-04-17 22:30:00+00:00,99629.40019418809
2026-04-17 22:45:00+00:00,99629.40019418809
2026-04-17 23:00:00+00:00,99629.40019418809
2026-04-17 23:15:00+00:00,99629.40019418809
2026-04-17 23:30:00+00:00,99629.40019418809
2026-04-17 23:45:00+00:00,99629.40019418809
2026-04-18 00:00:00+00:00,99629.40019418809
2026-04-18 00:15:00+00:00,99629.40019418809
2026-04-18 00:30:00+00:00,99629.40019418809
2026-04-18 00:45:00+00:00,99629.40019418809
2026-04-18 01:00:00+00:00,99629.40019418809
2026-04-18 01:15:00+00:00,99629.40019418809
2026-04-18 01:30:00+00:00,99629.40019418809
2026-04-18 01:45:00+00:00,99629.40019418809
2026-04-18 02:00:00+00:00,99629.40019418809
2026-04-18 02:15:00+00:00,99629.40019418809
2026-04-18 02:30:00+00:00,99629.40019418809
2026-04-18 02:45:00+00:00,99629.40019418809
2026-04-18 03:00:00+00:00,99629.40019418809
2026-04-18 03:15:00+00:00,99629.40019418809
2026-04-18 03:30:00+00:00,99629.40019418809
2026-04-18 03:45:00+00:00,99629.40019418809
2026-04-18 04:00:00+00:00,99629.40019418809
2026-04-18 04:15:00+00:00,99629.40019418809
2026-04-18 04:30:00+00:00,99629.40019418809
2026-04-18 04:45:00+00:00,99629.40019418809
2026-04-18 05:00:00+00:00,99629.40019418809
2026-04-18 05:15:00+00:00,99629.40019418809
2026-04-18 05:30:00+00:00,99629.40019418809
2026-04-18 05:45:00+00:00,99629.40019418809
2026-04-18 06:00:00+00:00,99629.40019418809
2026-04-18 06:15:00+00:00,99629.40019418809
2026-04-18 06:30:00+00:00,99629.40019418809
2026-04-18 06:45:00+00:00,99629.40019418809
2026-04-18 07:00:00+00:00,99629.40019418809
2026-04-18 07:15:00+00:00,99629.40019418809
2026-04-18 07:30:00+00:00,99629.40019418809
2026-04-18 07:45:00+00:00,99629.40019418809
2026-04-18 08:00:00+00:00,99629.40019418809
2026-04-18 08:15:00+00:00,99629.40019418809
2026-04-18 08:30:00+00:00,99629.40019418809
2026-04-18 08:45:00+00:00,99629.40019418809
2026-04-18 09:00:00+00:00,99629.40019418809
2026-04-18 09:15:00+00:00,99629.40019418809
2026-04-18 09:30:00+00:00,99629.40019418809
2026-04-18 09:45:00+00:00,99629.40019418809
2026-04-18 10:00:00+00:00,99629.40019418809
2026-04-18 10:15:00+00:00,99629.40019418809
2026-04-18 10:30:00+00:00,99629.40019418809
2026-04-18 10:45:00+00:00,99629.40019418809
2026-04-18 11:00:00+00:00,99629.40019418809
2026-04-18 11:15:00+00:00,99629.40019418809
2026-04-18 11:30:00+00:00,99629.40019418809
2026-04-18 11:45:00+00:00,99629.40019418809
2026-04-18 12:00:00+00:00,99629.40019418809
2026-04-18 12:15:00+00:00,99628.0973430871
2026-04-18 12:30:00+00:00,99628.66473919868
2026-04-18 12:45:00+00:00,99629.33590365837
2026-04-18 13:00:00+00:00,99628.32342488917
2026-04-18 13:15:00+00:00,99627.02004027257
2026-04-18 13:30:00+00:00,99617.43202050563
2026-04-18 13:45:00+00:00,99617.43202050563
2026-04-18 14:00:00+00:00,99617.43202050563
2026-04-18 14:15:00+00:00,99617.43202050563
2026-04-18 14:30:00+00:00,99617.43202050563
2026-04-18 14:45:00+00:00,99617.43202050563
2026-04-18 15:00:00+00:00,99617.43202050563
2026-04-18 15:15:00+00:00,99617.43202050563
2026-04-18 15:30:00+00:00,99617.43202050563
2026-04-18 15:45:00+00:00,99617.43202050563
2026-04-18 16:00:00+00:00,99617.43202050563
2026-04-18 16:15:00+00:00,99615.24399716899
2026-04-18 16:30:00+00:00,99613.37333071408
2026-04-18 16:45:00+00:00,99603.9706721156
2026-04-18 17:00:00+00:00,99603.9706721156
2026-04-18 17:15:00+00:00,99603.9706721156
2026-04-18 17:30:00+00:00,99603.9706721156
2026-04-18 17:45:00+00:00,99603.9706721156
2026-04-18 18:00:00+00:00,99603.9706721156
2026-04-18 18:15:00+00:00,99603.9706721156
2026-04-18 18:30:00+00:00,99603.9706721156
2026-04-18 18:45:00+00:00,99603.9706721156
2026-04-18 19:00:00+00:00,99603.9706721156
2026-04-18 19:15:00+00:00,99603.9706721156
2026-04-18 19:30:00+00:00,99603.9706721156
2026-04-18 19:45:00+00:00,99603.9706721156
2026-04-18 20:00:00+00:00,99603.9706721156
2026-04-18 20:15:00+00:00,99603.9706721156
2026-04-18 20:30:00+00:00,99603.9706721156
2026-04-18 20:45:00+00:00,99603.9706721156
2026-04-18 21:00:00+00:00,99603.9706721156
2026-04-18 21:15:00+00:00,99603.9706721156
2026-04-18 21:30:00+00:00,99603.9706721156
2026-04-18 21:45:00+00:00,99603.9706721156
2026-04-18 22:00:00+00:00,99603.9706721156
2026-04-18 22:15:00+00:00,99603.9706721156
2026-04-18 22:30:00+00:00,99603.9706721156
2026-04-18 22:45:00+00:00,99603.9706721156
2026-04-18 23:00:00+00:00,99603.9706721156
2026-04-18 23:15:00+00:00,99603.9706721156
2026-04-18 23:30:00+00:00,99603.9706721156
2026-04-18 23:45:00+00:00,99603.9706721156
2026-04-19 00:00:00+00:00,99603.9706721156
2026-04-19 00:15:00+00:00,99603.9706721156
2026-04-19 00:30:00+00:00,99603.9706721156
2026-04-19 00:45:00+00:00,99603.9706721156
2026-04-19 01:00:00+00:00,99603.9706721156
2026-04-19 01:15:00+00:00,99603.9706721156
2026-04-19 01:30:00+00:00,99603.9706721156
2026-04-19 01:45:00+00:00,99603.9706721156
2026-04-19 02:00:00+00:00,99603.9706721156
2026-04-19 02:15:00+00:00,99603.9706721156
2026-04-19 02:30:00+00:00,99603.9706721156
2026-04-19 02:45:00+00:00,99603.9706721156
2026-04-19 03:00:00+00:00,99603.9706721156
2026-04-19 03:15:00+00:00,99603.9706721156
2026-04-19 03:30:00+00:00,99603.9706721156
2026-04-19 03:45:00+00:00,99603.9706721156
2026-04-19 04:00:00+00:00,99603.9706721156
2026-04-19 04:15:00+00:00,99603.9706721156
2026-04-19 04:30:00+00:00,99603.9706721156
2026-04-19 04:45:00+00:00,99603.9706721156
2026-04-19 05:00:00+00:00,99603.9706721156
2026-04-19 05:15:00+00:00,99603.9706721156
2026-04-19 05:30:00+00:00,99603.9706721156
2026-04-19 05:45:00+00:00,99603.9706721156
2026-04-19 06:00:00+00:00,99603.9706721156
2026-04-19 06:15:00+00:00,99603.9706721156
2026-04-19 06:30:00+00:00,99603.9706721156
2026-04-19 06:45:00+00:00,99603.9706721156
2026-04-19 07:00:00+00:00,99603.9706721156
2026-04-19 07:15:00+00:00,99603.9706721156
2026-04-19 07:30:00+00:00,99603.9706721156
2026-04-19 07:45:00+00:00,99603.9706721156
2026-04-19 08:00:00+00:00,99603.9706721156
2026-04-19 08:15:00+00:00,99603.9706721156
2026-04-19 08:30:00+00:00,99603.9706721156
2026-04-19 08:45:00+00:00,99603.9706721156
2026-04-19 09:00:00+00:00,99603.9706721156
2026-04-19 09:15:00+00:00,99603.9706721156
2026-04-19 09:30:00+00:00,99603.9706721156
2026-04-19 09:45:00+00:00,99603.9706721156
2026-04-19 10:00:00+00:00,99603.9706721156
2026-04-19 10:15:00+00:00,99603.9706721156
2026-04-19 10:30:00+00:00,99603.9706721156
2026-04-19 10:45:00+00:00,99603.9706721156
2026-04-19 11:00:00+00:00,99603.9706721156
2026-04-19 11:15:00+00:00,99603.9706721156
2026-04-19 11:30:00+00:00,99603.9706721156
2026-04-19 11:45:00+00:00,99603.9706721156
2026-04-19 12:00:00+00:00,99603.9706721156
2026-04-19 12:15:00+00:00,99603.9706721156
2026-04-19 12:30:00+00:00,99603.9706721156
2026-04-19 12:45:00+00:00,99603.9706721156
2026-04-19 13:00:00+00:00,99603.9706721156
2026-04-19 13:15:00+00:00,99603.9706721156
2026-04-19 13:30:00+00:00,99603.9706721156
2026-04-19 13:45:00+00:00,99603.9706721156
2026-04-19 14:00:00+00:00,99603.9706721156
2026-04-19 14:15:00+00:00,99603.9706721156
2026-04-19 14:30:00+00:00,99603.9706721156
2026-04-19 14:45:00+00:00,99603.9706721156
2026-04-19 15:00:00+00:00,99603.9706721156
2026-04-19 15:15:00+00:00,99603.9706721156
2026-04-19 15:30:00+00:00,99603.9706721156
2026-04-19 15:45:00+00:00,99603.9706721156
2026-04-19 16:00:00+00:00,99603.9706721156
2026-04-19 16:15:00+00:00,99603.9706721156
2026-04-19 16:30:00+00:00,99603.9706721156
2026-04-19 16:45:00+00:00,99603.9706721156
2026-04-19 17:00:00+00:00,99603.9706721156
2026-04-19 17:15:00+00:00,99603.9706721156
2026-04-19 17:30:00+00:00,99603.9706721156
2026-04-19 17:45:00+00:00,99603.9706721156
2026-04-19 18:00:00+00:00,99603.9706721156
2026-04-19 18:15:00+00:00,99603.9706721156
2026-04-19 18:30:00+00:00,99603.9706721156
2026-04-19 18:45:00+00:00,99603.9706721156
2026-04-19 19:00:00+00:00,99603.9706721156
2026-04-19 19:15:00+00:00,99603.9706721156
2026-04-19 19:30:00+00:00,99603.9706721156
2026-04-19 19:45:00+00:00,99603.9706721156
2026-04-19 20:00:00+00:00,99603.9706721156
2026-04-19 20:15:00+00:00,99603.9706721156
2026-04-19 20:30:00+00:00,99603.9706721156
2026-04-19 20:45:00+00:00,99603.9706721156
2026-04-19 21:00:00+00:00,99603.9706721156
2026-04-19 21:15:00+00:00,99603.9706721156
2026-04-19 21:30:00+00:00,99603.9706721156
2026-04-19 21:45:00+00:00,99603.9706721156
2026-04-19 22:00:00+00:00,99603.9706721156
2026-04-19 22:15:00+00:00,99603.9706721156
2026-04-19 22:30:00+00:00,99603.9706721156
2026-04-19 22:45:00+00:00,99603.9706721156
2026-04-19 23:00:00+00:00,99603.9706721156
2026-04-19 23:15:00+00:00,99603.9706721156
2026-04-19 23:30:00+00:00,99603.9706721156
2026-04-19 23:45:00+00:00,99603.9706721156
2026-04-20 00:00:00+00:00,99603.9706721156
2026-04-20 00:15:00+00:00,99603.9706721156
2026-04-20 00:30:00+00:00,99603.9706721156
2026-04-20 00:45:00+00:00,99603.9706721156
2026-04-20 01:00:00+00:00,99603.9706721156
2026-04-20 01:15:00+00:00,99603.9706721156
2026-04-20 01:30:00+00:00,99603.9706721156
2026-04-20 01:45:00+00:00,99603.9706721156
2026-04-20 02:00:00+00:00,99603.9706721156
2026-04-20 02:15:00+00:00,99603.9706721156
2026-04-20 02:30:00+00:00,99603.9706721156
2026-04-20 02:45:00+00:00,99603.9706721156
2026-04-20 03:00:00+00:00,99603.9706721156
2026-04-20 03:15:00+00:00,99603.9706721156
2026-04-20 03:30:00+00:00,99603.9706721156
2026-04-20 03:45:00+00:00,99603.9706721156
2026-04-20 04:00:00+00:00,99603.9706721156
2026-04-20 04:15:00+00:00,99603.9706721156
2026-04-20 04:30:00+00:00,99603.9706721156
2026-04-20 04:45:00+00:00,99603.9706721156
2026-04-20 05:00:00+00:00,99603.9706721156
2026-04-20 05:15:00+00:00,99603.9706721156
2026-04-20 05:30:00+00:00,99603.9706721156
2026-04-20 05:45:00+00:00,99603.9706721156
2026-04-20 06:00:00+00:00,99603.9706721156
2026-04-20 06:15:00+00:00,99603.9706721156
2026-04-20 06:30:00+00:00,99603.9706721156
2026-04-20 06:45:00+00:00,99603.9706721156
2026-04-20 07:00:00+00:00,99603.9706721156
2026-04-20 07:15:00+00:00,99603.9706721156
2026-04-20 07:30:00+00:00,99603.9706721156
2026-04-20 07:45:00+00:00,99603.9706721156
2026-04-20 08:00:00+00:00,99603.9706721156
2026-04-20 08:15:00+00:00,99603.9706721156
2026-04-20 08:30:00+00:00,99603.9706721156
2026-04-20 08:45:00+00:00,99603.9706721156
2026-04-20 09:00:00+00:00,99603.9706721156
2026-04-20 09:15:00+00:00,99603.9706721156
2026-04-20 09:30:00+00:00,99603.9706721156
2026-04-20 09:45:00+00:00,99603.9706721156
2026-04-20 10:00:00+00:00,99603.9706721156
2026-04-20 10:15:00+00:00,99603.9706721156
2026-04-20 10:30:00+00:00,99603.9706721156
2026-04-20 10:45:00+00:00,99603.9706721156
2026-04-20 11:00:00+00:00,99603.9706721156
2026-04-20 11:15:00+00:00,99603.9706721156
2026-04-20 11:30:00+00:00,99603.9706721156
2026-04-20 11:45:00+00:00,99603.9706721156
2026-04-20 12:00:00+00:00,99603.9706721156
2026-04-20 12:15:00+00:00,99603.9706721156
2026-04-20 12:30:00+00:00,99603.9706721156
2026-04-20 12:45:00+00:00,99603.9706721156
2026-04-20 13:00:00+00:00,99603.9706721156
2026-04-20 13:15:00+00:00,99603.9706721156
2026-04-20 13:30:00+00:00,99603.9706721156
2026-04-20 13:45:00+00:00,99603.9706721156
2026-04-20 14:00:00+00:00,99603.9706721156
2026-04-20 14:15:00+00:00,99603.9706721156
2026-04-20 14:30:00+00:00,99603.9706721156
2026-04-20 14:45:00+00:00,99603.9706721156
2026-04-20 15:00:00+00:00,99603.9706721156
2026-04-20 15:15:00+00:00,99603.9706721156
2026-04-20 15:30:00+00:00,99603.9706721156
2026-04-20 15:45:00+00:00,99603.9706721156
2026-04-20 16:00:00+00:00,99603.9706721156
2026-04-20 16:15:00+00:00,99603.9706721156
2026-04-20 16:30:00+00:00,99603.9706721156
2026-04-20 16:45:00+00:00,99603.9706721156
2026-04-20 17:00:00+00:00,99603.9706721156
2026-04-20 17:15:00+00:00,99603.9706721156
2026-04-20 17:30:00+00:00,99603.9706721156
2026-04-20 17:45:00+00:00,99603.9706721156
2026-04-20 18:00:00+00:00,99603.9706721156
2026-04-20 18:15:00+00:00,99603.9706721156
2026-04-20 18:30:00+00:00,99603.9706721156
2026-04-20 18:45:00+00:00,99603.9706721156
2026-04-20 19:00:00+00:00,99603.9706721156
2026-04-20 19:15:00+00:00,99603.9706721156
2026-04-20 19:30:00+00:00,99603.9706721156
2026-04-20 19:45:00+00:00,99603.9706721156
2026-04-20 20:00:00+00:00,99603.9706721156
2026-04-20 20:15:00+00:00,99604.12882087975
2026-04-20 20:30:00+00:00,99605.58343689857
2026-04-20 20:45:00+00:00,99605.08652461739
2026-04-20 21:00:00+00:00,99607.03229293841
2026-04-20 21:15:00+00:00,99607.03229293841
2026-04-20 21:30:00+00:00,99607.03229293841
2026-04-20 21:45:00+00:00,99607.03229293841
2026-04-20 22:00:00+00:00,99607.03229293841
2026-04-20 22:15:00+00:00,99607.03229293841
2026-04-20 22:30:00+00:00,99607.03229293841
2026-04-20 22:45:00+00:00,99607.03229293841
2026-04-20 23:00:00+00:00,99607.03229293841
2026-04-20 23:15:00+00:00,99607.03229293841
2026-04-20 23:30:00+00:00,99607.03229293841
2026-04-20 23:45:00+00:00,99607.03229293841
2026-04-21 00:00:00+00:00,99607.03229293841
2026-04-21 00:15:00+00:00,99607.03229293841
2026-04-21 00:30:00+00:00,99607.03229293841
2026-04-21 00:45:00+00:00,99607.03229293841
2026-04-21 01:00:00+00:00,99606.29616189505
2026-04-21 01:15:00+00:00,99606.2359113558
2026-04-21 01:30:00+00:00,99607.429294201
2026-04-21 01:45:00+00:00,99606.18426030668
2026-04-21 02:00:00+00:00,99606.18426030668
2026-04-21 02:15:00+00:00,99606.18426030668
2026-04-21 02:30:00+00:00,99606.18426030668
2026-04-21 02:45:00+00:00,99606.18426030668
2026-04-21 03:00:00+00:00,99606.18426030668
2026-04-21 03:15:00+00:00,99606.18426030668
2026-04-21 03:30:00+00:00,99606.18426030668
2026-04-21 03:45:00+00:00,99606.18426030668
2026-04-21 04:00:00+00:00,99606.18426030668
2026-04-21 04:15:00+00:00,99606.18426030668
2026-04-21 04:30:00+00:00,99606.18426030668
2026-04-21 04:45:00+00:00,99606.18426030668
2026-04-21 05:00:00+00:00,99606.18426030668
2026-04-21 05:15:00+00:00,99606.18426030668
2026-04-21 05:30:00+00:00,99606.18426030668
2026-04-21 05:45:00+00:00,99606.18426030668
2026-04-21 06:00:00+00:00,99606.18426030668
2026-04-21 06:15:00+00:00,99606.18426030668
2026-04-21 06:30:00+00:00,99606.18426030668
2026-04-21 06:45:00+00:00,99606.18426030668
2026-04-21 07:00:00+00:00,99606.18426030668
2026-04-21 07:15:00+00:00,99606.18426030668
2026-04-21 07:30:00+00:00,99606.18426030668
2026-04-21 07:45:00+00:00,99606.18426030668
2026-04-21 08:00:00+00:00,99606.18426030668
2026-04-21 08:15:00+00:00,99606.18426030668
2026-04-21 08:30:00+00:00,99606.18426030668
2026-04-21 08:45:00+00:00,99606.18426030668
2026-04-21 09:00:00+00:00,99606.18426030668
2026-04-21 09:15:00+00:00,99606.18426030668
2026-04-21 09:30:00+00:00,99606.18426030668
2026-04-21 09:45:00+00:00,99606.18426030668
2026-04-21 10:00:00+00:00,99606.18426030668
2026-04-21 10:15:00+00:00,99606.18426030668
2026-04-21 10:30:00+00:00,99606.18426030668
2026-04-21 10:45:00+00:00,99606.18426030668
2026-04-21 11:00:00+00:00,99606.18426030668
2026-04-21 11:15:00+00:00,99606.18426030668
2026-04-21 11:30:00+00:00,99606.18426030668
2026-04-21 11:45:00+00:00,99606.18426030668
2026-04-21 12:00:00+00:00,99606.18426030668
2026-04-21 12:15:00+00:00,99606.18426030668
2026-04-21 12:30:00+00:00,99606.18426030668
2026-04-21 12:45:00+00:00,99606.18426030668
2026-04-21 13:00:00+00:00,99606.18426030668
2026-04-21 13:15:00+00:00,99606.18426030668
2026-04-21 13:30:00+00:00,99606.18426030668
2026-04-21 13:45:00+00:00,99606.18426030668
2026-04-21 14:00:00+00:00,99606.18426030668
2026-04-21 14:15:00+00:00,99606.18426030668
2026-04-21 14:30:00+00:00,99606.18426030668
2026-04-21 14:45:00+00:00,99606.18426030668
2026-04-21 15:00:00+00:00,99606.18426030668
2026-04-21 15:15:00+00:00,99606.18426030668
2026-04-21 15:30:00+00:00,99606.18426030668
2026-04-21 15:45:00+00:00,99606.18426030668
2026-04-21 16:00:00+00:00,99606.18426030668
2026-04-21 16:15:00+00:00,99606.18426030668
2026-04-21 16:30:00+00:00,99606.18426030668
2026-04-21 16:45:00+00:00,99606.18426030668
2026-04-21 17:00:00+00:00,99606.18426030668
2026-04-21 17:15:00+00:00,99606.18426030668
2026-04-21 17:30:00+00:00,99606.18426030668
2026-04-21 17:45:00+00:00,99606.18426030668
2026-04-21 18:00:00+00:00,99606.18426030668
2026-04-21 18:15:00+00:00,99606.18426030668
2026-04-21 18:30:00+00:00,99606.18426030668
2026-04-21 18:45:00+00:00,99606.18426030668
2026-04-21 19:00:00+00:00,99606.18426030668
2026-04-21 19:15:00+00:00,99606.18426030668
2026-04-21 19:30:00+00:00,99606.18426030668
2026-04-21 19:45:00+00:00,99606.18426030668
2026-04-21 20:00:00+00:00,99606.18426030668
2026-04-21 20:15:00+00:00,99606.18426030668
2026-04-21 20:30:00+00:00,99606.18426030668
2026-04-21 20:45:00+00:00,99606.18426030668
2026-04-21 21:00:00+00:00,99606.18426030668
2026-04-21 21:15:00+00:00,99606.18426030668
2026-04-21 21:30:00+00:00,99606.18426030668
2026-04-21 21:45:00+00:00,99606.18426030668
2026-04-21 22:00:00+00:00,99606.18426030668
2026-04-21 22:15:00+00:00,99606.18426030668
2026-04-21 22:30:00+00:00,99606.18426030668
2026-04-21 22:45:00+00:00,99606.18426030668
2026-04-21 23:00:00+00:00,99606.18426030668
2026-04-21 23:15:00+00:00,99606.18426030668
2026-04-21 23:30:00+00:00,99606.18426030668
2026-04-21 23:45:00+00:00,99606.18426030668
2026-04-22 00:00:00+00:00,99606.18426030668
2026-04-22 00:15:00+00:00,99606.18426030668
2026-04-22 00:30:00+00:00,99606.18426030668
2026-04-22 00:45:00+00:00,99606.18426030668
2026-04-22 01:00:00+00:00,99606.18426030668
2026-04-22 01:15:00+00:00,99606.18426030668
2026-04-22 01:30:00+00:00,99606.18426030668
2026-04-22 01:45:00+00:00,99606.18426030668
2026-04-22 02:00:00+00:00,99606.18426030668
2026-04-22 02:15:00+00:00,99606.18426030668
2026-04-22 02:30:00+00:00,99606.18426030668
2026-04-22 02:45:00+00:00,99606.18426030668
2026-04-22 03:00:00+00:00,99606.18426030668
2026-04-22 03:15:00+00:00,99606.18426030668
2026-04-22 03:30:00+00:00,99606.18426030668
2026-04-22 03:45:00+00:00,99606.18426030668
2026-04-22 04:00:00+00:00,99606.18426030668
2026-04-22 04:15:00+00:00,99606.18426030668
2026-04-22 04:30:00+00:00,99606.18426030668
2026-04-22 04:45:00+00:00,99606.18426030668
2026-04-22 05:00:00+00:00,99606.18426030668
2026-04-22 05:15:00+00:00,99606.18426030668
2026-04-22 05:30:00+00:00,99606.18426030668
2026-04-22 05:45:00+00:00,99606.18426030668
2026-04-22 06:00:00+00:00,99606.18426030668
2026-04-22 06:15:00+00:00,99606.18426030668
2026-04-22 06:30:00+00:00,99606.18426030668
2026-04-22 06:45:00+00:00,99606.18426030668
2026-04-22 07:00:00+00:00,99606.18426030668
2026-04-22 07:15:00+00:00,99606.18426030668
2026-04-22 07:30:00+00:00,99606.18426030668
2026-04-22 07:45:00+00:00,99606.18426030668
2026-04-22 08:00:00+00:00,99606.18426030668
2026-04-22 08:15:00+00:00,99606.18426030668
2026-04-22 08:30:00+00:00,99606.18426030668
2026-04-22 08:45:00+00:00,99606.18426030668
2026-04-22 09:00:00+00:00,99606.18426030668
2026-04-22 09:15:00+00:00,99606.18426030668
2026-04-22 09:30:00+00:00,99606.18426030668
2026-04-22 09:45:00+00:00,99606.18426030668
2026-04-22 10:00:00+00:00,99606.18426030668
2026-04-22 10:15:00+00:00,99606.18426030668
2026-04-22 10:30:00+00:00,99606.18426030668
2026-04-22 10:45:00+00:00,99606.18426030668
2026-04-22 11:00:00+00:00,99606.18426030668
2026-04-22 11:15:00+00:00,99606.18426030668
2026-04-22 11:30:00+00:00,99606.18426030668
2026-04-22 11:45:00+00:00,99606.18426030668
2026-04-22 12:00:00+00:00,99606.18426030668
2026-04-22 12:15:00+00:00,99606.18426030668
2026-04-22 12:30:00+00:00,99606.18426030668
2026-04-22 12:45:00+00:00,99606.18426030668
2026-04-22 13:00:00+00:00,99606.18426030668
2026-04-22 13:15:00+00:00,99606.18426030668
2026-04-22 13:30:00+00:00,99606.18426030668
2026-04-22 13:45:00+00:00,99606.18426030668
2026-04-22 14:00:00+00:00,99606.18426030668
2026-04-22 14:15:00+00:00,99606.18426030668
2026-04-22 14:30:00+00:00,99606.18426030668
2026-04-22 14:45:00+00:00,99606.18426030668
2026-04-22 15:00:00+00:00,99606.18426030668
2026-04-22 15:15:00+00:00,99606.18426030668
2026-04-22 15:30:00+00:00,99606.18426030668
2026-04-22 15:45:00+00:00,99606.18426030668
2026-04-22 16:00:00+00:00,99606.18426030668
2026-04-22 16:15:00+00:00,99606.18426030668
2026-04-22 16:30:00+00:00,99606.18426030668
2026-04-22 16:45:00+00:00,99606.18426030668
2026-04-22 17:00:00+00:00,99606.18426030668
2026-04-22 17:15:00+00:00,99606.18426030668
2026-04-22 17:30:00+00:00,99606.18426030668
2026-04-22 17:45:00+00:00,99606.18426030668
2026-04-22 18:00:00+00:00,99606.18426030668
2026-04-22 18:15:00+00:00,99606.18426030668
2026-04-22 18:30:00+00:00,99606.18426030668
2026-04-22 18:45:00+00:00,99606.18426030668
2026-04-22 19:00:00+00:00,99606.18426030668
2026-04-22 19:15:00+00:00,99606.18426030668
2026-04-22 19:30:00+00:00,99606.18426030668
2026-04-22 19:45:00+00:00,99606.18426030668
2026-04-22 20:00:00+00:00,99606.18426030668
2026-04-22 20:15:00+00:00,99606.18426030668
2026-04-22 20:30:00+00:00,99606.18426030668
2026-04-22 20:45:00+00:00,99606.18426030668
2026-04-22 21:00:00+00:00,99606.18426030668
2026-04-22 21:15:00+00:00,99606.18426030668
2026-04-22 21:30:00+00:00,99606.18426030668
2026-04-22 21:45:00+00:00,99606.18426030668
2026-04-22 22:00:00+00:00,99606.18426030668
2026-04-22 22:15:00+00:00,99606.18426030668
2026-04-22 22:30:00+00:00,99606.18426030668
2026-04-22 22:45:00+00:00,99606.18426030668
2026-04-22 23:00:00+00:00,99606.18426030668
2026-04-22 23:15:00+00:00,99606.18426030668
2026-04-22 23:30:00+00:00,99606.18426030668
2026-04-22 23:45:00+00:00,99606.18426030668
2026-04-23 00:00:00+00:00,99606.18426030668
2026-04-23 00:15:00+00:00,99606.18426030668
2026-04-23 00:30:00+00:00,99606.18426030668
2026-04-23 00:45:00+00:00,99606.18426030668
2026-04-23 01:00:00+00:00,99606.18426030668
2026-04-23 01:15:00+00:00,99606.18426030668
2026-04-23 01:30:00+00:00,99606.18426030668
2026-04-23 01:45:00+00:00,99606.18426030668
2026-04-23 02:00:00+00:00,99606.18426030668
2026-04-23 02:15:00+00:00,99606.18426030668
2026-04-23 02:30:00+00:00,99606.18426030668
2026-04-23 02:45:00+00:00,99606.18426030668
2026-04-23 03:00:00+00:00,99606.18426030668
2026-04-23 03:15:00+00:00,99606.18426030668
2026-04-23 03:30:00+00:00,99606.18426030668
2026-04-23 03:45:00+00:00,99606.18426030668
2026-04-23 04:00:00+00:00,99606.18426030668
2026-04-23 04:15:00+00:00,99606.18426030668
2026-04-23 04:30:00+00:00,99606.18426030668
2026-04-23 04:45:00+00:00,99606.18426030668
2026-04-23 05:00:00+00:00,99606.18426030668
2026-04-23 05:15:00+00:00,99606.18426030668
2026-04-23 05:30:00+00:00,99606.18426030668
2026-04-23 05:45:00+00:00,99606.18426030668
2026-04-23 06:00:00+00:00,99606.18426030668
2026-04-23 06:15:00+00:00,99606.18426030668
2026-04-23 06:30:00+00:00,99606.18426030668
2026-04-23 06:45:00+00:00,99606.18426030668
2026-04-23 07:00:00+00:00,99606.18426030668
2026-04-23 07:15:00+00:00,99606.18426030668
2026-04-23 07:30:00+00:00,99606.18426030668
2026-04-23 07:45:00+00:00,99606.18426030668
2026-04-23 08:00:00+00:00,99606.18426030668
2026-04-23 08:15:00+00:00,99606.18426030668
2026-04-23 08:30:00+00:00,99606.18426030668
2026-04-23 08:45:00+00:00,99606.18426030668
2026-04-23 09:00:00+00:00,99606.18426030668
2026-04-23 09:15:00+00:00,99606.18426030668
2026-04-23 09:30:00+00:00,99606.18426030668
2026-04-23 09:45:00+00:00,99606.18426030668
2026-04-23 10:00:00+00:00,99606.18426030668
2026-04-23 10:15:00+00:00,99606.18426030668
2026-04-23 10:30:00+00:00,99606.18426030668
2026-04-23 10:45:00+00:00,99606.18426030668
2026-04-23 11:00:00+00:00,99606.18426030668
2026-04-23 11:15:00+00:00,99606.18426030668
2026-04-23 11:30:00+00:00,99606.18426030668
2026-04-23 11:45:00+00:00,99606.18426030668
2026-04-23 12:00:00+00:00,99606.18426030668
2026-04-23 12:15:00+00:00,99606.18426030668
2026-04-23 12:30:00+00:00,99606.18426030668
2026-04-23 12:45:00+00:00,99606.18426030668
2026-04-23 13:00:00+00:00,99606.18426030668
2026-04-23 13:15:00+00:00,99606.18426030668
2026-04-23 13:30:00+00:00,99606.18426030668
2026-04-23 13:45:00+00:00,99606.18426030668
2026-04-23 14:00:00+00:00,99606.18426030668
2026-04-23 14:15:00+00:00,99606.18426030668
2026-04-23 14:30:00+00:00,99606.18426030668
2026-04-23 14:45:00+00:00,99606.18426030668
2026-04-23 15:00:00+00:00,99606.18426030668
2026-04-23 15:15:00+00:00,99606.18426030668
2026-04-23 15:30:00+00:00,99606.18426030668
2026-04-23 15:45:00+00:00,99606.18426030668
2026-04-23 16:00:00+00:00,99606.18426030668
2026-04-23 16:15:00+00:00,99606.18426030668
2026-04-23 16:30:00+00:00,99606.18426030668
2026-04-23 16:45:00+00:00,99606.18426030668
2026-04-23 17:00:00+00:00,99606.18426030668
2026-04-23 17:15:00+00:00,99606.18426030668
2026-04-23 17:30:00+00:00,99606.18426030668
2026-04-23 17:45:00+00:00,99606.18426030668
2026-04-23 18:00:00+00:00,99606.18426030668
2026-04-23 18:15:00+00:00,99606.18426030668
2026-04-23 18:30:00+00:00,99606.18426030668
2026-04-23 18:45:00+00:00,99606.18426030668
2026-04-23 19:00:00+00:00,99606.18426030668
2026-04-23 19:15:00+00:00,99606.18426030668
2026-04-23 19:30:00+00:00,99606.18426030668
2026-04-23 19:45:00+00:00,99606.18426030668
2026-04-23 20:00:00+00:00,99606.18426030668
2026-04-23 20:15:00+00:00,99606.18426030668
2026-04-23 20:30:00+00:00,99606.18426030668
2026-04-23 20:45:00+00:00,99606.18426030668
2026-04-23 21:00:00+00:00,99606.18426030668
2026-04-23 21:15:00+00:00,99606.18426030668
2026-04-23 21:30:00+00:00,99606.18426030668
2026-04-23 21:45:00+00:00,99606.18426030668
2026-04-23 22:00:00+00:00,99606.18426030668
2026-04-23 22:15:00+00:00,99606.18426030668
2026-04-23 22:30:00+00:00,99606.18426030668
2026-04-23 22:45:00+00:00,99606.18426030668
2026-04-23 23:00:00+00:00,99606.18426030668
2026-04-23 23:15:00+00:00,99606.18426030668
2026-04-23 23:30:00+00:00,99606.18426030668
2026-04-23 23:45:00+00:00,99606.18426030668
2026-04-24 00:00:00+00:00,99606.18426030668
2026-04-24 00:15:00+00:00,99606.18426030668
2026-04-24 00:30:00+00:00,99606.18426030668
2026-04-24 00:45:00+00:00,99606.18426030668
2026-04-24 01:00:00+00:00,99606.18426030668
2026-04-24 01:15:00+00:00,99606.18426030668
2026-04-24 01:30:00+00:00,99606.18426030668
2026-04-24 01:45:00+00:00,99606.18426030668
2026-04-24 02:00:00+00:00,99606.18426030668
2026-04-24 02:15:00+00:00,99606.18426030668
2026-04-24 02:30:00+00:00,99606.18426030668
2026-04-24 02:45:00+00:00,99606.18426030668
2026-04-24 03:00:00+00:00,99606.18426030668
2026-04-24 03:15:00+00:00,99606.18426030668
2026-04-24 03:30:00+00:00,99606.18426030668
2026-04-24 03:45:00+00:00,99606.18426030668
2026-04-24 04:00:00+00:00,99606.18426030668
2026-04-24 04:15:00+00:00,99606.18426030668
2026-04-24 04:30:00+00:00,99606.18426030668
2026-04-24 04:45:00+00:00,99606.18426030668
2026-04-24 05:00:00+00:00,99606.18426030668
2026-04-24 05:15:00+00:00,99606.18426030668
2026-04-24 05:30:00+00:00,99606.18426030668
2026-04-24 05:45:00+00:00,99606.18426030668
2026-04-24 06:00:00+00:00,99606.18426030668
2026-04-24 06:15:00+00:00,99606.18426030668
2026-04-24 06:30:00+00:00,99606.18426030668
2026-04-24 06:45:00+00:00,99606.18426030668
2026-04-24 07:00:00+00:00,99606.18426030668
2026-04-24 07:15:00+00:00,99606.18426030668
2026-04-24 07:30:00+00:00,99606.18426030668
2026-04-24 07:45:00+00:00,99606.18426030668
2026-04-24 08:00:00+00:00,99606.18426030668
2026-04-24 08:15:00+00:00,99606.18426030668
2026-04-24 08:30:00+00:00,99606.18426030668
2026-04-24 08:45:00+00:00,99606.18426030668
2026-04-24 09:00:00+00:00,99606.18426030668
2026-04-24 09:15:00+00:00,99606.18426030668
2026-04-24 09:30:00+00:00,99606.18426030668
2026-04-24 09:45:00+00:00,99606.18426030668
2026-04-24 10:00:00+00:00,99606.18426030668
2026-04-24 10:15:00+00:00,99606.18426030668
2026-04-24 10:30:00+00:00,99606.18426030668
2026-04-24 10:45:00+00:00,99606.18426030668
2026-04-24 11:00:00+00:00,99606.18426030668
2026-04-24 11:15:00+00:00,99606.18426030668
2026-04-24 11:30:00+00:00,99606.18426030668
2026-04-24 11:45:00+00:00,99606.18426030668
2026-04-24 12:00:00+00:00,99606.18426030668
2026-04-24 12:15:00+00:00,99607.12877045112
2026-04-24 12:30:00+00:00,99608.65210517458
2026-04-24 12:45:00+00:00,99604.98528458516
2026-04-24 13:00:00+00:00,99604.98528458516
2026-04-24 13:15:00+00:00,99604.98528458516
2026-04-24 13:30:00+00:00,99604.98528458516
2026-04-24 13:45:00+00:00,99604.98528458516
2026-04-24 14:00:00+00:00,99604.98528458516
2026-04-24 14:15:00+00:00,99604.98528458516
2026-04-24 14:30:00+00:00,99604.98528458516
2026-04-24 14:45:00+00:00,99604.98528458516
2026-04-24 15:00:00+00:00,99604.98528458516
2026-04-24 15:15:00+00:00,99604.98528458516
2026-04-24 15:30:00+00:00,99604.98528458516
2026-04-24 15:45:00+00:00,99604.98528458516
2026-04-24 16:00:00+00:00,99604.98528458516
2026-04-24 16:15:00+00:00,99604.98528458516
2026-04-24 16:30:00+00:00,99604.98528458516
2026-04-24 16:45:00+00:00,99604.98528458516
2026-04-24 17:00:00+00:00,99604.98528458516
2026-04-24 17:15:00+00:00,99604.98528458516
2026-04-24 17:30:00+00:00,99604.98528458516
2026-04-24 17:45:00+00:00,99604.98528458516
2026-04-24 18:00:00+00:00,99604.98528458516
2026-04-24 18:15:00+00:00,99604.98528458516
2026-04-24 18:30:00+00:00,99604.98528458516
2026-04-24 18:45:00+00:00,99604.98528458516
2026-04-24 19:00:00+00:00,99604.98528458516
2026-04-24 19:15:00+00:00,99604.98528458516
2026-04-24 19:30:00+00:00,99604.98528458516
2026-04-24 19:45:00+00:00,99604.98528458516
2026-04-24 20:00:00+00:00,99604.98528458516
2026-04-24 20:15:00+00:00,99604.98528458516
2026-04-24 20:30:00+00:00,99604.98528458516
2026-04-24 20:45:00+00:00,99604.98528458516
2026-04-24 21:00:00+00:00,99604.98528458516
2026-04-24 21:15:00+00:00,99604.98528458516
2026-04-24 21:30:00+00:00,99604.98528458516
2026-04-24 21:45:00+00:00,99604.98528458516
2026-04-24 22:00:00+00:00,99604.98528458516
2026-04-24 22:15:00+00:00,99604.98528458516
2026-04-24 22:30:00+00:00,99604.98528458516
2026-04-24 22:45:00+00:00,99604.98528458516
2026-04-24 23:00:00+00:00,99604.98528458516
2026-04-24 23:15:00+00:00,99604.98528458516
2026-04-24 23:30:00+00:00,99604.98528458516
2026-04-24 23:45:00+00:00,99604.98528458516
2026-04-25 00:00:00+00:00,99604.98528458516
2026-04-25 00:15:00+00:00,99604.98528458516
2026-04-25 00:30:00+00:00,99604.98528458516
2026-04-25 00:45:00+00:00,99604.98528458516
2026-04-25 01:00:00+00:00,99604.98528458516
2026-04-25 01:15:00+00:00,99604.98528458516
2026-04-25 01:30:00+00:00,99604.98528458516
2026-04-25 01:45:00+00:00,99604.98528458516
2026-04-25 02:00:00+00:00,99604.98528458516
2026-04-25 02:15:00+00:00,99604.98528458516
2026-04-25 02:30:00+00:00,99604.98528458516
2026-04-25 02:45:00+00:00,99604.98528458516
2026-04-25 03:00:00+00:00,99604.98528458516
2026-04-25 03:15:00+00:00,99604.98528458516
2026-04-25 03:30:00+00:00,99604.98528458516
2026-04-25 03:45:00+00:00,99604.98528458516
2026-04-25 04:00:00+00:00,99604.98528458516
2026-04-25 04:15:00+00:00,99604.98528458516
2026-04-25 04:30:00+00:00,99604.98528458516
2026-04-25 04:45:00+00:00,99604.98528458516
2026-04-25 05:00:00+00:00,99604.98528458516
2026-04-25 05:15:00+00:00,99604.98528458516
2026-04-25 05:30:00+00:00,99604.98528458516
2026-04-25 05:45:00+00:00,99604.98528458516
2026-04-25 06:00:00+00:00,99604.98528458516
2026-04-25 06:15:00+00:00,99604.98528458516
2026-04-25 06:30:00+00:00,99604.98528458516
2026-04-25 06:45:00+00:00,99604.98528458516
2026-04-25 07:00:00+00:00,99604.98528458516
2026-04-25 07:15:00+00:00,99604.98528458516
2026-04-25 07:30:00+00:00,99604.98528458516
2026-04-25 07:45:00+00:00,99604.98528458516
2026-04-25 08:00:00+00:00,99604.98528458516
2026-04-25 08:15:00+00:00,99604.98528458516
2026-04-25 08:30:00+00:00,99604.98528458516
2026-04-25 08:45:00+00:00,99604.98528458516
2026-04-25 09:00:00+00:00,99604.98528458516
2026-04-25 09:15:00+00:00,99604.98528458516
2026-04-25 09:30:00+00:00,99604.98528458516
2026-04-25 09:45:00+00:00,99604.98528458516
2026-04-25 10:00:00+00:00,99604.98528458516
2026-04-25 10:15:00+00:00,99604.98528458516
2026-04-25 10:30:00+00:00,99604.98528458516
2026-04-25 10:45:00+00:00,99604.98528458516
2026-04-25 11:00:00+00:00,99604.98528458516
2026-04-25 11:15:00+00:00,99604.98528458516
2026-04-25 11:30:00+00:00,99604.98528458516
2026-04-25 11:45:00+00:00,99604.98528458516
2026-04-25 12:00:00+00:00,99604.98528458516
2026-04-25 12:15:00+00:00,99604.98528458516
2026-04-25 12:30:00+00:00,99604.98528458516
2026-04-25 12:45:00+00:00,99604.98528458516
2026-04-25 13:00:00+00:00,99604.98528458516
2026-04-25 13:15:00+00:00,99604.98528458516
2026-04-25 13:30:00+00:00,99604.98528458516
2026-04-25 13:45:00+00:00,99604.98528458516
2026-04-25 14:00:00+00:00,99604.98528458516
2026-04-25 14:15:00+00:00,99604.98528458516
2026-04-25 14:30:00+00:00,99604.98528458516
2026-04-25 14:45:00+00:00,99604.98528458516
2026-04-25 15:00:00+00:00,99604.98528458516
2026-04-25 15:15:00+00:00,99604.98528458516
2026-04-25 15:30:00+00:00,99604.98528458516
2026-04-25 15:45:00+00:00,99604.98528458516
2026-04-25 16:00:00+00:00,99604.98528458516
2026-04-25 16:15:00+00:00,99604.98528458516
2026-04-25 16:30:00+00:00,99604.98528458516
2026-04-25 16:45:00+00:00,99604.98528458516
2026-04-25 17:00:00+00:00,99604.98528458516
2026-04-25 17:15:00+00:00,99604.98528458516
2026-04-25 17:30:00+00:00,99604.98528458516
2026-04-25 17:45:00+00:00,99604.98528458516
2026-04-25 18:00:00+00:00,99604.98528458516
2026-04-25 18:15:00+00:00,99604.98528458516
2026-04-25 18:30:00+00:00,99604.98528458516
2026-04-25 18:45:00+00:00,99604.98528458516
2026-04-25 19:00:00+00:00,99604.98528458516
2026-04-25 19:15:00+00:00,99604.98528458516
2026-04-25 19:30:00+00:00,99604.98528458516
2026-04-25 19:45:00+00:00,99604.98528458516
2026-04-25 20:00:00+00:00,99604.98528458516
2026-04-25 20:15:00+00:00,99604.98528458516
2026-04-25 20:30:00+00:00,99604.98528458516
2026-04-25 20:45:00+00:00,99604.98528458516
2026-04-25 21:00:00+00:00,99604.98528458516
2026-04-25 21:15:00+00:00,99604.98528458516
2026-04-25 21:30:00+00:00,99604.98528458516
2026-04-25 21:45:00+00:00,99604.98528458516
2026-04-25 22:00:00+00:00,99604.98528458516
2026-04-25 22:15:00+00:00,99604.98528458516
2026-04-25 22:30:00+00:00,99604.98528458516
2026-04-25 22:45:00+00:00,99604.98528458516
2026-04-25 23:00:00+00:00,99604.98528458516
2026-04-25 23:15:00+00:00,99604.98528458516
2026-04-25 23:30:00+00:00,99604.98528458516
2026-04-25 23:45:00+00:00,99604.98528458516
2026-04-26 00:00:00+00:00,99604.98528458516
2026-04-26 00:15:00+00:00,99604.98528458516
2026-04-26 00:30:00+00:00,99604.98528458516
2026-04-26 00:45:00+00:00,99604.98528458516
2026-04-26 01:00:00+00:00,99604.98528458516
2026-04-26 01:15:00+00:00,99604.98528458516
2026-04-26 01:30:00+00:00,99604.98528458516
2026-04-26 01:45:00+00:00,99604.98528458516
2026-04-26 02:00:00+00:00,99604.98528458516
2026-04-26 02:15:00+00:00,99604.98528458516
2026-04-26 02:30:00+00:00,99604.98528458516
2026-04-26 02:45:00+00:00,99604.98528458516
2026-04-26 03:00:00+00:00,99604.98528458516
2026-04-26 03:15:00+00:00,99604.98528458516
2026-04-26 03:30:00+00:00,99604.98528458516
2026-04-26 03:45:00+00:00,99604.98528458516
2026-04-26 04:00:00+00:00,99604.98528458516
2026-04-26 04:15:00+00:00,99604.98528458516
2026-04-26 04:30:00+00:00,99604.98528458516
2026-04-26 04:45:00+00:00,99604.98528458516
2026-04-26 05:00:00+00:00,99597.981751126
2026-04-26 05:15:00+00:00,99587.23615701556
2026-04-26 05:30:00+00:00,99587.23615701556
2026-04-26 05:45:00+00:00,99587.23615701556
2026-04-26 06:00:00+00:00,99587.23615701556
2026-04-26 06:15:00+00:00,99587.23615701556
2026-04-26 06:30:00+00:00,99587.23615701556
2026-04-26 06:45:00+00:00,99587.23615701556
2026-04-26 07:00:00+00:00,99587.23615701556
2026-04-26 07:15:00+00:00,99587.23615701556
2026-04-26 07:30:00+00:00,99587.23615701556
2026-04-26 07:45:00+00:00,99587.23615701556
2026-04-26 08:00:00+00:00,99587.23615701556
2026-04-26 08:15:00+00:00,99587.23615701556
2026-04-26 08:30:00+00:00,99587.23615701556
2026-04-26 08:45:00+00:00,99587.23615701556
2026-04-26 09:00:00+00:00,99587.23615701556
2026-04-26 09:15:00+00:00,99587.23615701556
2026-04-26 09:30:00+00:00,99587.23615701556
2026-04-26 09:45:00+00:00,99587.23615701556
2026-04-26 10:00:00+00:00,99587.23615701556
2026-04-26 10:15:00+00:00,99587.23615701556
2026-04-26 10:30:00+00:00,99587.23615701556
2026-04-26 10:45:00+00:00,99587.23615701556
2026-04-26 11:00:00+00:00,99587.23615701556
2026-04-26 11:15:00+00:00,99587.23615701556
2026-04-26 11:30:00+00:00,99587.23615701556
2026-04-26 11:45:00+00:00,99587.23615701556
2026-04-26 12:00:00+00:00,99587.23615701556
2026-04-26 12:15:00+00:00,99587.23615701556
2026-04-26 12:30:00+00:00,99587.23615701556
2026-04-26 12:45:00+00:00,99587.23615701556
2026-04-26 13:00:00+00:00,99587.23615701556
2026-04-26 13:15:00+00:00,99587.23615701556
2026-04-26 13:30:00+00:00,99587.23615701556
2026-04-26 13:45:00+00:00,99587.23615701556
2026-04-26 14:00:00+00:00,99587.23615701556
2026-04-26 14:15:00+00:00,99587.23615701556
2026-04-26 14:30:00+00:00,99587.23615701556
2026-04-26 14:45:00+00:00,99587.23615701556
2026-04-26 15:00:00+00:00,99587.23615701556
2026-04-26 15:15:00+00:00,99587.23615701556
2026-04-26 15:30:00+00:00,99587.23615701556
2026-04-26 15:45:00+00:00,99587.23615701556
2026-04-26 16:00:00+00:00,99587.23615701556
2026-04-26 16:15:00+00:00,99587.23615701556
2026-04-26 16:30:00+00:00,99587.23615701556
2026-04-26 16:45:00+00:00,99587.23615701556
2026-04-26 17:00:00+00:00,99587.23615701556
2026-04-26 17:15:00+00:00,99587.23615701556
2026-04-26 17:30:00+00:00,99587.23615701556
2026-04-26 17:45:00+00:00,99587.23615701556
2026-04-26 18:00:00+00:00,99587.23615701556
2026-04-26 18:15:00+00:00,99587.23615701556
2026-04-26 18:30:00+00:00,99587.23615701556
2026-04-26 18:45:00+00:00,99587.23615701556
2026-04-26 19:00:00+00:00,99587.23615701556
2026-04-26 19:15:00+00:00,99587.23615701556
2026-04-26 19:30:00+00:00,99587.23615701556
2026-04-26 19:45:00+00:00,99587.23615701556
2026-04-26 20:00:00+00:00,99587.23615701556
2026-04-26 20:15:00+00:00,99587.23615701556
2026-04-26 20:30:00+00:00,99587.23615701556
2026-04-26 20:45:00+00:00,99587.23615701556
2026-04-26 21:00:00+00:00,99587.23615701556
2026-04-26 21:15:00+00:00,99587.23615701556
2026-04-26 21:30:00+00:00,99587.23615701556
2026-04-26 21:45:00+00:00,99587.23615701556
2026-04-26 22:00:00+00:00,99587.23615701556
2026-04-26 22:15:00+00:00,99587.23615701556
2026-04-26 22:30:00+00:00,99587.23615701556
2026-04-26 22:45:00+00:00,99587.23615701556
2026-04-26 23:00:00+00:00,99587.23615701556
2026-04-26 23:15:00+00:00,99587.23615701556
2026-04-26 23:30:00+00:00,99587.23615701556
2026-04-26 23:45:00+00:00,99587.23615701556
2026-04-27 00:00:00+00:00,99587.23615701556
2026-04-27 00:15:00+00:00,99587.23615701556
2026-04-27 00:30:00+00:00,99587.23615701556
2026-04-27 00:45:00+00:00,99587.23615701556
2026-04-27 01:00:00+00:00,99587.23615701556
2026-04-27 01:15:00+00:00,99587.23615701556
2026-04-27 01:30:00+00:00,99587.23615701556
2026-04-27 01:45:00+00:00,99587.23615701556
2026-04-27 02:00:00+00:00,99587.23615701556
2026-04-27 02:15:00+00:00,99587.23615701556
2026-04-27 02:30:00+00:00,99587.23615701556
2026-04-27 02:45:00+00:00,99587.23615701556
2026-04-27 03:00:00+00:00,99587.23615701556
2026-04-27 03:15:00+00:00,99587.23615701556
2026-04-27 03:30:00+00:00,99587.23615701556
2026-04-27 03:45:00+00:00,99587.23615701556
2026-04-27 04:00:00+00:00,99587.23615701556
2026-04-27 04:15:00+00:00,99587.23615701556
2026-04-27 04:30:00+00:00,99587.23615701556
2026-04-27 04:45:00+00:00,99587.23615701556
2026-04-27 05:00:00+00:00,99587.23615701556
2026-04-27 05:15:00+00:00,99587.23615701556
2026-04-27 05:30:00+00:00,99587.23615701556
2026-04-27 05:45:00+00:00,99587.23615701556
2026-04-27 06:00:00+00:00,99587.23615701556
2026-04-27 06:15:00+00:00,99587.23615701556
2026-04-27 06:30:00+00:00,99587.23615701556
2026-04-27 06:45:00+00:00,99587.23615701556
2026-04-27 07:00:00+00:00,99587.23615701556
2026-04-27 07:15:00+00:00,99587.23615701556
2026-04-27 07:30:00+00:00,99587.23615701556
2026-04-27 07:45:00+00:00,99587.23615701556
2026-04-27 08:00:00+00:00,99587.23615701556
2026-04-27 08:15:00+00:00,99587.23615701556
2026-04-27 08:30:00+00:00,99587.23615701556
2026-04-27 08:45:00+00:00,99587.23615701556
2026-04-27 09:00:00+00:00,99587.23615701556
2026-04-27 09:15:00+00:00,99587.23615701556
2026-04-27 09:30:00+00:00,99587.23615701556
2026-04-27 09:45:00+00:00,99587.23615701556
2026-04-27 10:00:00+00:00,99587.23615701556
2026-04-27 10:15:00+00:00,99587.23615701556
2026-04-27 10:30:00+00:00,99587.23615701556
2026-04-27 10:45:00+00:00,99587.23615701556
2026-04-27 11:00:00+00:00,99587.23615701556
2026-04-27 11:15:00+00:00,99587.23615701556
2026-04-27 11:30:00+00:00,99587.23615701556
2026-04-27 11:45:00+00:00,99587.23615701556
2026-04-27 12:00:00+00:00,99587.23615701556
2026-04-27 12:15:00+00:00,99587.23615701556
2026-04-27 12:30:00+00:00,99587.23615701556
2026-04-27 12:45:00+00:00,99587.23615701556
2026-04-27 13:00:00+00:00,99587.23615701556
2026-04-27 13:15:00+00:00,99587.23615701556
2026-04-27 13:30:00+00:00,99587.23615701556
2026-04-27 13:45:00+00:00,99587.23615701556
2026-04-27 14:00:00+00:00,99587.23615701556
2026-04-27 14:15:00+00:00,99587.23615701556
2026-04-27 14:30:00+00:00,99587.23615701556
2026-04-27 14:45:00+00:00,99587.23615701556
2026-04-27 15:00:00+00:00,99587.23615701556
2026-04-27 15:15:00+00:00,99587.23615701556
2026-04-27 15:30:00+00:00,99587.23615701556
2026-04-27 15:45:00+00:00,99587.23615701556
2026-04-27 16:00:00+00:00,99587.23615701556
2026-04-27 16:15:00+00:00,99587.23615701556
2026-04-27 16:30:00+00:00,99587.23615701556
2026-04-27 16:45:00+00:00,99587.23615701556
2026-04-27 17:00:00+00:00,99587.23615701556
2026-04-27 17:15:00+00:00,99587.23615701556
2026-04-27 17:30:00+00:00,99587.23615701556
2026-04-27 17:45:00+00:00,99587.23615701556
2026-04-27 18:00:00+00:00,99587.23615701556
2026-04-27 18:15:00+00:00,99587.23615701556
2026-04-27 18:30:00+00:00,99587.23615701556
2026-04-27 18:45:00+00:00,99587.23615701556
2026-04-27 19:00:00+00:00,99587.23615701556
2026-04-27 19:15:00+00:00,99587.23615701556
2026-04-27 19:30:00+00:00,99587.23615701556
2026-04-27 19:45:00+00:00,99587.23615701556
2026-04-27 20:00:00+00:00,99587.23615701556
2026-04-27 20:15:00+00:00,99587.23615701556
2026-04-27 20:30:00+00:00,99587.23615701556
2026-04-27 20:45:00+00:00,99587.23615701556
2026-04-27 21:00:00+00:00,99587.23615701556
2026-04-27 21:15:00+00:00,99587.23615701556
2026-04-27 21:30:00+00:00,99587.23615701556
2026-04-27 21:45:00+00:00,99587.23615701556
2026-04-27 22:00:00+00:00,99587.23615701556
2026-04-27 22:15:00+00:00,99587.23615701556
2026-04-27 22:30:00+00:00,99587.23615701556
2026-04-27 22:45:00+00:00,99587.23615701556
2026-04-27 23:00:00+00:00,99587.23615701556
2026-04-27 23:15:00+00:00,99587.23615701556
2026-04-27 23:30:00+00:00,99587.23615701556
2026-04-27 23:45:00+00:00,99587.23615701556
2026-04-28 00:00:00+00:00,99587.23615701556
2026-04-28 00:15:00+00:00,99587.23615701556
2026-04-28 00:30:00+00:00,99587.23615701556
2026-04-28 00:45:00+00:00,99587.23615701556
2026-04-28 01:00:00+00:00,99587.23615701556
2026-04-28 01:15:00+00:00,99587.23615701556
2026-04-28 01:30:00+00:00,99587.23615701556
2026-04-28 01:45:00+00:00,99587.23615701556
2026-04-28 02:00:00+00:00,99587.23615701556
2026-04-28 02:15:00+00:00,99587.23615701556
2026-04-28 02:30:00+00:00,99587.23615701556
2026-04-28 02:45:00+00:00,99587.23615701556
2026-04-28 03:00:00+00:00,99587.23615701556
2026-04-28 03:15:00+00:00,99587.23615701556
2026-04-28 03:30:00+00:00,99587.23615701556
2026-04-28 03:45:00+00:00,99587.23615701556
2026-04-28 04:00:00+00:00,99587.23615701556
2026-04-28 04:15:00+00:00,99587.23615701556
2026-04-28 04:30:00+00:00,99587.23615701556
2026-04-28 04:45:00+00:00,99587.23615701556
2026-04-28 05:00:00+00:00,99587.23615701556
2026-04-28 05:15:00+00:00,99587.23615701556
2026-04-28 05:30:00+00:00,99587.23615701556
2026-04-28 05:45:00+00:00,99587.23615701556
2026-04-28 06:00:00+00:00,99587.23615701556
2026-04-28 06:15:00+00:00,99587.23615701556
2026-04-28 06:30:00+00:00,99587.23615701556
2026-04-28 06:45:00+00:00,99587.23615701556
2026-04-28 07:00:00+00:00,99587.23615701556
2026-04-28 07:15:00+00:00,99587.23615701556
2026-04-28 07:30:00+00:00,99587.23615701556
2026-04-28 07:45:00+00:00,99587.23615701556
2026-04-28 08:00:00+00:00,99587.23615701556
2026-04-28 08:15:00+00:00,99587.23615701556
2026-04-28 08:30:00+00:00,99587.23615701556
2026-04-28 08:45:00+00:00,99587.23615701556
2026-04-28 09:00:00+00:00,99587.23615701556
2026-04-28 09:15:00+00:00,99587.23615701556
2026-04-28 09:30:00+00:00,99587.23615701556
2026-04-28 09:45:00+00:00,99587.23615701556
2026-04-28 10:00:00+00:00,99587.23615701556
2026-04-28 10:15:00+00:00,99587.23615701556
2026-04-28 10:30:00+00:00,99587.23615701556
2026-04-28 10:45:00+00:00,99587.23615701556
2026-04-28 11:00:00+00:00,99587.23615701556
2026-04-28 11:15:00+00:00,99587.23615701556
2026-04-28 11:30:00+00:00,99587.23615701556
2026-04-28 11:45:00+00:00,99587.23615701556
2026-04-28 12:00:00+00:00,99587.23615701556
2026-04-28 12:15:00+00:00,99587.23615701556
2026-04-28 12:30:00+00:00,99587.23615701556
2026-04-28 12:45:00+00:00,99587.23615701556
2026-04-28 13:00:00+00:00,99587.23615701556
2026-04-28 13:15:00+00:00,99587.23615701556
2026-04-28 13:30:00+00:00,99587.23615701556
2026-04-28 13:45:00+00:00,99587.23615701556
2026-04-28 14:00:00+00:00,99587.23615701556
2026-04-28 14:15:00+00:00,99587.23615701556
2026-04-28 14:30:00+00:00,99587.23615701556
2026-04-28 14:45:00+00:00,99587.23615701556
2026-04-28 15:00:00+00:00,99587.23615701556
2026-04-28 15:15:00+00:00,99587.23615701556
2026-04-28 15:30:00+00:00,99587.23615701556
2026-04-28 15:45:00+00:00,99587.23615701556
2026-04-28 16:00:00+00:00,99587.23615701556
2026-04-28 16:15:00+00:00,99587.23615701556
2026-04-28 16:30:00+00:00,99587.23615701556
2026-04-28 16:45:00+00:00,99587.23615701556
2026-04-28 17:00:00+00:00,99587.23615701556
2026-04-28 17:15:00+00:00,99587.23615701556
2026-04-28 17:30:00+00:00,99587.23615701556
2026-04-28 17:45:00+00:00,99587.23615701556
2026-04-28 18:00:00+00:00,99587.23615701556
2026-04-28 18:15:00+00:00,99587.23615701556
2026-04-28 18:30:00+00:00,99587.23615701556
2026-04-28 18:45:00+00:00,99587.23615701556
2026-04-28 19:00:00+00:00,99587.23615701556
2026-04-28 19:15:00+00:00,99587.23615701556
2026-04-28 19:30:00+00:00,99587.23615701556
2026-04-28 19:45:00+00:00,99587.23615701556
2026-04-28 20:00:00+00:00,99587.23615701556
2026-04-28 20:15:00+00:00,99587.23615701556
2026-04-28 20:30:00+00:00,99587.23615701556
2026-04-28 20:45:00+00:00,99587.23615701556
2026-04-28 21:00:00+00:00,99587.23615701556
2026-04-28 21:15:00+00:00,99587.23615701556
2026-04-28 21:30:00+00:00,99587.23615701556
2026-04-28 21:45:00+00:00,99587.23615701556
2026-04-28 22:00:00+00:00,99587.23615701556
2026-04-28 22:15:00+00:00,99587.23615701556
2026-04-28 22:30:00+00:00,99587.23615701556
2026-04-28 22:45:00+00:00,99587.23615701556
2026-04-28 23:00:00+00:00,99587.23615701556
2026-04-28 23:15:00+00:00,99587.23615701556
2026-04-28 23:30:00+00:00,99587.23615701556
2026-04-28 23:45:00+00:00,99587.23615701556
2026-04-29 00:00:00+00:00,99587.23615701556
2026-04-29 00:15:00+00:00,99587.23615701556
2026-04-29 00:30:00+00:00,99587.23615701556
2026-04-29 00:45:00+00:00,99587.23615701556
2026-04-29 01:00:00+00:00,99587.23615701556
2026-04-29 01:15:00+00:00,99587.23615701556
2026-04-29 01:30:00+00:00,99587.23615701556
2026-04-29 01:45:00+00:00,99587.23615701556
2026-04-29 02:00:00+00:00,99587.23615701556
2026-04-29 02:15:00+00:00,99587.23615701556
2026-04-29 02:30:00+00:00,99587.23615701556
2026-04-29 02:45:00+00:00,99587.23615701556
2026-04-29 03:00:00+00:00,99587.23615701556
2026-04-29 03:15:00+00:00,99587.23615701556
2026-04-29 03:30:00+00:00,99587.23615701556
2026-04-29 03:45:00+00:00,99587.23615701556
2026-04-29 04:00:00+00:00,99587.23615701556
2026-04-29 04:15:00+00:00,99584.98843577808
2026-04-29 04:30:00+00:00,99572.89435324229
2026-04-29 04:45:00+00:00,99572.89435324229
2026-04-29 05:00:00+00:00,99572.89435324229
2026-04-29 05:15:00+00:00,99572.89435324229
2026-04-29 05:30:00+00:00,99572.89435324229
2026-04-29 05:45:00+00:00,99572.89435324229
2026-04-29 06:00:00+00:00,99572.89435324229
2026-04-29 06:15:00+00:00,99572.89435324229
2026-04-29 06:30:00+00:00,99572.89435324229
2026-04-29 06:45:00+00:00,99572.89435324229
2026-04-29 07:00:00+00:00,99572.89435324229
2026-04-29 07:15:00+00:00,99572.89435324229
2026-04-29 07:30:00+00:00,99572.89435324229
2026-04-29 07:45:00+00:00,99572.89435324229
2026-04-29 08:00:00+00:00,99572.89435324229
2026-04-29 08:15:00+00:00,99572.89435324229
2026-04-29 08:30:00+00:00,99572.89435324229
2026-04-29 08:45:00+00:00,99572.89435324229
2026-04-29 09:00:00+00:00,99572.89435324229
2026-04-29 09:15:00+00:00,99572.89435324229
2026-04-29 09:30:00+00:00,99572.89435324229
2026-04-29 09:45:00+00:00,99572.89435324229
2026-04-29 10:00:00+00:00,99572.89435324229
2026-04-29 10:15:00+00:00,99572.89435324229
2026-04-29 10:30:00+00:00,99572.89435324229
2026-04-29 10:45:00+00:00,99572.89435324229
2026-04-29 11:00:00+00:00,99572.89435324229
2026-04-29 11:15:00+00:00,99572.89435324229
2026-04-29 11:30:00+00:00,99572.89435324229
2026-04-29 11:45:00+00:00,99572.89435324229
2026-04-29 12:00:00+00:00,99572.89435324229
2026-04-29 12:15:00+00:00,99572.89435324229
2026-04-29 12:30:00+00:00,99572.89435324229
2026-04-29 12:45:00+00:00,99572.89435324229
2026-04-29 13:00:00+00:00,99572.89435324229
2026-04-29 13:15:00+00:00,99572.89435324229
2026-04-29 13:30:00+00:00,99572.89435324229
2026-04-29 13:45:00+00:00,99572.89435324229
2026-04-29 14:00:00+00:00,99572.89435324229
2026-04-29 14:15:00+00:00,99572.89435324229
2026-04-29 14:30:00+00:00,99572.89435324229
2026-04-29 14:45:00+00:00,99572.89435324229
2026-04-29 15:00:00+00:00,99572.89435324229
2026-04-29 15:15:00+00:00,99572.89435324229
2026-04-29 15:30:00+00:00,99572.89435324229
2026-04-29 15:45:00+00:00,99572.89435324229
2026-04-29 16:00:00+00:00,99572.89435324229
2026-04-29 16:15:00+00:00,99572.89435324229
2026-04-29 16:30:00+00:00,99572.89435324229
2026-04-29 16:45:00+00:00,99572.89435324229
2026-04-29 17:00:00+00:00,99572.89435324229
2026-04-29 17:15:00+00:00,99572.89435324229
2026-04-29 17:30:00+00:00,99572.89435324229
2026-04-29 17:45:00+00:00,99572.89435324229
2026-04-29 18:00:00+00:00,99572.89435324229
2026-04-29 18:15:00+00:00,99572.89435324229
2026-04-29 18:30:00+00:00,99572.89435324229
2026-04-29 18:45:00+00:00,99572.89435324229
2026-04-29 19:00:00+00:00,99572.89435324229
2026-04-29 19:15:00+00:00,99572.89435324229
2026-04-29 19:30:00+00:00,99572.89435324229
2026-04-29 19:45:00+00:00,99572.89435324229
2026-04-29 20:00:00+00:00,99572.89435324229
2026-04-29 20:15:00+00:00,99572.89435324229
2026-04-29 20:30:00+00:00,99572.89435324229
2026-04-29 20:45:00+00:00,99572.89435324229
2026-04-29 21:00:00+00:00,99572.89435324229
2026-04-29 21:15:00+00:00,99572.89435324229
2026-04-29 21:30:00+00:00,99572.89435324229
2026-04-29 21:45:00+00:00,99572.89435324229
2026-04-29 22:00:00+00:00,99572.89435324229
2026-04-29 22:15:00+00:00,99572.89435324229
2026-04-29 22:30:00+00:00,99572.89435324229
2026-04-29 22:45:00+00:00,99572.89435324229
2026-04-29 23:00:00+00:00,99572.89435324229
2026-04-29 23:15:00+00:00,99572.89435324229
2026-04-29 23:30:00+00:00,99572.89435324229
2026-04-29 23:45:00+00:00,99572.89435324229
2026-04-30 00:00:00+00:00,99572.89435324229
2026-04-30 00:15:00+00:00,99572.89435324229
2026-04-30 00:30:00+00:00,99572.89435324229
2026-04-30 00:45:00+00:00,99572.89435324229
2026-04-30 01:00:00+00:00,99572.89435324229
2026-04-30 01:15:00+00:00,99572.89435324229
2026-04-30 01:30:00+00:00,99572.89435324229
2026-04-30 01:45:00+00:00,99572.89435324229
2026-04-30 02:00:00+00:00,99572.89435324229
2026-04-30 02:15:00+00:00,99572.89435324229
2026-04-30 02:30:00+00:00,99572.89435324229
2026-04-30 02:45:00+00:00,99572.89435324229
2026-04-30 03:00:00+00:00,99572.89435324229
2026-04-30 03:15:00+00:00,99572.89435324229
2026-04-30 03:30:00+00:00,99572.89435324229
2026-04-30 03:45:00+00:00,99572.89435324229
2026-04-30 04:00:00+00:00,99572.89435324229
2026-04-30 04:15:00+00:00,99572.89435324229
2026-04-30 04:30:00+00:00,99572.89435324229
2026-04-30 04:45:00+00:00,99572.89435324229
2026-04-30 05:00:00+00:00,99572.89435324229
2026-04-30 05:15:00+00:00,99572.89435324229
2026-04-30 05:30:00+00:00,99572.89435324229
2026-04-30 05:45:00+00:00,99572.89435324229
2026-04-30 06:00:00+00:00,99572.89435324229
2026-04-30 06:15:00+00:00,99572.89435324229
2026-04-30 06:30:00+00:00,99572.89435324229
2026-04-30 06:45:00+00:00,99572.89435324229
2026-04-30 07:00:00+00:00,99572.89435324229
2026-04-30 07:15:00+00:00,99572.89435324229
2026-04-30 07:30:00+00:00,99572.89435324229
2026-04-30 07:45:00+00:00,99572.89435324229
2026-04-30 08:00:00+00:00,99572.89435324229
2026-04-30 08:15:00+00:00,99572.89435324229
2026-04-30 08:30:00+00:00,99572.89435324229
2026-04-30 08:45:00+00:00,99572.89435324229
2026-04-30 09:00:00+00:00,99572.89435324229
2026-04-30 09:15:00+00:00,99572.89435324229
2026-04-30 09:30:00+00:00,99572.89435324229
2026-04-30 09:45:00+00:00,99572.89435324229
2026-04-30 10:00:00+00:00,99572.89435324229
2026-04-30 10:15:00+00:00,99572.89435324229
2026-04-30 10:30:00+00:00,99572.89435324229
2026-04-30 10:45:00+00:00,99572.89435324229
2026-04-30 11:00:00+00:00,99572.89435324229
2026-04-30 11:15:00+00:00,99572.89435324229
2026-04-30 11:30:00+00:00,99572.89435324229
2026-04-30 11:45:00+00:00,99572.89435324229
2026-04-30 12:00:00+00:00,99572.89435324229
2026-04-30 12:15:00+00:00,99572.89435324229
2026-04-30 12:30:00+00:00,99572.89435324229
2026-04-30 12:45:00+00:00,99572.89435324229
2026-04-30 13:00:00+00:00,99572.89435324229
2026-04-30 13:15:00+00:00,99572.89435324229
2026-04-30 13:30:00+00:00,99572.89435324229
2026-04-30 13:45:00+00:00,99572.89435324229
2026-04-30 14:00:00+00:00,99572.89435324229
2026-04-30 14:15:00+00:00,99572.89435324229
2026-04-30 14:30:00+00:00,99572.89435324229
2026-04-30 14:45:00+00:00,99572.89435324229
2026-04-30 15:00:00+00:00,99572.89435324229
2026-04-30 15:15:00+00:00,99572.89435324229
2026-04-30 15:30:00+00:00,99572.89435324229
2026-04-30 15:45:00+00:00,99572.89435324229
2026-04-30 16:00:00+00:00,99572.89435324229
2026-04-30 16:15:00+00:00,99572.89435324229
2026-04-30 16:30:00+00:00,99572.89435324229
2026-04-30 16:45:00+00:00,99572.89435324229
2026-04-30 17:00:00+00:00,99572.89435324229
2026-04-30 17:15:00+00:00,99572.89435324229
2026-04-30 17:30:00+00:00,99572.89435324229
2026-04-30 17:45:00+00:00,99572.89435324229
2026-04-30 18:00:00+00:00,99572.89435324229
2026-04-30 18:15:00+00:00,99572.89435324229
2026-04-30 18:30:00+00:00,99572.89435324229
2026-04-30 18:45:00+00:00,99572.89435324229
2026-04-30 19:00:00+00:00,99572.89435324229
2026-04-30 19:15:00+00:00,99572.89435324229
2026-04-30 19:30:00+00:00,99572.89435324229
2026-04-30 19:45:00+00:00,99572.89435324229
2026-04-30 20:00:00+00:00,99572.89435324229
2026-04-30 20:15:00+00:00,99572.89435324229
2026-04-30 20:30:00+00:00,99572.89435324229
2026-04-30 20:45:00+00:00,99572.89435324229
2026-04-30 21:00:00+00:00,99572.89435324229
2026-04-30 21:15:00+00:00,99572.89435324229
2026-04-30 21:30:00+00:00,99572.89435324229
2026-04-30 21:45:00+00:00,99572.89435324229
2026-04-30 22:00:00+00:00,99572.89435324229
2026-04-30 22:15:00+00:00,99572.89435324229
2026-04-30 22:30:00+00:00,99572.89435324229
2026-04-30 22:45:00+00:00,99572.89435324229
2026-04-30 23:00:00+00:00,99572.89435324229
2026-04-30 23:15:00+00:00,99572.89435324229
2026-04-30 23:30:00+00:00,99572.89435324229
2026-04-30 23:45:00+00:00,99572.89435324229
2026-05-01 00:00:00+00:00,99572.89435324229
2026-05-01 00:15:00+00:00,99572.89435324229
2026-05-01 00:30:00+00:00,99572.89435324229
2026-05-01 00:45:00+00:00,99572.89435324229
2026-05-01 01:00:00+00:00,99572.89435324229
2026-05-01 01:15:00+00:00,99572.89435324229
2026-05-01 01:30:00+00:00,99572.89435324229
2026-05-01 01:45:00+00:00,99572.89435324229
2026-05-01 02:00:00+00:00,99572.89435324229
2026-05-01 02:15:00+00:00,99572.89435324229
2026-05-01 02:30:00+00:00,99572.89435324229
2026-05-01 02:45:00+00:00,99572.89435324229
2026-05-01 03:00:00+00:00,99572.89435324229
2026-05-01 03:15:00+00:00,99572.89435324229
2026-05-01 03:30:00+00:00,99572.89435324229
2026-05-01 03:45:00+00:00,99572.89435324229
2026-05-01 04:00:00+00:00,99572.89435324229
2026-05-01 04:15:00+00:00,99572.89435324229
2026-05-01 04:30:00+00:00,99572.89435324229
2026-05-01 04:45:00+00:00,99572.89435324229
2026-05-01 05:00:00+00:00,99572.89435324229
2026-05-01 05:15:00+00:00,99572.89435324229
2026-05-01 05:30:00+00:00,99572.89435324229
2026-05-01 05:45:00+00:00,99572.89435324229
2026-05-01 06:00:00+00:00,99572.89435324229
2026-05-01 06:15:00+00:00,99572.89435324229
2026-05-01 06:30:00+00:00,99572.89435324229
2026-05-01 06:45:00+00:00,99572.89435324229
2026-05-01 07:00:00+00:00,99572.89435324229
2026-05-01 07:15:00+00:00,99572.89435324229
2026-05-01 07:30:00+00:00,99572.89435324229
2026-05-01 07:45:00+00:00,99572.89435324229
2026-05-01 08:00:00+00:00,99572.89435324229
2026-05-01 08:15:00+00:00,99569.20667593356
2026-05-01 08:30:00+00:00,99562.39304848266
2026-05-01 08:45:00+00:00,99562.39304848266
2026-05-01 09:00:00+00:00,99562.39304848266
2026-05-01 09:15:00+00:00,99562.39304848266
2026-05-01 09:30:00+00:00,99562.39304848266
2026-05-01 09:45:00+00:00,99562.39304848266
2026-05-01 10:00:00+00:00,99562.39304848266
2026-05-01 10:15:00+00:00,99562.39304848266
2026-05-01 10:30:00+00:00,99562.39304848266
2026-05-01 10:45:00+00:00,99562.39304848266
2026-05-01 11:00:00+00:00,99562.39304848266
2026-05-01 11:15:00+00:00,99562.39304848266
2026-05-01 11:30:00+00:00,99562.39304848266
2026-05-01 11:45:00+00:00,99562.39304848266
2026-05-01 12:00:00+00:00,99562.39304848266
2026-05-01 12:15:00+00:00,99562.39304848266
2026-05-01 12:30:00+00:00,99562.39304848266
2026-05-01 12:45:00+00:00,99562.39304848266
2026-05-01 13:00:00+00:00,99562.39304848266
2026-05-01 13:15:00+00:00,99562.39304848266
2026-05-01 13:30:00+00:00,99562.39304848266
2026-05-01 13:45:00+00:00,99562.39304848266
2026-05-01 14:00:00+00:00,99562.39304848266
2026-05-01 14:15:00+00:00,99562.39304848266
2026-05-01 14:30:00+00:00,99562.39304848266
2026-05-01 14:45:00+00:00,99562.39304848266
2026-05-01 15:00:00+00:00,99562.39304848266
2026-05-01 15:15:00+00:00,99562.39304848266
2026-05-01 15:30:00+00:00,99562.39304848266
2026-05-01 15:45:00+00:00,99562.39304848266
2026-05-01 16:00:00+00:00,99562.39304848266
2026-05-01 16:15:00+00:00,99562.39304848266
2026-05-01 16:30:00+00:00,99562.39304848266
2026-05-01 16:45:00+00:00,99562.39304848266
2026-05-01 17:00:00+00:00,99562.39304848266
2026-05-01 17:15:00+00:00,99562.39304848266
2026-05-01 17:30:00+00:00,99562.39304848266
2026-05-01 17:45:00+00:00,99562.39304848266
2026-05-01 18:00:00+00:00,99562.39304848266
2026-05-01 18:15:00+00:00,99562.39304848266
2026-05-01 18:30:00+00:00,99562.39304848266
2026-05-01 18:45:00+00:00,99562.39304848266
2026-05-01 19:00:00+00:00,99562.39304848266
2026-05-01 19:15:00+00:00,99562.39304848266
2026-05-01 19:30:00+00:00,99562.39304848266
2026-05-01 19:45:00+00:00,99562.39304848266
2026-05-01 20:00:00+00:00,99562.39304848266
2026-05-01 20:15:00+00:00,99562.39304848266
2026-05-01 20:30:00+00:00,99562.39304848266
2026-05-01 20:45:00+00:00,99562.39304848266
2026-05-01 21:00:00+00:00,99562.39304848266
2026-05-01 21:15:00+00:00,99562.39304848266
2026-05-01 21:30:00+00:00,99562.39304848266
2026-05-01 21:45:00+00:00,99562.39304848266
2026-05-01 22:00:00+00:00,99562.39304848266
2026-05-01 22:15:00+00:00,99562.39304848266
2026-05-01 22:30:00+00:00,99562.39304848266
2026-05-01 22:45:00+00:00,99562.39304848266
2026-05-01 23:00:00+00:00,99562.39304848266
2026-05-01 23:15:00+00:00,99562.39304848266
2026-05-01 23:30:00+00:00,99562.39304848266
2026-05-01 23:45:00+00:00,99562.39304848266
2026-05-02 00:00:00+00:00,99562.39304848266
2026-05-02 00:15:00+00:00,99562.39304848266
2026-05-02 00:30:00+00:00,99562.39304848266
2026-05-02 00:45:00+00:00,99562.39304848266
2026-05-02 01:00:00+00:00,99562.39304848266
2026-05-02 01:15:00+00:00,99562.39304848266
2026-05-02 01:30:00+00:00,99562.39304848266
2026-05-02 01:45:00+00:00,99562.39304848266
2026-05-02 02:00:00+00:00,99562.39304848266
2026-05-02 02:15:00+00:00,99562.39304848266
2026-05-02 02:30:00+00:00,99562.39304848266
2026-05-02 02:45:00+00:00,99562.39304848266
2026-05-02 03:00:00+00:00,99562.39304848266
2026-05-02 03:15:00+00:00,99562.39304848266
2026-05-02 03:30:00+00:00,99562.39304848266
2026-05-02 03:45:00+00:00,99562.39304848266
2026-05-02 04:00:00+00:00,99562.39304848266
2026-05-02 04:15:00+00:00,99562.39304848266
2026-05-02 04:30:00+00:00,99562.39304848266
2026-05-02 04:45:00+00:00,99562.39304848266
2026-05-02 05:00:00+00:00,99562.39304848266
2026-05-02 05:15:00+00:00,99562.39304848266
2026-05-02 05:30:00+00:00,99562.39304848266
2026-05-02 05:45:00+00:00,99562.39304848266
2026-05-02 06:00:00+00:00,99562.39304848266
2026-05-02 06:15:00+00:00,99562.39304848266
2026-05-02 06:30:00+00:00,99562.39304848266
2026-05-02 06:45:00+00:00,99562.39304848266
2026-05-02 07:00:00+00:00,99562.39304848266
2026-05-02 07:15:00+00:00,99562.39304848266
2026-05-02 07:30:00+00:00,99562.39304848266
2026-05-02 07:45:00+00:00,99562.39304848266
2026-05-02 08:00:00+00:00,99562.39304848266
2026-05-02 08:15:00+00:00,99562.39304848266
2026-05-02 08:30:00+00:00,99562.39304848266
2026-05-02 08:45:00+00:00,99562.39304848266
2026-05-02 09:00:00+00:00,99562.39304848266
2026-05-02 09:15:00+00:00,99562.39304848266
2026-05-02 09:30:00+00:00,99562.39304848266
2026-05-02 09:45:00+00:00,99562.39304848266
2026-05-02 10:00:00+00:00,99562.39304848266
2026-05-02 10:15:00+00:00,99562.39304848266
2026-05-02 10:30:00+00:00,99562.39304848266
2026-05-02 10:45:00+00:00,99562.39304848266
2026-05-02 11:00:00+00:00,99562.39304848266
2026-05-02 11:15:00+00:00,99562.39304848266
2026-05-02 11:30:00+00:00,99562.39304848266
2026-05-02 11:45:00+00:00,99562.39304848266
2026-05-02 12:00:00+00:00,99562.39304848266
2026-05-02 12:15:00+00:00,99562.39304848266
2026-05-02 12:30:00+00:00,99562.39304848266
2026-05-02 12:45:00+00:00,99562.39304848266
2026-05-02 13:00:00+00:00,99562.39304848266
2026-05-02 13:15:00+00:00,99562.39304848266
2026-05-02 13:30:00+00:00,99562.39304848266
2026-05-02 13:45:00+00:00,99562.39304848266
2026-05-02 14:00:00+00:00,99562.39304848266
2026-05-02 14:15:00+00:00,99562.39304848266
2026-05-02 14:30:00+00:00,99562.39304848266
2026-05-02 14:45:00+00:00,99562.39304848266
2026-05-02 15:00:00+00:00,99562.39304848266
2026-05-02 15:15:00+00:00,99562.39304848266
2026-05-02 15:30:00+00:00,99562.39304848266
2026-05-02 15:45:00+00:00,99562.39304848266
2026-05-02 16:00:00+00:00,99562.39304848266
2026-05-02 16:15:00+00:00,99562.39304848266
2026-05-02 16:30:00+00:00,99562.39304848266
2026-05-02 16:45:00+00:00,99562.39304848266
2026-05-02 17:00:00+00:00,99562.39304848266
2026-05-02 17:15:00+00:00,99562.39304848266
2026-05-02 17:30:00+00:00,99562.39304848266
2026-05-02 17:45:00+00:00,99562.39304848266
2026-05-02 18:00:00+00:00,99562.39304848266
2026-05-02 18:15:00+00:00,99562.39304848266
2026-05-02 18:30:00+00:00,99562.39304848266
2026-05-02 18:45:00+00:00,99562.39304848266
2026-05-02 19:00:00+00:00,99562.39304848266
2026-05-02 19:15:00+00:00,99562.39304848266
2026-05-02 19:30:00+00:00,99562.39304848266
2026-05-02 19:45:00+00:00,99562.39304848266
2026-05-02 20:00:00+00:00,99562.39304848266
2026-05-02 20:15:00+00:00,99562.39304848266
2026-05-02 20:30:00+00:00,99562.39304848266
2026-05-02 20:45:00+00:00,99562.39304848266
2026-05-02 21:00:00+00:00,99562.39304848266
2026-05-02 21:15:00+00:00,99562.39304848266
2026-05-02 21:30:00+00:00,99562.39304848266
2026-05-02 21:45:00+00:00,99562.39304848266
2026-05-02 22:00:00+00:00,99562.39304848266
2026-05-02 22:15:00+00:00,99562.39304848266
2026-05-02 22:30:00+00:00,99562.39304848266
2026-05-02 22:45:00+00:00,99562.39304848266
2026-05-02 23:00:00+00:00,99562.39304848266
2026-05-02 23:15:00+00:00,99562.39304848266
2026-05-02 23:30:00+00:00,99562.39304848266
2026-05-02 23:45:00+00:00,99562.39304848266
2026-05-03 00:00:00+00:00,99562.39304848266
2026-05-03 00:15:00+00:00,99562.39304848266
2026-05-03 00:30:00+00:00,99562.39304848266
2026-05-03 00:45:00+00:00,99562.39304848266
2026-05-03 01:00:00+00:00,99562.39304848266
2026-05-03 01:15:00+00:00,99562.39304848266
2026-05-03 01:30:00+00:00,99562.39304848266
2026-05-03 01:45:00+00:00,99562.39304848266
2026-05-03 02:00:00+00:00,99562.39304848266
2026-05-03 02:15:00+00:00,99562.39304848266
2026-05-03 02:30:00+00:00,99562.39304848266
2026-05-03 02:45:00+00:00,99562.39304848266
2026-05-03 03:00:00+00:00,99562.39304848266
2026-05-03 03:15:00+00:00,99562.39304848266
2026-05-03 03:30:00+00:00,99562.39304848266
2026-05-03 03:45:00+00:00,99562.39304848266
2026-05-03 04:00:00+00:00,99562.39304848266
2026-05-03 04:15:00+00:00,99562.39304848266
2026-05-03 04:30:00+00:00,99562.39304848266
2026-05-03 04:45:00+00:00,99562.39304848266
2026-05-03 05:00:00+00:00,99562.39304848266
2026-05-03 05:15:00+00:00,99562.39304848266
2026-05-03 05:30:00+00:00,99562.39304848266
2026-05-03 05:45:00+00:00,99562.39304848266
2026-05-03 06:00:00+00:00,99562.39304848266
2026-05-03 06:15:00+00:00,99562.39304848266
2026-05-03 06:30:00+00:00,99562.39304848266
2026-05-03 06:45:00+00:00,99562.39304848266
2026-05-03 07:00:00+00:00,99562.39304848266
2026-05-03 07:15:00+00:00,99562.39304848266
2026-05-03 07:30:00+00:00,99562.39304848266
2026-05-03 07:45:00+00:00,99562.39304848266
2026-05-03 08:00:00+00:00,99562.39304848266
2026-05-03 08:15:00+00:00,99562.39304848266
2026-05-03 08:30:00+00:00,99562.39304848266
2026-05-03 08:45:00+00:00,99562.39304848266
2026-05-03 09:00:00+00:00,99562.39304848266
2026-05-03 09:15:00+00:00,99562.39304848266
2026-05-03 09:30:00+00:00,99562.39304848266
2026-05-03 09:45:00+00:00,99562.39304848266
2026-05-03 10:00:00+00:00,99562.39304848266
2026-05-03 10:15:00+00:00,99562.39304848266
2026-05-03 10:30:00+00:00,99562.39304848266
2026-05-03 10:45:00+00:00,99562.39304848266
2026-05-03 11:00:00+00:00,99562.39304848266
2026-05-03 11:15:00+00:00,99562.39304848266
2026-05-03 11:30:00+00:00,99562.39304848266
2026-05-03 11:45:00+00:00,99562.39304848266
2026-05-03 12:00:00+00:00,99562.39304848266
2026-05-03 12:15:00+00:00,99563.97593508427
2026-05-03 12:30:00+00:00,99563.60983724507
2026-05-03 12:45:00+00:00,99561.20706279432
2026-05-03 13:00:00+00:00,99561.20706279432
2026-05-03 13:15:00+00:00,99561.20706279432
2026-05-03 13:30:00+00:00,99561.20706279432
2026-05-03 13:45:00+00:00,99561.20706279432
2026-05-03 14:00:00+00:00,99561.20706279432
2026-05-03 14:15:00+00:00,99561.20706279432
2026-05-03 14:30:00+00:00,99561.20706279432
2026-05-03 14:45:00+00:00,99561.20706279432
2026-05-03 15:00:00+00:00,99561.20706279432
2026-05-03 15:15:00+00:00,99561.20706279432
2026-05-03 15:30:00+00:00,99561.20706279432
2026-05-03 15:45:00+00:00,99561.20706279432
2026-05-03 16:00:00+00:00,99561.20706279432
2026-05-03 16:15:00+00:00,99561.20706279432
2026-05-03 16:30:00+00:00,99561.20706279432
2026-05-03 16:45:00+00:00,99561.20706279432
2026-05-03 17:00:00+00:00,99561.20706279432
2026-05-03 17:15:00+00:00,99561.20706279432
2026-05-03 17:30:00+00:00,99561.20706279432
2026-05-03 17:45:00+00:00,99561.20706279432
2026-05-03 18:00:00+00:00,99561.20706279432
2026-05-03 18:15:00+00:00,99561.20706279432
2026-05-03 18:30:00+00:00,99561.20706279432
2026-05-03 18:45:00+00:00,99561.20706279432
2026-05-03 19:00:00+00:00,99561.20706279432
2026-05-03 19:15:00+00:00,99561.20706279432
2026-05-03 19:30:00+00:00,99561.20706279432
2026-05-03 19:45:00+00:00,99561.20706279432
2026-05-03 20:00:00+00:00,99561.20706279432
2026-05-03 20:15:00+00:00,99561.20706279432
2026-05-03 20:30:00+00:00,99561.20706279432
2026-05-03 20:45:00+00:00,99561.20706279432
2026-05-03 21:00:00+00:00,99561.20706279432
2026-05-03 21:15:00+00:00,99561.20706279432
2026-05-03 21:30:00+00:00,99561.20706279432
2026-05-03 21:45:00+00:00,99561.20706279432
2026-05-03 22:00:00+00:00,99561.20706279432
2026-05-03 22:15:00+00:00,99561.20706279432
2026-05-03 22:30:00+00:00,99561.20706279432
2026-05-03 22:45:00+00:00,99561.20706279432
2026-05-03 23:00:00+00:00,99561.20706279432
2026-05-03 23:15:00+00:00,99561.20706279432
2026-05-03 23:30:00+00:00,99561.20706279432
2026-05-03 23:45:00+00:00,99561.20706279432
2026-05-04 00:00:00+00:00,99561.20706279432
2026-05-04 00:15:00+00:00,99561.20706279432
2026-05-04 00:30:00+00:00,99561.20706279432
2026-05-04 00:45:00+00:00,99561.20706279432
2026-05-04 01:00:00+00:00,99561.20706279432
2026-05-04 01:15:00+00:00,99561.20706279432
2026-05-04 01:30:00+00:00,99561.20706279432
2026-05-04 01:45:00+00:00,99561.20706279432
2026-05-04 02:00:00+00:00,99561.20706279432
2026-05-04 02:15:00+00:00,99561.20706279432
2026-05-04 02:30:00+00:00,99561.20706279432
2026-05-04 02:45:00+00:00,99561.20706279432
2026-05-04 03:00:00+00:00,99561.20706279432
2026-05-04 03:15:00+00:00,99561.20706279432
2026-05-04 03:30:00+00:00,99561.20706279432
2026-05-04 03:45:00+00:00,99561.20706279432
2026-05-04 04:00:00+00:00,99561.20706279432
2026-05-04 04:15:00+00:00,99561.20706279432
2026-05-04 04:30:00+00:00,99561.20706279432
2026-05-04 04:45:00+00:00,99561.20706279432
2026-05-04 05:00:00+00:00,99561.20706279432
2026-05-04 05:15:00+00:00,99561.20706279432
2026-05-04 05:30:00+00:00,99561.20706279432
2026-05-04 05:45:00+00:00,99561.20706279432
2026-05-04 06:00:00+00:00,99561.20706279432
2026-05-04 06:15:00+00:00,99561.20706279432
2026-05-04 06:30:00+00:00,99561.20706279432
2026-05-04 06:45:00+00:00,99561.20706279432
2026-05-04 07:00:00+00:00,99561.20706279432
2026-05-04 07:15:00+00:00,99561.20706279432
2026-05-04 07:30:00+00:00,99561.20706279432
2026-05-04 07:45:00+00:00,99561.20706279432
2026-05-04 08:00:00+00:00,99561.20706279432
2026-05-04 08:15:00+00:00,99561.20706279432
2026-05-04 08:30:00+00:00,99561.20706279432
2026-05-04 08:45:00+00:00,99561.20706279432
2026-05-04 09:00:00+00:00,99561.20706279432
2026-05-04 09:15:00+00:00,99561.20706279432
2026-05-04 09:30:00+00:00,99561.20706279432
2026-05-04 09:45:00+00:00,99561.20706279432
2026-05-04 10:00:00+00:00,99561.20706279432
2026-05-04 10:15:00+00:00,99561.20706279432
2026-05-04 10:30:00+00:00,99561.20706279432
2026-05-04 10:45:00+00:00,99561.20706279432
2026-05-04 11:00:00+00:00,99561.20706279432
2026-05-04 11:15:00+00:00,99561.20706279432
2026-05-04 11:30:00+00:00,99561.20706279432
2026-05-04 11:45:00+00:00,99561.20706279432
2026-05-04 12:00:00+00:00,99561.20706279432
2026-05-04 12:15:00+00:00,99561.20706279432
2026-05-04 12:30:00+00:00,99561.20706279432
2026-05-04 12:45:00+00:00,99561.20706279432
2026-05-04 13:00:00+00:00,99561.20706279432
2026-05-04 13:15:00+00:00,99561.20706279432
2026-05-04 13:30:00+00:00,99561.20706279432
2026-05-04 13:45:00+00:00,99561.20706279432
2026-05-04 14:00:00+00:00,99561.20706279432
2026-05-04 14:15:00+00:00,99561.20706279432
2026-05-04 14:30:00+00:00,99561.20706279432
2026-05-04 14:45:00+00:00,99561.20706279432
2026-05-04 15:00:00+00:00,99561.20706279432
2026-05-04 15:15:00+00:00,99561.20706279432
2026-05-04 15:30:00+00:00,99561.20706279432
2026-05-04 15:45:00+00:00,99561.20706279432
2026-05-04 16:00:00+00:00,99561.20706279432
2026-05-04 16:15:00+00:00,99561.20706279432
2026-05-04 16:30:00+00:00,99561.20706279432
2026-05-04 16:45:00+00:00,99561.20706279432
2026-05-04 17:00:00+00:00,99561.20706279432
2026-05-04 17:15:00+00:00,99561.20706279432
2026-05-04 17:30:00+00:00,99561.20706279432
2026-05-04 17:45:00+00:00,99561.20706279432
2026-05-04 18:00:00+00:00,99561.20706279432
2026-05-04 18:15:00+00:00,99561.20706279432
2026-05-04 18:30:00+00:00,99561.20706279432
2026-05-04 18:45:00+00:00,99561.20706279432
2026-05-04 19:00:00+00:00,99561.20706279432
2026-05-04 19:15:00+00:00,99561.20706279432
2026-05-04 19:30:00+00:00,99561.20706279432
2026-05-04 19:45:00+00:00,99561.20706279432
2026-05-04 20:00:00+00:00,99561.20706279432
2026-05-04 20:15:00+00:00,99561.20706279432
2026-05-04 20:30:00+00:00,99561.20706279432
2026-05-04 20:45:00+00:00,99561.20706279432
2026-05-04 21:00:00+00:00,99561.20706279432
2026-05-04 21:15:00+00:00,99561.20706279432
2026-05-04 21:30:00+00:00,99561.20706279432
2026-05-04 21:45:00+00:00,99561.20706279432
2026-05-04 22:00:00+00:00,99561.20706279432
2026-05-04 22:15:00+00:00,99561.20706279432
2026-05-04 22:30:00+00:00,99561.20706279432
2026-05-04 22:45:00+00:00,99561.20706279432
2026-05-04 23:00:00+00:00,99561.20706279432
2026-05-04 23:15:00+00:00,99561.20706279432
2026-05-04 23:30:00+00:00,99561.20706279432
2026-05-04 23:45:00+00:00,99561.20706279432
2026-05-05 00:00:00+00:00,99561.20706279432
2026-05-05 00:15:00+00:00,99561.20706279432
2026-05-05 00:30:00+00:00,99561.20706279432
2026-05-05 00:45:00+00:00,99561.20706279432
2026-05-05 01:00:00+00:00,99561.20706279432
2026-05-05 01:15:00+00:00,99561.20706279432
2026-05-05 01:30:00+00:00,99561.20706279432
2026-05-05 01:45:00+00:00,99561.20706279432
2026-05-05 02:00:00+00:00,99561.20706279432
2026-05-05 02:15:00+00:00,99561.20706279432
2026-05-05 02:30:00+00:00,99561.20706279432
2026-05-05 02:45:00+00:00,99561.20706279432
2026-05-05 03:00:00+00:00,99561.20706279432
2026-05-05 03:15:00+00:00,99561.20706279432
2026-05-05 03:30:00+00:00,99561.20706279432
2026-05-05 03:45:00+00:00,99561.20706279432
2026-05-05 04:00:00+00:00,99561.20706279432
2026-05-05 04:15:00+00:00,99561.20706279432
2026-05-05 04:30:00+00:00,99561.20706279432
2026-05-05 04:45:00+00:00,99561.20706279432
2026-05-05 05:00:00+00:00,99561.20706279432
2026-05-05 05:15:00+00:00,99561.20706279432
2026-05-05 05:30:00+00:00,99561.20706279432
2026-05-05 05:45:00+00:00,99561.20706279432
2026-05-05 06:00:00+00:00,99561.20706279432
2026-05-05 06:15:00+00:00,99561.20706279432
2026-05-05 06:30:00+00:00,99561.20706279432
2026-05-05 06:45:00+00:00,99561.20706279432
2026-05-05 07:00:00+00:00,99561.20706279432
2026-05-05 07:15:00+00:00,99561.20706279432
2026-05-05 07:30:00+00:00,99561.20706279432
2026-05-05 07:45:00+00:00,99561.20706279432
2026-05-05 08:00:00+00:00,99561.20706279432
2026-05-05 08:15:00+00:00,99561.20706279432
2026-05-05 08:30:00+00:00,99561.20706279432
2026-05-05 08:45:00+00:00,99561.20706279432
2026-05-05 09:00:00+00:00,99561.20706279432
2026-05-05 09:15:00+00:00,99561.20706279432
2026-05-05 09:30:00+00:00,99561.20706279432
2026-05-05 09:45:00+00:00,99561.20706279432
2026-05-05 10:00:00+00:00,99561.20706279432
2026-05-05 10:15:00+00:00,99561.20706279432
2026-05-05 10:30:00+00:00,99561.20706279432
2026-05-05 10:45:00+00:00,99561.20706279432
2026-05-05 11:00:00+00:00,99561.20706279432
2026-05-05 11:15:00+00:00,99561.20706279432
2026-05-05 11:30:00+00:00,99561.20706279432
2026-05-05 11:45:00+00:00,99561.20706279432
2026-05-05 12:00:00+00:00,99561.20706279432
2026-05-05 12:15:00+00:00,99561.20706279432
2026-05-05 12:30:00+00:00,99561.20706279432
2026-05-05 12:45:00+00:00,99561.20706279432
2026-05-05 13:00:00+00:00,99561.20706279432
2026-05-05 13:15:00+00:00,99561.20706279432
2026-05-05 13:30:00+00:00,99561.20706279432
2026-05-05 13:45:00+00:00,99561.20706279432
2026-05-05 14:00:00+00:00,99561.20706279432
2026-05-05 14:15:00+00:00,99561.20706279432
2026-05-05 14:30:00+00:00,99561.20706279432
2026-05-05 14:45:00+00:00,99561.20706279432
2026-05-05 15:00:00+00:00,99561.20706279432
2026-05-05 15:15:00+00:00,99561.20706279432
2026-05-05 15:30:00+00:00,99561.20706279432
2026-05-05 15:45:00+00:00,99561.20706279432
2026-05-05 16:00:00+00:00,99561.20706279432
2026-05-05 16:15:00+00:00,99561.20706279432
2026-05-05 16:30:00+00:00,99561.20706279432
2026-05-05 16:45:00+00:00,99561.20706279432
2026-05-05 17:00:00+00:00,99561.20706279432
2026-05-05 17:15:00+00:00,99561.20706279432
2026-05-05 17:30:00+00:00,99561.20706279432
2026-05-05 17:45:00+00:00,99561.20706279432
2026-05-05 18:00:00+00:00,99561.20706279432
2026-05-05 18:15:00+00:00,99561.20706279432
2026-05-05 18:30:00+00:00,99561.20706279432
2026-05-05 18:45:00+00:00,99561.20706279432
2026-05-05 19:00:00+00:00,99561.20706279432
2026-05-05 19:15:00+00:00,99561.20706279432
2026-05-05 19:30:00+00:00,99561.20706279432
2026-05-05 19:45:00+00:00,99561.20706279432
2026-05-05 20:00:00+00:00,99561.20706279432
2026-05-05 20:15:00+00:00,99561.20706279432
2026-05-05 20:30:00+00:00,99561.20706279432
2026-05-05 20:45:00+00:00,99561.20706279432
2026-05-05 21:00:00+00:00,99561.20706279432
2026-05-05 21:15:00+00:00,99561.20706279432
2026-05-05 21:30:00+00:00,99561.20706279432
2026-05-05 21:45:00+00:00,99561.20706279432
2026-05-05 22:00:00+00:00,99561.20706279432
2026-05-05 22:15:00+00:00,99561.20706279432
2026-05-05 22:30:00+00:00,99561.20706279432
2026-05-05 22:45:00+00:00,99561.20706279432
2026-05-05 23:00:00+00:00,99561.20706279432
2026-05-05 23:15:00+00:00,99561.20706279432
2026-05-05 23:30:00+00:00,99561.20706279432
2026-05-05 23:45:00+00:00,99561.20706279432
2026-05-06 00:00:00+00:00,99561.20706279432
2026-05-06 00:15:00+00:00,99561.20706279432
2026-05-06 00:30:00+00:00,99561.20706279432
2026-05-06 00:45:00+00:00,99561.20706279432
2026-05-06 01:00:00+00:00,99561.20706279432
2026-05-06 01:15:00+00:00,99561.20706279432
2026-05-06 01:30:00+00:00,99561.20706279432
2026-05-06 01:45:00+00:00,99561.20706279432
2026-05-06 02:00:00+00:00,99561.20706279432
2026-05-06 02:15:00+00:00,99561.20706279432
2026-05-06 02:30:00+00:00,99561.20706279432
2026-05-06 02:45:00+00:00,99561.20706279432
2026-05-06 03:00:00+00:00,99561.20706279432
2026-05-06 03:15:00+00:00,99561.20706279432
2026-05-06 03:30:00+00:00,99561.20706279432
2026-05-06 03:45:00+00:00,99561.20706279432
2026-05-06 04:00:00+00:00,99561.20706279432
2026-05-06 04:15:00+00:00,99561.20706279432
2026-05-06 04:30:00+00:00,99561.20706279432
2026-05-06 04:45:00+00:00,99561.20706279432
2026-05-06 05:00:00+00:00,99561.20706279432
2026-05-06 05:15:00+00:00,99561.20706279432
2026-05-06 05:30:00+00:00,99561.20706279432
2026-05-06 05:45:00+00:00,99561.20706279432
2026-05-06 06:00:00+00:00,99561.20706279432
2026-05-06 06:15:00+00:00,99561.20706279432
2026-05-06 06:30:00+00:00,99561.20706279432
2026-05-06 06:45:00+00:00,99561.20706279432
2026-05-06 07:00:00+00:00,99561.20706279432
2026-05-06 07:15:00+00:00,99561.20706279432
2026-05-06 07:30:00+00:00,99561.20706279432
2026-05-06 07:45:00+00:00,99561.20706279432
2026-05-06 08:00:00+00:00,99561.20706279432
2026-05-06 08:15:00+00:00,99561.20706279432
2026-05-06 08:30:00+00:00,99561.20706279432
2026-05-06 08:45:00+00:00,99561.20706279432
2026-05-06 09:00:00+00:00,99561.20706279432
2026-05-06 09:15:00+00:00,99561.20706279432
2026-05-06 09:30:00+00:00,99561.20706279432
2026-05-06 09:45:00+00:00,99561.20706279432
2026-05-06 10:00:00+00:00,99561.20706279432
2026-05-06 10:15:00+00:00,99561.20706279432
2026-05-06 10:30:00+00:00,99561.20706279432
2026-05-06 10:45:00+00:00,99561.20706279432
2026-05-06 11:00:00+00:00,99561.20706279432
2026-05-06 11:15:00+00:00,99561.20706279432
2026-05-06 11:30:00+00:00,99561.20706279432
2026-05-06 11:45:00+00:00,99561.20706279432
2026-05-06 12:00:00+00:00,99561.20706279432
2026-05-06 12:15:00+00:00,99561.20706279432
2026-05-06 12:30:00+00:00,99561.20706279432
2026-05-06 12:45:00+00:00,99561.20706279432
2026-05-06 13:00:00+00:00,99561.20706279432
2026-05-06 13:15:00+00:00,99561.20706279432
2026-05-06 13:30:00+00:00,99561.20706279432
2026-05-06 13:45:00+00:00,99561.20706279432
2026-05-06 14:00:00+00:00,99561.20706279432
2026-05-06 14:15:00+00:00,99561.20706279432
2026-05-06 14:30:00+00:00,99561.20706279432
2026-05-06 14:45:00+00:00,99561.20706279432
2026-05-06 15:00:00+00:00,99561.20706279432
2026-05-06 15:15:00+00:00,99561.20706279432
2026-05-06 15:30:00+00:00,99561.20706279432
2026-05-06 15:45:00+00:00,99561.20706279432
2026-05-06 16:00:00+00:00,99561.20706279432
2026-05-06 16:15:00+00:00,99561.20706279432
2026-05-06 16:30:00+00:00,99561.20706279432
2026-05-06 16:45:00+00:00,99561.20706279432
2026-05-06 17:00:00+00:00,99561.20706279432
2026-05-06 17:15:00+00:00,99561.20706279432
2026-05-06 17:30:00+00:00,99561.20706279432
2026-05-06 17:45:00+00:00,99561.20706279432
2026-05-06 18:00:00+00:00,99561.20706279432
2026-05-06 18:15:00+00:00,99561.20706279432
2026-05-06 18:30:00+00:00,99561.20706279432
2026-05-06 18:45:00+00:00,99561.20706279432
2026-05-06 19:00:00+00:00,99561.20706279432
2026-05-06 19:15:00+00:00,99561.20706279432
2026-05-06 19:30:00+00:00,99561.20706279432
2026-05-06 19:45:00+00:00,99561.20706279432
2026-05-06 20:00:00+00:00,99561.20706279432
2026-05-06 20:15:00+00:00,99561.20706279432
2026-05-06 20:30:00+00:00,99561.20706279432
2026-05-06 20:45:00+00:00,99561.20706279432
2026-05-06 21:00:00+00:00,99561.20706279432
2026-05-06 21:15:00+00:00,99561.20706279432
2026-05-06 21:30:00+00:00,99561.20706279432
2026-05-06 21:45:00+00:00,99561.20706279432
2026-05-06 22:00:00+00:00,99561.20706279432
2026-05-06 22:15:00+00:00,99561.20706279432
2026-05-06 22:30:00+00:00,99561.20706279432
2026-05-06 22:45:00+00:00,99561.20706279432
2026-05-06 23:00:00+00:00,99561.20706279432
2026-05-06 23:15:00+00:00,99561.20706279432
2026-05-06 23:30:00+00:00,99561.20706279432
2026-05-06 23:45:00+00:00,99561.20706279432
2026-05-07 00:00:00+00:00,99561.20706279432
2026-05-07 00:15:00+00:00,99561.20706279432
2026-05-07 00:30:00+00:00,99561.20706279432
2026-05-07 00:45:00+00:00,99561.20706279432
2026-05-07 01:00:00+00:00,99561.20706279432
2026-05-07 01:15:00+00:00,99561.20706279432
2026-05-07 01:30:00+00:00,99561.20706279432
2026-05-07 01:45:00+00:00,99561.20706279432
2026-05-07 02:00:00+00:00,99561.20706279432
2026-05-07 02:15:00+00:00,99561.20706279432
2026-05-07 02:30:00+00:00,99561.20706279432
2026-05-07 02:45:00+00:00,99561.20706279432
2026-05-07 03:00:00+00:00,99561.20706279432
2026-05-07 03:15:00+00:00,99561.20706279432
2026-05-07 03:30:00+00:00,99561.20706279432
2026-05-07 03:45:00+00:00,99561.20706279432
2026-05-07 04:00:00+00:00,99561.20706279432
2026-05-07 04:15:00+00:00,99561.20706279432
2026-05-07 04:30:00+00:00,99561.20706279432
2026-05-07 04:45:00+00:00,99561.20706279432
2026-05-07 05:00:00+00:00,99561.20706279432
2026-05-07 05:15:00+00:00,99561.20706279432
2026-05-07 05:30:00+00:00,99561.20706279432
2026-05-07 05:45:00+00:00,99561.20706279432
2026-05-07 06:00:00+00:00,99561.20706279432
2026-05-07 06:15:00+00:00,99561.20706279432
2026-05-07 06:30:00+00:00,99561.20706279432
2026-05-07 06:45:00+00:00,99561.20706279432
2026-05-07 07:00:00+00:00,99561.20706279432
2026-05-07 07:15:00+00:00,99561.20706279432
2026-05-07 07:30:00+00:00,99561.20706279432
2026-05-07 07:45:00+00:00,99561.20706279432
2026-05-07 08:00:00+00:00,99561.20706279432
2026-05-07 08:15:00+00:00,99561.20706279432
2026-05-07 08:30:00+00:00,99561.20706279432
2026-05-07 08:45:00+00:00,99561.20706279432
2026-05-07 09:00:00+00:00,99561.20706279432
2026-05-07 09:15:00+00:00,99561.20706279432
2026-05-07 09:30:00+00:00,99561.20706279432
2026-05-07 09:45:00+00:00,99561.20706279432
2026-05-07 10:00:00+00:00,99561.20706279432
2026-05-07 10:15:00+00:00,99561.20706279432
2026-05-07 10:30:00+00:00,99561.20706279432
2026-05-07 10:45:00+00:00,99561.20706279432
2026-05-07 11:00:00+00:00,99561.20706279432
2026-05-07 11:15:00+00:00,99561.20706279432
2026-05-07 11:30:00+00:00,99561.20706279432
2026-05-07 11:45:00+00:00,99561.20706279432
2026-05-07 12:00:00+00:00,99561.20706279432
2026-05-07 12:15:00+00:00,99561.20706279432
2026-05-07 12:30:00+00:00,99561.20706279432
2026-05-07 12:45:00+00:00,99561.20706279432
2026-05-07 13:00:00+00:00,99561.20706279432
2026-05-07 13:15:00+00:00,99561.20706279432
2026-05-07 13:30:00+00:00,99561.20706279432
2026-05-07 13:45:00+00:00,99561.20706279432
2026-05-07 14:00:00+00:00,99561.20706279432
2026-05-07 14:15:00+00:00,99561.20706279432
2026-05-07 14:30:00+00:00,99561.20706279432
2026-05-07 14:45:00+00:00,99561.20706279432
2026-05-07 15:00:00+00:00,99561.20706279432
2026-05-07 15:15:00+00:00,99561.20706279432
2026-05-07 15:30:00+00:00,99561.20706279432
2026-05-07 15:45:00+00:00,99561.20706279432
2026-05-07 16:00:00+00:00,99561.20706279432
2026-05-07 16:15:00+00:00,99564.0093631945
2026-05-07 16:30:00+00:00,99562.20927397872
2026-05-07 16:45:00+00:00,99560.52817816829
2026-05-07 17:00:00+00:00,99562.22723418729
2026-05-07 17:15:00+00:00,99558.46915651995
2026-05-07 17:30:00+00:00,99562.01432059873
2026-05-07 17:45:00+00:00,99562.3397494202
2026-05-07 18:00:00+00:00,99562.3397494202
2026-05-07 18:15:00+00:00,99562.3397494202
2026-05-07 18:30:00+00:00,99562.3397494202
2026-05-07 18:45:00+00:00,99562.3397494202
2026-05-07 19:00:00+00:00,99562.3397494202
2026-05-07 19:15:00+00:00,99562.3397494202
2026-05-07 19:30:00+00:00,99562.3397494202
2026-05-07 19:45:00+00:00,99562.3397494202
2026-05-07 20:00:00+00:00,99562.3397494202
2026-05-07 20:15:00+00:00,99562.3397494202
2026-05-07 20:30:00+00:00,99562.3397494202
2026-05-07 20:45:00+00:00,99562.3397494202
2026-05-07 21:00:00+00:00,99562.3397494202
2026-05-07 21:15:00+00:00,99562.3397494202
2026-05-07 21:30:00+00:00,99562.3397494202
2026-05-07 21:45:00+00:00,99562.3397494202
2026-05-07 22:00:00+00:00,99562.3397494202
2026-05-07 22:15:00+00:00,99562.3397494202
2026-05-07 22:30:00+00:00,99562.3397494202
2026-05-07 22:45:00+00:00,99562.3397494202
2026-05-07 23:00:00+00:00,99562.3397494202
2026-05-07 23:15:00+00:00,99562.3397494202
2026-05-07 23:30:00+00:00,99562.3397494202
2026-05-07 23:45:00+00:00,99562.3397494202
2026-05-08 00:00:00+00:00,99562.3397494202
2026-05-08 00:15:00+00:00,99562.3397494202
2026-05-08 00:30:00+00:00,99562.3397494202
2026-05-08 00:45:00+00:00,99562.3397494202
2026-05-08 01:00:00+00:00,99562.3397494202
2026-05-08 01:15:00+00:00,99562.3397494202
2026-05-08 01:30:00+00:00,99562.3397494202
2026-05-08 01:45:00+00:00,99562.3397494202
2026-05-08 02:00:00+00:00,99562.3397494202
2026-05-08 02:15:00+00:00,99562.3397494202
2026-05-08 02:30:00+00:00,99562.3397494202
2026-05-08 02:45:00+00:00,99562.3397494202
2026-05-08 03:00:00+00:00,99562.3397494202
2026-05-08 03:15:00+00:00,99562.3397494202
2026-05-08 03:30:00+00:00,99562.3397494202
2026-05-08 03:45:00+00:00,99562.3397494202
2026-05-08 04:00:00+00:00,99562.3397494202
2026-05-08 04:15:00+00:00,99562.3397494202
2026-05-08 04:30:00+00:00,99562.3397494202
2026-05-08 04:45:00+00:00,99562.3397494202
2026-05-08 05:00:00+00:00,99562.3397494202
2026-05-08 05:15:00+00:00,99562.3397494202
2026-05-08 05:30:00+00:00,99562.3397494202
2026-05-08 05:45:00+00:00,99562.3397494202
2026-05-08 06:00:00+00:00,99562.3397494202
2026-05-08 06:15:00+00:00,99562.3397494202
2026-05-08 06:30:00+00:00,99562.3397494202
2026-05-08 06:45:00+00:00,99562.3397494202
2026-05-08 07:00:00+00:00,99562.3397494202
2026-05-08 07:15:00+00:00,99562.3397494202
2026-05-08 07:30:00+00:00,99562.3397494202
2026-05-08 07:45:00+00:00,99562.3397494202
2026-05-08 08:00:00+00:00,99562.3397494202
2026-05-08 08:15:00+00:00,99562.3397494202
2026-05-08 08:30:00+00:00,99562.3397494202
2026-05-08 08:45:00+00:00,99562.3397494202
2026-05-08 09:00:00+00:00,99562.3397494202
2026-05-08 09:15:00+00:00,99562.3397494202
2026-05-08 09:30:00+00:00,99562.3397494202
2026-05-08 09:45:00+00:00,99562.3397494202
2026-05-08 10:00:00+00:00,99562.3397494202
2026-05-08 10:15:00+00:00,99562.3397494202
2026-05-08 10:30:00+00:00,99562.3397494202
2026-05-08 10:45:00+00:00,99562.3397494202
2026-05-08 11:00:00+00:00,99562.3397494202
2026-05-08 11:15:00+00:00,99562.3397494202
2026-05-08 11:30:00+00:00,99562.3397494202
2026-05-08 11:45:00+00:00,99562.3397494202
2026-05-08 12:00:00+00:00,99562.3397494202
2026-05-08 12:15:00+00:00,99561.40221262001
2026-05-08 12:30:00+00:00,99563.13292020859
2026-05-08 12:45:00+00:00,99563.15852173179
2026-05-08 13:00:00+00:00,99563.15852173179
2026-05-08 13:15:00+00:00,99563.15852173179
2026-05-08 13:30:00+00:00,99563.15852173179
2026-05-08 13:45:00+00:00,99563.15852173179
2026-05-08 14:00:00+00:00,99563.15852173179
2026-05-08 14:15:00+00:00,99563.15852173179
2026-05-08 14:30:00+00:00,99563.15852173179
2026-05-08 14:45:00+00:00,99563.15852173179
2026-05-08 15:00:00+00:00,99563.15852173179
2026-05-08 15:15:00+00:00,99563.15852173179
2026-05-08 15:30:00+00:00,99563.15852173179
2026-05-08 15:45:00+00:00,99563.15852173179
2026-05-08 16:00:00+00:00,99563.15852173179
2026-05-08 16:15:00+00:00,99563.15852173179
2026-05-08 16:30:00+00:00,99563.15852173179
2026-05-08 16:45:00+00:00,99563.15852173179
2026-05-08 17:00:00+00:00,99563.15852173179
2026-05-08 17:15:00+00:00,99563.15852173179
2026-05-08 17:30:00+00:00,99563.15852173179
2026-05-08 17:45:00+00:00,99563.15852173179
2026-05-08 18:00:00+00:00,99563.15852173179
2026-05-08 18:15:00+00:00,99563.15852173179
2026-05-08 18:30:00+00:00,99563.15852173179
2026-05-08 18:45:00+00:00,99563.15852173179
2026-05-08 19:00:00+00:00,99563.15852173179
2026-05-08 19:15:00+00:00,99563.15852173179
2026-05-08 19:30:00+00:00,99563.15852173179
2026-05-08 19:45:00+00:00,99563.15852173179
2026-05-08 20:00:00+00:00,99563.15852173179
2026-05-08 20:15:00+00:00,99563.15852173179
2026-05-08 20:30:00+00:00,99563.15852173179
2026-05-08 20:45:00+00:00,99563.15852173179
2026-05-08 21:00:00+00:00,99563.15852173179
2026-05-08 21:15:00+00:00,99563.15852173179
2026-05-08 21:30:00+00:00,99563.15852173179
2026-05-08 21:45:00+00:00,99563.15852173179
2026-05-08 22:00:00+00:00,99563.15852173179
2026-05-08 22:15:00+00:00,99563.15852173179
2026-05-08 22:30:00+00:00,99563.15852173179
2026-05-08 22:45:00+00:00,99563.15852173179
2026-05-08 23:00:00+00:00,99563.15852173179
2026-05-08 23:15:00+00:00,99563.15852173179
2026-05-08 23:30:00+00:00,99563.15852173179
2026-05-08 23:45:00+00:00,99563.15852173179
2026-05-09 00:00:00+00:00,99563.15852173179
2026-05-09 00:15:00+00:00,99563.15852173179
2026-05-09 00:30:00+00:00,99563.15852173179
2026-05-09 00:45:00+00:00,99563.15852173179
2026-05-09 01:00:00+00:00,99563.15852173179
2026-05-09 01:15:00+00:00,99563.15852173179
2026-05-09 01:30:00+00:00,99563.15852173179
2026-05-09 01:45:00+00:00,99563.15852173179
2026-05-09 02:00:00+00:00,99563.15852173179
2026-05-09 02:15:00+00:00,99563.15852173179
2026-05-09 02:30:00+00:00,99563.15852173179
2026-05-09 02:45:00+00:00,99563.15852173179
2026-05-09 03:00:00+00:00,99563.15852173179
2026-05-09 03:15:00+00:00,99563.15852173179
2026-05-09 03:30:00+00:00,99563.15852173179
2026-05-09 03:45:00+00:00,99563.15852173179
2026-05-09 04:00:00+00:00,99563.15852173179
2026-05-09 04:15:00+00:00,99563.15852173179
2026-05-09 04:30:00+00:00,99563.15852173179
2026-05-09 04:45:00+00:00,99563.15852173179
2026-05-09 05:00:00+00:00,99563.15852173179
2026-05-09 05:15:00+00:00,99563.15852173179
2026-05-09 05:30:00+00:00,99563.15852173179
2026-05-09 05:45:00+00:00,99563.15852173179
2026-05-09 06:00:00+00:00,99563.15852173179
2026-05-09 06:15:00+00:00,99563.15852173179
2026-05-09 06:30:00+00:00,99563.15852173179
2026-05-09 06:45:00+00:00,99563.15852173179
2026-05-09 07:00:00+00:00,99563.15852173179
2026-05-09 07:15:00+00:00,99563.15852173179
2026-05-09 07:30:00+00:00,99563.15852173179
2026-05-09 07:45:00+00:00,99563.15852173179
2026-05-09 08:00:00+00:00,99563.15852173179
2026-05-09 08:15:00+00:00,99563.15852173179
2026-05-09 08:30:00+00:00,99563.15852173179
2026-05-09 08:45:00+00:00,99563.15852173179
2026-05-09 09:00:00+00:00,99563.15852173179
2026-05-09 09:15:00+00:00,99563.15852173179
2026-05-09 09:30:00+00:00,99563.15852173179
2026-05-09 09:45:00+00:00,99563.15852173179
2026-05-09 10:00:00+00:00,99563.15852173179
2026-05-09 10:15:00+00:00,99563.15852173179
2026-05-09 10:30:00+00:00,99563.15852173179
2026-05-09 10:45:00+00:00,99563.15852173179
2026-05-09 11:00:00+00:00,99563.15852173179
2026-05-09 11:15:00+00:00,99563.15852173179
2026-05-09 11:30:00+00:00,99563.15852173179
2026-05-09 11:45:00+00:00,99563.15852173179
2026-05-09 12:00:00+00:00,99563.15852173179
2026-05-09 12:15:00+00:00,99563.15852173179
2026-05-09 12:30:00+00:00,99563.15852173179
2026-05-09 12:45:00+00:00,99563.15852173179
2026-05-09 13:00:00+00:00,99563.15852173179
2026-05-09 13:15:00+00:00,99563.15852173179
2026-05-09 13:30:00+00:00,99563.15852173179
2026-05-09 13:45:00+00:00,99563.15852173179
2026-05-09 14:00:00+00:00,99563.15852173179
2026-05-09 14:15:00+00:00,99563.15852173179
2026-05-09 14:30:00+00:00,99563.15852173179
2026-05-09 14:45:00+00:00,99563.15852173179
2026-05-09 15:00:00+00:00,99563.15852173179
2026-05-09 15:15:00+00:00,99563.15852173179
2026-05-09 15:30:00+00:00,99563.15852173179
2026-05-09 15:45:00+00:00,99563.15852173179
2026-05-09 16:00:00+00:00,99563.15852173179
2026-05-09 16:15:00+00:00,99561.71470817861
2026-05-09 16:30:00+00:00,99562.03485020807
2026-05-09 16:45:00+00:00,99562.2859821154
2026-05-09 17:00:00+00:00,99554.77758950237
2026-05-09 17:15:00+00:00,99554.77758950237
2026-05-09 17:30:00+00:00,99554.77758950237
2026-05-09 17:45:00+00:00,99554.77758950237
2026-05-09 18:00:00+00:00,99554.77758950237
2026-05-09 18:15:00+00:00,99554.77758950237
2026-05-09 18:30:00+00:00,99554.77758950237
2026-05-09 18:45:00+00:00,99554.77758950237
2026-05-09 19:00:00+00:00,99554.77758950237
2026-05-09 19:15:00+00:00,99554.77758950237
2026-05-09 19:30:00+00:00,99554.77758950237
2026-05-09 19:45:00+00:00,99554.77758950237
2026-05-09 20:00:00+00:00,99554.77758950237
2026-05-09 20:15:00+00:00,99554.77758950237
2026-05-09 20:30:00+00:00,99554.77758950237
2026-05-09 20:45:00+00:00,99554.77758950237
2026-05-09 21:00:00+00:00,99554.77758950237
2026-05-09 21:15:00+00:00,99554.77758950237
2026-05-09 21:30:00+00:00,99554.77758950237
2026-05-09 21:45:00+00:00,99554.77758950237
2026-05-09 22:00:00+00:00,99554.77758950237
2026-05-09 22:15:00+00:00,99554.77758950237
2026-05-09 22:30:00+00:00,99554.77758950237
2026-05-09 22:45:00+00:00,99554.77758950237
2026-05-09 23:00:00+00:00,99554.77758950237
2026-05-09 23:15:00+00:00,99554.77758950237
2026-05-09 23:30:00+00:00,99554.77758950237
2026-05-09 23:45:00+00:00,99554.77758950237
2026-05-10 00:00:00+00:00,99554.77758950237
2026-05-10 00:15:00+00:00,99554.77758950237
2026-05-10 00:30:00+00:00,99554.77758950237
2026-05-10 00:45:00+00:00,99554.77758950237
2026-05-10 01:00:00+00:00,99554.77758950237
2026-05-10 01:15:00+00:00,99554.77758950237
2026-05-10 01:30:00+00:00,99554.77758950237
2026-05-10 01:45:00+00:00,99554.77758950237
2026-05-10 02:00:00+00:00,99554.77758950237
2026-05-10 02:15:00+00:00,99554.77758950237
2026-05-10 02:30:00+00:00,99554.77758950237
2026-05-10 02:45:00+00:00,99554.77758950237
2026-05-10 03:00:00+00:00,99554.77758950237
2026-05-10 03:15:00+00:00,99554.77758950237
2026-05-10 03:30:00+00:00,99554.77758950237
2026-05-10 03:45:00+00:00,99554.77758950237
2026-05-10 04:00:00+00:00,99554.77758950237
2026-05-10 04:15:00+00:00,99554.77758950237
2026-05-10 04:30:00+00:00,99554.77758950237
2026-05-10 04:45:00+00:00,99554.77758950237
2026-05-10 05:00:00+00:00,99554.77758950237
2026-05-10 05:15:00+00:00,99554.77758950237
2026-05-10 05:30:00+00:00,99554.77758950237
2026-05-10 05:45:00+00:00,99554.77758950237
2026-05-10 06:00:00+00:00,99554.77758950237
2026-05-10 06:15:00+00:00,99554.77758950237
2026-05-10 06:30:00+00:00,99554.77758950237
2026-05-10 06:45:00+00:00,99554.77758950237
2026-05-10 07:00:00+00:00,99554.77758950237
2026-05-10 07:15:00+00:00,99554.77758950237
2026-05-10 07:30:00+00:00,99554.77758950237
2026-05-10 07:45:00+00:00,99554.77758950237
2026-05-10 08:00:00+00:00,99554.77758950237
2026-05-10 08:15:00+00:00,99554.77758950237
2026-05-10 08:30:00+00:00,99554.77758950237
2026-05-10 08:45:00+00:00,99554.77758950237
2026-05-10 09:00:00+00:00,99554.77758950237
2026-05-10 09:15:00+00:00,99554.77758950237
2026-05-10 09:30:00+00:00,99554.77758950237
2026-05-10 09:45:00+00:00,99554.77758950237
2026-05-10 10:00:00+00:00,99554.77758950237
2026-05-10 10:15:00+00:00,99554.77758950237
2026-05-10 10:30:00+00:00,99554.77758950237
2026-05-10 10:45:00+00:00,99554.77758950237
2026-05-10 11:00:00+00:00,99554.77758950237
2026-05-10 11:15:00+00:00,99554.77758950237
2026-05-10 11:30:00+00:00,99554.77758950237
2026-05-10 11:45:00+00:00,99554.77758950237
2026-05-10 12:00:00+00:00,99554.77758950237
2026-05-10 12:15:00+00:00,99554.77758950237
2026-05-10 12:30:00+00:00,99554.77758950237
2026-05-10 12:45:00+00:00,99554.77758950237
2026-05-10 13:00:00+00:00,99554.77758950237
2026-05-10 13:15:00+00:00,99554.77758950237
2026-05-10 13:30:00+00:00,99554.77758950237
2026-05-10 13:45:00+00:00,99554.77758950237
2026-05-10 14:00:00+00:00,99554.77758950237
2026-05-10 14:15:00+00:00,99554.77758950237
2026-05-10 14:30:00+00:00,99554.77758950237
2026-05-10 14:45:00+00:00,99554.77758950237
2026-05-10 15:00:00+00:00,99554.77758950237
2026-05-10 15:15:00+00:00,99554.77758950237
2026-05-10 15:30:00+00:00,99554.77758950237
2026-05-10 15:45:00+00:00,99554.77758950237
2026-05-10 16:00:00+00:00,99554.77758950237
2026-05-10 16:15:00+00:00,99554.77758950237
2026-05-10 16:30:00+00:00,99554.77758950237
2026-05-10 16:45:00+00:00,99554.77758950237
2026-05-10 17:00:00+00:00,99554.77758950237
2026-05-10 17:15:00+00:00,99554.77758950237
2026-05-10 17:30:00+00:00,99554.77758950237
2026-05-10 17:45:00+00:00,99554.77758950237
2026-05-10 18:00:00+00:00,99554.77758950237
2026-05-10 18:15:00+00:00,99554.77758950237
2026-05-10 18:30:00+00:00,99554.77758950237
2026-05-10 18:45:00+00:00,99554.77758950237
2026-05-10 19:00:00+00:00,99554.77758950237
2026-05-10 19:15:00+00:00,99554.77758950237
2026-05-10 19:30:00+00:00,99554.77758950237
2026-05-10 19:45:00+00:00,99554.77758950237
2026-05-10 20:00:00+00:00,99554.77758950237
2026-05-10 20:15:00+00:00,99554.77758950237
2026-05-10 20:30:00+00:00,99554.77758950237
2026-05-10 20:45:00+00:00,99554.77758950237
2026-05-10 21:00:00+00:00,99554.77758950237
2026-05-10 21:15:00+00:00,99554.77758950237
2026-05-10 21:30:00+00:00,99554.77758950237
2026-05-10 21:45:00+00:00,99554.77758950237
2026-05-10 22:00:00+00:00,99554.77758950237
2026-05-10 22:15:00+00:00,99554.77758950237
2026-05-10 22:30:00+00:00,99554.77758950237
2026-05-10 22:45:00+00:00,99554.77758950237
2026-05-10 23:00:00+00:00,99554.77758950237
2026-05-10 23:15:00+00:00,99554.77758950237
2026-05-10 23:30:00+00:00,99554.77758950237
2026-05-10 23:45:00+00:00,99554.77758950237
2026-05-11 00:00:00+00:00,99554.77758950237
2026-05-11 00:15:00+00:00,99554.77758950237
2026-05-11 00:30:00+00:00,99554.77758950237
2026-05-11 00:45:00+00:00,99554.77758950237
2026-05-11 01:00:00+00:00,99554.77758950237
2026-05-11 01:15:00+00:00,99554.77758950237
2026-05-11 01:30:00+00:00,99554.77758950237
2026-05-11 01:45:00+00:00,99554.77758950237
2026-05-11 02:00:00+00:00,99554.77758950237
2026-05-11 02:15:00+00:00,99554.77758950237
2026-05-11 02:30:00+00:00,99554.77758950237
2026-05-11 02:45:00+00:00,99554.77758950237
2026-05-11 03:00:00+00:00,99554.77758950237
2026-05-11 03:15:00+00:00,99554.77758950237
2026-05-11 03:30:00+00:00,99554.77758950237
2026-05-11 03:45:00+00:00,99554.77758950237
2026-05-11 04:00:00+00:00,99554.77758950237
2026-05-11 04:15:00+00:00,99554.77758950237
2026-05-11 04:30:00+00:00,99554.77758950237
2026-05-11 04:45:00+00:00,99554.77758950237
2026-05-11 05:00:00+00:00,99554.77758950237
2026-05-11 05:15:00+00:00,99554.77758950237
2026-05-11 05:30:00+00:00,99554.77758950237
2026-05-11 05:45:00+00:00,99554.77758950237
2026-05-11 06:00:00+00:00,99554.77758950237
2026-05-11 06:15:00+00:00,99554.77758950237
2026-05-11 06:30:00+00:00,99554.77758950237
2026-05-11 06:45:00+00:00,99554.77758950237
2026-05-11 07:00:00+00:00,99554.77758950237
2026-05-11 07:15:00+00:00,99554.77758950237
2026-05-11 07:30:00+00:00,99554.77758950237
2026-05-11 07:45:00+00:00,99554.77758950237
2026-05-11 08:00:00+00:00,99554.77758950237
2026-05-11 08:15:00+00:00,99554.77758950237
2026-05-11 08:30:00+00:00,99554.77758950237
2026-05-11 08:45:00+00:00,99554.77758950237
2026-05-11 09:00:00+00:00,99554.77758950237
2026-05-11 09:15:00+00:00,99554.77758950237
2026-05-11 09:30:00+00:00,99554.77758950237
2026-05-11 09:45:00+00:00,99554.77758950237
2026-05-11 10:00:00+00:00,99554.77758950237
2026-05-11 10:15:00+00:00,99554.77758950237
2026-05-11 10:30:00+00:00,99554.77758950237
2026-05-11 10:45:00+00:00,99554.77758950237
2026-05-11 11:00:00+00:00,99554.77758950237
2026-05-11 11:15:00+00:00,99554.77758950237
2026-05-11 11:30:00+00:00,99554.77758950237
2026-05-11 11:45:00+00:00,99554.77758950237
2026-05-11 12:00:00+00:00,99554.77758950237
2026-05-11 12:15:00+00:00,99554.77758950237
2026-05-11 12:30:00+00:00,99554.77758950237
2026-05-11 12:45:00+00:00,99554.77758950237
2026-05-11 13:00:00+00:00,99554.77758950237
2026-05-11 13:15:00+00:00,99554.77758950237
2026-05-11 13:30:00+00:00,99554.77758950237
2026-05-11 13:45:00+00:00,99554.77758950237
2026-05-11 14:00:00+00:00,99554.77758950237
2026-05-11 14:15:00+00:00,99554.77758950237
2026-05-11 14:30:00+00:00,99554.77758950237
2026-05-11 14:45:00+00:00,99554.77758950237
2026-05-11 15:00:00+00:00,99554.77758950237
2026-05-11 15:15:00+00:00,99554.77758950237
2026-05-11 15:30:00+00:00,99554.77758950237
2026-05-11 15:45:00+00:00,99554.77758950237
2026-05-11 16:00:00+00:00,99554.77758950237
2026-05-11 16:15:00+00:00,99554.77758950237
2026-05-11 16:30:00+00:00,99554.77758950237
2026-05-11 16:45:00+00:00,99554.77758950237
2026-05-11 17:00:00+00:00,99554.77758950237
2026-05-11 17:15:00+00:00,99554.77758950237
2026-05-11 17:30:00+00:00,99554.77758950237
2026-05-11 17:45:00+00:00,99554.77758950237
2026-05-11 18:00:00+00:00,99554.77758950237
2026-05-11 18:15:00+00:00,99554.77758950237
2026-05-11 18:30:00+00:00,99554.77758950237
2026-05-11 18:45:00+00:00,99554.77758950237
2026-05-11 19:00:00+00:00,99554.77758950237
2026-05-11 19:15:00+00:00,99554.77758950237
2026-05-11 19:30:00+00:00,99554.77758950237
2026-05-11 19:45:00+00:00,99554.77758950237
2026-05-11 20:00:00+00:00,99554.77758950237
2026-05-11 20:15:00+00:00,99554.77758950237
2026-05-11 20:30:00+00:00,99554.77758950237
2026-05-11 20:45:00+00:00,99554.77758950237
2026-05-11 21:00:00+00:00,99554.77758950237
2026-05-11 21:15:00+00:00,99554.77758950237
2026-05-11 21:30:00+00:00,99554.77758950237
2026-05-11 21:45:00+00:00,99554.77758950237
2026-05-11 22:00:00+00:00,99554.77758950237
2026-05-11 22:15:00+00:00,99554.77758950237
2026-05-11 22:30:00+00:00,99554.77758950237
2026-05-11 22:45:00+00:00,99554.77758950237
2026-05-11 23:00:00+00:00,99554.77758950237
2026-05-11 23:15:00+00:00,99554.77758950237
2026-05-11 23:30:00+00:00,99554.77758950237
2026-05-11 23:45:00+00:00,99554.77758950237
2026-05-12 00:00:00+00:00,99554.77758950237
2026-05-12 00:15:00+00:00,99554.77758950237
2026-05-12 00:30:00+00:00,99554.77758950237
2026-05-12 00:45:00+00:00,99554.77758950237
2026-05-12 01:00:00+00:00,99554.77758950237
2026-05-12 01:15:00+00:00,99554.77758950237
2026-05-12 01:30:00+00:00,99554.77758950237
2026-05-12 01:45:00+00:00,99554.77758950237
2026-05-12 02:00:00+00:00,99554.77758950237
2026-05-12 02:15:00+00:00,99554.77758950237
2026-05-12 02:30:00+00:00,99554.77758950237
2026-05-12 02:45:00+00:00,99554.77758950237
2026-05-12 03:00:00+00:00,99554.77758950237
2026-05-12 03:15:00+00:00,99554.77758950237
2026-05-12 03:30:00+00:00,99554.77758950237
2026-05-12 03:45:00+00:00,99554.77758950237
2026-05-12 04:00:00+00:00,99554.77758950237
2026-05-12 04:15:00+00:00,99554.77758950237
2026-05-12 04:30:00+00:00,99554.77758950237
2026-05-12 04:45:00+00:00,99554.77758950237
2026-05-12 05:00:00+00:00,99554.77758950237
2026-05-12 05:15:00+00:00,99554.77758950237
2026-05-12 05:30:00+00:00,99554.77758950237
2026-05-12 05:45:00+00:00,99554.77758950237
2026-05-12 06:00:00+00:00,99554.77758950237
2026-05-12 06:15:00+00:00,99554.77758950237
2026-05-12 06:30:00+00:00,99554.77758950237
2026-05-12 06:45:00+00:00,99554.77758950237
2026-05-12 07:00:00+00:00,99554.77758950237
2026-05-12 07:15:00+00:00,99554.77758950237
2026-05-12 07:30:00+00:00,99554.77758950237
2026-05-12 07:45:00+00:00,99554.77758950237
2026-05-12 08:00:00+00:00,99554.77758950237
2026-05-12 08:15:00+00:00,99554.77758950237
2026-05-12 08:30:00+00:00,99554.77758950237
2026-05-12 08:45:00+00:00,99554.77758950237
2026-05-12 09:00:00+00:00,99554.77758950237
2026-05-12 09:15:00+00:00,99554.77758950237
2026-05-12 09:30:00+00:00,99554.77758950237
2026-05-12 09:45:00+00:00,99554.77758950237
2026-05-12 10:00:00+00:00,99554.77758950237
2026-05-12 10:15:00+00:00,99554.77758950237
2026-05-12 10:30:00+00:00,99554.77758950237
2026-05-12 10:45:00+00:00,99554.77758950237
2026-05-12 11:00:00+00:00,99554.77758950237
2026-05-12 11:15:00+00:00,99554.77758950237
2026-05-12 11:30:00+00:00,99554.77758950237
2026-05-12 11:45:00+00:00,99554.77758950237
2026-05-12 12:00:00+00:00,99554.77758950237
2026-05-12 12:15:00+00:00,99554.5581144887
2026-05-12 12:30:00+00:00,99550.59082090177
2026-05-12 12:45:00+00:00,99550.59082090177
2026-05-12 13:00:00+00:00,99550.59082090177
2026-05-12 13:15:00+00:00,99550.59082090177
2026-05-12 13:30:00+00:00,99550.59082090177
2026-05-12 13:45:00+00:00,99550.59082090177
2026-05-12 14:00:00+00:00,99550.59082090177
2026-05-12 14:15:00+00:00,99550.59082090177
2026-05-12 14:30:00+00:00,99550.59082090177
2026-05-12 14:45:00+00:00,99550.59082090177
2026-05-12 15:00:00+00:00,99550.59082090177
2026-05-12 15:15:00+00:00,99550.59082090177
2026-05-12 15:30:00+00:00,99550.59082090177
2026-05-12 15:45:00+00:00,99550.59082090177
2026-05-12 16:00:00+00:00,99550.59082090177
2026-05-12 16:15:00+00:00,99550.59082090177
2026-05-12 16:30:00+00:00,99550.59082090177
2026-05-12 16:45:00+00:00,99550.59082090177
2026-05-12 17:00:00+00:00,99550.59082090177
2026-05-12 17:15:00+00:00,99550.59082090177
2026-05-12 17:30:00+00:00,99550.59082090177
2026-05-12 17:45:00+00:00,99550.59082090177
2026-05-12 18:00:00+00:00,99550.59082090177
2026-05-12 18:15:00+00:00,99550.59082090177
2026-05-12 18:30:00+00:00,99550.59082090177
2026-05-12 18:45:00+00:00,99550.59082090177
2026-05-12 19:00:00+00:00,99550.59082090177
2026-05-12 19:15:00+00:00,99550.59082090177
2026-05-12 19:30:00+00:00,99550.59082090177
2026-05-12 19:45:00+00:00,99550.59082090177
2026-05-12 20:00:00+00:00,99550.59082090177
2026-05-12 20:15:00+00:00,99550.59082090177
2026-05-12 20:30:00+00:00,99550.59082090177
2026-05-12 20:45:00+00:00,99550.59082090177
2026-05-12 21:00:00+00:00,99550.59082090177
2026-05-12 21:15:00+00:00,99550.59082090177
2026-05-12 21:30:00+00:00,99550.59082090177
2026-05-12 21:45:00+00:00,99550.59082090177
2026-05-12 22:00:00+00:00,99550.59082090177
2026-05-12 22:15:00+00:00,99550.59082090177
2026-05-12 22:30:00+00:00,99550.59082090177
2026-05-12 22:45:00+00:00,99550.59082090177
2026-05-12 23:00:00+00:00,99550.59082090177
2026-05-12 23:15:00+00:00,99550.59082090177
2026-05-12 23:30:00+00:00,99550.59082090177
2026-05-12 23:45:00+00:00,99550.59082090177
2026-05-13 00:00:00+00:00,99550.59082090177
2026-05-13 00:15:00+00:00,99550.59082090177
2026-05-13 00:30:00+00:00,99550.59082090177
2026-05-13 00:45:00+00:00,99550.59082090177
2026-05-13 01:00:00+00:00,99550.59082090177
2026-05-13 01:15:00+00:00,99550.59082090177
2026-05-13 01:30:00+00:00,99550.59082090177
2026-05-13 01:45:00+00:00,99550.59082090177
2026-05-13 02:00:00+00:00,99550.59082090177
2026-05-13 02:15:00+00:00,99550.59082090177
2026-05-13 02:30:00+00:00,99550.59082090177
2026-05-13 02:45:00+00:00,99550.59082090177
2026-05-13 03:00:00+00:00,99550.59082090177
2026-05-13 03:15:00+00:00,99550.59082090177
2026-05-13 03:30:00+00:00,99550.59082090177
2026-05-13 03:45:00+00:00,99550.59082090177
2026-05-13 04:00:00+00:00,99550.59082090177
2026-05-13 04:15:00+00:00,99550.59082090177
2026-05-13 04:30:00+00:00,99550.59082090177
2026-05-13 04:45:00+00:00,99550.59082090177
2026-05-13 05:00:00+00:00,99550.59082090177
2026-05-13 05:15:00+00:00,99550.59082090177
2026-05-13 05:30:00+00:00,99550.59082090177
2026-05-13 05:45:00+00:00,99550.59082090177
2026-05-13 06:00:00+00:00,99550.59082090177
2026-05-13 06:15:00+00:00,99550.59082090177
2026-05-13 06:30:00+00:00,99550.59082090177
2026-05-13 06:45:00+00:00,99550.59082090177
2026-05-13 07:00:00+00:00,99550.59082090177
2026-05-13 07:15:00+00:00,99550.59082090177
2026-05-13 07:30:00+00:00,99550.59082090177
2026-05-13 07:45:00+00:00,99550.59082090177
2026-05-13 08:00:00+00:00,99550.59082090177
2026-05-13 08:15:00+00:00,99550.59082090177
2026-05-13 08:30:00+00:00,99550.59082090177
2026-05-13 08:45:00+00:00,99550.59082090177
2026-05-13 09:00:00+00:00,99550.59082090177
2026-05-13 09:15:00+00:00,99550.59082090177
2026-05-13 09:30:00+00:00,99550.59082090177
2026-05-13 09:45:00+00:00,99550.59082090177
2026-05-13 10:00:00+00:00,99550.59082090177
2026-05-13 10:15:00+00:00,99550.59082090177
2026-05-13 10:30:00+00:00,99550.59082090177
2026-05-13 10:45:00+00:00,99550.59082090177
2026-05-13 11:00:00+00:00,99550.59082090177
2026-05-13 11:15:00+00:00,99550.59082090177
2026-05-13 11:30:00+00:00,99550.59082090177
2026-05-13 11:45:00+00:00,99550.59082090177
2026-05-13 12:00:00+00:00,99550.59082090177
2026-05-13 12:15:00+00:00,99550.59082090177
2026-05-13 12:30:00+00:00,99547.13817605092
2026-05-13 12:45:00+00:00,99547.86928629024
2026-05-13 13:00:00+00:00,99549.6979495338
2026-05-13 13:15:00+00:00,99546.88517871303
2026-05-13 13:30:00+00:00,99533.12644341419
2026-05-13 13:45:00+00:00,99533.12644341419
2026-05-13 14:00:00+00:00,99533.12644341419
2026-05-13 14:15:00+00:00,99533.12644341419
2026-05-13 14:30:00+00:00,99533.12644341419
2026-05-13 14:45:00+00:00,99533.12644341419
2026-05-13 15:00:00+00:00,99533.12644341419
2026-05-13 15:15:00+00:00,99533.12644341419
2026-05-13 15:30:00+00:00,99533.12644341419
2026-05-13 15:45:00+00:00,99533.12644341419
2026-05-13 16:00:00+00:00,99533.12644341419
2026-05-13 16:15:00+00:00,99535.69976972441
2026-05-13 16:30:00+00:00,99537.29746462376
2026-05-13 16:45:00+00:00,99536.64924955525
2026-05-13 17:00:00+00:00,99539.00107251541
2026-05-13 17:15:00+00:00,99542.27573870283
2026-05-13 17:30:00+00:00,99542.27573870283
2026-05-13 17:45:00+00:00,99542.27573870283
2026-05-13 18:00:00+00:00,99542.27573870283
2026-05-13 18:15:00+00:00,99542.27573870283
2026-05-13 18:30:00+00:00,99542.27573870283
2026-05-13 18:45:00+00:00,99542.27573870283
2026-05-13 19:00:00+00:00,99542.27573870283
2026-05-13 19:15:00+00:00,99542.27573870283
2026-05-13 19:30:00+00:00,99542.27573870283
2026-05-13 19:45:00+00:00,99542.27573870283
2026-05-13 20:00:00+00:00,99542.27573870283
2026-05-13 20:15:00+00:00,99542.27573870283
2026-05-13 20:30:00+00:00,99542.27573870283
2026-05-13 20:45:00+00:00,99542.27573870283
2026-05-13 21:00:00+00:00,99542.27573870283
2026-05-13 21:15:00+00:00,99542.27573870283
2026-05-13 21:30:00+00:00,99542.27573870283
2026-05-13 21:45:00+00:00,99542.27573870283
2026-05-13 22:00:00+00:00,99542.27573870283
2026-05-13 22:15:00+00:00,99542.27573870283
2026-05-13 22:30:00+00:00,99542.27573870283
2026-05-13 22:45:00+00:00,99542.27573870283
2026-05-13 23:00:00+00:00,99542.27573870283
2026-05-13 23:15:00+00:00,99542.27573870283
2026-05-13 23:30:00+00:00,99542.27573870283
2026-05-13 23:45:00+00:00,99542.27573870283
2026-05-14 00:00:00+00:00,99542.27573870283
2026-05-14 00:15:00+00:00,99542.27573870283
2026-05-14 00:30:00+00:00,99542.27573870283
2026-05-14 00:45:00+00:00,99542.27573870283
2026-05-14 01:00:00+00:00,99542.27573870283
2026-05-14 01:15:00+00:00,99542.27573870283
2026-05-14 01:30:00+00:00,99542.27573870283
2026-05-14 01:45:00+00:00,99542.27573870283
2026-05-14 02:00:00+00:00,99542.27573870283
2026-05-14 02:15:00+00:00,99542.27573870283
2026-05-14 02:30:00+00:00,99542.27573870283
2026-05-14 02:45:00+00:00,99542.27573870283
2026-05-14 03:00:00+00:00,99542.27573870283
2026-05-14 03:15:00+00:00,99542.27573870283
2026-05-14 03:30:00+00:00,99542.27573870283
2026-05-14 03:45:00+00:00,99542.27573870283
2026-05-14 04:00:00+00:00,99542.27573870283
2026-05-14 04:15:00+00:00,99542.27573870283
2026-05-14 04:30:00+00:00,99542.27573870283
2026-05-14 04:45:00+00:00,99542.27573870283
2026-05-14 05:00:00+00:00,99542.27573870283
2026-05-14 05:15:00+00:00,99542.27573870283
2026-05-14 05:30:00+00:00,99542.27573870283
2026-05-14 05:45:00+00:00,99542.27573870283
2026-05-14 06:00:00+00:00,99542.27573870283
2026-05-14 06:15:00+00:00,99542.27573870283
2026-05-14 06:30:00+00:00,99542.27573870283
2026-05-14 06:45:00+00:00,99542.27573870283
2026-05-14 07:00:00+00:00,99542.27573870283
2026-05-14 07:15:00+00:00,99542.27573870283
2026-05-14 07:30:00+00:00,99542.27573870283
2026-05-14 07:45:00+00:00,99542.27573870283
2026-05-14 08:00:00+00:00,99542.27573870283
2026-05-14 08:15:00+00:00,99542.27573870283
2026-05-14 08:30:00+00:00,99542.27573870283
2026-05-14 08:45:00+00:00,99542.27573870283
2026-05-14 09:00:00+00:00,99542.27573870283
2026-05-14 09:15:00+00:00,99542.27573870283
2026-05-14 09:30:00+00:00,99542.27573870283
2026-05-14 09:45:00+00:00,99542.27573870283
2026-05-14 10:00:00+00:00,99542.27573870283
2026-05-14 10:15:00+00:00,99542.27573870283
2026-05-14 10:30:00+00:00,99542.27573870283
2026-05-14 10:45:00+00:00,99542.27573870283
2026-05-14 11:00:00+00:00,99542.27573870283
2026-05-14 11:15:00+00:00,99542.27573870283
2026-05-14 11:30:00+00:00,99542.27573870283
2026-05-14 11:45:00+00:00,99542.27573870283
2026-05-14 12:00:00+00:00,99542.27573870283
2026-05-14 12:15:00+00:00,99541.0429637411
2026-05-14 12:30:00+00:00,99530.44704401959
2026-05-14 12:45:00+00:00,99530.44704401959
2026-05-14 13:00:00+00:00,99530.44704401959
2026-05-14 13:15:00+00:00,99530.44704401959
2026-05-14 13:30:00+00:00,99530.44704401959
2026-05-14 13:45:00+00:00,99530.44704401959
2026-05-14 14:00:00+00:00,99530.44704401959
2026-05-14 14:15:00+00:00,99530.44704401959
2026-05-14 14:30:00+00:00,99530.44704401959
2026-05-14 14:45:00+00:00,99530.44704401959
2026-05-14 15:00:00+00:00,99530.44704401959
2026-05-14 15:15:00+00:00,99530.44704401959
2026-05-14 15:30:00+00:00,99530.44704401959
2026-05-14 15:45:00+00:00,99530.44704401959
2026-05-14 16:00:00+00:00,99530.44704401959
2026-05-14 16:15:00+00:00,99530.44704401959
2026-05-14 16:30:00+00:00,99530.44704401959
2026-05-14 16:45:00+00:00,99530.44704401959
2026-05-14 17:00:00+00:00,99530.44704401959
2026-05-14 17:15:00+00:00,99530.44704401959
2026-05-14 17:30:00+00:00,99530.44704401959
2026-05-14 17:45:00+00:00,99530.44704401959
2026-05-14 18:00:00+00:00,99530.44704401959
2026-05-14 18:15:00+00:00,99530.44704401959
2026-05-14 18:30:00+00:00,99530.44704401959
2026-05-14 18:45:00+00:00,99530.44704401959
2026-05-14 19:00:00+00:00,99530.44704401959
2026-05-14 19:15:00+00:00,99530.44704401959
2026-05-14 19:30:00+00:00,99530.44704401959
2026-05-14 19:45:00+00:00,99530.44704401959
2026-05-14 20:00:00+00:00,99530.44704401959
2026-05-14 20:15:00+00:00,99530.44704401959
2026-05-14 20:30:00+00:00,99530.44704401959
2026-05-14 20:45:00+00:00,99530.44704401959
2026-05-14 21:00:00+00:00,99530.44704401959
2026-05-14 21:15:00+00:00,99530.44704401959
2026-05-14 21:30:00+00:00,99530.44704401959
2026-05-14 21:45:00+00:00,99530.44704401959
2026-05-14 22:00:00+00:00,99530.44704401959
2026-05-14 22:15:00+00:00,99530.44704401959
2026-05-14 22:30:00+00:00,99530.44704401959
2026-05-14 22:45:00+00:00,99530.44704401959
2026-05-14 23:00:00+00:00,99530.44704401959
2026-05-14 23:15:00+00:00,99530.44704401959
2026-05-14 23:30:00+00:00,99530.44704401959
2026-05-14 23:45:00+00:00,99530.44704401959
2026-05-15 00:00:00+00:00,99530.44704401959
2026-05-15 00:15:00+00:00,99530.44704401959
2026-05-15 00:30:00+00:00,99530.44704401959
2026-05-15 00:45:00+00:00,99530.44704401959
2026-05-15 01:00:00+00:00,99530.44704401959
2026-05-15 01:15:00+00:00,99530.44704401959
2026-05-15 01:30:00+00:00,99530.44704401959
2026-05-15 01:45:00+00:00,99530.44704401959
2026-05-15 02:00:00+00:00,99530.44704401959
2026-05-15 02:15:00+00:00,99530.44704401959
2026-05-15 02:30:00+00:00,99530.44704401959
2026-05-15 02:45:00+00:00,99530.44704401959
2026-05-15 03:00:00+00:00,99530.44704401959
2026-05-15 03:15:00+00:00,99530.44704401959
2026-05-15 03:30:00+00:00,99530.44704401959
2026-05-15 03:45:00+00:00,99530.44704401959
2026-05-15 04:00:00+00:00,99530.44704401959
2026-05-15 04:15:00+00:00,99530.44704401959
2026-05-15 04:30:00+00:00,99530.44704401959
2026-05-15 04:45:00+00:00,99530.44704401959
2026-05-15 05:00:00+00:00,99530.44704401959
2026-05-15 05:15:00+00:00,99530.44704401959
2026-05-15 05:30:00+00:00,99530.44704401959
2026-05-15 05:45:00+00:00,99530.44704401959
2026-05-15 06:00:00+00:00,99530.44704401959
2026-05-15 06:15:00+00:00,99530.44704401959
2026-05-15 06:30:00+00:00,99530.44704401959
2026-05-15 06:45:00+00:00,99530.44704401959
2026-05-15 07:00:00+00:00,99530.44704401959
2026-05-15 07:15:00+00:00,99530.44704401959
2026-05-15 07:30:00+00:00,99530.44704401959
2026-05-15 07:45:00+00:00,99530.44704401959
2026-05-15 08:00:00+00:00,99530.44704401959
2026-05-15 08:15:00+00:00,99530.44704401959
2026-05-15 08:30:00+00:00,99530.44704401959
2026-05-15 08:45:00+00:00,99530.44704401959
2026-05-15 09:00:00+00:00,99530.44704401959
2026-05-15 09:15:00+00:00,99530.44704401959
2026-05-15 09:30:00+00:00,99530.44704401959
2026-05-15 09:45:00+00:00,99530.44704401959
2026-05-15 10:00:00+00:00,99530.44704401959
2026-05-15 10:15:00+00:00,99530.44704401959
2026-05-15 10:30:00+00:00,99530.44704401959
2026-05-15 10:45:00+00:00,99530.44704401959
2026-05-15 11:00:00+00:00,99530.44704401959
2026-05-15 11:15:00+00:00,99530.44704401959
2026-05-15 11:30:00+00:00,99530.44704401959
2026-05-15 11:45:00+00:00,99530.44704401959
2026-05-15 12:00:00+00:00,99530.44704401959
2026-05-15 12:15:00+00:00,99530.44704401959
2026-05-15 12:30:00+00:00,99530.44704401959
2026-05-15 12:45:00+00:00,99530.44704401959
2026-05-15 13:00:00+00:00,99530.44704401959
2026-05-15 13:15:00+00:00,99530.44704401959
2026-05-15 13:30:00+00:00,99530.44704401959
2026-05-15 13:45:00+00:00,99530.44704401959
2026-05-15 14:00:00+00:00,99530.44704401959
2026-05-15 14:15:00+00:00,99530.44704401959
2026-05-15 14:30:00+00:00,99530.44704401959
2026-05-15 14:45:00+00:00,99530.44704401959
2026-05-15 15:00:00+00:00,99530.44704401959
2026-05-15 15:15:00+00:00,99530.44704401959
2026-05-15 15:30:00+00:00,99530.44704401959
2026-05-15 15:45:00+00:00,99530.44704401959
2026-05-15 16:00:00+00:00,99530.44704401959
2026-05-15 16:15:00+00:00,99532.48279125727
2026-05-15 16:30:00+00:00,99531.87740405611
2026-05-15 16:45:00+00:00,99532.14989948482
2026-05-15 17:00:00+00:00,99531.50389826551
2026-05-15 17:15:00+00:00,99533.6725322632
2026-05-15 17:30:00+00:00,99534.2358762525
2026-05-15 17:45:00+00:00,99535.26850922151
2026-05-15 18:00:00+00:00,99535.64449098396
2026-05-15 18:15:00+00:00,99532.64496239525
2026-05-15 18:30:00+00:00,99532.64496239525
2026-05-15 18:45:00+00:00,99532.64496239525
2026-05-15 19:00:00+00:00,99532.64496239525
2026-05-15 19:15:00+00:00,99532.64496239525
2026-05-15 19:30:00+00:00,99532.64496239525
2026-05-15 19:45:00+00:00,99532.64496239525
2026-05-15 20:00:00+00:00,99532.64496239525
2026-05-15 20:15:00+00:00,99532.64496239525
2026-05-15 20:30:00+00:00,99532.64496239525
2026-05-15 20:45:00+00:00,99532.64496239525
2026-05-15 21:00:00+00:00,99532.64496239525
2026-05-15 21:15:00+00:00,99532.64496239525
2026-05-15 21:30:00+00:00,99532.64496239525
2026-05-15 21:45:00+00:00,99532.64496239525
2026-05-15 22:00:00+00:00,99532.64496239525
2026-05-15 22:15:00+00:00,99532.64496239525
2026-05-15 22:30:00+00:00,99532.64496239525
2026-05-15 22:45:00+00:00,99532.64496239525
2026-05-15 23:00:00+00:00,99532.64496239525
2026-05-15 23:15:00+00:00,99532.64496239525
2026-05-15 23:30:00+00:00,99532.64496239525
2026-05-15 23:45:00+00:00,99532.64496239525
2026-05-16 00:00:00+00:00,99532.64496239525
2026-05-16 00:15:00+00:00,99532.64496239525
2026-05-16 00:30:00+00:00,99532.64496239525
2026-05-16 00:45:00+00:00,99532.64496239525
2026-05-16 01:00:00+00:00,99532.64496239525
2026-05-16 01:15:00+00:00,99532.64496239525
2026-05-16 01:30:00+00:00,99532.64496239525
2026-05-16 01:45:00+00:00,99532.64496239525
2026-05-16 02:00:00+00:00,99532.64496239525
2026-05-16 02:15:00+00:00,99532.64496239525
2026-05-16 02:30:00+00:00,99532.64496239525
2026-05-16 02:45:00+00:00,99532.64496239525
2026-05-16 03:00:00+00:00,99532.64496239525
2026-05-16 03:15:00+00:00,99532.64496239525
2026-05-16 03:30:00+00:00,99532.64496239525
2026-05-16 03:45:00+00:00,99532.64496239525
2026-05-16 04:00:00+00:00,99532.64496239525
2026-05-16 04:15:00+00:00,99532.64496239525
2026-05-16 04:30:00+00:00,99532.64496239525
2026-05-16 04:45:00+00:00,99532.64496239525
2026-05-16 05:00:00+00:00,99532.64496239525
2026-05-16 05:15:00+00:00,99532.64496239525
2026-05-16 05:30:00+00:00,99532.64496239525
2026-05-16 05:45:00+00:00,99532.64496239525
2026-05-16 06:00:00+00:00,99532.64496239525
2026-05-16 06:15:00+00:00,99532.64496239525
2026-05-16 06:30:00+00:00,99532.64496239525
2026-05-16 06:45:00+00:00,99532.64496239525
2026-05-16 07:00:00+00:00,99532.64496239525
2026-05-16 07:15:00+00:00,99532.64496239525
2026-05-16 07:30:00+00:00,99532.64496239525
2026-05-16 07:45:00+00:00,99532.64496239525
2026-05-16 08:00:00+00:00,99532.64496239525
2026-05-16 08:15:00+00:00,99532.64496239525
2026-05-16 08:30:00+00:00,99532.64496239525
2026-05-16 08:45:00+00:00,99532.64496239525
2026-05-16 09:00:00+00:00,99532.64496239525
2026-05-16 09:15:00+00:00,99532.64496239525
2026-05-16 09:30:00+00:00,99532.64496239525
2026-05-16 09:45:00+00:00,99532.64496239525
2026-05-16 10:00:00+00:00,99532.64496239525
2026-05-16 10:15:00+00:00,99532.64496239525
2026-05-16 10:30:00+00:00,99532.64496239525
2026-05-16 10:45:00+00:00,99532.64496239525
2026-05-16 11:00:00+00:00,99532.64496239525
2026-05-16 11:15:00+00:00,99532.64496239525
2026-05-16 11:30:00+00:00,99532.64496239525
2026-05-16 11:45:00+00:00,99532.64496239525
2026-05-16 12:00:00+00:00,99532.64496239525
2026-05-16 12:15:00+00:00,99532.64496239525
2026-05-16 12:30:00+00:00,99532.64496239525
2026-05-16 12:45:00+00:00,99532.64496239525
2026-05-16 13:00:00+00:00,99532.64496239525
2026-05-16 13:15:00+00:00,99532.64496239525
2026-05-16 13:30:00+00:00,99532.64496239525
2026-05-16 13:45:00+00:00,99532.64496239525
2026-05-16 14:00:00+00:00,99532.64496239525
2026-05-16 14:15:00+00:00,99532.64496239525
2026-05-16 14:30:00+00:00,99532.64496239525
2026-05-16 14:45:00+00:00,99532.64496239525
2026-05-16 15:00:00+00:00,99532.64496239525
2026-05-16 15:15:00+00:00,99532.64496239525
2026-05-16 15:30:00+00:00,99532.64496239525
2026-05-16 15:45:00+00:00,99532.64496239525
2026-05-16 16:00:00+00:00,99532.64496239525
2026-05-16 16:15:00+00:00,99532.64496239525
2026-05-16 16:30:00+00:00,99532.64496239525
2026-05-16 16:45:00+00:00,99532.64496239525
2026-05-16 17:00:00+00:00,99532.64496239525
2026-05-16 17:15:00+00:00,99532.64496239525
2026-05-16 17:30:00+00:00,99532.64496239525
2026-05-16 17:45:00+00:00,99532.64496239525
2026-05-16 18:00:00+00:00,99532.64496239525
2026-05-16 18:15:00+00:00,99532.64496239525
2026-05-16 18:30:00+00:00,99532.64496239525
2026-05-16 18:45:00+00:00,99532.64496239525
2026-05-16 19:00:00+00:00,99532.64496239525
2026-05-16 19:15:00+00:00,99532.64496239525
2026-05-16 19:30:00+00:00,99532.64496239525
2026-05-16 19:45:00+00:00,99532.64496239525
2026-05-16 20:00:00+00:00,99532.64496239525
2026-05-16 20:15:00+00:00,99532.64496239525
2026-05-16 20:30:00+00:00,99532.64496239525
2026-05-16 20:45:00+00:00,99532.64496239525
2026-05-16 21:00:00+00:00,99532.64496239525
2026-05-16 21:15:00+00:00,99532.64496239525
2026-05-16 21:30:00+00:00,99532.64496239525
2026-05-16 21:45:00+00:00,99532.64496239525
2026-05-16 22:00:00+00:00,99532.64496239525
2026-05-16 22:15:00+00:00,99532.64496239525
2026-05-16 22:30:00+00:00,99532.64496239525
2026-05-16 22:45:00+00:00,99532.64496239525
2026-05-16 23:00:00+00:00,99532.64496239525
2026-05-16 23:15:00+00:00,99532.64496239525
2026-05-16 23:30:00+00:00,99532.64496239525
2026-05-16 23:45:00+00:00,99532.64496239525
2026-05-17 00:00:00+00:00,99532.64496239525
2026-05-17 00:15:00+00:00,99532.64496239525
2026-05-17 00:30:00+00:00,99532.64496239525
2026-05-17 00:45:00+00:00,99532.64496239525
2026-05-17 01:00:00+00:00,99532.64496239525
2026-05-17 01:15:00+00:00,99532.64496239525
2026-05-17 01:30:00+00:00,99532.64496239525
2026-05-17 01:45:00+00:00,99532.64496239525
2026-05-17 02:00:00+00:00,99532.64496239525
2026-05-17 02:15:00+00:00,99532.64496239525
2026-05-17 02:30:00+00:00,99532.64496239525
2026-05-17 02:45:00+00:00,99532.64496239525
2026-05-17 03:00:00+00:00,99532.64496239525
2026-05-17 03:15:00+00:00,99532.64496239525
2026-05-17 03:30:00+00:00,99532.64496239525
2026-05-17 03:45:00+00:00,99532.64496239525
2026-05-17 04:00:00+00:00,99532.64496239525
2026-05-17 04:15:00+00:00,99532.64496239525
2026-05-17 04:30:00+00:00,99532.64496239525
2026-05-17 04:45:00+00:00,99532.64496239525
2026-05-17 05:00:00+00:00,99532.64496239525
2026-05-17 05:15:00+00:00,99532.64496239525
2026-05-17 05:30:00+00:00,99532.64496239525
2026-05-17 05:45:00+00:00,99532.64496239525
2026-05-17 06:00:00+00:00,99532.64496239525
2026-05-17 06:15:00+00:00,99532.64496239525
2026-05-17 06:30:00+00:00,99532.64496239525
2026-05-17 06:45:00+00:00,99532.64496239525
2026-05-17 07:00:00+00:00,99532.64496239525
2026-05-17 07:15:00+00:00,99532.64496239525
2026-05-17 07:30:00+00:00,99532.64496239525
2026-05-17 07:45:00+00:00,99532.64496239525
2026-05-17 08:00:00+00:00,99532.64496239525
2026-05-17 08:15:00+00:00,99532.64496239525
2026-05-17 08:30:00+00:00,99532.64496239525
2026-05-17 08:45:00+00:00,99532.64496239525
2026-05-17 09:00:00+00:00,99532.64496239525
2026-05-17 09:15:00+00:00,99532.64496239525
2026-05-17 09:30:00+00:00,99532.64496239525
2026-05-17 09:45:00+00:00,99532.64496239525
2026-05-17 10:00:00+00:00,99532.64496239525
2026-05-17 10:15:00+00:00,99532.64496239525
2026-05-17 10:30:00+00:00,99532.64496239525
2026-05-17 10:45:00+00:00,99532.64496239525
2026-05-17 11:00:00+00:00,99532.64496239525
2026-05-17 11:15:00+00:00,99532.64496239525
2026-05-17 11:30:00+00:00,99532.64496239525
2026-05-17 11:45:00+00:00,99532.64496239525
2026-05-17 12:00:00+00:00,99532.64496239525
2026-05-17 12:15:00+00:00,99532.64496239525
2026-05-17 12:30:00+00:00,99532.64496239525
2026-05-17 12:45:00+00:00,99532.64496239525
2026-05-17 13:00:00+00:00,99532.64496239525
2026-05-17 13:15:00+00:00,99532.64496239525
2026-05-17 13:30:00+00:00,99532.64496239525
2026-05-17 13:45:00+00:00,99532.64496239525
2026-05-17 14:00:00+00:00,99532.64496239525
2026-05-17 14:15:00+00:00,99532.64496239525
2026-05-17 14:30:00+00:00,99532.64496239525
2026-05-17 14:45:00+00:00,99532.64496239525
2026-05-17 15:00:00+00:00,99532.64496239525
2026-05-17 15:15:00+00:00,99532.64496239525
2026-05-17 15:30:00+00:00,99532.64496239525
2026-05-17 15:45:00+00:00,99532.64496239525
2026-05-17 16:00:00+00:00,99532.64496239525
2026-05-17 16:15:00+00:00,99532.64496239525
2026-05-17 16:30:00+00:00,99532.64496239525
2026-05-17 16:45:00+00:00,99532.64496239525
2026-05-17 17:00:00+00:00,99532.64496239525
2026-05-17 17:15:00+00:00,99532.64496239525
2026-05-17 17:30:00+00:00,99532.64496239525
2026-05-17 17:45:00+00:00,99532.64496239525
2026-05-17 18:00:00+00:00,99532.64496239525
2026-05-17 18:15:00+00:00,99532.64496239525
2026-05-17 18:30:00+00:00,99532.64496239525
2026-05-17 18:45:00+00:00,99532.64496239525
2026-05-17 19:00:00+00:00,99532.64496239525
2026-05-17 19:15:00+00:00,99532.64496239525
2026-05-17 19:30:00+00:00,99532.64496239525
2026-05-17 19:45:00+00:00,99532.64496239525
2026-05-17 20:00:00+00:00,99532.64496239525
2026-05-17 20:15:00+00:00,99532.64496239525
2026-05-17 20:30:00+00:00,99532.64496239525
2026-05-17 20:45:00+00:00,99532.64496239525
2026-05-17 21:00:00+00:00,99532.64496239525
2026-05-17 21:15:00+00:00,99532.64496239525
2026-05-17 21:30:00+00:00,99532.64496239525
2026-05-17 21:45:00+00:00,99532.64496239525
2026-05-17 22:00:00+00:00,99532.64496239525
2026-05-17 22:15:00+00:00,99532.64496239525
2026-05-17 22:30:00+00:00,99532.64496239525
2026-05-17 22:45:00+00:00,99532.64496239525
2026-05-17 23:00:00+00:00,99532.64496239525
2026-05-17 23:15:00+00:00,99532.64496239525
2026-05-17 23:30:00+00:00,99532.64496239525
2026-05-17 23:45:00+00:00,99532.64496239525
2026-05-18 00:00:00+00:00,99532.64496239525
2026-05-18 00:15:00+00:00,99532.64496239525
2026-05-18 00:30:00+00:00,99532.64496239525
2026-05-18 00:45:00+00:00,99532.64496239525
2026-05-18 01:00:00+00:00,99532.64496239525
2026-05-18 01:15:00+00:00,99532.64496239525
2026-05-18 01:30:00+00:00,99532.64496239525
2026-05-18 01:45:00+00:00,99532.64496239525
2026-05-18 02:00:00+00:00,99532.64496239525
2026-05-18 02:15:00+00:00,99532.64496239525
2026-05-18 02:30:00+00:00,99532.64496239525
2026-05-18 02:45:00+00:00,99532.64496239525
2026-05-18 03:00:00+00:00,99532.64496239525
2026-05-18 03:15:00+00:00,99532.64496239525
2026-05-18 03:30:00+00:00,99532.64496239525
2026-05-18 03:45:00+00:00,99532.64496239525
2026-05-18 04:00:00+00:00,99532.64496239525
2026-05-18 04:15:00+00:00,99532.64496239525
2026-05-18 04:30:00+00:00,99532.64496239525
2026-05-18 04:45:00+00:00,99532.64496239525
2026-05-18 05:00:00+00:00,99532.64496239525
2026-05-18 05:15:00+00:00,99532.64496239525
2026-05-18 05:30:00+00:00,99532.64496239525
2026-05-18 05:45:00+00:00,99532.64496239525
2026-05-18 06:00:00+00:00,99532.64496239525
2026-05-18 06:15:00+00:00,99532.64496239525
2026-05-18 06:30:00+00:00,99532.64496239525
2026-05-18 06:45:00+00:00,99532.64496239525
2026-05-18 07:00:00+00:00,99532.64496239525
2026-05-18 07:15:00+00:00,99532.64496239525
2026-05-18 07:30:00+00:00,99532.64496239525
2026-05-18 07:45:00+00:00,99532.64496239525
2026-05-18 08:00:00+00:00,99532.64496239525
2026-05-18 08:15:00+00:00,99532.64496239525
2026-05-18 08:30:00+00:00,99532.64496239525
2026-05-18 08:45:00+00:00,99532.64496239525
2026-05-18 09:00:00+00:00,99532.64496239525
2026-05-18 09:15:00+00:00,99532.64496239525
2026-05-18 09:30:00+00:00,99532.64496239525
2026-05-18 09:45:00+00:00,99532.64496239525
2026-05-18 10:00:00+00:00,99532.64496239525
2026-05-18 10:15:00+00:00,99532.64496239525
2026-05-18 10:30:00+00:00,99532.64496239525
2026-05-18 10:45:00+00:00,99532.64496239525
2026-05-18 11:00:00+00:00,99532.64496239525
2026-05-18 11:15:00+00:00,99532.64496239525
2026-05-18 11:30:00+00:00,99532.64496239525
2026-05-18 11:45:00+00:00,99532.64496239525
2026-05-18 12:00:00+00:00,99532.64496239525
2026-05-18 12:15:00+00:00,99532.64496239525
2026-05-18 12:30:00+00:00,99532.64496239525
2026-05-18 12:45:00+00:00,99532.64496239525
2026-05-18 13:00:00+00:00,99532.64496239525
2026-05-18 13:15:00+00:00,99532.64496239525
2026-05-18 13:30:00+00:00,99532.64496239525
2026-05-18 13:45:00+00:00,99532.64496239525
2026-05-18 14:00:00+00:00,99532.64496239525
2026-05-18 14:15:00+00:00,99532.64496239525
2026-05-18 14:30:00+00:00,99532.64496239525
2026-05-18 14:45:00+00:00,99532.64496239525
2026-05-18 15:00:00+00:00,99532.64496239525
2026-05-18 15:15:00+00:00,99532.64496239525
2026-05-18 15:30:00+00:00,99532.64496239525
2026-05-18 15:45:00+00:00,99532.64496239525
2026-05-18 16:00:00+00:00,99532.64496239525
2026-05-18 16:15:00+00:00,99532.64496239525
2026-05-18 16:30:00+00:00,99532.64496239525
2026-05-18 16:45:00+00:00,99532.64496239525
2026-05-18 17:00:00+00:00,99532.64496239525
2026-05-18 17:15:00+00:00,99532.64496239525
2026-05-18 17:30:00+00:00,99532.64496239525
2026-05-18 17:45:00+00:00,99532.64496239525
2026-05-18 18:00:00+00:00,99532.64496239525
2026-05-18 18:15:00+00:00,99532.64496239525
2026-05-18 18:30:00+00:00,99532.64496239525
2026-05-18 18:45:00+00:00,99532.64496239525
2026-05-18 19:00:00+00:00,99532.64496239525
2026-05-18 19:15:00+00:00,99532.64496239525
2026-05-18 19:30:00+00:00,99532.64496239525
2026-05-18 19:45:00+00:00,99532.64496239525
2026-05-18 20:00:00+00:00,99532.64496239525
2026-05-18 20:15:00+00:00,99531.05484538211
2026-05-18 20:30:00+00:00,99534.40060737162
2026-05-18 20:45:00+00:00,99535.49253941752
2026-05-18 21:00:00+00:00,99535.34034352493
2026-05-18 21:15:00+00:00,99531.60101584508
2026-05-18 21:30:00+00:00,99531.60101584508
2026-05-18 21:45:00+00:00,99531.60101584508
2026-05-18 22:00:00+00:00,99531.60101584508
2026-05-18 22:15:00+00:00,99531.60101584508
2026-05-18 22:30:00+00:00,99531.60101584508
2026-05-18 22:45:00+00:00,99531.60101584508
2026-05-18 23:00:00+00:00,99531.60101584508
2026-05-18 23:15:00+00:00,99531.60101584508
2026-05-18 23:30:00+00:00,99531.60101584508
2026-05-18 23:45:00+00:00,99531.60101584508
2026-05-19 00:00:00+00:00,99531.60101584508
2026-05-19 00:15:00+00:00,99531.60101584508
2026-05-19 00:30:00+00:00,99531.60101584508
2026-05-19 00:45:00+00:00,99531.60101584508
2026-05-19 01:00:00+00:00,99531.60101584508
2026-05-19 01:15:00+00:00,99531.60101584508
2026-05-19 01:30:00+00:00,99531.60101584508
2026-05-19 01:45:00+00:00,99531.60101584508
2026-05-19 02:00:00+00:00,99531.60101584508
2026-05-19 02:15:00+00:00,99531.60101584508
2026-05-19 02:30:00+00:00,99531.60101584508
2026-05-19 02:45:00+00:00,99531.60101584508
2026-05-19 03:00:00+00:00,99531.60101584508
2026-05-19 03:15:00+00:00,99531.60101584508
2026-05-19 03:30:00+00:00,99531.60101584508
2026-05-19 03:45:00+00:00,99531.60101584508
2026-05-19 04:00:00+00:00,99531.60101584508
2026-05-19 04:15:00+00:00,99531.60101584508
2026-05-19 04:30:00+00:00,99531.60101584508
2026-05-19 04:45:00+00:00,99531.60101584508
2026-05-19 05:00:00+00:00,99531.60101584508
2026-05-19 05:15:00+00:00,99531.60101584508
2026-05-19 05:30:00+00:00,99531.60101584508
2026-05-19 05:45:00+00:00,99531.60101584508
2026-05-19 06:00:00+00:00,99531.60101584508
2026-05-19 06:15:00+00:00,99531.60101584508
2026-05-19 06:30:00+00:00,99531.60101584508
2026-05-19 06:45:00+00:00,99531.60101584508
2026-05-19 07:00:00+00:00,99531.60101584508
2026-05-19 07:15:00+00:00,99531.60101584508
2026-05-19 07:30:00+00:00,99531.60101584508
2026-05-19 07:45:00+00:00,99531.60101584508
2026-05-19 08:00:00+00:00,99531.60101584508
2026-05-19 08:15:00+00:00,99531.60101584508
2026-05-19 08:30:00+00:00,99531.60101584508
2026-05-19 08:45:00+00:00,99531.60101584508
2026-05-19 09:00:00+00:00,99531.60101584508
2026-05-19 09:15:00+00:00,99531.60101584508
2026-05-19 09:30:00+00:00,99531.60101584508
2026-05-19 09:45:00+00:00,99531.60101584508
2026-05-19 10:00:00+00:00,99531.60101584508
2026-05-19 10:15:00+00:00,99531.60101584508
2026-05-19 10:30:00+00:00,99531.60101584508
2026-05-19 10:45:00+00:00,99531.60101584508
2026-05-19 11:00:00+00:00,99531.60101584508
2026-05-19 11:15:00+00:00,99531.60101584508
2026-05-19 11:30:00+00:00,99531.60101584508
2026-05-19 11:45:00+00:00,99531.60101584508
2026-05-19 12:00:00+00:00,99531.60101584508
2026-05-19 12:15:00+00:00,99531.60101584508
2026-05-19 12:30:00+00:00,99531.60101584508
2026-05-19 12:45:00+00:00,99531.60101584508
2026-05-19 13:00:00+00:00,99531.60101584508
2026-05-19 13:15:00+00:00,99531.60101584508
2026-05-19 13:30:00+00:00,99531.60101584508
2026-05-19 13:45:00+00:00,99531.60101584508
2026-05-19 14:00:00+00:00,99531.60101584508
2026-05-19 14:15:00+00:00,99531.60101584508
2026-05-19 14:30:00+00:00,99531.60101584508
2026-05-19 14:45:00+00:00,99531.60101584508
2026-05-19 15:00:00+00:00,99531.60101584508
2026-05-19 15:15:00+00:00,99531.60101584508
2026-05-19 15:30:00+00:00,99531.60101584508
2026-05-19 15:45:00+00:00,99531.60101584508
2026-05-19 16:00:00+00:00,99531.60101584508
2026-05-19 16:15:00+00:00,99531.60101584508
2026-05-19 16:30:00+00:00,99531.60101584508
2026-05-19 16:45:00+00:00,99531.60101584508
2026-05-19 17:00:00+00:00,99531.60101584508
2026-05-19 17:15:00+00:00,99531.60101584508
2026-05-19 17:30:00+00:00,99531.60101584508
2026-05-19 17:45:00+00:00,99531.60101584508
2026-05-19 18:00:00+00:00,99531.60101584508
2026-05-19 18:15:00+00:00,99531.60101584508
2026-05-19 18:30:00+00:00,99531.60101584508
2026-05-19 18:45:00+00:00,99531.60101584508
2026-05-19 19:00:00+00:00,99531.60101584508
2026-05-19 19:15:00+00:00,99531.60101584508
2026-05-19 19:30:00+00:00,99531.60101584508
2026-05-19 19:45:00+00:00,99531.60101584508
2026-05-19 20:00:00+00:00,99531.60101584508
2026-05-19 20:15:00+00:00,99531.60101584508
2026-05-19 20:30:00+00:00,99531.60101584508
2026-05-19 20:45:00+00:00,99531.60101584508
2026-05-19 21:00:00+00:00,99531.60101584508
2026-05-19 21:15:00+00:00,99531.60101584508
2026-05-19 21:30:00+00:00,99531.60101584508
2026-05-19 21:45:00+00:00,99531.60101584508
2026-05-19 22:00:00+00:00,99531.60101584508
2026-05-19 22:15:00+00:00,99531.60101584508
2026-05-19 22:30:00+00:00,99531.60101584508
2026-05-19 22:45:00+00:00,99531.60101584508
2026-05-19 23:00:00+00:00,99531.60101584508
2026-05-19 23:15:00+00:00,99531.60101584508
2026-05-19 23:30:00+00:00,99531.60101584508
2026-05-19 23:45:00+00:00,99531.60101584508
2026-05-20 00:00:00+00:00,99531.60101584508
2026-05-20 00:15:00+00:00,99531.60101584508
2026-05-20 00:30:00+00:00,99531.60101584508
2026-05-20 00:45:00+00:00,99531.60101584508
2026-05-20 01:00:00+00:00,99531.60101584508
2026-05-20 01:15:00+00:00,99531.60101584508
2026-05-20 01:30:00+00:00,99531.60101584508
2026-05-20 01:45:00+00:00,99531.60101584508
2026-05-20 02:00:00+00:00,99531.60101584508
2026-05-20 02:15:00+00:00,99531.60101584508
2026-05-20 02:30:00+00:00,99531.60101584508
2026-05-20 02:45:00+00:00,99531.60101584508
2026-05-20 03:00:00+00:00,99531.60101584508
2026-05-20 03:15:00+00:00,99531.60101584508
2026-05-20 03:30:00+00:00,99531.60101584508
2026-05-20 03:45:00+00:00,99531.60101584508
2026-05-20 04:00:00+00:00,99531.60101584508
2026-05-20 04:15:00+00:00,99531.60101584508
2026-05-20 04:30:00+00:00,99531.60101584508
2026-05-20 04:45:00+00:00,99531.60101584508
2026-05-20 05:00:00+00:00,99522.85807925237
2026-05-20 05:15:00+00:00,99510.90117884213
2026-05-20 05:30:00+00:00,99510.90117884213
2026-05-20 05:45:00+00:00,99510.90117884213
2026-05-20 06:00:00+00:00,99510.90117884213
2026-05-20 06:15:00+00:00,99510.90117884213
2026-05-20 06:30:00+00:00,99510.90117884213
2026-05-20 06:45:00+00:00,99510.90117884213
2026-05-20 07:00:00+00:00,99510.90117884213
2026-05-20 07:15:00+00:00,99510.90117884213
2026-05-20 07:30:00+00:00,99510.90117884213
2026-05-20 07:45:00+00:00,99510.90117884213
2026-05-20 08:00:00+00:00,99510.90117884213
2026-05-20 08:15:00+00:00,99510.88012578733
2026-05-20 08:30:00+00:00,99501.65901975273
2026-05-20 08:45:00+00:00,99501.65901975273
2026-05-20 09:00:00+00:00,99501.65901975273
2026-05-20 09:15:00+00:00,99501.65901975273
2026-05-20 09:30:00+00:00,99501.65901975273
2026-05-20 09:45:00+00:00,99501.65901975273
2026-05-20 10:00:00+00:00,99501.65901975273
2026-05-20 10:15:00+00:00,99501.65901975273
2026-05-20 10:30:00+00:00,99501.65901975273
2026-05-20 10:45:00+00:00,99501.65901975273
2026-05-20 11:00:00+00:00,99501.65901975273
2026-05-20 11:15:00+00:00,99501.65901975273
2026-05-20 11:30:00+00:00,99501.65901975273
2026-05-20 11:45:00+00:00,99501.65901975273
2026-05-20 12:00:00+00:00,99501.65901975273
2026-05-20 12:15:00+00:00,99501.65901975273
2026-05-20 12:30:00+00:00,99501.65901975273
2026-05-20 12:45:00+00:00,99501.65901975273
2026-05-20 13:00:00+00:00,99501.65901975273
2026-05-20 13:15:00+00:00,99501.65901975273
2026-05-20 13:30:00+00:00,99501.65901975273
2026-05-20 13:45:00+00:00,99501.65901975273
2026-05-20 14:00:00+00:00,99501.65901975273
2026-05-20 14:15:00+00:00,99501.65901975273
2026-05-20 14:30:00+00:00,99501.65901975273
2026-05-20 14:45:00+00:00,99501.65901975273
2026-05-20 15:00:00+00:00,99501.65901975273
2026-05-20 15:15:00+00:00,99501.65901975273
2026-05-20 15:30:00+00:00,99501.65901975273
2026-05-20 15:45:00+00:00,99501.65901975273
2026-05-20 16:00:00+00:00,99501.65901975273
2026-05-20 16:15:00+00:00,99501.65901975273
2026-05-20 16:30:00+00:00,99501.65901975273
2026-05-20 16:45:00+00:00,99501.65901975273
2026-05-20 17:00:00+00:00,99501.65901975273
2026-05-20 17:15:00+00:00,99501.65901975273
2026-05-20 17:30:00+00:00,99501.65901975273
2026-05-20 17:45:00+00:00,99501.65901975273
2026-05-20 18:00:00+00:00,99501.65901975273
2026-05-20 18:15:00+00:00,99501.65901975273
2026-05-20 18:30:00+00:00,99501.65901975273
2026-05-20 18:45:00+00:00,99501.65901975273
2026-05-20 19:00:00+00:00,99501.65901975273
2026-05-20 19:15:00+00:00,99501.65901975273
2026-05-20 19:30:00+00:00,99501.65901975273
2026-05-20 19:45:00+00:00,99501.65901975273
2026-05-20 20:00:00+00:00,99501.65901975273
2026-05-20 20:15:00+00:00,99501.65901975273
2026-05-20 20:30:00+00:00,99501.65901975273
2026-05-20 20:45:00+00:00,99501.65901975273
2026-05-20 21:00:00+00:00,99501.65901975273
2026-05-20 21:15:00+00:00,99501.65901975273
2026-05-20 21:30:00+00:00,99501.65901975273
2026-05-20 21:45:00+00:00,99501.65901975273
2026-05-20 22:00:00+00:00,99501.65901975273
2026-05-20 22:15:00+00:00,99501.65901975273
2026-05-20 22:30:00+00:00,99501.65901975273
2026-05-20 22:45:00+00:00,99501.65901975273
2026-05-20 23:00:00+00:00,99501.65901975273
2026-05-20 23:15:00+00:00,99501.65901975273
2026-05-20 23:30:00+00:00,99501.65901975273
2026-05-20 23:45:00+00:00,99501.65901975273
2026-05-21 00:00:00+00:00,99501.65901975273
2026-05-21 00:15:00+00:00,99501.65901975273
2026-05-21 00:30:00+00:00,99501.65901975273
2026-05-21 00:45:00+00:00,99501.65901975273
2026-05-21 01:00:00+00:00,99501.65901975273
2026-05-21 01:15:00+00:00,99501.65901975273
2026-05-21 01:30:00+00:00,99501.65901975273
2026-05-21 01:45:00+00:00,99501.65901975273
2026-05-21 02:00:00+00:00,99501.65901975273
2026-05-21 02:15:00+00:00,99501.65901975273
2026-05-21 02:30:00+00:00,99501.65901975273
2026-05-21 02:45:00+00:00,99501.65901975273
2026-05-21 03:00:00+00:00,99501.65901975273
2026-05-21 03:15:00+00:00,99501.65901975273
2026-05-21 03:30:00+00:00,99501.65901975273
2026-05-21 03:45:00+00:00,99501.65901975273
2026-05-21 04:00:00+00:00,99501.65901975273
2026-05-21 04:15:00+00:00,99501.65901975273
2026-05-21 04:30:00+00:00,99501.65901975273
2026-05-21 04:45:00+00:00,99501.65901975273
2026-05-21 05:00:00+00:00,99501.65901975273
2026-05-21 05:15:00+00:00,99501.65901975273
2026-05-21 05:30:00+00:00,99501.65901975273
2026-05-21 05:45:00+00:00,99501.65901975273
2026-05-21 06:00:00+00:00,99501.65901975273
2026-05-21 06:15:00+00:00,99501.65901975273
2026-05-21 06:30:00+00:00,99501.65901975273
2026-05-21 06:45:00+00:00,99501.65901975273
2026-05-21 07:00:00+00:00,99501.65901975273
2026-05-21 07:15:00+00:00,99501.65901975273
2026-05-21 07:30:00+00:00,99501.65901975273
2026-05-21 07:45:00+00:00,99501.65901975273
2026-05-21 08:00:00+00:00,99501.65901975273
2026-05-21 08:15:00+00:00,99501.65901975273
2026-05-21 08:30:00+00:00,99501.65901975273
2026-05-21 08:45:00+00:00,99501.65901975273
2026-05-21 09:00:00+00:00,99501.65901975273
2026-05-21 09:15:00+00:00,99501.65901975273
2026-05-21 09:30:00+00:00,99501.65901975273
2026-05-21 09:45:00+00:00,99501.65901975273
2026-05-21 10:00:00+00:00,99501.65901975273
2026-05-21 10:15:00+00:00,99501.65901975273
2026-05-21 10:30:00+00:00,99501.65901975273
2026-05-21 10:45:00+00:00,99501.65901975273
2026-05-21 11:00:00+00:00,99501.65901975273
2026-05-21 11:15:00+00:00,99501.65901975273
2026-05-21 11:30:00+00:00,99501.65901975273
2026-05-21 11:45:00+00:00,99501.65901975273
2026-05-21 12:00:00+00:00,99501.65901975273
2026-05-21 12:15:00+00:00,99500.13312312926
2026-05-21 12:30:00+00:00,99502.62323669609
2026-05-21 12:45:00+00:00,99503.29546520204
2026-05-21 13:00:00+00:00,99502.9955204091
2026-05-21 13:15:00+00:00,99503.78233110908
2026-05-21 13:30:00+00:00,99490.84747102058
2026-05-21 13:45:00+00:00,99490.84747102058
2026-05-21 14:00:00+00:00,99490.84747102058
2026-05-21 14:15:00+00:00,99490.84747102058
2026-05-21 14:30:00+00:00,99490.84747102058
2026-05-21 14:45:00+00:00,99490.84747102058
2026-05-21 15:00:00+00:00,99490.84747102058
2026-05-21 15:15:00+00:00,99490.84747102058
2026-05-21 15:30:00+00:00,99490.84747102058
2026-05-21 15:45:00+00:00,99490.84747102058
2026-05-21 16:00:00+00:00,99490.84747102058
2026-05-21 16:15:00+00:00,99490.84747102058
2026-05-21 16:30:00+00:00,99488.48001660385
2026-05-21 16:45:00+00:00,99491.35314012929
2026-05-21 17:00:00+00:00,99493.21834196831
2026-05-21 17:15:00+00:00,99493.21834196831
2026-05-21 17:30:00+00:00,99493.21834196831
2026-05-21 17:45:00+00:00,99493.21834196831
2026-05-21 18:00:00+00:00,99493.21834196831
2026-05-21 18:15:00+00:00,99493.21834196831
2026-05-21 18:30:00+00:00,99493.21834196831
2026-05-21 18:45:00+00:00,99493.21834196831
2026-05-21 19:00:00+00:00,99493.21834196831
2026-05-21 19:15:00+00:00,99493.21834196831
2026-05-21 19:30:00+00:00,99493.21834196831
2026-05-21 19:45:00+00:00,99493.21834196831
2026-05-21 20:00:00+00:00,99493.21834196831
2026-05-21 20:15:00+00:00,99493.21834196831
2026-05-21 20:30:00+00:00,99493.21834196831
2026-05-21 20:45:00+00:00,99493.21834196831
2026-05-21 21:00:00+00:00,99493.21834196831
2026-05-21 21:15:00+00:00,99493.21834196831
2026-05-21 21:30:00+00:00,99493.21834196831
2026-05-21 21:45:00+00:00,99493.21834196831
2026-05-21 22:00:00+00:00,99493.21834196831
2026-05-21 22:15:00+00:00,99493.21834196831
2026-05-21 22:30:00+00:00,99493.21834196831
2026-05-21 22:45:00+00:00,99493.21834196831
2026-05-21 23:00:00+00:00,99493.21834196831
2026-05-21 23:15:00+00:00,99493.21834196831
2026-05-21 23:30:00+00:00,99493.21834196831
2026-05-21 23:45:00+00:00,99493.21834196831
2026-05-22 00:00:00+00:00,99493.21834196831
2026-05-22 00:15:00+00:00,99493.21834196831
2026-05-22 00:30:00+00:00,99493.21834196831
2026-05-22 00:45:00+00:00,99493.21834196831
2026-05-22 01:00:00+00:00,99493.21834196831
2026-05-22 01:15:00+00:00,99493.21834196831
2026-05-22 01:30:00+00:00,99493.21834196831
2026-05-22 01:45:00+00:00,99493.21834196831
2026-05-22 02:00:00+00:00,99493.21834196831
2026-05-22 02:15:00+00:00,99493.21834196831
2026-05-22 02:30:00+00:00,99493.21834196831
2026-05-22 02:45:00+00:00,99493.21834196831
2026-05-22 03:00:00+00:00,99493.21834196831
2026-05-22 03:15:00+00:00,99493.21834196831
2026-05-22 03:30:00+00:00,99493.21834196831
2026-05-22 03:45:00+00:00,99493.21834196831
2026-05-22 04:00:00+00:00,99493.21834196831
2026-05-22 04:15:00+00:00,99493.21834196831
2026-05-22 04:30:00+00:00,99493.21834196831
2026-05-22 04:45:00+00:00,99493.21834196831
2026-05-22 05:00:00+00:00,99493.21834196831
2026-05-22 05:15:00+00:00,99493.21834196831
2026-05-22 05:30:00+00:00,99493.21834196831
2026-05-22 05:45:00+00:00,99493.21834196831
2026-05-22 06:00:00+00:00,99493.21834196831
2026-05-22 06:15:00+00:00,99493.21834196831
2026-05-22 06:30:00+00:00,99493.21834196831
2026-05-22 06:45:00+00:00,99493.21834196831
2026-05-22 07:00:00+00:00,99493.21834196831
2026-05-22 07:15:00+00:00,99493.21834196831
2026-05-22 07:30:00+00:00,99493.21834196831
2026-05-22 07:45:00+00:00,99493.21834196831
2026-05-22 08:00:00+00:00,99493.21834196831
2026-05-22 08:15:00+00:00,99493.21834196831
2026-05-22 08:30:00+00:00,99493.21834196831
2026-05-22 08:45:00+00:00,99493.21834196831
2026-05-22 09:00:00+00:00,99493.21834196831
2026-05-22 09:15:00+00:00,99493.21834196831
2026-05-22 09:30:00+00:00,99493.21834196831
2026-05-22 09:45:00+00:00,99493.21834196831
2026-05-22 10:00:00+00:00,99493.21834196831
2026-05-22 10:15:00+00:00,99493.21834196831
2026-05-22 10:30:00+00:00,99493.21834196831
2026-05-22 10:45:00+00:00,99493.21834196831
2026-05-22 11:00:00+00:00,99493.21834196831
2026-05-22 11:15:00+00:00,99493.21834196831
2026-05-22 11:30:00+00:00,99493.21834196831
2026-05-22 11:45:00+00:00,99493.21834196831
2026-05-22 12:00:00+00:00,99493.21834196831
2026-05-22 12:15:00+00:00,99493.21834196831
2026-05-22 12:30:00+00:00,99493.21834196831
2026-05-22 12:45:00+00:00,99493.21834196831
2026-05-22 13:00:00+00:00,99493.21834196831
2026-05-22 13:15:00+00:00,99493.21834196831
2026-05-22 13:30:00+00:00,99493.21834196831
2026-05-22 13:45:00+00:00,99493.21834196831
2026-05-22 14:00:00+00:00,99493.21834196831
2026-05-22 14:15:00+00:00,99493.21834196831
2026-05-22 14:30:00+00:00,99493.21834196831
2026-05-22 14:45:00+00:00,99493.21834196831
2026-05-22 15:00:00+00:00,99493.21834196831
2026-05-22 15:15:00+00:00,99493.21834196831
2026-05-22 15:30:00+00:00,99493.21834196831
2026-05-22 15:45:00+00:00,99493.21834196831
2026-05-22 16:00:00+00:00,99493.21834196831
2026-05-22 16:15:00+00:00,99493.21834196831
2026-05-22 16:30:00+00:00,99493.21834196831
2026-05-22 16:45:00+00:00,99493.21834196831
2026-05-22 17:00:00+00:00,99493.21834196831
2026-05-22 17:15:00+00:00,99493.21834196831
2026-05-22 17:30:00+00:00,99493.21834196831
2026-05-22 17:45:00+00:00,99493.21834196831
2026-05-22 18:00:00+00:00,99493.21834196831
2026-05-22 18:15:00+00:00,99493.21834196831
2026-05-22 18:30:00+00:00,99493.21834196831
2026-05-22 18:45:00+00:00,99493.21834196831
2026-05-22 19:00:00+00:00,99493.21834196831
2026-05-22 19:15:00+00:00,99493.21834196831
2026-05-22 19:30:00+00:00,99493.21834196831
2026-05-22 19:45:00+00:00,99493.21834196831
2026-05-22 20:00:00+00:00,99493.21834196831
2026-05-22 20:15:00+00:00,99493.21834196831
2026-05-22 20:30:00+00:00,99493.21834196831
2026-05-22 20:45:00+00:00,99493.21834196831
2026-05-22 21:00:00+00:00,99493.21834196831
2026-05-22 21:15:00+00:00,99493.21834196831
2026-05-22 21:30:00+00:00,99493.21834196831
2026-05-22 21:45:00+00:00,99493.21834196831
2026-05-22 22:00:00+00:00,99493.21834196831
2026-05-22 22:15:00+00:00,99493.21834196831
2026-05-22 22:30:00+00:00,99493.21834196831
2026-05-22 22:45:00+00:00,99493.21834196831
2026-05-22 23:00:00+00:00,99493.21834196831
2026-05-22 23:15:00+00:00,99493.21834196831
2026-05-22 23:30:00+00:00,99493.21834196831
2026-05-22 23:45:00+00:00,99493.21834196831
2026-05-23 00:00:00+00:00,99493.21834196831
2026-05-23 00:15:00+00:00,99493.67814775751
2026-05-23 00:30:00+00:00,99489.6629379868
2026-05-23 00:45:00+00:00,99491.04302416036
2026-05-23 01:00:00+00:00,99492.1568622939
2026-05-23 01:15:00+00:00,99493.32687893788
2026-05-23 01:30:00+00:00,99493.2309688895
2026-05-23 01:45:00+00:00,99493.75880419744
2026-05-23 02:00:00+00:00,99493.39583374774
2026-05-23 02:15:00+00:00,99489.12035254453
2026-05-23 02:30:00+00:00,99489.12035254453
2026-05-23 02:45:00+00:00,99489.12035254453
2026-05-23 03:00:00+00:00,99489.12035254453
2026-05-23 03:15:00+00:00,99489.12035254453
2026-05-23 03:30:00+00:00,99489.12035254453
2026-05-23 03:45:00+00:00,99489.12035254453
2026-05-23 04:00:00+00:00,99489.12035254453
2026-05-23 04:15:00+00:00,99489.12035254453
2026-05-23 04:30:00+00:00,99489.12035254453
2026-05-23 04:45:00+00:00,99489.12035254453
2026-05-23 05:00:00+00:00,99489.12035254453
2026-05-23 05:15:00+00:00,99489.12035254453
2026-05-23 05:30:00+00:00,99489.12035254453
2026-05-23 05:45:00+00:00,99489.12035254453
2026-05-23 06:00:00+00:00,99489.12035254453
2026-05-23 06:15:00+00:00,99489.12035254453
2026-05-23 06:30:00+00:00,99489.12035254453
2026-05-23 06:45:00+00:00,99489.12035254453
2026-05-23 07:00:00+00:00,99489.12035254453
2026-05-23 07:15:00+00:00,99489.12035254453
2026-05-23 07:30:00+00:00,99489.12035254453
2026-05-23 07:45:00+00:00,99489.12035254453
2026-05-23 08:00:00+00:00,99489.12035254453
2026-05-23 08:15:00+00:00,99489.12035254453
2026-05-23 08:30:00+00:00,99489.12035254453
2026-05-23 08:45:00+00:00,99489.12035254453
2026-05-23 09:00:00+00:00,99489.12035254453
2026-05-23 09:15:00+00:00,99489.12035254453
2026-05-23 09:30:00+00:00,99489.12035254453
2026-05-23 09:45:00+00:00,99489.12035254453
2026-05-23 10:00:00+00:00,99489.12035254453
2026-05-23 10:15:00+00:00,99489.12035254453
2026-05-23 10:30:00+00:00,99489.12035254453
2026-05-23 10:45:00+00:00,99489.12035254453
2026-05-23 11:00:00+00:00,99489.12035254453
2026-05-23 11:15:00+00:00,99489.12035254453
2026-05-23 11:30:00+00:00,99489.12035254453
2026-05-23 11:45:00+00:00,99489.12035254453
2026-05-23 12:00:00+00:00,99489.12035254453
2026-05-23 12:15:00+00:00,99489.12035254453
2026-05-23 12:30:00+00:00,99489.12035254453
2026-05-23 12:45:00+00:00,99489.12035254453
2026-05-23 13:00:00+00:00,99489.12035254453
2026-05-23 13:15:00+00:00,99489.12035254453
2026-05-23 13:30:00+00:00,99489.12035254453
2026-05-23 13:45:00+00:00,99489.12035254453
2026-05-23 14:00:00+00:00,99489.12035254453
2026-05-23 14:15:00+00:00,99489.12035254453
2026-05-23 14:30:00+00:00,99489.12035254453
2026-05-23 14:45:00+00:00,99489.12035254453
2026-05-23 15:00:00+00:00,99489.12035254453
2026-05-23 15:15:00+00:00,99489.12035254453
2026-05-23 15:30:00+00:00,99489.12035254453
2026-05-23 15:45:00+00:00,99489.12035254453
2026-05-23 16:00:00+00:00,99489.12035254453
2026-05-23 16:15:00+00:00,99489.12035254453
2026-05-23 16:30:00+00:00,99489.12035254453
2026-05-23 16:45:00+00:00,99489.12035254453
2026-05-23 17:00:00+00:00,99489.12035254453
2026-05-23 17:15:00+00:00,99489.12035254453
2026-05-23 17:30:00+00:00,99489.12035254453
2026-05-23 17:45:00+00:00,99489.12035254453
2026-05-23 18:00:00+00:00,99489.12035254453
2026-05-23 18:15:00+00:00,99489.12035254453
2026-05-23 18:30:00+00:00,99489.12035254453
2026-05-23 18:45:00+00:00,99489.12035254453
2026-05-23 19:00:00+00:00,99489.12035254453
2026-05-23 19:15:00+00:00,99489.12035254453
2026-05-23 19:30:00+00:00,99489.12035254453
2026-05-23 19:45:00+00:00,99489.12035254453
2026-05-23 20:00:00+00:00,99489.12035254453
2026-05-23 20:15:00+00:00,99490.80380991321
2026-05-23 20:30:00+00:00,99471.71827180721
2026-05-23 20:45:00+00:00,99471.71827180721
2026-05-23 21:00:00+00:00,99471.71827180721
2026-05-23 21:15:00+00:00,99471.71827180721
2026-05-23 21:30:00+00:00,99471.71827180721
2026-05-23 21:45:00+00:00,99471.71827180721
2026-05-23 22:00:00+00:00,99471.71827180721
2026-05-23 22:15:00+00:00,99471.71827180721
2026-05-23 22:30:00+00:00,99471.71827180721
2026-05-23 22:45:00+00:00,99471.71827180721
2026-05-23 23:00:00+00:00,99471.71827180721
2026-05-23 23:15:00+00:00,99471.71827180721
2026-05-23 23:30:00+00:00,99471.71827180721
2026-05-23 23:45:00+00:00,99471.71827180721
2026-05-24 00:00:00+00:00,99471.71827180721
2026-05-24 00:15:00+00:00,99471.71827180721
2026-05-24 00:30:00+00:00,99471.71827180721
2026-05-24 00:45:00+00:00,99471.71827180721
2026-05-24 01:00:00+00:00,99471.71827180721
2026-05-24 01:15:00+00:00,99471.71827180721
2026-05-24 01:30:00+00:00,99471.71827180721
2026-05-24 01:45:00+00:00,99471.71827180721
2026-05-24 02:00:00+00:00,99471.71827180721
2026-05-24 02:15:00+00:00,99471.71827180721
2026-05-24 02:30:00+00:00,99471.71827180721
2026-05-24 02:45:00+00:00,99471.71827180721
2026-05-24 03:00:00+00:00,99471.71827180721
2026-05-24 03:15:00+00:00,99471.71827180721
2026-05-24 03:30:00+00:00,99471.71827180721
2026-05-24 03:45:00+00:00,99471.71827180721
2026-05-24 04:00:00+00:00,99471.71827180721
2026-05-24 04:15:00+00:00,99471.71827180721
2026-05-24 04:30:00+00:00,99471.71827180721
2026-05-24 04:45:00+00:00,99471.71827180721
2026-05-24 05:00:00+00:00,99471.71827180721
2026-05-24 05:15:00+00:00,99471.71827180721
2026-05-24 05:30:00+00:00,99471.71827180721
2026-05-24 05:45:00+00:00,99471.71827180721
2026-05-24 06:00:00+00:00,99471.71827180721
2026-05-24 06:15:00+00:00,99471.71827180721
2026-05-24 06:30:00+00:00,99471.71827180721
2026-05-24 06:45:00+00:00,99471.71827180721
2026-05-24 07:00:00+00:00,99471.71827180721
2026-05-24 07:15:00+00:00,99471.71827180721
2026-05-24 07:30:00+00:00,99471.71827180721
2026-05-24 07:45:00+00:00,99471.71827180721
2026-05-24 08:00:00+00:00,99471.71827180721
2026-05-24 08:15:00+00:00,99471.71827180721
2026-05-24 08:30:00+00:00,99471.71827180721
2026-05-24 08:45:00+00:00,99471.71827180721
2026-05-24 09:00:00+00:00,99471.71827180721
2026-05-24 09:15:00+00:00,99471.71827180721
2026-05-24 09:30:00+00:00,99471.71827180721
2026-05-24 09:45:00+00:00,99471.71827180721
2026-05-24 10:00:00+00:00,99471.71827180721
2026-05-24 10:15:00+00:00,99471.71827180721
2026-05-24 10:30:00+00:00,99471.71827180721
2026-05-24 10:45:00+00:00,99471.71827180721
2026-05-24 11:00:00+00:00,99471.71827180721
2026-05-24 11:15:00+00:00,99471.71827180721
2026-05-24 11:30:00+00:00,99471.71827180721
2026-05-24 11:45:00+00:00,99471.71827180721
2026-05-24 12:00:00+00:00,99471.71827180721
2026-05-24 12:15:00+00:00,99471.71827180721
2026-05-24 12:30:00+00:00,99471.71827180721
2026-05-24 12:45:00+00:00,99471.71827180721
2026-05-24 13:00:00+00:00,99471.71827180721
2026-05-24 13:15:00+00:00,99471.71827180721
2026-05-24 13:30:00+00:00,99471.71827180721
2026-05-24 13:45:00+00:00,99471.71827180721
2026-05-24 14:00:00+00:00,99471.71827180721
2026-05-24 14:15:00+00:00,99471.71827180721
2026-05-24 14:30:00+00:00,99471.71827180721
2026-05-24 14:45:00+00:00,99471.71827180721
2026-05-24 15:00:00+00:00,99471.71827180721
2026-05-24 15:15:00+00:00,99471.71827180721
2026-05-24 15:30:00+00:00,99471.71827180721
2026-05-24 15:45:00+00:00,99471.71827180721
2026-05-24 16:00:00+00:00,99471.71827180721
2026-05-24 16:15:00+00:00,99471.71827180721
2026-05-24 16:30:00+00:00,99471.71827180721
2026-05-24 16:45:00+00:00,99471.71827180721
2026-05-24 17:00:00+00:00,99471.71827180721
2026-05-24 17:15:00+00:00,99471.71827180721
2026-05-24 17:30:00+00:00,99471.71827180721
2026-05-24 17:45:00+00:00,99471.71827180721
2026-05-24 18:00:00+00:00,99471.71827180721
2026-05-24 18:15:00+00:00,99471.71827180721
2026-05-24 18:30:00+00:00,99471.71827180721
2026-05-24 18:45:00+00:00,99471.71827180721
2026-05-24 19:00:00+00:00,99471.71827180721
2026-05-24 19:15:00+00:00,99471.71827180721
2026-05-24 19:30:00+00:00,99471.71827180721
2026-05-24 19:45:00+00:00,99471.71827180721
2026-05-24 20:00:00+00:00,99471.71827180721
2026-05-24 20:15:00+00:00,99471.71827180721
2026-05-24 20:30:00+00:00,99471.71827180721
2026-05-24 20:45:00+00:00,99471.71827180721
2026-05-24 21:00:00+00:00,99471.71827180721
2026-05-24 21:15:00+00:00,99471.71827180721
2026-05-24 21:30:00+00:00,99471.71827180721
2026-05-24 21:45:00+00:00,99471.71827180721
2026-05-24 22:00:00+00:00,99471.71827180721
2026-05-24 22:15:00+00:00,99471.71827180721
2026-05-24 22:30:00+00:00,99471.71827180721
2026-05-24 22:45:00+00:00,99471.71827180721
2026-05-24 23:00:00+00:00,99471.71827180721
2026-05-24 23:15:00+00:00,99471.71827180721
2026-05-24 23:30:00+00:00,99471.71827180721
2026-05-24 23:45:00+00:00,99471.71827180721
2026-05-25 00:00:00+00:00,99471.71827180721
2026-05-25 00:15:00+00:00,99471.71827180721
2026-05-25 00:30:00+00:00,99471.71827180721
2026-05-25 00:45:00+00:00,99471.71827180721
2026-05-25 01:00:00+00:00,99471.71827180721
2026-05-25 01:15:00+00:00,99471.71827180721
2026-05-25 01:30:00+00:00,99471.71827180721
2026-05-25 01:45:00+00:00,99471.71827180721
2026-05-25 02:00:00+00:00,99471.71827180721
2026-05-25 02:15:00+00:00,99471.71827180721
2026-05-25 02:30:00+00:00,99471.71827180721
2026-05-25 02:45:00+00:00,99471.71827180721
2026-05-25 03:00:00+00:00,99471.71827180721
2026-05-25 03:15:00+00:00,99471.71827180721
2026-05-25 03:30:00+00:00,99471.71827180721
2026-05-25 03:45:00+00:00,99471.71827180721
2026-05-25 04:00:00+00:00,99471.71827180721
2026-05-25 04:15:00+00:00,99471.71827180721
2026-05-25 04:30:00+00:00,99471.71827180721
2026-05-25 04:45:00+00:00,99471.71827180721
2026-05-25 05:00:00+00:00,99471.71827180721
2026-05-25 05:15:00+00:00,99471.71827180721
2026-05-25 05:30:00+00:00,99471.71827180721
2026-05-25 05:45:00+00:00,99471.71827180721
2026-05-25 06:00:00+00:00,99471.71827180721
2026-05-25 06:15:00+00:00,99471.71827180721
2026-05-25 06:30:00+00:00,99471.71827180721
2026-05-25 06:45:00+00:00,99471.71827180721
2026-05-25 07:00:00+00:00,99471.71827180721
2026-05-25 07:15:00+00:00,99471.71827180721
2026-05-25 07:30:00+00:00,99471.71827180721
2026-05-25 07:45:00+00:00,99471.71827180721
2026-05-25 08:00:00+00:00,99471.71827180721
2026-05-25 08:15:00+00:00,99471.71827180721
2026-05-25 08:30:00+00:00,99471.71827180721
2026-05-25 08:45:00+00:00,99471.71827180721
2026-05-25 09:00:00+00:00,99471.71827180721
2026-05-25 09:15:00+00:00,99471.71827180721
2026-05-25 09:30:00+00:00,99471.71827180721
2026-05-25 09:45:00+00:00,99471.71827180721
2026-05-25 10:00:00+00:00,99471.71827180721
2026-05-25 10:15:00+00:00,99471.71827180721
2026-05-25 10:30:00+00:00,99471.71827180721
2026-05-25 10:45:00+00:00,99471.71827180721
2026-05-25 11:00:00+00:00,99471.71827180721
2026-05-25 11:15:00+00:00,99471.71827180721
2026-05-25 11:30:00+00:00,99471.71827180721
2026-05-25 11:45:00+00:00,99471.71827180721
2026-05-25 12:00:00+00:00,99471.71827180721
2026-05-25 12:15:00+00:00,99471.71827180721
2026-05-25 12:30:00+00:00,99471.71827180721
2026-05-25 12:45:00+00:00,99471.71827180721
2026-05-25 13:00:00+00:00,99471.71827180721
2026-05-25 13:15:00+00:00,99471.71827180721
2026-05-25 13:30:00+00:00,99471.71827180721
2026-05-25 13:45:00+00:00,99471.71827180721
2026-05-25 14:00:00+00:00,99471.71827180721
2026-05-25 14:15:00+00:00,99471.71827180721
2026-05-25 14:30:00+00:00,99471.71827180721
2026-05-25 14:45:00+00:00,99471.71827180721
2026-05-25 15:00:00+00:00,99471.71827180721
2026-05-25 15:15:00+00:00,99471.71827180721
2026-05-25 15:30:00+00:00,99471.71827180721
2026-05-25 15:45:00+00:00,99471.71827180721
2026-05-25 16:00:00+00:00,99471.71827180721
2026-05-25 16:15:00+00:00,99471.71827180721
2026-05-25 16:30:00+00:00,99471.71827180721
2026-05-25 16:45:00+00:00,99471.71827180721
2026-05-25 17:00:00+00:00,99471.71827180721
2026-05-25 17:15:00+00:00,99471.71827180721
2026-05-25 17:30:00+00:00,99471.71827180721
2026-05-25 17:45:00+00:00,99471.71827180721
2026-05-25 18:00:00+00:00,99471.71827180721
2026-05-25 18:15:00+00:00,99471.71827180721
2026-05-25 18:30:00+00:00,99471.71827180721
2026-05-25 18:45:00+00:00,99471.71827180721
2026-05-25 19:00:00+00:00,99471.71827180721
2026-05-25 19:15:00+00:00,99471.71827180721
2026-05-25 19:30:00+00:00,99471.71827180721
2026-05-25 19:45:00+00:00,99471.71827180721
2026-05-25 20:00:00+00:00,99471.71827180721
2026-05-25 20:15:00+00:00,99471.71827180721
2026-05-25 20:30:00+00:00,99471.71827180721
2026-05-25 20:45:00+00:00,99471.71827180721
2026-05-25 21:00:00+00:00,99471.71827180721
2026-05-25 21:15:00+00:00,99471.71827180721
2026-05-25 21:30:00+00:00,99471.71827180721
2026-05-25 21:45:00+00:00,99471.71827180721
2026-05-25 22:00:00+00:00,99471.71827180721
2026-05-25 22:15:00+00:00,99471.71827180721
2026-05-25 22:30:00+00:00,99471.71827180721
2026-05-25 22:45:00+00:00,99471.71827180721
2026-05-25 23:00:00+00:00,99471.71827180721
2026-05-25 23:15:00+00:00,99471.71827180721
2026-05-25 23:30:00+00:00,99471.71827180721
2026-05-25 23:45:00+00:00,99471.71827180721
2026-05-26 00:00:00+00:00,99471.71827180721
2026-05-26 00:15:00+00:00,99471.71827180721
2026-05-26 00:30:00+00:00,99471.71827180721
2026-05-26 00:45:00+00:00,99471.71827180721
2026-05-26 01:00:00+00:00,99471.71827180721
2026-05-26 01:15:00+00:00,99471.71827180721
2026-05-26 01:30:00+00:00,99471.71827180721
2026-05-26 01:45:00+00:00,99471.71827180721
2026-05-26 02:00:00+00:00,99471.71827180721
2026-05-26 02:15:00+00:00,99471.71827180721
2026-05-26 02:30:00+00:00,99471.71827180721
2026-05-26 02:45:00+00:00,99471.71827180721
2026-05-26 03:00:00+00:00,99471.71827180721
2026-05-26 03:15:00+00:00,99471.71827180721
2026-05-26 03:30:00+00:00,99471.71827180721
2026-05-26 03:45:00+00:00,99471.71827180721
2026-05-26 04:00:00+00:00,99471.71827180721
2026-05-26 04:15:00+00:00,99473.286421016
2026-05-26 04:30:00+00:00,99473.81041154632
2026-05-26 04:45:00+00:00,99473.43256911272
2026-05-26 05:00:00+00:00,99471.69945390442
2026-05-26 05:15:00+00:00,99471.69945390442
2026-05-26 05:30:00+00:00,99471.69945390442
2026-05-26 05:45:00+00:00,99471.69945390442
2026-05-26 06:00:00+00:00,99471.69945390442
2026-05-26 06:15:00+00:00,99471.69945390442
2026-05-26 06:30:00+00:00,99471.69945390442
2026-05-26 06:45:00+00:00,99471.69945390442
2026-05-26 07:00:00+00:00,99471.69945390442
2026-05-26 07:15:00+00:00,99471.69945390442
2026-05-26 07:30:00+00:00,99471.69945390442
2026-05-26 07:45:00+00:00,99471.69945390442
2026-05-26 08:00:00+00:00,99471.69945390442
2026-05-26 08:15:00+00:00,99471.69945390442
2026-05-26 08:30:00+00:00,99471.69945390442
2026-05-26 08:45:00+00:00,99471.69945390442
2026-05-26 09:00:00+00:00,99471.69945390442
2026-05-26 09:15:00+00:00,99471.69945390442
2026-05-26 09:30:00+00:00,99471.69945390442
2026-05-26 09:45:00+00:00,99471.69945390442
2026-05-26 10:00:00+00:00,99471.69945390442
2026-05-26 10:15:00+00:00,99471.69945390442
2026-05-26 10:30:00+00:00,99471.69945390442
2026-05-26 10:45:00+00:00,99471.69945390442
2026-05-26 11:00:00+00:00,99471.69945390442
2026-05-26 11:15:00+00:00,99471.69945390442
2026-05-26 11:30:00+00:00,99471.69945390442
2026-05-26 11:45:00+00:00,99471.69945390442
2026-05-26 12:00:00+00:00,99471.69945390442
2026-05-26 12:15:00+00:00,99471.69945390442
2026-05-26 12:30:00+00:00,99471.69945390442
2026-05-26 12:45:00+00:00,99471.69945390442
2026-05-26 13:00:00+00:00,99471.69945390442
2026-05-26 13:15:00+00:00,99471.69945390442
2026-05-26 13:30:00+00:00,99471.69945390442
2026-05-26 13:45:00+00:00,99471.69945390442
2026-05-26 14:00:00+00:00,99471.69945390442
2026-05-26 14:15:00+00:00,99471.69945390442
2026-05-26 14:30:00+00:00,99471.69945390442
2026-05-26 14:45:00+00:00,99471.69945390442
2026-05-26 15:00:00+00:00,99471.69945390442
2026-05-26 15:15:00+00:00,99471.69945390442
2026-05-26 15:30:00+00:00,99471.69945390442
2026-05-26 15:45:00+00:00,99471.69945390442
2026-05-26 16:00:00+00:00,99471.69945390442
2026-05-26 16:15:00+00:00,99471.69945390442
2026-05-26 16:30:00+00:00,99471.69945390442
2026-05-26 16:45:00+00:00,99471.69945390442
2026-05-26 17:00:00+00:00,99471.69945390442
2026-05-26 17:15:00+00:00,99471.69945390442
2026-05-26 17:30:00+00:00,99471.69945390442
2026-05-26 17:45:00+00:00,99471.69945390442
2026-05-26 18:00:00+00:00,99471.69945390442
2026-05-26 18:15:00+00:00,99471.69945390442
2026-05-26 18:30:00+00:00,99471.69945390442
2026-05-26 18:45:00+00:00,99471.69945390442
2026-05-26 19:00:00+00:00,99471.69945390442
2026-05-26 19:15:00+00:00,99471.69945390442
2026-05-26 19:30:00+00:00,99471.69945390442
2026-05-26 19:45:00+00:00,99471.69945390442
2026-05-26 20:00:00+00:00,99471.69945390442
2026-05-26 20:15:00+00:00,99471.69945390442
2026-05-26 20:30:00+00:00,99471.69945390442
2026-05-26 20:45:00+00:00,99471.69945390442
2026-05-26 21:00:00+00:00,99471.69945390442
2026-05-26 21:15:00+00:00,99471.69945390442
2026-05-26 21:30:00+00:00,99471.69945390442
2026-05-26 21:45:00+00:00,99471.69945390442
2026-05-26 22:00:00+00:00,99471.69945390442
2026-05-26 22:15:00+00:00,99471.69945390442
2026-05-26 22:30:00+00:00,99471.69945390442
2026-05-26 22:45:00+00:00,99471.69945390442
2026-05-26 23:00:00+00:00,99471.69945390442
2026-05-26 23:15:00+00:00,99471.69945390442
2026-05-26 23:30:00+00:00,99471.69945390442
2026-05-26 23:45:00+00:00,99471.69945390442
2026-05-27 00:00:00+00:00,99471.69945390442
2026-05-27 00:15:00+00:00,99470.79417029051
2026-05-27 00:30:00+00:00,99471.49151796901
2026-05-27 00:45:00+00:00,99473.73559466057
2026-05-27 01:00:00+00:00,99473.57498025811
2026-05-27 01:15:00+00:00,99469.72433686061
2026-05-27 01:30:00+00:00,99462.92416016728
2026-05-27 01:45:00+00:00,99462.92416016728
2026-05-27 02:00:00+00:00,99462.92416016728
2026-05-27 02:15:00+00:00,99462.92416016728
2026-05-27 02:30:00+00:00,99462.92416016728
2026-05-27 02:45:00+00:00,99462.92416016728
2026-05-27 03:00:00+00:00,99462.92416016728
2026-05-27 03:15:00+00:00,99462.92416016728
2026-05-27 03:30:00+00:00,99462.92416016728
2026-05-27 03:45:00+00:00,99462.92416016728
2026-05-27 04:00:00+00:00,99462.92416016728
2026-05-27 04:15:00+00:00,99462.92416016728
2026-05-27 04:30:00+00:00,99462.92416016728
2026-05-27 04:45:00+00:00,99462.92416016728
2026-05-27 05:00:00+00:00,99462.92416016728
2026-05-27 05:15:00+00:00,99462.92416016728
2026-05-27 05:30:00+00:00,99462.92416016728
2026-05-27 05:45:00+00:00,99462.92416016728
2026-05-27 06:00:00+00:00,99462.92416016728
2026-05-27 06:15:00+00:00,99462.92416016728
2026-05-27 06:30:00+00:00,99462.92416016728
2026-05-27 06:45:00+00:00,99462.92416016728
2026-05-27 07:00:00+00:00,99462.92416016728
2026-05-27 07:15:00+00:00,99462.92416016728
2026-05-27 07:30:00+00:00,99462.92416016728
2026-05-27 07:45:00+00:00,99462.92416016728
2026-05-27 08:00:00+00:00,99462.92416016728
2026-05-27 08:15:00+00:00,99462.92416016728
2026-05-27 08:30:00+00:00,99462.92416016728
2026-05-27 08:45:00+00:00,99462.92416016728
2026-05-27 09:00:00+00:00,99462.92416016728
2026-05-27 09:15:00+00:00,99462.92416016728
2026-05-27 09:30:00+00:00,99462.92416016728
2026-05-27 09:45:00+00:00,99462.92416016728
2026-05-27 10:00:00+00:00,99462.92416016728
2026-05-27 10:15:00+00:00,99462.92416016728
2026-05-27 10:30:00+00:00,99462.92416016728
2026-05-27 10:45:00+00:00,99462.92416016728
2026-05-27 11:00:00+00:00,99462.92416016728
2026-05-27 11:15:00+00:00,99462.92416016728
2026-05-27 11:30:00+00:00,99462.92416016728
2026-05-27 11:45:00+00:00,99462.92416016728
2026-05-27 12:00:00+00:00,99462.92416016728
2026-05-27 12:15:00+00:00,99462.92416016728
2026-05-27 12:30:00+00:00,99462.92416016728
2026-05-27 12:45:00+00:00,99462.92416016728
2026-05-27 13:00:00+00:00,99462.92416016728
2026-05-27 13:15:00+00:00,99462.92416016728
2026-05-27 13:30:00+00:00,99462.92416016728
2026-05-27 13:45:00+00:00,99462.92416016728
2026-05-27 14:00:00+00:00,99462.92416016728
2026-05-27 14:15:00+00:00,99462.92416016728
2026-05-27 14:30:00+00:00,99462.92416016728
2026-05-27 14:45:00+00:00,99462.92416016728
2026-05-27 15:00:00+00:00,99462.92416016728
2026-05-27 15:15:00+00:00,99462.92416016728
2026-05-27 15:30:00+00:00,99462.92416016728
2026-05-27 15:45:00+00:00,99462.92416016728
2026-05-27 16:00:00+00:00,99462.92416016728
2026-05-27 16:15:00+00:00,99462.92416016728
2026-05-27 16:30:00+00:00,99462.92416016728
2026-05-27 16:45:00+00:00,99462.92416016728
2026-05-27 17:00:00+00:00,99462.92416016728
2026-05-27 17:15:00+00:00,99462.92416016728
2026-05-27 17:30:00+00:00,99462.92416016728
2026-05-27 17:45:00+00:00,99462.92416016728
2026-05-27 18:00:00+00:00,99462.92416016728
2026-05-27 18:15:00+00:00,99462.92416016728
2026-05-27 18:30:00+00:00,99462.92416016728
2026-05-27 18:45:00+00:00,99462.92416016728
2026-05-27 19:00:00+00:00,99462.92416016728
2026-05-27 19:15:00+00:00,99462.92416016728
2026-05-27 19:30:00+00:00,99462.92416016728
2026-05-27 19:45:00+00:00,99462.92416016728
2026-05-27 20:00:00+00:00,99462.92416016728
2026-05-27 20:15:00+00:00,99462.92416016728
2026-05-27 20:30:00+00:00,99462.92416016728
2026-05-27 20:45:00+00:00,99462.92416016728
2026-05-27 21:00:00+00:00,99462.92416016728
2026-05-27 21:15:00+00:00,99462.92416016728
2026-05-27 21:30:00+00:00,99462.92416016728
2026-05-27 21:45:00+00:00,99462.92416016728
2026-05-27 22:00:00+00:00,99462.92416016728
2026-05-27 22:15:00+00:00,99462.92416016728
2026-05-27 22:30:00+00:00,99462.92416016728
2026-05-27 22:45:00+00:00,99462.92416016728
2026-05-27 23:00:00+00:00,99462.92416016728
2026-05-27 23:15:00+00:00,99462.92416016728
2026-05-27 23:30:00+00:00,99462.92416016728
2026-05-27 23:45:00+00:00,99462.92416016728
2026-05-28 00:00:00+00:00,99462.92416016728
2026-05-28 00:15:00+00:00,99462.92416016728
2026-05-28 00:30:00+00:00,99462.92416016728
2026-05-28 00:45:00+00:00,99462.92416016728
2026-05-28 01:00:00+00:00,99462.92416016728
2026-05-28 01:15:00+00:00,99462.92416016728
2026-05-28 01:30:00+00:00,99462.92416016728
2026-05-28 01:45:00+00:00,99462.92416016728
2026-05-28 02:00:00+00:00,99462.92416016728
2026-05-28 02:15:00+00:00,99462.92416016728
2026-05-28 02:30:00+00:00,99462.92416016728
2026-05-28 02:45:00+00:00,99462.92416016728
2026-05-28 03:00:00+00:00,99462.92416016728
2026-05-28 03:15:00+00:00,99462.92416016728
2026-05-28 03:30:00+00:00,99462.92416016728
2026-05-28 03:45:00+00:00,99462.92416016728
2026-05-28 04:00:00+00:00,99462.92416016728
2026-05-28 04:15:00+00:00,99461.33835145424
2026-05-28 04:30:00+00:00,99464.92712260256
2026-05-28 04:45:00+00:00,99464.96667478871
2026-05-28 05:00:00+00:00,99461.75589584629
2026-05-28 05:15:00+00:00,99460.39828902266
2026-05-28 05:30:00+00:00,99461.89493892116
2026-05-28 05:45:00+00:00,99461.07105168744
2026-05-28 06:00:00+00:00,99461.46226874649
2026-05-28 06:15:00+00:00,99454.08807551625
2026-05-28 06:30:00+00:00,99454.08807551625
2026-05-28 06:45:00+00:00,99454.08807551625
2026-05-28 07:00:00+00:00,99454.08807551625
2026-05-28 07:15:00+00:00,99454.08807551625
2026-05-28 07:30:00+00:00,99454.08807551625
2026-05-28 07:45:00+00:00,99454.08807551625
2026-05-28 08:00:00+00:00,99454.08807551625
2026-05-28 08:15:00+00:00,99454.08807551625
2026-05-28 08:30:00+00:00,99454.08807551625
2026-05-28 08:45:00+00:00,99454.08807551625
2026-05-28 09:00:00+00:00,99454.08807551625
2026-05-28 09:15:00+00:00,99454.08807551625
2026-05-28 09:30:00+00:00,99454.08807551625
2026-05-28 09:45:00+00:00,99454.08807551625
2026-05-28 10:00:00+00:00,99454.08807551625
2026-05-28 10:15:00+00:00,99454.08807551625
2026-05-28 10:30:00+00:00,99454.08807551625
2026-05-28 10:45:00+00:00,99454.08807551625
2026-05-28 11:00:00+00:00,99454.08807551625
2026-05-28 11:15:00+00:00,99454.08807551625
2026-05-28 11:30:00+00:00,99454.08807551625
2026-05-28 11:45:00+00:00,99454.08807551625
2026-05-28 12:00:00+00:00,99454.08807551625
2026-05-28 12:15:00+00:00,99454.08807551625
2026-05-28 12:30:00+00:00,99454.08807551625
2026-05-28 12:45:00+00:00,99454.08807551625
2026-05-28 13:00:00+00:00,99454.08807551625
2026-05-28 13:15:00+00:00,99454.08807551625
2026-05-28 13:30:00+00:00,99454.08807551625
2026-05-28 13:45:00+00:00,99454.08807551625
2026-05-28 14:00:00+00:00,99454.08807551625
2026-05-28 14:15:00+00:00,99454.08807551625
2026-05-28 14:30:00+00:00,99454.08807551625
2026-05-28 14:45:00+00:00,99454.08807551625
2026-05-28 15:00:00+00:00,99454.08807551625
2026-05-28 15:15:00+00:00,99454.08807551625
2026-05-28 15:30:00+00:00,99454.08807551625
2026-05-28 15:45:00+00:00,99454.08807551625
2026-05-28 16:00:00+00:00,99454.08807551625
2026-05-28 16:15:00+00:00,99454.08807551625
2026-05-28 16:30:00+00:00,99454.08807551625
2026-05-28 16:45:00+00:00,99454.08807551625
2026-05-28 17:00:00+00:00,99454.08807551625
2026-05-28 17:15:00+00:00,99454.08807551625
2026-05-28 17:30:00+00:00,99454.08807551625
2026-05-28 17:45:00+00:00,99454.08807551625
2026-05-28 18:00:00+00:00,99454.08807551625
2026-05-28 18:15:00+00:00,99454.08807551625
2026-05-28 18:30:00+00:00,99454.08807551625
2026-05-28 18:45:00+00:00,99454.08807551625
2026-05-28 19:00:00+00:00,99454.08807551625
2026-05-28 19:15:00+00:00,99454.08807551625
2026-05-28 19:30:00+00:00,99454.08807551625
2026-05-28 19:45:00+00:00,99454.08807551625
2026-05-28 20:00:00+00:00,99454.08807551625
2026-05-28 20:15:00+00:00,99449.95290187256
2026-05-28 20:30:00+00:00,99440.2334441655
2026-05-28 20:45:00+00:00,99440.2334441655
2026-05-28 21:00:00+00:00,99440.2334441655
2026-05-28 21:15:00+00:00,99440.2334441655
2026-05-28 21:30:00+00:00,99440.2334441655
2026-05-28 21:45:00+00:00,99440.2334441655
2026-05-28 22:00:00+00:00,99440.2334441655
2026-05-28 22:15:00+00:00,99440.2334441655
2026-05-28 22:30:00+00:00,99440.2334441655
2026-05-28 22:45:00+00:00,99440.2334441655
2026-05-28 23:00:00+00:00,99440.2334441655
2026-05-28 23:15:00+00:00,99440.2334441655
2026-05-28 23:30:00+00:00,99440.2334441655
2026-05-28 23:45:00+00:00,99440.2334441655
2026-05-29 00:00:00+00:00,99440.2334441655
2026-05-29 00:15:00+00:00,99440.2334441655
2026-05-29 00:30:00+00:00,99440.2334441655
2026-05-29 00:45:00+00:00,99440.2334441655
2026-05-29 01:00:00+00:00,99440.2334441655
2026-05-29 01:15:00+00:00,99440.2334441655
2026-05-29 01:30:00+00:00,99440.2334441655
2026-05-29 01:45:00+00:00,99440.2334441655
2026-05-29 02:00:00+00:00,99440.2334441655
2026-05-29 02:15:00+00:00,99440.2334441655
2026-05-29 02:30:00+00:00,99440.2334441655
2026-05-29 02:45:00+00:00,99440.2334441655
2026-05-29 03:00:00+00:00,99440.2334441655
2026-05-29 03:15:00+00:00,99440.2334441655
2026-05-29 03:30:00+00:00,99440.2334441655
2026-05-29 03:45:00+00:00,99440.2334441655
2026-05-29 04:00:00+00:00,99440.2334441655
2026-05-29 04:15:00+00:00,99440.2334441655
2026-05-29 04:30:00+00:00,99440.2334441655
2026-05-29 04:45:00+00:00,99440.2334441655
2026-05-29 05:00:00+00:00,99440.2334441655
2026-05-29 05:15:00+00:00,99440.2334441655
2026-05-29 05:30:00+00:00,99440.2334441655
2026-05-29 05:45:00+00:00,99440.2334441655
2026-05-29 06:00:00+00:00,99440.2334441655
2026-05-29 06:15:00+00:00,99440.2334441655
2026-05-29 06:30:00+00:00,99440.2334441655
2026-05-29 06:45:00+00:00,99440.2334441655
2026-05-29 07:00:00+00:00,99440.2334441655
2026-05-29 07:15:00+00:00,99440.2334441655
2026-05-29 07:30:00+00:00,99440.2334441655
2026-05-29 07:45:00+00:00,99440.2334441655
2026-05-29 08:00:00+00:00,99440.2334441655
2026-05-29 08:15:00+00:00,99440.2334441655
2026-05-29 08:30:00+00:00,99440.2334441655
2026-05-29 08:45:00+00:00,99440.2334441655
2026-05-29 09:00:00+00:00,99440.2334441655
2026-05-29 09:15:00+00:00,99440.2334441655
2026-05-29 09:30:00+00:00,99440.2334441655
2026-05-29 09:45:00+00:00,99440.2334441655
2026-05-29 10:00:00+00:00,99440.2334441655
2026-05-29 10:15:00+00:00,99440.2334441655
2026-05-29 10:30:00+00:00,99440.2334441655
2026-05-29 10:45:00+00:00,99440.2334441655
2026-05-29 11:00:00+00:00,99440.2334441655
2026-05-29 11:15:00+00:00,99440.2334441655
2026-05-29 11:30:00+00:00,99440.2334441655
2026-05-29 11:45:00+00:00,99440.2334441655
2026-05-29 12:00:00+00:00,99440.2334441655
2026-05-29 12:15:00+00:00,99440.2334441655
2026-05-29 12:30:00+00:00,99440.2334441655
2026-05-29 12:45:00+00:00,99440.2334441655
2026-05-29 13:00:00+00:00,99440.2334441655
2026-05-29 13:15:00+00:00,99440.2334441655
2026-05-29 13:30:00+00:00,99440.2334441655
2026-05-29 13:45:00+00:00,99440.2334441655
2026-05-29 14:00:00+00:00,99440.2334441655
2026-05-29 14:15:00+00:00,99440.2334441655
2026-05-29 14:30:00+00:00,99440.2334441655
2026-05-29 14:45:00+00:00,99440.2334441655
2026-05-29 15:00:00+00:00,99440.2334441655
2026-05-29 15:15:00+00:00,99440.2334441655
2026-05-29 15:30:00+00:00,99440.2334441655
2026-05-29 15:45:00+00:00,99440.2334441655
2026-05-29 16:00:00+00:00,99440.2334441655
2026-05-29 16:15:00+00:00,99440.2334441655
2026-05-29 16:30:00+00:00,99440.2334441655
2026-05-29 16:45:00+00:00,99440.2334441655
2026-05-29 17:00:00+00:00,99440.2334441655
2026-05-29 17:15:00+00:00,99440.2334441655
2026-05-29 17:30:00+00:00,99440.2334441655
2026-05-29 17:45:00+00:00,99440.2334441655
2026-05-29 18:00:00+00:00,99440.2334441655
2026-05-29 18:15:00+00:00,99440.2334441655
2026-05-29 18:30:00+00:00,99440.2334441655
2026-05-29 18:45:00+00:00,99440.2334441655
2026-05-29 19:00:00+00:00,99440.2334441655
2026-05-29 19:15:00+00:00,99440.2334441655
2026-05-29 19:30:00+00:00,99440.2334441655
2026-05-29 19:45:00+00:00,99440.2334441655
2026-05-29 20:00:00+00:00,99440.2334441655
2026-05-29 20:15:00+00:00,99440.2334441655
2026-05-29 20:30:00+00:00,99440.2334441655
2026-05-29 20:45:00+00:00,99440.2334441655
2026-05-29 21:00:00+00:00,99440.2334441655
2026-05-29 21:15:00+00:00,99440.2334441655
2026-05-29 21:30:00+00:00,99440.2334441655
2026-05-29 21:45:00+00:00,99440.2334441655
2026-05-29 22:00:00+00:00,99440.2334441655
2026-05-29 22:15:00+00:00,99440.2334441655
2026-05-29 22:30:00+00:00,99440.2334441655
2026-05-29 22:45:00+00:00,99440.2334441655
2026-05-29 23:00:00+00:00,99440.2334441655
2026-05-29 23:15:00+00:00,99440.2334441655
2026-05-29 23:30:00+00:00,99440.2334441655
2026-05-29 23:45:00+00:00,99440.2334441655
2026-05-30 00:00:00+00:00,99440.2334441655
2026-05-30 00:15:00+00:00,99440.2334441655
2026-05-30 00:30:00+00:00,99440.2334441655
2026-05-30 00:45:00+00:00,99440.2334441655
2026-05-30 01:00:00+00:00,99440.2334441655
2026-05-30 01:15:00+00:00,99440.2334441655
2026-05-30 01:30:00+00:00,99440.2334441655
2026-05-30 01:45:00+00:00,99440.2334441655
2026-05-30 02:00:00+00:00,99440.2334441655
2026-05-30 02:15:00+00:00,99440.2334441655
2026-05-30 02:30:00+00:00,99440.2334441655
2026-05-30 02:45:00+00:00,99440.2334441655
2026-05-30 03:00:00+00:00,99440.2334441655
2026-05-30 03:15:00+00:00,99440.2334441655
2026-05-30 03:30:00+00:00,99440.2334441655
2026-05-30 03:45:00+00:00,99440.2334441655
2026-05-30 04:00:00+00:00,99440.2334441655
2026-05-30 04:15:00+00:00,99440.2334441655
2026-05-30 04:30:00+00:00,99440.2334441655
2026-05-30 04:45:00+00:00,99440.2334441655
2026-05-30 05:00:00+00:00,99440.2334441655
2026-05-30 05:15:00+00:00,99440.2334441655
2026-05-30 05:30:00+00:00,99440.2334441655
2026-05-30 05:45:00+00:00,99440.2334441655
2026-05-30 06:00:00+00:00,99440.2334441655
2026-05-30 06:15:00+00:00,99440.2334441655
2026-05-30 06:30:00+00:00,99440.2334441655
2026-05-30 06:45:00+00:00,99440.2334441655
2026-05-30 07:00:00+00:00,99440.2334441655
2026-05-30 07:15:00+00:00,99440.2334441655
2026-05-30 07:30:00+00:00,99440.2334441655
2026-05-30 07:45:00+00:00,99440.2334441655
2026-05-30 08:00:00+00:00,99440.2334441655
2026-05-30 08:15:00+00:00,99440.2334441655
2026-05-30 08:30:00+00:00,99440.2334441655
2026-05-30 08:45:00+00:00,99440.2334441655
2026-05-30 09:00:00+00:00,99440.2334441655
2026-05-30 09:15:00+00:00,99440.2334441655
2026-05-30 09:30:00+00:00,99440.2334441655
2026-05-30 09:45:00+00:00,99440.2334441655
2026-05-30 10:00:00+00:00,99440.2334441655
2026-05-30 10:15:00+00:00,99440.2334441655
2026-05-30 10:30:00+00:00,99440.2334441655
2026-05-30 10:45:00+00:00,99440.2334441655
2026-05-30 11:00:00+00:00,99440.2334441655
2026-05-30 11:15:00+00:00,99440.2334441655
2026-05-30 11:30:00+00:00,99440.2334441655
2026-05-30 11:45:00+00:00,99440.2334441655
2026-05-30 12:00:00+00:00,99440.2334441655
2026-05-30 12:15:00+00:00,99440.2334441655
2026-05-30 12:30:00+00:00,99440.2334441655
2026-05-30 12:45:00+00:00,99440.2334441655
2026-05-30 13:00:00+00:00,99440.2334441655
2026-05-30 13:15:00+00:00,99440.2334441655
2026-05-30 13:30:00+00:00,99440.2334441655
2026-05-30 13:45:00+00:00,99440.2334441655
2026-05-30 14:00:00+00:00,99440.2334441655
2026-05-30 14:15:00+00:00,99440.2334441655
2026-05-30 14:30:00+00:00,99440.2334441655
2026-05-30 14:45:00+00:00,99440.2334441655
2026-05-30 15:00:00+00:00,99440.2334441655
2026-05-30 15:15:00+00:00,99440.2334441655
2026-05-30 15:30:00+00:00,99440.2334441655
2026-05-30 15:45:00+00:00,99440.2334441655
2026-05-30 16:00:00+00:00,99440.2334441655
2026-05-30 16:15:00+00:00,99440.2334441655
2026-05-30 16:30:00+00:00,99440.2334441655
2026-05-30 16:45:00+00:00,99440.2334441655
2026-05-30 17:00:00+00:00,99440.2334441655
2026-05-30 17:15:00+00:00,99440.2334441655
2026-05-30 17:30:00+00:00,99440.2334441655
2026-05-30 17:45:00+00:00,99440.2334441655
2026-05-30 18:00:00+00:00,99440.2334441655
2026-05-30 18:15:00+00:00,99440.2334441655
2026-05-30 18:30:00+00:00,99440.2334441655
2026-05-30 18:45:00+00:00,99440.2334441655
2026-05-30 19:00:00+00:00,99440.2334441655
2026-05-30 19:15:00+00:00,99440.2334441655
2026-05-30 19:30:00+00:00,99440.2334441655
2026-05-30 19:45:00+00:00,99440.2334441655
2026-05-30 20:00:00+00:00,99440.2334441655
2026-05-30 20:15:00+00:00,99440.2334441655
2026-05-30 20:30:00+00:00,99440.2334441655
2026-05-30 20:45:00+00:00,99440.2334441655
2026-05-30 21:00:00+00:00,99440.2334441655
2026-05-30 21:15:00+00:00,99440.2334441655
2026-05-30 21:30:00+00:00,99440.2334441655
2026-05-30 21:45:00+00:00,99440.2334441655
2026-05-30 22:00:00+00:00,99440.2334441655
2026-05-30 22:15:00+00:00,99440.2334441655
2026-05-30 22:30:00+00:00,99440.2334441655
2026-05-30 22:45:00+00:00,99440.2334441655
2026-05-30 23:00:00+00:00,99440.2334441655
2026-05-30 23:15:00+00:00,99440.2334441655
2026-05-30 23:30:00+00:00,99440.2334441655
2026-05-30 23:45:00+00:00,99440.2334441655
2026-05-31 00:00:00+00:00,99440.2334441655
2026-05-31 00:15:00+00:00,99440.2334441655
2026-05-31 00:30:00+00:00,99440.2334441655
2026-05-31 00:45:00+00:00,99440.2334441655
2026-05-31 01:00:00+00:00,99440.2334441655
2026-05-31 01:15:00+00:00,99440.2334441655
2026-05-31 01:30:00+00:00,99440.2334441655
2026-05-31 01:45:00+00:00,99440.2334441655
2026-05-31 02:00:00+00:00,99440.2334441655
2026-05-31 02:15:00+00:00,99440.2334441655
2026-05-31 02:30:00+00:00,99440.2334441655
2026-05-31 02:45:00+00:00,99440.2334441655
2026-05-31 03:00:00+00:00,99440.2334441655
2026-05-31 03:15:00+00:00,99440.2334441655
2026-05-31 03:30:00+00:00,99440.2334441655
2026-05-31 03:45:00+00:00,99440.2334441655
2026-05-31 04:00:00+00:00,99440.2334441655
2026-05-31 04:15:00+00:00,99440.2334441655
2026-05-31 04:30:00+00:00,99440.2334441655
2026-05-31 04:45:00+00:00,99440.2334441655
2026-05-31 05:00:00+00:00,99440.2334441655
2026-05-31 05:15:00+00:00,99440.2334441655
2026-05-31 05:30:00+00:00,99440.2334441655
2026-05-31 05:45:00+00:00,99440.2334441655
2026-05-31 06:00:00+00:00,99440.2334441655
2026-05-31 06:15:00+00:00,99440.2334441655
2026-05-31 06:30:00+00:00,99440.2334441655
2026-05-31 06:45:00+00:00,99440.2334441655
2026-05-31 07:00:00+00:00,99440.2334441655
2026-05-31 07:15:00+00:00,99440.2334441655
2026-05-31 07:30:00+00:00,99440.2334441655
2026-05-31 07:45:00+00:00,99440.2334441655
2026-05-31 08:00:00+00:00,99440.2334441655
2026-05-31 08:15:00+00:00,99440.2334441655
2026-05-31 08:30:00+00:00,99440.2334441655
2026-05-31 08:45:00+00:00,99440.2334441655
2026-05-31 09:00:00+00:00,99440.2334441655
2026-05-31 09:15:00+00:00,99440.2334441655
2026-05-31 09:30:00+00:00,99440.2334441655
2026-05-31 09:45:00+00:00,99440.2334441655
2026-05-31 10:00:00+00:00,99440.2334441655
2026-05-31 10:15:00+00:00,99440.2334441655
2026-05-31 10:30:00+00:00,99440.2334441655
2026-05-31 10:45:00+00:00,99440.2334441655
2026-05-31 11:00:00+00:00,99440.2334441655
2026-05-31 11:15:00+00:00,99440.2334441655
2026-05-31 11:30:00+00:00,99440.2334441655
2026-05-31 11:45:00+00:00,99440.2334441655
2026-05-31 12:00:00+00:00,99440.2334441655
2026-05-31 12:15:00+00:00,99440.2334441655
2026-05-31 12:30:00+00:00,99440.2334441655
2026-05-31 12:45:00+00:00,99440.2334441655
2026-05-31 13:00:00+00:00,99440.2334441655
2026-05-31 13:15:00+00:00,99440.2334441655
2026-05-31 13:30:00+00:00,99440.2334441655
2026-05-31 13:45:00+00:00,99440.2334441655
2026-05-31 14:00:00+00:00,99440.2334441655
2026-05-31 14:15:00+00:00,99440.2334441655
2026-05-31 14:30:00+00:00,99440.2334441655
2026-05-31 14:45:00+00:00,99440.2334441655
2026-05-31 15:00:00+00:00,99440.2334441655
2026-05-31 15:15:00+00:00,99440.2334441655
2026-05-31 15:30:00+00:00,99440.2334441655
2026-05-31 15:45:00+00:00,99440.2334441655
2026-05-31 16:00:00+00:00,99440.2334441655
2026-05-31 16:15:00+00:00,99440.2334441655
2026-05-31 16:30:00+00:00,99440.2334441655
2026-05-31 16:45:00+00:00,99440.2334441655
2026-05-31 17:00:00+00:00,99440.2334441655
2026-05-31 17:15:00+00:00,99440.2334441655
2026-05-31 17:30:00+00:00,99440.2334441655
2026-05-31 17:45:00+00:00,99440.2334441655
2026-05-31 18:00:00+00:00,99440.2334441655
2026-05-31 18:15:00+00:00,99440.2334441655
2026-05-31 18:30:00+00:00,99440.2334441655
2026-05-31 18:45:00+00:00,99440.2334441655
2026-05-31 19:00:00+00:00,99440.2334441655
2026-05-31 19:15:00+00:00,99440.2334441655
2026-05-31 19:30:00+00:00,99440.2334441655
2026-05-31 19:45:00+00:00,99440.2334441655
2026-05-31 20:00:00+00:00,99440.2334441655
2026-05-31 20:15:00+00:00,99440.2334441655
2026-05-31 20:30:00+00:00,99440.2334441655
2026-05-31 20:45:00+00:00,99440.2334441655
2026-05-31 21:00:00+00:00,99440.2334441655
2026-05-31 21:15:00+00:00,99440.2334441655
2026-05-31 21:30:00+00:00,99440.2334441655
2026-05-31 21:45:00+00:00,99440.2334441655
2026-05-31 22:00:00+00:00,99440.2334441655
2026-05-31 22:15:00+00:00,99440.2334441655
2026-05-31 22:30:00+00:00,99440.2334441655
2026-05-31 22:45:00+00:00,99440.2334441655
2026-05-31 23:00:00+00:00,99440.2334441655
2026-05-31 23:15:00+00:00,99440.2334441655
2026-05-31 23:30:00+00:00,99440.2334441655
2026-05-31 23:45:00+00:00,99440.2334441655
2026-06-01 00:00:00+00:00,99440.2334441655
2026-06-01 00:15:00+00:00,99440.2334441655
2026-06-01 00:30:00+00:00,99440.2334441655
2026-06-01 00:45:00+00:00,99440.2334441655
2026-06-01 01:00:00+00:00,99440.2334441655
2026-06-01 01:15:00+00:00,99440.2334441655
2026-06-01 01:30:00+00:00,99440.2334441655
2026-06-01 01:45:00+00:00,99440.2334441655
2026-06-01 02:00:00+00:00,99440.2334441655
2026-06-01 02:15:00+00:00,99440.2334441655
2026-06-01 02:30:00+00:00,99440.2334441655
2026-06-01 02:45:00+00:00,99440.2334441655
2026-06-01 03:00:00+00:00,99440.2334441655
2026-06-01 03:15:00+00:00,99440.2334441655
2026-06-01 03:30:00+00:00,99440.2334441655
2026-06-01 03:45:00+00:00,99440.2334441655
2026-06-01 04:00:00+00:00,99440.2334441655
2026-06-01 04:15:00+00:00,99436.24326566412
2026-06-01 04:30:00+00:00,99437.94961672365
2026-06-01 04:45:00+00:00,99438.84303215753
2026-06-01 05:00:00+00:00,99438.92396413571
2026-06-01 05:15:00+00:00,99435.10474682898
2026-06-01 05:30:00+00:00,99427.01224062074
2026-06-01 05:45:00+00:00,99427.01224062074
2026-06-01 06:00:00+00:00,99427.01224062074
2026-06-01 06:15:00+00:00,99427.01224062074
2026-06-01 06:30:00+00:00,99427.01224062074
2026-06-01 06:45:00+00:00,99427.01224062074
2026-06-01 07:00:00+00:00,99427.01224062074
2026-06-01 07:15:00+00:00,99427.01224062074
2026-06-01 07:30:00+00:00,99427.01224062074
2026-06-01 07:45:00+00:00,99427.01224062074
2026-06-01 08:00:00+00:00,99427.01224062074
2026-06-01 08:15:00+00:00,99425.20382710082
2026-06-01 08:30:00+00:00,99425.68979145512
2026-06-01 08:45:00+00:00,99428.68089550575
2026-06-01 09:00:00+00:00,99430.12705969576
2026-06-01 09:15:00+00:00,99430.91107335215
2026-06-01 09:30:00+00:00,99429.61758916624
2026-06-01 09:45:00+00:00,99426.34486907472
2026-06-01 10:00:00+00:00,99426.34486907472
2026-06-01 10:15:00+00:00,99426.34486907472
2026-06-01 10:30:00+00:00,99426.34486907472
2026-06-01 10:45:00+00:00,99426.34486907472
2026-06-01 11:00:00+00:00,99426.34486907472
2026-06-01 11:15:00+00:00,99426.34486907472
2026-06-01 11:30:00+00:00,99426.34486907472
2026-06-01 11:45:00+00:00,99426.34486907472
2026-06-01 12:00:00+00:00,99426.34486907472
2026-06-01 12:15:00+00:00,99426.34486907472
2026-06-01 12:30:00+00:00,99426.34486907472
2026-06-01 12:45:00+00:00,99426.34486907472
2026-06-01 13:00:00+00:00,99426.34486907472
2026-06-01 13:15:00+00:00,99426.34486907472
2026-06-01 13:30:00+00:00,99426.34486907472
2026-06-01 13:45:00+00:00,99426.34486907472
2026-06-01 14:00:00+00:00,99426.34486907472
2026-06-01 14:15:00+00:00,99426.34486907472
2026-06-01 14:30:00+00:00,99426.34486907472
2026-06-01 14:45:00+00:00,99426.34486907472
2026-06-01 15:00:00+00:00,99426.34486907472
2026-06-01 15:15:00+00:00,99426.34486907472
2026-06-01 15:30:00+00:00,99426.34486907472
2026-06-01 15:45:00+00:00,99426.34486907472
2026-06-01 16:00:00+00:00,99426.34486907472
2026-06-01 16:15:00+00:00,99430.72096577186
2026-06-01 16:30:00+00:00,99436.00775085669
2026-06-01 16:45:00+00:00,99440.60734915479
2026-06-01 17:00:00+00:00,99441.08569614906
2026-06-01 17:15:00+00:00,99454.48313673507
2026-06-01 17:30:00+00:00,99454.48313673507
2026-06-01 17:45:00+00:00,99454.48313673507
2026-06-01 18:00:00+00:00,99454.48313673507
2026-06-01 18:15:00+00:00,99454.48313673507
2026-06-01 18:30:00+00:00,99454.48313673507
2026-06-01 18:45:00+00:00,99454.48313673507
2026-06-01 19:00:00+00:00,99454.48313673507
2026-06-01 19:15:00+00:00,99454.48313673507
2026-06-01 19:30:00+00:00,99454.48313673507
2026-06-01 19:45:00+00:00,99454.48313673507
2026-06-01 20:00:00+00:00,99454.48313673507
2026-06-01 20:15:00+00:00,99454.48313673507
2026-06-01 20:30:00+00:00,99454.48313673507
2026-06-01 20:45:00+00:00,99454.48313673507
2026-06-01 21:00:00+00:00,99454.48313673507
2026-06-01 21:15:00+00:00,99454.48313673507
2026-06-01 21:30:00+00:00,99454.48313673507
2026-06-01 21:45:00+00:00,99454.48313673507
2026-06-01 22:00:00+00:00,99454.48313673507
2026-06-01 22:15:00+00:00,99454.48313673507
2026-06-01 22:30:00+00:00,99454.48313673507
2026-06-01 22:45:00+00:00,99454.48313673507
2026-06-01 23:00:00+00:00,99454.48313673507
2026-06-01 23:15:00+00:00,99454.48313673507
2026-06-01 23:30:00+00:00,99454.48313673507
2026-06-01 23:45:00+00:00,99454.48313673507
2026-06-02 00:00:00+00:00,99454.48313673507
2026-06-02 00:15:00+00:00,99454.48313673507
2026-06-02 00:30:00+00:00,99454.48313673507
2026-06-02 00:45:00+00:00,99454.48313673507
2026-06-02 01:00:00+00:00,99454.48313673507
2026-06-02 01:15:00+00:00,99454.48313673507
2026-06-02 01:30:00+00:00,99454.48313673507
2026-06-02 01:45:00+00:00,99454.48313673507
2026-06-02 02:00:00+00:00,99454.48313673507
2026-06-02 02:15:00+00:00,99454.48313673507
2026-06-02 02:30:00+00:00,99454.48313673507
2026-06-02 02:45:00+00:00,99454.48313673507
2026-06-02 03:00:00+00:00,99454.48313673507
2026-06-02 03:15:00+00:00,99454.48313673507
2026-06-02 03:30:00+00:00,99454.48313673507
2026-06-02 03:45:00+00:00,99454.48313673507
2026-06-02 04:00:00+00:00,99454.48313673507
2026-06-02 04:15:00+00:00,99454.48313673507
2026-06-02 04:30:00+00:00,99454.48313673507
2026-06-02 04:45:00+00:00,99454.48313673507
2026-06-02 05:00:00+00:00,99454.48313673507
2026-06-02 05:15:00+00:00,99454.48313673507
2026-06-02 05:30:00+00:00,99454.48313673507
2026-06-02 05:45:00+00:00,99454.48313673507
2026-06-02 06:00:00+00:00,99454.48313673507
2026-06-02 06:15:00+00:00,99454.48313673507
2026-06-02 06:30:00+00:00,99454.48313673507
2026-06-02 06:45:00+00:00,99454.48313673507
2026-06-02 07:00:00+00:00,99454.48313673507
2026-06-02 07:15:00+00:00,99454.48313673507
2026-06-02 07:30:00+00:00,99454.48313673507
2026-06-02 07:45:00+00:00,99454.48313673507
2026-06-02 08:00:00+00:00,99454.48313673507
2026-06-02 08:15:00+00:00,99454.48313673507
2026-06-02 08:30:00+00:00,99454.48313673507
2026-06-02 08:45:00+00:00,99454.48313673507
2026-06-02 09:00:00+00:00,99454.48313673507
2026-06-02 09:15:00+00:00,99454.48313673507
2026-06-02 09:30:00+00:00,99454.48313673507
2026-06-02 09:45:00+00:00,99454.48313673507
2026-06-02 10:00:00+00:00,99454.48313673507
2026-06-02 10:15:00+00:00,99454.48313673507
2026-06-02 10:30:00+00:00,99454.48313673507
2026-06-02 10:45:00+00:00,99454.48313673507
2026-06-02 11:00:00+00:00,99454.48313673507
2026-06-02 11:15:00+00:00,99454.48313673507
2026-06-02 11:30:00+00:00,99454.48313673507
2026-06-02 11:45:00+00:00,99454.48313673507
2026-06-02 12:00:00+00:00,99454.48313673507
2026-06-02 12:15:00+00:00,99454.48313673507
2026-06-02 12:30:00+00:00,99454.48313673507
2026-06-02 12:45:00+00:00,99454.48313673507
2026-06-02 13:00:00+00:00,99454.48313673507
2026-06-02 13:15:00+00:00,99454.48313673507
2026-06-02 13:30:00+00:00,99454.48313673507
2026-06-02 13:45:00+00:00,99454.48313673507
2026-06-02 14:00:00+00:00,99454.48313673507
2026-06-02 14:15:00+00:00,99454.48313673507
2026-06-02 14:30:00+00:00,99454.48313673507
2026-06-02 14:45:00+00:00,99454.48313673507
2026-06-02 15:00:00+00:00,99454.48313673507
2026-06-02 15:15:00+00:00,99454.48313673507
2026-06-02 15:30:00+00:00,99454.48313673507
2026-06-02 15:45:00+00:00,99454.48313673507
2026-06-02 16:00:00+00:00,99454.48313673507
2026-06-02 16:15:00+00:00,99454.48313673507
2026-06-02 16:30:00+00:00,99454.48313673507
2026-06-02 16:45:00+00:00,99454.48313673507
2026-06-02 17:00:00+00:00,99454.48313673507
2026-06-02 17:15:00+00:00,99454.48313673507
2026-06-02 17:30:00+00:00,99454.48313673507
2026-06-02 17:45:00+00:00,99454.48313673507
2026-06-02 18:00:00+00:00,99454.48313673507
2026-06-02 18:15:00+00:00,99454.48313673507
2026-06-02 18:30:00+00:00,99454.48313673507
2026-06-02 18:45:00+00:00,99454.48313673507
2026-06-02 19:00:00+00:00,99454.48313673507
2026-06-02 19:15:00+00:00,99454.48313673507
2026-06-02 19:30:00+00:00,99454.48313673507
2026-06-02 19:45:00+00:00,99454.48313673507
2026-06-02 20:00:00+00:00,99454.48313673507
2026-06-02 20:15:00+00:00,99454.48313673507
2026-06-02 20:30:00+00:00,99454.48313673507
2026-06-02 20:45:00+00:00,99454.48313673507
2026-06-02 21:00:00+00:00,99454.48313673507
2026-06-02 21:15:00+00:00,99454.48313673507
2026-06-02 21:30:00+00:00,99454.48313673507
2026-06-02 21:45:00+00:00,99454.48313673507
2026-06-02 22:00:00+00:00,99454.48313673507
2026-06-02 22:15:00+00:00,99454.48313673507
2026-06-02 22:30:00+00:00,99454.48313673507
2026-06-02 22:45:00+00:00,99454.48313673507
2026-06-02 23:00:00+00:00,99454.48313673507
2026-06-02 23:15:00+00:00,99454.48313673507
2026-06-02 23:30:00+00:00,99454.48313673507
2026-06-02 23:45:00+00:00,99454.48313673507
2026-06-03 00:00:00+00:00,99454.48313673507
2026-06-03 00:15:00+00:00,99454.48313673507
2026-06-03 00:30:00+00:00,99454.48313673507
2026-06-03 00:45:00+00:00,99454.48313673507
2026-06-03 01:00:00+00:00,99454.48313673507
2026-06-03 01:15:00+00:00,99454.48313673507
2026-06-03 01:30:00+00:00,99454.48313673507
2026-06-03 01:45:00+00:00,99454.48313673507
2026-06-03 02:00:00+00:00,99454.48313673507
2026-06-03 02:15:00+00:00,99454.48313673507
2026-06-03 02:30:00+00:00,99454.48313673507
2026-06-03 02:45:00+00:00,99454.48313673507
2026-06-03 03:00:00+00:00,99454.48313673507
2026-06-03 03:15:00+00:00,99454.48313673507
2026-06-03 03:30:00+00:00,99454.48313673507
2026-06-03 03:45:00+00:00,99454.48313673507
2026-06-03 04:00:00+00:00,99454.48313673507
2026-06-03 04:15:00+00:00,99454.48313673507
2026-06-03 04:30:00+00:00,99454.48313673507
2026-06-03 04:45:00+00:00,99454.48313673507
2026-06-03 05:00:00+00:00,99454.48313673507
2026-06-03 05:15:00+00:00,99454.48313673507
2026-06-03 05:30:00+00:00,99454.48313673507
2026-06-03 05:45:00+00:00,99454.48313673507
2026-06-03 06:00:00+00:00,99454.48313673507
2026-06-03 06:15:00+00:00,99454.48313673507
2026-06-03 06:30:00+00:00,99454.48313673507
2026-06-03 06:45:00+00:00,99454.48313673507
2026-06-03 07:00:00+00:00,99454.48313673507
2026-06-03 07:15:00+00:00,99454.48313673507
2026-06-03 07:30:00+00:00,99454.48313673507
2026-06-03 07:45:00+00:00,99454.48313673507
2026-06-03 08:00:00+00:00,99454.48313673507
2026-06-03 08:15:00+00:00,99454.48313673507
2026-06-03 08:30:00+00:00,99454.48313673507
2026-06-03 08:45:00+00:00,99454.48313673507
2026-06-03 09:00:00+00:00,99454.48313673507
2026-06-03 09:15:00+00:00,99454.48313673507
2026-06-03 09:30:00+00:00,99454.48313673507
2026-06-03 09:45:00+00:00,99454.48313673507
2026-06-03 10:00:00+00:00,99454.48313673507
2026-06-03 10:15:00+00:00,99454.48313673507
2026-06-03 10:30:00+00:00,99454.48313673507
2026-06-03 10:45:00+00:00,99454.48313673507
2026-06-03 11:00:00+00:00,99454.48313673507
2026-06-03 11:15:00+00:00,99454.48313673507
2026-06-03 11:30:00+00:00,99454.48313673507
2026-06-03 11:45:00+00:00,99454.48313673507
2026-06-03 12:00:00+00:00,99454.48313673507
2026-06-03 12:15:00+00:00,99453.1633438538
2026-06-03 12:30:00+00:00,99454.57764916788
2026-06-03 12:45:00+00:00,99452.1214492497
2026-06-03 13:00:00+00:00,99451.158711215
2026-06-03 13:15:00+00:00,99457.47052959037
2026-06-03 13:30:00+00:00,99458.08448570054
2026-06-03 13:45:00+00:00,99458.08448570054
2026-06-03 14:00:00+00:00,99458.08448570054
2026-06-03 14:15:00+00:00,99458.08448570054
2026-06-03 14:30:00+00:00,99458.08448570054
2026-06-03 14:45:00+00:00,99458.08448570054
2026-06-03 15:00:00+00:00,99458.08448570054
2026-06-03 15:15:00+00:00,99458.08448570054
2026-06-03 15:30:00+00:00,99458.08448570054
2026-06-03 15:45:00+00:00,99458.08448570054
2026-06-03 16:00:00+00:00,99458.08448570054
2026-06-03 16:15:00+00:00,99458.08448570054
2026-06-03 16:30:00+00:00,99458.08448570054
2026-06-03 16:45:00+00:00,99458.08448570054
2026-06-03 17:00:00+00:00,99458.08448570054
2026-06-03 17:15:00+00:00,99458.08448570054
2026-06-03 17:30:00+00:00,99458.08448570054
2026-06-03 17:45:00+00:00,99458.08448570054
2026-06-03 18:00:00+00:00,99458.08448570054
2026-06-03 18:15:00+00:00,99458.08448570054
2026-06-03 18:30:00+00:00,99458.08448570054
2026-06-03 18:45:00+00:00,99458.08448570054
2026-06-03 19:00:00+00:00,99458.08448570054
2026-06-03 19:15:00+00:00,99458.08448570054
2026-06-03 19:30:00+00:00,99458.08448570054
2026-06-03 19:45:00+00:00,99458.08448570054
2026-06-03 20:00:00+00:00,99458.08448570054
2026-06-03 20:15:00+00:00,99458.08448570054
2026-06-03 20:30:00+00:00,99458.08448570054
2026-06-03 20:45:00+00:00,99458.08448570054
2026-06-03 21:00:00+00:00,99458.08448570054
2026-06-03 21:15:00+00:00,99458.08448570054
2026-06-03 21:30:00+00:00,99458.08448570054
2026-06-03 21:45:00+00:00,99458.08448570054
2026-06-03 22:00:00+00:00,99458.08448570054
2026-06-03 22:15:00+00:00,99458.08448570054
2026-06-03 22:30:00+00:00,99458.08448570054
2026-06-03 22:45:00+00:00,99458.08448570054
2026-06-03 23:00:00+00:00,99458.08448570054
2026-06-03 23:15:00+00:00,99458.08448570054
2026-06-03 23:30:00+00:00,99458.08448570054
2026-06-03 23:45:00+00:00,99458.08448570054
2026-06-04 00:00:00+00:00,99458.08448570054
2026-06-04 00:15:00+00:00,99458.08448570054
2026-06-04 00:30:00+00:00,99458.08448570054
2026-06-04 00:45:00+00:00,99458.08448570054
2026-06-04 01:00:00+00:00,99458.08448570054
2026-06-04 01:15:00+00:00,99458.08448570054
2026-06-04 01:30:00+00:00,99458.08448570054
2026-06-04 01:45:00+00:00,99458.08448570054
2026-06-04 02:00:00+00:00,99458.08448570054
2026-06-04 02:15:00+00:00,99458.08448570054
2026-06-04 02:30:00+00:00,99458.08448570054
2026-06-04 02:45:00+00:00,99458.08448570054
2026-06-04 03:00:00+00:00,99458.08448570054
2026-06-04 03:15:00+00:00,99458.08448570054
2026-06-04 03:30:00+00:00,99458.08448570054
2026-06-04 03:45:00+00:00,99458.08448570054
2026-06-04 04:00:00+00:00,99458.08448570054
2026-06-04 04:15:00+00:00,99458.08448570054
2026-06-04 04:30:00+00:00,99458.08448570054
2026-06-04 04:45:00+00:00,99458.08448570054
2026-06-04 05:00:00+00:00,99458.08448570054
2026-06-04 05:15:00+00:00,99458.08448570054
2026-06-04 05:30:00+00:00,99458.08448570054
2026-06-04 05:45:00+00:00,99458.08448570054
2026-06-04 06:00:00+00:00,99458.08448570054
2026-06-04 06:15:00+00:00,99458.08448570054
2026-06-04 06:30:00+00:00,99458.08448570054
2026-06-04 06:45:00+00:00,99458.08448570054
2026-06-04 07:00:00+00:00,99458.08448570054
2026-06-04 07:15:00+00:00,99458.08448570054
2026-06-04 07:30:00+00:00,99458.08448570054
2026-06-04 07:45:00+00:00,99458.08448570054
2026-06-04 08:00:00+00:00,99458.08448570054
2026-06-04 08:15:00+00:00,99458.08448570054
2026-06-04 08:30:00+00:00,99458.08448570054
2026-06-04 08:45:00+00:00,99458.08448570054
2026-06-04 09:00:00+00:00,99458.08448570054
2026-06-04 09:15:00+00:00,99458.08448570054
2026-06-04 09:30:00+00:00,99458.08448570054
2026-06-04 09:45:00+00:00,99458.08448570054
2026-06-04 10:00:00+00:00,99458.08448570054
2026-06-04 10:15:00+00:00,99458.08448570054
2026-06-04 10:30:00+00:00,99458.08448570054
2026-06-04 10:45:00+00:00,99458.08448570054
2026-06-04 11:00:00+00:00,99458.08448570054
2026-06-04 11:15:00+00:00,99458.08448570054
2026-06-04 11:30:00+00:00,99458.08448570054
2026-06-04 11:45:00+00:00,99458.08448570054
2026-06-04 12:00:00+00:00,99458.08448570054
2026-06-04 12:15:00+00:00,99458.08448570054
2026-06-04 12:30:00+00:00,99458.08448570054
2026-06-04 12:45:00+00:00,99458.08448570054
2026-06-04 13:00:00+00:00,99458.08448570054
2026-06-04 13:15:00+00:00,99458.08448570054
2026-06-04 13:30:00+00:00,99458.08448570054
2026-06-04 13:45:00+00:00,99458.08448570054
2026-06-04 14:00:00+00:00,99458.08448570054
2026-06-04 14:15:00+00:00,99458.08448570054
2026-06-04 14:30:00+00:00,99458.08448570054
2026-06-04 14:45:00+00:00,99458.08448570054
2026-06-04 15:00:00+00:00,99458.08448570054
2026-06-04 15:15:00+00:00,99458.08448570054
2026-06-04 15:30:00+00:00,99458.08448570054
2026-06-04 15:45:00+00:00,99458.08448570054
2026-06-04 16:00:00+00:00,99458.08448570054
2026-06-04 16:15:00+00:00,99458.08448570054
2026-06-04 16:30:00+00:00,99458.08448570054
2026-06-04 16:45:00+00:00,99458.08448570054
2026-06-04 17:00:00+00:00,99458.08448570054
2026-06-04 17:15:00+00:00,99458.08448570054
2026-06-04 17:30:00+00:00,99458.08448570054
2026-06-04 17:45:00+00:00,99458.08448570054
2026-06-04 18:00:00+00:00,99458.08448570054
2026-06-04 18:15:00+00:00,99458.08448570054
2026-06-04 18:30:00+00:00,99458.08448570054
2026-06-04 18:45:00+00:00,99458.08448570054
2026-06-04 19:00:00+00:00,99458.08448570054
2026-06-04 19:15:00+00:00,99458.08448570054
2026-06-04 19:30:00+00:00,99458.08448570054
2026-06-04 19:45:00+00:00,99458.08448570054
2026-06-04 20:00:00+00:00,99458.08448570054
2026-06-04 20:15:00+00:00,99458.08448570054
2026-06-04 20:30:00+00:00,99458.08448570054
2026-06-04 20:45:00+00:00,99458.08448570054
2026-06-04 21:00:00+00:00,99458.08448570054
2026-06-04 21:15:00+00:00,99458.08448570054
2026-06-04 21:30:00+00:00,99458.08448570054
2026-06-04 21:45:00+00:00,99458.08448570054
2026-06-04 22:00:00+00:00,99458.08448570054
2026-06-04 22:15:00+00:00,99458.08448570054
2026-06-04 22:30:00+00:00,99458.08448570054
2026-06-04 22:45:00+00:00,99458.08448570054
2026-06-04 23:00:00+00:00,99458.08448570054
2026-06-04 23:15:00+00:00,99458.08448570054
2026-06-04 23:30:00+00:00,99458.08448570054
2026-06-04 23:45:00+00:00,99458.08448570054
2026-06-05 00:00:00+00:00,99458.08448570054
2026-06-05 00:15:00+00:00,99458.08448570054
2026-06-05 00:30:00+00:00,99458.08448570054
2026-06-05 00:45:00+00:00,99458.08448570054
2026-06-05 01:00:00+00:00,99458.08448570054
2026-06-05 01:15:00+00:00,99458.08448570054
2026-06-05 01:30:00+00:00,99458.08448570054
2026-06-05 01:45:00+00:00,99458.08448570054
2026-06-05 02:00:00+00:00,99458.08448570054
2026-06-05 02:15:00+00:00,99458.08448570054
2026-06-05 02:30:00+00:00,99458.08448570054
2026-06-05 02:45:00+00:00,99458.08448570054
2026-06-05 03:00:00+00:00,99458.08448570054
2026-06-05 03:15:00+00:00,99458.08448570054
2026-06-05 03:30:00+00:00,99458.08448570054
2026-06-05 03:45:00+00:00,99458.08448570054
2026-06-05 04:00:00+00:00,99458.08448570054
2026-06-05 04:15:00+00:00,99449.08930030467
2026-06-05 04:30:00+00:00,99454.16551845567
2026-06-05 04:45:00+00:00,99431.79795683648
2026-06-05 05:00:00+00:00,99431.79795683648
2026-06-05 05:15:00+00:00,99431.79795683648
2026-06-05 05:30:00+00:00,99431.79795683648
2026-06-05 05:45:00+00:00,99431.79795683648
2026-06-05 06:00:00+00:00,99431.79795683648
2026-06-05 06:15:00+00:00,99431.79795683648
2026-06-05 06:30:00+00:00,99431.79795683648
2026-06-05 06:45:00+00:00,99431.79795683648
2026-06-05 07:00:00+00:00,99431.79795683648
2026-06-05 07:15:00+00:00,99431.79795683648
2026-06-05 07:30:00+00:00,99431.79795683648
2026-06-05 07:45:00+00:00,99431.79795683648
2026-06-05 08:00:00+00:00,99431.79795683648
2026-06-05 08:15:00+00:00,99431.79795683648
2026-06-05 08:30:00+00:00,99431.79795683648
2026-06-05 08:45:00+00:00,99431.79795683648
2026-06-05 09:00:00+00:00,99416.39473547082
2026-06-05 09:15:00+00:00,99416.0452005579
2026-06-05 09:30:00+00:00,99423.01391635824
2026-06-05 09:45:00+00:00,99422.05006556169
2026-06-05 10:00:00+00:00,99424.69132573977
2026-06-05 10:15:00+00:00,99428.55945839609
2026-06-05 10:30:00+00:00,99426.42666799977
2026-06-05 10:45:00+00:00,99429.72567899941
2026-06-05 11:00:00+00:00,99428.31066779824
2026-06-05 11:15:00+00:00,99428.31066779824
2026-06-05 11:30:00+00:00,99428.31066779824
2026-06-05 11:45:00+00:00,99428.31066779824
2026-06-05 12:00:00+00:00,99428.31066779824
2026-06-05 12:15:00+00:00,99428.31066779824
2026-06-05 12:30:00+00:00,99428.31066779824
2026-06-05 12:45:00+00:00,99428.31066779824
2026-06-05 13:00:00+00:00,99428.31066779824
2026-06-05 13:15:00+00:00,99428.31066779824
2026-06-05 13:30:00+00:00,99428.31066779824
2026-06-05 13:45:00+00:00,99428.31066779824
2026-06-05 14:00:00+00:00,99428.31066779824
2026-06-05 14:15:00+00:00,99428.31066779824
2026-06-05 14:30:00+00:00,99428.31066779824
2026-06-05 14:45:00+00:00,99428.31066779824
2026-06-05 15:00:00+00:00,99428.31066779824
2026-06-05 15:15:00+00:00,99428.31066779824
2026-06-05 15:30:00+00:00,99428.31066779824
2026-06-05 15:45:00+00:00,99428.31066779824
2026-06-05 16:00:00+00:00,99428.31066779824
2026-06-05 16:15:00+00:00,99428.31066779824
2026-06-05 16:30:00+00:00,99428.31066779824
2026-06-05 16:45:00+00:00,99428.31066779824
2026-06-05 17:00:00+00:00,99428.31066779824
2026-06-05 17:15:00+00:00,99428.31066779824
2026-06-05 17:30:00+00:00,99428.31066779824
2026-06-05 17:45:00+00:00,99428.31066779824
2026-06-05 18:00:00+00:00,99428.31066779824
2026-06-05 18:15:00+00:00,99428.31066779824
2026-06-05 18:30:00+00:00,99428.31066779824
2026-06-05 18:45:00+00:00,99428.31066779824
2026-06-05 19:00:00+00:00,99428.31066779824
2026-06-05 19:15:00+00:00,99428.31066779824
2026-06-05 19:30:00+00:00,99428.31066779824
2026-06-05 19:45:00+00:00,99428.31066779824
2026-06-05 20:00:00+00:00,99428.31066779824
2026-06-05 20:15:00+00:00,99428.31066779824
2026-06-05 20:30:00+00:00,99428.31066779824
2026-06-05 20:45:00+00:00,99428.31066779824
2026-06-05 21:00:00+00:00,99428.31066779824
2026-06-05 21:15:00+00:00,99428.31066779824
2026-06-05 21:30:00+00:00,99428.31066779824
2026-06-05 21:45:00+00:00,99428.31066779824
2026-06-05 22:00:00+00:00,99428.31066779824
2026-06-05 22:15:00+00:00,99428.31066779824
2026-06-05 22:30:00+00:00,99428.31066779824
2026-06-05 22:45:00+00:00,99428.31066779824
2026-06-05 23:00:00+00:00,99428.31066779824
2026-06-05 23:15:00+00:00,99428.31066779824
2026-06-05 23:30:00+00:00,99428.31066779824
2026-06-05 23:45:00+00:00,99428.31066779824
2026-06-06 00:00:00+00:00,99428.31066779824
2026-06-06 00:15:00+00:00,99428.31066779824
2026-06-06 00:30:00+00:00,99428.31066779824
2026-06-06 00:45:00+00:00,99428.31066779824
2026-06-06 01:00:00+00:00,99428.31066779824
2026-06-06 01:15:00+00:00,99428.31066779824
2026-06-06 01:30:00+00:00,99428.31066779824
2026-06-06 01:45:00+00:00,99428.31066779824
2026-06-06 02:00:00+00:00,99428.31066779824
2026-06-06 02:15:00+00:00,99428.31066779824
2026-06-06 02:30:00+00:00,99428.31066779824
2026-06-06 02:45:00+00:00,99428.31066779824
2026-06-06 03:00:00+00:00,99428.31066779824
2026-06-06 03:15:00+00:00,99428.31066779824
2026-06-06 03:30:00+00:00,99428.31066779824
2026-06-06 03:45:00+00:00,99428.31066779824
2026-06-06 04:00:00+00:00,99428.31066779824
2026-06-06 04:15:00+00:00,99428.31066779824
2026-06-06 04:30:00+00:00,99428.31066779824
2026-06-06 04:45:00+00:00,99428.31066779824
2026-06-06 05:00:00+00:00,99428.31066779824
2026-06-06 05:15:00+00:00,99428.31066779824
2026-06-06 05:30:00+00:00,99428.31066779824
2026-06-06 05:45:00+00:00,99428.31066779824
2026-06-06 06:00:00+00:00,99428.31066779824
2026-06-06 06:15:00+00:00,99428.31066779824
2026-06-06 06:30:00+00:00,99428.31066779824
2026-06-06 06:45:00+00:00,99428.31066779824
2026-06-06 07:00:00+00:00,99428.31066779824
2026-06-06 07:15:00+00:00,99428.31066779824
2026-06-06 07:30:00+00:00,99428.31066779824
2026-06-06 07:45:00+00:00,99428.31066779824
2026-06-06 08:00:00+00:00,99428.31066779824
2026-06-06 08:15:00+00:00,99422.0302681572
2026-06-06 08:30:00+00:00,99422.9468964647
2026-06-06 08:45:00+00:00,99425.38352928383
2026-06-06 09:00:00+00:00,99426.25965218307
2026-06-06 09:15:00+00:00,99424.18045047687
2026-06-06 09:30:00+00:00,99429.29789549542
2026-06-06 09:45:00+00:00,99432.26940099135
2026-06-06 10:00:00+00:00,99440.56919711553
2026-06-06 10:15:00+00:00,99440.56919711553
2026-06-06 10:30:00+00:00,99440.56919711553
2026-06-06 10:45:00+00:00,99440.56919711553
2026-06-06 11:00:00+00:00,99440.56919711553
2026-06-06 11:15:00+00:00,99440.56919711553
2026-06-06 11:30:00+00:00,99440.56919711553
2026-06-06 11:45:00+00:00,99440.56919711553
2026-06-06 12:00:00+00:00,99440.56919711553
2026-06-06 12:15:00+00:00,99440.56919711553
2026-06-06 12:30:00+00:00,99440.56919711553
2026-06-06 12:45:00+00:00,99440.56919711553
2026-06-06 13:00:00+00:00,99440.56919711553
2026-06-06 13:15:00+00:00,99440.56919711553
2026-06-06 13:30:00+00:00,99440.56919711553
2026-06-06 13:45:00+00:00,99440.56919711553
2026-06-06 14:00:00+00:00,99440.56919711553
2026-06-06 14:15:00+00:00,99440.56919711553
2026-06-06 14:30:00+00:00,99440.56919711553
2026-06-06 14:45:00+00:00,99440.56919711553
2026-06-06 15:00:00+00:00,99440.56919711553
2026-06-06 15:15:00+00:00,99440.56919711553
2026-06-06 15:30:00+00:00,99440.56919711553
2026-06-06 15:45:00+00:00,99440.56919711553
2026-06-06 16:00:00+00:00,99440.56919711553
2026-06-06 16:15:00+00:00,99440.56919711553
2026-06-06 16:30:00+00:00,99440.56919711553
2026-06-06 16:45:00+00:00,99440.56919711553
2026-06-06 17:00:00+00:00,99440.56919711553
2026-06-06 17:15:00+00:00,99440.56919711553
2026-06-06 17:30:00+00:00,99440.56919711553
2026-06-06 17:45:00+00:00,99440.56919711553
2026-06-06 18:00:00+00:00,99440.56919711553
2026-06-06 18:15:00+00:00,99440.56919711553
2026-06-06 18:30:00+00:00,99440.56919711553
2026-06-06 18:45:00+00:00,99440.56919711553
2026-06-06 19:00:00+00:00,99440.56919711553
2026-06-06 19:15:00+00:00,99440.56919711553
2026-06-06 19:30:00+00:00,99440.56919711553
2026-06-06 19:45:00+00:00,99440.56919711553
2026-06-06 20:00:00+00:00,99440.56919711553
2026-06-06 20:15:00+00:00,99440.56919711553
2026-06-06 20:30:00+00:00,99440.56919711553
2026-06-06 20:45:00+00:00,99440.56919711553
2026-06-06 21:00:00+00:00,99440.56919711553
2026-06-06 21:15:00+00:00,99440.56919711553
2026-06-06 21:30:00+00:00,99440.56919711553
2026-06-06 21:45:00+00:00,99440.56919711553
2026-06-06 22:00:00+00:00,99440.56919711553
2026-06-06 22:15:00+00:00,99440.56919711553
2026-06-06 22:30:00+00:00,99440.56919711553
2026-06-06 22:45:00+00:00,99440.56919711553
2026-06-06 23:00:00+00:00,99440.56919711553
2026-06-06 23:15:00+00:00,99440.56919711553
2026-06-06 23:30:00+00:00,99440.56919711553
2026-06-06 23:45:00+00:00,99440.56919711553
2026-06-07 00:00:00+00:00,99440.56919711553
2026-06-07 00:15:00+00:00,99440.56919711553
2026-06-07 00:30:00+00:00,99440.56919711553
2026-06-07 00:45:00+00:00,99440.56919711553
2026-06-07 01:00:00+00:00,99440.56919711553
2026-06-07 01:15:00+00:00,99440.56919711553
2026-06-07 01:30:00+00:00,99440.56919711553
2026-06-07 01:45:00+00:00,99440.56919711553
2026-06-07 02:00:00+00:00,99440.56919711553
2026-06-07 02:15:00+00:00,99440.56919711553
2026-06-07 02:30:00+00:00,99440.56919711553
2026-06-07 02:45:00+00:00,99440.56919711553
2026-06-07 03:00:00+00:00,99440.56919711553
2026-06-07 03:15:00+00:00,99440.56919711553
2026-06-07 03:30:00+00:00,99440.56919711553
2026-06-07 03:45:00+00:00,99440.56919711553
2026-06-07 04:00:00+00:00,99440.56919711553
2026-06-07 04:15:00+00:00,99440.56919711553
2026-06-07 04:30:00+00:00,99440.56919711553
2026-06-07 04:45:00+00:00,99436.9518624579
2026-06-07 05:00:00+00:00,99437.11839157173
2026-06-07 05:15:00+00:00,99432.66039041328
2026-06-07 05:30:00+00:00,99432.66039041328
2026-06-07 05:45:00+00:00,99432.66039041328
2026-06-07 06:00:00+00:00,99432.66039041328
2026-06-07 06:15:00+00:00,99432.66039041328
2026-06-07 06:30:00+00:00,99432.66039041328
2026-06-07 06:45:00+00:00,99432.66039041328
2026-06-07 07:00:00+00:00,99432.66039041328
2026-06-07 07:15:00+00:00,99432.66039041328
2026-06-07 07:30:00+00:00,99432.66039041328
2026-06-07 07:45:00+00:00,99432.66039041328
2026-06-07 08:00:00+00:00,99432.66039041328
2026-06-07 08:15:00+00:00,99432.66039041328
2026-06-07 08:30:00+00:00,99432.66039041328
2026-06-07 08:45:00+00:00,99432.66039041328
2026-06-07 09:00:00+00:00,99432.66039041328
2026-06-07 09:15:00+00:00,99432.66039041328
2026-06-07 09:30:00+00:00,99432.66039041328
2026-06-07 09:45:00+00:00,99432.66039041328
2026-06-07 10:00:00+00:00,99432.66039041328
2026-06-07 10:15:00+00:00,99432.66039041328
2026-06-07 10:30:00+00:00,99432.66039041328
2026-06-07 10:45:00+00:00,99432.66039041328
2026-06-07 11:00:00+00:00,99432.66039041328
2026-06-07 11:15:00+00:00,99432.66039041328
2026-06-07 11:30:00+00:00,99432.66039041328
2026-06-07 11:45:00+00:00,99432.66039041328
2026-06-07 12:00:00+00:00,99432.66039041328
2026-06-07 12:15:00+00:00,99432.66039041328
2026-06-07 12:30:00+00:00,99432.66039041328
2026-06-07 12:45:00+00:00,99432.66039041328
2026-06-07 13:00:00+00:00,99432.66039041328
2026-06-07 13:15:00+00:00,99432.66039041328
2026-06-07 13:30:00+00:00,99432.66039041328
2026-06-07 13:45:00+00:00,99432.66039041328
2026-06-07 14:00:00+00:00,99432.66039041328
2026-06-07 14:15:00+00:00,99432.66039041328
2026-06-07 14:30:00+00:00,99432.66039041328
2026-06-07 14:45:00+00:00,99432.66039041328
2026-06-07 15:00:00+00:00,99432.66039041328
2026-06-07 15:15:00+00:00,99432.66039041328
2026-06-07 15:30:00+00:00,99432.66039041328
2026-06-07 15:45:00+00:00,99432.66039041328
2026-06-07 16:00:00+00:00,99432.66039041328
2026-06-07 16:15:00+00:00,99432.66039041328
2026-06-07 16:30:00+00:00,99432.66039041328
2026-06-07 16:45:00+00:00,99432.66039041328
2026-06-07 17:00:00+00:00,99432.66039041328
2026-06-07 17:15:00+00:00,99432.66039041328
2026-06-07 17:30:00+00:00,99432.66039041328
2026-06-07 17:45:00+00:00,99432.66039041328
2026-06-07 18:00:00+00:00,99432.66039041328
2026-06-07 18:15:00+00:00,99432.66039041328
2026-06-07 18:30:00+00:00,99432.66039041328
2026-06-07 18:45:00+00:00,99432.66039041328
2026-06-07 19:00:00+00:00,99432.66039041328
2026-06-07 19:15:00+00:00,99432.66039041328
2026-06-07 19:30:00+00:00,99432.66039041328
2026-06-07 19:45:00+00:00,99432.66039041328
2026-06-07 20:00:00+00:00,99432.66039041328
2026-06-07 20:15:00+00:00,99432.66039041328
2026-06-07 20:30:00+00:00,99432.66039041328
2026-06-07 20:45:00+00:00,99432.66039041328
2026-06-07 21:00:00+00:00,99432.66039041328
2026-06-07 21:15:00+00:00,99432.66039041328
2026-06-07 21:30:00+00:00,99432.66039041328
2026-06-07 21:45:00+00:00,99432.66039041328
2026-06-07 22:00:00+00:00,99432.66039041328
2026-06-07 22:15:00+00:00,99432.66039041328
2026-06-07 22:30:00+00:00,99432.66039041328
2026-06-07 22:45:00+00:00,99432.66039041328
2026-06-07 23:00:00+00:00,99432.66039041328
2026-06-07 23:15:00+00:00,99432.66039041328
2026-06-07 23:30:00+00:00,99432.66039041328
2026-06-07 23:45:00+00:00,99432.66039041328
2026-06-08 00:00:00+00:00,99432.66039041328
2026-06-08 00:15:00+00:00,99432.66039041328
2026-06-08 00:30:00+00:00,99432.66039041328
2026-06-08 00:45:00+00:00,99432.66039041328
2026-06-08 01:00:00+00:00,99432.66039041328
2026-06-08 01:15:00+00:00,99432.66039041328
2026-06-08 01:30:00+00:00,99432.66039041328
2026-06-08 01:45:00+00:00,99432.66039041328
2026-06-08 02:00:00+00:00,99432.66039041328
2026-06-08 02:15:00+00:00,99432.66039041328
2026-06-08 02:30:00+00:00,99432.66039041328
2026-06-08 02:45:00+00:00,99432.66039041328
2026-06-08 03:00:00+00:00,99432.66039041328
2026-06-08 03:15:00+00:00,99432.66039041328
2026-06-08 03:30:00+00:00,99432.66039041328
2026-06-08 03:45:00+00:00,99432.66039041328
2026-06-08 04:00:00+00:00,99432.66039041328
2026-06-08 04:15:00+00:00,99432.66039041328
2026-06-08 04:30:00+00:00,99432.66039041328
2026-06-08 04:45:00+00:00,99432.66039041328
2026-06-08 05:00:00+00:00,99432.66039041328
2026-06-08 05:15:00+00:00,99432.66039041328
2026-06-08 05:30:00+00:00,99432.66039041328
2026-06-08 05:45:00+00:00,99432.66039041328
2026-06-08 06:00:00+00:00,99432.66039041328
2026-06-08 06:15:00+00:00,99432.66039041328
2026-06-08 06:30:00+00:00,99432.66039041328
2026-06-08 06:45:00+00:00,99432.66039041328
2026-06-08 07:00:00+00:00,99432.66039041328
2026-06-08 07:15:00+00:00,99432.66039041328
2026-06-08 07:30:00+00:00,99432.66039041328
2026-06-08 07:45:00+00:00,99432.66039041328
2026-06-08 08:00:00+00:00,99432.66039041328
2026-06-08 08:15:00+00:00,99432.66039041328
2026-06-08 08:30:00+00:00,99432.66039041328
2026-06-08 08:45:00+00:00,99432.66039041328
2026-06-08 09:00:00+00:00,99432.66039041328
2026-06-08 09:15:00+00:00,99432.66039041328
2026-06-08 09:30:00+00:00,99432.66039041328
2026-06-08 09:45:00+00:00,99432.66039041328
2026-06-08 10:00:00+00:00,99432.66039041328
2026-06-08 10:15:00+00:00,99432.66039041328
2026-06-08 10:30:00+00:00,99432.66039041328
2026-06-08 10:45:00+00:00,99432.66039041328
2026-06-08 11:00:00+00:00,99432.66039041328
2026-06-08 11:15:00+00:00,99432.66039041328
2026-06-08 11:30:00+00:00,99432.66039041328
2026-06-08 11:45:00+00:00,99432.66039041328
2026-06-08 12:00:00+00:00,99432.66039041328
2026-06-08 12:15:00+00:00,99432.66039041328
2026-06-08 12:30:00+00:00,99432.66039041328
2026-06-08 12:45:00+00:00,99432.66039041328
2026-06-08 13:00:00+00:00,99432.66039041328
2026-06-08 13:15:00+00:00,99432.66039041328
2026-06-08 13:30:00+00:00,99432.66039041328
2026-06-08 13:45:00+00:00,99432.66039041328
2026-06-08 14:00:00+00:00,99432.66039041328
2026-06-08 14:15:00+00:00,99432.66039041328
2026-06-08 14:30:00+00:00,99432.66039041328
2026-06-08 14:45:00+00:00,99432.66039041328
2026-06-08 15:00:00+00:00,99432.66039041328
2026-06-08 15:15:00+00:00,99432.66039041328
2026-06-08 15:30:00+00:00,99432.66039041328
2026-06-08 15:45:00+00:00,99432.66039041328
2026-06-08 16:00:00+00:00,99432.66039041328
2026-06-08 16:15:00+00:00,99434.39033141229
2026-06-08 16:30:00+00:00,99429.81308727352
2026-06-08 16:45:00+00:00,99426.39398654946
2026-06-08 17:00:00+00:00,99411.54174201237
2026-06-08 17:15:00+00:00,99411.54174201237
2026-06-08 17:30:00+00:00,99411.54174201237
2026-06-08 17:45:00+00:00,99411.54174201237
2026-06-08 18:00:00+00:00,99411.54174201237
2026-06-08 18:15:00+00:00,99411.54174201237
2026-06-08 18:30:00+00:00,99411.54174201237
2026-06-08 18:45:00+00:00,99411.54174201237
2026-06-08 19:00:00+00:00,99411.54174201237
2026-06-08 19:15:00+00:00,99411.54174201237
2026-06-08 19:30:00+00:00,99411.54174201237
2026-06-08 19:45:00+00:00,99411.54174201237
2026-06-08 20:00:00+00:00,99411.54174201237
2026-06-08 20:15:00+00:00,99411.54174201237
2026-06-08 20:30:00+00:00,99411.54174201237
2026-06-08 20:45:00+00:00,99411.54174201237
2026-06-08 21:00:00+00:00,99411.54174201237
2026-06-08 21:15:00+00:00,99411.54174201237
2026-06-08 21:30:00+00:00,99411.54174201237
2026-06-08 21:45:00+00:00,99411.54174201237
2026-06-08 22:00:00+00:00,99411.54174201237
2026-06-08 22:15:00+00:00,99411.54174201237
2026-06-08 22:30:00+00:00,99411.54174201237
2026-06-08 22:45:00+00:00,99411.54174201237
2026-06-08 23:00:00+00:00,99411.54174201237
2026-06-08 23:15:00+00:00,99411.54174201237
2026-06-08 23:30:00+00:00,99411.54174201237
2026-06-08 23:45:00+00:00,99411.54174201237
2026-06-09 00:00:00+00:00,99411.54174201237
2026-06-09 00:15:00+00:00,99411.54174201237
2026-06-09 00:30:00+00:00,99411.54174201237
2026-06-09 00:45:00+00:00,99411.54174201237
2026-06-09 01:00:00+00:00,99411.54174201237
2026-06-09 01:15:00+00:00,99411.54174201237
2026-06-09 01:30:00+00:00,99411.54174201237
2026-06-09 01:45:00+00:00,99411.54174201237
2026-06-09 02:00:00+00:00,99411.54174201237
2026-06-09 02:15:00+00:00,99411.54174201237
2026-06-09 02:30:00+00:00,99411.54174201237
2026-06-09 02:45:00+00:00,99411.54174201237
2026-06-09 03:00:00+00:00,99411.54174201237
2026-06-09 03:15:00+00:00,99411.54174201237
2026-06-09 03:30:00+00:00,99411.54174201237
2026-06-09 03:45:00+00:00,99411.54174201237
2026-06-09 04:00:00+00:00,99411.54174201237
2026-06-09 04:15:00+00:00,99411.54174201237
2026-06-09 04:30:00+00:00,99411.54174201237
2026-06-09 04:45:00+00:00,99411.54174201237
2026-06-09 05:00:00+00:00,99411.54174201237
2026-06-09 05:15:00+00:00,99411.54174201237
2026-06-09 05:30:00+00:00,99411.54174201237
2026-06-09 05:45:00+00:00,99411.54174201237
2026-06-09 06:00:00+00:00,99411.54174201237
2026-06-09 06:15:00+00:00,99411.54174201237
2026-06-09 06:30:00+00:00,99411.54174201237
2026-06-09 06:45:00+00:00,99411.54174201237
2026-06-09 07:00:00+00:00,99411.54174201237
2026-06-09 07:15:00+00:00,99411.54174201237
2026-06-09 07:30:00+00:00,99411.54174201237
2026-06-09 07:45:00+00:00,99411.54174201237
2026-06-09 08:00:00+00:00,99411.54174201237
2026-06-09 08:15:00+00:00,99411.54174201237
2026-06-09 08:30:00+00:00,99411.54174201237
2026-06-09 08:45:00+00:00,99411.54174201237
2026-06-09 09:00:00+00:00,99411.54174201237
2026-06-09 09:15:00+00:00,99411.54174201237
2026-06-09 09:30:00+00:00,99411.54174201237
2026-06-09 09:45:00+00:00,99411.54174201237
2026-06-09 10:00:00+00:00,99411.54174201237
2026-06-09 10:15:00+00:00,99411.54174201237
2026-06-09 10:30:00+00:00,99411.54174201237
2026-06-09 10:45:00+00:00,99411.54174201237
2026-06-09 11:00:00+00:00,99411.54174201237
2026-06-09 11:15:00+00:00,99411.54174201237
2026-06-09 11:30:00+00:00,99411.54174201237
2026-06-09 11:45:00+00:00,99411.54174201237
2026-06-09 12:00:00+00:00,99411.54174201237
2026-06-09 12:15:00+00:00,99411.54174201237
2026-06-09 12:30:00+00:00,99411.54174201237
2026-06-09 12:45:00+00:00,99411.54174201237
2026-06-09 13:00:00+00:00,99411.54174201237
2026-06-09 13:15:00+00:00,99411.54174201237
2026-06-09 13:30:00+00:00,99411.54174201237
2026-06-09 13:45:00+00:00,99411.54174201237
2026-06-09 14:00:00+00:00,99411.54174201237
2026-06-09 14:15:00+00:00,99411.54174201237
2026-06-09 14:30:00+00:00,99411.54174201237
2026-06-09 14:45:00+00:00,99411.54174201237
2026-06-09 15:00:00+00:00,99411.54174201237
2026-06-09 15:15:00+00:00,99411.54174201237
2026-06-09 15:30:00+00:00,99411.54174201237
2026-06-09 15:45:00+00:00,99411.54174201237
2026-06-09 16:00:00+00:00,99411.54174201237
2026-06-09 16:15:00+00:00,99411.54174201237
2026-06-09 16:30:00+00:00,99411.54174201237
2026-06-09 16:45:00+00:00,99411.54174201237
2026-06-09 17:00:00+00:00,99411.54174201237
2026-06-09 17:15:00+00:00,99411.54174201237
2026-06-09 17:30:00+00:00,99411.54174201237
2026-06-09 17:45:00+00:00,99411.54174201237
2026-06-09 18:00:00+00:00,99411.54174201237
2026-06-09 18:15:00+00:00,99411.54174201237
2026-06-09 18:30:00+00:00,99411.54174201237
2026-06-09 18:45:00+00:00,99411.54174201237
2026-06-09 19:00:00+00:00,99411.54174201237
2026-06-09 19:15:00+00:00,99411.54174201237
2026-06-09 19:30:00+00:00,99411.54174201237
2026-06-09 19:45:00+00:00,99411.54174201237
2026-06-09 20:00:00+00:00,99411.54174201237
2026-06-09 20:15:00+00:00,99411.54174201237
2026-06-09 20:30:00+00:00,99411.54174201237
2026-06-09 20:45:00+00:00,99411.54174201237
2026-06-09 21:00:00+00:00,99411.54174201237
2026-06-09 21:15:00+00:00,99411.54174201237
2026-06-09 21:30:00+00:00,99411.54174201237
2026-06-09 21:45:00+00:00,99411.54174201237
2026-06-09 22:00:00+00:00,99411.54174201237
2026-06-09 22:15:00+00:00,99411.54174201237
2026-06-09 22:30:00+00:00,99411.54174201237
2026-06-09 22:45:00+00:00,99411.54174201237
2026-06-09 23:00:00+00:00,99411.54174201237
2026-06-09 23:15:00+00:00,99411.54174201237
2026-06-09 23:30:00+00:00,99411.54174201237
2026-06-09 23:45:00+00:00,99411.54174201237
2026-06-10 00:00:00+00:00,99411.54174201237
2026-06-10 00:15:00+00:00,99411.54174201237
2026-06-10 00:30:00+00:00,99411.54174201237
2026-06-10 00:45:00+00:00,99411.54174201237
2026-06-10 01:00:00+00:00,99411.54174201237
2026-06-10 01:15:00+00:00,99411.54174201237
2026-06-10 01:30:00+00:00,99411.54174201237
2026-06-10 01:45:00+00:00,99411.54174201237
2026-06-10 02:00:00+00:00,99411.54174201237
2026-06-10 02:15:00+00:00,99411.54174201237
2026-06-10 02:30:00+00:00,99411.54174201237
2026-06-10 02:45:00+00:00,99411.54174201237
2026-06-10 03:00:00+00:00,99411.54174201237
2026-06-10 03:15:00+00:00,99411.54174201237
2026-06-10 03:30:00+00:00,99411.54174201237
2026-06-10 03:45:00+00:00,99411.54174201237
2026-06-10 04:00:00+00:00,99411.54174201237
2026-06-10 04:15:00+00:00,99411.54174201237
2026-06-10 04:30:00+00:00,99411.54174201237
2026-06-10 04:45:00+00:00,99411.54174201237
2026-06-10 05:00:00+00:00,99411.54174201237
2026-06-10 05:15:00+00:00,99411.54174201237
2026-06-10 05:30:00+00:00,99411.54174201237
2026-06-10 05:45:00+00:00,99411.54174201237
2026-06-10 06:00:00+00:00,99411.54174201237
2026-06-10 06:15:00+00:00,99411.54174201237
2026-06-10 06:30:00+00:00,99411.54174201237
2026-06-10 06:45:00+00:00,99411.54174201237
2026-06-10 07:00:00+00:00,99411.54174201237
2026-06-10 07:15:00+00:00,99411.54174201237
2026-06-10 07:30:00+00:00,99411.54174201237
2026-06-10 07:45:00+00:00,99411.54174201237
2026-06-10 08:00:00+00:00,99411.54174201237
2026-06-10 08:15:00+00:00,99411.54174201237
2026-06-10 08:30:00+00:00,99411.54174201237
2026-06-10 08:45:00+00:00,99411.54174201237
2026-06-10 09:00:00+00:00,99411.54174201237
2026-06-10 09:15:00+00:00,99411.54174201237
2026-06-10 09:30:00+00:00,99411.54174201237
2026-06-10 09:45:00+00:00,99411.54174201237
2026-06-10 10:00:00+00:00,99411.54174201237
2026-06-10 10:15:00+00:00,99411.54174201237
2026-06-10 10:30:00+00:00,99411.54174201237
2026-06-10 10:45:00+00:00,99411.54174201237
2026-06-10 11:00:00+00:00,99411.54174201237
2026-06-10 11:15:00+00:00,99411.54174201237
2026-06-10 11:30:00+00:00,99411.54174201237
2026-06-10 11:45:00+00:00,99411.54174201237
2026-06-10 12:00:00+00:00,99411.54174201237
2026-06-10 12:15:00+00:00,99411.54174201237
2026-06-10 12:30:00+00:00,99411.54174201237
2026-06-10 12:45:00+00:00,99411.54174201237
2026-06-10 13:00:00+00:00,99411.54174201237
2026-06-10 13:15:00+00:00,99411.54174201237
2026-06-10 13:30:00+00:00,99411.54174201237
2026-06-10 13:45:00+00:00,99411.54174201237
2026-06-10 14:00:00+00:00,99411.54174201237
2026-06-10 14:15:00+00:00,99411.54174201237
2026-06-10 14:30:00+00:00,99411.54174201237
2026-06-10 14:45:00+00:00,99411.54174201237
2026-06-10 15:00:00+00:00,99411.54174201237
2026-06-10 15:15:00+00:00,99411.54174201237
2026-06-10 15:30:00+00:00,99411.54174201237
2026-06-10 15:45:00+00:00,99411.54174201237
2026-06-10 16:00:00+00:00,99411.54174201237
2026-06-10 16:15:00+00:00,99412.88174027552
2026-06-10 16:30:00+00:00,99414.17459934382
2026-06-10 16:45:00+00:00,99414.4302837186
2026-06-10 17:00:00+00:00,99415.87939784022
2026-06-10 17:15:00+00:00,99415.87939784022
2026-06-10 17:30:00+00:00,99415.87939784022
2026-06-10 17:45:00+00:00,99415.87939784022
2026-06-10 18:00:00+00:00,99415.87939784022
2026-06-10 18:15:00+00:00,99415.87939784022
2026-06-10 18:30:00+00:00,99415.87939784022
2026-06-10 18:45:00+00:00,99415.87939784022
2026-06-10 19:00:00+00:00,99415.87939784022
2026-06-10 19:15:00+00:00,99415.87939784022
2026-06-10 19:30:00+00:00,99415.87939784022
2026-06-10 19:45:00+00:00,99415.87939784022
2026-06-10 20:00:00+00:00,99415.87939784022
2026-06-10 20:15:00+00:00,99415.87939784022
2026-06-10 20:30:00+00:00,99415.87939784022
2026-06-10 20:45:00+00:00,99415.87939784022
2026-06-10 21:00:00+00:00,99415.87939784022
2026-06-10 21:15:00+00:00,99415.87939784022
2026-06-10 21:30:00+00:00,99415.87939784022
2026-06-10 21:45:00+00:00,99415.87939784022
2026-06-10 22:00:00+00:00,99415.87939784022
2026-06-10 22:15:00+00:00,99415.87939784022
2026-06-10 22:30:00+00:00,99415.87939784022
2026-06-10 22:45:00+00:00,99415.87939784022
2026-06-10 23:00:00+00:00,99415.87939784022
2026-06-10 23:15:00+00:00,99415.87939784022
2026-06-10 23:30:00+00:00,99415.87939784022
2026-06-10 23:45:00+00:00,99415.87939784022
2026-06-11 00:00:00+00:00,99415.87939784022
2026-06-11 00:15:00+00:00,99415.87939784022
2026-06-11 00:30:00+00:00,99415.87939784022
2026-06-11 00:45:00+00:00,99415.87939784022
2026-06-11 01:00:00+00:00,99415.87939784022
2026-06-11 01:15:00+00:00,99415.87939784022
2026-06-11 01:30:00+00:00,99415.87939784022
2026-06-11 01:45:00+00:00,99415.87939784022
2026-06-11 02:00:00+00:00,99415.87939784022
2026-06-11 02:15:00+00:00,99415.87939784022
2026-06-11 02:30:00+00:00,99415.87939784022
2026-06-11 02:45:00+00:00,99415.87939784022
2026-06-11 03:00:00+00:00,99415.87939784022
2026-06-11 03:15:00+00:00,99415.87939784022
2026-06-11 03:30:00+00:00,99415.87939784022
2026-06-11 03:45:00+00:00,99415.87939784022
2026-06-11 04:00:00+00:00,99415.87939784022
2026-06-11 04:15:00+00:00,99415.87939784022
2026-06-11 04:30:00+00:00,99415.87939784022
2026-06-11 04:45:00+00:00,99415.87939784022
2026-06-11 05:00:00+00:00,99415.87939784022
2026-06-11 05:15:00+00:00,99415.87939784022
2026-06-11 05:30:00+00:00,99415.87939784022
2026-06-11 05:45:00+00:00,99415.87939784022
2026-06-11 06:00:00+00:00,99415.87939784022
2026-06-11 06:15:00+00:00,99415.87939784022
2026-06-11 06:30:00+00:00,99415.87939784022
2026-06-11 06:45:00+00:00,99415.87939784022
2026-06-11 07:00:00+00:00,99415.87939784022
2026-06-11 07:15:00+00:00,99415.87939784022
2026-06-11 07:30:00+00:00,99415.87939784022
2026-06-11 07:45:00+00:00,99415.87939784022
2026-06-11 08:00:00+00:00,99415.87939784022
2026-06-11 08:15:00+00:00,99415.87939784022
2026-06-11 08:30:00+00:00,99415.87939784022
2026-06-11 08:45:00+00:00,99415.87939784022
2026-06-11 09:00:00+00:00,99415.87939784022
2026-06-11 09:15:00+00:00,99415.87939784022
2026-06-11 09:30:00+00:00,99415.87939784022
2026-06-11 09:45:00+00:00,99415.87939784022
2026-06-11 10:00:00+00:00,99415.87939784022
2026-06-11 10:15:00+00:00,99415.87939784022
2026-06-11 10:30:00+00:00,99415.87939784022
2026-06-11 10:45:00+00:00,99415.87939784022
2026-06-11 11:00:00+00:00,99415.87939784022
2026-06-11 11:15:00+00:00,99415.87939784022
2026-06-11 11:30:00+00:00,99415.87939784022
2026-06-11 11:45:00+00:00,99415.87939784022
2026-06-11 12:00:00+00:00,99415.87939784022
2026-06-11 12:15:00+00:00,99415.87939784022
2026-06-11 12:30:00+00:00,99415.87939784022
2026-06-11 12:45:00+00:00,99415.87939784022
2026-06-11 13:00:00+00:00,99415.87939784022
2026-06-11 13:15:00+00:00,99415.87939784022
2026-06-11 13:30:00+00:00,99415.87939784022
2026-06-11 13:45:00+00:00,99415.87939784022
2026-06-11 14:00:00+00:00,99415.87939784022
2026-06-11 14:15:00+00:00,99415.87939784022
2026-06-11 14:30:00+00:00,99415.87939784022
2026-06-11 14:45:00+00:00,99415.87939784022
2026-06-11 15:00:00+00:00,99415.87939784022
2026-06-11 15:15:00+00:00,99415.87939784022
2026-06-11 15:30:00+00:00,99415.87939784022
2026-06-11 15:45:00+00:00,99415.87939784022
2026-06-11 16:00:00+00:00,99415.87939784022
2026-06-11 16:15:00+00:00,99415.87939784022
2026-06-11 16:30:00+00:00,99415.87939784022
2026-06-11 16:45:00+00:00,99415.87939784022
2026-06-11 17:00:00+00:00,99415.87939784022
2026-06-11 17:15:00+00:00,99415.87939784022
2026-06-11 17:30:00+00:00,99415.87939784022
2026-06-11 17:45:00+00:00,99415.87939784022
2026-06-11 18:00:00+00:00,99415.87939784022
2026-06-11 18:15:00+00:00,99415.87939784022
2026-06-11 18:30:00+00:00,99415.87939784022
2026-06-11 18:45:00+00:00,99415.87939784022
2026-06-11 19:00:00+00:00,99415.87939784022
2026-06-11 19:15:00+00:00,99415.87939784022
2026-06-11 19:30:00+00:00,99415.87939784022
2026-06-11 19:45:00+00:00,99415.87939784022
2026-06-11 20:00:00+00:00,99415.87939784022
2026-06-11 20:15:00+00:00,99415.87939784022
2026-06-11 20:30:00+00:00,99415.87939784022
2026-06-11 20:45:00+00:00,99415.87939784022
2026-06-11 21:00:00+00:00,99415.87939784022
2026-06-11 21:15:00+00:00,99415.87939784022
2026-06-11 21:30:00+00:00,99415.87939784022
2026-06-11 21:45:00+00:00,99415.87939784022
2026-06-11 22:00:00+00:00,99415.87939784022
2026-06-11 22:15:00+00:00,99415.87939784022
2026-06-11 22:30:00+00:00,99415.87939784022
2026-06-11 22:45:00+00:00,99415.87939784022
2026-06-11 23:00:00+00:00,99415.87939784022
2026-06-11 23:15:00+00:00,99415.87939784022
2026-06-11 23:30:00+00:00,99415.87939784022
2026-06-11 23:45:00+00:00,99415.87939784022
2026-06-12 00:00:00+00:00,99415.87939784022
2026-06-12 00:15:00+00:00,99415.87939784022
2026-06-12 00:30:00+00:00,99415.87939784022
2026-06-12 00:45:00+00:00,99415.87939784022
2026-06-12 01:00:00+00:00,99415.87939784022
2026-06-12 01:15:00+00:00,99415.87939784022
2026-06-12 01:30:00+00:00,99415.87939784022
2026-06-12 01:45:00+00:00,99415.87939784022
2026-06-12 02:00:00+00:00,99415.87939784022
2026-06-12 02:15:00+00:00,99415.87939784022
2026-06-12 02:30:00+00:00,99415.87939784022
2026-06-12 02:45:00+00:00,99415.87939784022
2026-06-12 03:00:00+00:00,99415.87939784022
2026-06-12 03:15:00+00:00,99415.87939784022
2026-06-12 03:30:00+00:00,99415.87939784022
2026-06-12 03:45:00+00:00,99415.87939784022
2026-06-12 04:00:00+00:00,99415.87939784022
2026-06-12 04:15:00+00:00,99415.87939784022
2026-06-12 04:30:00+00:00,99415.87939784022
2026-06-12 04:45:00+00:00,99415.87939784022
2026-06-12 05:00:00+00:00,99415.87939784022
2026-06-12 05:15:00+00:00,99415.87939784022
2026-06-12 05:30:00+00:00,99415.87939784022
2026-06-12 05:45:00+00:00,99415.87939784022
2026-06-12 06:00:00+00:00,99415.87939784022
2026-06-12 06:15:00+00:00,99415.87939784022
2026-06-12 06:30:00+00:00,99415.87939784022
2026-06-12 06:45:00+00:00,99415.87939784022
2026-06-12 07:00:00+00:00,99415.87939784022
2026-06-12 07:15:00+00:00,99415.87939784022
2026-06-12 07:30:00+00:00,99415.87939784022
2026-06-12 07:45:00+00:00,99415.87939784022
2026-06-12 08:00:00+00:00,99415.87939784022
2026-06-12 08:15:00+00:00,99415.87939784022
2026-06-12 08:30:00+00:00,99415.87939784022
2026-06-12 08:45:00+00:00,99415.87939784022
2026-06-12 09:00:00+00:00,99415.87939784022
2026-06-12 09:15:00+00:00,99415.87939784022
2026-06-12 09:30:00+00:00,99415.87939784022
2026-06-12 09:45:00+00:00,99415.87939784022
2026-06-12 10:00:00+00:00,99415.87939784022
2026-06-12 10:15:00+00:00,99415.87939784022
2026-06-12 10:30:00+00:00,99415.87939784022
2026-06-12 10:45:00+00:00,99415.87939784022
2026-06-12 11:00:00+00:00,99415.87939784022
2026-06-12 11:15:00+00:00,99415.87939784022
2026-06-12 11:30:00+00:00,99415.87939784022
2026-06-12 11:45:00+00:00,99415.87939784022
2026-06-12 12:00:00+00:00,99415.87939784022
2026-06-12 12:15:00+00:00,99415.87939784022
2026-06-12 12:30:00+00:00,99415.87939784022
2026-06-12 12:45:00+00:00,99415.87939784022
2026-06-12 13:00:00+00:00,99415.87939784022
2026-06-12 13:15:00+00:00,99415.87939784022
2026-06-12 13:30:00+00:00,99415.87939784022
2026-06-12 13:45:00+00:00,99415.87939784022
2026-06-12 14:00:00+00:00,99415.87939784022
2026-06-12 14:15:00+00:00,99415.87939784022
2026-06-12 14:30:00+00:00,99415.87939784022
2026-06-12 14:45:00+00:00,99415.87939784022
2026-06-12 15:00:00+00:00,99415.87939784022
2026-06-12 15:15:00+00:00,99415.87939784022
2026-06-12 15:30:00+00:00,99415.87939784022
2026-06-12 15:45:00+00:00,99415.87939784022
2026-06-12 16:00:00+00:00,99415.87939784022
2026-06-12 16:15:00+00:00,99415.87939784022
2026-06-12 16:30:00+00:00,99415.87939784022
2026-06-12 16:45:00+00:00,99415.87939784022
2026-06-12 17:00:00+00:00,99415.87939784022
2026-06-12 17:15:00+00:00,99415.87939784022
2026-06-12 17:30:00+00:00,99415.87939784022
2026-06-12 17:45:00+00:00,99415.87939784022
2026-06-12 18:00:00+00:00,99415.87939784022
2026-06-12 18:15:00+00:00,99415.87939784022
2026-06-12 18:30:00+00:00,99415.87939784022
2026-06-12 18:45:00+00:00,99415.87939784022
2026-06-12 19:00:00+00:00,99415.87939784022
2026-06-12 19:15:00+00:00,99415.87939784022
2026-06-12 19:30:00+00:00,99415.87939784022
2026-06-12 19:45:00+00:00,99415.87939784022
2026-06-12 20:00:00+00:00,99415.87939784022
2026-06-12 20:15:00+00:00,99415.87939784022
2026-06-12 20:30:00+00:00,99415.87939784022
2026-06-12 20:45:00+00:00,99415.87939784022
2026-06-12 21:00:00+00:00,99415.87939784022
2026-06-12 21:15:00+00:00,99415.87939784022
2026-06-12 21:30:00+00:00,99415.87939784022
2026-06-12 21:45:00+00:00,99415.87939784022
2026-06-12 22:00:00+00:00,99415.87939784022
2026-06-12 22:15:00+00:00,99415.87939784022
2026-06-12 22:30:00+00:00,99415.87939784022
2026-06-12 22:45:00+00:00,99415.87939784022
2026-06-12 23:00:00+00:00,99415.87939784022
2026-06-12 23:15:00+00:00,99415.87939784022
2026-06-12 23:30:00+00:00,99415.87939784022
2026-06-12 23:45:00+00:00,99415.87939784022
2026-06-13 00:00:00+00:00,99415.87939784022
2026-06-13 00:15:00+00:00,99415.87939784022
2026-06-13 00:30:00+00:00,99415.87939784022
2026-06-13 00:45:00+00:00,99415.87939784022
2026-06-13 01:00:00+00:00,99415.87939784022
2026-06-13 01:15:00+00:00,99415.87939784022
2026-06-13 01:30:00+00:00,99415.87939784022
2026-06-13 01:45:00+00:00,99415.87939784022
2026-06-13 02:00:00+00:00,99415.87939784022
2026-06-13 02:15:00+00:00,99415.87939784022
2026-06-13 02:30:00+00:00,99415.87939784022
2026-06-13 02:45:00+00:00,99415.87939784022
2026-06-13 03:00:00+00:00,99415.87939784022
2026-06-13 03:15:00+00:00,99415.87939784022
2026-06-13 03:30:00+00:00,99415.87939784022
2026-06-13 03:45:00+00:00,99415.87939784022
2026-06-13 04:00:00+00:00,99415.87939784022
2026-06-13 04:15:00+00:00,99415.87939784022
2026-06-13 04:30:00+00:00,99415.87939784022
2026-06-13 04:45:00+00:00,99415.87939784022
2026-06-13 05:00:00+00:00,99415.87939784022
2026-06-13 05:15:00+00:00,99415.87939784022
2026-06-13 05:30:00+00:00,99415.87939784022
2026-06-13 05:45:00+00:00,99415.87939784022
2026-06-13 06:00:00+00:00,99415.87939784022
2026-06-13 06:15:00+00:00,99415.87939784022
2026-06-13 06:30:00+00:00,99415.87939784022
2026-06-13 06:45:00+00:00,99415.87939784022
2026-06-13 07:00:00+00:00,99415.87939784022
2026-06-13 07:15:00+00:00,99415.87939784022
2026-06-13 07:30:00+00:00,99415.87939784022
2026-06-13 07:45:00+00:00,99415.87939784022
2026-06-13 08:00:00+00:00,99415.87939784022
2026-06-13 08:15:00+00:00,99415.87939784022
2026-06-13 08:30:00+00:00,99415.87939784022
2026-06-13 08:45:00+00:00,99415.87939784022
2026-06-13 09:00:00+00:00,99415.87939784022
2026-06-13 09:15:00+00:00,99415.87939784022
2026-06-13 09:30:00+00:00,99415.87939784022
2026-06-13 09:45:00+00:00,99415.87939784022
2026-06-13 10:00:00+00:00,99415.87939784022
2026-06-13 10:15:00+00:00,99415.87939784022
2026-06-13 10:30:00+00:00,99415.87939784022
2026-06-13 10:45:00+00:00,99415.87939784022
2026-06-13 11:00:00+00:00,99415.87939784022
2026-06-13 11:15:00+00:00,99415.87939784022
2026-06-13 11:30:00+00:00,99415.87939784022
2026-06-13 11:45:00+00:00,99415.87939784022
2026-06-13 12:00:00+00:00,99415.87939784022
2026-06-13 12:15:00+00:00,99415.87939784022
2026-06-13 12:30:00+00:00,99415.87939784022
2026-06-13 12:45:00+00:00,99415.87939784022
2026-06-13 13:00:00+00:00,99415.87939784022
2026-06-13 13:15:00+00:00,99415.87939784022
2026-06-13 13:30:00+00:00,99415.87939784022
2026-06-13 13:45:00+00:00,99415.87939784022
2026-06-13 14:00:00+00:00,99415.87939784022
2026-06-13 14:15:00+00:00,99415.87939784022
2026-06-13 14:30:00+00:00,99415.87939784022
2026-06-13 14:45:00+00:00,99415.87939784022
2026-06-13 15:00:00+00:00,99415.87939784022
2026-06-13 15:15:00+00:00,99415.87939784022
2026-06-13 15:30:00+00:00,99415.87939784022
2026-06-13 15:45:00+00:00,99415.87939784022
2026-06-13 16:00:00+00:00,99415.87939784022
2026-06-13 16:15:00+00:00,99415.87939784022
2026-06-13 16:30:00+00:00,99415.87939784022
2026-06-13 16:45:00+00:00,99415.87939784022
2026-06-13 17:00:00+00:00,99415.87939784022
2026-06-13 17:15:00+00:00,99415.87939784022
2026-06-13 17:30:00+00:00,99415.87939784022
2026-06-13 17:45:00+00:00,99415.87939784022
2026-06-13 18:00:00+00:00,99415.87939784022
2026-06-13 18:15:00+00:00,99415.87939784022
2026-06-13 18:30:00+00:00,99415.87939784022
2026-06-13 18:45:00+00:00,99415.87939784022
2026-06-13 19:00:00+00:00,99415.87939784022
2026-06-13 19:15:00+00:00,99415.87939784022
2026-06-13 19:30:00+00:00,99415.87939784022
2026-06-13 19:45:00+00:00,99415.87939784022
2026-06-13 20:00:00+00:00,99415.87939784022
2026-06-13 20:15:00+00:00,99415.87939784022
2026-06-13 20:30:00+00:00,99415.87939784022
2026-06-13 20:45:00+00:00,99415.87939784022
2026-06-13 21:00:00+00:00,99415.87939784022
2026-06-13 21:15:00+00:00,99415.87939784022
2026-06-13 21:30:00+00:00,99415.87939784022
2026-06-13 21:45:00+00:00,99415.87939784022
2026-06-13 22:00:00+00:00,99415.87939784022
2026-06-13 22:15:00+00:00,99415.87939784022
2026-06-13 22:30:00+00:00,99415.87939784022
2026-06-13 22:45:00+00:00,99415.87939784022
2026-06-13 23:00:00+00:00,99415.87939784022
2026-06-13 23:15:00+00:00,99415.87939784022
2026-06-13 23:30:00+00:00,99415.87939784022
2026-06-13 23:45:00+00:00,99415.87939784022
2026-06-14 00:00:00+00:00,99415.87939784022
2026-06-14 00:15:00+00:00,99415.87939784022
2026-06-14 00:30:00+00:00,99415.87939784022
2026-06-14 00:45:00+00:00,99415.87939784022
2026-06-14 01:00:00+00:00,99415.87939784022
2026-06-14 01:15:00+00:00,99415.87939784022
2026-06-14 01:30:00+00:00,99415.87939784022
2026-06-14 01:45:00+00:00,99415.87939784022
2026-06-14 02:00:00+00:00,99415.87939784022
2026-06-14 02:15:00+00:00,99415.87939784022
2026-06-14 02:30:00+00:00,99415.87939784022
2026-06-14 02:45:00+00:00,99415.87939784022
2026-06-14 03:00:00+00:00,99415.87939784022
2026-06-14 03:15:00+00:00,99415.87939784022
2026-06-14 03:30:00+00:00,99415.87939784022
2026-06-14 03:45:00+00:00,99415.87939784022
2026-06-14 04:00:00+00:00,99415.87939784022
2026-06-14 04:15:00+00:00,99415.87939784022
2026-06-14 04:30:00+00:00,99415.87939784022
2026-06-14 04:45:00+00:00,99415.87939784022
2026-06-14 05:00:00+00:00,99415.87939784022
2026-06-14 05:15:00+00:00,99415.87939784022
2026-06-14 05:30:00+00:00,99415.87939784022
2026-06-14 05:45:00+00:00,99415.87939784022
2026-06-14 06:00:00+00:00,99415.87939784022
2026-06-14 06:15:00+00:00,99415.87939784022
2026-06-14 06:30:00+00:00,99415.87939784022
2026-06-14 06:45:00+00:00,99415.87939784022
2026-06-14 07:00:00+00:00,99415.87939784022
2026-06-14 07:15:00+00:00,99415.87939784022
2026-06-14 07:30:00+00:00,99415.87939784022
2026-06-14 07:45:00+00:00,99415.87939784022
2026-06-14 08:00:00+00:00,99415.87939784022
2026-06-14 08:15:00+00:00,99415.87939784022
2026-06-14 08:30:00+00:00,99415.87939784022
2026-06-14 08:45:00+00:00,99415.87939784022
2026-06-14 09:00:00+00:00,99415.87939784022
2026-06-14 09:15:00+00:00,99415.87939784022
2026-06-14 09:30:00+00:00,99415.87939784022
2026-06-14 09:45:00+00:00,99415.87939784022
2026-06-14 10:00:00+00:00,99415.87939784022
2026-06-14 10:15:00+00:00,99415.87939784022
2026-06-14 10:30:00+00:00,99415.87939784022
2026-06-14 10:45:00+00:00,99415.87939784022
2026-06-14 11:00:00+00:00,99415.87939784022
2026-06-14 11:15:00+00:00,99415.87939784022
2026-06-14 11:30:00+00:00,99415.87939784022
2026-06-14 11:45:00+00:00,99415.87939784022
2026-06-14 12:00:00+00:00,99415.87939784022
2026-06-14 12:15:00+00:00,99415.87939784022
2026-06-14 12:30:00+00:00,99415.87939784022
2026-06-14 12:45:00+00:00,99415.87939784022
2026-06-14 13:00:00+00:00,99415.87939784022
2026-06-14 13:15:00+00:00,99415.87939784022
2026-06-14 13:30:00+00:00,99415.87939784022
2026-06-14 13:45:00+00:00,99415.87939784022
2026-06-14 14:00:00+00:00,99415.87939784022
2026-06-14 14:15:00+00:00,99415.87939784022
2026-06-14 14:30:00+00:00,99415.87939784022
2026-06-14 14:45:00+00:00,99415.87939784022
2026-06-14 15:00:00+00:00,99415.87939784022
2026-06-14 15:15:00+00:00,99415.87939784022
2026-06-14 15:30:00+00:00,99415.87939784022
2026-06-14 15:45:00+00:00,99415.87939784022
2026-06-14 16:00:00+00:00,99415.87939784022
2026-06-14 16:15:00+00:00,99415.87939784022
2026-06-14 16:30:00+00:00,99415.87939784022
2026-06-14 16:45:00+00:00,99415.87939784022
2026-06-14 17:00:00+00:00,99415.87939784022
2026-06-14 17:15:00+00:00,99415.87939784022
2026-06-14 17:30:00+00:00,99415.87939784022
2026-06-14 17:45:00+00:00,99415.87939784022
2026-06-14 18:00:00+00:00,99415.87939784022
2026-06-14 18:15:00+00:00,99415.87939784022
2026-06-14 18:30:00+00:00,99415.87939784022
2026-06-14 18:45:00+00:00,99415.87939784022
2026-06-14 19:00:00+00:00,99415.87939784022
2026-06-14 19:15:00+00:00,99415.87939784022
2026-06-14 19:30:00+00:00,99415.87939784022
2026-06-14 19:45:00+00:00,99415.87939784022
2026-06-14 20:00:00+00:00,99415.87939784022
2026-06-14 20:15:00+00:00,99415.87939784022
2026-06-14 20:30:00+00:00,99415.87939784022
2026-06-14 20:45:00+00:00,99415.87939784022
2026-06-14 21:00:00+00:00,99415.87939784022
2026-06-14 21:15:00+00:00,99415.87939784022
2026-06-14 21:30:00+00:00,99415.87939784022
2026-06-14 21:45:00+00:00,99415.87939784022
2026-06-14 22:00:00+00:00,99415.87939784022
2026-06-14 22:15:00+00:00,99415.87939784022
2026-06-14 22:30:00+00:00,99415.87939784022
2026-06-14 22:45:00+00:00,99415.87939784022
2026-06-14 23:00:00+00:00,99415.87939784022
2026-06-14 23:15:00+00:00,99415.87939784022
2026-06-14 23:30:00+00:00,99415.87939784022
2026-06-14 23:45:00+00:00,99415.87939784022
2026-06-15 00:00:00+00:00,99415.87939784022
2026-06-15 00:15:00+00:00,99415.87939784022
2026-06-15 00:30:00+00:00,99415.87939784022
2026-06-15 00:45:00+00:00,99415.87939784022
2026-06-15 01:00:00+00:00,99415.87939784022
2026-06-15 01:15:00+00:00,99415.87939784022
2026-06-15 01:30:00+00:00,99415.87939784022
2026-06-15 01:45:00+00:00,99415.87939784022
2026-06-15 02:00:00+00:00,99415.87939784022
2026-06-15 02:15:00+00:00,99415.87939784022
2026-06-15 02:30:00+00:00,99415.87939784022
2026-06-15 02:45:00+00:00,99415.87939784022
2026-06-15 03:00:00+00:00,99415.87939784022
2026-06-15 03:15:00+00:00,99415.87939784022
2026-06-15 03:30:00+00:00,99415.87939784022
2026-06-15 03:45:00+00:00,99415.87939784022
2026-06-15 04:00:00+00:00,99415.87939784022
2026-06-15 04:15:00+00:00,99415.87939784022
2026-06-15 04:30:00+00:00,99415.87939784022
2026-06-15 04:45:00+00:00,99415.87939784022
2026-06-15 05:00:00+00:00,99415.87939784022
2026-06-15 05:15:00+00:00,99415.87939784022
2026-06-15 05:30:00+00:00,99415.87939784022
2026-06-15 05:45:00+00:00,99415.87939784022
2026-06-15 06:00:00+00:00,99415.87939784022
2026-06-15 06:15:00+00:00,99415.87939784022
2026-06-15 06:30:00+00:00,99415.87939784022
2026-06-15 06:45:00+00:00,99415.87939784022
2026-06-15 07:00:00+00:00,99415.87939784022
2026-06-15 07:15:00+00:00,99415.87939784022
2026-06-15 07:30:00+00:00,99415.87939784022
2026-06-15 07:45:00+00:00,99415.87939784022
2026-06-15 08:00:00+00:00,99415.87939784022
2026-06-15 08:15:00+00:00,99415.87939784022
2026-06-15 08:30:00+00:00,99415.87939784022
2026-06-15 08:45:00+00:00,99415.87939784022
2026-06-15 09:00:00+00:00,99415.87939784022
2026-06-15 09:15:00+00:00,99415.87939784022
2026-06-15 09:30:00+00:00,99415.87939784022
2026-06-15 09:45:00+00:00,99415.87939784022
2026-06-15 10:00:00+00:00,99415.87939784022
2026-06-15 10:15:00+00:00,99415.87939784022
2026-06-15 10:30:00+00:00,99415.87939784022
2026-06-15 10:45:00+00:00,99415.87939784022
2026-06-15 11:00:00+00:00,99415.87939784022
2026-06-15 11:15:00+00:00,99415.87939784022
2026-06-15 11:30:00+00:00,99415.87939784022
2026-06-15 11:45:00+00:00,99415.87939784022
2026-06-15 12:00:00+00:00,99415.87939784022
2026-06-15 12:15:00+00:00,99415.87939784022
2026-06-15 12:30:00+00:00,99415.87939784022
2026-06-15 12:45:00+00:00,99415.87939784022
2026-06-15 13:00:00+00:00,99415.87939784022
2026-06-15 13:15:00+00:00,99415.87939784022
2026-06-15 13:30:00+00:00,99415.87939784022
2026-06-15 13:45:00+00:00,99415.87939784022
2026-06-15 14:00:00+00:00,99415.87939784022
2026-06-15 14:15:00+00:00,99415.87939784022
2026-06-15 14:30:00+00:00,99415.87939784022
2026-06-15 14:45:00+00:00,99415.87939784022
2026-06-15 15:00:00+00:00,99415.87939784022
2026-06-15 15:15:00+00:00,99415.87939784022
2026-06-15 15:30:00+00:00,99415.87939784022
2026-06-15 15:45:00+00:00,99415.87939784022
2026-06-15 16:00:00+00:00,99415.87939784022
2026-06-15 16:15:00+00:00,99415.87939784022
2026-06-15 16:30:00+00:00,99415.87939784022
2026-06-15 16:45:00+00:00,99415.87939784022
2026-06-15 17:00:00+00:00,99415.87939784022
2026-06-15 17:15:00+00:00,99415.87939784022
2026-06-15 17:30:00+00:00,99415.87939784022
2026-06-15 17:45:00+00:00,99415.87939784022
2026-06-15 18:00:00+00:00,99415.87939784022
2026-06-15 18:15:00+00:00,99415.87939784022
2026-06-15 18:30:00+00:00,99415.87939784022
2026-06-15 18:45:00+00:00,99415.87939784022
2026-06-15 19:00:00+00:00,99415.87939784022
2026-06-15 19:15:00+00:00,99415.87939784022
2026-06-15 19:30:00+00:00,99415.87939784022
2026-06-15 19:45:00+00:00,99415.87939784022
2026-06-15 20:00:00+00:00,99415.87939784022
2026-06-15 20:15:00+00:00,99415.87939784022
2026-06-15 20:30:00+00:00,99415.87939784022
2026-06-15 20:45:00+00:00,99415.87939784022
2026-06-15 21:00:00+00:00,99415.87939784022
2026-06-15 21:15:00+00:00,99415.87939784022
2026-06-15 21:30:00+00:00,99415.87939784022
2026-06-15 21:45:00+00:00,99415.87939784022
2026-06-15 22:00:00+00:00,99415.87939784022
2026-06-15 22:15:00+00:00,99415.87939784022
2026-06-15 22:30:00+00:00,99415.87939784022
2026-06-15 22:45:00+00:00,99415.87939784022
2026-06-15 23:00:00+00:00,99415.87939784022
2026-06-15 23:15:00+00:00,99415.87939784022
2026-06-15 23:30:00+00:00,99415.87939784022
2026-06-15 23:45:00+00:00,99415.87939784022
2026-06-16 00:00:00+00:00,99415.87939784022
2026-06-16 00:15:00+00:00,99415.87939784022
2026-06-16 00:30:00+00:00,99415.87939784022
2026-06-16 00:45:00+00:00,99415.87939784022
2026-06-16 01:00:00+00:00,99415.87939784022
2026-06-16 01:15:00+00:00,99415.87939784022
2026-06-16 01:30:00+00:00,99415.87939784022
2026-06-16 01:45:00+00:00,99415.87939784022
2026-06-16 02:00:00+00:00,99415.87939784022
2026-06-16 02:15:00+00:00,99415.87939784022
2026-06-16 02:30:00+00:00,99415.87939784022
2026-06-16 02:45:00+00:00,99415.87939784022
2026-06-16 03:00:00+00:00,99415.87939784022
2026-06-16 03:15:00+00:00,99415.87939784022
2026-06-16 03:30:00+00:00,99415.87939784022
2026-06-16 03:45:00+00:00,99415.87939784022
2026-06-16 04:00:00+00:00,99415.87939784022
2026-06-16 04:15:00+00:00,99415.87939784022
2026-06-16 04:30:00+00:00,99415.87939784022
2026-06-16 04:45:00+00:00,99415.87939784022
2026-06-16 05:00:00+00:00,99415.87939784022
2026-06-16 05:15:00+00:00,99415.87939784022
2026-06-16 05:30:00+00:00,99415.87939784022
2026-06-16 05:45:00+00:00,99415.87939784022
2026-06-16 06:00:00+00:00,99415.87939784022
2026-06-16 06:15:00+00:00,99415.87939784022
2026-06-16 06:30:00+00:00,99415.87939784022
2026-06-16 06:45:00+00:00,99415.87939784022
2026-06-16 07:00:00+00:00,99415.87939784022
2026-06-16 07:15:00+00:00,99415.87939784022
2026-06-16 07:30:00+00:00,99415.87939784022
2026-06-16 07:45:00+00:00,99415.87939784022
2026-06-16 08:00:00+00:00,99415.87939784022
2026-06-16 08:15:00+00:00,99415.87939784022
2026-06-16 08:30:00+00:00,99415.87939784022
2026-06-16 08:45:00+00:00,99415.87939784022
2026-06-16 09:00:00+00:00,99415.87939784022
2026-06-16 09:15:00+00:00,99415.87939784022
2026-06-16 09:30:00+00:00,99415.87939784022
2026-06-16 09:45:00+00:00,99415.87939784022
2026-06-16 10:00:00+00:00,99415.87939784022
2026-06-16 10:15:00+00:00,99415.87939784022
2026-06-16 10:30:00+00:00,99415.87939784022
2026-06-16 10:45:00+00:00,99415.87939784022
2026-06-16 11:00:00+00:00,99415.87939784022
2026-06-16 11:15:00+00:00,99415.87939784022
2026-06-16 11:30:00+00:00,99415.87939784022
2026-06-16 11:45:00+00:00,99415.87939784022
2026-06-16 12:00:00+00:00,99415.87939784022
2026-06-16 12:15:00+00:00,99415.87939784022
2026-06-16 12:30:00+00:00,99415.87939784022
2026-06-16 12:45:00+00:00,99415.87939784022
2026-06-16 13:00:00+00:00,99415.87939784022
2026-06-16 13:15:00+00:00,99415.87939784022
2026-06-16 13:30:00+00:00,99415.87939784022
2026-06-16 13:45:00+00:00,99415.87939784022
2026-06-16 14:00:00+00:00,99415.87939784022
2026-06-16 14:15:00+00:00,99415.87939784022
2026-06-16 14:30:00+00:00,99415.87939784022
2026-06-16 14:45:00+00:00,99415.87939784022
2026-06-16 15:00:00+00:00,99415.87939784022
2026-06-16 15:15:00+00:00,99415.87939784022
2026-06-16 15:30:00+00:00,99415.87939784022
2026-06-16 15:45:00+00:00,99415.87939784022
2026-06-16 16:00:00+00:00,99415.87939784022
2026-06-16 16:15:00+00:00,99415.87939784022
2026-06-16 16:30:00+00:00,99415.87939784022
2026-06-16 16:45:00+00:00,99415.87939784022
2026-06-16 17:00:00+00:00,99415.87939784022
2026-06-16 17:15:00+00:00,99415.87939784022
2026-06-16 17:30:00+00:00,99415.87939784022
2026-06-16 17:45:00+00:00,99415.87939784022
2026-06-16 18:00:00+00:00,99415.87939784022
2026-06-16 18:15:00+00:00,99415.87939784022
2026-06-16 18:30:00+00:00,99415.87939784022
2026-06-16 18:45:00+00:00,99415.87939784022
2026-06-16 19:00:00+00:00,99415.87939784022
2026-06-16 19:15:00+00:00,99415.87939784022
2026-06-16 19:30:00+00:00,99415.87939784022
2026-06-16 19:45:00+00:00,99415.87939784022
2026-06-16 20:00:00+00:00,99415.87939784022
2026-06-16 20:15:00+00:00,99415.87939784022
2026-06-16 20:30:00+00:00,99415.87939784022
2026-06-16 20:45:00+00:00,99415.87939784022
2026-06-16 21:00:00+00:00,99415.87939784022
2026-06-16 21:15:00+00:00,99415.87939784022
2026-06-16 21:30:00+00:00,99415.87939784022
2026-06-16 21:45:00+00:00,99415.87939784022
2026-06-16 22:00:00+00:00,99415.87939784022
2026-06-16 22:15:00+00:00,99415.87939784022
2026-06-16 22:30:00+00:00,99415.87939784022
2026-06-16 22:45:00+00:00,99415.87939784022
2026-06-16 23:00:00+00:00,99415.87939784022
2026-06-16 23:15:00+00:00,99415.87939784022
2026-06-16 23:30:00+00:00,99415.87939784022
2026-06-16 23:45:00+00:00,99415.87939784022
2026-06-17 00:00:00+00:00,99415.87939784022
2026-06-17 00:15:00+00:00,99415.87939784022
2026-06-17 00:30:00+00:00,99415.87939784022
2026-06-17 00:45:00+00:00,99415.87939784022
2026-06-17 01:00:00+00:00,99415.87939784022
2026-06-17 01:15:00+00:00,99415.87939784022
2026-06-17 01:30:00+00:00,99415.87939784022
2026-06-17 01:45:00+00:00,99415.87939784022
2026-06-17 02:00:00+00:00,99415.87939784022
2026-06-17 02:15:00+00:00,99415.87939784022
2026-06-17 02:30:00+00:00,99415.87939784022
2026-06-17 02:45:00+00:00,99415.87939784022
2026-06-17 03:00:00+00:00,99415.87939784022
2026-06-17 03:15:00+00:00,99415.87939784022
2026-06-17 03:30:00+00:00,99415.87939784022
2026-06-17 03:45:00+00:00,99415.87939784022
2026-06-17 04:00:00+00:00,99415.87939784022
2026-06-17 04:15:00+00:00,99415.87939784022
2026-06-17 04:30:00+00:00,99415.87939784022
2026-06-17 04:45:00+00:00,99415.87939784022
2026-06-17 05:00:00+00:00,99415.87939784022
2026-06-17 05:15:00+00:00,99415.87939784022
2026-06-17 05:30:00+00:00,99415.87939784022
2026-06-17 05:45:00+00:00,99415.87939784022
2026-06-17 06:00:00+00:00,99415.87939784022
2026-06-17 06:15:00+00:00,99415.87939784022
2026-06-17 06:30:00+00:00,99415.87939784022
2026-06-17 06:45:00+00:00,99415.87939784022
2026-06-17 07:00:00+00:00,99415.87939784022
2026-06-17 07:15:00+00:00,99415.87939784022
2026-06-17 07:30:00+00:00,99415.87939784022
2026-06-17 07:45:00+00:00,99415.87939784022
2026-06-17 08:00:00+00:00,99415.87939784022
2026-06-17 08:15:00+00:00,99415.87939784022
2026-06-17 08:30:00+00:00,99415.87939784022
2026-06-17 08:45:00+00:00,99415.87939784022
2026-06-17 09:00:00+00:00,99415.87939784022
2026-06-17 09:15:00+00:00,99415.87939784022
2026-06-17 09:30:00+00:00,99415.87939784022
2026-06-17 09:45:00+00:00,99415.87939784022
2026-06-17 10:00:00+00:00,99415.87939784022
2026-06-17 10:15:00+00:00,99415.87939784022
2026-06-17 10:30:00+00:00,99415.87939784022
2026-06-17 10:45:00+00:00,99415.87939784022
2026-06-17 11:00:00+00:00,99415.87939784022
2026-06-17 11:15:00+00:00,99415.87939784022
2026-06-17 11:30:00+00:00,99415.87939784022
2026-06-17 11:45:00+00:00,99415.87939784022
2026-06-17 12:00:00+00:00,99415.87939784022
2026-06-17 12:15:00+00:00,99412.14981802729
2026-06-17 12:30:00+00:00,99409.15756185967
2026-06-17 12:45:00+00:00,99409.15756185967
2026-06-17 13:00:00+00:00,99409.15756185967
2026-06-17 13:15:00+00:00,99409.15756185967
2026-06-17 13:30:00+00:00,99409.15756185967
2026-06-17 13:45:00+00:00,99409.15756185967
2026-06-17 14:00:00+00:00,99409.15756185967
2026-06-17 14:15:00+00:00,99409.15756185967
2026-06-17 14:30:00+00:00,99409.15756185967
2026-06-17 14:45:00+00:00,99409.15756185967
2026-06-17 15:00:00+00:00,99409.15756185967
2026-06-17 15:15:00+00:00,99409.15756185967
2026-06-17 15:30:00+00:00,99409.15756185967
2026-06-17 15:45:00+00:00,99409.15756185967
2026-06-17 16:00:00+00:00,99409.15756185967
2026-06-17 16:15:00+00:00,99409.15756185967
2026-06-17 16:30:00+00:00,99409.15756185967
2026-06-17 16:45:00+00:00,99409.15756185967
2026-06-17 17:00:00+00:00,99409.15756185967
2026-06-17 17:15:00+00:00,99409.15756185967
2026-06-17 17:30:00+00:00,99409.15756185967
2026-06-17 17:45:00+00:00,99409.15756185967
2026-06-17 18:00:00+00:00,99409.15756185967
2026-06-17 18:15:00+00:00,99409.15756185967
2026-06-17 18:30:00+00:00,99409.15756185967
2026-06-17 18:45:00+00:00,99409.15756185967
2026-06-17 19:00:00+00:00,99409.15756185967
2026-06-17 19:15:00+00:00,99409.15756185967
2026-06-17 19:30:00+00:00,99409.15756185967
2026-06-17 19:45:00+00:00,99409.15756185967
2026-06-17 20:00:00+00:00,99409.15756185967
2026-06-17 20:15:00+00:00,99409.15756185967
2026-06-17 20:30:00+00:00,99409.15756185967
2026-06-17 20:45:00+00:00,99409.15756185967
2026-06-17 21:00:00+00:00,99409.15756185967
2026-06-17 21:15:00+00:00,99409.15756185967
2026-06-17 21:30:00+00:00,99409.15756185967
2026-06-17 21:45:00+00:00,99409.15756185967
2026-06-17 22:00:00+00:00,99409.15756185967
2026-06-17 22:15:00+00:00,99409.15756185967
2026-06-17 22:30:00+00:00,99409.15756185967
2026-06-17 22:45:00+00:00,99409.15756185967
2026-06-17 23:00:00+00:00,99409.15756185967
2026-06-17 23:15:00+00:00,99409.15756185967
2026-06-17 23:30:00+00:00,99409.15756185967
2026-06-17 23:45:00+00:00,99409.15756185967
2026-06-18 00:00:00+00:00,99409.15756185967
2026-06-18 00:15:00+00:00,99409.15756185967
2026-06-18 00:30:00+00:00,99409.15756185967
2026-06-18 00:45:00+00:00,99409.15756185967
2026-06-18 01:00:00+00:00,99409.15756185967
2026-06-18 01:15:00+00:00,99409.15756185967
2026-06-18 01:30:00+00:00,99409.15756185967
2026-06-18 01:45:00+00:00,99409.15756185967
2026-06-18 02:00:00+00:00,99409.15756185967
2026-06-18 02:15:00+00:00,99409.15756185967
2026-06-18 02:30:00+00:00,99409.15756185967
2026-06-18 02:45:00+00:00,99409.15756185967
2026-06-18 03:00:00+00:00,99409.15756185967
2026-06-18 03:15:00+00:00,99409.15756185967
2026-06-18 03:30:00+00:00,99409.15756185967
2026-06-18 03:45:00+00:00,99409.15756185967
2026-06-18 04:00:00+00:00,99409.15756185967
2026-06-18 04:15:00+00:00,99409.15756185967
2026-06-18 04:30:00+00:00,99409.15756185967
2026-06-18 04:45:00+00:00,99409.15756185967
2026-06-18 05:00:00+00:00,99409.15756185967
2026-06-18 05:15:00+00:00,99409.15756185967
2026-06-18 05:30:00+00:00,99409.15756185967
2026-06-18 05:45:00+00:00,99409.15756185967
2026-06-18 06:00:00+00:00,99409.15756185967
2026-06-18 06:15:00+00:00,99409.15756185967
2026-06-18 06:30:00+00:00,99409.15756185967
2026-06-18 06:45:00+00:00,99409.15756185967
2026-06-18 07:00:00+00:00,99409.15756185967
2026-06-18 07:15:00+00:00,99409.15756185967
2026-06-18 07:30:00+00:00,99409.15756185967
2026-06-18 07:45:00+00:00,99409.15756185967
2026-06-18 08:00:00+00:00,99409.15756185967
2026-06-18 08:15:00+00:00,99409.15756185967
2026-06-18 08:30:00+00:00,99409.15756185967
2026-06-18 08:45:00+00:00,99409.15756185967
2026-06-18 09:00:00+00:00,99409.15756185967
2026-06-18 09:15:00+00:00,99409.15756185967
2026-06-18 09:30:00+00:00,99409.15756185967
2026-06-18 09:45:00+00:00,99409.15756185967
2026-06-18 10:00:00+00:00,99409.15756185967
2026-06-18 10:15:00+00:00,99409.15756185967
2026-06-18 10:30:00+00:00,99409.15756185967
2026-06-18 10:45:00+00:00,99409.15756185967
2026-06-18 11:00:00+00:00,99409.15756185967
2026-06-18 11:15:00+00:00,99409.15756185967
2026-06-18 11:30:00+00:00,99409.15756185967
2026-06-18 11:45:00+00:00,99409.15756185967
2026-06-18 12:00:00+00:00,99409.15756185967
2026-06-18 12:15:00+00:00,99409.15756185967
2026-06-18 12:30:00+00:00,99409.15756185967
2026-06-18 12:45:00+00:00,99409.15756185967
2026-06-18 13:00:00+00:00,99409.15756185967
2026-06-18 13:15:00+00:00,99409.15756185967
2026-06-18 13:30:00+00:00,99409.15756185967
2026-06-18 13:45:00+00:00,99409.15756185967
2026-06-18 14:00:00+00:00,99409.15756185967
2026-06-18 14:15:00+00:00,99409.15756185967
2026-06-18 14:30:00+00:00,99409.15756185967
2026-06-18 14:45:00+00:00,99409.15756185967
2026-06-18 15:00:00+00:00,99409.15756185967
2026-06-18 15:15:00+00:00,99409.15756185967
2026-06-18 15:30:00+00:00,99409.15756185967
2026-06-18 15:45:00+00:00,99409.15756185967
2026-06-18 16:00:00+00:00,99409.15756185967
2026-06-18 16:15:00+00:00,99409.15756185967
2026-06-18 16:30:00+00:00,99409.15756185967
2026-06-18 16:45:00+00:00,99409.15756185967
2026-06-18 17:00:00+00:00,99409.15756185967
2026-06-18 17:15:00+00:00,99409.15756185967
2026-06-18 17:30:00+00:00,99409.15756185967
2026-06-18 17:45:00+00:00,99409.15756185967
2026-06-18 18:00:00+00:00,99409.15756185967
2026-06-18 18:15:00+00:00,99409.15756185967
2026-06-18 18:30:00+00:00,99409.15756185967
2026-06-18 18:45:00+00:00,99409.15756185967
2026-06-18 19:00:00+00:00,99409.15756185967
2026-06-18 19:15:00+00:00,99409.15756185967
2026-06-18 19:30:00+00:00,99409.15756185967
2026-06-18 19:45:00+00:00,99409.15756185967
2026-06-18 20:00:00+00:00,99409.15756185967
2026-06-18 20:15:00+00:00,99409.15756185967
2026-06-18 20:30:00+00:00,99409.15756185967
2026-06-18 20:45:00+00:00,99409.15756185967
2026-06-18 21:00:00+00:00,99409.15756185967
2026-06-18 21:15:00+00:00,99409.15756185967
2026-06-18 21:30:00+00:00,99409.15756185967
2026-06-18 21:45:00+00:00,99409.15756185967
2026-06-18 22:00:00+00:00,99409.15756185967
2026-06-18 22:15:00+00:00,99409.15756185967
2026-06-18 22:30:00+00:00,99409.15756185967
2026-06-18 22:45:00+00:00,99409.15756185967
2026-06-18 23:00:00+00:00,99409.15756185967
2026-06-18 23:15:00+00:00,99409.15756185967
2026-06-18 23:30:00+00:00,99409.15756185967
2026-06-18 23:45:00+00:00,99409.15756185967
2026-06-19 00:00:00+00:00,99409.15756185967
2026-06-19 00:15:00+00:00,99409.15756185967
2026-06-19 00:30:00+00:00,99409.15756185967
2026-06-19 00:45:00+00:00,99409.15756185967
2026-06-19 01:00:00+00:00,99409.15756185967
2026-06-19 01:15:00+00:00,99409.15756185967
2026-06-19 01:30:00+00:00,99409.15756185967
2026-06-19 01:45:00+00:00,99409.15756185967
2026-06-19 02:00:00+00:00,99409.15756185967
2026-06-19 02:15:00+00:00,99409.15756185967
2026-06-19 02:30:00+00:00,99409.15756185967
2026-06-19 02:45:00+00:00,99409.15756185967
2026-06-19 03:00:00+00:00,99409.15756185967
2026-06-19 03:15:00+00:00,99409.15756185967
2026-06-19 03:30:00+00:00,99409.15756185967
2026-06-19 03:45:00+00:00,99409.15756185967
2026-06-19 04:00:00+00:00,99409.15756185967
2026-06-19 04:15:00+00:00,99409.15756185967
2026-06-19 04:30:00+00:00,99409.15756185967
2026-06-19 04:45:00+00:00,99409.15756185967
2026-06-19 05:00:00+00:00,99409.15756185967
2026-06-19 05:15:00+00:00,99409.15756185967
2026-06-19 05:30:00+00:00,99409.15756185967
2026-06-19 05:45:00+00:00,99409.15756185967
2026-06-19 06:00:00+00:00,99409.15756185967
2026-06-19 06:15:00+00:00,99409.15756185967
2026-06-19 06:30:00+00:00,99409.15756185967
2026-06-19 06:45:00+00:00,99409.15756185967
2026-06-19 07:00:00+00:00,99409.15756185967
2026-06-19 07:15:00+00:00,99409.15756185967
2026-06-19 07:30:00+00:00,99409.15756185967
2026-06-19 07:45:00+00:00,99409.15756185967
2026-06-19 08:00:00+00:00,99409.15756185967
2026-06-19 08:15:00+00:00,99409.25249482859
2026-06-19 08:30:00+00:00,99409.4364244709
2026-06-19 08:45:00+00:00,99410.77573319442
2026-06-19 09:00:00+00:00,99411.99950879693
2026-06-19 09:15:00+00:00,99411.99950879693
2026-06-19 09:30:00+00:00,99411.99950879693
2026-06-19 09:45:00+00:00,99411.99950879693
2026-06-19 10:00:00+00:00,99411.99950879693
2026-06-19 10:15:00+00:00,99411.99950879693
2026-06-19 10:30:00+00:00,99411.99950879693
2026-06-19 10:45:00+00:00,99411.99950879693
2026-06-19 11:00:00+00:00,99411.99950879693
2026-06-19 11:15:00+00:00,99411.99950879693
2026-06-19 11:30:00+00:00,99411.99950879693
2026-06-19 11:45:00+00:00,99411.99950879693
2026-06-19 12:00:00+00:00,99411.99950879693
2026-06-19 12:15:00+00:00,99411.99950879693
2026-06-19 12:30:00+00:00,99411.99950879693
2026-06-19 12:45:00+00:00,99404.32201031545
2026-06-19 13:00:00+00:00,99393.17425285775
2026-06-19 13:15:00+00:00,99393.17425285775
2026-06-19 13:30:00+00:00,99393.17425285775
2026-06-19 13:45:00+00:00,99393.17425285775
2026-06-19 14:00:00+00:00,99393.17425285775
2026-06-19 14:15:00+00:00,99393.17425285775
2026-06-19 14:30:00+00:00,99393.17425285775
2026-06-19 14:45:00+00:00,99393.17425285775
2026-06-19 15:00:00+00:00,99393.17425285775
2026-06-19 15:15:00+00:00,99393.17425285775
2026-06-19 15:30:00+00:00,99393.17425285775
2026-06-19 15:45:00+00:00,99393.17425285775
2026-06-19 16:00:00+00:00,99393.17425285775
2026-06-19 16:15:00+00:00,99393.17425285775
2026-06-19 16:30:00+00:00,99393.17425285775
2026-06-19 16:45:00+00:00,99393.17425285775
2026-06-19 17:00:00+00:00,99393.17425285775
2026-06-19 17:15:00+00:00,99393.17425285775
2026-06-19 17:30:00+00:00,99393.17425285775
2026-06-19 17:45:00+00:00,99393.17425285775
2026-06-19 18:00:00+00:00,99393.17425285775
2026-06-19 18:15:00+00:00,99393.17425285775
2026-06-19 18:30:00+00:00,99393.17425285775
2026-06-19 18:45:00+00:00,99393.17425285775
2026-06-19 19:00:00+00:00,99393.17425285775
2026-06-19 19:15:00+00:00,99393.17425285775
2026-06-19 19:30:00+00:00,99393.17425285775
2026-06-19 19:45:00+00:00,99393.17425285775
2026-06-19 20:00:00+00:00,99393.17425285775
2026-06-19 20:15:00+00:00,99393.17425285775
2026-06-19 20:30:00+00:00,99393.17425285775
2026-06-19 20:45:00+00:00,99393.17425285775
2026-06-19 21:00:00+00:00,99393.17425285775
2026-06-19 21:15:00+00:00,99393.17425285775
2026-06-19 21:30:00+00:00,99393.17425285775
2026-06-19 21:45:00+00:00,99393.17425285775
2026-06-19 22:00:00+00:00,99393.17425285775
2026-06-19 22:15:00+00:00,99393.17425285775
2026-06-19 22:30:00+00:00,99393.17425285775
2026-06-19 22:45:00+00:00,99393.17425285775
2026-06-19 23:00:00+00:00,99393.17425285775
2026-06-19 23:15:00+00:00,99393.17425285775
2026-06-19 23:30:00+00:00,99393.17425285775
2026-06-19 23:45:00+00:00,99393.17425285775
2026-06-20 00:00:00+00:00,99393.17425285775
2026-06-20 00:15:00+00:00,99393.17425285775
2026-06-20 00:30:00+00:00,99393.17425285775
2026-06-20 00:45:00+00:00,99393.17425285775
2026-06-20 01:00:00+00:00,99393.17425285775
2026-06-20 01:15:00+00:00,99393.17425285775
2026-06-20 01:30:00+00:00,99393.17425285775
2026-06-20 01:45:00+00:00,99393.17425285775
2026-06-20 02:00:00+00:00,99393.17425285775
2026-06-20 02:15:00+00:00,99393.17425285775
2026-06-20 02:30:00+00:00,99393.17425285775
2026-06-20 02:45:00+00:00,99393.17425285775
2026-06-20 03:00:00+00:00,99393.17425285775
2026-06-20 03:15:00+00:00,99393.17425285775
2026-06-20 03:30:00+00:00,99393.17425285775
2026-06-20 03:45:00+00:00,99393.17425285775
2026-06-20 04:00:00+00:00,99393.17425285775
2026-06-20 04:15:00+00:00,99393.17425285775
2026-06-20 04:30:00+00:00,99393.17425285775
2026-06-20 04:45:00+00:00,99393.17425285775
2026-06-20 05:00:00+00:00,99393.17425285775
2026-06-20 05:15:00+00:00,99393.17425285775
2026-06-20 05:30:00+00:00,99393.17425285775
2026-06-20 05:45:00+00:00,99393.17425285775
2026-06-20 06:00:00+00:00,99393.17425285775
2026-06-20 06:15:00+00:00,99393.17425285775
2026-06-20 06:30:00+00:00,99393.17425285775
2026-06-20 06:45:00+00:00,99393.17425285775
2026-06-20 07:00:00+00:00,99393.17425285775
2026-06-20 07:15:00+00:00,99393.17425285775
2026-06-20 07:30:00+00:00,99393.17425285775
2026-06-20 07:45:00+00:00,99393.17425285775
2026-06-20 08:00:00+00:00,99393.17425285775
2026-06-20 08:15:00+00:00,99393.17425285775
2026-06-20 08:30:00+00:00,99393.17425285775
2026-06-20 08:45:00+00:00,99393.17425285775
2026-06-20 09:00:00+00:00,99393.17425285775
2026-06-20 09:15:00+00:00,99393.17425285775
2026-06-20 09:30:00+00:00,99393.17425285775
2026-06-20 09:45:00+00:00,99393.17425285775
2026-06-20 10:00:00+00:00,99393.17425285775
2026-06-20 10:15:00+00:00,99393.17425285775
2026-06-20 10:30:00+00:00,99393.17425285775
2026-06-20 10:45:00+00:00,99393.17425285775
2026-06-20 11:00:00+00:00,99393.17425285775
2026-06-20 11:15:00+00:00,99393.17425285775
2026-06-20 11:30:00+00:00,99393.17425285775
2026-06-20 11:45:00+00:00,99393.17425285775
2026-06-20 12:00:00+00:00,99393.17425285775
2026-06-20 12:15:00+00:00,99393.17425285775
2026-06-20 12:30:00+00:00,99393.17425285775
2026-06-20 12:45:00+00:00,99393.17425285775
2026-06-20 13:00:00+00:00,99393.17425285775
2026-06-20 13:15:00+00:00,99393.17425285775
2026-06-20 13:30:00+00:00,99393.17425285775
2026-06-20 13:45:00+00:00,99393.17425285775
2026-06-20 14:00:00+00:00,99393.17425285775
2026-06-20 14:15:00+00:00,99393.17425285775
2026-06-20 14:30:00+00:00,99393.17425285775
2026-06-20 14:45:00+00:00,99393.17425285775
2026-06-20 15:00:00+00:00,99393.17425285775
2026-06-20 15:15:00+00:00,99393.17425285775
2026-06-20 15:30:00+00:00,99393.17425285775
2026-06-20 15:45:00+00:00,99393.17425285775
2026-06-20 16:00:00+00:00,99393.17425285775
2026-06-20 16:15:00+00:00,99393.17425285775
2026-06-20 16:30:00+00:00,99393.17425285775
2026-06-20 16:45:00+00:00,99393.17425285775
2026-06-20 17:00:00+00:00,99393.17425285775
2026-06-20 17:15:00+00:00,99393.17425285775
2026-06-20 17:30:00+00:00,99393.17425285775
2026-06-20 17:45:00+00:00,99393.17425285775
2026-06-20 18:00:00+00:00,99393.17425285775
2026-06-20 18:15:00+00:00,99393.17425285775
2026-06-20 18:30:00+00:00,99393.17425285775
2026-06-20 18:45:00+00:00,99393.17425285775
2026-06-20 19:00:00+00:00,99393.17425285775
2026-06-20 19:15:00+00:00,99393.17425285775
2026-06-20 19:30:00+00:00,99393.17425285775
2026-06-20 19:45:00+00:00,99393.17425285775
2026-06-20 20:00:00+00:00,99393.17425285775
2026-06-20 20:15:00+00:00,99393.17425285775
2026-06-20 20:30:00+00:00,99393.17425285775
2026-06-20 20:45:00+00:00,99393.17425285775
2026-06-20 21:00:00+00:00,99393.17425285775
2026-06-20 21:15:00+00:00,99393.17425285775
2026-06-20 21:30:00+00:00,99393.17425285775
2026-06-20 21:45:00+00:00,99393.17425285775
2026-06-20 22:00:00+00:00,99393.17425285775
2026-06-20 22:15:00+00:00,99393.17425285775
2026-06-20 22:30:00+00:00,99393.17425285775
2026-06-20 22:45:00+00:00,99393.17425285775
2026-06-20 23:00:00+00:00,99393.17425285775
2026-06-20 23:15:00+00:00,99393.17425285775
2026-06-20 23:30:00+00:00,99393.17425285775
2026-06-20 23:45:00+00:00,99393.17425285775
2026-06-21 00:00:00+00:00,99393.17425285775
2026-06-21 00:15:00+00:00,99393.1139378151
2026-06-21 00:30:00+00:00,99392.75925353229
2026-06-21 00:45:00+00:00,99392.5737212063
2026-06-21 01:00:00+00:00,99393.58683165499
2026-06-21 01:15:00+00:00,99393.78314271044
2026-06-21 01:30:00+00:00,99393.51323694855
2026-06-21 01:45:00+00:00,99393.6403918791
2026-06-21 02:00:00+00:00,99393.28372390827
2026-06-21 02:15:00+00:00,99389.68489941482
2026-06-21 02:30:00+00:00,99389.68489941482
2026-06-21 02:45:00+00:00,99389.68489941482
2026-06-21 03:00:00+00:00,99389.68489941482
2026-06-21 03:15:00+00:00,99389.68489941482
2026-06-21 03:30:00+00:00,99389.68489941482
2026-06-21 03:45:00+00:00,99389.68489941482
2026-06-21 04:00:00+00:00,99389.68489941482
2026-06-21 04:15:00+00:00,99389.68489941482
2026-06-21 04:30:00+00:00,99389.68489941482
2026-06-21 04:45:00+00:00,99389.68489941482
2026-06-21 05:00:00+00:00,99389.68489941482
2026-06-21 05:15:00+00:00,99389.68489941482
2026-06-21 05:30:00+00:00,99389.68489941482
2026-06-21 05:45:00+00:00,99389.68489941482
2026-06-21 06:00:00+00:00,99389.68489941482
2026-06-21 06:15:00+00:00,99389.68489941482
2026-06-21 06:30:00+00:00,99389.68489941482
2026-06-21 06:45:00+00:00,99389.68489941482
2026-06-21 07:00:00+00:00,99389.68489941482
2026-06-21 07:15:00+00:00,99389.68489941482
2026-06-21 07:30:00+00:00,99389.68489941482
2026-06-21 07:45:00+00:00,99389.68489941482
2026-06-21 08:00:00+00:00,99389.68489941482
2026-06-21 08:15:00+00:00,99389.68489941482
2026-06-21 08:30:00+00:00,99388.04516740593
2026-06-21 08:45:00+00:00,99382.66056872021
2026-06-21 09:00:00+00:00,99382.66056872021
2026-06-21 09:15:00+00:00,99382.66056872021
2026-06-21 09:30:00+00:00,99382.66056872021
2026-06-21 09:45:00+00:00,99382.66056872021
2026-06-21 10:00:00+00:00,99382.66056872021
2026-06-21 10:15:00+00:00,99382.66056872021
2026-06-21 10:30:00+00:00,99382.66056872021
2026-06-21 10:45:00+00:00,99382.66056872021
2026-06-21 11:00:00+00:00,99382.66056872021
2026-06-21 11:15:00+00:00,99382.66056872021
2026-06-21 11:30:00+00:00,99382.66056872021
2026-06-21 11:45:00+00:00,99382.66056872021
2026-06-21 12:00:00+00:00,99382.66056872021
2026-06-21 12:15:00+00:00,99381.34752253325
2026-06-21 12:30:00+00:00,99382.14991201827
2026-06-21 12:45:00+00:00,99385.50089401807
2026-06-21 13:00:00+00:00,99383.606299855
2026-06-21 13:15:00+00:00,99384.66626811007
2026-06-21 13:30:00+00:00,99381.97115372652
2026-06-21 13:45:00+00:00,99384.25212264975
2026-06-21 14:00:00+00:00,99382.62507852592
2026-06-21 14:15:00+00:00,99377.12945711715
2026-06-21 14:30:00+00:00,99377.12945711715
2026-06-21 14:45:00+00:00,99377.12945711715
2026-06-21 15:00:00+00:00,99377.12945711715
2026-06-21 15:15:00+00:00,99377.12945711715
2026-06-21 15:30:00+00:00,99377.12945711715
2026-06-21 15:45:00+00:00,99377.12945711715
2026-06-21 16:00:00+00:00,99377.12945711715
2026-06-21 16:15:00+00:00,99377.12945711715
2026-06-21 16:30:00+00:00,99377.12945711715
2026-06-21 16:45:00+00:00,99377.12945711715
2026-06-21 17:00:00+00:00,99377.12945711715
2026-06-21 17:15:00+00:00,99377.12945711715
2026-06-21 17:30:00+00:00,99377.12945711715
2026-06-21 17:45:00+00:00,99377.12945711715
2026-06-21 18:00:00+00:00,99377.12945711715
2026-06-21 18:15:00+00:00,99377.12945711715
2026-06-21 18:30:00+00:00,99377.12945711715
2026-06-21 18:45:00+00:00,99377.12945711715
2026-06-21 19:00:00+00:00,99377.12945711715
2026-06-21 19:15:00+00:00,99377.12945711715
2026-06-21 19:30:00+00:00,99377.12945711715
2026-06-21 19:45:00+00:00,99377.12945711715
2026-06-21 20:00:00+00:00,99377.12945711715
2026-06-21 20:15:00+00:00,99377.12945711715
2026-06-21 20:30:00+00:00,99377.12945711715
2026-06-21 20:45:00+00:00,99377.12945711715
2026-06-21 21:00:00+00:00,99377.12945711715
2026-06-21 21:15:00+00:00,99377.12945711715
2026-06-21 21:30:00+00:00,99377.12945711715
2026-06-21 21:45:00+00:00,99377.12945711715
2026-06-21 22:00:00+00:00,99377.12945711715
2026-06-21 22:15:00+00:00,99377.12945711715
2026-06-21 22:30:00+00:00,99377.12945711715
2026-06-21 22:45:00+00:00,99377.12945711715
2026-06-21 23:00:00+00:00,99377.12945711715
2026-06-21 23:15:00+00:00,99377.12945711715
2026-06-21 23:30:00+00:00,99377.12945711715
2026-06-21 23:45:00+00:00,99377.12945711715
2026-06-22 00:00:00+00:00,99377.12945711715
2026-06-22 00:15:00+00:00,99377.12945711715
2026-06-22 00:30:00+00:00,99377.12945711715
2026-06-22 00:45:00+00:00,99377.12945711715
2026-06-22 01:00:00+00:00,99377.12945711715
2026-06-22 01:15:00+00:00,99377.12945711715
2026-06-22 01:30:00+00:00,99377.12945711715
2026-06-22 01:45:00+00:00,99377.12945711715
2026-06-22 02:00:00+00:00,99377.12945711715
2026-06-22 02:15:00+00:00,99377.12945711715
2026-06-22 02:30:00+00:00,99377.12945711715
2026-06-22 02:45:00+00:00,99377.12945711715
2026-06-22 03:00:00+00:00,99377.12945711715
2026-06-22 03:15:00+00:00,99377.12945711715
2026-06-22 03:30:00+00:00,99377.12945711715
2026-06-22 03:45:00+00:00,99377.12945711715
2026-06-22 04:00:00+00:00,99377.12945711715
2026-06-22 04:15:00+00:00,99377.12945711715
2026-06-22 04:30:00+00:00,99377.12945711715
2026-06-22 04:45:00+00:00,99377.12945711715
2026-06-22 05:00:00+00:00,99377.12945711715
2026-06-22 05:15:00+00:00,99377.12945711715
2026-06-22 05:30:00+00:00,99377.12945711715
2026-06-22 05:45:00+00:00,99377.12945711715
2026-06-22 06:00:00+00:00,99377.12945711715
2026-06-22 06:15:00+00:00,99377.12945711715
2026-06-22 06:30:00+00:00,99377.12945711715
2026-06-22 06:45:00+00:00,99377.12945711715
2026-06-22 07:00:00+00:00,99377.12945711715
2026-06-22 07:15:00+00:00,99377.12945711715
2026-06-22 07:30:00+00:00,99377.12945711715
2026-06-22 07:45:00+00:00,99377.12945711715
2026-06-22 08:00:00+00:00,99377.12945711715
2026-06-22 08:15:00+00:00,99377.12945711715
2026-06-22 08:30:00+00:00,99377.12945711715
2026-06-22 08:45:00+00:00,99377.12945711715
2026-06-22 09:00:00+00:00,99377.12945711715
2026-06-22 09:15:00+00:00,99377.12945711715
2026-06-22 09:30:00+00:00,99377.12945711715
2026-06-22 09:45:00+00:00,99377.12945711715
2026-06-22 10:00:00+00:00,99377.12945711715
2026-06-22 10:15:00+00:00,99377.12945711715
2026-06-22 10:30:00+00:00,99377.12945711715
2026-06-22 10:45:00+00:00,99377.12945711715
2026-06-22 11:00:00+00:00,99377.12945711715
2026-06-22 11:15:00+00:00,99377.12945711715
2026-06-22 11:30:00+00:00,99377.12945711715
2026-06-22 11:45:00+00:00,99377.12945711715
2026-06-22 12:00:00+00:00,99377.12945711715
2026-06-22 12:15:00+00:00,99377.12945711715
2026-06-22 12:30:00+00:00,99377.12945711715
2026-06-22 12:45:00+00:00,99377.12945711715
2026-06-22 13:00:00+00:00,99377.12945711715
2026-06-22 13:15:00+00:00,99377.12945711715
2026-06-22 13:30:00+00:00,99377.12945711715
2026-06-22 13:45:00+00:00,99377.12945711715
2026-06-22 14:00:00+00:00,99377.12945711715
2026-06-22 14:15:00+00:00,99377.12945711715
2026-06-22 14:30:00+00:00,99377.12945711715
2026-06-22 14:45:00+00:00,99377.12945711715
2026-06-22 15:00:00+00:00,99377.12945711715
2026-06-22 15:15:00+00:00,99377.12945711715
2026-06-22 15:30:00+00:00,99377.12945711715
2026-06-22 15:45:00+00:00,99377.12945711715
2026-06-22 16:00:00+00:00,99377.12945711715
2026-06-22 16:15:00+00:00,99377.12945711715
2026-06-22 16:30:00+00:00,99377.12945711715
2026-06-22 16:45:00+00:00,99377.12945711715
2026-06-22 17:00:00+00:00,99377.12945711715
2026-06-22 17:15:00+00:00,99377.12945711715
2026-06-22 17:30:00+00:00,99377.12945711715
2026-06-22 17:45:00+00:00,99377.12945711715
2026-06-22 18:00:00+00:00,99377.12945711715
2026-06-22 18:15:00+00:00,99377.12945711715
2026-06-22 18:30:00+00:00,99377.12945711715
2026-06-22 18:45:00+00:00,99377.12945711715
2026-06-22 19:00:00+00:00,99377.12945711715
2026-06-22 19:15:00+00:00,99377.12945711715
2026-06-22 19:30:00+00:00,99377.12945711715
2026-06-22 19:45:00+00:00,99377.12945711715
2026-06-22 20:00:00+00:00,99377.12945711715
2026-06-22 20:15:00+00:00,99377.12945711715
2026-06-22 20:30:00+00:00,99377.12945711715
2026-06-22 20:45:00+00:00,99377.12945711715
2026-06-22 21:00:00+00:00,99377.12945711715
2026-06-22 21:15:00+00:00,99377.12945711715
2026-06-22 21:30:00+00:00,99377.12945711715
2026-06-22 21:45:00+00:00,99377.12945711715
2026-06-22 22:00:00+00:00,99377.12945711715
2026-06-22 22:15:00+00:00,99377.12945711715
2026-06-22 22:30:00+00:00,99377.12945711715
2026-06-22 22:45:00+00:00,99377.12945711715
2026-06-22 23:00:00+00:00,99377.12945711715
2026-06-22 23:15:00+00:00,99377.12945711715
2026-06-22 23:30:00+00:00,99377.12945711715
2026-06-22 23:45:00+00:00,99377.12945711715
2026-06-23 00:00:00+00:00,99377.12945711715
2026-06-23 00:15:00+00:00,99377.12945711715
2026-06-23 00:30:00+00:00,99377.12945711715
2026-06-23 00:45:00+00:00,99377.12945711715
2026-06-23 01:00:00+00:00,99377.12945711715
2026-06-23 01:15:00+00:00,99377.12945711715
2026-06-23 01:30:00+00:00,99377.12945711715
2026-06-23 01:45:00+00:00,99377.12945711715
2026-06-23 02:00:00+00:00,99377.12945711715
2026-06-23 02:15:00+00:00,99377.12945711715
2026-06-23 02:30:00+00:00,99377.12945711715
2026-06-23 02:45:00+00:00,99377.12945711715
2026-06-23 03:00:00+00:00,99377.12945711715
2026-06-23 03:15:00+00:00,99377.12945711715
2026-06-23 03:30:00+00:00,99377.12945711715
2026-06-23 03:45:00+00:00,99377.12945711715
2026-06-23 04:00:00+00:00,99377.12945711715
2026-06-23 04:15:00+00:00,99377.12945711715
2026-06-23 04:30:00+00:00,99377.12945711715
2026-06-23 04:45:00+00:00,99377.12945711715
2026-06-23 05:00:00+00:00,99377.12945711715
2026-06-23 05:15:00+00:00,99377.12945711715
2026-06-23 05:30:00+00:00,99377.12945711715
2026-06-23 05:45:00+00:00,99377.12945711715
2026-06-23 06:00:00+00:00,99377.12945711715
2026-06-23 06:15:00+00:00,99377.12945711715
2026-06-23 06:30:00+00:00,99377.12945711715
2026-06-23 06:45:00+00:00,99377.12945711715
2026-06-23 07:00:00+00:00,99377.12945711715
2026-06-23 07:15:00+00:00,99377.12945711715
2026-06-23 07:30:00+00:00,99377.12945711715
2026-06-23 07:45:00+00:00,99377.12945711715
2026-06-23 08:00:00+00:00,99377.12945711715
2026-06-23 08:15:00+00:00,99377.12945711715
2026-06-23 08:30:00+00:00,99377.12945711715
2026-06-23 08:45:00+00:00,99377.12945711715
2026-06-23 09:00:00+00:00,99377.12945711715
2026-06-23 09:15:00+00:00,99377.12945711715
2026-06-23 09:30:00+00:00,99377.12945711715
2026-06-23 09:45:00+00:00,99377.12945711715
2026-06-23 10:00:00+00:00,99377.12945711715
2026-06-23 10:15:00+00:00,99377.12945711715
2026-06-23 10:30:00+00:00,99377.12945711715
2026-06-23 10:45:00+00:00,99377.12945711715
2026-06-23 11:00:00+00:00,99377.12945711715
2026-06-23 11:15:00+00:00,99377.12945711715
2026-06-23 11:30:00+00:00,99377.12945711715
2026-06-23 11:45:00+00:00,99377.12945711715
2026-06-23 12:00:00+00:00,99377.12945711715
2026-06-23 12:15:00+00:00,99377.12945711715
2026-06-23 12:30:00+00:00,99377.12945711715
2026-06-23 12:45:00+00:00,99377.12945711715
2026-06-23 13:00:00+00:00,99377.12945711715
2026-06-23 13:15:00+00:00,99377.12945711715
2026-06-23 13:30:00+00:00,99377.12945711715
2026-06-23 13:45:00+00:00,99377.12945711715
2026-06-23 14:00:00+00:00,99377.12945711715
2026-06-23 14:15:00+00:00,99377.12945711715
2026-06-23 14:30:00+00:00,99377.12945711715
2026-06-23 14:45:00+00:00,99377.12945711715
2026-06-23 15:00:00+00:00,99377.12945711715
2026-06-23 15:15:00+00:00,99377.12945711715
2026-06-23 15:30:00+00:00,99377.12945711715
2026-06-23 15:45:00+00:00,99377.12945711715
2026-06-23 16:00:00+00:00,99377.12945711715
2026-06-23 16:15:00+00:00,99377.12945711715
2026-06-23 16:30:00+00:00,99377.12945711715
2026-06-23 16:45:00+00:00,99377.12945711715
2026-06-23 17:00:00+00:00,99377.12945711715
2026-06-23 17:15:00+00:00,99377.12945711715
2026-06-23 17:30:00+00:00,99377.12945711715
2026-06-23 17:45:00+00:00,99377.12945711715
2026-06-23 18:00:00+00:00,99377.12945711715
2026-06-23 18:15:00+00:00,99377.12945711715
2026-06-23 18:30:00+00:00,99377.12945711715
2026-06-23 18:45:00+00:00,99377.12945711715
2026-06-23 19:00:00+00:00,99377.12945711715
2026-06-23 19:15:00+00:00,99377.12945711715
2026-06-23 19:30:00+00:00,99377.12945711715
2026-06-23 19:45:00+00:00,99377.12945711715
2026-06-23 20:00:00+00:00,99377.12945711715
2026-06-23 20:15:00+00:00,99377.12945711715
2026-06-23 20:30:00+00:00,99377.12945711715
2026-06-23 20:45:00+00:00,99377.12945711715
2026-06-23 21:00:00+00:00,99377.12945711715
2026-06-23 21:15:00+00:00,99377.12945711715
2026-06-23 21:30:00+00:00,99377.12945711715
2026-06-23 21:45:00+00:00,99377.12945711715
2026-06-23 22:00:00+00:00,99377.12945711715
2026-06-23 22:15:00+00:00,99377.12945711715
2026-06-23 22:30:00+00:00,99377.12945711715
2026-06-23 22:45:00+00:00,99377.12945711715
2026-06-23 23:00:00+00:00,99377.12945711715
2026-06-23 23:15:00+00:00,99377.12945711715
2026-06-23 23:30:00+00:00,99377.12945711715
2026-06-23 23:45:00+00:00,99377.12945711715
2026-06-24 00:00:00+00:00,99377.12945711715
2026-06-24 00:15:00+00:00,99377.12945711715
2026-06-24 00:30:00+00:00,99377.12945711715
2026-06-24 00:45:00+00:00,99377.12945711715
2026-06-24 01:00:00+00:00,99377.12945711715
2026-06-24 01:15:00+00:00,99377.12945711715
2026-06-24 01:30:00+00:00,99377.12945711715
2026-06-24 01:45:00+00:00,99377.12945711715
2026-06-24 02:00:00+00:00,99377.12945711715
2026-06-24 02:15:00+00:00,99377.12945711715
2026-06-24 02:30:00+00:00,99377.12945711715
2026-06-24 02:45:00+00:00,99377.12945711715
2026-06-24 03:00:00+00:00,99377.12945711715
2026-06-24 03:15:00+00:00,99377.12945711715
2026-06-24 03:30:00+00:00,99377.12945711715
2026-06-24 03:45:00+00:00,99377.12945711715
2026-06-24 04:00:00+00:00,99377.12945711715
2026-06-24 04:15:00+00:00,99377.12945711715
2026-06-24 04:30:00+00:00,99377.12945711715
2026-06-24 04:45:00+00:00,99377.12945711715
2026-06-24 05:00:00+00:00,99377.12945711715
2026-06-24 05:15:00+00:00,99377.12945711715
2026-06-24 05:30:00+00:00,99377.12945711715
2026-06-24 05:45:00+00:00,99377.12945711715
2026-06-24 06:00:00+00:00,99377.12945711715
2026-06-24 06:15:00+00:00,99377.12945711715
2026-06-24 06:30:00+00:00,99377.12945711715
2026-06-24 06:45:00+00:00,99377.12945711715
2026-06-24 07:00:00+00:00,99377.12945711715
2026-06-24 07:15:00+00:00,99377.12945711715
2026-06-24 07:30:00+00:00,99377.12945711715
2026-06-24 07:45:00+00:00,99377.12945711715
2026-06-24 08:00:00+00:00,99377.12945711715
2026-06-24 08:15:00+00:00,99377.12945711715
2026-06-24 08:30:00+00:00,99377.12945711715
2026-06-24 08:45:00+00:00,99377.12945711715
2026-06-24 09:00:00+00:00,99377.12945711715
2026-06-24 09:15:00+00:00,99377.12945711715
2026-06-24 09:30:00+00:00,99377.12945711715
2026-06-24 09:45:00+00:00,99377.12945711715
2026-06-24 10:00:00+00:00,99377.12945711715
2026-06-24 10:15:00+00:00,99377.12945711715
2026-06-24 10:30:00+00:00,99377.12945711715
2026-06-24 10:45:00+00:00,99377.12945711715
2026-06-24 11:00:00+00:00,99377.12945711715
2026-06-24 11:15:00+00:00,99377.12945711715
2026-06-24 11:30:00+00:00,99377.12945711715
2026-06-24 11:45:00+00:00,99377.12945711715
2026-06-24 12:00:00+00:00,99377.12945711715
2026-06-24 12:15:00+00:00,99377.12945711715
2026-06-24 12:30:00+00:00,99377.12945711715
2026-06-24 12:45:00+00:00,99377.12945711715
2026-06-24 13:00:00+00:00,99377.12945711715
2026-06-24 13:15:00+00:00,99377.12945711715
2026-06-24 13:30:00+00:00,99377.12945711715
2026-06-24 13:45:00+00:00,99377.12945711715
2026-06-24 14:00:00+00:00,99377.12945711715
2026-06-24 14:15:00+00:00,99377.12945711715
2026-06-24 14:30:00+00:00,99377.12945711715
2026-06-24 14:45:00+00:00,99377.12945711715
2026-06-24 15:00:00+00:00,99377.12945711715
2026-06-24 15:15:00+00:00,99377.12945711715
2026-06-24 15:30:00+00:00,99377.12945711715
2026-06-24 15:45:00+00:00,99377.12945711715
2026-06-24 16:00:00+00:00,99377.12945711715
2026-06-24 16:15:00+00:00,99377.12945711715
2026-06-24 16:30:00+00:00,99377.12945711715
2026-06-24 16:45:00+00:00,99377.12945711715
2026-06-24 17:00:00+00:00,99377.12945711715
2026-06-24 17:15:00+00:00,99377.12945711715
2026-06-24 17:30:00+00:00,99377.12945711715
2026-06-24 17:45:00+00:00,99377.12945711715
2026-06-24 18:00:00+00:00,99377.12945711715
2026-06-24 18:15:00+00:00,99377.12945711715
2026-06-24 18:30:00+00:00,99377.12945711715
2026-06-24 18:45:00+00:00,99377.12945711715
2026-06-24 19:00:00+00:00,99377.12945711715
2026-06-24 19:15:00+00:00,99377.12945711715
2026-06-24 19:30:00+00:00,99377.12945711715
2026-06-24 19:45:00+00:00,99377.12945711715
2026-06-24 20:00:00+00:00,99377.12945711715
2026-06-24 20:15:00+00:00,99377.12945711715
2026-06-24 20:30:00+00:00,99377.12945711715
2026-06-24 20:45:00+00:00,99377.12945711715
2026-06-24 21:00:00+00:00,99377.12945711715
2026-06-24 21:15:00+00:00,99377.12945711715
2026-06-24 21:30:00+00:00,99377.12945711715
2026-06-24 21:45:00+00:00,99377.12945711715
2026-06-24 22:00:00+00:00,99377.12945711715
2026-06-24 22:15:00+00:00,99377.12945711715
2026-06-24 22:30:00+00:00,99377.12945711715
2026-06-24 22:45:00+00:00,99377.12945711715
2026-06-24 23:00:00+00:00,99377.12945711715
2026-06-24 23:15:00+00:00,99377.12945711715
2026-06-24 23:30:00+00:00,99377.12945711715
2026-06-24 23:45:00+00:00,99377.12945711715
2026-06-25 00:00:00+00:00,99377.12945711715
2026-06-25 00:15:00+00:00,99377.12945711715
2026-06-25 00:30:00+00:00,99377.12945711715
2026-06-25 00:45:00+00:00,99377.12945711715
2026-06-25 01:00:00+00:00,99377.12945711715
2026-06-25 01:15:00+00:00,99377.12945711715
2026-06-25 01:30:00+00:00,99377.12945711715
2026-06-25 01:45:00+00:00,99377.12945711715
2026-06-25 02:00:00+00:00,99377.12945711715
2026-06-25 02:15:00+00:00,99377.12945711715
2026-06-25 02:30:00+00:00,99377.12945711715
2026-06-25 02:45:00+00:00,99377.12945711715
2026-06-25 03:00:00+00:00,99377.12945711715
2026-06-25 03:15:00+00:00,99377.12945711715
2026-06-25 03:30:00+00:00,99377.12945711715
2026-06-25 03:45:00+00:00,99377.12945711715
2026-06-25 04:00:00+00:00,99377.12945711715
2026-06-25 04:15:00+00:00,99377.12945711715
2026-06-25 04:30:00+00:00,99377.12945711715
2026-06-25 04:45:00+00:00,99377.12945711715
2026-06-25 05:00:00+00:00,99377.12945711715
2026-06-25 05:15:00+00:00,99377.12945711715
2026-06-25 05:30:00+00:00,99377.12945711715
2026-06-25 05:45:00+00:00,99377.12945711715
2026-06-25 06:00:00+00:00,99377.12945711715
2026-06-25 06:15:00+00:00,99377.12945711715
2026-06-25 06:30:00+00:00,99377.12945711715
2026-06-25 06:45:00+00:00,99377.12945711715
2026-06-25 07:00:00+00:00,99377.12945711715
2026-06-25 07:15:00+00:00,99377.12945711715
2026-06-25 07:30:00+00:00,99377.12945711715
2026-06-25 07:45:00+00:00,99377.12945711715
2026-06-25 08:00:00+00:00,99377.12945711715
2026-06-25 08:15:00+00:00,99377.12945711715
2026-06-25 08:30:00+00:00,99377.12945711715
2026-06-25 08:45:00+00:00,99377.12945711715
2026-06-25 09:00:00+00:00,99377.12945711715
2026-06-25 09:15:00+00:00,99377.12945711715
2026-06-25 09:30:00+00:00,99377.12945711715
2026-06-25 09:45:00+00:00,99377.12945711715
2026-06-25 10:00:00+00:00,99377.12945711715
2026-06-25 10:15:00+00:00,99377.12945711715
2026-06-25 10:30:00+00:00,99377.12945711715
2026-06-25 10:45:00+00:00,99377.12945711715
2026-06-25 11:00:00+00:00,99377.12945711715
2026-06-25 11:15:00+00:00,99377.12945711715
2026-06-25 11:30:00+00:00,99377.12945711715
2026-06-25 11:45:00+00:00,99377.12945711715
2026-06-25 12:00:00+00:00,99377.12945711715
2026-06-25 12:15:00+00:00,99377.12945711715
2026-06-25 12:30:00+00:00,99377.12945711715
2026-06-25 12:45:00+00:00,99377.12945711715
2026-06-25 13:00:00+00:00,99377.12945711715
2026-06-25 13:15:00+00:00,99377.12945711715
2026-06-25 13:30:00+00:00,99377.12945711715
2026-06-25 13:45:00+00:00,99377.12945711715
2026-06-25 14:00:00+00:00,99377.12945711715
2026-06-25 14:15:00+00:00,99377.12945711715
2026-06-25 14:30:00+00:00,99377.12945711715
2026-06-25 14:45:00+00:00,99377.12945711715
2026-06-25 15:00:00+00:00,99377.12945711715
2026-06-25 15:15:00+00:00,99377.12945711715
2026-06-25 15:30:00+00:00,99377.12945711715
2026-06-25 15:45:00+00:00,99377.12945711715
2026-06-25 16:00:00+00:00,99377.12945711715
2026-06-25 16:15:00+00:00,99377.12945711715
2026-06-25 16:30:00+00:00,99377.12945711715
2026-06-25 16:45:00+00:00,99377.12945711715
2026-06-25 17:00:00+00:00,99377.12945711715
2026-06-25 17:15:00+00:00,99377.12945711715
2026-06-25 17:30:00+00:00,99377.12945711715
2026-06-25 17:45:00+00:00,99377.12945711715
2026-06-25 18:00:00+00:00,99377.12945711715
2026-06-25 18:15:00+00:00,99377.12945711715
2026-06-25 18:30:00+00:00,99377.12945711715
2026-06-25 18:45:00+00:00,99377.12945711715
2026-06-25 19:00:00+00:00,99377.12945711715
2026-06-25 19:15:00+00:00,99377.12945711715
2026-06-25 19:30:00+00:00,99377.12945711715
2026-06-25 19:45:00+00:00,99377.12945711715
2026-06-25 20:00:00+00:00,99377.12945711715
2026-06-25 20:15:00+00:00,99377.12945711715
2026-06-25 20:30:00+00:00,99377.12945711715
2026-06-25 20:45:00+00:00,99377.12945711715
2026-06-25 21:00:00+00:00,99377.12945711715
2026-06-25 21:15:00+00:00,99377.12945711715
2026-06-25 21:30:00+00:00,99377.12945711715
2026-06-25 21:45:00+00:00,99377.12945711715
2026-06-25 22:00:00+00:00,99377.12945711715
2026-06-25 22:15:00+00:00,99377.12945711715
2026-06-25 22:30:00+00:00,99377.12945711715
2026-06-25 22:45:00+00:00,99377.12945711715
2026-06-25 23:00:00+00:00,99377.12945711715
2026-06-25 23:15:00+00:00,99377.12945711715
2026-06-25 23:30:00+00:00,99377.12945711715
2026-06-25 23:45:00+00:00,99377.12945711715
2026-06-26 00:00:00+00:00,99377.12945711715
2026-06-26 00:15:00+00:00,99377.12945711715
2026-06-26 00:30:00+00:00,99377.12945711715
2026-06-26 00:45:00+00:00,99377.12945711715
2026-06-26 01:00:00+00:00,99377.12945711715
2026-06-26 01:15:00+00:00,99377.12945711715
2026-06-26 01:30:00+00:00,99377.12945711715
2026-06-26 01:45:00+00:00,99377.12945711715
2026-06-26 02:00:00+00:00,99377.12945711715
2026-06-26 02:15:00+00:00,99377.12945711715
2026-06-26 02:30:00+00:00,99377.12945711715
2026-06-26 02:45:00+00:00,99377.12945711715
2026-06-26 03:00:00+00:00,99377.12945711715
2026-06-26 03:15:00+00:00,99377.12945711715
2026-06-26 03:30:00+00:00,99377.12945711715
2026-06-26 03:45:00+00:00,99377.12945711715
2026-06-26 04:00:00+00:00,99377.12945711715
2026-06-26 04:15:00+00:00,99377.12945711715
2026-06-26 04:30:00+00:00,99377.12945711715
2026-06-26 04:45:00+00:00,99377.12945711715
2026-06-26 05:00:00+00:00,99377.12945711715
2026-06-26 05:15:00+00:00,99377.12945711715
2026-06-26 05:30:00+00:00,99377.12945711715
2026-06-26 05:45:00+00:00,99377.12945711715
2026-06-26 06:00:00+00:00,99377.12945711715
2026-06-26 06:15:00+00:00,99377.12945711715
2026-06-26 06:30:00+00:00,99377.12945711715
2026-06-26 06:45:00+00:00,99377.12945711715
2026-06-26 07:00:00+00:00,99377.12945711715
2026-06-26 07:15:00+00:00,99377.12945711715
2026-06-26 07:30:00+00:00,99377.12945711715
2026-06-26 07:45:00+00:00,99377.12945711715
2026-06-26 08:00:00+00:00,99377.12945711715
2026-06-26 08:15:00+00:00,99377.12945711715
2026-06-26 08:30:00+00:00,99377.12945711715
2026-06-26 08:45:00+00:00,99377.12945711715
2026-06-26 09:00:00+00:00,99377.12945711715
2026-06-26 09:15:00+00:00,99377.12945711715
2026-06-26 09:30:00+00:00,99377.12945711715
2026-06-26 09:45:00+00:00,99377.12945711715
2026-06-26 10:00:00+00:00,99377.12945711715
2026-06-26 10:15:00+00:00,99377.12945711715
2026-06-26 10:30:00+00:00,99377.12945711715
2026-06-26 10:45:00+00:00,99377.12945711715
2026-06-26 11:00:00+00:00,99377.12945711715
2026-06-26 11:15:00+00:00,99377.12945711715
2026-06-26 11:30:00+00:00,99377.12945711715
2026-06-26 11:45:00+00:00,99377.12945711715
2026-06-26 12:00:00+00:00,99377.12945711715
2026-06-26 12:15:00+00:00,99377.12945711715
2026-06-26 12:30:00+00:00,99377.12945711715
2026-06-26 12:45:00+00:00,99377.12945711715
2026-06-26 13:00:00+00:00,99377.12945711715
2026-06-26 13:15:00+00:00,99377.12945711715
2026-06-26 13:30:00+00:00,99377.12945711715
2026-06-26 13:45:00+00:00,99377.12945711715
2026-06-26 14:00:00+00:00,99377.12945711715
2026-06-26 14:15:00+00:00,99377.12945711715
2026-06-26 14:30:00+00:00,99377.12945711715
2026-06-26 14:45:00+00:00,99377.12945711715
2026-06-26 15:00:00+00:00,99377.12945711715
2026-06-26 15:15:00+00:00,99377.12945711715
2026-06-26 15:30:00+00:00,99377.12945711715
2026-06-26 15:45:00+00:00,99377.12945711715
2026-06-26 16:00:00+00:00,99377.12945711715
2026-06-26 16:15:00+00:00,99377.12945711715
2026-06-26 16:30:00+00:00,99377.12945711715
2026-06-26 16:45:00+00:00,99377.12945711715
2026-06-26 17:00:00+00:00,99377.12945711715
2026-06-26 17:15:00+00:00,99377.12945711715
2026-06-26 17:30:00+00:00,99377.12945711715
2026-06-26 17:45:00+00:00,99377.12945711715
2026-06-26 18:00:00+00:00,99377.12945711715
2026-06-26 18:15:00+00:00,99377.12945711715
2026-06-26 18:30:00+00:00,99377.12945711715
2026-06-26 18:45:00+00:00,99377.12945711715
2026-06-26 19:00:00+00:00,99377.12945711715
2026-06-26 19:15:00+00:00,99377.12945711715
2026-06-26 19:30:00+00:00,99377.12945711715
2026-06-26 19:45:00+00:00,99377.12945711715
2026-06-26 20:00:00+00:00,99377.12945711715
2026-06-26 20:15:00+00:00,99377.12945711715
2026-06-26 20:30:00+00:00,99377.12945711715
2026-06-26 20:45:00+00:00,99377.12945711715
2026-06-26 21:00:00+00:00,99377.12945711715
2026-06-26 21:15:00+00:00,99377.12945711715
2026-06-26 21:30:00+00:00,99377.12945711715
2026-06-26 21:45:00+00:00,99377.12945711715
2026-06-26 22:00:00+00:00,99377.12945711715
2026-06-26 22:15:00+00:00,99377.12945711715
2026-06-26 22:30:00+00:00,99377.12945711715
2026-06-26 22:45:00+00:00,99377.12945711715
2026-06-26 23:00:00+00:00,99377.12945711715
2026-06-26 23:15:00+00:00,99377.12945711715
2026-06-26 23:30:00+00:00,99377.12945711715
2026-06-26 23:45:00+00:00,99377.12945711715
2026-06-27 00:00:00+00:00,99377.12945711715
2026-06-27 00:15:00+00:00,99377.12945711715
2026-06-27 00:30:00+00:00,99377.12945711715
2026-06-27 00:45:00+00:00,99377.12945711715
2026-06-27 01:00:00+00:00,99377.12945711715
2026-06-27 01:15:00+00:00,99377.12945711715
2026-06-27 01:30:00+00:00,99377.12945711715
2026-06-27 01:45:00+00:00,99377.12945711715
2026-06-27 02:00:00+00:00,99377.12945711715
2026-06-27 02:15:00+00:00,99377.12945711715
2026-06-27 02:30:00+00:00,99377.12945711715
2026-06-27 02:45:00+00:00,99377.12945711715
2026-06-27 03:00:00+00:00,99377.12945711715
2026-06-27 03:15:00+00:00,99377.12945711715
2026-06-27 03:30:00+00:00,99377.12945711715
2026-06-27 03:45:00+00:00,99377.12945711715
2026-06-27 04:00:00+00:00,99377.12945711715
2026-06-27 04:15:00+00:00,99377.12945711715
2026-06-27 04:30:00+00:00,99377.12945711715
2026-06-27 04:45:00+00:00,99377.12945711715
2026-06-27 05:00:00+00:00,99377.12945711715
2026-06-27 05:15:00+00:00,99377.12945711715
2026-06-27 05:30:00+00:00,99377.12945711715
2026-06-27 05:45:00+00:00,99377.12945711715
2026-06-27 06:00:00+00:00,99377.12945711715
2026-06-27 06:15:00+00:00,99377.12945711715
2026-06-27 06:30:00+00:00,99377.12945711715
2026-06-27 06:45:00+00:00,99377.12945711715
2026-06-27 07:00:00+00:00,99377.12945711715
2026-06-27 07:15:00+00:00,99377.12945711715
2026-06-27 07:30:00+00:00,99377.12945711715
2026-06-27 07:45:00+00:00,99377.12945711715
2026-06-27 08:00:00+00:00,99377.12945711715
2026-06-27 08:15:00+00:00,99377.12945711715
2026-06-27 08:30:00+00:00,99377.12945711715
2026-06-27 08:45:00+00:00,99377.12945711715
2026-06-27 09:00:00+00:00,99377.12945711715
2026-06-27 09:15:00+00:00,99377.12945711715
2026-06-27 09:30:00+00:00,99377.12945711715
2026-06-27 09:45:00+00:00,99377.12945711715
2026-06-27 10:00:00+00:00,99377.12945711715
2026-06-27 10:15:00+00:00,99377.12945711715
2026-06-27 10:30:00+00:00,99377.12945711715
2026-06-27 10:45:00+00:00,99377.12945711715
2026-06-27 11:00:00+00:00,99377.12945711715
2026-06-27 11:15:00+00:00,99377.12945711715
2026-06-27 11:30:00+00:00,99377.12945711715
2026-06-27 11:45:00+00:00,99377.12945711715
2026-06-27 12:00:00+00:00,99377.12945711715
2026-06-27 12:15:00+00:00,99377.12945711715
2026-06-27 12:30:00+00:00,99377.12945711715
2026-06-27 12:45:00+00:00,99377.12945711715
2026-06-27 13:00:00+00:00,99377.12945711715
2026-06-27 13:15:00+00:00,99377.12945711715
2026-06-27 13:30:00+00:00,99377.12945711715
2026-06-27 13:45:00+00:00,99377.12945711715
2026-06-27 14:00:00+00:00,99377.12945711715
2026-06-27 14:15:00+00:00,99377.12945711715
2026-06-27 14:30:00+00:00,99377.12945711715
2026-06-27 14:45:00+00:00,99377.12945711715
2026-06-27 15:00:00+00:00,99377.12945711715
2026-06-27 15:15:00+00:00,99377.12945711715
2026-06-27 15:30:00+00:00,99377.12945711715
2026-06-27 15:45:00+00:00,99377.12945711715
2026-06-27 16:00:00+00:00,99377.12945711715
2026-06-27 16:15:00+00:00,99377.12945711715
2026-06-27 16:30:00+00:00,99377.12945711715
2026-06-27 16:45:00+00:00,99377.12945711715
2026-06-27 17:00:00+00:00,99377.12945711715
2026-06-27 17:15:00+00:00,99377.12945711715
2026-06-27 17:30:00+00:00,99377.12945711715
2026-06-27 17:45:00+00:00,99377.12945711715
2026-06-27 18:00:00+00:00,99377.12945711715
2026-06-27 18:15:00+00:00,99377.12945711715
2026-06-27 18:30:00+00:00,99377.12945711715
2026-06-27 18:45:00+00:00,99377.12945711715
2026-06-27 19:00:00+00:00,99377.12945711715
2026-06-27 19:15:00+00:00,99377.12945711715
2026-06-27 19:30:00+00:00,99377.12945711715
2026-06-27 19:45:00+00:00,99377.12945711715
2026-06-27 20:00:00+00:00,99377.12945711715
2026-06-27 20:15:00+00:00,99377.12945711715
2026-06-27 20:30:00+00:00,99377.12945711715
2026-06-27 20:45:00+00:00,99377.12945711715
2026-06-27 21:00:00+00:00,99377.12945711715
2026-06-27 21:15:00+00:00,99377.12945711715
2026-06-27 21:30:00+00:00,99377.12945711715
2026-06-27 21:45:00+00:00,99377.12945711715
2026-06-27 22:00:00+00:00,99377.12945711715
2026-06-27 22:15:00+00:00,99377.12945711715
2026-06-27 22:30:00+00:00,99377.12945711715
2026-06-27 22:45:00+00:00,99377.12945711715
2026-06-27 23:00:00+00:00,99377.12945711715
2026-06-27 23:15:00+00:00,99377.12945711715
2026-06-27 23:30:00+00:00,99377.12945711715
2026-06-27 23:45:00+00:00,99377.12945711715
2026-06-28 00:00:00+00:00,99377.12945711715
2026-06-28 00:15:00+00:00,99377.12945711715
2026-06-28 00:30:00+00:00,99377.12945711715
2026-06-28 00:45:00+00:00,99377.12945711715
2026-06-28 01:00:00+00:00,99377.12945711715
2026-06-28 01:15:00+00:00,99377.12945711715
2026-06-28 01:30:00+00:00,99377.12945711715
2026-06-28 01:45:00+00:00,99377.12945711715
2026-06-28 02:00:00+00:00,99377.12945711715
2026-06-28 02:15:00+00:00,99377.12945711715
2026-06-28 02:30:00+00:00,99377.12945711715
2026-06-28 02:45:00+00:00,99377.12945711715
2026-06-28 03:00:00+00:00,99377.12945711715
2026-06-28 03:15:00+00:00,99377.12945711715
2026-06-28 03:30:00+00:00,99377.12945711715
2026-06-28 03:45:00+00:00,99377.12945711715
2026-06-28 04:00:00+00:00,99377.12945711715
2026-06-28 04:15:00+00:00,99377.12945711715
2026-06-28 04:30:00+00:00,99377.12945711715
2026-06-28 04:45:00+00:00,99377.12945711715
2026-06-28 05:00:00+00:00,99377.12945711715
2026-06-28 05:15:00+00:00,99377.12945711715
2026-06-28 05:30:00+00:00,99377.12945711715
2026-06-28 05:45:00+00:00,99377.12945711715
2026-06-28 06:00:00+00:00,99377.12945711715
2026-06-28 06:15:00+00:00,99377.12945711715
2026-06-28 06:30:00+00:00,99377.12945711715
2026-06-28 06:45:00+00:00,99377.12945711715
2026-06-28 07:00:00+00:00,99377.12945711715
2026-06-28 07:15:00+00:00,99377.12945711715
2026-06-28 07:30:00+00:00,99377.12945711715
2026-06-28 07:45:00+00:00,99377.12945711715
2026-06-28 08:00:00+00:00,99377.12945711715
2026-06-28 08:15:00+00:00,99377.12945711715
2026-06-28 08:30:00+00:00,99377.12945711715
2026-06-28 08:45:00+00:00,99377.12945711715
2026-06-28 09:00:00+00:00,99377.12945711715
2026-06-28 09:15:00+00:00,99377.12945711715
2026-06-28 09:30:00+00:00,99377.12945711715
2026-06-28 09:45:00+00:00,99377.12945711715
2026-06-28 10:00:00+00:00,99377.12945711715
2026-06-28 10:15:00+00:00,99377.12945711715
2026-06-28 10:30:00+00:00,99377.12945711715
2026-06-28 10:45:00+00:00,99377.12945711715
2026-06-28 11:00:00+00:00,99377.12945711715
2026-06-28 11:15:00+00:00,99377.12945711715
2026-06-28 11:30:00+00:00,99377.12945711715
2026-06-28 11:45:00+00:00,99377.12945711715
2026-06-28 12:00:00+00:00,99377.12945711715
2026-06-28 12:15:00+00:00,99377.12945711715
2026-06-28 12:30:00+00:00,99377.12945711715
2026-06-28 12:45:00+00:00,99377.12945711715
2026-06-28 13:00:00+00:00,99377.12945711715
2026-06-28 13:15:00+00:00,99377.12945711715
2026-06-28 13:30:00+00:00,99377.12945711715
2026-06-28 13:45:00+00:00,99377.12945711715
2026-06-28 14:00:00+00:00,99377.12945711715
2026-06-28 14:15:00+00:00,99377.12945711715
2026-06-28 14:30:00+00:00,99377.12945711715
2026-06-28 14:45:00+00:00,99377.12945711715
2026-06-28 15:00:00+00:00,99377.12945711715
2026-06-28 15:15:00+00:00,99377.12945711715
2026-06-28 15:30:00+00:00,99377.12945711715
2026-06-28 15:45:00+00:00,99377.12945711715
2026-06-28 16:00:00+00:00,99377.12945711715
2026-06-28 16:15:00+00:00,99377.12945711715
2026-06-28 16:30:00+00:00,99377.12945711715
2026-06-28 16:45:00+00:00,99377.12945711715
2026-06-28 17:00:00+00:00,99377.12945711715
2026-06-28 17:15:00+00:00,99377.12945711715
2026-06-28 17:30:00+00:00,99377.12945711715
2026-06-28 17:45:00+00:00,99377.12945711715
2026-06-28 18:00:00+00:00,99377.12945711715
2026-06-28 18:15:00+00:00,99377.12945711715
2026-06-28 18:30:00+00:00,99377.12945711715
2026-06-28 18:45:00+00:00,99377.12945711715
2026-06-28 19:00:00+00:00,99377.12945711715
2026-06-28 19:15:00+00:00,99377.12945711715
2026-06-28 19:30:00+00:00,99377.12945711715
2026-06-28 19:45:00+00:00,99377.12945711715
2026-06-28 20:00:00+00:00,99377.12945711715
2026-06-28 20:15:00+00:00,99377.12945711715
2026-06-28 20:30:00+00:00,99377.12945711715
2026-06-28 20:45:00+00:00,99377.12945711715
2026-06-28 21:00:00+00:00,99377.12945711715
2026-06-28 21:15:00+00:00,99377.12945711715
2026-06-28 21:30:00+00:00,99377.12945711715
2026-06-28 21:45:00+00:00,99377.12945711715
2026-06-28 22:00:00+00:00,99377.12945711715
2026-06-28 22:15:00+00:00,99377.12945711715
2026-06-28 22:30:00+00:00,99377.12945711715
2026-06-28 22:45:00+00:00,99377.12945711715
2026-06-28 23:00:00+00:00,99377.12945711715
2026-06-28 23:15:00+00:00,99377.12945711715
2026-06-28 23:30:00+00:00,99377.12945711715
2026-06-28 23:45:00+00:00,99377.12945711715
2026-06-29 00:00:00+00:00,99377.12945711715
2026-06-29 00:15:00+00:00,99377.12945711715
2026-06-29 00:30:00+00:00,99377.12945711715
2026-06-29 00:45:00+00:00,99377.12945711715
2026-06-29 01:00:00+00:00,99377.12945711715
2026-06-29 01:15:00+00:00,99377.12945711715
2026-06-29 01:30:00+00:00,99377.12945711715
2026-06-29 01:45:00+00:00,99377.12945711715
2026-06-29 02:00:00+00:00,99377.12945711715
2026-06-29 02:15:00+00:00,99377.12945711715
2026-06-29 02:30:00+00:00,99377.12945711715
2026-06-29 02:45:00+00:00,99377.12945711715
2026-06-29 03:00:00+00:00,99377.12945711715
2026-06-29 03:15:00+00:00,99377.12945711715
2026-06-29 03:30:00+00:00,99377.12945711715
2026-06-29 03:45:00+00:00,99377.12945711715
2026-06-29 04:00:00+00:00,99377.12945711715
2026-06-29 04:15:00+00:00,99377.12945711715
2026-06-29 04:30:00+00:00,99377.12945711715
2026-06-29 04:45:00+00:00,99377.12945711715
2026-06-29 05:00:00+00:00,99377.12945711715
2026-06-29 05:15:00+00:00,99377.12945711715
2026-06-29 05:30:00+00:00,99377.12945711715
2026-06-29 05:45:00+00:00,99377.12945711715
2026-06-29 06:00:00+00:00,99377.12945711715
2026-06-29 06:15:00+00:00,99377.12945711715
2026-06-29 06:30:00+00:00,99377.12945711715
2026-06-29 06:45:00+00:00,99377.12945711715
2026-06-29 07:00:00+00:00,99377.12945711715
2026-06-29 07:15:00+00:00,99377.12945711715
2026-06-29 07:30:00+00:00,99377.12945711715
2026-06-29 07:45:00+00:00,99377.12945711715
2026-06-29 08:00:00+00:00,99377.12945711715
2026-06-29 08:15:00+00:00,99377.12945711715
2026-06-29 08:30:00+00:00,99377.12945711715
2026-06-29 08:45:00+00:00,99377.12945711715
2026-06-29 09:00:00+00:00,99377.12945711715
2026-06-29 09:15:00+00:00,99377.12945711715
2026-06-29 09:30:00+00:00,99377.12945711715
2026-06-29 09:45:00+00:00,99377.12945711715
2026-06-29 10:00:00+00:00,99377.12945711715
2026-06-29 10:15:00+00:00,99377.12945711715
2026-06-29 10:30:00+00:00,99377.12945711715
2026-06-29 10:45:00+00:00,99377.12945711715
2026-06-29 11:00:00+00:00,99377.12945711715
2026-06-29 11:15:00+00:00,99377.12945711715
2026-06-29 11:30:00+00:00,99377.12945711715
2026-06-29 11:45:00+00:00,99377.12945711715
2026-06-29 12:00:00+00:00,99377.12945711715
2026-06-29 12:15:00+00:00,99377.12945711715
2026-06-29 12:30:00+00:00,99377.12945711715
2026-06-29 12:45:00+00:00,99377.12945711715
2026-06-29 13:00:00+00:00,99377.12945711715
2026-06-29 13:15:00+00:00,99377.12945711715
2026-06-29 13:30:00+00:00,99377.12945711715
2026-06-29 13:45:00+00:00,99377.12945711715
2026-06-29 14:00:00+00:00,99377.12945711715
2026-06-29 14:15:00+00:00,99377.12945711715
2026-06-29 14:30:00+00:00,99377.12945711715
2026-06-29 14:45:00+00:00,99377.12945711715
2026-06-29 15:00:00+00:00,99377.12945711715
2026-06-29 15:15:00+00:00,99377.12945711715
2026-06-29 15:30:00+00:00,99377.12945711715
2026-06-29 15:45:00+00:00,99377.12945711715
2026-06-29 16:00:00+00:00,99377.12945711715
2026-06-29 16:15:00+00:00,99377.12945711715
2026-06-29 16:30:00+00:00,99377.12945711715
2026-06-29 16:45:00+00:00,99377.12945711715
2026-06-29 17:00:00+00:00,99377.12945711715
2026-06-29 17:15:00+00:00,99377.12945711715
2026-06-29 17:30:00+00:00,99377.12945711715
2026-06-29 17:45:00+00:00,99377.12945711715
2026-06-29 18:00:00+00:00,99377.12945711715
2026-06-29 18:15:00+00:00,99377.12945711715
2026-06-29 18:30:00+00:00,99377.12945711715
2026-06-29 18:45:00+00:00,99377.12945711715
2026-06-29 19:00:00+00:00,99377.12945711715
2026-06-29 19:15:00+00:00,99377.12945711715
2026-06-29 19:30:00+00:00,99377.12945711715
2026-06-29 19:45:00+00:00,99377.12945711715
2026-06-29 20:00:00+00:00,99377.12945711715
2026-06-29 20:15:00+00:00,99377.12945711715
2026-06-29 20:30:00+00:00,99377.12945711715
2026-06-29 20:45:00+00:00,99377.12945711715
2026-06-29 21:00:00+00:00,99377.12945711715
2026-06-29 21:15:00+00:00,99377.12945711715
2026-06-29 21:30:00+00:00,99377.12945711715
2026-06-29 21:45:00+00:00,99377.12945711715
2026-06-29 22:00:00+00:00,99377.12945711715
2026-06-29 22:15:00+00:00,99377.12945711715
2026-06-29 22:30:00+00:00,99377.12945711715
2026-06-29 22:45:00+00:00,99377.12945711715
2026-06-29 23:00:00+00:00,99377.12945711715
2026-06-29 23:15:00+00:00,99377.12945711715
2026-06-29 23:30:00+00:00,99377.12945711715
2026-06-29 23:45:00+00:00,99377.12945711715
2026-06-30 00:00:00+00:00,99377.12945711715
