timestamp,equity
2024-07-01 00:00:00+00:00,100000.0
2024-07-01 00:15:00+00:00,100000.0
2024-07-01 00:30:00+00:00,100000.0
2024-07-01 00:45:00+00:00,100000.0
2024-07-01 01:00:00+00:00,100000.0
2024-07-01 01:15:00+00:00,100000.0
2024-07-01 01:30:00+00:00,100000.0
2024-07-01 01:45:00+00:00,100000.0
2024-07-01 02:00:00+00:00,100000.0
2024-07-01 02:15:00+00:00,100000.0
2024-07-01 02:30:00+00:00,100000.0
2024-07-01 02:45:00+00:00,100000.0
2024-07-01 03:00:00+00:00,100000.0
2024-07-01 03:15:00+00:00,100000.0
2024-07-01 03:30:00+00:00,100000.0
2024-07-01 03:45:00+00:00,100000.0
2024-07-01 04:00:00+00:00,100000.0
2024-07-01 04:15:00+00:00,100000.0
2024-07-01 04:30:00+00:00,100000.0
2024-07-01 04:45:00+00:00,100000.0
2024-07-01 05:00:00+00:00,100000.0
2024-07-01 05:15:00+00:00,100000.0
2024-07-01 05:30:00+00:00,100000.0
2024-07-01 05:45:00+00:00,100000.0
2024-07-01 06:00:00+00:00,100000.0
2024-07-01 06:15:00+00:00,100000.0
2024-07-01 06:30:00+00:00,100000.0
2024-07-01 06:45:00+00:00,100000.0
2024-07-01 07:00:00+00:00,100000.0
2024-07-01 07:15:00+00:00,100000.0
2024-07-01 07:30:00+00:00,100000.0
2024-07-01 07:45:00+00:00,100000.0
2024-07-01 08:00:00+00:00,100000.0
2024-07-01 08:15:00+00:00,100000.0
2024-07-01 08:30:00+00:00,100000.0
2024-07-01 08:45:00+00:00,100000.0
2024-07-01 09:00:00+00:00,100000.0
2024-07-01 09:15:00+00:00,100000.0
2024-07-01 09:30:00+00:00,100000.0
2024-07-01 09:45:00+00:00,100000.0
2024-07-01 10:00:00+00:00,100000.0
2024-07-01 10:15:00+00:00,100000.0
2024-07-01 10:30:00+00:00,100000.0
2024-07-01 10:45:00+00:00,100000.0
2024-07-01 11:00:00+00:00,100000.0
2024-07-01 11:15:00+00:00,100000.0
2024-07-01 11:30:00+00:00,100000.0
2024-07-01 11:45:00+00:00,100000.0
2024-07-01 12:00:00+00:00,100000.0
2024-07-01 12:15:00+00:00,100000.0
2024-07-01 12:30:00+00:00,100000.0
2024-07-01 12:45:00+00:00,100000.0
2024-07-01 13:00:00+00:00,100000.0
2024-07-01 13:15:00+00:00,100000.0
2024-07-01 13:30:00+00:00,100000.0
2024-07-01 13:45:00+00:00,100000.0
2024-07-01 14:00:00+00:00,100000.0
2024-07-01 14:15:00+00:00,100000.0
2024-07-01 14:30:00+00:00,100000.0
2024-07-01 14:45:00+00:00,100000.0
2024-07-01 15:00:00+00:00,100000.0
2024-07-01 15:15:00+00:00,100000.0
2024-07-01 15:30:00+00:00,100000.0
2024-07-01 15:45:00+00:00,100000.0
2024-07-01 16:00:00+00:00,100000.0
2024-07-01 16:15:00+00:00,100000.0
2024-07-01 16:30:00+00:00,100000.0
2024-07-01 16:45:00+00:00,100000.0
2024-07-01 17:00:00+00:00,100000.0
2024-07-01 17:15:00+00:00,100000.0
2024-07-01 17:30:00+00:00,100000.0
2024-07-01 17:45:00+00:00,100000.0
2024-07-01 18:00:00+00:00,100000.0
2024-07-01 18:15:00+00:00,100000.0
2024-07-01 18:30:00+00:00,100000.0
2024-07-01 18:45:00+00:00,100000.0
2024-07-01 19:00:00+00:00,100000.0
2024-07-01 19:15:00+00:00,100000.0
2024-07-01 19:30:00+00:00,100000.0
2024-07-01 19:45:00+00:00,100000.0
2024-07-01 20:00:00+00:00,100000.0
2024-07-01 20:15:00+00:00,100000.0
2024-07-01 20:30:00+00:00,100000.0
2024-07-01 20:45:00+00:00,100000.0
2024-07-01 21:00:00+00:00,100000.0
2024-07-01 21:15:00+00:00,100000.0
2024-07-01 21:30:00+00:00,100000.0
2024-07-01 21:45:00+00:00,100000.0
2024-07-01 22:00:00+00:00,100000.0
2024-07-01 22:15:00+00:00,100000.0
2024-07-01 22:30:00+00:00,100000.0
2024-07-01 22:45:00+00:00,100000.0
2024-07-01 23:00:00+00:00,100000.0
2024-07-01 23:15:00+00:00,100000.0
2024-07-01 23:30:00+00:00,100000.0
2024-07-01 23:45:00+00:00,100000.0
2024-07-02 00:00:00+00:00,100000.0
2024-07-02 00:15:00+00:00,100000.0
2024-07-02 00:30:00+00:00,100000.0
2024-07-02 00:45:00+00:00,100000.0
2024-07-02 01:00:00+00:00,100000.0
2024-07-02 01:15:00+00:00,100000.0
2024-07-02 01:30:00+00:00,100000.0
2024-07-02 01:45:00+00:00,100000.0
2024-07-02 02:00:00+00:00,100000.0
2024-07-02 02:15:00+00:00,100000.0
2024-07-02 02:30:00+00:00,100000.0
2024-07-02 02:45:00+00:00,100000.0
2024-07-02 03:00:00+00:00,100000.0
2024-07-02 03:15:00+00:00,100000.0
2024-07-02 03:30:00+00:00,100000.0
2024-07-02 03:45:00+00:00,100000.0
2024-07-02 04:00:00+00:00,100000.0
2024-07-02 04:15:00+00:00,100000.0
2024-07-02 04:30:00+00:00,100000.0
2024-07-02 04:45:00+00:00,100000.0
2024-07-02 05:00:00+00:00,100000.0
2024-07-02 05:15:00+00:00,100000.0
2024-07-02 05:30:00+00:00,100000.0
2024-07-02 05:45:00+00:00,100000.0
2024-07-02 06:00:00+00:00,100000.0
2024-07-02 06:15:00+00:00,100000.0
2024-07-02 06:30:00+00:00,100000.0
2024-07-02 06:45:00+00:00,100000.0
2024-07-02 07:00:00+00:00,100000.0
2024-07-02 07:15:00+00:00,100000.0
2024-07-02 07:30:00+00:00,100000.0
2024-07-02 07:45:00+00:00,100000.0
2024-07-02 08:00:00+00:00,100000.0
2024-07-02 08:15:00+00:00,100000.0
2024-07-02 08:30:00+00:00,100000.0
2024-07-02 08:45:00+00:00,100000.0
2024-07-02 09:00:00+00:00,100000.0
2024-07-02 09:15:00+00:00,100000.0
2024-07-02 09:30:00+00:00,100000.0
2024-07-02 09:45:00+00:00,100000.0
2024-07-02 10:00:00+00:00,100000.0
2024-07-02 10:15:00+00:00,100000.0
2024-07-02 10:30:00+00:00,100000.0
2024-07-02 10:45:00+00:00,100000.0
2024-07-02 11:00:00+00:00,100000.0
2024-07-02 11:15:00+00:00,100000.0
2024-07-02 11:30:00+00:00,100000.0
2024-07-02 11:45:00+00:00,100000.0
2024-07-02 12:00:00+00:00,100000.0
2024-07-02 12:15:00+00:00,100000.0
2024-07-02 12:30:00+00:00,100000.0
2024-07-02 12:45:00+00:00,100000.0
2024-07-02 13:00:00+00:00,100000.0
2024-07-02 13:15:00+00:00,100000.0
2024-07-02 13:30:00+00:00,100000.0
2024-07-02 13:45:00+00:00,100000.0
2024-07-02 14:00:00+00:00,100000.0
2024-07-02 14:15:00+00:00,100000.0
2024-07-02 14:30:00+00:00,100000.0
2024-07-02 14:45:00+00:00,100000.0
2024-07-02 15:00:00+00:00,100000.0
2024-07-02 15:15:00+00:00,100000.0
2024-07-02 15:30:00+00:00,100000.0
2024-07-02 15:45:00+00:00,100000.0
2024-07-02 16:00:00+00:00,100000.0
2024-07-02 16:15:00+00:00,100000.0
2024-07-02 16:30:00+00:00,100000.0
2024-07-02 16:45:00+00:00,100000.0
2024-07-02 17:00:00+00:00,100000.0
2024-07-02 17:15:00+00:00,100000.0
2024-07-02 17:30:00+00:00,100000.0
2024-07-02 17:45:00+00:00,100000.0
2024-07-02 18:00:00+00:00,100000.0
2024-07-02 18:15:00+00:00,100000.0
2024-07-02 18:30:00+00:00,100000.0
2024-07-02 18:45:00+00:00,100000.0
2024-07-02 19:00:00+00:00,100000.0
2024-07-02 19:15:00+00:00,100000.0
2024-07-02 19:30:00+00:00,100000.0
2024-07-02 19:45:00+00:00,100000.0
2024-07-02 20:00:00+00:00,100000.0
2024-07-02 20:15:00+00:00,100000.0
2024-07-02 20:30:00+00:00,100000.0
2024-07-02 20:45:00+00:00,100000.0
2024-07-02 21:00:00+00:00,100000.0
2024-07-02 21:15:00+00:00,100000.0
2024-07-02 21:30:00+00:00,100000.0
2024-07-02 21:45:00+00:00,100000.0
2024-07-02 22:00:00+00:00,100000.0
2024-07-02 22:15:00+00:00,100000.0
2024-07-02 22:30:00+00:00,100000.0
2024-07-02 22:45:00+00:00,100000.0
2024-07-02 23:00:00+00:00,100000.0
2024-07-02 23:15:00+00:00,100000.0
2024-07-02 23:30:00+00:00,100000.0
2024-07-02 23:45:00+00:00,100000.0
2024-07-03 00:00:00+00:00,100000.0
2024-07-03 00:15:00+00:00,100000.0
2024-07-03 00:30:00+00:00,100000.0
2024-07-03 00:45:00+00:00,100000.0
2024-07-03 01:00:00+00:00,100000.0
2024-07-03 01:15:00+00:00,100000.0
2024-07-03 01:30:00+00:00,100000.0
2024-07-03 01:45:00+00:00,100000.0
2024-07-03 02:00:00+00:00,100000.0
2024-07-03 02:15:00+00:00,100000.0
2024-07-03 02:30:00+00:00,100000.0
2024-07-03 02:45:00+00:00,100000.0
2024-07-03 03:00:00+00:00,100000.0
2024-07-03 03:15:00+00:00,100000.0
2024-07-03 03:30:00+00:00,100000.0
2024-07-03 03:45:00+00:00,100000.0
2024-07-03 04:00:00+00:00,100000.0
2024-07-03 04:15:00+00:00,100000.0
2024-07-03 04:30:00+00:00,100000.0
2024-07-03 04:45:00+00:00,100000.0
2024-07-03 05:00:00+00:00,100000.0
2024-07-03 05:15:00+00:00,100000.0
2024-07-03 05:30:00+00:00,100000.0
2024-07-03 05:45:00+00:00,100000.0
2024-07-03 06:00:00+00:00,100000.0
2024-07-03 06:15:00+00:00,100000.0
2024-07-03 06:30:00+00:00,100000.0
2024-07-03 06:45:00+00:00,100000.0
2024-07-03 07:00:00+00:00,100000.0
2024-07-03 07:15:00+00:00,100000.0
2024-07-03 07:30:00+00:00,100000.0
2024-07-03 07:45:00+00:00,100000.0
2024-07-03 08:00:00+00:00,100000.0
2024-07-03 08:15:00+00:00,100000.0
2024-07-03 08:30:00+00:00,100000.0
2024-07-03 08:45:00+00:00,100000.0
2024-07-03 09:00:00+00:00,100000.0
2024-07-03 09:15:00+00:00,100000.0
2024-07-03 09:30:00+00:00,100000.0
2024-07-03 09:45:00+00:00,100000.0
2024-07-03 10:00:00+00:00,100000.0
2024-07-03 10:15:00+00:00,100000.0
2024-07-03 10:30:00+00:00,100000.0
2024-07-03 10:45:00+00:00,100000.0
2024-07-03 11:00:00+00:00,100000.0
2024-07-03 11:15:00+00:00,100000.0
2024-07-03 11:30:00+00:00,100000.0
2024-07-03 11:45:00+00:00,100000.0
2024-07-03 12:00:00+00:00,100000.0
2024-07-03 12:15:00+00:00,100000.0
2024-07-03 12:30:00+00:00,100000.0
2024-07-03 12:45:00+00:00,100000.0
2024-07-03 13:00:00+00:00,100000.0
2024-07-03 13:15:00+00:00,100000.0
2024-07-03 13:30:00+00:00,100000.0
2024-07-03 13:45:00+00:00,100000.0
2024-07-03 14:00:00+00:00,100000.0
2024-07-03 14:15:00+00:00,100000.0
2024-07-03 14:30:00+00:00,100000.0
2024-07-03 14:45:00+00:00,100000.0
2024-07-03 15:00:00+00:00,100000.0
2024-07-03 15:15:00+00:00,100000.0
2024-07-03 15:30:00+00:00,100000.0
2024-07-03 15:45:00+00:00,100000.0
2024-07-03 16:00:00+00:00,100000.0
2024-07-03 16:15:00+00:00,100000.0
2024-07-03 16:30:00+00:00,100000.0
2024-07-03 16:45:00+00:00,100000.0
2024-07-03 17:00:00+00:00,100000.0
2024-07-03 17:15:00+00:00,100000.0
2024-07-03 17:30:00+00:00,100000.0
2024-07-03 17:45:00+00:00,100000.0
2024-07-03 18:00:00+00:00,100000.0
2024-07-03 18:15:00+00:00,100000.0
2024-07-03 18:30:00+00:00,100000.0
2024-07-03 18:45:00+00:00,100000.0
2024-07-03 19:00:00+00:00,100000.0
2024-07-03 19:15:00+00:00,100000.0
2024-07-03 19:30:00+00:00,100000.0
2024-07-03 19:45:00+00:00,100000.0
2024-07-03 20:00:00+00:00,100000.0
2024-07-03 20:15:00+00:00,100000.0
2024-07-03 20:30:00+00:00,100000.0
2024-07-03 20:45:00+00:00,100000.0
2024-07-03 21:00:00+00:00,100000.0
2024-07-03 21:15:00+00:00,100000.0
2024-07-03 21:30:00+00:00,100000.0
2024-07-03 21:45:00+00:00,100000.0
2024-07-03 22:00:00+00:00,100000.0
2024-07-03 22:15:00+00:00,100000.0
2024-07-03 22:30:00+00:00,100000.0
2024-07-03 22:45:00+00:00,100000.0
2024-07-03 23:00:00+00:00,100000.0
2024-07-03 23:15:00+00:00,100000.0
2024-07-03 23:30:00+00:00,100000.0
2024-07-03 23:45:00+00:00,100000.0
2024-07-04 00:00:00+00:00,100000.0
2024-07-04 00:15:00+00:00,99997.9668738029
2024-07-04 00:30:00+00:00,99989.80338170586
2024-07-04 00:45:00+00:00,99989.80338170586
2024-07-04 01:00:00+00:00,99989.80338170586
2024-07-04 01:15:00+00:00,99989.80338170586
2024-07-04 01:30:00+00:00,99989.80338170586
2024-07-04 01:45:00+00:00,99989.80338170586
2024-07-04 02:00:00+00:00,99989.80338170586
2024-07-04 02:15:00+00:00,99989.80338170586
2024-07-04 02:30:00+00:00,99989.80338170586
2024-07-04 02:45:00+00:00,99989.80338170586
2024-07-04 03:00:00+00:00,99989.80338170586
2024-07-04 03:15:00+00:00,99989.80338170586
2024-07-04 03:30:00+00:00,99989.80338170586
2024-07-04 03:45:00+00:00,99989.80338170586
2024-07-04 04:00:00+00:00,99989.80338170586
2024-07-04 04:15:00+00:00,99989.80338170586
2024-07-04 04:30:00+00:00,99989.80338170586
2024-07-04 04:45:00+00:00,99989.80338170586
2024-07-04 05:00:00+00:00,99989.80338170586
2024-07-04 05:15:00+00:00,99989.80338170586
2024-07-04 05:30:00+00:00,99989.80338170586
2024-07-04 05:45:00+00:00,99989.80338170586
2024-07-04 06:00:00+00:00,99989.80338170586
2024-07-04 06:15:00+00:00,99989.80338170586
2024-07-04 06:30:00+00:00,99989.80338170586
2024-07-04 06:45:00+00:00,99989.80338170586
2024-07-04 07:00:00+00:00,99989.80338170586
2024-07-04 07:15:00+00:00,99989.80338170586
2024-07-04 07:30:00+00:00,99989.80338170586
2024-07-04 07:45:00+00:00,99989.80338170586
2024-07-04 08:00:00+00:00,99989.80338170586
2024-07-04 08:15:00+00:00,99989.80338170586
2024-07-04 08:30:00+00:00,99989.80338170586
2024-07-04 08:45:00+00:00,99989.80338170586
2024-07-04 09:00:00+00:00,99989.80338170586
2024-07-04 09:15:00+00:00,99989.80338170586
2024-07-04 09:30:00+00:00,99989.80338170586
2024-07-04 09:45:00+00:00,99989.80338170586
2024-07-04 10:00:00+00:00,99989.80338170586
2024-07-04 10:15:00+00:00,99989.80338170586
2024-07-04 10:30:00+00:00,99989.80338170586
2024-07-04 10:45:00+00:00,99989.80338170586
2024-07-04 11:00:00+00:00,99989.80338170586
2024-07-04 11:15:00+00:00,99989.80338170586
2024-07-04 11:30:00+00:00,99989.80338170586
2024-07-04 11:45:00+00:00,99989.80338170586
2024-07-04 12:00:00+00:00,99989.80338170586
2024-07-04 12:15:00+00:00,99989.80338170586
2024-07-04 12:30:00+00:00,99989.80338170586
2024-07-04 12:45:00+00:00,99989.80338170586
2024-07-04 13:00:00+00:00,99989.80338170586
2024-07-04 13:15:00+00:00,99989.80338170586
2024-07-04 13:30:00+00:00,99989.80338170586
2024-07-04 13:45:00+00:00,99989.80338170586
2024-07-04 14:00:00+00:00,99989.80338170586
2024-07-04 14:15:00+00:00,99989.80338170586
2024-07-04 14:30:00+00:00,99989.80338170586
2024-07-04 14:45:00+00:00,99989.80338170586
2024-07-04 15:00:00+00:00,99989.80338170586
2024-07-04 15:15:00+00:00,99989.80338170586
2024-07-04 15:30:00+00:00,99989.80338170586
2024-07-04 15:45:00+00:00,99989.80338170586
2024-07-04 16:00:00+00:00,99989.80338170586
2024-07-04 16:15:00+00:00,99989.80338170586
2024-07-04 16:30:00+00:00,99989.80338170586
2024-07-04 16:45:00+00:00,99989.80338170586
2024-07-04 17:00:00+00:00,99989.80338170586
2024-07-04 17:15:00+00:00,99989.80338170586
2024-07-04 17:30:00+00:00,99989.80338170586
2024-07-04 17:45:00+00:00,99989.80338170586
2024-07-04 18:00:00+00:00,99989.80338170586
2024-07-04 18:15:00+00:00,99989.80338170586
2024-07-04 18:30:00+00:00,99989.80338170586
2024-07-04 18:45:00+00:00,99989.80338170586
2024-07-04 19:00:00+00:00,99989.80338170586
2024-07-04 19:15:00+00:00,99989.80338170586
2024-07-04 19:30:00+00:00,99989.80338170586
2024-07-04 19:45:00+00:00,99989.80338170586
2024-07-04 20:00:00+00:00,99989.80338170586
2024-07-04 20:15:00+00:00,99989.80338170586
2024-07-04 20:30:00+00:00,99989.80338170586
2024-07-04 20:45:00+00:00,99989.80338170586
2024-07-04 21:00:00+00:00,99989.80338170586
2024-07-04 21:15:00+00:00,99989.80338170586
2024-07-04 21:30:00+00:00,99989.80338170586
2024-07-04 21:45:00+00:00,99989.80338170586
2024-07-04 22:00:00+00:00,99989.80338170586
2024-07-04 22:15:00+00:00,99989.80338170586
2024-07-04 22:30:00+00:00,99989.80338170586
2024-07-04 22:45:00+00:00,99989.80338170586
2024-07-04 23:00:00+00:00,99989.80338170586
2024-07-04 23:15:00+00:00,99989.80338170586
2024-07-04 23:30:00+00:00,99989.80338170586
2024-07-04 23:45:00+00:00,99989.80338170586
2024-07-05 00:00:00+00:00,99989.80338170586
2024-07-05 00:15:00+00:00,99989.80338170586
2024-07-05 00:30:00+00:00,99989.80338170586
2024-07-05 00:45:00+00:00,99989.80338170586
2024-07-05 01:00:00+00:00,99989.80338170586
2024-07-05 01:15:00+00:00,99989.80338170586
2024-07-05 01:30:00+00:00,99989.80338170586
2024-07-05 01:45:00+00:00,99989.80338170586
2024-07-05 02:00:00+00:00,99989.80338170586
2024-07-05 02:15:00+00:00,99989.80338170586
2024-07-05 02:30:00+00:00,99989.80338170586
2024-07-05 02:45:00+00:00,99989.80338170586
2024-07-05 03:00:00+00:00,99989.80338170586
2024-07-05 03:15:00+00:00,99989.80338170586
2024-07-05 03:30:00+00:00,99989.80338170586
2024-07-05 03:45:00+00:00,99989.80338170586
2024-07-05 04:00:00+00:00,99989.80338170586
2024-07-05 04:15:00+00:00,99973.9085412898
2024-07-05 04:30:00+00:00,99972.70696292724
2024-07-05 04:45:00+00:00,99938.40486981426
2024-07-05 05:00:00+00:00,99938.40486981426
2024-07-05 05:15:00+00:00,99938.40486981426
2024-07-05 05:30:00+00:00,99938.40486981426
2024-07-05 05:45:00+00:00,99938.40486981426
2024-07-05 06:00:00+00:00,99938.40486981426
2024-07-05 06:15:00+00:00,99938.40486981426
2024-07-05 06:30:00+00:00,99938.40486981426
2024-07-05 06:45:00+00:00,99938.40486981426
2024-07-05 07:00:00+00:00,99938.40486981426
2024-07-05 07:15:00+00:00,99938.40486981426
2024-07-05 07:30:00+00:00,99938.40486981426
2024-07-05 07:45:00+00:00,99938.40486981426
2024-07-05 08:00:00+00:00,99938.40486981426
2024-07-05 08:15:00+00:00,99938.40486981426
2024-07-05 08:30:00+00:00,99938.40486981426
2024-07-05 08:45:00+00:00,99933.26827897146
2024-07-05 09:00:00+00:00,99928.2686593892
2024-07-05 09:15:00+00:00,99941.12811492692
2024-07-05 09:30:00+00:00,99945.42721307861
2024-07-05 09:45:00+00:00,99945.48220267653
2024-07-05 10:00:00+00:00,99967.17132481144
2024-07-05 10:15:00+00:00,99967.17132481144
2024-07-05 10:30:00+00:00,99967.17132481144
2024-07-05 10:45:00+00:00,99967.17132481144
2024-07-05 11:00:00+00:00,99967.17132481144
2024-07-05 11:15:00+00:00,99967.17132481144
2024-07-05 11:30:00+00:00,99967.17132481144
2024-07-05 11:45:00+00:00,99967.17132481144
2024-07-05 12:00:00+00:00,99967.17132481144
2024-07-05 12:15:00+00:00,99967.17132481144
2024-07-05 12:30:00+00:00,99967.17132481144
2024-07-05 12:45:00+00:00,99967.17132481144
2024-07-05 13:00:00+00:00,99967.17132481144
2024-07-05 13:15:00+00:00,99967.17132481144
2024-07-05 13:30:00+00:00,99967.17132481144
2024-07-05 13:45:00+00:00,99967.17132481144
2024-07-05 14:00:00+00:00,99967.17132481144
2024-07-05 14:15:00+00:00,99967.17132481144
2024-07-05 14:30:00+00:00,99967.17132481144
2024-07-05 14:45:00+00:00,99967.17132481144
2024-07-05 15:00:00+00:00,99967.17132481144
2024-07-05 15:15:00+00:00,99967.17132481144
2024-07-05 15:30:00+00:00,99967.17132481144
2024-07-05 15:45:00+00:00,99967.17132481144
2024-07-05 16:00:00+00:00,99967.17132481144
2024-07-05 16:15:00+00:00,99967.17132481144
2024-07-05 16:30:00+00:00,99974.12194791
2024-07-05 16:45:00+00:00,99970.91520868879
2024-07-05 17:00:00+00:00,99966.76782938166
2024-07-05 17:15:00+00:00,99960.25820549851
2024-07-05 17:30:00+00:00,99966.16456439624
2024-07-05 17:45:00+00:00,99970.74253181882
2024-07-05 18:00:00+00:00,99980.97765268019
2024-07-05 18:15:00+00:00,99980.97765268019
2024-07-05 18:30:00+00:00,99980.97765268019
2024-07-05 18:45:00+00:00,99980.97765268019
2024-07-05 19:00:00+00:00,99980.97765268019
2024-07-05 19:15:00+00:00,99980.97765268019
2024-07-05 19:30:00+00:00,99980.97765268019
2024-07-05 19:45:00+00:00,99980.97765268019
2024-07-05 20:00:00+00:00,99980.97765268019
2024-07-05 20:15:00+00:00,99980.97765268019
2024-07-05 20:30:00+00:00,99980.97765268019
2024-07-05 20:45:00+00:00,99980.97765268019
2024-07-05 21:00:00+00:00,99980.97765268019
2024-07-05 21:15:00+00:00,99980.97765268019
2024-07-05 21:30:00+00:00,99980.97765268019
2024-07-05 21:45:00+00:00,99980.97765268019
2024-07-05 22:00:00+00:00,99980.97765268019
2024-07-05 22:15:00+00:00,99980.97765268019
2024-07-05 22:30:00+00:00,99980.97765268019
2024-07-05 22:45:00+00:00,99980.97765268019
2024-07-05 23:00:00+00:00,99980.97765268019
2024-07-05 23:15:00+00:00,99980.97765268019
2024-07-05 23:30:00+00:00,99980.97765268019
2024-07-05 23:45:00+00:00,99980.97765268019
2024-07-06 00:00:00+00:00,99980.97765268019
2024-07-06 00:15:00+00:00,99980.97765268019
2024-07-06 00:30:00+00:00,99980.97765268019
2024-07-06 00:45:00+00:00,99980.97765268019
2024-07-06 01:00:00+00:00,99980.97765268019
2024-07-06 01:15:00+00:00,99980.97765268019
2024-07-06 01:30:00+00:00,99980.97765268019
2024-07-06 01:45:00+00:00,99980.97765268019
2024-07-06 02:00:00+00:00,99980.97765268019
2024-07-06 02:15:00+00:00,99980.97765268019
2024-07-06 02:30:00+00:00,99980.97765268019
2024-07-06 02:45:00+00:00,99980.97765268019
2024-07-06 03:00:00+00:00,99980.97765268019
2024-07-06 03:15:00+00:00,99980.97765268019
2024-07-06 03:30:00+00:00,99980.97765268019
2024-07-06 03:45:00+00:00,99980.97765268019
2024-07-06 04:00:00+00:00,99980.97765268019
2024-07-06 04:15:00+00:00,99980.97765268019
2024-07-06 04:30:00+00:00,99980.97765268019
2024-07-06 04:45:00+00:00,99980.97765268019
2024-07-06 05:00:00+00:00,99980.97765268019
2024-07-06 05:15:00+00:00,99980.97765268019
2024-07-06 05:30:00+00:00,99980.97765268019
2024-07-06 05:45:00+00:00,99980.97765268019
2024-07-06 06:00:00+00:00,99980.97765268019
2024-07-06 06:15:00+00:00,99980.97765268019
2024-07-06 06:30:00+00:00,99980.97765268019
2024-07-06 06:45:00+00:00,99980.97765268019
2024-07-06 07:00:00+00:00,99980.97765268019
2024-07-06 07:15:00+00:00,99980.97765268019
2024-07-06 07:30:00+00:00,99980.97765268019
2024-07-06 07:45:00+00:00,99980.97765268019
2024-07-06 08:00:00+00:00,99980.97765268019
2024-07-06 08:15:00+00:00,99980.97765268019
2024-07-06 08:30:00+00:00,99980.97765268019
2024-07-06 08:45:00+00:00,99980.97765268019
2024-07-06 09:00:00+00:00,99980.97765268019
2024-07-06 09:15:00+00:00,99980.97765268019
2024-07-06 09:30:00+00:00,99980.97765268019
2024-07-06 09:45:00+00:00,99980.97765268019
2024-07-06 10:00:00+00:00,99980.97765268019
2024-07-06 10:15:00+00:00,99980.97765268019
2024-07-06 10:30:00+00:00,99980.97765268019
2024-07-06 10:45:00+00:00,99980.97765268019
2024-07-06 11:00:00+00:00,99980.97765268019
2024-07-06 11:15:00+00:00,99980.97765268019
2024-07-06 11:30:00+00:00,99980.97765268019
2024-07-06 11:45:00+00:00,99980.97765268019
2024-07-06 12:00:00+00:00,99980.97765268019
2024-07-06 12:15:00+00:00,99980.97765268019
2024-07-06 12:30:00+00:00,99980.97765268019
2024-07-06 12:45:00+00:00,99980.97765268019
2024-07-06 13:00:00+00:00,99980.97765268019
2024-07-06 13:15:00+00:00,99980.97765268019
2024-07-06 13:30:00+00:00,99980.97765268019
2024-07-06 13:45:00+00:00,99980.97765268019
2024-07-06 14:00:00+00:00,99980.97765268019
2024-07-06 14:15:00+00:00,99980.97765268019
2024-07-06 14:30:00+00:00,99980.97765268019
2024-07-06 14:45:00+00:00,99980.97765268019
2024-07-06 15:00:00+00:00,99980.97765268019
2024-07-06 15:15:00+00:00,99980.97765268019
2024-07-06 15:30:00+00:00,99980.97765268019
2024-07-06 15:45:00+00:00,99980.97765268019
2024-07-06 16:00:00+00:00,99980.97765268019
2024-07-06 16:15:00+00:00,99980.97765268019
2024-07-06 16:30:00+00:00,99980.97765268019
2024-07-06 16:45:00+00:00,99980.97765268019
2024-07-06 17:00:00+00:00,99980.97765268019
2024-07-06 17:15:00+00:00,99980.97765268019
2024-07-06 17:30:00+00:00,99980.97765268019
2024-07-06 17:45:00+00:00,99980.97765268019
2024-07-06 18:00:00+00:00,99980.97765268019
2024-07-06 18:15:00+00:00,99980.97765268019
2024-07-06 18:30:00+00:00,99980.97765268019
2024-07-06 18:45:00+00:00,99980.97765268019
2024-07-06 19:00:00+00:00,99980.97765268019
2024-07-06 19:15:00+00:00,99980.97765268019
2024-07-06 19:30:00+00:00,99980.97765268019
2024-07-06 19:45:00+00:00,99980.97765268019
2024-07-06 20:00:00+00:00,99980.97765268019
2024-07-06 20:15:00+00:00,99980.97765268019
2024-07-06 20:30:00+00:00,99980.97765268019
2024-07-06 20:45:00+00:00,99980.97765268019
2024-07-06 21:00:00+00:00,99980.97765268019
2024-07-06 21:15:00+00:00,99980.97765268019
2024-07-06 21:30:00+00:00,99980.97765268019
2024-07-06 21:45:00+00:00,99980.97765268019
2024-07-06 22:00:00+00:00,99980.97765268019
2024-07-06 22:15:00+00:00,99980.97765268019
2024-07-06 22:30:00+00:00,99980.97765268019
2024-07-06 22:45:00+00:00,99980.97765268019
2024-07-06 23:00:00+00:00,99980.97765268019
2024-07-06 23:15:00+00:00,99980.97765268019
2024-07-06 23:30:00+00:00,99980.97765268019
2024-07-06 23:45:00+00:00,99980.97765268019
2024-07-07 00:00:00+00:00,99980.97765268019
2024-07-07 00:15:00+00:00,99980.97765268019
2024-07-07 00:30:00+00:00,99980.97765268019
2024-07-07 00:45:00+00:00,99980.97765268019
2024-07-07 01:00:00+00:00,99980.97765268019
2024-07-07 01:15:00+00:00,99980.97765268019
2024-07-07 01:30:00+00:00,99980.97765268019
2024-07-07 01:45:00+00:00,99980.97765268019
2024-07-07 02:00:00+00:00,99980.97765268019
2024-07-07 02:15:00+00:00,99980.97765268019
2024-07-07 02:30:00+00:00,99980.97765268019
2024-07-07 02:45:00+00:00,99980.97765268019
2024-07-07 03:00:00+00:00,99980.97765268019
2024-07-07 03:15:00+00:00,99980.97765268019
2024-07-07 03:30:00+00:00,99980.97765268019
2024-07-07 03:45:00+00:00,99980.97765268019
2024-07-07 04:00:00+00:00,99980.97765268019
2024-07-07 04:15:00+00:00,99980.97765268019
2024-07-07 04:30:00+00:00,99980.97765268019
2024-07-07 04:45:00+00:00,99980.97765268019
2024-07-07 05:00:00+00:00,99980.97765268019
2024-07-07 05:15:00+00:00,99980.97765268019
2024-07-07 05:30:00+00:00,99980.97765268019
2024-07-07 05:45:00+00:00,99980.97765268019
2024-07-07 06:00:00+00:00,99980.97765268019
2024-07-07 06:15:00+00:00,99980.97765268019
2024-07-07 06:30:00+00:00,99980.97765268019
2024-07-07 06:45:00+00:00,99980.97765268019
2024-07-07 07:00:00+00:00,99980.97765268019
2024-07-07 07:15:00+00:00,99980.97765268019
2024-07-07 07:30:00+00:00,99980.97765268019
2024-07-07 07:45:00+00:00,99980.97765268019
2024-07-07 08:00:00+00:00,99980.97765268019
2024-07-07 08:15:00+00:00,99980.97765268019
2024-07-07 08:30:00+00:00,99980.97765268019
2024-07-07 08:45:00+00:00,99980.97765268019
2024-07-07 09:00:00+00:00,99980.97765268019
2024-07-07 09:15:00+00:00,99980.97765268019
2024-07-07 09:30:00+00:00,99980.97765268019
2024-07-07 09:45:00+00:00,99980.97765268019
2024-07-07 10:00:00+00:00,99980.97765268019
2024-07-07 10:15:00+00:00,99980.97765268019
2024-07-07 10:30:00+00:00,99980.97765268019
2024-07-07 10:45:00+00:00,99980.97765268019
2024-07-07 11:00:00+00:00,99980.97765268019
2024-07-07 11:15:00+00:00,99980.97765268019
2024-07-07 11:30:00+00:00,99980.97765268019
2024-07-07 11:45:00+00:00,99980.97765268019
2024-07-07 12:00:00+00:00,99980.97765268019
2024-07-07 12:15:00+00:00,99980.97765268019
2024-07-07 12:30:00+00:00,99980.97765268019
2024-07-07 12:45:00+00:00,99980.97765268019
2024-07-07 13:00:00+00:00,99980.97765268019
2024-07-07 13:15:00+00:00,99980.97765268019
2024-07-07 13:30:00+00:00,99980.97765268019
2024-07-07 13:45:00+00:00,99980.97765268019
2024-07-07 14:00:00+00:00,99980.97765268019
2024-07-07 14:15:00+00:00,99980.97765268019
2024-07-07 14:30:00+00:00,99980.97765268019
2024-07-07 14:45:00+00:00,99980.97765268019
2024-07-07 15:00:00+00:00,99980.97765268019
2024-07-07 15:15:00+00:00,99980.97765268019
2024-07-07 15:30:00+00:00,99980.97765268019
2024-07-07 15:45:00+00:00,99980.97765268019
2024-07-07 16:00:00+00:00,99980.97765268019
2024-07-07 16:15:00+00:00,99980.97765268019
2024-07-07 16:30:00+00:00,99980.97765268019
2024-07-07 16:45:00+00:00,99980.97765268019
2024-07-07 17:00:00+00:00,99980.97765268019
2024-07-07 17:15:00+00:00,99980.97765268019
2024-07-07 17:30:00+00:00,99980.97765268019
2024-07-07 17:45:00+00:00,99980.97765268019
2024-07-07 18:00:00+00:00,99980.97765268019
2024-07-07 18:15:00+00:00,99980.97765268019
2024-07-07 18:30:00+00:00,99980.97765268019
2024-07-07 18:45:00+00:00,99980.97765268019
2024-07-07 19:00:00+00:00,99980.97765268019
2024-07-07 19:15:00+00:00,99980.97765268019
2024-07-07 19:30:00+00:00,99980.97765268019
2024-07-07 19:45:00+00:00,99980.97765268019
2024-07-07 20:00:00+00:00,99980.97765268019
2024-07-07 20:15:00+00:00,99980.97765268019
2024-07-07 20:30:00+00:00,99980.97765268019
2024-07-07 20:45:00+00:00,99980.97765268019
2024-07-07 21:00:00+00:00,99980.97765268019
2024-07-07 21:15:00+00:00,99967.81292081995
2024-07-07 21:30:00+00:00,99953.7229462036
2024-07-07 21:45:00+00:00,99953.7229462036
2024-07-07 22:00:00+00:00,99953.7229462036
2024-07-07 22:15:00+00:00,99953.7229462036
2024-07-07 22:30:00+00:00,99953.7229462036
2024-07-07 22:45:00+00:00,99953.7229462036
2024-07-07 23:00:00+00:00,99953.7229462036
2024-07-07 23:15:00+00:00,99953.7229462036
2024-07-07 23:30:00+00:00,99953.7229462036
2024-07-07 23:45:00+00:00,99953.7229462036
2024-07-08 00:00:00+00:00,99953.7229462036
2024-07-08 00:15:00+00:00,99963.15572737582
2024-07-08 00:30:00+00:00,99942.7005654023
2024-07-08 00:45:00+00:00,99923.59921000552
2024-07-08 01:00:00+00:00,99923.59921000552
2024-07-08 01:15:00+00:00,99923.59921000552
2024-07-08 01:30:00+00:00,99923.59921000552
2024-07-08 01:45:00+00:00,99923.59921000552
2024-07-08 02:00:00+00:00,99923.59921000552
2024-07-08 02:15:00+00:00,99923.59921000552
2024-07-08 02:30:00+00:00,99923.59921000552
2024-07-08 02:45:00+00:00,99923.59921000552
2024-07-08 03:00:00+00:00,99923.59921000552
2024-07-08 03:15:00+00:00,99923.59921000552
2024-07-08 03:30:00+00:00,99923.59921000552
2024-07-08 03:45:00+00:00,99923.59921000552
2024-07-08 04:00:00+00:00,99923.59921000552
2024-07-08 04:15:00+00:00,99926.22527188675
2024-07-08 04:30:00+00:00,99929.5559630707
2024-07-08 04:45:00+00:00,99930.58304386873
2024-07-08 05:00:00+00:00,99932.25794713774
2024-07-08 05:15:00+00:00,99932.36717830921
2024-07-08 05:30:00+00:00,99932.36717830921
2024-07-08 05:45:00+00:00,99932.36717830921
2024-07-08 06:00:00+00:00,99932.36717830921
2024-07-08 06:15:00+00:00,99932.36717830921
2024-07-08 06:30:00+00:00,99932.36717830921
2024-07-08 06:45:00+00:00,99932.36717830921
2024-07-08 07:00:00+00:00,99932.36717830921
2024-07-08 07:15:00+00:00,99932.36717830921
2024-07-08 07:30:00+00:00,99932.36717830921
2024-07-08 07:45:00+00:00,99932.36717830921
2024-07-08 08:00:00+00:00,99932.36717830921
2024-07-08 08:15:00+00:00,99932.36717830921
2024-07-08 08:30:00+00:00,99932.36717830921
2024-07-08 08:45:00+00:00,99932.36717830921
2024-07-08 09:00:00+00:00,99932.36717830921
2024-07-08 09:15:00+00:00,99932.36717830921
2024-07-08 09:30:00+00:00,99932.36717830921
2024-07-08 09:45:00+00:00,99932.36717830921
2024-07-08 10:00:00+00:00,99932.36717830921
2024-07-08 10:15:00+00:00,99932.36717830921
2024-07-08 10:30:00+00:00,99932.36717830921
2024-07-08 10:45:00+00:00,99932.36717830921
2024-07-08 11:00:00+00:00,99932.36717830921
2024-07-08 11:15:00+00:00,99932.36717830921
2024-07-08 11:30:00+00:00,99932.36717830921
2024-07-08 11:45:00+00:00,99932.36717830921
2024-07-08 12:00:00+00:00,99932.36717830921
2024-07-08 12:15:00+00:00,99932.36717830921
2024-07-08 12:30:00+00:00,99932.36717830921
2024-07-08 12:45:00+00:00,99932.36717830921
2024-07-08 13:00:00+00:00,99932.36717830921
2024-07-08 13:15:00+00:00,99932.36717830921
2024-07-08 13:30:00+00:00,99932.36717830921
2024-07-08 13:45:00+00:00,99932.36717830921
2024-07-08 14:00:00+00:00,99932.36717830921
2024-07-08 14:15:00+00:00,99932.36717830921
2024-07-08 14:30:00+00:00,99932.36717830921
2024-07-08 14:45:00+00:00,99932.36717830921
2024-07-08 15:00:00+00:00,99932.36717830921
2024-07-08 15:15:00+00:00,99932.36717830921
2024-07-08 15:30:00+00:00,99932.36717830921
2024-07-08 15:45:00+00:00,99932.36717830921
2024-07-08 16:00:00+00:00,99932.36717830921
2024-07-08 16:15:00+00:00,99932.36717830921
2024-07-08 16:30:00+00:00,99932.36717830921
2024-07-08 16:45:00+00:00,99932.36717830921
2024-07-08 17:00:00+00:00,99932.36717830921
2024-07-08 17:15:00+00:00,99932.36717830921
2024-07-08 17:30:00+00:00,99932.36717830921
2024-07-08 17:45:00+00:00,99932.36717830921
2024-07-08 18:00:00+00:00,99932.36717830921
2024-07-08 18:15:00+00:00,99932.36717830921
2024-07-08 18:30:00+00:00,99932.36717830921
2024-07-08 18:45:00+00:00,99932.36717830921
2024-07-08 19:00:00+00:00,99932.36717830921
2024-07-08 19:15:00+00:00,99932.36717830921
2024-07-08 19:30:00+00:00,99932.36717830921
2024-07-08 19:45:00+00:00,99932.36717830921
2024-07-08 20:00:00+00:00,99932.36717830921
2024-07-08 20:15:00+00:00,99932.36717830921
2024-07-08 20:30:00+00:00,99932.36717830921
2024-07-08 20:45:00+00:00,99932.36717830921
2024-07-08 21:00:00+00:00,99932.36717830921
2024-07-08 21:15:00+00:00,99932.36717830921
2024-07-08 21:30:00+00:00,99932.36717830921
2024-07-08 21:45:00+00:00,99932.36717830921
2024-07-08 22:00:00+00:00,99932.36717830921
2024-07-08 22:15:00+00:00,99932.36717830921
2024-07-08 22:30:00+00:00,99932.36717830921
2024-07-08 22:45:00+00:00,99932.36717830921
2024-07-08 23:00:00+00:00,99932.36717830921
2024-07-08 23:15:00+00:00,99932.36717830921
2024-07-08 23:30:00+00:00,99932.36717830921
2024-07-08 23:45:00+00:00,99932.36717830921
2024-07-09 00:00:00+00:00,99932.36717830921
2024-07-09 00:15:00+00:00,99932.36717830921
2024-07-09 00:30:00+00:00,99932.36717830921
2024-07-09 00:45:00+00:00,99932.36717830921
2024-07-09 01:00:00+00:00,99932.36717830921
2024-07-09 01:15:00+00:00,99932.36717830921
2024-07-09 01:30:00+00:00,99932.36717830921
2024-07-09 01:45:00+00:00,99932.36717830921
2024-07-09 02:00:00+00:00,99932.36717830921
2024-07-09 02:15:00+00:00,99932.36717830921
2024-07-09 02:30:00+00:00,99932.36717830921
2024-07-09 02:45:00+00:00,99932.36717830921
2024-07-09 03:00:00+00:00,99932.36717830921
2024-07-09 03:15:00+00:00,99932.36717830921
2024-07-09 03:30:00+00:00,99932.36717830921
2024-07-09 03:45:00+00:00,99932.36717830921
2024-07-09 04:00:00+00:00,99932.36717830921
2024-07-09 04:15:00+00:00,99932.36717830921
2024-07-09 04:30:00+00:00,99932.36717830921
2024-07-09 04:45:00+00:00,99932.36717830921
2024-07-09 05:00:00+00:00,99932.36717830921
2024-07-09 05:15:00+00:00,99932.36717830921
2024-07-09 05:30:00+00:00,99932.36717830921
2024-07-09 05:45:00+00:00,99932.36717830921
2024-07-09 06:00:00+00:00,99932.36717830921
2024-07-09 06:15:00+00:00,99932.36717830921
2024-07-09 06:30:00+00:00,99932.36717830921
2024-07-09 06:45:00+00:00,99932.36717830921
2024-07-09 07:00:00+00:00,99932.36717830921
2024-07-09 07:15:00+00:00,99932.36717830921
2024-07-09 07:30:00+00:00,99932.36717830921
2024-07-09 07:45:00+00:00,99932.36717830921
2024-07-09 08:00:00+00:00,99932.36717830921
2024-07-09 08:15:00+00:00,99932.36717830921
2024-07-09 08:30:00+00:00,99932.36717830921
2024-07-09 08:45:00+00:00,99932.36717830921
2024-07-09 09:00:00+00:00,99932.36717830921
2024-07-09 09:15:00+00:00,99932.36717830921
2024-07-09 09:30:00+00:00,99932.36717830921
2024-07-09 09:45:00+00:00,99932.36717830921
2024-07-09 10:00:00+00:00,99932.36717830921
2024-07-09 10:15:00+00:00,99932.36717830921
2024-07-09 10:30:00+00:00,99932.36717830921
2024-07-09 10:45:00+00:00,99932.36717830921
2024-07-09 11:00:00+00:00,99932.36717830921
2024-07-09 11:15:00+00:00,99932.36717830921
2024-07-09 11:30:00+00:00,99932.36717830921
2024-07-09 11:45:00+00:00,99932.36717830921
2024-07-09 12:00:00+00:00,99932.36717830921
2024-07-09 12:15:00+00:00,99932.36717830921
2024-07-09 12:30:00+00:00,99932.36717830921
2024-07-09 12:45:00+00:00,99932.36717830921
2024-07-09 13:00:00+00:00,99932.36717830921
2024-07-09 13:15:00+00:00,99932.36717830921
2024-07-09 13:30:00+00:00,99932.36717830921
2024-07-09 13:45:00+00:00,99932.36717830921
2024-07-09 14:00:00+00:00,99932.36717830921
2024-07-09 14:15:00+00:00,99932.36717830921
2024-07-09 14:30:00+00:00,99932.36717830921
2024-07-09 14:45:00+00:00,99932.36717830921
2024-07-09 15:00:00+00:00,99932.36717830921
2024-07-09 15:15:00+00:00,99932.36717830921
2024-07-09 15:30:00+00:00,99932.36717830921
2024-07-09 15:45:00+00:00,99932.36717830921
2024-07-09 16:00:00+00:00,99932.36717830921
2024-07-09 16:15:00+00:00,99932.36717830921
2024-07-09 16:30:00+00:00,99932.36717830921
2024-07-09 16:45:00+00:00,99932.36717830921
2024-07-09 17:00:00+00:00,99932.36717830921
2024-07-09 17:15:00+00:00,99932.36717830921
2024-07-09 17:30:00+00:00,99932.36717830921
2024-07-09 17:45:00+00:00,99932.36717830921
2024-07-09 18:00:00+00:00,99932.36717830921
2024-07-09 18:15:00+00:00,99932.36717830921
2024-07-09 18:30:00+00:00,99932.36717830921
2024-07-09 18:45:00+00:00,99932.36717830921
2024-07-09 19:00:00+00:00,99932.36717830921
2024-07-09 19:15:00+00:00,99932.36717830921
2024-07-09 19:30:00+00:00,99932.36717830921
2024-07-09 19:45:00+00:00,99932.36717830921
2024-07-09 20:00:00+00:00,99932.36717830921
2024-07-09 20:15:00+00:00,99932.36717830921
2024-07-09 20:30:00+00:00,99932.36717830921
2024-07-09 20:45:00+00:00,99932.36717830921
2024-07-09 21:00:00+00:00,99932.36717830921
2024-07-09 21:15:00+00:00,99932.36717830921
2024-07-09 21:30:00+00:00,99932.36717830921
2024-07-09 21:45:00+00:00,99932.36717830921
2024-07-09 22:00:00+00:00,99932.36717830921
2024-07-09 22:15:00+00:00,99932.36717830921
2024-07-09 22:30:00+00:00,99932.36717830921
2024-07-09 22:45:00+00:00,99932.36717830921
2024-07-09 23:00:00+00:00,99932.36717830921
2024-07-09 23:15:00+00:00,99932.36717830921
2024-07-09 23:30:00+00:00,99932.36717830921
2024-07-09 23:45:00+00:00,99932.36717830921
2024-07-10 00:00:00+00:00,99932.36717830921
2024-07-10 00:15:00+00:00,99932.36717830921
2024-07-10 00:30:00+00:00,99932.36717830921
2024-07-10 00:45:00+00:00,99932.36717830921
2024-07-10 01:00:00+00:00,99932.36717830921
2024-07-10 01:15:00+00:00,99932.36717830921
2024-07-10 01:30:00+00:00,99932.36717830921
2024-07-10 01:45:00+00:00,99932.36717830921
2024-07-10 02:00:00+00:00,99932.36717830921
2024-07-10 02:15:00+00:00,99932.36717830921
2024-07-10 02:30:00+00:00,99932.36717830921
2024-07-10 02:45:00+00:00,99932.36717830921
2024-07-10 03:00:00+00:00,99932.36717830921
2024-07-10 03:15:00+00:00,99932.36717830921
2024-07-10 03:30:00+00:00,99932.36717830921
2024-07-10 03:45:00+00:00,99932.36717830921
2024-07-10 04:00:00+00:00,99932.36717830921
2024-07-10 04:15:00+00:00,99932.36717830921
2024-07-10 04:30:00+00:00,99932.36717830921
2024-07-10 04:45:00+00:00,99932.36717830921
2024-07-10 05:00:00+00:00,99932.36717830921
2024-07-10 05:15:00+00:00,99932.36717830921
2024-07-10 05:30:00+00:00,99932.36717830921
2024-07-10 05:45:00+00:00,99932.36717830921
2024-07-10 06:00:00+00:00,99932.36717830921
2024-07-10 06:15:00+00:00,99932.36717830921
2024-07-10 06:30:00+00:00,99932.36717830921
2024-07-10 06:45:00+00:00,99932.36717830921
2024-07-10 07:00:00+00:00,99932.36717830921
2024-07-10 07:15:00+00:00,99932.36717830921
2024-07-10 07:30:00+00:00,99932.36717830921
2024-07-10 07:45:00+00:00,99932.36717830921
2024-07-10 08:00:00+00:00,99932.36717830921
2024-07-10 08:15:00+00:00,99932.36717830921
2024-07-10 08:30:00+00:00,99932.36717830921
2024-07-10 08:45:00+00:00,99932.36717830921
2024-07-10 09:00:00+00:00,99932.36717830921
2024-07-10 09:15:00+00:00,99932.36717830921
2024-07-10 09:30:00+00:00,99932.36717830921
2024-07-10 09:45:00+00:00,99932.36717830921
2024-07-10 10:00:00+00:00,99932.36717830921
2024-07-10 10:15:00+00:00,99932.36717830921
2024-07-10 10:30:00+00:00,99932.36717830921
2024-07-10 10:45:00+00:00,99932.36717830921
2024-07-10 11:00:00+00:00,99932.36717830921
2024-07-10 11:15:00+00:00,99932.36717830921
2024-07-10 11:30:00+00:00,99932.36717830921
2024-07-10 11:45:00+00:00,99932.36717830921
2024-07-10 12:00:00+00:00,99932.36717830921
2024-07-10 12:15:00+00:00,99932.36717830921
2024-07-10 12:30:00+00:00,99932.36717830921
2024-07-10 12:45:00+00:00,99932.36717830921
2024-07-10 13:00:00+00:00,99932.36717830921
2024-07-10 13:15:00+00:00,99932.36717830921
2024-07-10 13:30:00+00:00,99932.36717830921
2024-07-10 13:45:00+00:00,99932.36717830921
2024-07-10 14:00:00+00:00,99932.36717830921
2024-07-10 14:15:00+00:00,99932.36717830921
2024-07-10 14:30:00+00:00,99932.36717830921
2024-07-10 14:45:00+00:00,99932.36717830921
2024-07-10 15:00:00+00:00,99932.36717830921
2024-07-10 15:15:00+00:00,99932.36717830921
2024-07-10 15:30:00+00:00,99932.36717830921
2024-07-10 15:45:00+00:00,99932.36717830921
2024-07-10 16:00:00+00:00,99932.36717830921
2024-07-10 16:15:00+00:00,99932.36717830921
2024-07-10 16:30:00+00:00,99932.36717830921
2024-07-10 16:45:00+00:00,99932.36717830921
2024-07-10 17:00:00+00:00,99932.36717830921
2024-07-10 17:15:00+00:00,99932.36717830921
2024-07-10 17:30:00+00:00,99932.36717830921
2024-07-10 17:45:00+00:00,99932.36717830921
2024-07-10 18:00:00+00:00,99932.36717830921
2024-07-10 18:15:00+00:00,99932.36717830921
2024-07-10 18:30:00+00:00,99932.36717830921
2024-07-10 18:45:00+00:00,99932.36717830921
2024-07-10 19:00:00+00:00,99932.36717830921
2024-07-10 19:15:00+00:00,99932.36717830921
2024-07-10 19:30:00+00:00,99932.36717830921
2024-07-10 19:45:00+00:00,99932.36717830921
2024-07-10 20:00:00+00:00,99932.36717830921
2024-07-10 20:15:00+00:00,99932.36717830921
2024-07-10 20:30:00+00:00,99932.36717830921
2024-07-10 20:45:00+00:00,99932.36717830921
2024-07-10 21:00:00+00:00,99932.36717830921
2024-07-10 21:15:00+00:00,99932.36717830921
2024-07-10 21:30:00+00:00,99932.36717830921
2024-07-10 21:45:00+00:00,99932.36717830921
2024-07-10 22:00:00+00:00,99932.36717830921
2024-07-10 22:15:00+00:00,99932.36717830921
2024-07-10 22:30:00+00:00,99932.36717830921
2024-07-10 22:45:00+00:00,99932.36717830921
2024-07-10 23:00:00+00:00,99932.36717830921
2024-07-10 23:15:00+00:00,99932.36717830921
2024-07-10 23:30:00+00:00,99932.36717830921
2024-07-10 23:45:00+00:00,99932.36717830921
2024-07-11 00:00:00+00:00,99932.36717830921
2024-07-11 00:15:00+00:00,99932.36717830921
2024-07-11 00:30:00+00:00,99932.36717830921
2024-07-11 00:45:00+00:00,99932.36717830921
2024-07-11 01:00:00+00:00,99932.36717830921
2024-07-11 01:15:00+00:00,99932.36717830921
2024-07-11 01:30:00+00:00,99932.36717830921
2024-07-11 01:45:00+00:00,99932.36717830921
2024-07-11 02:00:00+00:00,99932.36717830921
2024-07-11 02:15:00+00:00,99932.36717830921
2024-07-11 02:30:00+00:00,99932.36717830921
2024-07-11 02:45:00+00:00,99932.36717830921
2024-07-11 03:00:00+00:00,99932.36717830921
2024-07-11 03:15:00+00:00,99932.36717830921
2024-07-11 03:30:00+00:00,99932.36717830921
2024-07-11 03:45:00+00:00,99932.36717830921
2024-07-11 04:00:00+00:00,99932.36717830921
2024-07-11 04:15:00+00:00,99932.36717830921
2024-07-11 04:30:00+00:00,99932.36717830921
2024-07-11 04:45:00+00:00,99932.36717830921
2024-07-11 05:00:00+00:00,99932.36717830921
2024-07-11 05:15:00+00:00,99932.36717830921
2024-07-11 05:30:00+00:00,99932.36717830921
2024-07-11 05:45:00+00:00,99932.36717830921
2024-07-11 06:00:00+00:00,99932.36717830921
2024-07-11 06:15:00+00:00,99932.36717830921
2024-07-11 06:30:00+00:00,99932.36717830921
2024-07-11 06:45:00+00:00,99932.36717830921
2024-07-11 07:00:00+00:00,99932.36717830921
2024-07-11 07:15:00+00:00,99932.36717830921
2024-07-11 07:30:00+00:00,99932.36717830921
2024-07-11 07:45:00+00:00,99932.36717830921
2024-07-11 08:00:00+00:00,99932.36717830921
2024-07-11 08:15:00+00:00,99932.36717830921
2024-07-11 08:30:00+00:00,99932.36717830921
2024-07-11 08:45:00+00:00,99932.36717830921
2024-07-11 09:00:00+00:00,99932.36717830921
2024-07-11 09:15:00+00:00,99932.36717830921
2024-07-11 09:30:00+00:00,99932.36717830921
2024-07-11 09:45:00+00:00,99932.36717830921
2024-07-11 10:00:00+00:00,99932.36717830921
2024-07-11 10:15:00+00:00,99932.36717830921
2024-07-11 10:30:00+00:00,99932.36717830921
2024-07-11 10:45:00+00:00,99932.36717830921
2024-07-11 11:00:00+00:00,99932.36717830921
2024-07-11 11:15:00+00:00,99932.36717830921
2024-07-11 11:30:00+00:00,99932.36717830921
2024-07-11 11:45:00+00:00,99932.36717830921
2024-07-11 12:00:00+00:00,99932.36717830921
2024-07-11 12:15:00+00:00,99932.36717830921
2024-07-11 12:30:00+00:00,99932.36717830921
2024-07-11 12:45:00+00:00,99932.36717830921
2024-07-11 13:00:00+00:00,99932.36717830921
2024-07-11 13:15:00+00:00,99932.36717830921
2024-07-11 13:30:00+00:00,99932.36717830921
2024-07-11 13:45:00+00:00,99932.36717830921
2024-07-11 14:00:00+00:00,99932.36717830921
2024-07-11 14:15:00+00:00,99932.36717830921
2024-07-11 14:30:00+00:00,99932.36717830921
2024-07-11 14:45:00+00:00,99932.36717830921
2024-07-11 15:00:00+00:00,99932.36717830921
2024-07-11 15:15:00+00:00,99932.36717830921
2024-07-11 15:30:00+00:00,99932.36717830921
2024-07-11 15:45:00+00:00,99932.36717830921
2024-07-11 16:00:00+00:00,99932.36717830921
2024-07-11 16:15:00+00:00,99932.36717830921
2024-07-11 16:30:00+00:00,99932.36717830921
2024-07-11 16:45:00+00:00,99932.36717830921
2024-07-11 17:00:00+00:00,99932.36717830921
2024-07-11 17:15:00+00:00,99932.36717830921
2024-07-11 17:30:00+00:00,99932.36717830921
2024-07-11 17:45:00+00:00,99932.36717830921
2024-07-11 18:00:00+00:00,99932.36717830921
2024-07-11 18:15:00+00:00,99932.36717830921
2024-07-11 18:30:00+00:00,99932.36717830921
2024-07-11 18:45:00+00:00,99932.36717830921
2024-07-11 19:00:00+00:00,99932.36717830921
2024-07-11 19:15:00+00:00,99932.36717830921
2024-07-11 19:30:00+00:00,99932.36717830921
2024-07-11 19:45:00+00:00,99932.36717830921
2024-07-11 20:00:00+00:00,99932.36717830921
2024-07-11 20:15:00+00:00,99932.36717830921
2024-07-11 20:30:00+00:00,99932.36717830921
2024-07-11 20:45:00+00:00,99932.36717830921
2024-07-11 21:00:00+00:00,99932.36717830921
2024-07-11 21:15:00+00:00,99932.36717830921
2024-07-11 21:30:00+00:00,99932.36717830921
2024-07-11 21:45:00+00:00,99932.36717830921
2024-07-11 22:00:00+00:00,99932.36717830921
2024-07-11 22:15:00+00:00,99932.36717830921
2024-07-11 22:30:00+00:00,99932.36717830921
2024-07-11 22:45:00+00:00,99932.36717830921
2024-07-11 23:00:00+00:00,99932.36717830921
2024-07-11 23:15:00+00:00,99932.36717830921
2024-07-11 23:30:00+00:00,99932.36717830921
2024-07-11 23:45:00+00:00,99932.36717830921
2024-07-12 00:00:00+00:00,99932.36717830921
2024-07-12 00:15:00+00:00,99932.36717830921
2024-07-12 00:30:00+00:00,99932.36717830921
2024-07-12 00:45:00+00:00,99932.36717830921
2024-07-12 01:00:00+00:00,99932.36717830921
2024-07-12 01:15:00+00:00,99932.36717830921
2024-07-12 01:30:00+00:00,99932.36717830921
2024-07-12 01:45:00+00:00,99932.36717830921
2024-07-12 02:00:00+00:00,99932.36717830921
2024-07-12 02:15:00+00:00,99932.36717830921
2024-07-12 02:30:00+00:00,99932.36717830921
2024-07-12 02:45:00+00:00,99932.36717830921
2024-07-12 03:00:00+00:00,99932.36717830921
2024-07-12 03:15:00+00:00,99932.36717830921
2024-07-12 03:30:00+00:00,99932.36717830921
2024-07-12 03:45:00+00:00,99932.36717830921
2024-07-12 04:00:00+00:00,99932.36717830921
2024-07-12 04:15:00+00:00,99926.46438503046
2024-07-12 04:30:00+00:00,99931.56819645046
2024-07-12 04:45:00+00:00,99934.05140121777
2024-07-12 05:00:00+00:00,99934.41998887446
2024-07-12 05:15:00+00:00,99935.75599272846
2024-07-12 05:30:00+00:00,99934.04405684932
2024-07-12 05:45:00+00:00,99934.26331784517
2024-07-12 06:00:00+00:00,99936.64224609641
2024-07-12 06:15:00+00:00,99941.88355235975
2024-07-12 06:30:00+00:00,99941.88355235975
2024-07-12 06:45:00+00:00,99941.88355235975
2024-07-12 07:00:00+00:00,99941.88355235975
2024-07-12 07:15:00+00:00,99941.88355235975
2024-07-12 07:30:00+00:00,99941.88355235975
2024-07-12 07:45:00+00:00,99941.88355235975
2024-07-12 08:00:00+00:00,99941.88355235975
2024-07-12 08:15:00+00:00,99941.88355235975
2024-07-12 08:30:00+00:00,99941.88355235975
2024-07-12 08:45:00+00:00,99941.88355235975
2024-07-12 09:00:00+00:00,99941.88355235975
2024-07-12 09:15:00+00:00,99941.88355235975
2024-07-12 09:30:00+00:00,99941.88355235975
2024-07-12 09:45:00+00:00,99941.88355235975
2024-07-12 10:00:00+00:00,99941.88355235975
2024-07-12 10:15:00+00:00,99941.88355235975
2024-07-12 10:30:00+00:00,99941.88355235975
2024-07-12 10:45:00+00:00,99941.88355235975
2024-07-12 11:00:00+00:00,99941.88355235975
2024-07-12 11:15:00+00:00,99941.88355235975
2024-07-12 11:30:00+00:00,99941.88355235975
2024-07-12 11:45:00+00:00,99941.88355235975
2024-07-12 12:00:00+00:00,99941.88355235975
2024-07-12 12:15:00+00:00,99941.88355235975
2024-07-12 12:30:00+00:00,99941.88355235975
2024-07-12 12:45:00+00:00,99941.88355235975
2024-07-12 13:00:00+00:00,99941.88355235975
2024-07-12 13:15:00+00:00,99941.88355235975
2024-07-12 13:30:00+00:00,99941.88355235975
2024-07-12 13:45:00+00:00,99941.88355235975
2024-07-12 14:00:00+00:00,99941.88355235975
2024-07-12 14:15:00+00:00,99941.88355235975
2024-07-12 14:30:00+00:00,99941.88355235975
2024-07-12 14:45:00+00:00,99941.88355235975
2024-07-12 15:00:00+00:00,99941.88355235975
2024-07-12 15:15:00+00:00,99941.88355235975
2024-07-12 15:30:00+00:00,99941.88355235975
2024-07-12 15:45:00+00:00,99941.88355235975
2024-07-12 16:00:00+00:00,99941.88355235975
2024-07-12 16:15:00+00:00,99936.77132852479
2024-07-12 16:30:00+00:00,99940.13545639714
2024-07-12 16:45:00+00:00,99939.7270104136
2024-07-12 17:00:00+00:00,99939.881779735
2024-07-12 17:15:00+00:00,99938.42498981427
2024-07-12 17:30:00+00:00,99937.9734614067
2024-07-12 17:45:00+00:00,99938.54491341708
2024-07-12 18:00:00+00:00,99938.38562845808
2024-07-12 18:15:00+00:00,99931.12856847157
2024-07-12 18:30:00+00:00,99931.12856847157
2024-07-12 18:45:00+00:00,99931.12856847157
2024-07-12 19:00:00+00:00,99931.12856847157
2024-07-12 19:15:00+00:00,99931.12856847157
2024-07-12 19:30:00+00:00,99931.12856847157
2024-07-12 19:45:00+00:00,99931.12856847157
2024-07-12 20:00:00+00:00,99931.12856847157
2024-07-12 20:15:00+00:00,99931.12856847157
2024-07-12 20:30:00+00:00,99931.12856847157
2024-07-12 20:45:00+00:00,99931.12856847157
2024-07-12 21:00:00+00:00,99931.12856847157
2024-07-12 21:15:00+00:00,99931.12856847157
2024-07-12 21:30:00+00:00,99931.12856847157
2024-07-12 21:45:00+00:00,99931.12856847157
2024-07-12 22:00:00+00:00,99931.12856847157
2024-07-12 22:15:00+00:00,99931.12856847157
2024-07-12 22:30:00+00:00,99931.12856847157
2024-07-12 22:45:00+00:00,99931.12856847157
2024-07-12 23:00:00+00:00,99931.12856847157
2024-07-12 23:15:00+00:00,99931.12856847157
2024-07-12 23:30:00+00:00,99931.12856847157
2024-07-12 23:45:00+00:00,99931.12856847157
2024-07-13 00:00:00+00:00,99931.12856847157
2024-07-13 00:15:00+00:00,99931.12856847157
2024-07-13 00:30:00+00:00,99931.12856847157
2024-07-13 00:45:00+00:00,99931.12856847157
2024-07-13 01:00:00+00:00,99931.12856847157
2024-07-13 01:15:00+00:00,99931.12856847157
2024-07-13 01:30:00+00:00,99931.12856847157
2024-07-13 01:45:00+00:00,99931.12856847157
2024-07-13 02:00:00+00:00,99931.12856847157
2024-07-13 02:15:00+00:00,99931.12856847157
2024-07-13 02:30:00+00:00,99931.12856847157
2024-07-13 02:45:00+00:00,99931.12856847157
2024-07-13 03:00:00+00:00,99931.12856847157
2024-07-13 03:15:00+00:00,99931.12856847157
2024-07-13 03:30:00+00:00,99931.12856847157
2024-07-13 03:45:00+00:00,99931.12856847157
2024-07-13 04:00:00+00:00,99931.12856847157
2024-07-13 04:15:00+00:00,99931.12856847157
2024-07-13 04:30:00+00:00,99931.12856847157
2024-07-13 04:45:00+00:00,99931.12856847157
2024-07-13 05:00:00+00:00,99931.12856847157
2024-07-13 05:15:00+00:00,99931.12856847157
2024-07-13 05:30:00+00:00,99931.12856847157
2024-07-13 05:45:00+00:00,99931.12856847157
2024-07-13 06:00:00+00:00,99931.12856847157
2024-07-13 06:15:00+00:00,99931.12856847157
2024-07-13 06:30:00+00:00,99931.12856847157
2024-07-13 06:45:00+00:00,99931.12856847157
2024-07-13 07:00:00+00:00,99931.12856847157
2024-07-13 07:15:00+00:00,99931.12856847157
2024-07-13 07:30:00+00:00,99931.12856847157
2024-07-13 07:45:00+00:00,99931.12856847157
2024-07-13 08:00:00+00:00,99931.12856847157
2024-07-13 08:15:00+00:00,99931.12856847157
2024-07-13 08:30:00+00:00,99931.12856847157
2024-07-13 08:45:00+00:00,99931.12856847157
2024-07-13 09:00:00+00:00,99931.12856847157
2024-07-13 09:15:00+00:00,99931.12856847157
2024-07-13 09:30:00+00:00,99931.12856847157
2024-07-13 09:45:00+00:00,99931.12856847157
2024-07-13 10:00:00+00:00,99931.12856847157
2024-07-13 10:15:00+00:00,99931.12856847157
2024-07-13 10:30:00+00:00,99931.12856847157
2024-07-13 10:45:00+00:00,99931.12856847157
2024-07-13 11:00:00+00:00,99931.12856847157
2024-07-13 11:15:00+00:00,99931.12856847157
2024-07-13 11:30:00+00:00,99931.12856847157
2024-07-13 11:45:00+00:00,99931.12856847157
2024-07-13 12:00:00+00:00,99931.12856847157
2024-07-13 12:15:00+00:00,99931.12856847157
2024-07-13 12:30:00+00:00,99931.12856847157
2024-07-13 12:45:00+00:00,99931.12856847157
2024-07-13 13:00:00+00:00,99931.12856847157
2024-07-13 13:15:00+00:00,99931.12856847157
2024-07-13 13:30:00+00:00,99931.12856847157
2024-07-13 13:45:00+00:00,99931.12856847157
2024-07-13 14:00:00+00:00,99931.12856847157
2024-07-13 14:15:00+00:00,99931.12856847157
2024-07-13 14:30:00+00:00,99931.12856847157
2024-07-13 14:45:00+00:00,99931.12856847157
2024-07-13 15:00:00+00:00,99931.12856847157
2024-07-13 15:15:00+00:00,99931.12856847157
2024-07-13 15:30:00+00:00,99931.12856847157
2024-07-13 15:45:00+00:00,99931.12856847157
2024-07-13 16:00:00+00:00,99931.12856847157
2024-07-13 16:15:00+00:00,99931.12856847157
2024-07-13 16:30:00+00:00,99931.12856847157
2024-07-13 16:45:00+00:00,99931.12856847157
2024-07-13 17:00:00+00:00,99931.12856847157
2024-07-13 17:15:00+00:00,99931.12856847157
2024-07-13 17:30:00+00:00,99931.12856847157
2024-07-13 17:45:00+00:00,99931.12856847157
2024-07-13 18:00:00+00:00,99931.12856847157
2024-07-13 18:15:00+00:00,99931.12856847157
2024-07-13 18:30:00+00:00,99931.12856847157
2024-07-13 18:45:00+00:00,99931.12856847157
2024-07-13 19:00:00+00:00,99931.12856847157
2024-07-13 19:15:00+00:00,99931.12856847157
2024-07-13 19:30:00+00:00,99931.12856847157
2024-07-13 19:45:00+00:00,99931.12856847157
2024-07-13 20:00:00+00:00,99931.12856847157
2024-07-13 20:15:00+00:00,99930.90365899146
2024-07-13 20:30:00+00:00,99929.88008014402
2024-07-13 20:45:00+00:00,99930.80043295545
2024-07-13 21:00:00+00:00,99930.95417655775
2024-07-13 21:15:00+00:00,99928.58766010578
2024-07-13 21:30:00+00:00,99929.54935515764
2024-07-13 21:45:00+00:00,99928.49757457775
2024-07-13 22:00:00+00:00,99921.43039269878
2024-07-13 22:15:00+00:00,99921.43039269878
2024-07-13 22:30:00+00:00,99921.43039269878
2024-07-13 22:45:00+00:00,99921.43039269878
2024-07-13 23:00:00+00:00,99921.43039269878
2024-07-13 23:15:00+00:00,99921.43039269878
2024-07-13 23:30:00+00:00,99921.43039269878
2024-07-13 23:45:00+00:00,99921.43039269878
2024-07-14 00:00:00+00:00,99921.43039269878
2024-07-14 00:15:00+00:00,99921.43039269878
2024-07-14 00:30:00+00:00,99921.43039269878
2024-07-14 00:45:00+00:00,99921.43039269878
2024-07-14 01:00:00+00:00,99921.43039269878
2024-07-14 01:15:00+00:00,99921.43039269878
2024-07-14 01:30:00+00:00,99921.43039269878
2024-07-14 01:45:00+00:00,99921.43039269878
2024-07-14 02:00:00+00:00,99921.43039269878
2024-07-14 02:15:00+00:00,99921.43039269878
2024-07-14 02:30:00+00:00,99921.43039269878
2024-07-14 02:45:00+00:00,99921.43039269878
2024-07-14 03:00:00+00:00,99921.43039269878
2024-07-14 03:15:00+00:00,99921.43039269878
2024-07-14 03:30:00+00:00,99921.43039269878
2024-07-14 03:45:00+00:00,99921.43039269878
2024-07-14 04:00:00+00:00,99921.43039269878
2024-07-14 04:15:00+00:00,99921.43039269878
2024-07-14 04:30:00+00:00,99921.43039269878
2024-07-14 04:45:00+00:00,99921.43039269878
2024-07-14 05:00:00+00:00,99921.43039269878
2024-07-14 05:15:00+00:00,99921.43039269878
2024-07-14 05:30:00+00:00,99921.43039269878
2024-07-14 05:45:00+00:00,99921.43039269878
2024-07-14 06:00:00+00:00,99921.43039269878
2024-07-14 06:15:00+00:00,99921.43039269878
2024-07-14 06:30:00+00:00,99921.43039269878
2024-07-14 06:45:00+00:00,99921.43039269878
2024-07-14 07:00:00+00:00,99921.43039269878
2024-07-14 07:15:00+00:00,99921.43039269878
2024-07-14 07:30:00+00:00,99921.43039269878
2024-07-14 07:45:00+00:00,99921.43039269878
2024-07-14 08:00:00+00:00,99921.43039269878
2024-07-14 08:15:00+00:00,99921.43039269878
2024-07-14 08:30:00+00:00,99921.43039269878
2024-07-14 08:45:00+00:00,99921.43039269878
2024-07-14 09:00:00+00:00,99921.43039269878
2024-07-14 09:15:00+00:00,99921.43039269878
2024-07-14 09:30:00+00:00,99921.43039269878
2024-07-14 09:45:00+00:00,99921.43039269878
2024-07-14 10:00:00+00:00,99921.43039269878
2024-07-14 10:15:00+00:00,99921.43039269878
2024-07-14 10:30:00+00:00,99921.43039269878
2024-07-14 10:45:00+00:00,99921.43039269878
2024-07-14 11:00:00+00:00,99921.43039269878
2024-07-14 11:15:00+00:00,99921.43039269878
2024-07-14 11:30:00+00:00,99921.43039269878
2024-07-14 11:45:00+00:00,99921.43039269878
2024-07-14 12:00:00+00:00,99921.43039269878
2024-07-14 12:15:00+00:00,99921.43039269878
2024-07-14 12:30:00+00:00,99921.43039269878
2024-07-14 12:45:00+00:00,99921.43039269878
2024-07-14 13:00:00+00:00,99921.43039269878
2024-07-14 13:15:00+00:00,99921.43039269878
2024-07-14 13:30:00+00:00,99921.43039269878
2024-07-14 13:45:00+00:00,99921.43039269878
2024-07-14 14:00:00+00:00,99921.43039269878
2024-07-14 14:15:00+00:00,99921.43039269878
2024-07-14 14:30:00+00:00,99921.43039269878
2024-07-14 14:45:00+00:00,99921.43039269878
2024-07-14 15:00:00+00:00,99921.43039269878
2024-07-14 15:15:00+00:00,99921.43039269878
2024-07-14 15:30:00+00:00,99921.43039269878
2024-07-14 15:45:00+00:00,99921.43039269878
2024-07-14 16:00:00+00:00,99921.43039269878
2024-07-14 16:15:00+00:00,99921.43039269878
2024-07-14 16:30:00+00:00,99921.43039269878
2024-07-14 16:45:00+00:00,99921.43039269878
2024-07-14 17:00:00+00:00,99921.43039269878
2024-07-14 17:15:00+00:00,99921.43039269878
2024-07-14 17:30:00+00:00,99921.43039269878
2024-07-14 17:45:00+00:00,99921.43039269878
2024-07-14 18:00:00+00:00,99921.43039269878
2024-07-14 18:15:00+00:00,99921.43039269878
2024-07-14 18:30:00+00:00,99921.43039269878
2024-07-14 18:45:00+00:00,99921.43039269878
2024-07-14 19:00:00+00:00,99921.43039269878
2024-07-14 19:15:00+00:00,99921.43039269878
2024-07-14 19:30:00+00:00,99921.43039269878
2024-07-14 19:45:00+00:00,99921.43039269878
2024-07-14 20:00:00+00:00,99921.43039269878
2024-07-14 20:15:00+00:00,99921.43039269878
2024-07-14 20:30:00+00:00,99921.43039269878
2024-07-14 20:45:00+00:00,99921.43039269878
2024-07-14 21:00:00+00:00,99921.43039269878
2024-07-14 21:15:00+00:00,99921.43039269878
2024-07-14 21:30:00+00:00,99921.43039269878
2024-07-14 21:45:00+00:00,99921.43039269878
2024-07-14 22:00:00+00:00,99921.43039269878
2024-07-14 22:15:00+00:00,99921.43039269878
2024-07-14 22:30:00+00:00,99921.43039269878
2024-07-14 22:45:00+00:00,99921.43039269878
2024-07-14 23:00:00+00:00,99921.43039269878
2024-07-14 23:15:00+00:00,99921.43039269878
2024-07-14 23:30:00+00:00,99921.43039269878
2024-07-14 23:45:00+00:00,99921.43039269878
2024-07-15 00:00:00+00:00,99921.43039269878
2024-07-15 00:15:00+00:00,99921.43039269878
2024-07-15 00:30:00+00:00,99921.43039269878
2024-07-15 00:45:00+00:00,99921.43039269878
2024-07-15 01:00:00+00:00,99921.43039269878
2024-07-15 01:15:00+00:00,99921.43039269878
2024-07-15 01:30:00+00:00,99921.43039269878
2024-07-15 01:45:00+00:00,99921.43039269878
2024-07-15 02:00:00+00:00,99921.43039269878
2024-07-15 02:15:00+00:00,99921.43039269878
2024-07-15 02:30:00+00:00,99921.43039269878
2024-07-15 02:45:00+00:00,99921.43039269878
2024-07-15 03:00:00+00:00,99921.43039269878
2024-07-15 03:15:00+00:00,99921.43039269878
2024-07-15 03:30:00+00:00,99921.43039269878
2024-07-15 03:45:00+00:00,99921.43039269878
2024-07-15 04:00:00+00:00,99921.43039269878
2024-07-15 04:15:00+00:00,99921.43039269878
2024-07-15 04:30:00+00:00,99921.43039269878
2024-07-15 04:45:00+00:00,99921.43039269878
2024-07-15 05:00:00+00:00,99921.43039269878
2024-07-15 05:15:00+00:00,99921.43039269878
2024-07-15 05:30:00+00:00,99921.43039269878
2024-07-15 05:45:00+00:00,99921.43039269878
2024-07-15 06:00:00+00:00,99921.43039269878
2024-07-15 06:15:00+00:00,99921.43039269878
2024-07-15 06:30:00+00:00,99921.43039269878
2024-07-15 06:45:00+00:00,99921.43039269878
2024-07-15 07:00:00+00:00,99921.43039269878
2024-07-15 07:15:00+00:00,99921.43039269878
2024-07-15 07:30:00+00:00,99921.43039269878
2024-07-15 07:45:00+00:00,99921.43039269878
2024-07-15 08:00:00+00:00,99921.43039269878
2024-07-15 08:15:00+00:00,99921.43039269878
2024-07-15 08:30:00+00:00,99921.43039269878
2024-07-15 08:45:00+00:00,99921.43039269878
2024-07-15 09:00:00+00:00,99921.43039269878
2024-07-15 09:15:00+00:00,99921.43039269878
2024-07-15 09:30:00+00:00,99921.43039269878
2024-07-15 09:45:00+00:00,99921.43039269878
2024-07-15 10:00:00+00:00,99921.43039269878
2024-07-15 10:15:00+00:00,99921.43039269878
2024-07-15 10:30:00+00:00,99921.43039269878
2024-07-15 10:45:00+00:00,99921.43039269878
2024-07-15 11:00:00+00:00,99921.43039269878
2024-07-15 11:15:00+00:00,99921.43039269878
2024-07-15 11:30:00+00:00,99921.43039269878
2024-07-15 11:45:00+00:00,99921.43039269878
2024-07-15 12:00:00+00:00,99921.43039269878
2024-07-15 12:15:00+00:00,99921.43039269878
2024-07-15 12:30:00+00:00,99921.43039269878
2024-07-15 12:45:00+00:00,99921.43039269878
2024-07-15 13:00:00+00:00,99921.43039269878
2024-07-15 13:15:00+00:00,99921.43039269878
2024-07-15 13:30:00+00:00,99921.43039269878
2024-07-15 13:45:00+00:00,99921.43039269878
2024-07-15 14:00:00+00:00,99921.43039269878
2024-07-15 14:15:00+00:00,99921.43039269878
2024-07-15 14:30:00+00:00,99921.43039269878
2024-07-15 14:45:00+00:00,99921.43039269878
2024-07-15 15:00:00+00:00,99921.43039269878
2024-07-15 15:15:00+00:00,99921.43039269878
2024-07-15 15:30:00+00:00,99921.43039269878
2024-07-15 15:45:00+00:00,99921.43039269878
2024-07-15 16:00:00+00:00,99921.43039269878
2024-07-15 16:15:00+00:00,99921.43039269878
2024-07-15 16:30:00+00:00,99921.43039269878
2024-07-15 16:45:00+00:00,99921.43039269878
2024-07-15 17:00:00+00:00,99921.43039269878
2024-07-15 17:15:00+00:00,99921.43039269878
2024-07-15 17:30:00+00:00,99921.43039269878
2024-07-15 17:45:00+00:00,99921.43039269878
2024-07-15 18:00:00+00:00,99921.43039269878
2024-07-15 18:15:00+00:00,99921.43039269878
2024-07-15 18:30:00+00:00,99921.43039269878
2024-07-15 18:45:00+00:00,99921.43039269878
2024-07-15 19:00:00+00:00,99921.43039269878
2024-07-15 19:15:00+00:00,99921.43039269878
2024-07-15 19:30:00+00:00,99921.43039269878
2024-07-15 19:45:00+00:00,99921.43039269878
2024-07-15 20:00:00+00:00,99921.43039269878
2024-07-15 20:15:00+00:00,99921.43039269878
2024-07-15 20:30:00+00:00,99921.43039269878
2024-07-15 20:45:00+00:00,99921.43039269878
2024-07-15 21:00:00+00:00,99921.43039269878
2024-07-15 21:15:00+00:00,99921.43039269878
2024-07-15 21:30:00+00:00,99921.43039269878
2024-07-15 21:45:00+00:00,99921.43039269878
2024-07-15 22:00:00+00:00,99921.43039269878
2024-07-15 22:15:00+00:00,99921.43039269878
2024-07-15 22:30:00+00:00,99921.43039269878
2024-07-15 22:45:00+00:00,99921.43039269878
2024-07-15 23:00:00+00:00,99921.43039269878
2024-07-15 23:15:00+00:00,99921.43039269878
2024-07-15 23:30:00+00:00,99921.43039269878
2024-07-15 23:45:00+00:00,99921.43039269878
2024-07-16 00:00:00+00:00,99921.43039269878
2024-07-16 00:15:00+00:00,99921.43039269878
2024-07-16 00:30:00+00:00,99921.43039269878
2024-07-16 00:45:00+00:00,99921.43039269878
2024-07-16 01:00:00+00:00,99921.43039269878
2024-07-16 01:15:00+00:00,99921.43039269878
2024-07-16 01:30:00+00:00,99921.43039269878
2024-07-16 01:45:00+00:00,99921.43039269878
2024-07-16 02:00:00+00:00,99921.43039269878
2024-07-16 02:15:00+00:00,99921.43039269878
2024-07-16 02:30:00+00:00,99921.43039269878
2024-07-16 02:45:00+00:00,99921.43039269878
2024-07-16 03:00:00+00:00,99921.43039269878
2024-07-16 03:15:00+00:00,99921.43039269878
2024-07-16 03:30:00+00:00,99921.43039269878
2024-07-16 03:45:00+00:00,99921.43039269878
2024-07-16 04:00:00+00:00,99921.43039269878
2024-07-16 04:15:00+00:00,99921.43039269878
2024-07-16 04:30:00+00:00,99921.43039269878
2024-07-16 04:45:00+00:00,99921.43039269878
2024-07-16 05:00:00+00:00,99921.43039269878
2024-07-16 05:15:00+00:00,99921.43039269878
2024-07-16 05:30:00+00:00,99921.43039269878
2024-07-16 05:45:00+00:00,99921.43039269878
2024-07-16 06:00:00+00:00,99921.43039269878
2024-07-16 06:15:00+00:00,99921.43039269878
2024-07-16 06:30:00+00:00,99921.43039269878
2024-07-16 06:45:00+00:00,99921.43039269878
2024-07-16 07:00:00+00:00,99921.43039269878
2024-07-16 07:15:00+00:00,99921.43039269878
2024-07-16 07:30:00+00:00,99921.43039269878
2024-07-16 07:45:00+00:00,99921.43039269878
2024-07-16 08:00:00+00:00,99921.43039269878
2024-07-16 08:15:00+00:00,99921.43039269878
2024-07-16 08:30:00+00:00,99921.43039269878
2024-07-16 08:45:00+00:00,99921.43039269878
2024-07-16 09:00:00+00:00,99921.43039269878
2024-07-16 09:15:00+00:00,99921.43039269878
2024-07-16 09:30:00+00:00,99921.43039269878
2024-07-16 09:45:00+00:00,99921.43039269878
2024-07-16 10:00:00+00:00,99921.43039269878
2024-07-16 10:15:00+00:00,99921.43039269878
2024-07-16 10:30:00+00:00,99921.43039269878
2024-07-16 10:45:00+00:00,99921.43039269878
2024-07-16 11:00:00+00:00,99921.43039269878
2024-07-16 11:15:00+00:00,99921.43039269878
2024-07-16 11:30:00+00:00,99921.43039269878
2024-07-16 11:45:00+00:00,99921.43039269878
2024-07-16 12:00:00+00:00,99921.43039269878
2024-07-16 12:15:00+00:00,99921.43039269878
2024-07-16 12:30:00+00:00,99921.43039269878
2024-07-16 12:45:00+00:00,99921.43039269878
2024-07-16 13:00:00+00:00,99921.43039269878
2024-07-16 13:15:00+00:00,99921.43039269878
2024-07-16 13:30:00+00:00,99921.43039269878
2024-07-16 13:45:00+00:00,99921.43039269878
2024-07-16 14:00:00+00:00,99921.43039269878
2024-07-16 14:15:00+00:00,99921.43039269878
2024-07-16 14:30:00+00:00,99921.43039269878
2024-07-16 14:45:00+00:00,99921.43039269878
2024-07-16 15:00:00+00:00,99921.43039269878
2024-07-16 15:15:00+00:00,99921.43039269878
2024-07-16 15:30:00+00:00,99921.43039269878
2024-07-16 15:45:00+00:00,99921.43039269878
2024-07-16 16:00:00+00:00,99921.43039269878
2024-07-16 16:15:00+00:00,99921.43039269878
2024-07-16 16:30:00+00:00,99921.43039269878
2024-07-16 16:45:00+00:00,99921.43039269878
2024-07-16 17:00:00+00:00,99921.43039269878
2024-07-16 17:15:00+00:00,99921.43039269878
2024-07-16 17:30:00+00:00,99921.43039269878
2024-07-16 17:45:00+00:00,99921.43039269878
2024-07-16 18:00:00+00:00,99921.43039269878
2024-07-16 18:15:00+00:00,99921.43039269878
2024-07-16 18:30:00+00:00,99921.43039269878
2024-07-16 18:45:00+00:00,99921.43039269878
2024-07-16 19:00:00+00:00,99921.43039269878
2024-07-16 19:15:00+00:00,99921.43039269878
2024-07-16 19:30:00+00:00,99921.43039269878
2024-07-16 19:45:00+00:00,99921.43039269878
2024-07-16 20:00:00+00:00,99921.43039269878
2024-07-16 20:15:00+00:00,99921.43039269878
2024-07-16 20:30:00+00:00,99921.43039269878
2024-07-16 20:45:00+00:00,99921.43039269878
2024-07-16 21:00:00+00:00,99921.43039269878
2024-07-16 21:15:00+00:00,99921.43039269878
2024-07-16 21:30:00+00:00,99921.43039269878
2024-07-16 21:45:00+00:00,99921.43039269878
2024-07-16 22:00:00+00:00,99921.43039269878
2024-07-16 22:15:00+00:00,99921.43039269878
2024-07-16 22:30:00+00:00,99921.43039269878
2024-07-16 22:45:00+00:00,99921.43039269878
2024-07-16 23:00:00+00:00,99921.43039269878
2024-07-16 23:15:00+00:00,99921.43039269878
2024-07-16 23:30:00+00:00,99921.43039269878
2024-07-16 23:45:00+00:00,99921.43039269878
2024-07-17 00:00:00+00:00,99921.43039269878
2024-07-17 00:15:00+00:00,99921.43039269878
2024-07-17 00:30:00+00:00,99914.3065094864
2024-07-17 00:45:00+00:00,99914.86867048798
2024-07-17 01:00:00+00:00,99897.18203825025
2024-07-17 01:15:00+00:00,99897.18203825025
2024-07-17 01:30:00+00:00,99897.18203825025
2024-07-17 01:45:00+00:00,99897.18203825025
2024-07-17 02:00:00+00:00,99897.18203825025
2024-07-17 02:15:00+00:00,99897.18203825025
2024-07-17 02:30:00+00:00,99897.18203825025
2024-07-17 02:45:00+00:00,99897.18203825025
2024-07-17 03:00:00+00:00,99897.18203825025
2024-07-17 03:15:00+00:00,99897.18203825025
2024-07-17 03:30:00+00:00,99897.18203825025
2024-07-17 03:45:00+00:00,99897.18203825025
2024-07-17 04:00:00+00:00,99897.18203825025
2024-07-17 04:15:00+00:00,99897.18203825025
2024-07-17 04:30:00+00:00,99897.18203825025
2024-07-17 04:45:00+00:00,99897.18203825025
2024-07-17 05:00:00+00:00,99897.18203825025
2024-07-17 05:15:00+00:00,99897.18203825025
2024-07-17 05:30:00+00:00,99897.18203825025
2024-07-17 05:45:00+00:00,99897.18203825025
2024-07-17 06:00:00+00:00,99897.18203825025
2024-07-17 06:15:00+00:00,99897.18203825025
2024-07-17 06:30:00+00:00,99897.18203825025
2024-07-17 06:45:00+00:00,99897.18203825025
2024-07-17 07:00:00+00:00,99897.18203825025
2024-07-17 07:15:00+00:00,99897.18203825025
2024-07-17 07:30:00+00:00,99897.18203825025
2024-07-17 07:45:00+00:00,99897.18203825025
2024-07-17 08:00:00+00:00,99897.18203825025
2024-07-17 08:15:00+00:00,99897.18203825025
2024-07-17 08:30:00+00:00,99897.18203825025
2024-07-17 08:45:00+00:00,99897.18203825025
2024-07-17 09:00:00+00:00,99897.18203825025
2024-07-17 09:15:00+00:00,99897.18203825025
2024-07-17 09:30:00+00:00,99897.18203825025
2024-07-17 09:45:00+00:00,99897.18203825025
2024-07-17 10:00:00+00:00,99897.18203825025
2024-07-17 10:15:00+00:00,99897.18203825025
2024-07-17 10:30:00+00:00,99897.18203825025
2024-07-17 10:45:00+00:00,99897.18203825025
2024-07-17 11:00:00+00:00,99897.18203825025
2024-07-17 11:15:00+00:00,99897.18203825025
2024-07-17 11:30:00+00:00,99897.18203825025
2024-07-17 11:45:00+00:00,99897.18203825025
2024-07-17 12:00:00+00:00,99897.18203825025
2024-07-17 12:15:00+00:00,99897.18203825025
2024-07-17 12:30:00+00:00,99897.18203825025
2024-07-17 12:45:00+00:00,99897.18203825025
2024-07-17 13:00:00+00:00,99897.18203825025
2024-07-17 13:15:00+00:00,99897.18203825025
2024-07-17 13:30:00+00:00,99897.18203825025
2024-07-17 13:45:00+00:00,99897.18203825025
2024-07-17 14:00:00+00:00,99897.18203825025
2024-07-17 14:15:00+00:00,99897.18203825025
2024-07-17 14:30:00+00:00,99897.18203825025
2024-07-17 14:45:00+00:00,99897.18203825025
2024-07-17 15:00:00+00:00,99897.18203825025
2024-07-17 15:15:00+00:00,99897.18203825025
2024-07-17 15:30:00+00:00,99897.18203825025
2024-07-17 15:45:00+00:00,99897.18203825025
2024-07-17 16:00:00+00:00,99897.18203825025
2024-07-17 16:15:00+00:00,99897.18203825025
2024-07-17 16:30:00+00:00,99889.48804746257
2024-07-17 16:45:00+00:00,99894.42925961039
2024-07-17 17:00:00+00:00,99887.65347467997
2024-07-17 17:15:00+00:00,99894.27214557276
2024-07-17 17:30:00+00:00,99897.21186819064
2024-07-17 17:45:00+00:00,99895.32156704606
2024-07-17 18:00:00+00:00,99897.4466347038
2024-07-17 18:15:00+00:00,99900.61302886307
2024-07-17 18:30:00+00:00,99900.37102878229
2024-07-17 18:45:00+00:00,99900.37102878229
2024-07-17 19:00:00+00:00,99900.37102878229
2024-07-17 19:15:00+00:00,99900.37102878229
2024-07-17 19:30:00+00:00,99900.37102878229
2024-07-17 19:45:00+00:00,99900.37102878229
2024-07-17 20:00:00+00:00,99900.37102878229
2024-07-17 20:15:00+00:00,99900.37102878229
2024-07-17 20:30:00+00:00,99900.37102878229
2024-07-17 20:45:00+00:00,99900.37102878229
2024-07-17 21:00:00+00:00,99900.37102878229
2024-07-17 21:15:00+00:00,99900.37102878229
2024-07-17 21:30:00+00:00,99900.37102878229
2024-07-17 21:45:00+00:00,99900.37102878229
2024-07-17 22:00:00+00:00,99900.37102878229
2024-07-17 22:15:00+00:00,99900.37102878229
2024-07-17 22:30:00+00:00,99900.37102878229
2024-07-17 22:45:00+00:00,99900.37102878229
2024-07-17 23:00:00+00:00,99900.37102878229
2024-07-17 23:15:00+00:00,99900.37102878229
2024-07-17 23:30:00+00:00,99900.37102878229
2024-07-17 23:45:00+00:00,99900.37102878229
2024-07-18 00:00:00+00:00,99900.37102878229
2024-07-18 00:15:00+00:00,99900.37102878229
2024-07-18 00:30:00+00:00,99900.37102878229
2024-07-18 00:45:00+00:00,99900.37102878229
2024-07-18 01:00:00+00:00,99900.37102878229
2024-07-18 01:15:00+00:00,99900.37102878229
2024-07-18 01:30:00+00:00,99900.37102878229
2024-07-18 01:45:00+00:00,99900.37102878229
2024-07-18 02:00:00+00:00,99900.37102878229
2024-07-18 02:15:00+00:00,99900.37102878229
2024-07-18 02:30:00+00:00,99900.37102878229
2024-07-18 02:45:00+00:00,99900.37102878229
2024-07-18 03:00:00+00:00,99900.37102878229
2024-07-18 03:15:00+00:00,99900.37102878229
2024-07-18 03:30:00+00:00,99900.37102878229
2024-07-18 03:45:00+00:00,99900.37102878229
2024-07-18 04:00:00+00:00,99900.37102878229
2024-07-18 04:15:00+00:00,99900.37102878229
2024-07-18 04:30:00+00:00,99900.37102878229
2024-07-18 04:45:00+00:00,99900.37102878229
2024-07-18 05:00:00+00:00,99900.37102878229
2024-07-18 05:15:00+00:00,99900.37102878229
2024-07-18 05:30:00+00:00,99900.37102878229
2024-07-18 05:45:00+00:00,99900.37102878229
2024-07-18 06:00:00+00:00,99900.37102878229
2024-07-18 06:15:00+00:00,99900.37102878229
2024-07-18 06:30:00+00:00,99900.37102878229
2024-07-18 06:45:00+00:00,99900.37102878229
2024-07-18 07:00:00+00:00,99900.37102878229
2024-07-18 07:15:00+00:00,99900.37102878229
2024-07-18 07:30:00+00:00,99900.37102878229
2024-07-18 07:45:00+00:00,99900.37102878229
2024-07-18 08:00:00+00:00,99900.37102878229
2024-07-18 08:15:00+00:00,99900.37102878229
2024-07-18 08:30:00+00:00,99900.37102878229
2024-07-18 08:45:00+00:00,99900.37102878229
2024-07-18 09:00:00+00:00,99900.37102878229
2024-07-18 09:15:00+00:00,99900.37102878229
2024-07-18 09:30:00+00:00,99900.37102878229
2024-07-18 09:45:00+00:00,99900.37102878229
2024-07-18 10:00:00+00:00,99900.37102878229
2024-07-18 10:15:00+00:00,99900.37102878229
2024-07-18 10:30:00+00:00,99900.37102878229
2024-07-18 10:45:00+00:00,99900.37102878229
2024-07-18 11:00:00+00:00,99900.37102878229
2024-07-18 11:15:00+00:00,99900.37102878229
2024-07-18 11:30:00+00:00,99900.37102878229
2024-07-18 11:45:00+00:00,99900.37102878229
2024-07-18 12:00:00+00:00,99900.37102878229
2024-07-18 12:15:00+00:00,99900.37102878229
2024-07-18 12:30:00+00:00,99900.37102878229
2024-07-18 12:45:00+00:00,99900.37102878229
2024-07-18 13:00:00+00:00,99900.37102878229
2024-07-18 13:15:00+00:00,99900.37102878229
2024-07-18 13:30:00+00:00,99900.37102878229
2024-07-18 13:45:00+00:00,99900.37102878229
2024-07-18 14:00:00+00:00,99900.37102878229
2024-07-18 14:15:00+00:00,99900.37102878229
2024-07-18 14:30:00+00:00,99900.37102878229
2024-07-18 14:45:00+00:00,99900.37102878229
2024-07-18 15:00:00+00:00,99900.37102878229
2024-07-18 15:15:00+00:00,99900.37102878229
2024-07-18 15:30:00+00:00,99900.37102878229
2024-07-18 15:45:00+00:00,99900.37102878229
2024-07-18 16:00:00+00:00,99900.37102878229
2024-07-18 16:15:00+00:00,99899.6653097345
2024-07-18 16:30:00+00:00,99903.43214707532
2024-07-18 16:45:00+00:00,99905.63969823233
2024-07-18 17:00:00+00:00,99903.20107448292
2024-07-18 17:15:00+00:00,99903.20083960083
2024-07-18 17:30:00+00:00,99899.91319437635
2024-07-18 17:45:00+00:00,99897.45312486462
2024-07-18 18:00:00+00:00,99893.99741329835
2024-07-18 18:15:00+00:00,99887.07409101687
2024-07-18 18:30:00+00:00,99887.07409101687
2024-07-18 18:45:00+00:00,99887.07409101687
2024-07-18 19:00:00+00:00,99887.07409101687
2024-07-18 19:15:00+00:00,99887.07409101687
2024-07-18 19:30:00+00:00,99887.07409101687
2024-07-18 19:45:00+00:00,99887.07409101687
2024-07-18 20:00:00+00:00,99887.07409101687
2024-07-18 20:15:00+00:00,99887.07409101687
2024-07-18 20:30:00+00:00,99887.07409101687
2024-07-18 20:45:00+00:00,99887.07409101687
2024-07-18 21:00:00+00:00,99887.07409101687
2024-07-18 21:15:00+00:00,99887.07409101687
2024-07-18 21:30:00+00:00,99887.07409101687
2024-07-18 21:45:00+00:00,99887.07409101687
2024-07-18 22:00:00+00:00,99887.07409101687
2024-07-18 22:15:00+00:00,99887.07409101687
2024-07-18 22:30:00+00:00,99887.07409101687
2024-07-18 22:45:00+00:00,99887.07409101687
2024-07-18 23:00:00+00:00,99887.07409101687
2024-07-18 23:15:00+00:00,99887.07409101687
2024-07-18 23:30:00+00:00,99887.07409101687
2024-07-18 23:45:00+00:00,99887.07409101687
2024-07-19 00:00:00+00:00,99887.07409101687
2024-07-19 00:15:00+00:00,99887.07409101687
2024-07-19 00:30:00+00:00,99887.07409101687
2024-07-19 00:45:00+00:00,99887.07409101687
2024-07-19 01:00:00+00:00,99887.07409101687
2024-07-19 01:15:00+00:00,99887.07409101687
2024-07-19 01:30:00+00:00,99887.07409101687
2024-07-19 01:45:00+00:00,99887.07409101687
2024-07-19 02:00:00+00:00,99887.07409101687
2024-07-19 02:15:00+00:00,99887.07409101687
2024-07-19 02:30:00+00:00,99887.07409101687
2024-07-19 02:45:00+00:00,99887.07409101687
2024-07-19 03:00:00+00:00,99887.07409101687
2024-07-19 03:15:00+00:00,99887.07409101687
2024-07-19 03:30:00+00:00,99887.07409101687
2024-07-19 03:45:00+00:00,99887.07409101687
2024-07-19 04:00:00+00:00,99887.07409101687
2024-07-19 04:15:00+00:00,99887.07409101687
2024-07-19 04:30:00+00:00,99887.07409101687
2024-07-19 04:45:00+00:00,99887.07409101687
2024-07-19 05:00:00+00:00,99887.07409101687
2024-07-19 05:15:00+00:00,99887.07409101687
2024-07-19 05:30:00+00:00,99887.07409101687
2024-07-19 05:45:00+00:00,99887.07409101687
2024-07-19 06:00:00+00:00,99887.07409101687
2024-07-19 06:15:00+00:00,99887.07409101687
2024-07-19 06:30:00+00:00,99887.07409101687
2024-07-19 06:45:00+00:00,99887.07409101687
2024-07-19 07:00:00+00:00,99887.07409101687
2024-07-19 07:15:00+00:00,99887.07409101687
2024-07-19 07:30:00+00:00,99887.07409101687
2024-07-19 07:45:00+00:00,99887.07409101687
2024-07-19 08:00:00+00:00,99887.07409101687
2024-07-19 08:15:00+00:00,99887.07409101687
2024-07-19 08:30:00+00:00,99887.07409101687
2024-07-19 08:45:00+00:00,99887.07409101687
2024-07-19 09:00:00+00:00,99887.07409101687
2024-07-19 09:15:00+00:00,99887.07409101687
2024-07-19 09:30:00+00:00,99887.07409101687
2024-07-19 09:45:00+00:00,99887.07409101687
2024-07-19 10:00:00+00:00,99887.07409101687
2024-07-19 10:15:00+00:00,99887.07409101687
2024-07-19 10:30:00+00:00,99887.07409101687
2024-07-19 10:45:00+00:00,99887.07409101687
2024-07-19 11:00:00+00:00,99887.07409101687
2024-07-19 11:15:00+00:00,99887.07409101687
2024-07-19 11:30:00+00:00,99887.07409101687
2024-07-19 11:45:00+00:00,99887.07409101687
2024-07-19 12:00:00+00:00,99887.07409101687
2024-07-19 12:15:00+00:00,99887.07409101687
2024-07-19 12:30:00+00:00,99887.07409101687
2024-07-19 12:45:00+00:00,99887.07409101687
2024-07-19 13:00:00+00:00,99887.07409101687
2024-07-19 13:15:00+00:00,99887.07409101687
2024-07-19 13:30:00+00:00,99887.07409101687
2024-07-19 13:45:00+00:00,99887.07409101687
2024-07-19 14:00:00+00:00,99887.07409101687
2024-07-19 14:15:00+00:00,99887.07409101687
2024-07-19 14:30:00+00:00,99887.07409101687
2024-07-19 14:45:00+00:00,99887.07409101687
2024-07-19 15:00:00+00:00,99887.07409101687
2024-07-19 15:15:00+00:00,99887.07409101687
2024-07-19 15:30:00+00:00,99887.07409101687
2024-07-19 15:45:00+00:00,99887.07409101687
2024-07-19 16:00:00+00:00,99887.07409101687
2024-07-19 16:15:00+00:00,99882.49931798117
2024-07-19 16:30:00+00:00,99881.41560189454
2024-07-19 16:45:00+00:00,99881.15773132615
2024-07-19 17:00:00+00:00,99882.38550415148
2024-07-19 17:15:00+00:00,99870.02821810813
2024-07-19 17:30:00+00:00,99870.02821810813
2024-07-19 17:45:00+00:00,99870.02821810813
2024-07-19 18:00:00+00:00,99870.02821810813
2024-07-19 18:15:00+00:00,99870.02821810813
2024-07-19 18:30:00+00:00,99870.02821810813
2024-07-19 18:45:00+00:00,99870.02821810813
2024-07-19 19:00:00+00:00,99870.02821810813
2024-07-19 19:15:00+00:00,99870.02821810813
2024-07-19 19:30:00+00:00,99870.02821810813
2024-07-19 19:45:00+00:00,99870.02821810813
2024-07-19 20:00:00+00:00,99870.02821810813
2024-07-19 20:15:00+00:00,99870.78046520616
2024-07-19 20:30:00+00:00,99868.10305201444
2024-07-19 20:45:00+00:00,99870.47595889823
2024-07-19 21:00:00+00:00,99864.52596935762
2024-07-19 21:15:00+00:00,99856.41445319228
2024-07-19 21:30:00+00:00,99856.41445319228
2024-07-19 21:45:00+00:00,99856.41445319228
2024-07-19 22:00:00+00:00,99856.41445319228
2024-07-19 22:15:00+00:00,99856.41445319228
2024-07-19 22:30:00+00:00,99856.41445319228
2024-07-19 22:45:00+00:00,99856.41445319228
2024-07-19 23:00:00+00:00,99856.41445319228
2024-07-19 23:15:00+00:00,99856.41445319228
2024-07-19 23:30:00+00:00,99856.41445319228
2024-07-19 23:45:00+00:00,99856.41445319228
2024-07-20 00:00:00+00:00,99856.41445319228
2024-07-20 00:15:00+00:00,99856.41445319228
2024-07-20 00:30:00+00:00,99856.41445319228
2024-07-20 00:45:00+00:00,99856.41445319228
2024-07-20 01:00:00+00:00,99856.41445319228
2024-07-20 01:15:00+00:00,99856.41445319228
2024-07-20 01:30:00+00:00,99856.41445319228
2024-07-20 01:45:00+00:00,99856.41445319228
2024-07-20 02:00:00+00:00,99856.41445319228
2024-07-20 02:15:00+00:00,99856.41445319228
2024-07-20 02:30:00+00:00,99856.41445319228
2024-07-20 02:45:00+00:00,99856.41445319228
2024-07-20 03:00:00+00:00,99856.41445319228
2024-07-20 03:15:00+00:00,99856.41445319228
2024-07-20 03:30:00+00:00,99856.41445319228
2024-07-20 03:45:00+00:00,99856.41445319228
2024-07-20 04:00:00+00:00,99856.41445319228
2024-07-20 04:15:00+00:00,99856.41445319228
2024-07-20 04:30:00+00:00,99856.41445319228
2024-07-20 04:45:00+00:00,99856.41445319228
2024-07-20 05:00:00+00:00,99856.41445319228
2024-07-20 05:15:00+00:00,99856.41445319228
2024-07-20 05:30:00+00:00,99856.41445319228
2024-07-20 05:45:00+00:00,99856.41445319228
2024-07-20 06:00:00+00:00,99856.41445319228
2024-07-20 06:15:00+00:00,99856.41445319228
2024-07-20 06:30:00+00:00,99856.41445319228
2024-07-20 06:45:00+00:00,99856.41445319228
2024-07-20 07:00:00+00:00,99856.41445319228
2024-07-20 07:15:00+00:00,99856.41445319228
2024-07-20 07:30:00+00:00,99856.41445319228
2024-07-20 07:45:00+00:00,99856.41445319228
2024-07-20 08:00:00+00:00,99856.41445319228
2024-07-20 08:15:00+00:00,99856.41445319228
2024-07-20 08:30:00+00:00,99856.41445319228
2024-07-20 08:45:00+00:00,99856.41445319228
2024-07-20 09:00:00+00:00,99856.41445319228
2024-07-20 09:15:00+00:00,99856.41445319228
2024-07-20 09:30:00+00:00,99856.41445319228
2024-07-20 09:45:00+00:00,99856.41445319228
2024-07-20 10:00:00+00:00,99856.41445319228
2024-07-20 10:15:00+00:00,99856.41445319228
2024-07-20 10:30:00+00:00,99856.41445319228
2024-07-20 10:45:00+00:00,99856.41445319228
2024-07-20 11:00:00+00:00,99856.41445319228
2024-07-20 11:15:00+00:00,99856.41445319228
2024-07-20 11:30:00+00:00,99856.41445319228
2024-07-20 11:45:00+00:00,99856.41445319228
2024-07-20 12:00:00+00:00,99856.41445319228
2024-07-20 12:15:00+00:00,99856.41445319228
2024-07-20 12:30:00+00:00,99856.41445319228
2024-07-20 12:45:00+00:00,99856.41445319228
2024-07-20 13:00:00+00:00,99856.41445319228
2024-07-20 13:15:00+00:00,99856.41445319228
2024-07-20 13:30:00+00:00,99856.41445319228
2024-07-20 13:45:00+00:00,99856.41445319228
2024-07-20 14:00:00+00:00,99856.41445319228
2024-07-20 14:15:00+00:00,99856.41445319228
2024-07-20 14:30:00+00:00,99856.41445319228
2024-07-20 14:45:00+00:00,99856.41445319228
2024-07-20 15:00:00+00:00,99856.41445319228
2024-07-20 15:15:00+00:00,99856.41445319228
2024-07-20 15:30:00+00:00,99856.41445319228
2024-07-20 15:45:00+00:00,99856.41445319228
2024-07-20 16:00:00+00:00,99856.41445319228
2024-07-20 16:15:00+00:00,99856.41445319228
2024-07-20 16:30:00+00:00,99856.41445319228
2024-07-20 16:45:00+00:00,99856.41445319228
2024-07-20 17:00:00+00:00,99856.41445319228
2024-07-20 17:15:00+00:00,99856.41445319228
2024-07-20 17:30:00+00:00,99856.41445319228
2024-07-20 17:45:00+00:00,99856.41445319228
2024-07-20 18:00:00+00:00,99856.41445319228
2024-07-20 18:15:00+00:00,99856.41445319228
2024-07-20 18:30:00+00:00,99856.41445319228
2024-07-20 18:45:00+00:00,99856.41445319228
2024-07-20 19:00:00+00:00,99856.41445319228
2024-07-20 19:15:00+00:00,99856.41445319228
2024-07-20 19:30:00+00:00,99856.41445319228
2024-07-20 19:45:00+00:00,99856.41445319228
2024-07-20 20:00:00+00:00,99856.41445319228
2024-07-20 20:15:00+00:00,99856.41445319228
2024-07-20 20:30:00+00:00,99856.41445319228
2024-07-20 20:45:00+00:00,99856.41445319228
2024-07-20 21:00:00+00:00,99856.41445319228
2024-07-20 21:15:00+00:00,99856.41445319228
2024-07-20 21:30:00+00:00,99856.41445319228
2024-07-20 21:45:00+00:00,99856.41445319228
2024-07-20 22:00:00+00:00,99856.41445319228
2024-07-20 22:15:00+00:00,99856.41445319228
2024-07-20 22:30:00+00:00,99856.41445319228
2024-07-20 22:45:00+00:00,99856.41445319228
2024-07-20 23:00:00+00:00,99856.41445319228
2024-07-20 23:15:00+00:00,99856.41445319228
2024-07-20 23:30:00+00:00,99856.41445319228
2024-07-20 23:45:00+00:00,99856.41445319228
2024-07-21 00:00:00+00:00,99856.41445319228
2024-07-21 00:15:00+00:00,99856.41445319228
2024-07-21 00:30:00+00:00,99856.41445319228
2024-07-21 00:45:00+00:00,99856.41445319228
2024-07-21 01:00:00+00:00,99856.41445319228
2024-07-21 01:15:00+00:00,99856.41445319228
2024-07-21 01:30:00+00:00,99856.41445319228
2024-07-21 01:45:00+00:00,99856.41445319228
2024-07-21 02:00:00+00:00,99856.41445319228
2024-07-21 02:15:00+00:00,99856.41445319228
2024-07-21 02:30:00+00:00,99856.41445319228
2024-07-21 02:45:00+00:00,99856.41445319228
2024-07-21 03:00:00+00:00,99856.41445319228
2024-07-21 03:15:00+00:00,99856.41445319228
2024-07-21 03:30:00+00:00,99856.41445319228
2024-07-21 03:45:00+00:00,99856.41445319228
2024-07-21 04:00:00+00:00,99856.41445319228
2024-07-21 04:15:00+00:00,99856.41445319228
2024-07-21 04:30:00+00:00,99856.41445319228
2024-07-21 04:45:00+00:00,99856.41445319228
2024-07-21 05:00:00+00:00,99856.41445319228
2024-07-21 05:15:00+00:00,99856.41445319228
2024-07-21 05:30:00+00:00,99856.41445319228
2024-07-21 05:45:00+00:00,99856.41445319228
2024-07-21 06:00:00+00:00,99856.41445319228
2024-07-21 06:15:00+00:00,99856.41445319228
2024-07-21 06:30:00+00:00,99856.41445319228
2024-07-21 06:45:00+00:00,99856.41445319228
2024-07-21 07:00:00+00:00,99856.41445319228
2024-07-21 07:15:00+00:00,99856.41445319228
2024-07-21 07:30:00+00:00,99856.41445319228
2024-07-21 07:45:00+00:00,99856.41445319228
2024-07-21 08:00:00+00:00,99856.41445319228
2024-07-21 08:15:00+00:00,99856.41445319228
2024-07-21 08:30:00+00:00,99856.41445319228
2024-07-21 08:45:00+00:00,99856.41445319228
2024-07-21 09:00:00+00:00,99856.41445319228
2024-07-21 09:15:00+00:00,99856.41445319228
2024-07-21 09:30:00+00:00,99856.41445319228
2024-07-21 09:45:00+00:00,99856.41445319228
2024-07-21 10:00:00+00:00,99856.41445319228
2024-07-21 10:15:00+00:00,99856.41445319228
2024-07-21 10:30:00+00:00,99856.41445319228
2024-07-21 10:45:00+00:00,99856.41445319228
2024-07-21 11:00:00+00:00,99856.41445319228
2024-07-21 11:15:00+00:00,99856.41445319228
2024-07-21 11:30:00+00:00,99856.41445319228
2024-07-21 11:45:00+00:00,99856.41445319228
2024-07-21 12:00:00+00:00,99856.41445319228
2024-07-21 12:15:00+00:00,99856.41445319228
2024-07-21 12:30:00+00:00,99856.41445319228
2024-07-21 12:45:00+00:00,99856.41445319228
2024-07-21 13:00:00+00:00,99856.41445319228
2024-07-21 13:15:00+00:00,99856.41445319228
2024-07-21 13:30:00+00:00,99856.41445319228
2024-07-21 13:45:00+00:00,99856.41445319228
2024-07-21 14:00:00+00:00,99856.41445319228
2024-07-21 14:15:00+00:00,99856.41445319228
2024-07-21 14:30:00+00:00,99856.41445319228
2024-07-21 14:45:00+00:00,99856.41445319228
2024-07-21 15:00:00+00:00,99856.41445319228
2024-07-21 15:15:00+00:00,99856.41445319228
2024-07-21 15:30:00+00:00,99856.41445319228
2024-07-21 15:45:00+00:00,99856.41445319228
2024-07-21 16:00:00+00:00,99856.41445319228
2024-07-21 16:15:00+00:00,99856.41445319228
2024-07-21 16:30:00+00:00,99856.41445319228
2024-07-21 16:45:00+00:00,99856.41445319228
2024-07-21 17:00:00+00:00,99856.41445319228
2024-07-21 17:15:00+00:00,99856.41445319228
2024-07-21 17:30:00+00:00,99856.41445319228
2024-07-21 17:45:00+00:00,99856.41445319228
2024-07-21 18:00:00+00:00,99856.41445319228
2024-07-21 18:15:00+00:00,99856.41445319228
2024-07-21 18:30:00+00:00,99856.41445319228
2024-07-21 18:45:00+00:00,99856.41445319228
2024-07-21 19:00:00+00:00,99856.41445319228
2024-07-21 19:15:00+00:00,99856.41445319228
2024-07-21 19:30:00+00:00,99856.41445319228
2024-07-21 19:45:00+00:00,99856.41445319228
2024-07-21 20:00:00+00:00,99856.41445319228
2024-07-21 20:15:00+00:00,99856.41445319228
2024-07-21 20:30:00+00:00,99856.41445319228
2024-07-21 20:45:00+00:00,99856.41445319228
2024-07-21 21:00:00+00:00,99856.41445319228
2024-07-21 21:15:00+00:00,99856.41445319228
2024-07-21 21:30:00+00:00,99856.41445319228
2024-07-21 21:45:00+00:00,99856.41445319228
2024-07-21 22:00:00+00:00,99856.41445319228
2024-07-21 22:15:00+00:00,99856.41445319228
2024-07-21 22:30:00+00:00,99856.41445319228
2024-07-21 22:45:00+00:00,99856.41445319228
2024-07-21 23:00:00+00:00,99856.41445319228
2024-07-21 23:15:00+00:00,99856.41445319228
2024-07-21 23:30:00+00:00,99856.41445319228
2024-07-21 23:45:00+00:00,99856.41445319228
2024-07-22 00:00:00+00:00,99856.41445319228
2024-07-22 00:15:00+00:00,99854.25943854637
2024-07-22 00:30:00+00:00,99851.40564462832
2024-07-22 00:45:00+00:00,99845.46121606536
2024-07-22 01:00:00+00:00,99845.46121606536
2024-07-22 01:15:00+00:00,99845.46121606536
2024-07-22 01:30:00+00:00,99845.46121606536
2024-07-22 01:45:00+00:00,99845.46121606536
2024-07-22 02:00:00+00:00,99845.46121606536
2024-07-22 02:15:00+00:00,99845.46121606536
2024-07-22 02:30:00+00:00,99845.46121606536
2024-07-22 02:45:00+00:00,99845.46121606536
2024-07-22 03:00:00+00:00,99845.46121606536
2024-07-22 03:15:00+00:00,99845.46121606536
2024-07-22 03:30:00+00:00,99845.46121606536
2024-07-22 03:45:00+00:00,99845.46121606536
2024-07-22 04:00:00+00:00,99845.46121606536
2024-07-22 04:15:00+00:00,99845.46121606536
2024-07-22 04:30:00+00:00,99845.46121606536
2024-07-22 04:45:00+00:00,99845.46121606536
2024-07-22 05:00:00+00:00,99845.46121606536
2024-07-22 05:15:00+00:00,99845.46121606536
2024-07-22 05:30:00+00:00,99845.46121606536
2024-07-22 05:45:00+00:00,99845.46121606536
2024-07-22 06:00:00+00:00,99845.46121606536
2024-07-22 06:15:00+00:00,99845.46121606536
2024-07-22 06:30:00+00:00,99845.46121606536
2024-07-22 06:45:00+00:00,99845.46121606536
2024-07-22 07:00:00+00:00,99845.46121606536
2024-07-22 07:15:00+00:00,99845.46121606536
2024-07-22 07:30:00+00:00,99845.46121606536
2024-07-22 07:45:00+00:00,99845.46121606536
2024-07-22 08:00:00+00:00,99845.46121606536
2024-07-22 08:15:00+00:00,99845.46121606536
2024-07-22 08:30:00+00:00,99845.46121606536
2024-07-22 08:45:00+00:00,99845.46121606536
2024-07-22 09:00:00+00:00,99845.46121606536
2024-07-22 09:15:00+00:00,99845.46121606536
2024-07-22 09:30:00+00:00,99845.46121606536
2024-07-22 09:45:00+00:00,99845.46121606536
2024-07-22 10:00:00+00:00,99845.46121606536
2024-07-22 10:15:00+00:00,99845.46121606536
2024-07-22 10:30:00+00:00,99845.46121606536
2024-07-22 10:45:00+00:00,99845.46121606536
2024-07-22 11:00:00+00:00,99845.46121606536
2024-07-22 11:15:00+00:00,99845.46121606536
2024-07-22 11:30:00+00:00,99845.46121606536
2024-07-22 11:45:00+00:00,99845.46121606536
2024-07-22 12:00:00+00:00,99845.46121606536
2024-07-22 12:15:00+00:00,99845.46121606536
2024-07-22 12:30:00+00:00,99845.46121606536
2024-07-22 12:45:00+00:00,99845.46121606536
2024-07-22 13:00:00+00:00,99845.46121606536
2024-07-22 13:15:00+00:00,99845.46121606536
2024-07-22 13:30:00+00:00,99845.46121606536
2024-07-22 13:45:00+00:00,99845.46121606536
2024-07-22 14:00:00+00:00,99845.46121606536
2024-07-22 14:15:00+00:00,99845.46121606536
2024-07-22 14:30:00+00:00,99845.46121606536
2024-07-22 14:45:00+00:00,99845.46121606536
2024-07-22 15:00:00+00:00,99845.46121606536
2024-07-22 15:15:00+00:00,99845.46121606536
2024-07-22 15:30:00+00:00,99845.46121606536
2024-07-22 15:45:00+00:00,99845.46121606536
2024-07-22 16:00:00+00:00,99845.46121606536
2024-07-22 16:15:00+00:00,99845.46121606536
2024-07-22 16:30:00+00:00,99845.46121606536
2024-07-22 16:45:00+00:00,99845.46121606536
2024-07-22 17:00:00+00:00,99845.46121606536
2024-07-22 17:15:00+00:00,99845.46121606536
2024-07-22 17:30:00+00:00,99845.46121606536
2024-07-22 17:45:00+00:00,99845.46121606536
2024-07-22 18:00:00+00:00,99845.46121606536
2024-07-22 18:15:00+00:00,99845.46121606536
2024-07-22 18:30:00+00:00,99845.46121606536
2024-07-22 18:45:00+00:00,99845.46121606536
2024-07-22 19:00:00+00:00,99845.46121606536
2024-07-22 19:15:00+00:00,99845.46121606536
2024-07-22 19:30:00+00:00,99845.46121606536
2024-07-22 19:45:00+00:00,99845.46121606536
2024-07-22 20:00:00+00:00,99845.46121606536
2024-07-22 20:15:00+00:00,99845.46121606536
2024-07-22 20:30:00+00:00,99845.46121606536
2024-07-22 20:45:00+00:00,99845.46121606536
2024-07-22 21:00:00+00:00,99845.46121606536
2024-07-22 21:15:00+00:00,99845.46121606536
2024-07-22 21:30:00+00:00,99845.46121606536
2024-07-22 21:45:00+00:00,99845.46121606536
2024-07-22 22:00:00+00:00,99845.46121606536
2024-07-22 22:15:00+00:00,99845.46121606536
2024-07-22 22:30:00+00:00,99845.46121606536
2024-07-22 22:45:00+00:00,99845.46121606536
2024-07-22 23:00:00+00:00,99845.46121606536
2024-07-22 23:15:00+00:00,99845.46121606536
2024-07-22 23:30:00+00:00,99845.46121606536
2024-07-22 23:45:00+00:00,99845.46121606536
2024-07-23 00:00:00+00:00,99845.46121606536
2024-07-23 00:15:00+00:00,99845.46121606536
2024-07-23 00:30:00+00:00,99845.46121606536
2024-07-23 00:45:00+00:00,99845.46121606536
2024-07-23 01:00:00+00:00,99845.46121606536
2024-07-23 01:15:00+00:00,99845.46121606536
2024-07-23 01:30:00+00:00,99845.46121606536
2024-07-23 01:45:00+00:00,99845.46121606536
2024-07-23 02:00:00+00:00,99845.46121606536
2024-07-23 02:15:00+00:00,99845.46121606536
2024-07-23 02:30:00+00:00,99845.46121606536
2024-07-23 02:45:00+00:00,99845.46121606536
2024-07-23 03:00:00+00:00,99845.46121606536
2024-07-23 03:15:00+00:00,99845.46121606536
2024-07-23 03:30:00+00:00,99845.46121606536
2024-07-23 03:45:00+00:00,99845.46121606536
2024-07-23 04:00:00+00:00,99845.46121606536
2024-07-23 04:15:00+00:00,99845.46121606536
2024-07-23 04:30:00+00:00,99845.46121606536
2024-07-23 04:45:00+00:00,99845.46121606536
2024-07-23 05:00:00+00:00,99845.46121606536
2024-07-23 05:15:00+00:00,99845.46121606536
2024-07-23 05:30:00+00:00,99845.46121606536
2024-07-23 05:45:00+00:00,99845.46121606536
2024-07-23 06:00:00+00:00,99845.46121606536
2024-07-23 06:15:00+00:00,99845.46121606536
2024-07-23 06:30:00+00:00,99845.46121606536
2024-07-23 06:45:00+00:00,99845.46121606536
2024-07-23 07:00:00+00:00,99845.46121606536
2024-07-23 07:15:00+00:00,99845.46121606536
2024-07-23 07:30:00+00:00,99845.46121606536
2024-07-23 07:45:00+00:00,99845.46121606536
2024-07-23 08:00:00+00:00,99845.46121606536
2024-07-23 08:15:00+00:00,99845.46121606536
2024-07-23 08:30:00+00:00,99845.46121606536
2024-07-23 08:45:00+00:00,99845.46121606536
2024-07-23 09:00:00+00:00,99845.46121606536
2024-07-23 09:15:00+00:00,99845.46121606536
2024-07-23 09:30:00+00:00,99845.46121606536
2024-07-23 09:45:00+00:00,99845.46121606536
2024-07-23 10:00:00+00:00,99845.46121606536
2024-07-23 10:15:00+00:00,99845.46121606536
2024-07-23 10:30:00+00:00,99845.46121606536
2024-07-23 10:45:00+00:00,99845.46121606536
2024-07-23 11:00:00+00:00,99845.46121606536
2024-07-23 11:15:00+00:00,99845.46121606536
2024-07-23 11:30:00+00:00,99845.46121606536
2024-07-23 11:45:00+00:00,99845.46121606536
2024-07-23 12:00:00+00:00,99845.46121606536
2024-07-23 12:15:00+00:00,99845.46121606536
2024-07-23 12:30:00+00:00,99845.46121606536
2024-07-23 12:45:00+00:00,99845.46121606536
2024-07-23 13:00:00+00:00,99845.46121606536
2024-07-23 13:15:00+00:00,99845.46121606536
2024-07-23 13:30:00+00:00,99845.46121606536
2024-07-23 13:45:00+00:00,99845.46121606536
2024-07-23 14:00:00+00:00,99845.46121606536
2024-07-23 14:15:00+00:00,99845.46121606536
2024-07-23 14:30:00+00:00,99845.46121606536
2024-07-23 14:45:00+00:00,99845.46121606536
2024-07-23 15:00:00+00:00,99845.46121606536
2024-07-23 15:15:00+00:00,99845.46121606536
2024-07-23 15:30:00+00:00,99845.46121606536
2024-07-23 15:45:00+00:00,99845.46121606536
2024-07-23 16:00:00+00:00,99845.46121606536
2024-07-23 16:15:00+00:00,99845.46121606536
2024-07-23 16:30:00+00:00,99839.0843813734
2024-07-23 16:45:00+00:00,99833.57083900814
2024-07-23 17:00:00+00:00,99819.1980622114
2024-07-23 17:15:00+00:00,99819.1980622114
2024-07-23 17:30:00+00:00,99819.1980622114
2024-07-23 17:45:00+00:00,99819.1980622114
2024-07-23 18:00:00+00:00,99819.1980622114
2024-07-23 18:15:00+00:00,99819.1980622114
2024-07-23 18:30:00+00:00,99819.1980622114
2024-07-23 18:45:00+00:00,99819.1980622114
2024-07-23 19:00:00+00:00,99819.1980622114
2024-07-23 19:15:00+00:00,99819.1980622114
2024-07-23 19:30:00+00:00,99819.1980622114
2024-07-23 19:45:00+00:00,99819.1980622114
2024-07-23 20:00:00+00:00,99819.1980622114
2024-07-23 20:15:00+00:00,99819.1980622114
2024-07-23 20:30:00+00:00,99819.1980622114
2024-07-23 20:45:00+00:00,99819.1980622114
2024-07-23 21:00:00+00:00,99819.1980622114
2024-07-23 21:15:00+00:00,99819.1980622114
2024-07-23 21:30:00+00:00,99819.1980622114
2024-07-23 21:45:00+00:00,99819.1980622114
2024-07-23 22:00:00+00:00,99819.1980622114
2024-07-23 22:15:00+00:00,99819.1980622114
2024-07-23 22:30:00+00:00,99819.1980622114
2024-07-23 22:45:00+00:00,99819.1980622114
2024-07-23 23:00:00+00:00,99819.1980622114
2024-07-23 23:15:00+00:00,99819.1980622114
2024-07-23 23:30:00+00:00,99819.1980622114
2024-07-23 23:45:00+00:00,99819.1980622114
2024-07-24 00:00:00+00:00,99819.1980622114
2024-07-24 00:15:00+00:00,99819.1980622114
2024-07-24 00:30:00+00:00,99819.1980622114
2024-07-24 00:45:00+00:00,99819.1980622114
2024-07-24 01:00:00+00:00,99819.1980622114
2024-07-24 01:15:00+00:00,99819.1980622114
2024-07-24 01:30:00+00:00,99819.1980622114
2024-07-24 01:45:00+00:00,99819.1980622114
2024-07-24 02:00:00+00:00,99819.1980622114
2024-07-24 02:15:00+00:00,99819.1980622114
2024-07-24 02:30:00+00:00,99819.1980622114
2024-07-24 02:45:00+00:00,99819.1980622114
2024-07-24 03:00:00+00:00,99819.1980622114
2024-07-24 03:15:00+00:00,99819.1980622114
2024-07-24 03:30:00+00:00,99819.1980622114
2024-07-24 03:45:00+00:00,99819.1980622114
2024-07-24 04:00:00+00:00,99819.1980622114
2024-07-24 04:15:00+00:00,99819.1980622114
2024-07-24 04:30:00+00:00,99819.1980622114
2024-07-24 04:45:00+00:00,99819.1980622114
2024-07-24 05:00:00+00:00,99819.1980622114
2024-07-24 05:15:00+00:00,99819.1980622114
2024-07-24 05:30:00+00:00,99819.1980622114
2024-07-24 05:45:00+00:00,99819.1980622114
2024-07-24 06:00:00+00:00,99819.1980622114
2024-07-24 06:15:00+00:00,99819.1980622114
2024-07-24 06:30:00+00:00,99819.1980622114
2024-07-24 06:45:00+00:00,99819.1980622114
2024-07-24 07:00:00+00:00,99819.1980622114
2024-07-24 07:15:00+00:00,99819.1980622114
2024-07-24 07:30:00+00:00,99819.1980622114
2024-07-24 07:45:00+00:00,99819.1980622114
2024-07-24 08:00:00+00:00,99819.1980622114
2024-07-24 08:15:00+00:00,99820.41988120123
2024-07-24 08:30:00+00:00,99816.43713725201
2024-07-24 08:45:00+00:00,99807.40184856621
2024-07-24 09:00:00+00:00,99807.40184856621
2024-07-24 09:15:00+00:00,99807.40184856621
2024-07-24 09:30:00+00:00,99807.40184856621
2024-07-24 09:45:00+00:00,99807.40184856621
2024-07-24 10:00:00+00:00,99807.40184856621
2024-07-24 10:15:00+00:00,99807.40184856621
2024-07-24 10:30:00+00:00,99807.40184856621
2024-07-24 10:45:00+00:00,99807.40184856621
2024-07-24 11:00:00+00:00,99807.40184856621
2024-07-24 11:15:00+00:00,99807.40184856621
2024-07-24 11:30:00+00:00,99807.40184856621
2024-07-24 11:45:00+00:00,99807.40184856621
2024-07-24 12:00:00+00:00,99807.40184856621
2024-07-24 12:15:00+00:00,99807.40184856621
2024-07-24 12:30:00+00:00,99807.40184856621
2024-07-24 12:45:00+00:00,99807.40184856621
2024-07-24 13:00:00+00:00,99807.40184856621
2024-07-24 13:15:00+00:00,99807.40184856621
2024-07-24 13:30:00+00:00,99807.40184856621
2024-07-24 13:45:00+00:00,99807.40184856621
2024-07-24 14:00:00+00:00,99807.40184856621
2024-07-24 14:15:00+00:00,99807.40184856621
2024-07-24 14:30:00+00:00,99807.40184856621
2024-07-24 14:45:00+00:00,99807.40184856621
2024-07-24 15:00:00+00:00,99807.40184856621
2024-07-24 15:15:00+00:00,99807.40184856621
2024-07-24 15:30:00+00:00,99807.40184856621
2024-07-24 15:45:00+00:00,99807.40184856621
2024-07-24 16:00:00+00:00,99807.40184856621
2024-07-24 16:15:00+00:00,99807.40184856621
2024-07-24 16:30:00+00:00,99807.40184856621
2024-07-24 16:45:00+00:00,99807.40184856621
2024-07-24 17:00:00+00:00,99807.40184856621
2024-07-24 17:15:00+00:00,99807.40184856621
2024-07-24 17:30:00+00:00,99807.40184856621
2024-07-24 17:45:00+00:00,99807.40184856621
2024-07-24 18:00:00+00:00,99807.40184856621
2024-07-24 18:15:00+00:00,99807.40184856621
2024-07-24 18:30:00+00:00,99807.40184856621
2024-07-24 18:45:00+00:00,99807.40184856621
2024-07-24 19:00:00+00:00,99807.40184856621
2024-07-24 19:15:00+00:00,99807.40184856621
2024-07-24 19:30:00+00:00,99807.40184856621
2024-07-24 19:45:00+00:00,99807.40184856621
2024-07-24 20:00:00+00:00,99807.40184856621
2024-07-24 20:15:00+00:00,99807.40184856621
2024-07-24 20:30:00+00:00,99807.40184856621
2024-07-24 20:45:00+00:00,99807.40184856621
2024-07-24 21:00:00+00:00,99807.40184856621
2024-07-24 21:15:00+00:00,99807.40184856621
2024-07-24 21:30:00+00:00,99807.40184856621
2024-07-24 21:45:00+00:00,99807.40184856621
2024-07-24 22:00:00+00:00,99807.40184856621
2024-07-24 22:15:00+00:00,99807.40184856621
2024-07-24 22:30:00+00:00,99807.40184856621
2024-07-24 22:45:00+00:00,99807.40184856621
2024-07-24 23:00:00+00:00,99807.40184856621
2024-07-24 23:15:00+00:00,99807.40184856621
2024-07-24 23:30:00+00:00,99807.40184856621
2024-07-24 23:45:00+00:00,99807.40184856621
2024-07-25 00:00:00+00:00,99807.40184856621
2024-07-25 00:15:00+00:00,99807.40184856621
2024-07-25 00:30:00+00:00,99807.40184856621
2024-07-25 00:45:00+00:00,99807.40184856621
2024-07-25 01:00:00+00:00,99785.35472761713
2024-07-25 01:15:00+00:00,99755.8246859864
2024-07-25 01:30:00+00:00,99755.8246859864
2024-07-25 01:45:00+00:00,99755.8246859864
2024-07-25 02:00:00+00:00,99755.8246859864
2024-07-25 02:15:00+00:00,99755.8246859864
2024-07-25 02:30:00+00:00,99755.8246859864
2024-07-25 02:45:00+00:00,99755.8246859864
2024-07-25 03:00:00+00:00,99755.8246859864
2024-07-25 03:15:00+00:00,99755.8246859864
2024-07-25 03:30:00+00:00,99755.8246859864
2024-07-25 03:45:00+00:00,99755.8246859864
2024-07-25 04:00:00+00:00,99755.8246859864
2024-07-25 04:15:00+00:00,99755.8246859864
2024-07-25 04:30:00+00:00,99755.8246859864
2024-07-25 04:45:00+00:00,99755.8246859864
2024-07-25 05:00:00+00:00,99755.8246859864
2024-07-25 05:15:00+00:00,99755.8246859864
2024-07-25 05:30:00+00:00,99755.8246859864
2024-07-25 05:45:00+00:00,99755.8246859864
2024-07-25 06:00:00+00:00,99755.8246859864
2024-07-25 06:15:00+00:00,99755.8246859864
2024-07-25 06:30:00+00:00,99755.8246859864
2024-07-25 06:45:00+00:00,99755.8246859864
2024-07-25 07:00:00+00:00,99755.8246859864
2024-07-25 07:15:00+00:00,99755.8246859864
2024-07-25 07:30:00+00:00,99755.8246859864
2024-07-25 07:45:00+00:00,99755.8246859864
2024-07-25 08:00:00+00:00,99755.8246859864
2024-07-25 08:15:00+00:00,99755.8246859864
2024-07-25 08:30:00+00:00,99755.8246859864
2024-07-25 08:45:00+00:00,99755.8246859864
2024-07-25 09:00:00+00:00,99755.8246859864
2024-07-25 09:15:00+00:00,99755.8246859864
2024-07-25 09:30:00+00:00,99755.8246859864
2024-07-25 09:45:00+00:00,99755.8246859864
2024-07-25 10:00:00+00:00,99755.8246859864
2024-07-25 10:15:00+00:00,99755.8246859864
2024-07-25 10:30:00+00:00,99755.8246859864
2024-07-25 10:45:00+00:00,99755.8246859864
2024-07-25 11:00:00+00:00,99755.8246859864
2024-07-25 11:15:00+00:00,99755.8246859864
2024-07-25 11:30:00+00:00,99755.8246859864
2024-07-25 11:45:00+00:00,99755.8246859864
2024-07-25 12:00:00+00:00,99755.8246859864
2024-07-25 12:15:00+00:00,99755.8246859864
2024-07-25 12:30:00+00:00,99755.8246859864
2024-07-25 12:45:00+00:00,99755.8246859864
2024-07-25 13:00:00+00:00,99755.8246859864
2024-07-25 13:15:00+00:00,99755.8246859864
2024-07-25 13:30:00+00:00,99755.8246859864
2024-07-25 13:45:00+00:00,99755.8246859864
2024-07-25 14:00:00+00:00,99755.8246859864
2024-07-25 14:15:00+00:00,99755.8246859864
2024-07-25 14:30:00+00:00,99755.8246859864
2024-07-25 14:45:00+00:00,99755.8246859864
2024-07-25 15:00:00+00:00,99755.8246859864
2024-07-25 15:15:00+00:00,99755.8246859864
2024-07-25 15:30:00+00:00,99755.8246859864
2024-07-25 15:45:00+00:00,99755.8246859864
2024-07-25 16:00:00+00:00,99755.8246859864
2024-07-25 16:15:00+00:00,99755.8246859864
2024-07-25 16:30:00+00:00,99755.8246859864
2024-07-25 16:45:00+00:00,99755.8246859864
2024-07-25 17:00:00+00:00,99755.8246859864
2024-07-25 17:15:00+00:00,99755.8246859864
2024-07-25 17:30:00+00:00,99755.8246859864
2024-07-25 17:45:00+00:00,99755.8246859864
2024-07-25 18:00:00+00:00,99755.8246859864
2024-07-25 18:15:00+00:00,99755.8246859864
2024-07-25 18:30:00+00:00,99755.8246859864
2024-07-25 18:45:00+00:00,99755.8246859864
2024-07-25 19:00:00+00:00,99755.8246859864
2024-07-25 19:15:00+00:00,99755.8246859864
2024-07-25 19:30:00+00:00,99755.8246859864
2024-07-25 19:45:00+00:00,99755.8246859864
2024-07-25 20:00:00+00:00,99755.8246859864
2024-07-25 20:15:00+00:00,99751.63539718348
2024-07-25 20:30:00+00:00,99748.17989703926
2024-07-25 20:45:00+00:00,99727.27079038469
2024-07-25 21:00:00+00:00,99727.27079038469
2024-07-25 21:15:00+00:00,99727.27079038469
2024-07-25 21:30:00+00:00,99727.27079038469
2024-07-25 21:45:00+00:00,99727.27079038469
2024-07-25 22:00:00+00:00,99727.27079038469
2024-07-25 22:15:00+00:00,99727.27079038469
2024-07-25 22:30:00+00:00,99727.27079038469
2024-07-25 22:45:00+00:00,99727.27079038469
2024-07-25 23:00:00+00:00,99727.27079038469
2024-07-25 23:15:00+00:00,99727.27079038469
2024-07-25 23:30:00+00:00,99727.27079038469
2024-07-25 23:45:00+00:00,99727.27079038469
2024-07-26 00:00:00+00:00,99727.27079038469
2024-07-26 00:15:00+00:00,99727.27079038469
2024-07-26 00:30:00+00:00,99727.27079038469
2024-07-26 00:45:00+00:00,99727.27079038469
2024-07-26 01:00:00+00:00,99727.27079038469
2024-07-26 01:15:00+00:00,99727.27079038469
2024-07-26 01:30:00+00:00,99727.27079038469
2024-07-26 01:45:00+00:00,99727.27079038469
2024-07-26 02:00:00+00:00,99727.27079038469
2024-07-26 02:15:00+00:00,99727.27079038469
2024-07-26 02:30:00+00:00,99727.27079038469
2024-07-26 02:45:00+00:00,99727.27079038469
2024-07-26 03:00:00+00:00,99727.27079038469
2024-07-26 03:15:00+00:00,99727.27079038469
2024-07-26 03:30:00+00:00,99727.27079038469
2024-07-26 03:45:00+00:00,99727.27079038469
2024-07-26 04:00:00+00:00,99727.27079038469
2024-07-26 04:15:00+00:00,99727.27079038469
2024-07-26 04:30:00+00:00,99727.27079038469
2024-07-26 04:45:00+00:00,99727.27079038469
2024-07-26 05:00:00+00:00,99727.27079038469
2024-07-26 05:15:00+00:00,99727.27079038469
2024-07-26 05:30:00+00:00,99727.27079038469
2024-07-26 05:45:00+00:00,99727.27079038469
2024-07-26 06:00:00+00:00,99727.27079038469
2024-07-26 06:15:00+00:00,99727.27079038469
2024-07-26 06:30:00+00:00,99727.27079038469
2024-07-26 06:45:00+00:00,99727.27079038469
2024-07-26 07:00:00+00:00,99727.27079038469
2024-07-26 07:15:00+00:00,99727.27079038469
2024-07-26 07:30:00+00:00,99727.27079038469
2024-07-26 07:45:00+00:00,99727.27079038469
2024-07-26 08:00:00+00:00,99727.27079038469
2024-07-26 08:15:00+00:00,99727.27079038469
2024-07-26 08:30:00+00:00,99727.27079038469
2024-07-26 08:45:00+00:00,99727.27079038469
2024-07-26 09:00:00+00:00,99727.27079038469
2024-07-26 09:15:00+00:00,99727.27079038469
2024-07-26 09:30:00+00:00,99727.27079038469
2024-07-26 09:45:00+00:00,99727.27079038469
2024-07-26 10:00:00+00:00,99727.27079038469
2024-07-26 10:15:00+00:00,99727.27079038469
2024-07-26 10:30:00+00:00,99727.27079038469
2024-07-26 10:45:00+00:00,99727.27079038469
2024-07-26 11:00:00+00:00,99727.27079038469
2024-07-26 11:15:00+00:00,99727.27079038469
2024-07-26 11:30:00+00:00,99727.27079038469
2024-07-26 11:45:00+00:00,99727.27079038469
2024-07-26 12:00:00+00:00,99727.27079038469
2024-07-26 12:15:00+00:00,99727.27079038469
2024-07-26 12:30:00+00:00,99727.27079038469
2024-07-26 12:45:00+00:00,99727.27079038469
2024-07-26 13:00:00+00:00,99727.27079038469
2024-07-26 13:15:00+00:00,99727.27079038469
2024-07-26 13:30:00+00:00,99727.27079038469
2024-07-26 13:45:00+00:00,99727.27079038469
2024-07-26 14:00:00+00:00,99727.27079038469
2024-07-26 14:15:00+00:00,99727.27079038469
2024-07-26 14:30:00+00:00,99727.27079038469
2024-07-26 14:45:00+00:00,99727.27079038469
2024-07-26 15:00:00+00:00,99727.27079038469
2024-07-26 15:15:00+00:00,99727.27079038469
2024-07-26 15:30:00+00:00,99727.27079038469
2024-07-26 15:45:00+00:00,99727.27079038469
2024-07-26 16:00:00+00:00,99727.27079038469
2024-07-26 16:15:00+00:00,99727.27079038469
2024-07-26 16:30:00+00:00,99727.27079038469
2024-07-26 16:45:00+00:00,99727.27079038469
2024-07-26 17:00:00+00:00,99727.27079038469
2024-07-26 17:15:00+00:00,99727.27079038469
2024-07-26 17:30:00+00:00,99727.27079038469
2024-07-26 17:45:00+00:00,99727.27079038469
2024-07-26 18:00:00+00:00,99727.27079038469
2024-07-26 18:15:00+00:00,99727.27079038469
2024-07-26 18:30:00+00:00,99727.27079038469
2024-07-26 18:45:00+00:00,99727.27079038469
2024-07-26 19:00:00+00:00,99727.27079038469
2024-07-26 19:15:00+00:00,99727.27079038469
2024-07-26 19:30:00+00:00,99727.27079038469
2024-07-26 19:45:00+00:00,99727.27079038469
2024-07-26 20:00:00+00:00,99727.27079038469
2024-07-26 20:15:00+00:00,99727.27079038469
2024-07-26 20:30:00+00:00,99727.27079038469
2024-07-26 20:45:00+00:00,99727.27079038469
2024-07-26 21:00:00+00:00,99727.27079038469
2024-07-26 21:15:00+00:00,99727.27079038469
2024-07-26 21:30:00+00:00,99727.27079038469
2024-07-26 21:45:00+00:00,99727.27079038469
2024-07-26 22:00:00+00:00,99727.27079038469
2024-07-26 22:15:00+00:00,99727.27079038469
2024-07-26 22:30:00+00:00,99727.27079038469
2024-07-26 22:45:00+00:00,99727.27079038469
2024-07-26 23:00:00+00:00,99727.27079038469
2024-07-26 23:15:00+00:00,99727.27079038469
2024-07-26 23:30:00+00:00,99727.27079038469
2024-07-26 23:45:00+00:00,99727.27079038469
2024-07-27 00:00:00+00:00,99727.27079038469
2024-07-27 00:15:00+00:00,99727.27079038469
2024-07-27 00:30:00+00:00,99727.27079038469
2024-07-27 00:45:00+00:00,99727.27079038469
2024-07-27 01:00:00+00:00,99727.27079038469
2024-07-27 01:15:00+00:00,99727.27079038469
2024-07-27 01:30:00+00:00,99727.27079038469
2024-07-27 01:45:00+00:00,99727.27079038469
2024-07-27 02:00:00+00:00,99727.27079038469
2024-07-27 02:15:00+00:00,99727.27079038469
2024-07-27 02:30:00+00:00,99727.27079038469
2024-07-27 02:45:00+00:00,99727.27079038469
2024-07-27 03:00:00+00:00,99727.27079038469
2024-07-27 03:15:00+00:00,99727.27079038469
2024-07-27 03:30:00+00:00,99727.27079038469
2024-07-27 03:45:00+00:00,99727.27079038469
2024-07-27 04:00:00+00:00,99727.27079038469
2024-07-27 04:15:00+00:00,99727.27079038469
2024-07-27 04:30:00+00:00,99727.27079038469
2024-07-27 04:45:00+00:00,99727.27079038469
2024-07-27 05:00:00+00:00,99727.27079038469
2024-07-27 05:15:00+00:00,99727.27079038469
2024-07-27 05:30:00+00:00,99727.27079038469
2024-07-27 05:45:00+00:00,99727.27079038469
2024-07-27 06:00:00+00:00,99727.27079038469
2024-07-27 06:15:00+00:00,99727.27079038469
2024-07-27 06:30:00+00:00,99727.27079038469
2024-07-27 06:45:00+00:00,99727.27079038469
2024-07-27 07:00:00+00:00,99727.27079038469
2024-07-27 07:15:00+00:00,99727.27079038469
2024-07-27 07:30:00+00:00,99727.27079038469
2024-07-27 07:45:00+00:00,99727.27079038469
2024-07-27 08:00:00+00:00,99727.27079038469
2024-07-27 08:15:00+00:00,99727.27079038469
2024-07-27 08:30:00+00:00,99727.27079038469
2024-07-27 08:45:00+00:00,99727.27079038469
2024-07-27 09:00:00+00:00,99727.27079038469
2024-07-27 09:15:00+00:00,99727.27079038469
2024-07-27 09:30:00+00:00,99727.27079038469
2024-07-27 09:45:00+00:00,99727.27079038469
2024-07-27 10:00:00+00:00,99727.27079038469
2024-07-27 10:15:00+00:00,99727.27079038469
2024-07-27 10:30:00+00:00,99727.27079038469
2024-07-27 10:45:00+00:00,99727.27079038469
2024-07-27 11:00:00+00:00,99727.27079038469
2024-07-27 11:15:00+00:00,99727.27079038469
2024-07-27 11:30:00+00:00,99727.27079038469
2024-07-27 11:45:00+00:00,99727.27079038469
2024-07-27 12:00:00+00:00,99727.27079038469
2024-07-27 12:15:00+00:00,99727.27079038469
2024-07-27 12:30:00+00:00,99727.27079038469
2024-07-27 12:45:00+00:00,99727.27079038469
2024-07-27 13:00:00+00:00,99727.27079038469
2024-07-27 13:15:00+00:00,99727.27079038469
2024-07-27 13:30:00+00:00,99727.27079038469
2024-07-27 13:45:00+00:00,99727.27079038469
2024-07-27 14:00:00+00:00,99727.27079038469
2024-07-27 14:15:00+00:00,99727.27079038469
2024-07-27 14:30:00+00:00,99727.27079038469
2024-07-27 14:45:00+00:00,99727.27079038469
2024-07-27 15:00:00+00:00,99727.27079038469
2024-07-27 15:15:00+00:00,99727.27079038469
2024-07-27 15:30:00+00:00,99727.27079038469
2024-07-27 15:45:00+00:00,99727.27079038469
2024-07-27 16:00:00+00:00,99727.27079038469
2024-07-27 16:15:00+00:00,99727.27079038469
2024-07-27 16:30:00+00:00,99727.27079038469
2024-07-27 16:45:00+00:00,99727.27079038469
2024-07-27 17:00:00+00:00,99727.27079038469
2024-07-27 17:15:00+00:00,99725.26959348361
2024-07-27 17:30:00+00:00,99723.66778874825
2024-07-27 17:45:00+00:00,99724.52576722807
2024-07-27 18:00:00+00:00,99728.09127497485
2024-07-27 18:15:00+00:00,99729.13680264521
2024-07-27 18:30:00+00:00,99729.13680264521
2024-07-27 18:45:00+00:00,99729.13680264521
2024-07-27 19:00:00+00:00,99729.13680264521
2024-07-27 19:15:00+00:00,99729.13680264521
2024-07-27 19:30:00+00:00,99729.13680264521
2024-07-27 19:45:00+00:00,99729.13680264521
2024-07-27 20:00:00+00:00,99729.13680264521
2024-07-27 20:15:00+00:00,99729.13680264521
2024-07-27 20:30:00+00:00,99729.13680264521
2024-07-27 20:45:00+00:00,99729.13680264521
2024-07-27 21:00:00+00:00,99729.13680264521
2024-07-27 21:15:00+00:00,99729.13680264521
2024-07-27 21:30:00+00:00,99729.13680264521
2024-07-27 21:45:00+00:00,99729.13680264521
2024-07-27 22:00:00+00:00,99729.13680264521
2024-07-27 22:15:00+00:00,99729.13680264521
2024-07-27 22:30:00+00:00,99729.13680264521
2024-07-27 22:45:00+00:00,99729.13680264521
2024-07-27 23:00:00+00:00,99729.13680264521
2024-07-27 23:15:00+00:00,99729.13680264521
2024-07-27 23:30:00+00:00,99729.13680264521
2024-07-27 23:45:00+00:00,99729.13680264521
2024-07-28 00:00:00+00:00,99729.13680264521
2024-07-28 00:15:00+00:00,99729.13680264521
2024-07-28 00:30:00+00:00,99729.13680264521
2024-07-28 00:45:00+00:00,99729.13680264521
2024-07-28 01:00:00+00:00,99729.13680264521
2024-07-28 01:15:00+00:00,99729.13680264521
2024-07-28 01:30:00+00:00,99729.13680264521
2024-07-28 01:45:00+00:00,99729.13680264521
2024-07-28 02:00:00+00:00,99729.13680264521
2024-07-28 02:15:00+00:00,99729.13680264521
2024-07-28 02:30:00+00:00,99729.13680264521
2024-07-28 02:45:00+00:00,99729.13680264521
2024-07-28 03:00:00+00:00,99729.13680264521
2024-07-28 03:15:00+00:00,99729.13680264521
2024-07-28 03:30:00+00:00,99729.13680264521
2024-07-28 03:45:00+00:00,99729.13680264521
2024-07-28 04:00:00+00:00,99729.13680264521
2024-07-28 04:15:00+00:00,99729.13680264521
2024-07-28 04:30:00+00:00,99729.13680264521
2024-07-28 04:45:00+00:00,99729.13680264521
2024-07-28 05:00:00+00:00,99729.13680264521
2024-07-28 05:15:00+00:00,99729.13680264521
2024-07-28 05:30:00+00:00,99729.13680264521
2024-07-28 05:45:00+00:00,99729.13680264521
2024-07-28 06:00:00+00:00,99729.13680264521
2024-07-28 06:15:00+00:00,99729.13680264521
2024-07-28 06:30:00+00:00,99729.13680264521
2024-07-28 06:45:00+00:00,99729.13680264521
2024-07-28 07:00:00+00:00,99729.13680264521
2024-07-28 07:15:00+00:00,99729.13680264521
2024-07-28 07:30:00+00:00,99729.13680264521
2024-07-28 07:45:00+00:00,99729.13680264521
2024-07-28 08:00:00+00:00,99729.13680264521
2024-07-28 08:15:00+00:00,99729.13680264521
2024-07-28 08:30:00+00:00,99729.13680264521
2024-07-28 08:45:00+00:00,99729.13680264521
2024-07-28 09:00:00+00:00,99729.13680264521
2024-07-28 09:15:00+00:00,99729.13680264521
2024-07-28 09:30:00+00:00,99729.13680264521
2024-07-28 09:45:00+00:00,99729.13680264521
2024-07-28 10:00:00+00:00,99729.13680264521
2024-07-28 10:15:00+00:00,99729.13680264521
2024-07-28 10:30:00+00:00,99729.13680264521
2024-07-28 10:45:00+00:00,99729.13680264521
2024-07-28 11:00:00+00:00,99729.13680264521
2024-07-28 11:15:00+00:00,99729.13680264521
2024-07-28 11:30:00+00:00,99729.13680264521
2024-07-28 11:45:00+00:00,99729.13680264521
2024-07-28 12:00:00+00:00,99729.13680264521
2024-07-28 12:15:00+00:00,99729.13680264521
2024-07-28 12:30:00+00:00,99729.13680264521
2024-07-28 12:45:00+00:00,99729.13680264521
2024-07-28 13:00:00+00:00,99729.13680264521
2024-07-28 13:15:00+00:00,99729.13680264521
2024-07-28 13:30:00+00:00,99729.13680264521
2024-07-28 13:45:00+00:00,99729.13680264521
2024-07-28 14:00:00+00:00,99729.13680264521
2024-07-28 14:15:00+00:00,99729.13680264521
2024-07-28 14:30:00+00:00,99729.13680264521
2024-07-28 14:45:00+00:00,99729.13680264521
2024-07-28 15:00:00+00:00,99729.13680264521
2024-07-28 15:15:00+00:00,99729.13680264521
2024-07-28 15:30:00+00:00,99729.13680264521
2024-07-28 15:45:00+00:00,99729.13680264521
2024-07-28 16:00:00+00:00,99729.13680264521
2024-07-28 16:15:00+00:00,99729.13680264521
2024-07-28 16:30:00+00:00,99729.13680264521
2024-07-28 16:45:00+00:00,99729.13680264521
2024-07-28 17:00:00+00:00,99729.13680264521
2024-07-28 17:15:00+00:00,99729.13680264521
2024-07-28 17:30:00+00:00,99729.13680264521
2024-07-28 17:45:00+00:00,99729.13680264521
2024-07-28 18:00:00+00:00,99729.13680264521
2024-07-28 18:15:00+00:00,99729.13680264521
2024-07-28 18:30:00+00:00,99729.13680264521
2024-07-28 18:45:00+00:00,99729.13680264521
2024-07-28 19:00:00+00:00,99729.13680264521
2024-07-28 19:15:00+00:00,99729.13680264521
2024-07-28 19:30:00+00:00,99729.13680264521
2024-07-28 19:45:00+00:00,99729.13680264521
2024-07-28 20:00:00+00:00,99729.13680264521
2024-07-28 20:15:00+00:00,99729.13680264521
2024-07-28 20:30:00+00:00,99729.13680264521
2024-07-28 20:45:00+00:00,99729.13680264521
2024-07-28 21:00:00+00:00,99729.13680264521
2024-07-28 21:15:00+00:00,99729.13680264521
2024-07-28 21:30:00+00:00,99729.13680264521
2024-07-28 21:45:00+00:00,99729.13680264521
2024-07-28 22:00:00+00:00,99729.13680264521
2024-07-28 22:15:00+00:00,99729.13680264521
2024-07-28 22:30:00+00:00,99729.13680264521
2024-07-28 22:45:00+00:00,99729.13680264521
2024-07-28 23:00:00+00:00,99729.13680264521
2024-07-28 23:15:00+00:00,99729.13680264521
2024-07-28 23:30:00+00:00,99729.13680264521
2024-07-28 23:45:00+00:00,99729.13680264521
2024-07-29 00:00:00+00:00,99729.13680264521
2024-07-29 00:15:00+00:00,99729.13680264521
2024-07-29 00:30:00+00:00,99729.13680264521
2024-07-29 00:45:00+00:00,99729.13680264521
2024-07-29 01:00:00+00:00,99729.13680264521
2024-07-29 01:15:00+00:00,99729.13680264521
2024-07-29 01:30:00+00:00,99729.13680264521
2024-07-29 01:45:00+00:00,99729.13680264521
2024-07-29 02:00:00+00:00,99729.13680264521
2024-07-29 02:15:00+00:00,99729.13680264521
2024-07-29 02:30:00+00:00,99729.13680264521
2024-07-29 02:45:00+00:00,99729.13680264521
2024-07-29 03:00:00+00:00,99729.13680264521
2024-07-29 03:15:00+00:00,99729.13680264521
2024-07-29 03:30:00+00:00,99729.13680264521
2024-07-29 03:45:00+00:00,99729.13680264521
2024-07-29 04:00:00+00:00,99729.13680264521
2024-07-29 04:15:00+00:00,99729.13680264521
2024-07-29 04:30:00+00:00,99729.13680264521
2024-07-29 04:45:00+00:00,99729.13680264521
2024-07-29 05:00:00+00:00,99729.13680264521
2024-07-29 05:15:00+00:00,99729.13680264521
2024-07-29 05:30:00+00:00,99729.13680264521
2024-07-29 05:45:00+00:00,99729.13680264521
2024-07-29 06:00:00+00:00,99729.13680264521
2024-07-29 06:15:00+00:00,99729.13680264521
2024-07-29 06:30:00+00:00,99729.13680264521
2024-07-29 06:45:00+00:00,99729.13680264521
2024-07-29 07:00:00+00:00,99729.13680264521
2024-07-29 07:15:00+00:00,99729.13680264521
2024-07-29 07:30:00+00:00,99729.13680264521
2024-07-29 07:45:00+00:00,99729.13680264521
2024-07-29 08:00:00+00:00,99729.13680264521
2024-07-29 08:15:00+00:00,99729.13680264521
2024-07-29 08:30:00+00:00,99729.13680264521
2024-07-29 08:45:00+00:00,99729.13680264521
2024-07-29 09:00:00+00:00,99729.13680264521
2024-07-29 09:15:00+00:00,99729.13680264521
2024-07-29 09:30:00+00:00,99729.13680264521
2024-07-29 09:45:00+00:00,99729.13680264521
2024-07-29 10:00:00+00:00,99729.13680264521
2024-07-29 10:15:00+00:00,99729.13680264521
2024-07-29 10:30:00+00:00,99729.13680264521
2024-07-29 10:45:00+00:00,99729.13680264521
2024-07-29 11:00:00+00:00,99729.13680264521
2024-07-29 11:15:00+00:00,99729.13680264521
2024-07-29 11:30:00+00:00,99729.13680264521
2024-07-29 11:45:00+00:00,99729.13680264521
2024-07-29 12:00:00+00:00,99729.13680264521
2024-07-29 12:15:00+00:00,99729.13680264521
2024-07-29 12:30:00+00:00,99729.13680264521
2024-07-29 12:45:00+00:00,99729.13680264521
2024-07-29 13:00:00+00:00,99729.13680264521
2024-07-29 13:15:00+00:00,99729.13680264521
2024-07-29 13:30:00+00:00,99729.13680264521
2024-07-29 13:45:00+00:00,99729.13680264521
2024-07-29 14:00:00+00:00,99729.13680264521
2024-07-29 14:15:00+00:00,99729.13680264521
2024-07-29 14:30:00+00:00,99729.13680264521
2024-07-29 14:45:00+00:00,99729.13680264521
2024-07-29 15:00:00+00:00,99729.13680264521
2024-07-29 15:15:00+00:00,99729.13680264521
2024-07-29 15:30:00+00:00,99729.13680264521
2024-07-29 15:45:00+00:00,99729.13680264521
2024-07-29 16:00:00+00:00,99729.13680264521
2024-07-29 16:15:00+00:00,99714.6605055091
2024-07-29 16:30:00+00:00,99685.80312681248
2024-07-29 16:45:00+00:00,99685.80312681248
2024-07-29 17:00:00+00:00,99685.80312681248
2024-07-29 17:15:00+00:00,99685.80312681248
2024-07-29 17:30:00+00:00,99685.80312681248
2024-07-29 17:45:00+00:00,99685.80312681248
2024-07-29 18:00:00+00:00,99685.80312681248
2024-07-29 18:15:00+00:00,99685.80312681248
2024-07-29 18:30:00+00:00,99685.80312681248
2024-07-29 18:45:00+00:00,99685.80312681248
2024-07-29 19:00:00+00:00,99685.80312681248
2024-07-29 19:15:00+00:00,99685.80312681248
2024-07-29 19:30:00+00:00,99685.80312681248
2024-07-29 19:45:00+00:00,99685.80312681248
2024-07-29 20:00:00+00:00,99685.80312681248
2024-07-29 20:15:00+00:00,99685.80312681248
2024-07-29 20:30:00+00:00,99685.80312681248
2024-07-29 20:45:00+00:00,99685.80312681248
2024-07-29 21:00:00+00:00,99685.80312681248
2024-07-29 21:15:00+00:00,99685.80312681248
2024-07-29 21:30:00+00:00,99685.80312681248
2024-07-29 21:45:00+00:00,99685.80312681248
2024-07-29 22:00:00+00:00,99685.80312681248
2024-07-29 22:15:00+00:00,99685.80312681248
2024-07-29 22:30:00+00:00,99685.80312681248
2024-07-29 22:45:00+00:00,99685.80312681248
2024-07-29 23:00:00+00:00,99685.80312681248
2024-07-29 23:15:00+00:00,99685.80312681248
2024-07-29 23:30:00+00:00,99685.80312681248
2024-07-29 23:45:00+00:00,99685.80312681248
2024-07-30 00:00:00+00:00,99685.80312681248
2024-07-30 00:15:00+00:00,99676.21224301573
2024-07-30 00:30:00+00:00,99665.02284896714
2024-07-30 00:45:00+00:00,99665.02284896714
2024-07-30 01:00:00+00:00,99665.02284896714
2024-07-30 01:15:00+00:00,99665.02284896714
2024-07-30 01:30:00+00:00,99665.02284896714
2024-07-30 01:45:00+00:00,99665.02284896714
2024-07-30 02:00:00+00:00,99665.02284896714
2024-07-30 02:15:00+00:00,99665.02284896714
2024-07-30 02:30:00+00:00,99665.02284896714
2024-07-30 02:45:00+00:00,99665.02284896714
2024-07-30 03:00:00+00:00,99665.02284896714
2024-07-30 03:15:00+00:00,99665.02284896714
2024-07-30 03:30:00+00:00,99665.02284896714
2024-07-30 03:45:00+00:00,99665.02284896714
2024-07-30 04:00:00+00:00,99665.02284896714
2024-07-30 04:15:00+00:00,99665.02284896714
2024-07-30 04:30:00+00:00,99665.02284896714
2024-07-30 04:45:00+00:00,99665.02284896714
2024-07-30 05:00:00+00:00,99665.02284896714
2024-07-30 05:15:00+00:00,99665.02284896714
2024-07-30 05:30:00+00:00,99665.02284896714
2024-07-30 05:45:00+00:00,99665.02284896714
2024-07-30 06:00:00+00:00,99665.02284896714
2024-07-30 06:15:00+00:00,99665.02284896714
2024-07-30 06:30:00+00:00,99665.02284896714
2024-07-30 06:45:00+00:00,99665.02284896714
2024-07-30 07:00:00+00:00,99665.02284896714
2024-07-30 07:15:00+00:00,99665.02284896714
2024-07-30 07:30:00+00:00,99665.02284896714
2024-07-30 07:45:00+00:00,99665.02284896714
2024-07-30 08:00:00+00:00,99665.02284896714
2024-07-30 08:15:00+00:00,99665.02284896714
2024-07-30 08:30:00+00:00,99665.02284896714
2024-07-30 08:45:00+00:00,99665.02284896714
2024-07-30 09:00:00+00:00,99665.02284896714
2024-07-30 09:15:00+00:00,99665.02284896714
2024-07-30 09:30:00+00:00,99665.02284896714
2024-07-30 09:45:00+00:00,99665.02284896714
2024-07-30 10:00:00+00:00,99665.02284896714
2024-07-30 10:15:00+00:00,99665.02284896714
2024-07-30 10:30:00+00:00,99665.02284896714
2024-07-30 10:45:00+00:00,99665.02284896714
2024-07-30 11:00:00+00:00,99665.02284896714
2024-07-30 11:15:00+00:00,99665.02284896714
2024-07-30 11:30:00+00:00,99665.02284896714
2024-07-30 11:45:00+00:00,99665.02284896714
2024-07-30 12:00:00+00:00,99665.02284896714
2024-07-30 12:15:00+00:00,99665.02284896714
2024-07-30 12:30:00+00:00,99665.02284896714
2024-07-30 12:45:00+00:00,99665.02284896714
2024-07-30 13:00:00+00:00,99665.02284896714
2024-07-30 13:15:00+00:00,99665.02284896714
2024-07-30 13:30:00+00:00,99665.02284896714
2024-07-30 13:45:00+00:00,99665.02284896714
2024-07-30 14:00:00+00:00,99665.02284896714
2024-07-30 14:15:00+00:00,99665.02284896714
2024-07-30 14:30:00+00:00,99665.02284896714
2024-07-30 14:45:00+00:00,99665.02284896714
2024-07-30 15:00:00+00:00,99665.02284896714
2024-07-30 15:15:00+00:00,99665.02284896714
2024-07-30 15:30:00+00:00,99665.02284896714
2024-07-30 15:45:00+00:00,99665.02284896714
2024-07-30 16:00:00+00:00,99665.02284896714
2024-07-30 16:15:00+00:00,99665.02284896714
2024-07-30 16:30:00+00:00,99665.02284896714
2024-07-30 16:45:00+00:00,99665.02284896714
2024-07-30 17:00:00+00:00,99665.02284896714
2024-07-30 17:15:00+00:00,99665.02284896714
2024-07-30 17:30:00+00:00,99665.02284896714
2024-07-30 17:45:00+00:00,99665.02284896714
2024-07-30 18:00:00+00:00,99665.02284896714
2024-07-30 18:15:00+00:00,99665.02284896714
2024-07-30 18:30:00+00:00,99665.02284896714
2024-07-30 18:45:00+00:00,99665.02284896714
2024-07-30 19:00:00+00:00,99665.02284896714
2024-07-30 19:15:00+00:00,99665.02284896714
2024-07-30 19:30:00+00:00,99665.02284896714
2024-07-30 19:45:00+00:00,99665.02284896714
2024-07-30 20:00:00+00:00,99665.02284896714
2024-07-30 20:15:00+00:00,99665.02284896714
2024-07-30 20:30:00+00:00,99665.02284896714
2024-07-30 20:45:00+00:00,99665.02284896714
2024-07-30 21:00:00+00:00,99665.02284896714
2024-07-30 21:15:00+00:00,99665.02284896714
2024-07-30 21:30:00+00:00,99665.02284896714
2024-07-30 21:45:00+00:00,99665.02284896714
2024-07-30 22:00:00+00:00,99665.02284896714
2024-07-30 22:15:00+00:00,99665.02284896714
2024-07-30 22:30:00+00:00,99665.02284896714
2024-07-30 22:45:00+00:00,99665.02284896714
2024-07-30 23:00:00+00:00,99665.02284896714
2024-07-30 23:15:00+00:00,99665.02284896714
2024-07-30 23:30:00+00:00,99665.02284896714
2024-07-30 23:45:00+00:00,99665.02284896714
2024-07-31 00:00:00+00:00,99665.02284896714
2024-07-31 00:15:00+00:00,99665.02284896714
2024-07-31 00:30:00+00:00,99665.02284896714
2024-07-31 00:45:00+00:00,99665.02284896714
2024-07-31 01:00:00+00:00,99665.02284896714
2024-07-31 01:15:00+00:00,99665.02284896714
2024-07-31 01:30:00+00:00,99665.02284896714
2024-07-31 01:45:00+00:00,99665.02284896714
2024-07-31 02:00:00+00:00,99665.02284896714
2024-07-31 02:15:00+00:00,99665.02284896714
2024-07-31 02:30:00+00:00,99665.02284896714
2024-07-31 02:45:00+00:00,99665.02284896714
2024-07-31 03:00:00+00:00,99665.02284896714
2024-07-31 03:15:00+00:00,99665.02284896714
2024-07-31 03:30:00+00:00,99665.02284896714
2024-07-31 03:45:00+00:00,99665.02284896714
2024-07-31 04:00:00+00:00,99665.02284896714
2024-07-31 04:15:00+00:00,99665.02284896714
2024-07-31 04:30:00+00:00,99665.02284896714
2024-07-31 04:45:00+00:00,99665.02284896714
2024-07-31 05:00:00+00:00,99665.02284896714
2024-07-31 05:15:00+00:00,99665.02284896714
2024-07-31 05:30:00+00:00,99665.02284896714
2024-07-31 05:45:00+00:00,99665.02284896714
2024-07-31 06:00:00+00:00,99665.02284896714
2024-07-31 06:15:00+00:00,99665.02284896714
2024-07-31 06:30:00+00:00,99665.02284896714
2024-07-31 06:45:00+00:00,99665.02284896714
2024-07-31 07:00:00+00:00,99665.02284896714
2024-07-31 07:15:00+00:00,99665.02284896714
2024-07-31 07:30:00+00:00,99665.02284896714
2024-07-31 07:45:00+00:00,99665.02284896714
2024-07-31 08:00:00+00:00,99665.02284896714
2024-07-31 08:15:00+00:00,99665.02284896714
2024-07-31 08:30:00+00:00,99665.02284896714
2024-07-31 08:45:00+00:00,99665.02284896714
2024-07-31 09:00:00+00:00,99665.02284896714
2024-07-31 09:15:00+00:00,99665.02284896714
2024-07-31 09:30:00+00:00,99665.02284896714
2024-07-31 09:45:00+00:00,99665.02284896714
2024-07-31 10:00:00+00:00,99665.02284896714
2024-07-31 10:15:00+00:00,99665.02284896714
2024-07-31 10:30:00+00:00,99665.02284896714
2024-07-31 10:45:00+00:00,99665.02284896714
2024-07-31 11:00:00+00:00,99665.02284896714
2024-07-31 11:15:00+00:00,99665.02284896714
2024-07-31 11:30:00+00:00,99665.02284896714
2024-07-31 11:45:00+00:00,99665.02284896714
2024-07-31 12:00:00+00:00,99665.02284896714
2024-07-31 12:15:00+00:00,99665.02284896714
2024-07-31 12:30:00+00:00,99665.02284896714
2024-07-31 12:45:00+00:00,99665.02284896714
2024-07-31 13:00:00+00:00,99665.02284896714
2024-07-31 13:15:00+00:00,99665.02284896714
2024-07-31 13:30:00+00:00,99665.02284896714
2024-07-31 13:45:00+00:00,99665.02284896714
2024-07-31 14:00:00+00:00,99665.02284896714
2024-07-31 14:15:00+00:00,99665.02284896714
2024-07-31 14:30:00+00:00,99665.02284896714
2024-07-31 14:45:00+00:00,99665.02284896714
2024-07-31 15:00:00+00:00,99665.02284896714
2024-07-31 15:15:00+00:00,99665.02284896714
2024-07-31 15:30:00+00:00,99665.02284896714
2024-07-31 15:45:00+00:00,99665.02284896714
2024-07-31 16:00:00+00:00,99665.02284896714
2024-07-31 16:15:00+00:00,99665.02284896714
2024-07-31 16:30:00+00:00,99665.02284896714
2024-07-31 16:45:00+00:00,99665.02284896714
2024-07-31 17:00:00+00:00,99665.02284896714
2024-07-31 17:15:00+00:00,99665.02284896714
2024-07-31 17:30:00+00:00,99665.02284896714
2024-07-31 17:45:00+00:00,99665.02284896714
2024-07-31 18:00:00+00:00,99665.02284896714
2024-07-31 18:15:00+00:00,99665.02284896714
2024-07-31 18:30:00+00:00,99665.02284896714
2024-07-31 18:45:00+00:00,99665.02284896714
2024-07-31 19:00:00+00:00,99665.02284896714
2024-07-31 19:15:00+00:00,99665.02284896714
2024-07-31 19:30:00+00:00,99665.02284896714
2024-07-31 19:45:00+00:00,99665.02284896714
2024-07-31 20:00:00+00:00,99665.02284896714
2024-07-31 20:15:00+00:00,99665.02284896714
2024-07-31 20:30:00+00:00,99665.02284896714
2024-07-31 20:45:00+00:00,99665.02284896714
2024-07-31 21:00:00+00:00,99665.02284896714
2024-07-31 21:15:00+00:00,99665.02284896714
2024-07-31 21:30:00+00:00,99665.02284896714
2024-07-31 21:45:00+00:00,99665.02284896714
2024-07-31 22:00:00+00:00,99665.02284896714
2024-07-31 22:15:00+00:00,99665.02284896714
2024-07-31 22:30:00+00:00,99665.02284896714
2024-07-31 22:45:00+00:00,99665.02284896714
2024-07-31 23:00:00+00:00,99665.02284896714
2024-07-31 23:15:00+00:00,99665.02284896714
2024-07-31 23:30:00+00:00,99665.02284896714
2024-07-31 23:45:00+00:00,99665.02284896714
2024-08-01 00:00:00+00:00,99665.02284896714
2024-08-01 00:15:00+00:00,99665.02284896714
2024-08-01 00:30:00+00:00,99665.02284896714
2024-08-01 00:45:00+00:00,99665.02284896714
2024-08-01 01:00:00+00:00,99665.02284896714
2024-08-01 01:15:00+00:00,99665.02284896714
2024-08-01 01:30:00+00:00,99665.02284896714
2024-08-01 01:45:00+00:00,99665.02284896714
2024-08-01 02:00:00+00:00,99665.02284896714
2024-08-01 02:15:00+00:00,99665.02284896714
2024-08-01 02:30:00+00:00,99665.02284896714
2024-08-01 02:45:00+00:00,99665.02284896714
2024-08-01 03:00:00+00:00,99665.02284896714
2024-08-01 03:15:00+00:00,99665.02284896714
2024-08-01 03:30:00+00:00,99665.02284896714
2024-08-01 03:45:00+00:00,99665.02284896714
2024-08-01 04:00:00+00:00,99665.02284896714
2024-08-01 04:15:00+00:00,99665.02284896714
2024-08-01 04:30:00+00:00,99665.02284896714
2024-08-01 04:45:00+00:00,99665.02284896714
2024-08-01 05:00:00+00:00,99665.02284896714
2024-08-01 05:15:00+00:00,99665.02284896714
2024-08-01 05:30:00+00:00,99665.02284896714
2024-08-01 05:45:00+00:00,99665.02284896714
2024-08-01 06:00:00+00:00,99665.02284896714
2024-08-01 06:15:00+00:00,99665.02284896714
2024-08-01 06:30:00+00:00,99665.02284896714
2024-08-01 06:45:00+00:00,99665.02284896714
2024-08-01 07:00:00+00:00,99665.02284896714
2024-08-01 07:15:00+00:00,99665.02284896714
2024-08-01 07:30:00+00:00,99665.02284896714
2024-08-01 07:45:00+00:00,99665.02284896714
2024-08-01 08:00:00+00:00,99665.02284896714
2024-08-01 08:15:00+00:00,99665.02284896714
2024-08-01 08:30:00+00:00,99665.02284896714
2024-08-01 08:45:00+00:00,99665.02284896714
2024-08-01 09:00:00+00:00,99665.02284896714
2024-08-01 09:15:00+00:00,99665.02284896714
2024-08-01 09:30:00+00:00,99665.02284896714
2024-08-01 09:45:00+00:00,99665.02284896714
2024-08-01 10:00:00+00:00,99665.02284896714
2024-08-01 10:15:00+00:00,99665.02284896714
2024-08-01 10:30:00+00:00,99665.02284896714
2024-08-01 10:45:00+00:00,99665.02284896714
2024-08-01 11:00:00+00:00,99665.02284896714
2024-08-01 11:15:00+00:00,99665.02284896714
2024-08-01 11:30:00+00:00,99665.02284896714
2024-08-01 11:45:00+00:00,99665.02284896714
2024-08-01 12:00:00+00:00,99665.02284896714
2024-08-01 12:15:00+00:00,99665.02284896714
2024-08-01 12:30:00+00:00,99665.02284896714
2024-08-01 12:45:00+00:00,99665.02284896714
2024-08-01 13:00:00+00:00,99665.02284896714
2024-08-01 13:15:00+00:00,99665.02284896714
2024-08-01 13:30:00+00:00,99665.02284896714
2024-08-01 13:45:00+00:00,99665.02284896714
2024-08-01 14:00:00+00:00,99665.02284896714
2024-08-01 14:15:00+00:00,99665.02284896714
2024-08-01 14:30:00+00:00,99665.02284896714
2024-08-01 14:45:00+00:00,99665.02284896714
2024-08-01 15:00:00+00:00,99665.02284896714
2024-08-01 15:15:00+00:00,99665.02284896714
2024-08-01 15:30:00+00:00,99665.02284896714
2024-08-01 15:45:00+00:00,99665.02284896714
2024-08-01 16:00:00+00:00,99665.02284896714
2024-08-01 16:15:00+00:00,99665.02284896714
2024-08-01 16:30:00+00:00,99665.02284896714
2024-08-01 16:45:00+00:00,99665.02284896714
2024-08-01 17:00:00+00:00,99665.02284896714
2024-08-01 17:15:00+00:00,99665.02284896714
2024-08-01 17:30:00+00:00,99665.02284896714
2024-08-01 17:45:00+00:00,99665.02284896714
2024-08-01 18:00:00+00:00,99665.02284896714
2024-08-01 18:15:00+00:00,99665.02284896714
2024-08-01 18:30:00+00:00,99665.02284896714
2024-08-01 18:45:00+00:00,99665.02284896714
2024-08-01 19:00:00+00:00,99665.02284896714
2024-08-01 19:15:00+00:00,99665.02284896714
2024-08-01 19:30:00+00:00,99665.02284896714
2024-08-01 19:45:00+00:00,99665.02284896714
2024-08-01 20:00:00+00:00,99665.02284896714
2024-08-01 20:15:00+00:00,99665.02284896714
2024-08-01 20:30:00+00:00,99665.02284896714
2024-08-01 20:45:00+00:00,99665.02284896714
2024-08-01 21:00:00+00:00,99665.02284896714
2024-08-01 21:15:00+00:00,99665.02284896714
2024-08-01 21:30:00+00:00,99665.02284896714
2024-08-01 21:45:00+00:00,99665.02284896714
2024-08-01 22:00:00+00:00,99665.02284896714
2024-08-01 22:15:00+00:00,99665.02284896714
2024-08-01 22:30:00+00:00,99665.02284896714
2024-08-01 22:45:00+00:00,99665.02284896714
2024-08-01 23:00:00+00:00,99665.02284896714
2024-08-01 23:15:00+00:00,99665.02284896714
2024-08-01 23:30:00+00:00,99665.02284896714
2024-08-01 23:45:00+00:00,99665.02284896714
2024-08-02 00:00:00+00:00,99665.02284896714
2024-08-02 00:15:00+00:00,99665.02284896714
2024-08-02 00:30:00+00:00,99665.02284896714
2024-08-02 00:45:00+00:00,99665.02284896714
2024-08-02 01:00:00+00:00,99665.02284896714
2024-08-02 01:15:00+00:00,99665.02284896714
2024-08-02 01:30:00+00:00,99665.02284896714
2024-08-02 01:45:00+00:00,99665.02284896714
2024-08-02 02:00:00+00:00,99665.02284896714
2024-08-02 02:15:00+00:00,99665.02284896714
2024-08-02 02:30:00+00:00,99665.02284896714
2024-08-02 02:45:00+00:00,99665.02284896714
2024-08-02 03:00:00+00:00,99665.02284896714
2024-08-02 03:15:00+00:00,99665.02284896714
2024-08-02 03:30:00+00:00,99665.02284896714
2024-08-02 03:45:00+00:00,99665.02284896714
2024-08-02 04:00:00+00:00,99665.02284896714
2024-08-02 04:15:00+00:00,99667.10673931515
2024-08-02 04:30:00+00:00,99666.23671919203
2024-08-02 04:45:00+00:00,99666.13338854795
2024-08-02 05:00:00+00:00,99671.23005827997
2024-08-02 05:15:00+00:00,99668.25396217284
2024-08-02 05:30:00+00:00,99672.75106879373
2024-08-02 05:45:00+00:00,99672.75106879373
2024-08-02 06:00:00+00:00,99672.75106879373
2024-08-02 06:15:00+00:00,99672.75106879373
2024-08-02 06:30:00+00:00,99672.75106879373
2024-08-02 06:45:00+00:00,99672.75106879373
2024-08-02 07:00:00+00:00,99672.75106879373
2024-08-02 07:15:00+00:00,99672.75106879373
2024-08-02 07:30:00+00:00,99672.75106879373
2024-08-02 07:45:00+00:00,99672.75106879373
2024-08-02 08:00:00+00:00,99672.75106879373
2024-08-02 08:15:00+00:00,99672.75106879373
2024-08-02 08:30:00+00:00,99672.75106879373
2024-08-02 08:45:00+00:00,99672.75106879373
2024-08-02 09:00:00+00:00,99672.75106879373
2024-08-02 09:15:00+00:00,99672.75106879373
2024-08-02 09:30:00+00:00,99672.75106879373
2024-08-02 09:45:00+00:00,99672.75106879373
2024-08-02 10:00:00+00:00,99672.75106879373
2024-08-02 10:15:00+00:00,99672.75106879373
2024-08-02 10:30:00+00:00,99672.75106879373
2024-08-02 10:45:00+00:00,99672.75106879373
2024-08-02 11:00:00+00:00,99672.75106879373
2024-08-02 11:15:00+00:00,99672.75106879373
2024-08-02 11:30:00+00:00,99672.75106879373
2024-08-02 11:45:00+00:00,99672.75106879373
2024-08-02 12:00:00+00:00,99672.75106879373
2024-08-02 12:15:00+00:00,99672.75106879373
2024-08-02 12:30:00+00:00,99672.75106879373
2024-08-02 12:45:00+00:00,99672.75106879373
2024-08-02 13:00:00+00:00,99672.75106879373
2024-08-02 13:15:00+00:00,99672.75106879373
2024-08-02 13:30:00+00:00,99672.75106879373
2024-08-02 13:45:00+00:00,99672.75106879373
2024-08-02 14:00:00+00:00,99672.75106879373
2024-08-02 14:15:00+00:00,99672.75106879373
2024-08-02 14:30:00+00:00,99672.75106879373
2024-08-02 14:45:00+00:00,99672.75106879373
2024-08-02 15:00:00+00:00,99672.75106879373
2024-08-02 15:15:00+00:00,99672.75106879373
2024-08-02 15:30:00+00:00,99672.75106879373
2024-08-02 15:45:00+00:00,99672.75106879373
2024-08-02 16:00:00+00:00,99672.75106879373
2024-08-02 16:15:00+00:00,99672.75106879373
2024-08-02 16:30:00+00:00,99672.75106879373
2024-08-02 16:45:00+00:00,99672.75106879373
2024-08-02 17:00:00+00:00,99672.75106879373
2024-08-02 17:15:00+00:00,99672.75106879373
2024-08-02 17:30:00+00:00,99672.75106879373
2024-08-02 17:45:00+00:00,99672.75106879373
2024-08-02 18:00:00+00:00,99672.75106879373
2024-08-02 18:15:00+00:00,99672.75106879373
2024-08-02 18:30:00+00:00,99672.75106879373
2024-08-02 18:45:00+00:00,99672.75106879373
2024-08-02 19:00:00+00:00,99672.75106879373
2024-08-02 19:15:00+00:00,99672.75106879373
2024-08-02 19:30:00+00:00,99672.75106879373
2024-08-02 19:45:00+00:00,99672.75106879373
2024-08-02 20:00:00+00:00,99672.75106879373
2024-08-02 20:15:00+00:00,99672.75106879373
2024-08-02 20:30:00+00:00,99672.75106879373
2024-08-02 20:45:00+00:00,99672.75106879373
2024-08-02 21:00:00+00:00,99655.70728893111
2024-08-02 21:15:00+00:00,99628.2793913382
2024-08-02 21:30:00+00:00,99628.2793913382
2024-08-02 21:45:00+00:00,99628.2793913382
2024-08-02 22:00:00+00:00,99628.2793913382
2024-08-02 22:15:00+00:00,99628.2793913382
2024-08-02 22:30:00+00:00,99628.2793913382
2024-08-02 22:45:00+00:00,99628.2793913382
2024-08-02 23:00:00+00:00,99628.2793913382
2024-08-02 23:15:00+00:00,99628.2793913382
2024-08-02 23:30:00+00:00,99628.2793913382
2024-08-02 23:45:00+00:00,99628.2793913382
2024-08-03 00:00:00+00:00,99628.2793913382
2024-08-03 00:15:00+00:00,99628.2793913382
2024-08-03 00:30:00+00:00,99628.2793913382
2024-08-03 00:45:00+00:00,99628.2793913382
2024-08-03 01:00:00+00:00,99628.2793913382
2024-08-03 01:15:00+00:00,99628.2793913382
2024-08-03 01:30:00+00:00,99628.2793913382
2024-08-03 01:45:00+00:00,99628.2793913382
2024-08-03 02:00:00+00:00,99628.2793913382
2024-08-03 02:15:00+00:00,99628.2793913382
2024-08-03 02:30:00+00:00,99628.2793913382
2024-08-03 02:45:00+00:00,99628.2793913382
2024-08-03 03:00:00+00:00,99628.2793913382
2024-08-03 03:15:00+00:00,99628.2793913382
2024-08-03 03:30:00+00:00,99628.2793913382
2024-08-03 03:45:00+00:00,99628.2793913382
2024-08-03 04:00:00+00:00,99628.2793913382
2024-08-03 04:15:00+00:00,99628.2793913382
2024-08-03 04:30:00+00:00,99628.2793913382
2024-08-03 04:45:00+00:00,99628.2793913382
2024-08-03 05:00:00+00:00,99628.2793913382
2024-08-03 05:15:00+00:00,99628.2793913382
2024-08-03 05:30:00+00:00,99628.2793913382
2024-08-03 05:45:00+00:00,99628.2793913382
2024-08-03 06:00:00+00:00,99628.2793913382
2024-08-03 06:15:00+00:00,99628.2793913382
2024-08-03 06:30:00+00:00,99628.2793913382
2024-08-03 06:45:00+00:00,99628.2793913382
2024-08-03 07:00:00+00:00,99628.2793913382
2024-08-03 07:15:00+00:00,99628.2793913382
2024-08-03 07:30:00+00:00,99628.2793913382
2024-08-03 07:45:00+00:00,99628.2793913382
2024-08-03 08:00:00+00:00,99628.2793913382
2024-08-03 08:15:00+00:00,99628.2793913382
2024-08-03 08:30:00+00:00,99628.2793913382
2024-08-03 08:45:00+00:00,99628.2793913382
2024-08-03 09:00:00+00:00,99628.2793913382
2024-08-03 09:15:00+00:00,99628.2793913382
2024-08-03 09:30:00+00:00,99628.2793913382
2024-08-03 09:45:00+00:00,99628.2793913382
2024-08-03 10:00:00+00:00,99628.2793913382
2024-08-03 10:15:00+00:00,99628.2793913382
2024-08-03 10:30:00+00:00,99628.2793913382
2024-08-03 10:45:00+00:00,99628.2793913382
2024-08-03 11:00:00+00:00,99628.2793913382
2024-08-03 11:15:00+00:00,99628.2793913382
2024-08-03 11:30:00+00:00,99628.2793913382
2024-08-03 11:45:00+00:00,99628.2793913382
2024-08-03 12:00:00+00:00,99628.2793913382
2024-08-03 12:15:00+00:00,99628.2793913382
2024-08-03 12:30:00+00:00,99628.2793913382
2024-08-03 12:45:00+00:00,99628.2793913382
2024-08-03 13:00:00+00:00,99628.2793913382
2024-08-03 13:15:00+00:00,99628.2793913382
2024-08-03 13:30:00+00:00,99628.2793913382
2024-08-03 13:45:00+00:00,99628.2793913382
2024-08-03 14:00:00+00:00,99628.2793913382
2024-08-03 14:15:00+00:00,99628.2793913382
2024-08-03 14:30:00+00:00,99628.2793913382
2024-08-03 14:45:00+00:00,99628.2793913382
2024-08-03 15:00:00+00:00,99628.2793913382
2024-08-03 15:15:00+00:00,99628.2793913382
2024-08-03 15:30:00+00:00,99628.2793913382
2024-08-03 15:45:00+00:00,99628.2793913382
2024-08-03 16:00:00+00:00,99628.2793913382
2024-08-03 16:15:00+00:00,99628.2793913382
2024-08-03 16:30:00+00:00,99628.2793913382
2024-08-03 16:45:00+00:00,99628.2793913382
2024-08-03 17:00:00+00:00,99628.2793913382
2024-08-03 17:15:00+00:00,99628.2793913382
2024-08-03 17:30:00+00:00,99628.2793913382
2024-08-03 17:45:00+00:00,99628.2793913382
2024-08-03 18:00:00+00:00,99628.2793913382
2024-08-03 18:15:00+00:00,99628.2793913382
2024-08-03 18:30:00+00:00,99628.2793913382
2024-08-03 18:45:00+00:00,99628.2793913382
2024-08-03 19:00:00+00:00,99628.2793913382
2024-08-03 19:15:00+00:00,99628.2793913382
2024-08-03 19:30:00+00:00,99628.2793913382
2024-08-03 19:45:00+00:00,99628.2793913382
2024-08-03 20:00:00+00:00,99628.2793913382
2024-08-03 20:15:00+00:00,99631.5126304743
2024-08-03 20:30:00+00:00,99630.06238257528
2024-08-03 20:45:00+00:00,99626.90132844135
2024-08-03 21:00:00+00:00,99617.53013308579
2024-08-03 21:15:00+00:00,99617.53013308579
2024-08-03 21:30:00+00:00,99617.53013308579
2024-08-03 21:45:00+00:00,99617.53013308579
2024-08-03 22:00:00+00:00,99617.53013308579
2024-08-03 22:15:00+00:00,99617.53013308579
2024-08-03 22:30:00+00:00,99617.53013308579
2024-08-03 22:45:00+00:00,99617.53013308579
2024-08-03 23:00:00+00:00,99617.53013308579
2024-08-03 23:15:00+00:00,99617.53013308579
2024-08-03 23:30:00+00:00,99617.53013308579
2024-08-03 23:45:00+00:00,99617.53013308579
2024-08-04 00:00:00+00:00,99617.53013308579
2024-08-04 00:15:00+00:00,99617.53013308579
2024-08-04 00:30:00+00:00,99617.53013308579
2024-08-04 00:45:00+00:00,99617.53013308579
2024-08-04 01:00:00+00:00,99617.53013308579
2024-08-04 01:15:00+00:00,99617.53013308579
2024-08-04 01:30:00+00:00,99617.53013308579
2024-08-04 01:45:00+00:00,99617.53013308579
2024-08-04 02:00:00+00:00,99617.53013308579
2024-08-04 02:15:00+00:00,99617.53013308579
2024-08-04 02:30:00+00:00,99617.53013308579
2024-08-04 02:45:00+00:00,99617.53013308579
2024-08-04 03:00:00+00:00,99617.53013308579
2024-08-04 03:15:00+00:00,99617.53013308579
2024-08-04 03:30:00+00:00,99617.53013308579
2024-08-04 03:45:00+00:00,99617.53013308579
2024-08-04 04:00:00+00:00,99617.53013308579
2024-08-04 04:15:00+00:00,99617.53013308579
2024-08-04 04:30:00+00:00,99617.53013308579
2024-08-04 04:45:00+00:00,99617.53013308579
2024-08-04 05:00:00+00:00,99617.53013308579
2024-08-04 05:15:00+00:00,99617.53013308579
2024-08-04 05:30:00+00:00,99617.53013308579
2024-08-04 05:45:00+00:00,99617.53013308579
2024-08-04 06:00:00+00:00,99617.53013308579
2024-08-04 06:15:00+00:00,99617.53013308579
2024-08-04 06:30:00+00:00,99617.53013308579
2024-08-04 06:45:00+00:00,99617.53013308579
2024-08-04 07:00:00+00:00,99617.53013308579
2024-08-04 07:15:00+00:00,99617.53013308579
2024-08-04 07:30:00+00:00,99617.53013308579
2024-08-04 07:45:00+00:00,99617.53013308579
2024-08-04 08:00:00+00:00,99617.53013308579
2024-08-04 08:15:00+00:00,99617.53013308579
2024-08-04 08:30:00+00:00,99617.53013308579
2024-08-04 08:45:00+00:00,99617.53013308579
2024-08-04 09:00:00+00:00,99617.53013308579
2024-08-04 09:15:00+00:00,99617.53013308579
2024-08-04 09:30:00+00:00,99617.53013308579
2024-08-04 09:45:00+00:00,99617.53013308579
2024-08-04 10:00:00+00:00,99617.53013308579
2024-08-04 10:15:00+00:00,99617.53013308579
2024-08-04 10:30:00+00:00,99617.53013308579
2024-08-04 10:45:00+00:00,99617.53013308579
2024-08-04 11:00:00+00:00,99617.53013308579
2024-08-04 11:15:00+00:00,99617.53013308579
2024-08-04 11:30:00+00:00,99617.53013308579
2024-08-04 11:45:00+00:00,99617.53013308579
2024-08-04 12:00:00+00:00,99617.53013308579
2024-08-04 12:15:00+00:00,99617.53013308579
2024-08-04 12:30:00+00:00,99617.53013308579
2024-08-04 12:45:00+00:00,99617.53013308579
2024-08-04 13:00:00+00:00,99617.53013308579
2024-08-04 13:15:00+00:00,99617.53013308579
2024-08-04 13:30:00+00:00,99617.53013308579
2024-08-04 13:45:00+00:00,99617.53013308579
2024-08-04 14:00:00+00:00,99617.53013308579
2024-08-04 14:15:00+00:00,99617.53013308579
2024-08-04 14:30:00+00:00,99617.53013308579
2024-08-04 14:45:00+00:00,99617.53013308579
2024-08-04 15:00:00+00:00,99617.53013308579
2024-08-04 15:15:00+00:00,99617.53013308579
2024-08-04 15:30:00+00:00,99617.53013308579
2024-08-04 15:45:00+00:00,99617.53013308579
2024-08-04 16:00:00+00:00,99617.53013308579
2024-08-04 16:15:00+00:00,99617.53013308579
2024-08-04 16:30:00+00:00,99617.53013308579
2024-08-04 16:45:00+00:00,99617.53013308579
2024-08-04 17:00:00+00:00,99617.53013308579
2024-08-04 17:15:00+00:00,99617.53013308579
2024-08-04 17:30:00+00:00,99617.53013308579
2024-08-04 17:45:00+00:00,99617.53013308579
2024-08-04 18:00:00+00:00,99617.53013308579
2024-08-04 18:15:00+00:00,99617.53013308579
2024-08-04 18:30:00+00:00,99617.53013308579
2024-08-04 18:45:00+00:00,99617.53013308579
2024-08-04 19:00:00+00:00,99617.53013308579
2024-08-04 19:15:00+00:00,99617.53013308579
2024-08-04 19:30:00+00:00,99617.53013308579
2024-08-04 19:45:00+00:00,99617.53013308579
2024-08-04 20:00:00+00:00,99617.53013308579
2024-08-04 20:15:00+00:00,99617.53013308579
2024-08-04 20:30:00+00:00,99617.53013308579
2024-08-04 20:45:00+00:00,99617.53013308579
2024-08-04 21:00:00+00:00,99617.53013308579
2024-08-04 21:15:00+00:00,99617.53013308579
2024-08-04 21:30:00+00:00,99617.53013308579
2024-08-04 21:45:00+00:00,99617.53013308579
2024-08-04 22:00:00+00:00,99617.53013308579
2024-08-04 22:15:00+00:00,99617.53013308579
2024-08-04 22:30:00+00:00,99617.53013308579
2024-08-04 22:45:00+00:00,99617.53013308579
2024-08-04 23:00:00+00:00,99617.53013308579
2024-08-04 23:15:00+00:00,99617.53013308579
2024-08-04 23:30:00+00:00,99617.53013308579
2024-08-04 23:45:00+00:00,99617.53013308579
2024-08-05 00:00:00+00:00,99617.53013308579
2024-08-05 00:15:00+00:00,99617.53013308579
2024-08-05 00:30:00+00:00,99617.53013308579
2024-08-05 00:45:00+00:00,99617.53013308579
2024-08-05 01:00:00+00:00,99617.53013308579
2024-08-05 01:15:00+00:00,99617.53013308579
2024-08-05 01:30:00+00:00,99617.53013308579
2024-08-05 01:45:00+00:00,99617.53013308579
2024-08-05 02:00:00+00:00,99617.53013308579
2024-08-05 02:15:00+00:00,99617.53013308579
2024-08-05 02:30:00+00:00,99617.53013308579
2024-08-05 02:45:00+00:00,99617.53013308579
2024-08-05 03:00:00+00:00,99617.53013308579
2024-08-05 03:15:00+00:00,99617.53013308579
2024-08-05 03:30:00+00:00,99617.53013308579
2024-08-05 03:45:00+00:00,99617.53013308579
2024-08-05 04:00:00+00:00,99617.53013308579
2024-08-05 04:15:00+00:00,99617.53013308579
2024-08-05 04:30:00+00:00,99617.53013308579
2024-08-05 04:45:00+00:00,99617.53013308579
2024-08-05 05:00:00+00:00,99617.53013308579
2024-08-05 05:15:00+00:00,99617.53013308579
2024-08-05 05:30:00+00:00,99617.53013308579
2024-08-05 05:45:00+00:00,99617.53013308579
2024-08-05 06:00:00+00:00,99617.53013308579
2024-08-05 06:15:00+00:00,99617.53013308579
2024-08-05 06:30:00+00:00,99617.53013308579
2024-08-05 06:45:00+00:00,99617.53013308579
2024-08-05 07:00:00+00:00,99617.53013308579
2024-08-05 07:15:00+00:00,99617.53013308579
2024-08-05 07:30:00+00:00,99617.53013308579
2024-08-05 07:45:00+00:00,99617.53013308579
2024-08-05 08:00:00+00:00,99617.53013308579
2024-08-05 08:15:00+00:00,99617.53013308579
2024-08-05 08:30:00+00:00,99617.53013308579
2024-08-05 08:45:00+00:00,99617.53013308579
2024-08-05 09:00:00+00:00,99617.53013308579
2024-08-05 09:15:00+00:00,99617.53013308579
2024-08-05 09:30:00+00:00,99617.53013308579
2024-08-05 09:45:00+00:00,99617.53013308579
2024-08-05 10:00:00+00:00,99617.53013308579
2024-08-05 10:15:00+00:00,99617.53013308579
2024-08-05 10:30:00+00:00,99617.53013308579
2024-08-05 10:45:00+00:00,99617.53013308579
2024-08-05 11:00:00+00:00,99617.53013308579
2024-08-05 11:15:00+00:00,99617.53013308579
2024-08-05 11:30:00+00:00,99617.53013308579
2024-08-05 11:45:00+00:00,99617.53013308579
2024-08-05 12:00:00+00:00,99617.53013308579
2024-08-05 12:15:00+00:00,99617.53013308579
2024-08-05 12:30:00+00:00,99617.53013308579
2024-08-05 12:45:00+00:00,99617.53013308579
2024-08-05 13:00:00+00:00,99617.53013308579
2024-08-05 13:15:00+00:00,99617.53013308579
2024-08-05 13:30:00+00:00,99617.53013308579
2024-08-05 13:45:00+00:00,99617.53013308579
2024-08-05 14:00:00+00:00,99617.53013308579
2024-08-05 14:15:00+00:00,99617.53013308579
2024-08-05 14:30:00+00:00,99617.53013308579
2024-08-05 14:45:00+00:00,99617.53013308579
2024-08-05 15:00:00+00:00,99617.53013308579
2024-08-05 15:15:00+00:00,99617.53013308579
2024-08-05 15:30:00+00:00,99617.53013308579
2024-08-05 15:45:00+00:00,99617.53013308579
2024-08-05 16:00:00+00:00,99617.53013308579
2024-08-05 16:15:00+00:00,99617.53013308579
2024-08-05 16:30:00+00:00,99617.53013308579
2024-08-05 16:45:00+00:00,99617.53013308579
2024-08-05 17:00:00+00:00,99617.53013308579
2024-08-05 17:15:00+00:00,99617.53013308579
2024-08-05 17:30:00+00:00,99617.53013308579
2024-08-05 17:45:00+00:00,99617.53013308579
2024-08-05 18:00:00+00:00,99617.53013308579
2024-08-05 18:15:00+00:00,99617.53013308579
2024-08-05 18:30:00+00:00,99617.53013308579
2024-08-05 18:45:00+00:00,99617.53013308579
2024-08-05 19:00:00+00:00,99617.53013308579
2024-08-05 19:15:00+00:00,99617.53013308579
2024-08-05 19:30:00+00:00,99617.53013308579
2024-08-05 19:45:00+00:00,99617.53013308579
2024-08-05 20:00:00+00:00,99617.53013308579
2024-08-05 20:15:00+00:00,99617.53013308579
2024-08-05 20:30:00+00:00,99617.53013308579
2024-08-05 20:45:00+00:00,99617.53013308579
2024-08-05 21:00:00+00:00,99617.53013308579
2024-08-05 21:15:00+00:00,99617.53013308579
2024-08-05 21:30:00+00:00,99617.53013308579
2024-08-05 21:45:00+00:00,99617.53013308579
2024-08-05 22:00:00+00:00,99617.53013308579
2024-08-05 22:15:00+00:00,99617.53013308579
2024-08-05 22:30:00+00:00,99617.53013308579
2024-08-05 22:45:00+00:00,99617.53013308579
2024-08-05 23:00:00+00:00,99617.53013308579
2024-08-05 23:15:00+00:00,99617.53013308579
2024-08-05 23:30:00+00:00,99617.53013308579
2024-08-05 23:45:00+00:00,99617.53013308579
2024-08-06 00:00:00+00:00,99617.53013308579
2024-08-06 00:15:00+00:00,99617.53013308579
2024-08-06 00:30:00+00:00,99617.53013308579
2024-08-06 00:45:00+00:00,99617.53013308579
2024-08-06 01:00:00+00:00,99617.53013308579
2024-08-06 01:15:00+00:00,99617.53013308579
2024-08-06 01:30:00+00:00,99617.53013308579
2024-08-06 01:45:00+00:00,99617.53013308579
2024-08-06 02:00:00+00:00,99617.53013308579
2024-08-06 02:15:00+00:00,99617.53013308579
2024-08-06 02:30:00+00:00,99617.53013308579
2024-08-06 02:45:00+00:00,99617.53013308579
2024-08-06 03:00:00+00:00,99617.53013308579
2024-08-06 03:15:00+00:00,99617.53013308579
2024-08-06 03:30:00+00:00,99617.53013308579
2024-08-06 03:45:00+00:00,99617.53013308579
2024-08-06 04:00:00+00:00,99617.53013308579
2024-08-06 04:15:00+00:00,99617.53013308579
2024-08-06 04:30:00+00:00,99617.53013308579
2024-08-06 04:45:00+00:00,99617.53013308579
2024-08-06 05:00:00+00:00,99617.53013308579
2024-08-06 05:15:00+00:00,99617.53013308579
2024-08-06 05:30:00+00:00,99617.53013308579
2024-08-06 05:45:00+00:00,99617.53013308579
2024-08-06 06:00:00+00:00,99617.53013308579
2024-08-06 06:15:00+00:00,99617.53013308579
2024-08-06 06:30:00+00:00,99617.53013308579
2024-08-06 06:45:00+00:00,99617.53013308579
2024-08-06 07:00:00+00:00,99617.53013308579
2024-08-06 07:15:00+00:00,99617.53013308579
2024-08-06 07:30:00+00:00,99617.53013308579
2024-08-06 07:45:00+00:00,99617.53013308579
2024-08-06 08:00:00+00:00,99617.53013308579
2024-08-06 08:15:00+00:00,99617.53013308579
2024-08-06 08:30:00+00:00,99617.53013308579
2024-08-06 08:45:00+00:00,99617.53013308579
2024-08-06 09:00:00+00:00,99617.53013308579
2024-08-06 09:15:00+00:00,99617.53013308579
2024-08-06 09:30:00+00:00,99617.53013308579
2024-08-06 09:45:00+00:00,99617.53013308579
2024-08-06 10:00:00+00:00,99617.53013308579
2024-08-06 10:15:00+00:00,99617.53013308579
2024-08-06 10:30:00+00:00,99617.53013308579
2024-08-06 10:45:00+00:00,99617.53013308579
2024-08-06 11:00:00+00:00,99617.53013308579
2024-08-06 11:15:00+00:00,99617.53013308579
2024-08-06 11:30:00+00:00,99617.53013308579
2024-08-06 11:45:00+00:00,99617.53013308579
2024-08-06 12:00:00+00:00,99617.53013308579
2024-08-06 12:15:00+00:00,99617.53013308579
2024-08-06 12:30:00+00:00,99617.53013308579
2024-08-06 12:45:00+00:00,99617.53013308579
2024-08-06 13:00:00+00:00,99617.53013308579
2024-08-06 13:15:00+00:00,99617.53013308579
2024-08-06 13:30:00+00:00,99617.53013308579
2024-08-06 13:45:00+00:00,99617.53013308579
2024-08-06 14:00:00+00:00,99617.53013308579
2024-08-06 14:15:00+00:00,99617.53013308579
2024-08-06 14:30:00+00:00,99617.53013308579
2024-08-06 14:45:00+00:00,99617.53013308579
2024-08-06 15:00:00+00:00,99617.53013308579
2024-08-06 15:15:00+00:00,99617.53013308579
2024-08-06 15:30:00+00:00,99617.53013308579
2024-08-06 15:45:00+00:00,99617.53013308579
2024-08-06 16:00:00+00:00,99617.53013308579
2024-08-06 16:15:00+00:00,99617.53013308579
2024-08-06 16:30:00+00:00,99617.53013308579
2024-08-06 16:45:00+00:00,99617.53013308579
2024-08-06 17:00:00+00:00,99617.53013308579
2024-08-06 17:15:00+00:00,99617.53013308579
2024-08-06 17:30:00+00:00,99617.53013308579
2024-08-06 17:45:00+00:00,99617.53013308579
2024-08-06 18:00:00+00:00,99617.53013308579
2024-08-06 18:15:00+00:00,99617.53013308579
2024-08-06 18:30:00+00:00,99617.53013308579
2024-08-06 18:45:00+00:00,99617.53013308579
2024-08-06 19:00:00+00:00,99617.53013308579
2024-08-06 19:15:00+00:00,99617.53013308579
2024-08-06 19:30:00+00:00,99617.53013308579
2024-08-06 19:45:00+00:00,99617.53013308579
2024-08-06 20:00:00+00:00,99617.53013308579
2024-08-06 20:15:00+00:00,99617.53013308579
2024-08-06 20:30:00+00:00,99617.53013308579
2024-08-06 20:45:00+00:00,99617.53013308579
2024-08-06 21:00:00+00:00,99617.53013308579
2024-08-06 21:15:00+00:00,99617.53013308579
2024-08-06 21:30:00+00:00,99617.53013308579
2024-08-06 21:45:00+00:00,99617.53013308579
2024-08-06 22:00:00+00:00,99617.53013308579
2024-08-06 22:15:00+00:00,99617.53013308579
2024-08-06 22:30:00+00:00,99617.53013308579
2024-08-06 22:45:00+00:00,99617.53013308579
2024-08-06 23:00:00+00:00,99617.53013308579
2024-08-06 23:15:00+00:00,99617.53013308579
2024-08-06 23:30:00+00:00,99617.53013308579
2024-08-06 23:45:00+00:00,99617.53013308579
2024-08-07 00:00:00+00:00,99617.53013308579
2024-08-07 00:15:00+00:00,99617.53013308579
2024-08-07 00:30:00+00:00,99617.53013308579
2024-08-07 00:45:00+00:00,99617.53013308579
2024-08-07 01:00:00+00:00,99617.53013308579
2024-08-07 01:15:00+00:00,99617.53013308579
2024-08-07 01:30:00+00:00,99617.53013308579
2024-08-07 01:45:00+00:00,99617.53013308579
2024-08-07 02:00:00+00:00,99617.53013308579
2024-08-07 02:15:00+00:00,99617.53013308579
2024-08-07 02:30:00+00:00,99617.53013308579
2024-08-07 02:45:00+00:00,99617.53013308579
2024-08-07 03:00:00+00:00,99617.53013308579
2024-08-07 03:15:00+00:00,99617.53013308579
2024-08-07 03:30:00+00:00,99617.53013308579
2024-08-07 03:45:00+00:00,99617.53013308579
2024-08-07 04:00:00+00:00,99617.53013308579
2024-08-07 04:15:00+00:00,99613.86290021599
2024-08-07 04:30:00+00:00,99610.0384543289
2024-08-07 04:45:00+00:00,99613.7999559384
2024-08-07 05:00:00+00:00,99611.86566992989
2024-08-07 05:15:00+00:00,99615.31508870574
2024-08-07 05:30:00+00:00,99619.50989154687
2024-08-07 05:45:00+00:00,99620.40389015859
2024-08-07 06:00:00+00:00,99619.93899151425
2024-08-07 06:15:00+00:00,99616.30478288373
2024-08-07 06:30:00+00:00,99616.30478288373
2024-08-07 06:45:00+00:00,99616.30478288373
2024-08-07 07:00:00+00:00,99616.30478288373
2024-08-07 07:15:00+00:00,99616.30478288373
2024-08-07 07:30:00+00:00,99616.30478288373
2024-08-07 07:45:00+00:00,99616.30478288373
2024-08-07 08:00:00+00:00,99616.30478288373
2024-08-07 08:15:00+00:00,99616.30478288373
2024-08-07 08:30:00+00:00,99616.30478288373
2024-08-07 08:45:00+00:00,99616.30478288373
2024-08-07 09:00:00+00:00,99616.30478288373
2024-08-07 09:15:00+00:00,99616.30478288373
2024-08-07 09:30:00+00:00,99616.30478288373
2024-08-07 09:45:00+00:00,99616.30478288373
2024-08-07 10:00:00+00:00,99616.30478288373
2024-08-07 10:15:00+00:00,99616.30478288373
2024-08-07 10:30:00+00:00,99616.30478288373
2024-08-07 10:45:00+00:00,99616.30478288373
2024-08-07 11:00:00+00:00,99616.30478288373
2024-08-07 11:15:00+00:00,99616.30478288373
2024-08-07 11:30:00+00:00,99616.30478288373
2024-08-07 11:45:00+00:00,99616.30478288373
2024-08-07 12:00:00+00:00,99616.30478288373
2024-08-07 12:15:00+00:00,99616.30478288373
2024-08-07 12:30:00+00:00,99616.30478288373
2024-08-07 12:45:00+00:00,99616.30478288373
2024-08-07 13:00:00+00:00,99616.30478288373
2024-08-07 13:15:00+00:00,99616.30478288373
2024-08-07 13:30:00+00:00,99616.30478288373
2024-08-07 13:45:00+00:00,99616.30478288373
2024-08-07 14:00:00+00:00,99616.30478288373
2024-08-07 14:15:00+00:00,99616.30478288373
2024-08-07 14:30:00+00:00,99616.30478288373
2024-08-07 14:45:00+00:00,99616.30478288373
2024-08-07 15:00:00+00:00,99616.30478288373
2024-08-07 15:15:00+00:00,99616.30478288373
2024-08-07 15:30:00+00:00,99616.30478288373
2024-08-07 15:45:00+00:00,99616.30478288373
2024-08-07 16:00:00+00:00,99616.30478288373
2024-08-07 16:15:00+00:00,99616.07048554788
2024-08-07 16:30:00+00:00,99614.4671648961
2024-08-07 16:45:00+00:00,99616.3859346319
2024-08-07 17:00:00+00:00,99611.64485557978
2024-08-07 17:15:00+00:00,99596.62956344259
2024-08-07 17:30:00+00:00,99596.62956344259
2024-08-07 17:45:00+00:00,99596.62956344259
2024-08-07 18:00:00+00:00,99596.62956344259
2024-08-07 18:15:00+00:00,99596.62956344259
2024-08-07 18:30:00+00:00,99596.62956344259
2024-08-07 18:45:00+00:00,99596.62956344259
2024-08-07 19:00:00+00:00,99596.62956344259
2024-08-07 19:15:00+00:00,99596.62956344259
2024-08-07 19:30:00+00:00,99596.62956344259
2024-08-07 19:45:00+00:00,99596.62956344259
2024-08-07 20:00:00+00:00,99596.62956344259
2024-08-07 20:15:00+00:00,99596.62956344259
2024-08-07 20:30:00+00:00,99596.62956344259
2024-08-07 20:45:00+00:00,99596.62956344259
2024-08-07 21:00:00+00:00,99596.62956344259
2024-08-07 21:15:00+00:00,99596.62956344259
2024-08-07 21:30:00+00:00,99596.62956344259
2024-08-07 21:45:00+00:00,99596.62956344259
2024-08-07 22:00:00+00:00,99596.62956344259
2024-08-07 22:15:00+00:00,99596.62956344259
2024-08-07 22:30:00+00:00,99596.62956344259
2024-08-07 22:45:00+00:00,99596.62956344259
2024-08-07 23:00:00+00:00,99596.62956344259
2024-08-07 23:15:00+00:00,99596.62956344259
2024-08-07 23:30:00+00:00,99596.62956344259
2024-08-07 23:45:00+00:00,99596.62956344259
2024-08-08 00:00:00+00:00,99596.62956344259
2024-08-08 00:15:00+00:00,99596.62956344259
2024-08-08 00:30:00+00:00,99596.62956344259
2024-08-08 00:45:00+00:00,99596.62956344259
2024-08-08 01:00:00+00:00,99596.62956344259
2024-08-08 01:15:00+00:00,99596.62956344259
2024-08-08 01:30:00+00:00,99596.62956344259
2024-08-08 01:45:00+00:00,99596.62956344259
2024-08-08 02:00:00+00:00,99596.62956344259
2024-08-08 02:15:00+00:00,99596.62956344259
2024-08-08 02:30:00+00:00,99596.62956344259
2024-08-08 02:45:00+00:00,99596.62956344259
2024-08-08 03:00:00+00:00,99596.62956344259
2024-08-08 03:15:00+00:00,99596.62956344259
2024-08-08 03:30:00+00:00,99596.62956344259
2024-08-08 03:45:00+00:00,99596.62956344259
2024-08-08 04:00:00+00:00,99596.62956344259
2024-08-08 04:15:00+00:00,99596.62956344259
2024-08-08 04:30:00+00:00,99596.62956344259
2024-08-08 04:45:00+00:00,99596.62956344259
2024-08-08 05:00:00+00:00,99596.62956344259
2024-08-08 05:15:00+00:00,99596.62956344259
2024-08-08 05:30:00+00:00,99596.62956344259
2024-08-08 05:45:00+00:00,99596.62956344259
2024-08-08 06:00:00+00:00,99596.62956344259
2024-08-08 06:15:00+00:00,99596.62956344259
2024-08-08 06:30:00+00:00,99596.62956344259
2024-08-08 06:45:00+00:00,99596.62956344259
2024-08-08 07:00:00+00:00,99596.62956344259
2024-08-08 07:15:00+00:00,99596.62956344259
2024-08-08 07:30:00+00:00,99596.62956344259
2024-08-08 07:45:00+00:00,99596.62956344259
2024-08-08 08:00:00+00:00,99596.62956344259
2024-08-08 08:15:00+00:00,99596.62956344259
2024-08-08 08:30:00+00:00,99596.62956344259
2024-08-08 08:45:00+00:00,99596.62956344259
2024-08-08 09:00:00+00:00,99596.62956344259
2024-08-08 09:15:00+00:00,99596.62956344259
2024-08-08 09:30:00+00:00,99596.62956344259
2024-08-08 09:45:00+00:00,99596.62956344259
2024-08-08 10:00:00+00:00,99596.62956344259
2024-08-08 10:15:00+00:00,99596.62956344259
2024-08-08 10:30:00+00:00,99596.62956344259
2024-08-08 10:45:00+00:00,99596.62956344259
2024-08-08 11:00:00+00:00,99596.62956344259
2024-08-08 11:15:00+00:00,99596.62956344259
2024-08-08 11:30:00+00:00,99596.62956344259
2024-08-08 11:45:00+00:00,99596.62956344259
2024-08-08 12:00:00+00:00,99596.62956344259
2024-08-08 12:15:00+00:00,99596.62956344259
2024-08-08 12:30:00+00:00,99596.62956344259
2024-08-08 12:45:00+00:00,99596.62956344259
2024-08-08 13:00:00+00:00,99596.62956344259
2024-08-08 13:15:00+00:00,99596.62956344259
2024-08-08 13:30:00+00:00,99596.62956344259
2024-08-08 13:45:00+00:00,99596.62956344259
2024-08-08 14:00:00+00:00,99596.62956344259
2024-08-08 14:15:00+00:00,99596.62956344259
2024-08-08 14:30:00+00:00,99596.62956344259
2024-08-08 14:45:00+00:00,99596.62956344259
2024-08-08 15:00:00+00:00,99596.62956344259
2024-08-08 15:15:00+00:00,99596.62956344259
2024-08-08 15:30:00+00:00,99596.62956344259
2024-08-08 15:45:00+00:00,99596.62956344259
2024-08-08 16:00:00+00:00,99596.62956344259
2024-08-08 16:15:00+00:00,99596.62956344259
2024-08-08 16:30:00+00:00,99596.62956344259
2024-08-08 16:45:00+00:00,99596.62956344259
2024-08-08 17:00:00+00:00,99596.62956344259
2024-08-08 17:15:00+00:00,99596.62956344259
2024-08-08 17:30:00+00:00,99596.62956344259
2024-08-08 17:45:00+00:00,99596.62956344259
2024-08-08 18:00:00+00:00,99596.62956344259
2024-08-08 18:15:00+00:00,99596.62956344259
2024-08-08 18:30:00+00:00,99596.62956344259
2024-08-08 18:45:00+00:00,99596.62956344259
2024-08-08 19:00:00+00:00,99596.62956344259
2024-08-08 19:15:00+00:00,99596.62956344259
2024-08-08 19:30:00+00:00,99596.62956344259
2024-08-08 19:45:00+00:00,99596.62956344259
2024-08-08 20:00:00+00:00,99596.62956344259
2024-08-08 20:15:00+00:00,99596.62956344259
2024-08-08 20:30:00+00:00,99596.62956344259
2024-08-08 20:45:00+00:00,99596.62956344259
2024-08-08 21:00:00+00:00,99596.62956344259
2024-08-08 21:15:00+00:00,99596.62956344259
2024-08-08 21:30:00+00:00,99596.62956344259
2024-08-08 21:45:00+00:00,99596.62956344259
2024-08-08 22:00:00+00:00,99596.62956344259
2024-08-08 22:15:00+00:00,99596.62956344259
2024-08-08 22:30:00+00:00,99596.62956344259
2024-08-08 22:45:00+00:00,99596.62956344259
2024-08-08 23:00:00+00:00,99596.62956344259
2024-08-08 23:15:00+00:00,99596.62956344259
2024-08-08 23:30:00+00:00,99596.62956344259
2024-08-08 23:45:00+00:00,99596.62956344259
2024-08-09 00:00:00+00:00,99596.62956344259
2024-08-09 00:15:00+00:00,99596.62956344259
2024-08-09 00:30:00+00:00,99596.62956344259
2024-08-09 00:45:00+00:00,99596.62956344259
2024-08-09 01:00:00+00:00,99596.62956344259
2024-08-09 01:15:00+00:00,99596.62956344259
2024-08-09 01:30:00+00:00,99596.62956344259
2024-08-09 01:45:00+00:00,99596.62956344259
2024-08-09 02:00:00+00:00,99596.62956344259
2024-08-09 02:15:00+00:00,99596.62956344259
2024-08-09 02:30:00+00:00,99596.62956344259
2024-08-09 02:45:00+00:00,99596.62956344259
2024-08-09 03:00:00+00:00,99596.62956344259
2024-08-09 03:15:00+00:00,99596.62956344259
2024-08-09 03:30:00+00:00,99596.62956344259
2024-08-09 03:45:00+00:00,99596.62956344259
2024-08-09 04:00:00+00:00,99596.62956344259
2024-08-09 04:15:00+00:00,99596.62956344259
2024-08-09 04:30:00+00:00,99596.62956344259
2024-08-09 04:45:00+00:00,99596.62956344259
2024-08-09 05:00:00+00:00,99596.62956344259
2024-08-09 05:15:00+00:00,99596.62956344259
2024-08-09 05:30:00+00:00,99596.62956344259
2024-08-09 05:45:00+00:00,99596.62956344259
2024-08-09 06:00:00+00:00,99596.62956344259
2024-08-09 06:15:00+00:00,99596.62956344259
2024-08-09 06:30:00+00:00,99596.62956344259
2024-08-09 06:45:00+00:00,99596.62956344259
2024-08-09 07:00:00+00:00,99596.62956344259
2024-08-09 07:15:00+00:00,99596.62956344259
2024-08-09 07:30:00+00:00,99596.62956344259
2024-08-09 07:45:00+00:00,99596.62956344259
2024-08-09 08:00:00+00:00,99596.62956344259
2024-08-09 08:15:00+00:00,99596.62956344259
2024-08-09 08:30:00+00:00,99596.62956344259
2024-08-09 08:45:00+00:00,99596.62956344259
2024-08-09 09:00:00+00:00,99596.62956344259
2024-08-09 09:15:00+00:00,99596.62956344259
2024-08-09 09:30:00+00:00,99596.62956344259
2024-08-09 09:45:00+00:00,99596.62956344259
2024-08-09 10:00:00+00:00,99596.62956344259
2024-08-09 10:15:00+00:00,99596.62956344259
2024-08-09 10:30:00+00:00,99596.62956344259
2024-08-09 10:45:00+00:00,99596.62956344259
2024-08-09 11:00:00+00:00,99596.62956344259
2024-08-09 11:15:00+00:00,99596.62956344259
2024-08-09 11:30:00+00:00,99596.62956344259
2024-08-09 11:45:00+00:00,99596.62956344259
2024-08-09 12:00:00+00:00,99596.62956344259
2024-08-09 12:15:00+00:00,99596.62956344259
2024-08-09 12:30:00+00:00,99596.62956344259
2024-08-09 12:45:00+00:00,99596.62956344259
2024-08-09 13:00:00+00:00,99596.62956344259
2024-08-09 13:15:00+00:00,99596.62956344259
2024-08-09 13:30:00+00:00,99596.62956344259
2024-08-09 13:45:00+00:00,99596.62956344259
2024-08-09 14:00:00+00:00,99596.62956344259
2024-08-09 14:15:00+00:00,99596.62956344259
2024-08-09 14:30:00+00:00,99596.62956344259
2024-08-09 14:45:00+00:00,99596.62956344259
2024-08-09 15:00:00+00:00,99596.62956344259
2024-08-09 15:15:00+00:00,99596.62956344259
2024-08-09 15:30:00+00:00,99596.62956344259
2024-08-09 15:45:00+00:00,99596.62956344259
2024-08-09 16:00:00+00:00,99596.62956344259
2024-08-09 16:15:00+00:00,99596.62956344259
2024-08-09 16:30:00+00:00,99596.62956344259
2024-08-09 16:45:00+00:00,99596.62956344259
2024-08-09 17:00:00+00:00,99596.62956344259
2024-08-09 17:15:00+00:00,99596.62956344259
2024-08-09 17:30:00+00:00,99596.62956344259
2024-08-09 17:45:00+00:00,99596.62956344259
2024-08-09 18:00:00+00:00,99596.62956344259
2024-08-09 18:15:00+00:00,99596.62956344259
2024-08-09 18:30:00+00:00,99596.62956344259
2024-08-09 18:45:00+00:00,99596.62956344259
2024-08-09 19:00:00+00:00,99596.62956344259
2024-08-09 19:15:00+00:00,99596.62956344259
2024-08-09 19:30:00+00:00,99596.62956344259
2024-08-09 19:45:00+00:00,99596.62956344259
2024-08-09 20:00:00+00:00,99596.62956344259
2024-08-09 20:15:00+00:00,99596.62956344259
2024-08-09 20:30:00+00:00,99596.62956344259
2024-08-09 20:45:00+00:00,99596.62956344259
2024-08-09 21:00:00+00:00,99596.62956344259
2024-08-09 21:15:00+00:00,99596.62956344259
2024-08-09 21:30:00+00:00,99596.62956344259
2024-08-09 21:45:00+00:00,99596.62956344259
2024-08-09 22:00:00+00:00,99596.62956344259
2024-08-09 22:15:00+00:00,99596.62956344259
2024-08-09 22:30:00+00:00,99596.62956344259
2024-08-09 22:45:00+00:00,99596.62956344259
2024-08-09 23:00:00+00:00,99596.62956344259
2024-08-09 23:15:00+00:00,99596.62956344259
2024-08-09 23:30:00+00:00,99596.62956344259
2024-08-09 23:45:00+00:00,99596.62956344259
2024-08-10 00:00:00+00:00,99596.62956344259
2024-08-10 00:15:00+00:00,99596.62956344259
2024-08-10 00:30:00+00:00,99596.62956344259
2024-08-10 00:45:00+00:00,99596.62956344259
2024-08-10 01:00:00+00:00,99596.62956344259
2024-08-10 01:15:00+00:00,99596.62956344259
2024-08-10 01:30:00+00:00,99596.62956344259
2024-08-10 01:45:00+00:00,99596.62956344259
2024-08-10 02:00:00+00:00,99596.62956344259
2024-08-10 02:15:00+00:00,99596.62956344259
2024-08-10 02:30:00+00:00,99596.62956344259
2024-08-10 02:45:00+00:00,99596.62956344259
2024-08-10 03:00:00+00:00,99596.62956344259
2024-08-10 03:15:00+00:00,99596.62956344259
2024-08-10 03:30:00+00:00,99596.62956344259
2024-08-10 03:45:00+00:00,99596.62956344259
2024-08-10 04:00:00+00:00,99596.62956344259
2024-08-10 04:15:00+00:00,99596.62956344259
2024-08-10 04:30:00+00:00,99596.62956344259
2024-08-10 04:45:00+00:00,99596.62956344259
2024-08-10 05:00:00+00:00,99596.62956344259
2024-08-10 05:15:00+00:00,99596.62956344259
2024-08-10 05:30:00+00:00,99596.62956344259
2024-08-10 05:45:00+00:00,99596.62956344259
2024-08-10 06:00:00+00:00,99596.62956344259
2024-08-10 06:15:00+00:00,99596.62956344259
2024-08-10 06:30:00+00:00,99596.62956344259
2024-08-10 06:45:00+00:00,99596.62956344259
2024-08-10 07:00:00+00:00,99596.62956344259
2024-08-10 07:15:00+00:00,99596.62956344259
2024-08-10 07:30:00+00:00,99596.62956344259
2024-08-10 07:45:00+00:00,99596.62956344259
2024-08-10 08:00:00+00:00,99596.62956344259
2024-08-10 08:15:00+00:00,99596.62956344259
2024-08-10 08:30:00+00:00,99596.62956344259
2024-08-10 08:45:00+00:00,99596.62956344259
2024-08-10 09:00:00+00:00,99596.62956344259
2024-08-10 09:15:00+00:00,99596.62956344259
2024-08-10 09:30:00+00:00,99596.62956344259
2024-08-10 09:45:00+00:00,99596.62956344259
2024-08-10 10:00:00+00:00,99596.62956344259
2024-08-10 10:15:00+00:00,99596.62956344259
2024-08-10 10:30:00+00:00,99596.62956344259
2024-08-10 10:45:00+00:00,99596.62956344259
2024-08-10 11:00:00+00:00,99596.62956344259
2024-08-10 11:15:00+00:00,99596.62956344259
2024-08-10 11:30:00+00:00,99596.62956344259
2024-08-10 11:45:00+00:00,99596.62956344259
2024-08-10 12:00:00+00:00,99596.62956344259
2024-08-10 12:15:00+00:00,99596.62956344259
2024-08-10 12:30:00+00:00,99596.62956344259
2024-08-10 12:45:00+00:00,99596.62956344259
2024-08-10 13:00:00+00:00,99596.62956344259
2024-08-10 13:15:00+00:00,99596.62956344259
2024-08-10 13:30:00+00:00,99596.62956344259
2024-08-10 13:45:00+00:00,99596.62956344259
2024-08-10 14:00:00+00:00,99596.62956344259
2024-08-10 14:15:00+00:00,99596.62956344259
2024-08-10 14:30:00+00:00,99596.62956344259
2024-08-10 14:45:00+00:00,99596.62956344259
2024-08-10 15:00:00+00:00,99596.62956344259
2024-08-10 15:15:00+00:00,99596.62956344259
2024-08-10 15:30:00+00:00,99596.62956344259
2024-08-10 15:45:00+00:00,99596.62956344259
2024-08-10 16:00:00+00:00,99596.62956344259
2024-08-10 16:15:00+00:00,99596.62956344259
2024-08-10 16:30:00+00:00,99596.62956344259
2024-08-10 16:45:00+00:00,99596.62956344259
2024-08-10 17:00:00+00:00,99596.62956344259
2024-08-10 17:15:00+00:00,99596.62956344259
2024-08-10 17:30:00+00:00,99596.62956344259
2024-08-10 17:45:00+00:00,99596.62956344259
2024-08-10 18:00:00+00:00,99596.62956344259
2024-08-10 18:15:00+00:00,99596.62956344259
2024-08-10 18:30:00+00:00,99596.62956344259
2024-08-10 18:45:00+00:00,99596.62956344259
2024-08-10 19:00:00+00:00,99596.62956344259
2024-08-10 19:15:00+00:00,99596.62956344259
2024-08-10 19:30:00+00:00,99596.62956344259
2024-08-10 19:45:00+00:00,99596.62956344259
2024-08-10 20:00:00+00:00,99596.62956344259
2024-08-10 20:15:00+00:00,99596.62956344259
2024-08-10 20:30:00+00:00,99596.62956344259
2024-08-10 20:45:00+00:00,99596.62956344259
2024-08-10 21:00:00+00:00,99596.62956344259
2024-08-10 21:15:00+00:00,99596.62956344259
2024-08-10 21:30:00+00:00,99596.62956344259
2024-08-10 21:45:00+00:00,99596.62956344259
2024-08-10 22:00:00+00:00,99596.62956344259
2024-08-10 22:15:00+00:00,99596.62956344259
2024-08-10 22:30:00+00:00,99596.62956344259
2024-08-10 22:45:00+00:00,99596.62956344259
2024-08-10 23:00:00+00:00,99596.62956344259
2024-08-10 23:15:00+00:00,99596.62956344259
2024-08-10 23:30:00+00:00,99596.62956344259
2024-08-10 23:45:00+00:00,99596.62956344259
2024-08-11 00:00:00+00:00,99596.62956344259
2024-08-11 00:15:00+00:00,99596.62956344259
2024-08-11 00:30:00+00:00,99596.62956344259
2024-08-11 00:45:00+00:00,99596.62956344259
2024-08-11 01:00:00+00:00,99596.62956344259
2024-08-11 01:15:00+00:00,99596.62956344259
2024-08-11 01:30:00+00:00,99596.62956344259
2024-08-11 01:45:00+00:00,99596.62956344259
2024-08-11 02:00:00+00:00,99596.62956344259
2024-08-11 02:15:00+00:00,99596.62956344259
2024-08-11 02:30:00+00:00,99596.62956344259
2024-08-11 02:45:00+00:00,99596.62956344259
2024-08-11 03:00:00+00:00,99596.62956344259
2024-08-11 03:15:00+00:00,99596.62956344259
2024-08-11 03:30:00+00:00,99596.62956344259
2024-08-11 03:45:00+00:00,99596.62956344259
2024-08-11 04:00:00+00:00,99596.62956344259
2024-08-11 04:15:00+00:00,99596.62956344259
2024-08-11 04:30:00+00:00,99596.62956344259
2024-08-11 04:45:00+00:00,99596.62956344259
2024-08-11 05:00:00+00:00,99596.62956344259
2024-08-11 05:15:00+00:00,99596.62956344259
2024-08-11 05:30:00+00:00,99596.62956344259
2024-08-11 05:45:00+00:00,99596.62956344259
2024-08-11 06:00:00+00:00,99596.62956344259
2024-08-11 06:15:00+00:00,99596.62956344259
2024-08-11 06:30:00+00:00,99596.62956344259
2024-08-11 06:45:00+00:00,99596.62956344259
2024-08-11 07:00:00+00:00,99596.62956344259
2024-08-11 07:15:00+00:00,99596.62956344259
2024-08-11 07:30:00+00:00,99596.62956344259
2024-08-11 07:45:00+00:00,99596.62956344259
2024-08-11 08:00:00+00:00,99596.62956344259
2024-08-11 08:15:00+00:00,99596.62956344259
2024-08-11 08:30:00+00:00,99596.62956344259
2024-08-11 08:45:00+00:00,99596.62956344259
2024-08-11 09:00:00+00:00,99596.62956344259
2024-08-11 09:15:00+00:00,99593.43152360021
2024-08-11 09:30:00+00:00,99592.61599088345
2024-08-11 09:45:00+00:00,99592.61599088345
2024-08-11 10:00:00+00:00,99592.61599088345
2024-08-11 10:15:00+00:00,99592.61599088345
2024-08-11 10:30:00+00:00,99592.61599088345
2024-08-11 10:45:00+00:00,99592.61599088345
2024-08-11 11:00:00+00:00,99592.61599088345
2024-08-11 11:15:00+00:00,99592.61599088345
2024-08-11 11:30:00+00:00,99592.61599088345
2024-08-11 11:45:00+00:00,99592.61599088345
2024-08-11 12:00:00+00:00,99592.61599088345
2024-08-11 12:15:00+00:00,99592.61599088345
2024-08-11 12:30:00+00:00,99592.61599088345
2024-08-11 12:45:00+00:00,99592.61599088345
2024-08-11 13:00:00+00:00,99592.61599088345
2024-08-11 13:15:00+00:00,99592.61599088345
2024-08-11 13:30:00+00:00,99592.61599088345
2024-08-11 13:45:00+00:00,99592.61599088345
2024-08-11 14:00:00+00:00,99592.61599088345
2024-08-11 14:15:00+00:00,99592.61599088345
2024-08-11 14:30:00+00:00,99592.61599088345
2024-08-11 14:45:00+00:00,99592.61599088345
2024-08-11 15:00:00+00:00,99592.61599088345
2024-08-11 15:15:00+00:00,99592.61599088345
2024-08-11 15:30:00+00:00,99592.61599088345
2024-08-11 15:45:00+00:00,99592.61599088345
2024-08-11 16:00:00+00:00,99592.61599088345
2024-08-11 16:15:00+00:00,99592.61599088345
2024-08-11 16:30:00+00:00,99592.61599088345
2024-08-11 16:45:00+00:00,99592.61599088345
2024-08-11 17:00:00+00:00,99592.61599088345
2024-08-11 17:15:00+00:00,99592.61599088345
2024-08-11 17:30:00+00:00,99592.61599088345
2024-08-11 17:45:00+00:00,99592.61599088345
2024-08-11 18:00:00+00:00,99592.61599088345
2024-08-11 18:15:00+00:00,99592.61599088345
2024-08-11 18:30:00+00:00,99592.61599088345
2024-08-11 18:45:00+00:00,99592.61599088345
2024-08-11 19:00:00+00:00,99592.61599088345
2024-08-11 19:15:00+00:00,99592.61599088345
2024-08-11 19:30:00+00:00,99592.61599088345
2024-08-11 19:45:00+00:00,99592.61599088345
2024-08-11 20:00:00+00:00,99592.61599088345
2024-08-11 20:15:00+00:00,99582.45849816977
2024-08-11 20:30:00+00:00,99570.3288777956
2024-08-11 20:45:00+00:00,99570.3288777956
2024-08-11 21:00:00+00:00,99570.3288777956
2024-08-11 21:15:00+00:00,99570.3288777956
2024-08-11 21:30:00+00:00,99570.3288777956
2024-08-11 21:45:00+00:00,99570.3288777956
2024-08-11 22:00:00+00:00,99570.3288777956
2024-08-11 22:15:00+00:00,99570.3288777956
2024-08-11 22:30:00+00:00,99570.3288777956
2024-08-11 22:45:00+00:00,99570.3288777956
2024-08-11 23:00:00+00:00,99570.3288777956
2024-08-11 23:15:00+00:00,99570.3288777956
2024-08-11 23:30:00+00:00,99570.3288777956
2024-08-11 23:45:00+00:00,99570.3288777956
2024-08-12 00:00:00+00:00,99570.3288777956
2024-08-12 00:15:00+00:00,99570.3288777956
2024-08-12 00:30:00+00:00,99570.3288777956
2024-08-12 00:45:00+00:00,99570.3288777956
2024-08-12 01:00:00+00:00,99570.3288777956
2024-08-12 01:15:00+00:00,99570.3288777956
2024-08-12 01:30:00+00:00,99570.3288777956
2024-08-12 01:45:00+00:00,99570.3288777956
2024-08-12 02:00:00+00:00,99570.3288777956
2024-08-12 02:15:00+00:00,99570.3288777956
2024-08-12 02:30:00+00:00,99570.3288777956
2024-08-12 02:45:00+00:00,99570.3288777956
2024-08-12 03:00:00+00:00,99570.3288777956
2024-08-12 03:15:00+00:00,99570.3288777956
2024-08-12 03:30:00+00:00,99570.3288777956
2024-08-12 03:45:00+00:00,99570.3288777956
2024-08-12 04:00:00+00:00,99570.3288777956
2024-08-12 04:15:00+00:00,99570.3288777956
2024-08-12 04:30:00+00:00,99570.3288777956
2024-08-12 04:45:00+00:00,99570.3288777956
2024-08-12 05:00:00+00:00,99570.3288777956
2024-08-12 05:15:00+00:00,99570.3288777956
2024-08-12 05:30:00+00:00,99570.3288777956
2024-08-12 05:45:00+00:00,99570.3288777956
2024-08-12 06:00:00+00:00,99570.3288777956
2024-08-12 06:15:00+00:00,99570.3288777956
2024-08-12 06:30:00+00:00,99570.3288777956
2024-08-12 06:45:00+00:00,99570.3288777956
2024-08-12 07:00:00+00:00,99570.3288777956
2024-08-12 07:15:00+00:00,99570.3288777956
2024-08-12 07:30:00+00:00,99570.3288777956
2024-08-12 07:45:00+00:00,99570.3288777956
2024-08-12 08:00:00+00:00,99570.3288777956
2024-08-12 08:15:00+00:00,99570.3288777956
2024-08-12 08:30:00+00:00,99570.3288777956
2024-08-12 08:45:00+00:00,99570.3288777956
2024-08-12 09:00:00+00:00,99570.3288777956
2024-08-12 09:15:00+00:00,99570.3288777956
2024-08-12 09:30:00+00:00,99570.3288777956
2024-08-12 09:45:00+00:00,99570.3288777956
2024-08-12 10:00:00+00:00,99570.3288777956
2024-08-12 10:15:00+00:00,99570.3288777956
2024-08-12 10:30:00+00:00,99570.3288777956
2024-08-12 10:45:00+00:00,99570.3288777956
2024-08-12 11:00:00+00:00,99570.3288777956
2024-08-12 11:15:00+00:00,99570.3288777956
2024-08-12 11:30:00+00:00,99570.3288777956
2024-08-12 11:45:00+00:00,99570.3288777956
2024-08-12 12:00:00+00:00,99570.3288777956
2024-08-12 12:15:00+00:00,99567.48711563917
2024-08-12 12:30:00+00:00,99573.26812860738
2024-08-12 12:45:00+00:00,99568.54625853855
2024-08-12 13:00:00+00:00,99569.00185689953
2024-08-12 13:15:00+00:00,99573.39341444305
2024-08-12 13:30:00+00:00,99590.12821356776
2024-08-12 13:45:00+00:00,99590.12821356776
2024-08-12 14:00:00+00:00,99590.12821356776
2024-08-12 14:15:00+00:00,99590.12821356776
2024-08-12 14:30:00+00:00,99590.12821356776
2024-08-12 14:45:00+00:00,99590.12821356776
2024-08-12 15:00:00+00:00,99590.12821356776
2024-08-12 15:15:00+00:00,99590.12821356776
2024-08-12 15:30:00+00:00,99590.12821356776
2024-08-12 15:45:00+00:00,99590.12821356776
2024-08-12 16:00:00+00:00,99590.12821356776
2024-08-12 16:15:00+00:00,99590.12821356776
2024-08-12 16:30:00+00:00,99590.12821356776
2024-08-12 16:45:00+00:00,99590.12821356776
2024-08-12 17:00:00+00:00,99590.12821356776
2024-08-12 17:15:00+00:00,99590.12821356776
2024-08-12 17:30:00+00:00,99590.12821356776
2024-08-12 17:45:00+00:00,99590.12821356776
2024-08-12 18:00:00+00:00,99590.12821356776
2024-08-12 18:15:00+00:00,99590.12821356776
2024-08-12 18:30:00+00:00,99590.12821356776
2024-08-12 18:45:00+00:00,99590.12821356776
2024-08-12 19:00:00+00:00,99590.12821356776
2024-08-12 19:15:00+00:00,99590.12821356776
2024-08-12 19:30:00+00:00,99590.12821356776
2024-08-12 19:45:00+00:00,99590.12821356776
2024-08-12 20:00:00+00:00,99590.12821356776
2024-08-12 20:15:00+00:00,99590.12821356776
2024-08-12 20:30:00+00:00,99590.12821356776
2024-08-12 20:45:00+00:00,99590.12821356776
2024-08-12 21:00:00+00:00,99590.12821356776
2024-08-12 21:15:00+00:00,99590.12821356776
2024-08-12 21:30:00+00:00,99590.12821356776
2024-08-12 21:45:00+00:00,99590.12821356776
2024-08-12 22:00:00+00:00,99590.12821356776
2024-08-12 22:15:00+00:00,99590.12821356776
2024-08-12 22:30:00+00:00,99590.12821356776
2024-08-12 22:45:00+00:00,99590.12821356776
2024-08-12 23:00:00+00:00,99590.12821356776
2024-08-12 23:15:00+00:00,99590.12821356776
2024-08-12 23:30:00+00:00,99590.12821356776
2024-08-12 23:45:00+00:00,99590.12821356776
2024-08-13 00:00:00+00:00,99590.12821356776
2024-08-13 00:15:00+00:00,99590.12821356776
2024-08-13 00:30:00+00:00,99590.12821356776
2024-08-13 00:45:00+00:00,99590.12821356776
2024-08-13 01:00:00+00:00,99590.12821356776
2024-08-13 01:15:00+00:00,99590.12821356776
2024-08-13 01:30:00+00:00,99590.12821356776
2024-08-13 01:45:00+00:00,99590.12821356776
2024-08-13 02:00:00+00:00,99590.12821356776
2024-08-13 02:15:00+00:00,99590.12821356776
2024-08-13 02:30:00+00:00,99590.12821356776
2024-08-13 02:45:00+00:00,99590.12821356776
2024-08-13 03:00:00+00:00,99590.12821356776
2024-08-13 03:15:00+00:00,99590.12821356776
2024-08-13 03:30:00+00:00,99590.12821356776
2024-08-13 03:45:00+00:00,99590.12821356776
2024-08-13 04:00:00+00:00,99590.12821356776
2024-08-13 04:15:00+00:00,99590.12821356776
2024-08-13 04:30:00+00:00,99590.12821356776
2024-08-13 04:45:00+00:00,99590.12821356776
2024-08-13 05:00:00+00:00,99590.12821356776
2024-08-13 05:15:00+00:00,99590.12821356776
2024-08-13 05:30:00+00:00,99590.12821356776
2024-08-13 05:45:00+00:00,99590.12821356776
2024-08-13 06:00:00+00:00,99590.12821356776
2024-08-13 06:15:00+00:00,99590.12821356776
2024-08-13 06:30:00+00:00,99590.12821356776
2024-08-13 06:45:00+00:00,99590.12821356776
2024-08-13 07:00:00+00:00,99590.12821356776
2024-08-13 07:15:00+00:00,99590.12821356776
2024-08-13 07:30:00+00:00,99590.12821356776
2024-08-13 07:45:00+00:00,99590.12821356776
2024-08-13 08:00:00+00:00,99590.12821356776
2024-08-13 08:15:00+00:00,99590.12821356776
2024-08-13 08:30:00+00:00,99590.12821356776
2024-08-13 08:45:00+00:00,99590.12821356776
2024-08-13 09:00:00+00:00,99590.12821356776
2024-08-13 09:15:00+00:00,99590.12821356776
2024-08-13 09:30:00+00:00,99590.12821356776
2024-08-13 09:45:00+00:00,99590.12821356776
2024-08-13 10:00:00+00:00,99590.12821356776
2024-08-13 10:15:00+00:00,99590.12821356776
2024-08-13 10:30:00+00:00,99590.12821356776
2024-08-13 10:45:00+00:00,99590.12821356776
2024-08-13 11:00:00+00:00,99590.12821356776
2024-08-13 11:15:00+00:00,99590.12821356776
2024-08-13 11:30:00+00:00,99590.12821356776
2024-08-13 11:45:00+00:00,99590.12821356776
2024-08-13 12:00:00+00:00,99590.12821356776
2024-08-13 12:15:00+00:00,99590.12821356776
2024-08-13 12:30:00+00:00,99590.12821356776
2024-08-13 12:45:00+00:00,99590.12821356776
2024-08-13 13:00:00+00:00,99590.12821356776
2024-08-13 13:15:00+00:00,99590.12821356776
2024-08-13 13:30:00+00:00,99590.12821356776
2024-08-13 13:45:00+00:00,99590.12821356776
2024-08-13 14:00:00+00:00,99590.12821356776
2024-08-13 14:15:00+00:00,99590.12821356776
2024-08-13 14:30:00+00:00,99590.12821356776
2024-08-13 14:45:00+00:00,99590.12821356776
2024-08-13 15:00:00+00:00,99590.12821356776
2024-08-13 15:15:00+00:00,99590.12821356776
2024-08-13 15:30:00+00:00,99590.12821356776
2024-08-13 15:45:00+00:00,99590.12821356776
2024-08-13 16:00:00+00:00,99590.12821356776
2024-08-13 16:15:00+00:00,99586.01694873518
2024-08-13 16:30:00+00:00,99559.02971426392
2024-08-13 16:45:00+00:00,99559.02971426392
2024-08-13 17:00:00+00:00,99559.02971426392
2024-08-13 17:15:00+00:00,99559.02971426392
2024-08-13 17:30:00+00:00,99559.02971426392
2024-08-13 17:45:00+00:00,99559.02971426392
2024-08-13 18:00:00+00:00,99559.02971426392
2024-08-13 18:15:00+00:00,99559.02971426392
2024-08-13 18:30:00+00:00,99559.02971426392
2024-08-13 18:45:00+00:00,99559.02971426392
2024-08-13 19:00:00+00:00,99559.02971426392
2024-08-13 19:15:00+00:00,99559.02971426392
2024-08-13 19:30:00+00:00,99559.02971426392
2024-08-13 19:45:00+00:00,99559.02971426392
2024-08-13 20:00:00+00:00,99559.02971426392
2024-08-13 20:15:00+00:00,99559.02971426392
2024-08-13 20:30:00+00:00,99559.02971426392
2024-08-13 20:45:00+00:00,99559.02971426392
2024-08-13 21:00:00+00:00,99559.02971426392
2024-08-13 21:15:00+00:00,99559.02971426392
2024-08-13 21:30:00+00:00,99559.02971426392
2024-08-13 21:45:00+00:00,99559.02971426392
2024-08-13 22:00:00+00:00,99559.02971426392
2024-08-13 22:15:00+00:00,99559.02971426392
2024-08-13 22:30:00+00:00,99559.02971426392
2024-08-13 22:45:00+00:00,99559.02971426392
2024-08-13 23:00:00+00:00,99559.02971426392
2024-08-13 23:15:00+00:00,99559.02971426392
2024-08-13 23:30:00+00:00,99559.02971426392
2024-08-13 23:45:00+00:00,99559.02971426392
2024-08-14 00:00:00+00:00,99559.02971426392
2024-08-14 00:15:00+00:00,99559.02971426392
2024-08-14 00:30:00+00:00,99559.02971426392
2024-08-14 00:45:00+00:00,99559.02971426392
2024-08-14 01:00:00+00:00,99559.02971426392
2024-08-14 01:15:00+00:00,99559.02971426392
2024-08-14 01:30:00+00:00,99559.02971426392
2024-08-14 01:45:00+00:00,99559.02971426392
2024-08-14 02:00:00+00:00,99559.02971426392
2024-08-14 02:15:00+00:00,99559.02971426392
2024-08-14 02:30:00+00:00,99559.02971426392
2024-08-14 02:45:00+00:00,99559.02971426392
2024-08-14 03:00:00+00:00,99559.02971426392
2024-08-14 03:15:00+00:00,99559.02971426392
2024-08-14 03:30:00+00:00,99559.02971426392
2024-08-14 03:45:00+00:00,99559.02971426392
2024-08-14 04:00:00+00:00,99559.02971426392
2024-08-14 04:15:00+00:00,99559.02971426392
2024-08-14 04:30:00+00:00,99559.02971426392
2024-08-14 04:45:00+00:00,99559.02971426392
2024-08-14 05:00:00+00:00,99559.02971426392
2024-08-14 05:15:00+00:00,99559.02971426392
2024-08-14 05:30:00+00:00,99559.02971426392
2024-08-14 05:45:00+00:00,99559.02971426392
2024-08-14 06:00:00+00:00,99559.02971426392
2024-08-14 06:15:00+00:00,99559.02971426392
2024-08-14 06:30:00+00:00,99559.02971426392
2024-08-14 06:45:00+00:00,99559.02971426392
2024-08-14 07:00:00+00:00,99559.02971426392
2024-08-14 07:15:00+00:00,99559.02971426392
2024-08-14 07:30:00+00:00,99559.02971426392
2024-08-14 07:45:00+00:00,99559.02971426392
2024-08-14 08:00:00+00:00,99559.02971426392
2024-08-14 08:15:00+00:00,99559.02971426392
2024-08-14 08:30:00+00:00,99559.02971426392
2024-08-14 08:45:00+00:00,99559.02971426392
2024-08-14 09:00:00+00:00,99559.02971426392
2024-08-14 09:15:00+00:00,99559.02971426392
2024-08-14 09:30:00+00:00,99559.02971426392
2024-08-14 09:45:00+00:00,99559.02971426392
2024-08-14 10:00:00+00:00,99559.02971426392
2024-08-14 10:15:00+00:00,99559.02971426392
2024-08-14 10:30:00+00:00,99559.02971426392
2024-08-14 10:45:00+00:00,99559.02971426392
2024-08-14 11:00:00+00:00,99559.02971426392
2024-08-14 11:15:00+00:00,99559.02971426392
2024-08-14 11:30:00+00:00,99559.02971426392
2024-08-14 11:45:00+00:00,99559.02971426392
2024-08-14 12:00:00+00:00,99559.02971426392
2024-08-14 12:15:00+00:00,99559.02971426392
2024-08-14 12:30:00+00:00,99559.02971426392
2024-08-14 12:45:00+00:00,99559.02971426392
2024-08-14 13:00:00+00:00,99559.02971426392
2024-08-14 13:15:00+00:00,99559.02971426392
2024-08-14 13:30:00+00:00,99559.02971426392
2024-08-14 13:45:00+00:00,99559.02971426392
2024-08-14 14:00:00+00:00,99559.02971426392
2024-08-14 14:15:00+00:00,99559.02971426392
2024-08-14 14:30:00+00:00,99559.02971426392
2024-08-14 14:45:00+00:00,99559.02971426392
2024-08-14 15:00:00+00:00,99559.02971426392
2024-08-14 15:15:00+00:00,99559.02971426392
2024-08-14 15:30:00+00:00,99559.02971426392
2024-08-14 15:45:00+00:00,99559.02971426392
2024-08-14 16:00:00+00:00,99559.02971426392
2024-08-14 16:15:00+00:00,99559.02971426392
2024-08-14 16:30:00+00:00,99559.02971426392
2024-08-14 16:45:00+00:00,99559.02971426392
2024-08-14 17:00:00+00:00,99559.02971426392
2024-08-14 17:15:00+00:00,99559.02971426392
2024-08-14 17:30:00+00:00,99559.02971426392
2024-08-14 17:45:00+00:00,99559.02971426392
2024-08-14 18:00:00+00:00,99559.02971426392
2024-08-14 18:15:00+00:00,99559.02971426392
2024-08-14 18:30:00+00:00,99559.02971426392
2024-08-14 18:45:00+00:00,99559.02971426392
2024-08-14 19:00:00+00:00,99559.02971426392
2024-08-14 19:15:00+00:00,99559.02971426392
2024-08-14 19:30:00+00:00,99559.02971426392
2024-08-14 19:45:00+00:00,99559.02971426392
2024-08-14 20:00:00+00:00,99559.02971426392
2024-08-14 20:15:00+00:00,99559.02971426392
2024-08-14 20:30:00+00:00,99559.02971426392
2024-08-14 20:45:00+00:00,99559.02971426392
2024-08-14 21:00:00+00:00,99559.02971426392
2024-08-14 21:15:00+00:00,99559.02971426392
2024-08-14 21:30:00+00:00,99559.02971426392
2024-08-14 21:45:00+00:00,99559.02971426392
2024-08-14 22:00:00+00:00,99559.02971426392
2024-08-14 22:15:00+00:00,99559.02971426392
2024-08-14 22:30:00+00:00,99559.02971426392
2024-08-14 22:45:00+00:00,99559.02971426392
2024-08-14 23:00:00+00:00,99559.02971426392
2024-08-14 23:15:00+00:00,99559.02971426392
2024-08-14 23:30:00+00:00,99559.02971426392
2024-08-14 23:45:00+00:00,99559.02971426392
2024-08-15 00:00:00+00:00,99559.02971426392
2024-08-15 00:15:00+00:00,99559.02971426392
2024-08-15 00:30:00+00:00,99559.02971426392
2024-08-15 00:45:00+00:00,99559.02971426392
2024-08-15 01:00:00+00:00,99559.02971426392
2024-08-15 01:15:00+00:00,99559.02971426392
2024-08-15 01:30:00+00:00,99559.02971426392
2024-08-15 01:45:00+00:00,99559.02971426392
2024-08-15 02:00:00+00:00,99559.02971426392
2024-08-15 02:15:00+00:00,99559.02971426392
2024-08-15 02:30:00+00:00,99559.02971426392
2024-08-15 02:45:00+00:00,99559.02971426392
2024-08-15 03:00:00+00:00,99559.02971426392
2024-08-15 03:15:00+00:00,99559.02971426392
2024-08-15 03:30:00+00:00,99559.02971426392
2024-08-15 03:45:00+00:00,99559.02971426392
2024-08-15 04:00:00+00:00,99559.02971426392
2024-08-15 04:15:00+00:00,99559.02971426392
2024-08-15 04:30:00+00:00,99559.02971426392
2024-08-15 04:45:00+00:00,99559.02971426392
2024-08-15 05:00:00+00:00,99559.02971426392
2024-08-15 05:15:00+00:00,99559.02971426392
2024-08-15 05:30:00+00:00,99559.02971426392
2024-08-15 05:45:00+00:00,99559.02971426392
2024-08-15 06:00:00+00:00,99559.02971426392
2024-08-15 06:15:00+00:00,99559.02971426392
2024-08-15 06:30:00+00:00,99559.02971426392
2024-08-15 06:45:00+00:00,99559.02971426392
2024-08-15 07:00:00+00:00,99559.02971426392
2024-08-15 07:15:00+00:00,99559.02971426392
2024-08-15 07:30:00+00:00,99559.02971426392
2024-08-15 07:45:00+00:00,99559.02971426392
2024-08-15 08:00:00+00:00,99559.02971426392
2024-08-15 08:15:00+00:00,99559.02971426392
2024-08-15 08:30:00+00:00,99559.02971426392
2024-08-15 08:45:00+00:00,99559.02971426392
2024-08-15 09:00:00+00:00,99559.02971426392
2024-08-15 09:15:00+00:00,99559.02971426392
2024-08-15 09:30:00+00:00,99559.02971426392
2024-08-15 09:45:00+00:00,99559.02971426392
2024-08-15 10:00:00+00:00,99559.02971426392
2024-08-15 10:15:00+00:00,99559.02971426392
2024-08-15 10:30:00+00:00,99559.02971426392
2024-08-15 10:45:00+00:00,99559.02971426392
2024-08-15 11:00:00+00:00,99559.02971426392
2024-08-15 11:15:00+00:00,99559.02971426392
2024-08-15 11:30:00+00:00,99559.02971426392
2024-08-15 11:45:00+00:00,99559.02971426392
2024-08-15 12:00:00+00:00,99559.02971426392
2024-08-15 12:15:00+00:00,99559.02971426392
2024-08-15 12:30:00+00:00,99559.02971426392
2024-08-15 12:45:00+00:00,99559.02971426392
2024-08-15 13:00:00+00:00,99559.02971426392
2024-08-15 13:15:00+00:00,99559.02971426392
2024-08-15 13:30:00+00:00,99559.02971426392
2024-08-15 13:45:00+00:00,99559.02971426392
2024-08-15 14:00:00+00:00,99559.02971426392
2024-08-15 14:15:00+00:00,99559.02971426392
2024-08-15 14:30:00+00:00,99559.02971426392
2024-08-15 14:45:00+00:00,99559.02971426392
2024-08-15 15:00:00+00:00,99559.02971426392
2024-08-15 15:15:00+00:00,99559.02971426392
2024-08-15 15:30:00+00:00,99559.02971426392
2024-08-15 15:45:00+00:00,99559.02971426392
2024-08-15 16:00:00+00:00,99559.02971426392
2024-08-15 16:15:00+00:00,99559.02971426392
2024-08-15 16:30:00+00:00,99559.02971426392
2024-08-15 16:45:00+00:00,99559.02971426392
2024-08-15 17:00:00+00:00,99559.02971426392
2024-08-15 17:15:00+00:00,99559.02971426392
2024-08-15 17:30:00+00:00,99559.02971426392
2024-08-15 17:45:00+00:00,99559.02971426392
2024-08-15 18:00:00+00:00,99559.02971426392
2024-08-15 18:15:00+00:00,99559.02971426392
2024-08-15 18:30:00+00:00,99559.02971426392
2024-08-15 18:45:00+00:00,99559.02971426392
2024-08-15 19:00:00+00:00,99559.02971426392
2024-08-15 19:15:00+00:00,99559.02971426392
2024-08-15 19:30:00+00:00,99559.02971426392
2024-08-15 19:45:00+00:00,99559.02971426392
2024-08-15 20:00:00+00:00,99559.02971426392
2024-08-15 20:15:00+00:00,99559.02971426392
2024-08-15 20:30:00+00:00,99559.02971426392
2024-08-15 20:45:00+00:00,99559.02971426392
2024-08-15 21:00:00+00:00,99559.02971426392
2024-08-15 21:15:00+00:00,99559.02971426392
2024-08-15 21:30:00+00:00,99559.02971426392
2024-08-15 21:45:00+00:00,99559.02971426392
2024-08-15 22:00:00+00:00,99559.02971426392
2024-08-15 22:15:00+00:00,99559.02971426392
2024-08-15 22:30:00+00:00,99559.02971426392
2024-08-15 22:45:00+00:00,99559.02971426392
2024-08-15 23:00:00+00:00,99559.02971426392
2024-08-15 23:15:00+00:00,99559.02971426392
2024-08-15 23:30:00+00:00,99559.02971426392
2024-08-15 23:45:00+00:00,99559.02971426392
2024-08-16 00:00:00+00:00,99559.02971426392
2024-08-16 00:15:00+00:00,99559.02971426392
2024-08-16 00:30:00+00:00,99559.02971426392
2024-08-16 00:45:00+00:00,99559.02971426392
2024-08-16 01:00:00+00:00,99559.02971426392
2024-08-16 01:15:00+00:00,99559.02971426392
2024-08-16 01:30:00+00:00,99559.02971426392
2024-08-16 01:45:00+00:00,99559.02971426392
2024-08-16 02:00:00+00:00,99559.02971426392
2024-08-16 02:15:00+00:00,99559.02971426392
2024-08-16 02:30:00+00:00,99559.02971426392
2024-08-16 02:45:00+00:00,99559.02971426392
2024-08-16 03:00:00+00:00,99559.02971426392
2024-08-16 03:15:00+00:00,99559.02971426392
2024-08-16 03:30:00+00:00,99559.02971426392
2024-08-16 03:45:00+00:00,99559.02971426392
2024-08-16 04:00:00+00:00,99559.02971426392
2024-08-16 04:15:00+00:00,99559.02971426392
2024-08-16 04:30:00+00:00,99559.02971426392
2024-08-16 04:45:00+00:00,99559.02971426392
2024-08-16 05:00:00+00:00,99559.02971426392
2024-08-16 05:15:00+00:00,99559.02971426392
2024-08-16 05:30:00+00:00,99559.02971426392
2024-08-16 05:45:00+00:00,99559.02971426392
2024-08-16 06:00:00+00:00,99559.02971426392
2024-08-16 06:15:00+00:00,99559.02971426392
2024-08-16 06:30:00+00:00,99559.02971426392
2024-08-16 06:45:00+00:00,99559.02971426392
2024-08-16 07:00:00+00:00,99559.02971426392
2024-08-16 07:15:00+00:00,99559.02971426392
2024-08-16 07:30:00+00:00,99559.02971426392
2024-08-16 07:45:00+00:00,99559.02971426392
2024-08-16 08:00:00+00:00,99559.02971426392
2024-08-16 08:15:00+00:00,99559.02971426392
2024-08-16 08:30:00+00:00,99559.02971426392
2024-08-16 08:45:00+00:00,99559.02971426392
2024-08-16 09:00:00+00:00,99559.02971426392
2024-08-16 09:15:00+00:00,99559.02971426392
2024-08-16 09:30:00+00:00,99559.02971426392
2024-08-16 09:45:00+00:00,99559.02971426392
2024-08-16 10:00:00+00:00,99559.02971426392
2024-08-16 10:15:00+00:00,99559.02971426392
2024-08-16 10:30:00+00:00,99559.02971426392
2024-08-16 10:45:00+00:00,99559.02971426392
2024-08-16 11:00:00+00:00,99559.02971426392
2024-08-16 11:15:00+00:00,99559.02971426392
2024-08-16 11:30:00+00:00,99559.02971426392
2024-08-16 11:45:00+00:00,99559.02971426392
2024-08-16 12:00:00+00:00,99559.02971426392
2024-08-16 12:15:00+00:00,99559.02971426392
2024-08-16 12:30:00+00:00,99559.02971426392
2024-08-16 12:45:00+00:00,99559.02971426392
2024-08-16 13:00:00+00:00,99559.02971426392
2024-08-16 13:15:00+00:00,99559.02971426392
2024-08-16 13:30:00+00:00,99559.02971426392
2024-08-16 13:45:00+00:00,99559.02971426392
2024-08-16 14:00:00+00:00,99559.02971426392
2024-08-16 14:15:00+00:00,99559.02971426392
2024-08-16 14:30:00+00:00,99559.02971426392
2024-08-16 14:45:00+00:00,99559.02971426392
2024-08-16 15:00:00+00:00,99559.02971426392
2024-08-16 15:15:00+00:00,99559.02971426392
2024-08-16 15:30:00+00:00,99559.02971426392
2024-08-16 15:45:00+00:00,99559.02971426392
2024-08-16 16:00:00+00:00,99559.02971426392
2024-08-16 16:15:00+00:00,99559.02971426392
2024-08-16 16:30:00+00:00,99559.02971426392
2024-08-16 16:45:00+00:00,99559.02971426392
2024-08-16 17:00:00+00:00,99559.02971426392
2024-08-16 17:15:00+00:00,99559.02971426392
2024-08-16 17:30:00+00:00,99559.02971426392
2024-08-16 17:45:00+00:00,99559.02971426392
2024-08-16 18:00:00+00:00,99559.02971426392
2024-08-16 18:15:00+00:00,99559.02971426392
2024-08-16 18:30:00+00:00,99559.02971426392
2024-08-16 18:45:00+00:00,99559.02971426392
2024-08-16 19:00:00+00:00,99559.02971426392
2024-08-16 19:15:00+00:00,99559.02971426392
2024-08-16 19:30:00+00:00,99559.02971426392
2024-08-16 19:45:00+00:00,99559.02971426392
2024-08-16 20:00:00+00:00,99559.02971426392
2024-08-16 20:15:00+00:00,99559.02971426392
2024-08-16 20:30:00+00:00,99559.02971426392
2024-08-16 20:45:00+00:00,99559.02971426392
2024-08-16 21:00:00+00:00,99559.02971426392
2024-08-16 21:15:00+00:00,99559.02971426392
2024-08-16 21:30:00+00:00,99559.02971426392
2024-08-16 21:45:00+00:00,99559.02971426392
2024-08-16 22:00:00+00:00,99559.02971426392
2024-08-16 22:15:00+00:00,99559.02971426392
2024-08-16 22:30:00+00:00,99559.02971426392
2024-08-16 22:45:00+00:00,99559.02971426392
2024-08-16 23:00:00+00:00,99559.02971426392
2024-08-16 23:15:00+00:00,99559.02971426392
2024-08-16 23:30:00+00:00,99559.02971426392
2024-08-16 23:45:00+00:00,99559.02971426392
2024-08-17 00:00:00+00:00,99559.02971426392
2024-08-17 00:15:00+00:00,99559.02971426392
2024-08-17 00:30:00+00:00,99559.02971426392
2024-08-17 00:45:00+00:00,99559.02971426392
2024-08-17 01:00:00+00:00,99559.02971426392
2024-08-17 01:15:00+00:00,99559.02971426392
2024-08-17 01:30:00+00:00,99559.02971426392
2024-08-17 01:45:00+00:00,99559.02971426392
2024-08-17 02:00:00+00:00,99559.02971426392
2024-08-17 02:15:00+00:00,99559.02971426392
2024-08-17 02:30:00+00:00,99559.02971426392
2024-08-17 02:45:00+00:00,99559.02971426392
2024-08-17 03:00:00+00:00,99559.02971426392
2024-08-17 03:15:00+00:00,99559.02971426392
2024-08-17 03:30:00+00:00,99559.02971426392
2024-08-17 03:45:00+00:00,99559.02971426392
2024-08-17 04:00:00+00:00,99559.02971426392
2024-08-17 04:15:00+00:00,99559.02971426392
2024-08-17 04:30:00+00:00,99559.02971426392
2024-08-17 04:45:00+00:00,99559.02971426392
2024-08-17 05:00:00+00:00,99559.02971426392
2024-08-17 05:15:00+00:00,99559.02971426392
2024-08-17 05:30:00+00:00,99559.02971426392
2024-08-17 05:45:00+00:00,99559.02971426392
2024-08-17 06:00:00+00:00,99559.02971426392
2024-08-17 06:15:00+00:00,99559.02971426392
2024-08-17 06:30:00+00:00,99559.02971426392
2024-08-17 06:45:00+00:00,99559.02971426392
2024-08-17 07:00:00+00:00,99559.02971426392
2024-08-17 07:15:00+00:00,99559.02971426392
2024-08-17 07:30:00+00:00,99559.02971426392
2024-08-17 07:45:00+00:00,99559.02971426392
2024-08-17 08:00:00+00:00,99559.02971426392
2024-08-17 08:15:00+00:00,99559.02971426392
2024-08-17 08:30:00+00:00,99559.02971426392
2024-08-17 08:45:00+00:00,99559.02971426392
2024-08-17 09:00:00+00:00,99559.02971426392
2024-08-17 09:15:00+00:00,99559.02971426392
2024-08-17 09:30:00+00:00,99559.02971426392
2024-08-17 09:45:00+00:00,99559.02971426392
2024-08-17 10:00:00+00:00,99559.02971426392
2024-08-17 10:15:00+00:00,99559.02971426392
2024-08-17 10:30:00+00:00,99559.02971426392
2024-08-17 10:45:00+00:00,99559.02971426392
2024-08-17 11:00:00+00:00,99559.02971426392
2024-08-17 11:15:00+00:00,99559.02971426392
2024-08-17 11:30:00+00:00,99559.02971426392
2024-08-17 11:45:00+00:00,99559.02971426392
2024-08-17 12:00:00+00:00,99559.02971426392
2024-08-17 12:15:00+00:00,99559.02971426392
2024-08-17 12:30:00+00:00,99559.02971426392
2024-08-17 12:45:00+00:00,99559.02971426392
2024-08-17 13:00:00+00:00,99559.02971426392
2024-08-17 13:15:00+00:00,99559.02971426392
2024-08-17 13:30:00+00:00,99559.02971426392
2024-08-17 13:45:00+00:00,99559.02971426392
2024-08-17 14:00:00+00:00,99559.02971426392
2024-08-17 14:15:00+00:00,99559.02971426392
2024-08-17 14:30:00+00:00,99559.02971426392
2024-08-17 14:45:00+00:00,99559.02971426392
2024-08-17 15:00:00+00:00,99559.02971426392
2024-08-17 15:15:00+00:00,99559.02971426392
2024-08-17 15:30:00+00:00,99559.02971426392
2024-08-17 15:45:00+00:00,99559.02971426392
2024-08-17 16:00:00+00:00,99559.02971426392
2024-08-17 16:15:00+00:00,99559.02971426392
2024-08-17 16:30:00+00:00,99559.02971426392
2024-08-17 16:45:00+00:00,99559.02971426392
2024-08-17 17:00:00+00:00,99559.02971426392
2024-08-17 17:15:00+00:00,99559.02971426392
2024-08-17 17:30:00+00:00,99559.02971426392
2024-08-17 17:45:00+00:00,99559.02971426392
2024-08-17 18:00:00+00:00,99559.02971426392
2024-08-17 18:15:00+00:00,99559.02971426392
2024-08-17 18:30:00+00:00,99559.02971426392
2024-08-17 18:45:00+00:00,99559.02971426392
2024-08-17 19:00:00+00:00,99559.02971426392
2024-08-17 19:15:00+00:00,99559.02971426392
2024-08-17 19:30:00+00:00,99559.02971426392
2024-08-17 19:45:00+00:00,99559.02971426392
2024-08-17 20:00:00+00:00,99559.02971426392
2024-08-17 20:15:00+00:00,99559.02971426392
2024-08-17 20:30:00+00:00,99559.02971426392
2024-08-17 20:45:00+00:00,99559.02971426392
2024-08-17 21:00:00+00:00,99559.02971426392
2024-08-17 21:15:00+00:00,99559.02971426392
2024-08-17 21:30:00+00:00,99559.02971426392
2024-08-17 21:45:00+00:00,99559.02971426392
2024-08-17 22:00:00+00:00,99559.02971426392
2024-08-17 22:15:00+00:00,99559.02971426392
2024-08-17 22:30:00+00:00,99559.02971426392
2024-08-17 22:45:00+00:00,99559.02971426392
2024-08-17 23:00:00+00:00,99559.02971426392
2024-08-17 23:15:00+00:00,99559.02971426392
2024-08-17 23:30:00+00:00,99559.02971426392
2024-08-17 23:45:00+00:00,99559.02971426392
2024-08-18 00:00:00+00:00,99559.02971426392
2024-08-18 00:15:00+00:00,99559.02971426392
2024-08-18 00:30:00+00:00,99559.02971426392
2024-08-18 00:45:00+00:00,99559.02971426392
2024-08-18 01:00:00+00:00,99559.02971426392
2024-08-18 01:15:00+00:00,99559.02971426392
2024-08-18 01:30:00+00:00,99559.02971426392
2024-08-18 01:45:00+00:00,99559.02971426392
2024-08-18 02:00:00+00:00,99559.02971426392
2024-08-18 02:15:00+00:00,99559.02971426392
2024-08-18 02:30:00+00:00,99559.02971426392
2024-08-18 02:45:00+00:00,99559.02971426392
2024-08-18 03:00:00+00:00,99559.02971426392
2024-08-18 03:15:00+00:00,99559.02971426392
2024-08-18 03:30:00+00:00,99559.02971426392
2024-08-18 03:45:00+00:00,99559.02971426392
2024-08-18 04:00:00+00:00,99559.02971426392
2024-08-18 04:15:00+00:00,99559.02971426392
2024-08-18 04:30:00+00:00,99559.02971426392
2024-08-18 04:45:00+00:00,99559.02971426392
2024-08-18 05:00:00+00:00,99559.02971426392
2024-08-18 05:15:00+00:00,99559.02971426392
2024-08-18 05:30:00+00:00,99559.02971426392
2024-08-18 05:45:00+00:00,99559.02971426392
2024-08-18 06:00:00+00:00,99559.02971426392
2024-08-18 06:15:00+00:00,99559.02971426392
2024-08-18 06:30:00+00:00,99559.02971426392
2024-08-18 06:45:00+00:00,99559.02971426392
2024-08-18 07:00:00+00:00,99559.02971426392
2024-08-18 07:15:00+00:00,99559.02971426392
2024-08-18 07:30:00+00:00,99559.02971426392
2024-08-18 07:45:00+00:00,99559.02971426392
2024-08-18 08:00:00+00:00,99559.02971426392
2024-08-18 08:15:00+00:00,99559.02971426392
2024-08-18 08:30:00+00:00,99559.02971426392
2024-08-18 08:45:00+00:00,99559.02971426392
2024-08-18 09:00:00+00:00,99559.02971426392
2024-08-18 09:15:00+00:00,99559.02971426392
2024-08-18 09:30:00+00:00,99559.02971426392
2024-08-18 09:45:00+00:00,99559.02971426392
2024-08-18 10:00:00+00:00,99559.02971426392
2024-08-18 10:15:00+00:00,99559.02971426392
2024-08-18 10:30:00+00:00,99559.02971426392
2024-08-18 10:45:00+00:00,99559.02971426392
2024-08-18 11:00:00+00:00,99559.02971426392
2024-08-18 11:15:00+00:00,99559.02971426392
2024-08-18 11:30:00+00:00,99559.02971426392
2024-08-18 11:45:00+00:00,99559.02971426392
2024-08-18 12:00:00+00:00,99559.02971426392
2024-08-18 12:15:00+00:00,99559.02971426392
2024-08-18 12:30:00+00:00,99559.02971426392
2024-08-18 12:45:00+00:00,99559.02971426392
2024-08-18 13:00:00+00:00,99559.02971426392
2024-08-18 13:15:00+00:00,99559.02971426392
2024-08-18 13:30:00+00:00,99559.02971426392
2024-08-18 13:45:00+00:00,99559.02971426392
2024-08-18 14:00:00+00:00,99559.02971426392
2024-08-18 14:15:00+00:00,99559.02971426392
2024-08-18 14:30:00+00:00,99559.02971426392
2024-08-18 14:45:00+00:00,99559.02971426392
2024-08-18 15:00:00+00:00,99559.02971426392
2024-08-18 15:15:00+00:00,99559.02971426392
2024-08-18 15:30:00+00:00,99559.02971426392
2024-08-18 15:45:00+00:00,99559.02971426392
2024-08-18 16:00:00+00:00,99559.02971426392
2024-08-18 16:15:00+00:00,99559.02971426392
2024-08-18 16:30:00+00:00,99559.02971426392
2024-08-18 16:45:00+00:00,99559.02971426392
2024-08-18 17:00:00+00:00,99559.02971426392
2024-08-18 17:15:00+00:00,99559.02971426392
2024-08-18 17:30:00+00:00,99559.02971426392
2024-08-18 17:45:00+00:00,99559.02971426392
2024-08-18 18:00:00+00:00,99559.02971426392
2024-08-18 18:15:00+00:00,99559.02971426392
2024-08-18 18:30:00+00:00,99559.02971426392
2024-08-18 18:45:00+00:00,99559.02971426392
2024-08-18 19:00:00+00:00,99559.02971426392
2024-08-18 19:15:00+00:00,99559.02971426392
2024-08-18 19:30:00+00:00,99559.02971426392
2024-08-18 19:45:00+00:00,99559.02971426392
2024-08-18 20:00:00+00:00,99559.02971426392
2024-08-18 20:15:00+00:00,99559.02971426392
2024-08-18 20:30:00+00:00,99559.02971426392
2024-08-18 20:45:00+00:00,99559.02971426392
2024-08-18 21:00:00+00:00,99559.02971426392
2024-08-18 21:15:00+00:00,99559.02971426392
2024-08-18 21:30:00+00:00,99559.02971426392
2024-08-18 21:45:00+00:00,99559.02971426392
2024-08-18 22:00:00+00:00,99559.02971426392
2024-08-18 22:15:00+00:00,99559.02971426392
2024-08-18 22:30:00+00:00,99559.02971426392
2024-08-18 22:45:00+00:00,99559.02971426392
2024-08-18 23:00:00+00:00,99559.02971426392
2024-08-18 23:15:00+00:00,99559.02971426392
2024-08-18 23:30:00+00:00,99559.02971426392
2024-08-18 23:45:00+00:00,99559.02971426392
2024-08-19 00:00:00+00:00,99559.02971426392
2024-08-19 00:15:00+00:00,99553.30211918679
2024-08-19 00:30:00+00:00,99557.3241103334
2024-08-19 00:45:00+00:00,99551.105728264
2024-08-19 01:00:00+00:00,99554.39702474038
2024-08-19 01:15:00+00:00,99553.72844399499
2024-08-19 01:30:00+00:00,99557.66198509777
2024-08-19 01:45:00+00:00,99556.68318325405
2024-08-19 02:00:00+00:00,99554.64858151463
2024-08-19 02:15:00+00:00,99548.85854088565
2024-08-19 02:30:00+00:00,99548.85854088565
2024-08-19 02:45:00+00:00,99548.85854088565
2024-08-19 03:00:00+00:00,99548.85854088565
2024-08-19 03:15:00+00:00,99548.85854088565
2024-08-19 03:30:00+00:00,99548.85854088565
2024-08-19 03:45:00+00:00,99548.85854088565
2024-08-19 04:00:00+00:00,99548.85854088565
2024-08-19 04:15:00+00:00,99546.0715092861
2024-08-19 04:30:00+00:00,99544.85777954913
2024-08-19 04:45:00+00:00,99546.9505183938
2024-08-19 05:00:00+00:00,99544.53236455924
2024-08-19 05:15:00+00:00,99534.67352261516
2024-08-19 05:30:00+00:00,99534.67352261516
2024-08-19 05:45:00+00:00,99534.67352261516
2024-08-19 06:00:00+00:00,99534.67352261516
2024-08-19 06:15:00+00:00,99534.67352261516
2024-08-19 06:30:00+00:00,99534.67352261516
2024-08-19 06:45:00+00:00,99534.67352261516
2024-08-19 07:00:00+00:00,99534.67352261516
2024-08-19 07:15:00+00:00,99534.67352261516
2024-08-19 07:30:00+00:00,99534.67352261516
2024-08-19 07:45:00+00:00,99534.67352261516
2024-08-19 08:00:00+00:00,99534.67352261516
2024-08-19 08:15:00+00:00,99534.67352261516
2024-08-19 08:30:00+00:00,99534.67352261516
2024-08-19 08:45:00+00:00,99534.67352261516
2024-08-19 09:00:00+00:00,99534.67352261516
2024-08-19 09:15:00+00:00,99534.67352261516
2024-08-19 09:30:00+00:00,99534.67352261516
2024-08-19 09:45:00+00:00,99534.67352261516
2024-08-19 10:00:00+00:00,99534.67352261516
2024-08-19 10:15:00+00:00,99534.67352261516
2024-08-19 10:30:00+00:00,99534.67352261516
2024-08-19 10:45:00+00:00,99534.67352261516
2024-08-19 11:00:00+00:00,99534.67352261516
2024-08-19 11:15:00+00:00,99534.67352261516
2024-08-19 11:30:00+00:00,99534.67352261516
2024-08-19 11:45:00+00:00,99534.67352261516
2024-08-19 12:00:00+00:00,99534.67352261516
2024-08-19 12:15:00+00:00,99534.67352261516
2024-08-19 12:30:00+00:00,99534.67352261516
2024-08-19 12:45:00+00:00,99534.67352261516
2024-08-19 13:00:00+00:00,99534.67352261516
2024-08-19 13:15:00+00:00,99534.67352261516
2024-08-19 13:30:00+00:00,99534.67352261516
2024-08-19 13:45:00+00:00,99534.67352261516
2024-08-19 14:00:00+00:00,99534.67352261516
2024-08-19 14:15:00+00:00,99534.67352261516
2024-08-19 14:30:00+00:00,99534.67352261516
2024-08-19 14:45:00+00:00,99534.67352261516
2024-08-19 15:00:00+00:00,99534.67352261516
2024-08-19 15:15:00+00:00,99534.67352261516
2024-08-19 15:30:00+00:00,99534.67352261516
2024-08-19 15:45:00+00:00,99534.67352261516
2024-08-19 16:00:00+00:00,99534.67352261516
2024-08-19 16:15:00+00:00,99534.67352261516
2024-08-19 16:30:00+00:00,99534.67352261516
2024-08-19 16:45:00+00:00,99534.67352261516
2024-08-19 17:00:00+00:00,99534.67352261516
2024-08-19 17:15:00+00:00,99534.67352261516
2024-08-19 17:30:00+00:00,99534.67352261516
2024-08-19 17:45:00+00:00,99534.67352261516
2024-08-19 18:00:00+00:00,99534.67352261516
2024-08-19 18:15:00+00:00,99534.67352261516
2024-08-19 18:30:00+00:00,99534.67352261516
2024-08-19 18:45:00+00:00,99534.67352261516
2024-08-19 19:00:00+00:00,99534.67352261516
2024-08-19 19:15:00+00:00,99534.67352261516
2024-08-19 19:30:00+00:00,99534.67352261516
2024-08-19 19:45:00+00:00,99534.67352261516
2024-08-19 20:00:00+00:00,99534.67352261516
2024-08-19 20:15:00+00:00,99534.67352261516
2024-08-19 20:30:00+00:00,99534.67352261516
2024-08-19 20:45:00+00:00,99534.67352261516
2024-08-19 21:00:00+00:00,99534.67352261516
2024-08-19 21:15:00+00:00,99534.67352261516
2024-08-19 21:30:00+00:00,99534.67352261516
2024-08-19 21:45:00+00:00,99534.67352261516
2024-08-19 22:00:00+00:00,99534.67352261516
2024-08-19 22:15:00+00:00,99534.67352261516
2024-08-19 22:30:00+00:00,99534.67352261516
2024-08-19 22:45:00+00:00,99534.67352261516
2024-08-19 23:00:00+00:00,99534.67352261516
2024-08-19 23:15:00+00:00,99534.67352261516
2024-08-19 23:30:00+00:00,99534.67352261516
2024-08-19 23:45:00+00:00,99534.67352261516
2024-08-20 00:00:00+00:00,99534.67352261516
2024-08-20 00:15:00+00:00,99534.67352261516
2024-08-20 00:30:00+00:00,99534.67352261516
2024-08-20 00:45:00+00:00,99534.67352261516
2024-08-20 01:00:00+00:00,99534.67352261516
2024-08-20 01:15:00+00:00,99534.67352261516
2024-08-20 01:30:00+00:00,99534.67352261516
2024-08-20 01:45:00+00:00,99534.67352261516
2024-08-20 02:00:00+00:00,99534.67352261516
2024-08-20 02:15:00+00:00,99534.67352261516
2024-08-20 02:30:00+00:00,99534.67352261516
2024-08-20 02:45:00+00:00,99534.67352261516
2024-08-20 03:00:00+00:00,99534.67352261516
2024-08-20 03:15:00+00:00,99534.67352261516
2024-08-20 03:30:00+00:00,99534.67352261516
2024-08-20 03:45:00+00:00,99534.67352261516
2024-08-20 04:00:00+00:00,99534.67352261516
2024-08-20 04:15:00+00:00,99534.67352261516
2024-08-20 04:30:00+00:00,99534.67352261516
2024-08-20 04:45:00+00:00,99534.67352261516
2024-08-20 05:00:00+00:00,99534.67352261516
2024-08-20 05:15:00+00:00,99534.67352261516
2024-08-20 05:30:00+00:00,99534.67352261516
2024-08-20 05:45:00+00:00,99534.67352261516
2024-08-20 06:00:00+00:00,99534.67352261516
2024-08-20 06:15:00+00:00,99534.67352261516
2024-08-20 06:30:00+00:00,99534.67352261516
2024-08-20 06:45:00+00:00,99534.67352261516
2024-08-20 07:00:00+00:00,99534.67352261516
2024-08-20 07:15:00+00:00,99534.67352261516
2024-08-20 07:30:00+00:00,99534.67352261516
2024-08-20 07:45:00+00:00,99534.67352261516
2024-08-20 08:00:00+00:00,99534.67352261516
2024-08-20 08:15:00+00:00,99534.67352261516
2024-08-20 08:30:00+00:00,99534.67352261516
2024-08-20 08:45:00+00:00,99534.67352261516
2024-08-20 09:00:00+00:00,99534.67352261516
2024-08-20 09:15:00+00:00,99534.67352261516
2024-08-20 09:30:00+00:00,99534.67352261516
2024-08-20 09:45:00+00:00,99534.67352261516
2024-08-20 10:00:00+00:00,99534.67352261516
2024-08-20 10:15:00+00:00,99534.67352261516
2024-08-20 10:30:00+00:00,99534.67352261516
2024-08-20 10:45:00+00:00,99534.67352261516
2024-08-20 11:00:00+00:00,99534.67352261516
2024-08-20 11:15:00+00:00,99534.67352261516
2024-08-20 11:30:00+00:00,99534.67352261516
2024-08-20 11:45:00+00:00,99534.67352261516
2024-08-20 12:00:00+00:00,99534.67352261516
2024-08-20 12:15:00+00:00,99534.67352261516
2024-08-20 12:30:00+00:00,99534.67352261516
2024-08-20 12:45:00+00:00,99534.67352261516
2024-08-20 13:00:00+00:00,99534.67352261516
2024-08-20 13:15:00+00:00,99534.67352261516
2024-08-20 13:30:00+00:00,99534.67352261516
2024-08-20 13:45:00+00:00,99534.67352261516
2024-08-20 14:00:00+00:00,99534.67352261516
2024-08-20 14:15:00+00:00,99534.67352261516
2024-08-20 14:30:00+00:00,99534.67352261516
2024-08-20 14:45:00+00:00,99534.67352261516
2024-08-20 15:00:00+00:00,99534.67352261516
2024-08-20 15:15:00+00:00,99534.67352261516
2024-08-20 15:30:00+00:00,99534.67352261516
2024-08-20 15:45:00+00:00,99534.67352261516
2024-08-20 16:00:00+00:00,99534.67352261516
2024-08-20 16:15:00+00:00,99534.67352261516
2024-08-20 16:30:00+00:00,99534.67352261516
2024-08-20 16:45:00+00:00,99534.67352261516
2024-08-20 17:00:00+00:00,99534.67352261516
2024-08-20 17:15:00+00:00,99534.67352261516
2024-08-20 17:30:00+00:00,99534.67352261516
2024-08-20 17:45:00+00:00,99534.67352261516
2024-08-20 18:00:00+00:00,99534.67352261516
2024-08-20 18:15:00+00:00,99534.67352261516
2024-08-20 18:30:00+00:00,99534.67352261516
2024-08-20 18:45:00+00:00,99534.67352261516
2024-08-20 19:00:00+00:00,99534.67352261516
2024-08-20 19:15:00+00:00,99534.67352261516
2024-08-20 19:30:00+00:00,99534.67352261516
2024-08-20 19:45:00+00:00,99534.67352261516
2024-08-20 20:00:00+00:00,99534.67352261516
2024-08-20 20:15:00+00:00,99534.67352261516
2024-08-20 20:30:00+00:00,99534.67352261516
2024-08-20 20:45:00+00:00,99534.67352261516
2024-08-20 21:00:00+00:00,99534.67352261516
2024-08-20 21:15:00+00:00,99534.67352261516
2024-08-20 21:30:00+00:00,99534.67352261516
2024-08-20 21:45:00+00:00,99534.67352261516
2024-08-20 22:00:00+00:00,99534.67352261516
2024-08-20 22:15:00+00:00,99534.67352261516
2024-08-20 22:30:00+00:00,99534.67352261516
2024-08-20 22:45:00+00:00,99534.67352261516
2024-08-20 23:00:00+00:00,99534.67352261516
2024-08-20 23:15:00+00:00,99534.67352261516
2024-08-20 23:30:00+00:00,99534.67352261516
2024-08-20 23:45:00+00:00,99534.67352261516
2024-08-21 00:00:00+00:00,99534.67352261516
2024-08-21 00:15:00+00:00,99534.67352261516
2024-08-21 00:30:00+00:00,99534.67352261516
2024-08-21 00:45:00+00:00,99534.67352261516
2024-08-21 01:00:00+00:00,99534.67352261516
2024-08-21 01:15:00+00:00,99534.67352261516
2024-08-21 01:30:00+00:00,99534.67352261516
2024-08-21 01:45:00+00:00,99534.67352261516
2024-08-21 02:00:00+00:00,99534.67352261516
2024-08-21 02:15:00+00:00,99534.67352261516
2024-08-21 02:30:00+00:00,99534.67352261516
2024-08-21 02:45:00+00:00,99534.67352261516
2024-08-21 03:00:00+00:00,99534.67352261516
2024-08-21 03:15:00+00:00,99534.67352261516
2024-08-21 03:30:00+00:00,99534.67352261516
2024-08-21 03:45:00+00:00,99534.67352261516
2024-08-21 04:00:00+00:00,99534.67352261516
2024-08-21 04:15:00+00:00,99534.67352261516
2024-08-21 04:30:00+00:00,99534.67352261516
2024-08-21 04:45:00+00:00,99534.67352261516
2024-08-21 05:00:00+00:00,99534.67352261516
2024-08-21 05:15:00+00:00,99534.67352261516
2024-08-21 05:30:00+00:00,99534.67352261516
2024-08-21 05:45:00+00:00,99534.67352261516
2024-08-21 06:00:00+00:00,99534.67352261516
2024-08-21 06:15:00+00:00,99534.67352261516
2024-08-21 06:30:00+00:00,99534.67352261516
2024-08-21 06:45:00+00:00,99534.67352261516
2024-08-21 07:00:00+00:00,99534.67352261516
2024-08-21 07:15:00+00:00,99534.67352261516
2024-08-21 07:30:00+00:00,99534.67352261516
2024-08-21 07:45:00+00:00,99534.67352261516
2024-08-21 08:00:00+00:00,99534.67352261516
2024-08-21 08:15:00+00:00,99534.67352261516
2024-08-21 08:30:00+00:00,99534.67352261516
2024-08-21 08:45:00+00:00,99534.67352261516
2024-08-21 09:00:00+00:00,99534.67352261516
2024-08-21 09:15:00+00:00,99534.67352261516
2024-08-21 09:30:00+00:00,99534.67352261516
2024-08-21 09:45:00+00:00,99534.67352261516
2024-08-21 10:00:00+00:00,99534.67352261516
2024-08-21 10:15:00+00:00,99534.67352261516
2024-08-21 10:30:00+00:00,99534.67352261516
2024-08-21 10:45:00+00:00,99534.67352261516
2024-08-21 11:00:00+00:00,99534.67352261516
2024-08-21 11:15:00+00:00,99534.67352261516
2024-08-21 11:30:00+00:00,99534.67352261516
2024-08-21 11:45:00+00:00,99534.67352261516
2024-08-21 12:00:00+00:00,99534.67352261516
2024-08-21 12:15:00+00:00,99534.67352261516
2024-08-21 12:30:00+00:00,99534.67352261516
2024-08-21 12:45:00+00:00,99534.67352261516
2024-08-21 13:00:00+00:00,99534.67352261516
2024-08-21 13:15:00+00:00,99534.67352261516
2024-08-21 13:30:00+00:00,99534.67352261516
2024-08-21 13:45:00+00:00,99534.67352261516
2024-08-21 14:00:00+00:00,99534.67352261516
2024-08-21 14:15:00+00:00,99534.67352261516
2024-08-21 14:30:00+00:00,99534.67352261516
2024-08-21 14:45:00+00:00,99534.67352261516
2024-08-21 15:00:00+00:00,99534.67352261516
2024-08-21 15:15:00+00:00,99534.67352261516
2024-08-21 15:30:00+00:00,99534.67352261516
2024-08-21 15:45:00+00:00,99534.67352261516
2024-08-21 16:00:00+00:00,99534.67352261516
2024-08-21 16:15:00+00:00,99534.67352261516
2024-08-21 16:30:00+00:00,99534.67352261516
2024-08-21 16:45:00+00:00,99534.67352261516
2024-08-21 17:00:00+00:00,99534.67352261516
2024-08-21 17:15:00+00:00,99534.67352261516
2024-08-21 17:30:00+00:00,99534.67352261516
2024-08-21 17:45:00+00:00,99534.67352261516
2024-08-21 18:00:00+00:00,99534.67352261516
2024-08-21 18:15:00+00:00,99534.67352261516
2024-08-21 18:30:00+00:00,99534.67352261516
2024-08-21 18:45:00+00:00,99534.67352261516
2024-08-21 19:00:00+00:00,99534.67352261516
2024-08-21 19:15:00+00:00,99534.67352261516
2024-08-21 19:30:00+00:00,99534.67352261516
2024-08-21 19:45:00+00:00,99534.67352261516
2024-08-21 20:00:00+00:00,99534.67352261516
2024-08-21 20:15:00+00:00,99541.01352613405
2024-08-21 20:30:00+00:00,99542.98455325565
2024-08-21 20:45:00+00:00,99541.45023476008
2024-08-21 21:00:00+00:00,99549.94300858887
2024-08-21 21:15:00+00:00,99549.94300858887
2024-08-21 21:30:00+00:00,99549.94300858887
2024-08-21 21:45:00+00:00,99549.94300858887
2024-08-21 22:00:00+00:00,99549.94300858887
2024-08-21 22:15:00+00:00,99549.94300858887
2024-08-21 22:30:00+00:00,99549.94300858887
2024-08-21 22:45:00+00:00,99549.94300858887
2024-08-21 23:00:00+00:00,99549.94300858887
2024-08-21 23:15:00+00:00,99549.94300858887
2024-08-21 23:30:00+00:00,99549.94300858887
2024-08-21 23:45:00+00:00,99549.94300858887
2024-08-22 00:00:00+00:00,99549.94300858887
2024-08-22 00:15:00+00:00,99549.94300858887
2024-08-22 00:30:00+00:00,99549.94300858887
2024-08-22 00:45:00+00:00,99549.94300858887
2024-08-22 01:00:00+00:00,99549.94300858887
2024-08-22 01:15:00+00:00,99549.94300858887
2024-08-22 01:30:00+00:00,99549.94300858887
2024-08-22 01:45:00+00:00,99549.94300858887
2024-08-22 02:00:00+00:00,99549.94300858887
2024-08-22 02:15:00+00:00,99549.94300858887
2024-08-22 02:30:00+00:00,99549.94300858887
2024-08-22 02:45:00+00:00,99549.94300858887
2024-08-22 03:00:00+00:00,99549.94300858887
2024-08-22 03:15:00+00:00,99549.94300858887
2024-08-22 03:30:00+00:00,99549.94300858887
2024-08-22 03:45:00+00:00,99549.94300858887
2024-08-22 04:00:00+00:00,99549.94300858887
2024-08-22 04:15:00+00:00,99549.94300858887
2024-08-22 04:30:00+00:00,99549.94300858887
2024-08-22 04:45:00+00:00,99549.94300858887
2024-08-22 05:00:00+00:00,99549.94300858887
2024-08-22 05:15:00+00:00,99549.94300858887
2024-08-22 05:30:00+00:00,99549.94300858887
2024-08-22 05:45:00+00:00,99549.94300858887
2024-08-22 06:00:00+00:00,99549.94300858887
2024-08-22 06:15:00+00:00,99549.94300858887
2024-08-22 06:30:00+00:00,99549.94300858887
2024-08-22 06:45:00+00:00,99549.94300858887
2024-08-22 07:00:00+00:00,99549.94300858887
2024-08-22 07:15:00+00:00,99549.94300858887
2024-08-22 07:30:00+00:00,99549.94300858887
2024-08-22 07:45:00+00:00,99549.94300858887
2024-08-22 08:00:00+00:00,99549.94300858887
2024-08-22 08:15:00+00:00,99549.94300858887
2024-08-22 08:30:00+00:00,99549.94300858887
2024-08-22 08:45:00+00:00,99549.94300858887
2024-08-22 09:00:00+00:00,99549.94300858887
2024-08-22 09:15:00+00:00,99549.94300858887
2024-08-22 09:30:00+00:00,99549.94300858887
2024-08-22 09:45:00+00:00,99549.94300858887
2024-08-22 10:00:00+00:00,99549.94300858887
2024-08-22 10:15:00+00:00,99549.94300858887
2024-08-22 10:30:00+00:00,99549.94300858887
2024-08-22 10:45:00+00:00,99549.94300858887
2024-08-22 11:00:00+00:00,99549.94300858887
2024-08-22 11:15:00+00:00,99549.94300858887
2024-08-22 11:30:00+00:00,99549.94300858887
2024-08-22 11:45:00+00:00,99549.94300858887
2024-08-22 12:00:00+00:00,99549.94300858887
2024-08-22 12:15:00+00:00,99549.94300858887
2024-08-22 12:30:00+00:00,99549.94300858887
2024-08-22 12:45:00+00:00,99549.94300858887
2024-08-22 13:00:00+00:00,99549.94300858887
2024-08-22 13:15:00+00:00,99549.94300858887
2024-08-22 13:30:00+00:00,99549.94300858887
2024-08-22 13:45:00+00:00,99549.94300858887
2024-08-22 14:00:00+00:00,99549.94300858887
2024-08-22 14:15:00+00:00,99549.94300858887
2024-08-22 14:30:00+00:00,99549.94300858887
2024-08-22 14:45:00+00:00,99549.94300858887
2024-08-22 15:00:00+00:00,99549.94300858887
2024-08-22 15:15:00+00:00,99549.94300858887
2024-08-22 15:30:00+00:00,99549.94300858887
2024-08-22 15:45:00+00:00,99549.94300858887
2024-08-22 16:00:00+00:00,99549.94300858887
2024-08-22 16:15:00+00:00,99549.94300858887
2024-08-22 16:30:00+00:00,99549.94300858887
2024-08-22 16:45:00+00:00,99549.94300858887
2024-08-22 17:00:00+00:00,99549.94300858887
2024-08-22 17:15:00+00:00,99549.94300858887
2024-08-22 17:30:00+00:00,99549.94300858887
2024-08-22 17:45:00+00:00,99549.94300858887
2024-08-22 18:00:00+00:00,99549.94300858887
2024-08-22 18:15:00+00:00,99549.94300858887
2024-08-22 18:30:00+00:00,99549.94300858887
2024-08-22 18:45:00+00:00,99549.94300858887
2024-08-22 19:00:00+00:00,99549.94300858887
2024-08-22 19:15:00+00:00,99549.94300858887
2024-08-22 19:30:00+00:00,99549.94300858887
2024-08-22 19:45:00+00:00,99549.94300858887
2024-08-22 20:00:00+00:00,99549.94300858887
2024-08-22 20:15:00+00:00,99549.94300858887
2024-08-22 20:30:00+00:00,99549.94300858887
2024-08-22 20:45:00+00:00,99549.94300858887
2024-08-22 21:00:00+00:00,99549.94300858887
2024-08-22 21:15:00+00:00,99549.94300858887
2024-08-22 21:30:00+00:00,99549.94300858887
2024-08-22 21:45:00+00:00,99549.94300858887
2024-08-22 22:00:00+00:00,99549.94300858887
2024-08-22 22:15:00+00:00,99549.94300858887
2024-08-22 22:30:00+00:00,99549.94300858887
2024-08-22 22:45:00+00:00,99549.94300858887
2024-08-22 23:00:00+00:00,99549.94300858887
2024-08-22 23:15:00+00:00,99549.94300858887
2024-08-22 23:30:00+00:00,99549.94300858887
2024-08-22 23:45:00+00:00,99549.94300858887
2024-08-23 00:00:00+00:00,99549.94300858887
2024-08-23 00:15:00+00:00,99549.94300858887
2024-08-23 00:30:00+00:00,99549.94300858887
2024-08-23 00:45:00+00:00,99549.94300858887
2024-08-23 01:00:00+00:00,99549.94300858887
2024-08-23 01:15:00+00:00,99549.94300858887
2024-08-23 01:30:00+00:00,99549.94300858887
2024-08-23 01:45:00+00:00,99549.94300858887
2024-08-23 02:00:00+00:00,99549.94300858887
2024-08-23 02:15:00+00:00,99549.94300858887
2024-08-23 02:30:00+00:00,99549.94300858887
2024-08-23 02:45:00+00:00,99549.94300858887
2024-08-23 03:00:00+00:00,99549.94300858887
2024-08-23 03:15:00+00:00,99549.94300858887
2024-08-23 03:30:00+00:00,99549.94300858887
2024-08-23 03:45:00+00:00,99549.94300858887
2024-08-23 04:00:00+00:00,99549.94300858887
2024-08-23 04:15:00+00:00,99549.94300858887
2024-08-23 04:30:00+00:00,99549.94300858887
2024-08-23 04:45:00+00:00,99549.94300858887
2024-08-23 05:00:00+00:00,99549.94300858887
2024-08-23 05:15:00+00:00,99549.94300858887
2024-08-23 05:30:00+00:00,99549.94300858887
2024-08-23 05:45:00+00:00,99549.94300858887
2024-08-23 06:00:00+00:00,99549.94300858887
2024-08-23 06:15:00+00:00,99549.94300858887
2024-08-23 06:30:00+00:00,99549.94300858887
2024-08-23 06:45:00+00:00,99549.94300858887
2024-08-23 07:00:00+00:00,99549.94300858887
2024-08-23 07:15:00+00:00,99549.94300858887
2024-08-23 07:30:00+00:00,99549.94300858887
2024-08-23 07:45:00+00:00,99549.94300858887
2024-08-23 08:00:00+00:00,99549.94300858887
2024-08-23 08:15:00+00:00,99549.94300858887
2024-08-23 08:30:00+00:00,99549.94300858887
2024-08-23 08:45:00+00:00,99549.94300858887
2024-08-23 09:00:00+00:00,99549.94300858887
2024-08-23 09:15:00+00:00,99549.94300858887
2024-08-23 09:30:00+00:00,99549.94300858887
2024-08-23 09:45:00+00:00,99549.94300858887
2024-08-23 10:00:00+00:00,99549.94300858887
2024-08-23 10:15:00+00:00,99549.94300858887
2024-08-23 10:30:00+00:00,99549.94300858887
2024-08-23 10:45:00+00:00,99549.94300858887
2024-08-23 11:00:00+00:00,99549.94300858887
2024-08-23 11:15:00+00:00,99549.94300858887
2024-08-23 11:30:00+00:00,99549.94300858887
2024-08-23 11:45:00+00:00,99549.94300858887
2024-08-23 12:00:00+00:00,99549.94300858887
2024-08-23 12:15:00+00:00,99549.94300858887
2024-08-23 12:30:00+00:00,99549.94300858887
2024-08-23 12:45:00+00:00,99549.94300858887
2024-08-23 13:00:00+00:00,99549.94300858887
2024-08-23 13:15:00+00:00,99549.94300858887
2024-08-23 13:30:00+00:00,99549.94300858887
2024-08-23 13:45:00+00:00,99549.94300858887
2024-08-23 14:00:00+00:00,99549.94300858887
2024-08-23 14:15:00+00:00,99549.94300858887
2024-08-23 14:30:00+00:00,99549.94300858887
2024-08-23 14:45:00+00:00,99549.94300858887
2024-08-23 15:00:00+00:00,99549.94300858887
2024-08-23 15:15:00+00:00,99549.94300858887
2024-08-23 15:30:00+00:00,99549.94300858887
2024-08-23 15:45:00+00:00,99549.94300858887
2024-08-23 16:00:00+00:00,99549.94300858887
2024-08-23 16:15:00+00:00,99549.94300858887
2024-08-23 16:30:00+00:00,99549.94300858887
2024-08-23 16:45:00+00:00,99549.94300858887
2024-08-23 17:00:00+00:00,99549.94300858887
2024-08-23 17:15:00+00:00,99549.94300858887
2024-08-23 17:30:00+00:00,99549.94300858887
2024-08-23 17:45:00+00:00,99549.94300858887
2024-08-23 18:00:00+00:00,99549.94300858887
2024-08-23 18:15:00+00:00,99549.94300858887
2024-08-23 18:30:00+00:00,99549.94300858887
2024-08-23 18:45:00+00:00,99549.94300858887
2024-08-23 19:00:00+00:00,99549.94300858887
2024-08-23 19:15:00+00:00,99549.94300858887
2024-08-23 19:30:00+00:00,99549.94300858887
2024-08-23 19:45:00+00:00,99549.94300858887
2024-08-23 20:00:00+00:00,99549.94300858887
2024-08-23 20:15:00+00:00,99549.94300858887
2024-08-23 20:30:00+00:00,99549.94300858887
2024-08-23 20:45:00+00:00,99549.94300858887
2024-08-23 21:00:00+00:00,99549.94300858887
2024-08-23 21:15:00+00:00,99549.94300858887
2024-08-23 21:30:00+00:00,99549.94300858887
2024-08-23 21:45:00+00:00,99549.94300858887
2024-08-23 22:00:00+00:00,99549.94300858887
2024-08-23 22:15:00+00:00,99549.94300858887
2024-08-23 22:30:00+00:00,99549.94300858887
2024-08-23 22:45:00+00:00,99549.94300858887
2024-08-23 23:00:00+00:00,99549.94300858887
2024-08-23 23:15:00+00:00,99549.94300858887
2024-08-23 23:30:00+00:00,99549.94300858887
2024-08-23 23:45:00+00:00,99549.94300858887
2024-08-24 00:00:00+00:00,99549.94300858887
2024-08-24 00:15:00+00:00,99549.94300858887
2024-08-24 00:30:00+00:00,99549.94300858887
2024-08-24 00:45:00+00:00,99549.94300858887
2024-08-24 01:00:00+00:00,99549.94300858887
2024-08-24 01:15:00+00:00,99549.94300858887
2024-08-24 01:30:00+00:00,99549.94300858887
2024-08-24 01:45:00+00:00,99549.94300858887
2024-08-24 02:00:00+00:00,99549.94300858887
2024-08-24 02:15:00+00:00,99549.94300858887
2024-08-24 02:30:00+00:00,99549.94300858887
2024-08-24 02:45:00+00:00,99549.94300858887
2024-08-24 03:00:00+00:00,99549.94300858887
2024-08-24 03:15:00+00:00,99549.94300858887
2024-08-24 03:30:00+00:00,99549.94300858887
2024-08-24 03:45:00+00:00,99549.94300858887
2024-08-24 04:00:00+00:00,99549.94300858887
2024-08-24 04:15:00+00:00,99549.94300858887
2024-08-24 04:30:00+00:00,99549.94300858887
2024-08-24 04:45:00+00:00,99549.94300858887
2024-08-24 05:00:00+00:00,99549.94300858887
2024-08-24 05:15:00+00:00,99549.94300858887
2024-08-24 05:30:00+00:00,99549.94300858887
2024-08-24 05:45:00+00:00,99549.94300858887
2024-08-24 06:00:00+00:00,99549.94300858887
2024-08-24 06:15:00+00:00,99549.94300858887
2024-08-24 06:30:00+00:00,99549.94300858887
2024-08-24 06:45:00+00:00,99549.94300858887
2024-08-24 07:00:00+00:00,99549.94300858887
2024-08-24 07:15:00+00:00,99549.94300858887
2024-08-24 07:30:00+00:00,99549.94300858887
2024-08-24 07:45:00+00:00,99549.94300858887
2024-08-24 08:00:00+00:00,99549.94300858887
2024-08-24 08:15:00+00:00,99549.94300858887
2024-08-24 08:30:00+00:00,99549.94300858887
2024-08-24 08:45:00+00:00,99549.94300858887
2024-08-24 09:00:00+00:00,99549.94300858887
2024-08-24 09:15:00+00:00,99549.94300858887
2024-08-24 09:30:00+00:00,99549.94300858887
2024-08-24 09:45:00+00:00,99549.94300858887
2024-08-24 10:00:00+00:00,99549.94300858887
2024-08-24 10:15:00+00:00,99549.94300858887
2024-08-24 10:30:00+00:00,99549.94300858887
2024-08-24 10:45:00+00:00,99549.94300858887
2024-08-24 11:00:00+00:00,99549.94300858887
2024-08-24 11:15:00+00:00,99549.94300858887
2024-08-24 11:30:00+00:00,99549.94300858887
2024-08-24 11:45:00+00:00,99549.94300858887
2024-08-24 12:00:00+00:00,99549.94300858887
2024-08-24 12:15:00+00:00,99549.94300858887
2024-08-24 12:30:00+00:00,99549.94300858887
2024-08-24 12:45:00+00:00,99549.94300858887
2024-08-24 13:00:00+00:00,99549.94300858887
2024-08-24 13:15:00+00:00,99549.94300858887
2024-08-24 13:30:00+00:00,99549.94300858887
2024-08-24 13:45:00+00:00,99549.94300858887
2024-08-24 14:00:00+00:00,99549.94300858887
2024-08-24 14:15:00+00:00,99549.94300858887
2024-08-24 14:30:00+00:00,99549.94300858887
2024-08-24 14:45:00+00:00,99549.94300858887
2024-08-24 15:00:00+00:00,99549.94300858887
2024-08-24 15:15:00+00:00,99549.94300858887
2024-08-24 15:30:00+00:00,99549.94300858887
2024-08-24 15:45:00+00:00,99549.94300858887
2024-08-24 16:00:00+00:00,99549.94300858887
2024-08-24 16:15:00+00:00,99556.5724790694
2024-08-24 16:30:00+00:00,99556.62211870943
2024-08-24 16:45:00+00:00,99556.62211870943
2024-08-24 17:00:00+00:00,99556.62211870943
2024-08-24 17:15:00+00:00,99556.62211870943
2024-08-24 17:30:00+00:00,99556.62211870943
2024-08-24 17:45:00+00:00,99556.62211870943
2024-08-24 18:00:00+00:00,99556.62211870943
2024-08-24 18:15:00+00:00,99556.62211870943
2024-08-24 18:30:00+00:00,99556.62211870943
2024-08-24 18:45:00+00:00,99556.62211870943
2024-08-24 19:00:00+00:00,99556.62211870943
2024-08-24 19:15:00+00:00,99556.62211870943
2024-08-24 19:30:00+00:00,99556.62211870943
2024-08-24 19:45:00+00:00,99556.62211870943
2024-08-24 20:00:00+00:00,99556.62211870943
2024-08-24 20:15:00+00:00,99556.62211870943
2024-08-24 20:30:00+00:00,99556.62211870943
2024-08-24 20:45:00+00:00,99556.62211870943
2024-08-24 21:00:00+00:00,99556.62211870943
2024-08-24 21:15:00+00:00,99556.62211870943
2024-08-24 21:30:00+00:00,99556.62211870943
2024-08-24 21:45:00+00:00,99556.62211870943
2024-08-24 22:00:00+00:00,99556.62211870943
2024-08-24 22:15:00+00:00,99556.62211870943
2024-08-24 22:30:00+00:00,99556.62211870943
2024-08-24 22:45:00+00:00,99556.62211870943
2024-08-24 23:00:00+00:00,99556.62211870943
2024-08-24 23:15:00+00:00,99556.62211870943
2024-08-24 23:30:00+00:00,99556.62211870943
2024-08-24 23:45:00+00:00,99556.62211870943
2024-08-25 00:00:00+00:00,99556.62211870943
2024-08-25 00:15:00+00:00,99556.62211870943
2024-08-25 00:30:00+00:00,99556.62211870943
2024-08-25 00:45:00+00:00,99556.62211870943
2024-08-25 01:00:00+00:00,99556.62211870943
2024-08-25 01:15:00+00:00,99556.62211870943
2024-08-25 01:30:00+00:00,99556.62211870943
2024-08-25 01:45:00+00:00,99556.62211870943
2024-08-25 02:00:00+00:00,99556.62211870943
2024-08-25 02:15:00+00:00,99556.62211870943
2024-08-25 02:30:00+00:00,99556.62211870943
2024-08-25 02:45:00+00:00,99556.62211870943
2024-08-25 03:00:00+00:00,99556.62211870943
2024-08-25 03:15:00+00:00,99556.62211870943
2024-08-25 03:30:00+00:00,99556.62211870943
2024-08-25 03:45:00+00:00,99556.62211870943
2024-08-25 04:00:00+00:00,99556.62211870943
2024-08-25 04:15:00+00:00,99556.62211870943
2024-08-25 04:30:00+00:00,99556.62211870943
2024-08-25 04:45:00+00:00,99556.62211870943
2024-08-25 05:00:00+00:00,99556.62211870943
2024-08-25 05:15:00+00:00,99556.62211870943
2024-08-25 05:30:00+00:00,99556.62211870943
2024-08-25 05:45:00+00:00,99556.62211870943
2024-08-25 06:00:00+00:00,99556.62211870943
2024-08-25 06:15:00+00:00,99556.62211870943
2024-08-25 06:30:00+00:00,99556.62211870943
2024-08-25 06:45:00+00:00,99556.62211870943
2024-08-25 07:00:00+00:00,99556.62211870943
2024-08-25 07:15:00+00:00,99556.62211870943
2024-08-25 07:30:00+00:00,99556.62211870943
2024-08-25 07:45:00+00:00,99556.62211870943
2024-08-25 08:00:00+00:00,99556.62211870943
2024-08-25 08:15:00+00:00,99556.62211870943
2024-08-25 08:30:00+00:00,99556.62211870943
2024-08-25 08:45:00+00:00,99556.62211870943
2024-08-25 09:00:00+00:00,99556.62211870943
2024-08-25 09:15:00+00:00,99556.62211870943
2024-08-25 09:30:00+00:00,99556.62211870943
2024-08-25 09:45:00+00:00,99556.62211870943
2024-08-25 10:00:00+00:00,99556.62211870943
2024-08-25 10:15:00+00:00,99556.62211870943
2024-08-25 10:30:00+00:00,99556.62211870943
2024-08-25 10:45:00+00:00,99556.62211870943
2024-08-25 11:00:00+00:00,99556.62211870943
2024-08-25 11:15:00+00:00,99556.62211870943
2024-08-25 11:30:00+00:00,99556.62211870943
2024-08-25 11:45:00+00:00,99556.62211870943
2024-08-25 12:00:00+00:00,99556.62211870943
2024-08-25 12:15:00+00:00,99556.62211870943
2024-08-25 12:30:00+00:00,99556.62211870943
2024-08-25 12:45:00+00:00,99556.62211870943
2024-08-25 13:00:00+00:00,99556.62211870943
2024-08-25 13:15:00+00:00,99556.62211870943
2024-08-25 13:30:00+00:00,99556.62211870943
2024-08-25 13:45:00+00:00,99556.62211870943
2024-08-25 14:00:00+00:00,99556.62211870943
2024-08-25 14:15:00+00:00,99556.62211870943
2024-08-25 14:30:00+00:00,99556.62211870943
2024-08-25 14:45:00+00:00,99556.62211870943
2024-08-25 15:00:00+00:00,99556.62211870943
2024-08-25 15:15:00+00:00,99556.62211870943
2024-08-25 15:30:00+00:00,99556.62211870943
2024-08-25 15:45:00+00:00,99556.62211870943
2024-08-25 16:00:00+00:00,99556.62211870943
2024-08-25 16:15:00+00:00,99556.62211870943
2024-08-25 16:30:00+00:00,99556.62211870943
2024-08-25 16:45:00+00:00,99556.62211870943
2024-08-25 17:00:00+00:00,99556.62211870943
2024-08-25 17:15:00+00:00,99556.62211870943
2024-08-25 17:30:00+00:00,99556.62211870943
2024-08-25 17:45:00+00:00,99556.62211870943
2024-08-25 18:00:00+00:00,99556.62211870943
2024-08-25 18:15:00+00:00,99556.62211870943
2024-08-25 18:30:00+00:00,99556.62211870943
2024-08-25 18:45:00+00:00,99556.62211870943
2024-08-25 19:00:00+00:00,99556.62211870943
2024-08-25 19:15:00+00:00,99556.62211870943
2024-08-25 19:30:00+00:00,99556.62211870943
2024-08-25 19:45:00+00:00,99556.62211870943
2024-08-25 20:00:00+00:00,99556.62211870943
2024-08-25 20:15:00+00:00,99556.62211870943
2024-08-25 20:30:00+00:00,99556.62211870943
2024-08-25 20:45:00+00:00,99556.62211870943
2024-08-25 21:00:00+00:00,99556.62211870943
2024-08-25 21:15:00+00:00,99556.62211870943
2024-08-25 21:30:00+00:00,99556.62211870943
2024-08-25 21:45:00+00:00,99556.62211870943
2024-08-25 22:00:00+00:00,99556.62211870943
2024-08-25 22:15:00+00:00,99556.62211870943
2024-08-25 22:30:00+00:00,99556.62211870943
2024-08-25 22:45:00+00:00,99556.62211870943
2024-08-25 23:00:00+00:00,99556.62211870943
2024-08-25 23:15:00+00:00,99556.62211870943
2024-08-25 23:30:00+00:00,99556.62211870943
2024-08-25 23:45:00+00:00,99556.62211870943
2024-08-26 00:00:00+00:00,99556.62211870943
2024-08-26 00:15:00+00:00,99556.62211870943
2024-08-26 00:30:00+00:00,99556.62211870943
2024-08-26 00:45:00+00:00,99556.62211870943
2024-08-26 01:00:00+00:00,99556.62211870943
2024-08-26 01:15:00+00:00,99556.62211870943
2024-08-26 01:30:00+00:00,99556.62211870943
2024-08-26 01:45:00+00:00,99556.62211870943
2024-08-26 02:00:00+00:00,99556.62211870943
2024-08-26 02:15:00+00:00,99556.62211870943
2024-08-26 02:30:00+00:00,99556.62211870943
2024-08-26 02:45:00+00:00,99556.62211870943
2024-08-26 03:00:00+00:00,99556.62211870943
2024-08-26 03:15:00+00:00,99556.62211870943
2024-08-26 03:30:00+00:00,99556.62211870943
2024-08-26 03:45:00+00:00,99556.62211870943
2024-08-26 04:00:00+00:00,99556.62211870943
2024-08-26 04:15:00+00:00,99556.62211870943
2024-08-26 04:30:00+00:00,99556.62211870943
2024-08-26 04:45:00+00:00,99556.62211870943
2024-08-26 05:00:00+00:00,99556.62211870943
2024-08-26 05:15:00+00:00,99556.62211870943
2024-08-26 05:30:00+00:00,99556.62211870943
2024-08-26 05:45:00+00:00,99556.62211870943
2024-08-26 06:00:00+00:00,99556.62211870943
2024-08-26 06:15:00+00:00,99556.62211870943
2024-08-26 06:30:00+00:00,99556.62211870943
2024-08-26 06:45:00+00:00,99556.62211870943
2024-08-26 07:00:00+00:00,99556.62211870943
2024-08-26 07:15:00+00:00,99556.62211870943
2024-08-26 07:30:00+00:00,99556.62211870943
2024-08-26 07:45:00+00:00,99556.62211870943
2024-08-26 08:00:00+00:00,99556.62211870943
2024-08-26 08:15:00+00:00,99556.62211870943
2024-08-26 08:30:00+00:00,99556.62211870943
2024-08-26 08:45:00+00:00,99556.62211870943
2024-08-26 09:00:00+00:00,99556.62211870943
2024-08-26 09:15:00+00:00,99556.62211870943
2024-08-26 09:30:00+00:00,99556.62211870943
2024-08-26 09:45:00+00:00,99556.62211870943
2024-08-26 10:00:00+00:00,99556.62211870943
2024-08-26 10:15:00+00:00,99556.62211870943
2024-08-26 10:30:00+00:00,99556.62211870943
2024-08-26 10:45:00+00:00,99556.62211870943
2024-08-26 11:00:00+00:00,99556.62211870943
2024-08-26 11:15:00+00:00,99556.62211870943
2024-08-26 11:30:00+00:00,99556.62211870943
2024-08-26 11:45:00+00:00,99556.62211870943
2024-08-26 12:00:00+00:00,99556.62211870943
2024-08-26 12:15:00+00:00,99556.62211870943
2024-08-26 12:30:00+00:00,99556.62211870943
2024-08-26 12:45:00+00:00,99556.62211870943
2024-08-26 13:00:00+00:00,99556.62211870943
2024-08-26 13:15:00+00:00,99556.62211870943
2024-08-26 13:30:00+00:00,99556.62211870943
2024-08-26 13:45:00+00:00,99556.62211870943
2024-08-26 14:00:00+00:00,99556.62211870943
2024-08-26 14:15:00+00:00,99556.62211870943
2024-08-26 14:30:00+00:00,99556.62211870943
2024-08-26 14:45:00+00:00,99556.62211870943
2024-08-26 15:00:00+00:00,99556.62211870943
2024-08-26 15:15:00+00:00,99556.62211870943
2024-08-26 15:30:00+00:00,99556.62211870943
2024-08-26 15:45:00+00:00,99556.62211870943
2024-08-26 16:00:00+00:00,99556.62211870943
2024-08-26 16:15:00+00:00,99556.62211870943
2024-08-26 16:30:00+00:00,99556.62211870943
2024-08-26 16:45:00+00:00,99556.62211870943
2024-08-26 17:00:00+00:00,99556.62211870943
2024-08-26 17:15:00+00:00,99556.62211870943
2024-08-26 17:30:00+00:00,99556.62211870943
2024-08-26 17:45:00+00:00,99556.62211870943
2024-08-26 18:00:00+00:00,99556.62211870943
2024-08-26 18:15:00+00:00,99556.62211870943
2024-08-26 18:30:00+00:00,99556.62211870943
2024-08-26 18:45:00+00:00,99556.62211870943
2024-08-26 19:00:00+00:00,99556.62211870943
2024-08-26 19:15:00+00:00,99556.62211870943
2024-08-26 19:30:00+00:00,99556.62211870943
2024-08-26 19:45:00+00:00,99556.62211870943
2024-08-26 20:00:00+00:00,99556.62211870943
2024-08-26 20:15:00+00:00,99556.62211870943
2024-08-26 20:30:00+00:00,99556.62211870943
2024-08-26 20:45:00+00:00,99556.62211870943
2024-08-26 21:00:00+00:00,99556.62211870943
2024-08-26 21:15:00+00:00,99556.62211870943
2024-08-26 21:30:00+00:00,99556.62211870943
2024-08-26 21:45:00+00:00,99556.62211870943
2024-08-26 22:00:00+00:00,99556.62211870943
2024-08-26 22:15:00+00:00,99556.62211870943
2024-08-26 22:30:00+00:00,99556.62211870943
2024-08-26 22:45:00+00:00,99556.62211870943
2024-08-26 23:00:00+00:00,99556.62211870943
2024-08-26 23:15:00+00:00,99556.62211870943
2024-08-26 23:30:00+00:00,99556.62211870943
2024-08-26 23:45:00+00:00,99556.62211870943
2024-08-27 00:00:00+00:00,99556.62211870943
2024-08-27 00:15:00+00:00,99556.62211870943
2024-08-27 00:30:00+00:00,99556.62211870943
2024-08-27 00:45:00+00:00,99556.62211870943
2024-08-27 01:00:00+00:00,99556.62211870943
2024-08-27 01:15:00+00:00,99556.62211870943
2024-08-27 01:30:00+00:00,99556.62211870943
2024-08-27 01:45:00+00:00,99556.62211870943
2024-08-27 02:00:00+00:00,99556.62211870943
2024-08-27 02:15:00+00:00,99556.62211870943
2024-08-27 02:30:00+00:00,99556.62211870943
2024-08-27 02:45:00+00:00,99556.62211870943
2024-08-27 03:00:00+00:00,99556.62211870943
2024-08-27 03:15:00+00:00,99556.62211870943
2024-08-27 03:30:00+00:00,99556.62211870943
2024-08-27 03:45:00+00:00,99556.62211870943
2024-08-27 04:00:00+00:00,99556.62211870943
2024-08-27 04:15:00+00:00,99556.62211870943
2024-08-27 04:30:00+00:00,99556.62211870943
2024-08-27 04:45:00+00:00,99556.62211870943
2024-08-27 05:00:00+00:00,99556.62211870943
2024-08-27 05:15:00+00:00,99556.62211870943
2024-08-27 05:30:00+00:00,99556.62211870943
2024-08-27 05:45:00+00:00,99556.62211870943
2024-08-27 06:00:00+00:00,99556.62211870943
2024-08-27 06:15:00+00:00,99556.62211870943
2024-08-27 06:30:00+00:00,99556.62211870943
2024-08-27 06:45:00+00:00,99556.62211870943
2024-08-27 07:00:00+00:00,99556.62211870943
2024-08-27 07:15:00+00:00,99556.62211870943
2024-08-27 07:30:00+00:00,99556.62211870943
2024-08-27 07:45:00+00:00,99556.62211870943
2024-08-27 08:00:00+00:00,99556.62211870943
2024-08-27 08:15:00+00:00,99556.62211870943
2024-08-27 08:30:00+00:00,99556.62211870943
2024-08-27 08:45:00+00:00,99556.62211870943
2024-08-27 09:00:00+00:00,99556.62211870943
2024-08-27 09:15:00+00:00,99556.62211870943
2024-08-27 09:30:00+00:00,99556.62211870943
2024-08-27 09:45:00+00:00,99556.62211870943
2024-08-27 10:00:00+00:00,99556.62211870943
2024-08-27 10:15:00+00:00,99556.62211870943
2024-08-27 10:30:00+00:00,99556.62211870943
2024-08-27 10:45:00+00:00,99556.62211870943
2024-08-27 11:00:00+00:00,99556.62211870943
2024-08-27 11:15:00+00:00,99556.62211870943
2024-08-27 11:30:00+00:00,99556.62211870943
2024-08-27 11:45:00+00:00,99556.62211870943
2024-08-27 12:00:00+00:00,99556.62211870943
2024-08-27 12:15:00+00:00,99556.62211870943
2024-08-27 12:30:00+00:00,99556.62211870943
2024-08-27 12:45:00+00:00,99556.62211870943
2024-08-27 13:00:00+00:00,99556.62211870943
2024-08-27 13:15:00+00:00,99556.62211870943
2024-08-27 13:30:00+00:00,99556.62211870943
2024-08-27 13:45:00+00:00,99556.62211870943
2024-08-27 14:00:00+00:00,99556.62211870943
2024-08-27 14:15:00+00:00,99556.62211870943
2024-08-27 14:30:00+00:00,99556.62211870943
2024-08-27 14:45:00+00:00,99556.62211870943
2024-08-27 15:00:00+00:00,99556.62211870943
2024-08-27 15:15:00+00:00,99556.62211870943
2024-08-27 15:30:00+00:00,99556.62211870943
2024-08-27 15:45:00+00:00,99556.62211870943
2024-08-27 16:00:00+00:00,99556.62211870943
2024-08-27 16:15:00+00:00,99556.62211870943
2024-08-27 16:30:00+00:00,99556.62211870943
2024-08-27 16:45:00+00:00,99556.62211870943
2024-08-27 17:00:00+00:00,99556.62211870943
2024-08-27 17:15:00+00:00,99556.62211870943
2024-08-27 17:30:00+00:00,99556.62211870943
2024-08-27 17:45:00+00:00,99556.62211870943
2024-08-27 18:00:00+00:00,99556.62211870943
2024-08-27 18:15:00+00:00,99556.62211870943
2024-08-27 18:30:00+00:00,99556.62211870943
2024-08-27 18:45:00+00:00,99556.62211870943
2024-08-27 19:00:00+00:00,99556.62211870943
2024-08-27 19:15:00+00:00,99556.62211870943
2024-08-27 19:30:00+00:00,99556.62211870943
2024-08-27 19:45:00+00:00,99556.62211870943
2024-08-27 20:00:00+00:00,99556.62211870943
2024-08-27 20:15:00+00:00,99556.62211870943
2024-08-27 20:30:00+00:00,99556.62211870943
2024-08-27 20:45:00+00:00,99556.62211870943
2024-08-27 21:00:00+00:00,99556.62211870943
2024-08-27 21:15:00+00:00,99556.62211870943
2024-08-27 21:30:00+00:00,99556.62211870943
2024-08-27 21:45:00+00:00,99556.62211870943
2024-08-27 22:00:00+00:00,99556.62211870943
2024-08-27 22:15:00+00:00,99556.62211870943
2024-08-27 22:30:00+00:00,99556.62211870943
2024-08-27 22:45:00+00:00,99556.62211870943
2024-08-27 23:00:00+00:00,99556.62211870943
2024-08-27 23:15:00+00:00,99556.62211870943
2024-08-27 23:30:00+00:00,99556.62211870943
2024-08-27 23:45:00+00:00,99556.62211870943
2024-08-28 00:00:00+00:00,99556.62211870943
2024-08-28 00:15:00+00:00,99556.62211870943
2024-08-28 00:30:00+00:00,99556.62211870943
2024-08-28 00:45:00+00:00,99556.62211870943
2024-08-28 01:00:00+00:00,99556.62211870943
2024-08-28 01:15:00+00:00,99556.62211870943
2024-08-28 01:30:00+00:00,99556.62211870943
2024-08-28 01:45:00+00:00,99556.62211870943
2024-08-28 02:00:00+00:00,99556.62211870943
2024-08-28 02:15:00+00:00,99556.62211870943
2024-08-28 02:30:00+00:00,99556.62211870943
2024-08-28 02:45:00+00:00,99556.62211870943
2024-08-28 03:00:00+00:00,99556.62211870943
2024-08-28 03:15:00+00:00,99556.62211870943
2024-08-28 03:30:00+00:00,99556.62211870943
2024-08-28 03:45:00+00:00,99556.62211870943
2024-08-28 04:00:00+00:00,99556.62211870943
2024-08-28 04:15:00+00:00,99556.62211870943
2024-08-28 04:30:00+00:00,99556.62211870943
2024-08-28 04:45:00+00:00,99556.62211870943
2024-08-28 05:00:00+00:00,99556.62211870943
2024-08-28 05:15:00+00:00,99556.62211870943
2024-08-28 05:30:00+00:00,99556.62211870943
2024-08-28 05:45:00+00:00,99556.62211870943
2024-08-28 06:00:00+00:00,99556.62211870943
2024-08-28 06:15:00+00:00,99556.62211870943
2024-08-28 06:30:00+00:00,99556.62211870943
2024-08-28 06:45:00+00:00,99556.62211870943
2024-08-28 07:00:00+00:00,99556.62211870943
2024-08-28 07:15:00+00:00,99556.62211870943
2024-08-28 07:30:00+00:00,99556.62211870943
2024-08-28 07:45:00+00:00,99556.62211870943
2024-08-28 08:00:00+00:00,99556.62211870943
2024-08-28 08:15:00+00:00,99556.62211870943
2024-08-28 08:30:00+00:00,99556.62211870943
2024-08-28 08:45:00+00:00,99556.62211870943
2024-08-28 09:00:00+00:00,99556.62211870943
2024-08-28 09:15:00+00:00,99556.62211870943
2024-08-28 09:30:00+00:00,99556.62211870943
2024-08-28 09:45:00+00:00,99556.62211870943
2024-08-28 10:00:00+00:00,99556.62211870943
2024-08-28 10:15:00+00:00,99556.62211870943
2024-08-28 10:30:00+00:00,99556.62211870943
2024-08-28 10:45:00+00:00,99556.62211870943
2024-08-28 11:00:00+00:00,99556.62211870943
2024-08-28 11:15:00+00:00,99556.62211870943
2024-08-28 11:30:00+00:00,99556.62211870943
2024-08-28 11:45:00+00:00,99556.62211870943
2024-08-28 12:00:00+00:00,99556.62211870943
2024-08-28 12:15:00+00:00,99556.1220635931
2024-08-28 12:30:00+00:00,99555.12701609505
2024-08-28 12:45:00+00:00,99559.34522281591
2024-08-28 13:00:00+00:00,99562.5890359391
2024-08-28 13:15:00+00:00,99562.93002707502
2024-08-28 13:30:00+00:00,99562.93002707502
2024-08-28 13:45:00+00:00,99562.93002707502
2024-08-28 14:00:00+00:00,99562.93002707502
2024-08-28 14:15:00+00:00,99562.93002707502
2024-08-28 14:30:00+00:00,99562.93002707502
2024-08-28 14:45:00+00:00,99562.93002707502
2024-08-28 15:00:00+00:00,99562.93002707502
2024-08-28 15:15:00+00:00,99562.93002707502
2024-08-28 15:30:00+00:00,99562.93002707502
2024-08-28 15:45:00+00:00,99562.93002707502
2024-08-28 16:00:00+00:00,99562.93002707502
2024-08-28 16:15:00+00:00,99562.93002707502
2024-08-28 16:30:00+00:00,99562.93002707502
2024-08-28 16:45:00+00:00,99562.93002707502
2024-08-28 17:00:00+00:00,99562.93002707502
2024-08-28 17:15:00+00:00,99562.93002707502
2024-08-28 17:30:00+00:00,99562.93002707502
2024-08-28 17:45:00+00:00,99562.93002707502
2024-08-28 18:00:00+00:00,99562.93002707502
2024-08-28 18:15:00+00:00,99562.93002707502
2024-08-28 18:30:00+00:00,99562.93002707502
2024-08-28 18:45:00+00:00,99562.93002707502
2024-08-28 19:00:00+00:00,99562.93002707502
2024-08-28 19:15:00+00:00,99562.93002707502
2024-08-28 19:30:00+00:00,99562.93002707502
2024-08-28 19:45:00+00:00,99562.93002707502
2024-08-28 20:00:00+00:00,99562.93002707502
2024-08-28 20:15:00+00:00,99562.93002707502
2024-08-28 20:30:00+00:00,99562.93002707502
2024-08-28 20:45:00+00:00,99562.93002707502
2024-08-28 21:00:00+00:00,99562.93002707502
2024-08-28 21:15:00+00:00,99562.93002707502
2024-08-28 21:30:00+00:00,99562.93002707502
2024-08-28 21:45:00+00:00,99562.93002707502
2024-08-28 22:00:00+00:00,99562.93002707502
2024-08-28 22:15:00+00:00,99562.93002707502
2024-08-28 22:30:00+00:00,99562.93002707502
2024-08-28 22:45:00+00:00,99562.93002707502
2024-08-28 23:00:00+00:00,99562.93002707502
2024-08-28 23:15:00+00:00,99562.93002707502
2024-08-28 23:30:00+00:00,99562.93002707502
2024-08-28 23:45:00+00:00,99562.93002707502
2024-08-29 00:00:00+00:00,99562.93002707502
2024-08-29 00:15:00+00:00,99562.93002707502
2024-08-29 00:30:00+00:00,99562.93002707502
2024-08-29 00:45:00+00:00,99562.93002707502
2024-08-29 01:00:00+00:00,99562.93002707502
2024-08-29 01:15:00+00:00,99562.93002707502
2024-08-29 01:30:00+00:00,99562.93002707502
2024-08-29 01:45:00+00:00,99562.93002707502
2024-08-29 02:00:00+00:00,99562.93002707502
2024-08-29 02:15:00+00:00,99562.93002707502
2024-08-29 02:30:00+00:00,99562.93002707502
2024-08-29 02:45:00+00:00,99562.93002707502
2024-08-29 03:00:00+00:00,99562.93002707502
2024-08-29 03:15:00+00:00,99562.93002707502
2024-08-29 03:30:00+00:00,99562.93002707502
2024-08-29 03:45:00+00:00,99562.93002707502
2024-08-29 04:00:00+00:00,99562.93002707502
2024-08-29 04:15:00+00:00,99562.93002707502
2024-08-29 04:30:00+00:00,99562.93002707502
2024-08-29 04:45:00+00:00,99562.93002707502
2024-08-29 05:00:00+00:00,99562.93002707502
2024-08-29 05:15:00+00:00,99562.93002707502
2024-08-29 05:30:00+00:00,99562.93002707502
2024-08-29 05:45:00+00:00,99562.93002707502
2024-08-29 06:00:00+00:00,99562.93002707502
2024-08-29 06:15:00+00:00,99562.93002707502
2024-08-29 06:30:00+00:00,99562.93002707502
2024-08-29 06:45:00+00:00,99562.93002707502
2024-08-29 07:00:00+00:00,99562.93002707502
2024-08-29 07:15:00+00:00,99562.93002707502
2024-08-29 07:30:00+00:00,99562.93002707502
2024-08-29 07:45:00+00:00,99562.93002707502
2024-08-29 08:00:00+00:00,99562.93002707502
2024-08-29 08:15:00+00:00,99562.93002707502
2024-08-29 08:30:00+00:00,99562.93002707502
2024-08-29 08:45:00+00:00,99562.93002707502
2024-08-29 09:00:00+00:00,99562.93002707502
2024-08-29 09:15:00+00:00,99562.93002707502
2024-08-29 09:30:00+00:00,99562.93002707502
2024-08-29 09:45:00+00:00,99562.93002707502
2024-08-29 10:00:00+00:00,99562.93002707502
2024-08-29 10:15:00+00:00,99562.93002707502
2024-08-29 10:30:00+00:00,99562.93002707502
2024-08-29 10:45:00+00:00,99562.93002707502
2024-08-29 11:00:00+00:00,99562.93002707502
2024-08-29 11:15:00+00:00,99562.93002707502
2024-08-29 11:30:00+00:00,99562.93002707502
2024-08-29 11:45:00+00:00,99562.93002707502
2024-08-29 12:00:00+00:00,99562.93002707502
2024-08-29 12:15:00+00:00,99562.93002707502
2024-08-29 12:30:00+00:00,99559.39228105776
2024-08-29 12:45:00+00:00,99561.0024703924
2024-08-29 13:00:00+00:00,99558.57649414027
2024-08-29 13:15:00+00:00,99562.55562469701
2024-08-29 13:30:00+00:00,99561.96056911348
2024-08-29 13:45:00+00:00,99548.01062516506
2024-08-29 14:00:00+00:00,99548.01062516506
2024-08-29 14:15:00+00:00,99548.01062516506
2024-08-29 14:30:00+00:00,99548.01062516506
2024-08-29 14:45:00+00:00,99548.01062516506
2024-08-29 15:00:00+00:00,99548.01062516506
2024-08-29 15:15:00+00:00,99548.01062516506
2024-08-29 15:30:00+00:00,99548.01062516506
2024-08-29 15:45:00+00:00,99548.01062516506
2024-08-29 16:00:00+00:00,99548.01062516506
2024-08-29 16:15:00+00:00,99548.01062516506
2024-08-29 16:30:00+00:00,99548.01062516506
2024-08-29 16:45:00+00:00,99548.01062516506
2024-08-29 17:00:00+00:00,99548.01062516506
2024-08-29 17:15:00+00:00,99548.01062516506
2024-08-29 17:30:00+00:00,99548.01062516506
2024-08-29 17:45:00+00:00,99548.01062516506
2024-08-29 18:00:00+00:00,99548.01062516506
2024-08-29 18:15:00+00:00,99548.01062516506
2024-08-29 18:30:00+00:00,99548.01062516506
2024-08-29 18:45:00+00:00,99548.01062516506
2024-08-29 19:00:00+00:00,99548.01062516506
2024-08-29 19:15:00+00:00,99548.01062516506
2024-08-29 19:30:00+00:00,99548.01062516506
2024-08-29 19:45:00+00:00,99548.01062516506
2024-08-29 20:00:00+00:00,99548.01062516506
2024-08-29 20:15:00+00:00,99548.01062516506
2024-08-29 20:30:00+00:00,99548.01062516506
2024-08-29 20:45:00+00:00,99548.01062516506
2024-08-29 21:00:00+00:00,99548.01062516506
2024-08-29 21:15:00+00:00,99548.01062516506
2024-08-29 21:30:00+00:00,99548.01062516506
2024-08-29 21:45:00+00:00,99548.01062516506
2024-08-29 22:00:00+00:00,99548.01062516506
2024-08-29 22:15:00+00:00,99548.01062516506
2024-08-29 22:30:00+00:00,99548.01062516506
2024-08-29 22:45:00+00:00,99548.01062516506
2024-08-29 23:00:00+00:00,99548.01062516506
2024-08-29 23:15:00+00:00,99548.01062516506
2024-08-29 23:30:00+00:00,99548.01062516506
2024-08-29 23:45:00+00:00,99548.01062516506
2024-08-30 00:00:00+00:00,99548.01062516506
2024-08-30 00:15:00+00:00,99548.01062516506
2024-08-30 00:30:00+00:00,99548.01062516506
2024-08-30 00:45:00+00:00,99548.01062516506
2024-08-30 01:00:00+00:00,99548.01062516506
2024-08-30 01:15:00+00:00,99548.01062516506
2024-08-30 01:30:00+00:00,99548.01062516506
2024-08-30 01:45:00+00:00,99548.01062516506
2024-08-30 02:00:00+00:00,99548.01062516506
2024-08-30 02:15:00+00:00,99548.01062516506
2024-08-30 02:30:00+00:00,99548.01062516506
2024-08-30 02:45:00+00:00,99548.01062516506
2024-08-30 03:00:00+00:00,99548.01062516506
2024-08-30 03:15:00+00:00,99548.01062516506
2024-08-30 03:30:00+00:00,99548.01062516506
2024-08-30 03:45:00+00:00,99548.01062516506
2024-08-30 04:00:00+00:00,99548.01062516506
2024-08-30 04:15:00+00:00,99548.01062516506
2024-08-30 04:30:00+00:00,99548.01062516506
2024-08-30 04:45:00+00:00,99548.01062516506
2024-08-30 05:00:00+00:00,99548.01062516506
2024-08-30 05:15:00+00:00,99548.01062516506
2024-08-30 05:30:00+00:00,99548.01062516506
2024-08-30 05:45:00+00:00,99548.01062516506
2024-08-30 06:00:00+00:00,99548.01062516506
2024-08-30 06:15:00+00:00,99548.01062516506
2024-08-30 06:30:00+00:00,99548.01062516506
2024-08-30 06:45:00+00:00,99548.01062516506
2024-08-30 07:00:00+00:00,99548.01062516506
2024-08-30 07:15:00+00:00,99548.01062516506
2024-08-30 07:30:00+00:00,99548.01062516506
2024-08-30 07:45:00+00:00,99548.01062516506
2024-08-30 08:00:00+00:00,99548.01062516506
2024-08-30 08:15:00+00:00,99548.01062516506
2024-08-30 08:30:00+00:00,99548.01062516506
2024-08-30 08:45:00+00:00,99548.01062516506
2024-08-30 09:00:00+00:00,99548.01062516506
2024-08-30 09:15:00+00:00,99548.01062516506
2024-08-30 09:30:00+00:00,99548.01062516506
2024-08-30 09:45:00+00:00,99548.01062516506
2024-08-30 10:00:00+00:00,99548.01062516506
2024-08-30 10:15:00+00:00,99548.01062516506
2024-08-30 10:30:00+00:00,99548.01062516506
2024-08-30 10:45:00+00:00,99548.01062516506
2024-08-30 11:00:00+00:00,99548.01062516506
2024-08-30 11:15:00+00:00,99548.01062516506
2024-08-30 11:30:00+00:00,99548.01062516506
2024-08-30 11:45:00+00:00,99548.01062516506
2024-08-30 12:00:00+00:00,99548.01062516506
2024-08-30 12:15:00+00:00,99548.01062516506
2024-08-30 12:30:00+00:00,99548.01062516506
2024-08-30 12:45:00+00:00,99548.01062516506
2024-08-30 13:00:00+00:00,99548.01062516506
2024-08-30 13:15:00+00:00,99548.01062516506
2024-08-30 13:30:00+00:00,99548.01062516506
2024-08-30 13:45:00+00:00,99548.01062516506
2024-08-30 14:00:00+00:00,99548.01062516506
2024-08-30 14:15:00+00:00,99548.01062516506
2024-08-30 14:30:00+00:00,99548.01062516506
2024-08-30 14:45:00+00:00,99548.01062516506
2024-08-30 15:00:00+00:00,99548.01062516506
2024-08-30 15:15:00+00:00,99548.01062516506
2024-08-30 15:30:00+00:00,99548.01062516506
2024-08-30 15:45:00+00:00,99548.01062516506
2024-08-30 16:00:00+00:00,99548.01062516506
2024-08-30 16:15:00+00:00,99548.01062516506
2024-08-30 16:30:00+00:00,99548.01062516506
2024-08-30 16:45:00+00:00,99548.01062516506
2024-08-30 17:00:00+00:00,99548.01062516506
2024-08-30 17:15:00+00:00,99548.01062516506
2024-08-30 17:30:00+00:00,99548.01062516506
2024-08-30 17:45:00+00:00,99548.01062516506
2024-08-30 18:00:00+00:00,99548.01062516506
2024-08-30 18:15:00+00:00,99548.01062516506
2024-08-30 18:30:00+00:00,99548.01062516506
2024-08-30 18:45:00+00:00,99548.01062516506
2024-08-30 19:00:00+00:00,99548.01062516506
2024-08-30 19:15:00+00:00,99548.01062516506
2024-08-30 19:30:00+00:00,99548.01062516506
2024-08-30 19:45:00+00:00,99548.01062516506
2024-08-30 20:00:00+00:00,99548.01062516506
2024-08-30 20:15:00+00:00,99548.01062516506
2024-08-30 20:30:00+00:00,99548.01062516506
2024-08-30 20:45:00+00:00,99548.01062516506
2024-08-30 21:00:00+00:00,99548.01062516506
2024-08-30 21:15:00+00:00,99548.01062516506
2024-08-30 21:30:00+00:00,99548.01062516506
2024-08-30 21:45:00+00:00,99548.01062516506
2024-08-30 22:00:00+00:00,99548.01062516506
2024-08-30 22:15:00+00:00,99548.01062516506
2024-08-30 22:30:00+00:00,99548.01062516506
2024-08-30 22:45:00+00:00,99548.01062516506
2024-08-30 23:00:00+00:00,99548.01062516506
2024-08-30 23:15:00+00:00,99548.01062516506
2024-08-30 23:30:00+00:00,99548.01062516506
2024-08-30 23:45:00+00:00,99548.01062516506
2024-08-31 00:00:00+00:00,99548.01062516506
2024-08-31 00:15:00+00:00,99548.01062516506
2024-08-31 00:30:00+00:00,99548.01062516506
2024-08-31 00:45:00+00:00,99548.01062516506
2024-08-31 01:00:00+00:00,99548.01062516506
2024-08-31 01:15:00+00:00,99548.01062516506
2024-08-31 01:30:00+00:00,99548.01062516506
2024-08-31 01:45:00+00:00,99548.01062516506
2024-08-31 02:00:00+00:00,99548.01062516506
2024-08-31 02:15:00+00:00,99548.01062516506
2024-08-31 02:30:00+00:00,99548.01062516506
2024-08-31 02:45:00+00:00,99548.01062516506
2024-08-31 03:00:00+00:00,99548.01062516506
2024-08-31 03:15:00+00:00,99548.01062516506
2024-08-31 03:30:00+00:00,99548.01062516506
2024-08-31 03:45:00+00:00,99548.01062516506
2024-08-31 04:00:00+00:00,99548.01062516506
2024-08-31 04:15:00+00:00,99548.01062516506
2024-08-31 04:30:00+00:00,99548.01062516506
2024-08-31 04:45:00+00:00,99548.01062516506
2024-08-31 05:00:00+00:00,99548.01062516506
2024-08-31 05:15:00+00:00,99548.01062516506
2024-08-31 05:30:00+00:00,99548.01062516506
2024-08-31 05:45:00+00:00,99548.01062516506
2024-08-31 06:00:00+00:00,99548.01062516506
2024-08-31 06:15:00+00:00,99548.01062516506
2024-08-31 06:30:00+00:00,99548.01062516506
2024-08-31 06:45:00+00:00,99548.01062516506
2024-08-31 07:00:00+00:00,99548.01062516506
2024-08-31 07:15:00+00:00,99548.01062516506
2024-08-31 07:30:00+00:00,99548.01062516506
2024-08-31 07:45:00+00:00,99548.01062516506
2024-08-31 08:00:00+00:00,99548.01062516506
2024-08-31 08:15:00+00:00,99548.01062516506
2024-08-31 08:30:00+00:00,99548.01062516506
2024-08-31 08:45:00+00:00,99548.01062516506
2024-08-31 09:00:00+00:00,99548.01062516506
2024-08-31 09:15:00+00:00,99548.01062516506
2024-08-31 09:30:00+00:00,99548.01062516506
2024-08-31 09:45:00+00:00,99548.01062516506
2024-08-31 10:00:00+00:00,99548.01062516506
2024-08-31 10:15:00+00:00,99548.01062516506
2024-08-31 10:30:00+00:00,99548.01062516506
2024-08-31 10:45:00+00:00,99548.01062516506
2024-08-31 11:00:00+00:00,99548.01062516506
2024-08-31 11:15:00+00:00,99548.01062516506
2024-08-31 11:30:00+00:00,99548.01062516506
2024-08-31 11:45:00+00:00,99548.01062516506
2024-08-31 12:00:00+00:00,99548.01062516506
2024-08-31 12:15:00+00:00,99548.01062516506
2024-08-31 12:30:00+00:00,99548.01062516506
2024-08-31 12:45:00+00:00,99548.01062516506
2024-08-31 13:00:00+00:00,99548.01062516506
2024-08-31 13:15:00+00:00,99548.01062516506
2024-08-31 13:30:00+00:00,99548.01062516506
2024-08-31 13:45:00+00:00,99548.01062516506
2024-08-31 14:00:00+00:00,99548.01062516506
2024-08-31 14:15:00+00:00,99548.01062516506
2024-08-31 14:30:00+00:00,99548.01062516506
2024-08-31 14:45:00+00:00,99548.01062516506
2024-08-31 15:00:00+00:00,99548.01062516506
2024-08-31 15:15:00+00:00,99548.01062516506
2024-08-31 15:30:00+00:00,99548.01062516506
2024-08-31 15:45:00+00:00,99548.01062516506
2024-08-31 16:00:00+00:00,99548.01062516506
2024-08-31 16:15:00+00:00,99548.01062516506
2024-08-31 16:30:00+00:00,99548.01062516506
2024-08-31 16:45:00+00:00,99548.01062516506
2024-08-31 17:00:00+00:00,99548.01062516506
2024-08-31 17:15:00+00:00,99548.01062516506
2024-08-31 17:30:00+00:00,99548.01062516506
2024-08-31 17:45:00+00:00,99548.01062516506
2024-08-31 18:00:00+00:00,99548.01062516506
2024-08-31 18:15:00+00:00,99548.01062516506
2024-08-31 18:30:00+00:00,99548.01062516506
2024-08-31 18:45:00+00:00,99548.01062516506
2024-08-31 19:00:00+00:00,99548.01062516506
2024-08-31 19:15:00+00:00,99548.01062516506
2024-08-31 19:30:00+00:00,99548.01062516506
2024-08-31 19:45:00+00:00,99548.01062516506
2024-08-31 20:00:00+00:00,99548.01062516506
2024-08-31 20:15:00+00:00,99548.01062516506
2024-08-31 20:30:00+00:00,99548.01062516506
2024-08-31 20:45:00+00:00,99548.01062516506
2024-08-31 21:00:00+00:00,99548.01062516506
2024-08-31 21:15:00+00:00,99548.01062516506
2024-08-31 21:30:00+00:00,99548.01062516506
2024-08-31 21:45:00+00:00,99548.01062516506
2024-08-31 22:00:00+00:00,99548.01062516506
2024-08-31 22:15:00+00:00,99548.01062516506
2024-08-31 22:30:00+00:00,99548.01062516506
2024-08-31 22:45:00+00:00,99548.01062516506
2024-08-31 23:00:00+00:00,99548.01062516506
2024-08-31 23:15:00+00:00,99548.01062516506
2024-08-31 23:30:00+00:00,99548.01062516506
2024-08-31 23:45:00+00:00,99548.01062516506
2024-09-01 00:00:00+00:00,99548.01062516506
2024-09-01 00:15:00+00:00,99548.01062516506
2024-09-01 00:30:00+00:00,99548.01062516506
2024-09-01 00:45:00+00:00,99548.01062516506
2024-09-01 01:00:00+00:00,99548.01062516506
2024-09-01 01:15:00+00:00,99548.01062516506
2024-09-01 01:30:00+00:00,99548.01062516506
2024-09-01 01:45:00+00:00,99548.01062516506
2024-09-01 02:00:00+00:00,99548.01062516506
2024-09-01 02:15:00+00:00,99548.01062516506
2024-09-01 02:30:00+00:00,99548.01062516506
2024-09-01 02:45:00+00:00,99548.01062516506
2024-09-01 03:00:00+00:00,99548.01062516506
2024-09-01 03:15:00+00:00,99548.01062516506
2024-09-01 03:30:00+00:00,99548.01062516506
2024-09-01 03:45:00+00:00,99548.01062516506
2024-09-01 04:00:00+00:00,99548.01062516506
2024-09-01 04:15:00+00:00,99548.01062516506
2024-09-01 04:30:00+00:00,99548.01062516506
2024-09-01 04:45:00+00:00,99548.01062516506
2024-09-01 05:00:00+00:00,99548.01062516506
2024-09-01 05:15:00+00:00,99548.01062516506
2024-09-01 05:30:00+00:00,99548.01062516506
2024-09-01 05:45:00+00:00,99548.01062516506
2024-09-01 06:00:00+00:00,99548.01062516506
2024-09-01 06:15:00+00:00,99548.01062516506
2024-09-01 06:30:00+00:00,99548.01062516506
2024-09-01 06:45:00+00:00,99548.01062516506
2024-09-01 07:00:00+00:00,99548.01062516506
2024-09-01 07:15:00+00:00,99548.01062516506
2024-09-01 07:30:00+00:00,99548.01062516506
2024-09-01 07:45:00+00:00,99548.01062516506
2024-09-01 08:00:00+00:00,99548.01062516506
2024-09-01 08:15:00+00:00,99548.01062516506
2024-09-01 08:30:00+00:00,99548.01062516506
2024-09-01 08:45:00+00:00,99548.01062516506
2024-09-01 09:00:00+00:00,99548.01062516506
2024-09-01 09:15:00+00:00,99548.01062516506
2024-09-01 09:30:00+00:00,99548.01062516506
2024-09-01 09:45:00+00:00,99548.01062516506
2024-09-01 10:00:00+00:00,99548.01062516506
2024-09-01 10:15:00+00:00,99548.01062516506
2024-09-01 10:30:00+00:00,99548.01062516506
2024-09-01 10:45:00+00:00,99548.01062516506
2024-09-01 11:00:00+00:00,99548.01062516506
2024-09-01 11:15:00+00:00,99548.01062516506
2024-09-01 11:30:00+00:00,99548.01062516506
2024-09-01 11:45:00+00:00,99548.01062516506
2024-09-01 12:00:00+00:00,99548.01062516506
2024-09-01 12:15:00+00:00,99548.01062516506
2024-09-01 12:30:00+00:00,99548.01062516506
2024-09-01 12:45:00+00:00,99548.01062516506
2024-09-01 13:00:00+00:00,99548.01062516506
2024-09-01 13:15:00+00:00,99548.01062516506
2024-09-01 13:30:00+00:00,99548.01062516506
2024-09-01 13:45:00+00:00,99548.01062516506
2024-09-01 14:00:00+00:00,99548.01062516506
2024-09-01 14:15:00+00:00,99548.01062516506
2024-09-01 14:30:00+00:00,99548.01062516506
2024-09-01 14:45:00+00:00,99548.01062516506
2024-09-01 15:00:00+00:00,99548.01062516506
2024-09-01 15:15:00+00:00,99548.01062516506
2024-09-01 15:30:00+00:00,99548.01062516506
2024-09-01 15:45:00+00:00,99548.01062516506
2024-09-01 16:00:00+00:00,99548.01062516506
2024-09-01 16:15:00+00:00,99548.01062516506
2024-09-01 16:30:00+00:00,99548.01062516506
2024-09-01 16:45:00+00:00,99548.01062516506
2024-09-01 17:00:00+00:00,99548.01062516506
2024-09-01 17:15:00+00:00,99548.01062516506
2024-09-01 17:30:00+00:00,99548.01062516506
2024-09-01 17:45:00+00:00,99548.01062516506
2024-09-01 18:00:00+00:00,99548.01062516506
2024-09-01 18:15:00+00:00,99548.01062516506
2024-09-01 18:30:00+00:00,99548.01062516506
2024-09-01 18:45:00+00:00,99548.01062516506
2024-09-01 19:00:00+00:00,99548.01062516506
2024-09-01 19:15:00+00:00,99548.01062516506
2024-09-01 19:30:00+00:00,99548.01062516506
2024-09-01 19:45:00+00:00,99548.01062516506
2024-09-01 20:00:00+00:00,99548.01062516506
2024-09-01 20:15:00+00:00,99548.01062516506
2024-09-01 20:30:00+00:00,99548.01062516506
2024-09-01 20:45:00+00:00,99548.01062516506
2024-09-01 21:00:00+00:00,99548.01062516506
2024-09-01 21:15:00+00:00,99548.01062516506
2024-09-01 21:30:00+00:00,99548.01062516506
2024-09-01 21:45:00+00:00,99548.01062516506
2024-09-01 22:00:00+00:00,99548.01062516506
2024-09-01 22:15:00+00:00,99548.01062516506
2024-09-01 22:30:00+00:00,99548.01062516506
2024-09-01 22:45:00+00:00,99548.01062516506
2024-09-01 23:00:00+00:00,99548.01062516506
2024-09-01 23:15:00+00:00,99548.01062516506
2024-09-01 23:30:00+00:00,99548.01062516506
2024-09-01 23:45:00+00:00,99548.01062516506
2024-09-02 00:00:00+00:00,99548.01062516506
2024-09-02 00:15:00+00:00,99548.01062516506
2024-09-02 00:30:00+00:00,99548.01062516506
2024-09-02 00:45:00+00:00,99548.01062516506
2024-09-02 01:00:00+00:00,99548.01062516506
2024-09-02 01:15:00+00:00,99548.01062516506
2024-09-02 01:30:00+00:00,99548.01062516506
2024-09-02 01:45:00+00:00,99548.01062516506
2024-09-02 02:00:00+00:00,99548.01062516506
2024-09-02 02:15:00+00:00,99548.01062516506
2024-09-02 02:30:00+00:00,99548.01062516506
2024-09-02 02:45:00+00:00,99548.01062516506
2024-09-02 03:00:00+00:00,99548.01062516506
2024-09-02 03:15:00+00:00,99548.01062516506
2024-09-02 03:30:00+00:00,99548.01062516506
2024-09-02 03:45:00+00:00,99548.01062516506
2024-09-02 04:00:00+00:00,99548.01062516506
2024-09-02 04:15:00+00:00,99548.01062516506
2024-09-02 04:30:00+00:00,99548.01062516506
2024-09-02 04:45:00+00:00,99548.01062516506
2024-09-02 05:00:00+00:00,99548.01062516506
2024-09-02 05:15:00+00:00,99548.01062516506
2024-09-02 05:30:00+00:00,99548.01062516506
2024-09-02 05:45:00+00:00,99548.01062516506
2024-09-02 06:00:00+00:00,99548.01062516506
2024-09-02 06:15:00+00:00,99548.01062516506
2024-09-02 06:30:00+00:00,99548.01062516506
2024-09-02 06:45:00+00:00,99548.01062516506
2024-09-02 07:00:00+00:00,99548.01062516506
2024-09-02 07:15:00+00:00,99548.01062516506
2024-09-02 07:30:00+00:00,99548.01062516506
2024-09-02 07:45:00+00:00,99548.01062516506
2024-09-02 08:00:00+00:00,99548.01062516506
2024-09-02 08:15:00+00:00,99548.01062516506
2024-09-02 08:30:00+00:00,99548.01062516506
2024-09-02 08:45:00+00:00,99548.01062516506
2024-09-02 09:00:00+00:00,99548.01062516506
2024-09-02 09:15:00+00:00,99548.01062516506
2024-09-02 09:30:00+00:00,99548.01062516506
2024-09-02 09:45:00+00:00,99548.01062516506
2024-09-02 10:00:00+00:00,99548.01062516506
2024-09-02 10:15:00+00:00,99548.01062516506
2024-09-02 10:30:00+00:00,99548.01062516506
2024-09-02 10:45:00+00:00,99548.01062516506
2024-09-02 11:00:00+00:00,99548.01062516506
2024-09-02 11:15:00+00:00,99548.01062516506
2024-09-02 11:30:00+00:00,99548.01062516506
2024-09-02 11:45:00+00:00,99548.01062516506
2024-09-02 12:00:00+00:00,99548.01062516506
2024-09-02 12:15:00+00:00,99548.01062516506
2024-09-02 12:30:00+00:00,99548.01062516506
2024-09-02 12:45:00+00:00,99548.01062516506
2024-09-02 13:00:00+00:00,99548.01062516506
2024-09-02 13:15:00+00:00,99548.01062516506
2024-09-02 13:30:00+00:00,99548.01062516506
2024-09-02 13:45:00+00:00,99548.01062516506
2024-09-02 14:00:00+00:00,99548.01062516506
2024-09-02 14:15:00+00:00,99548.01062516506
2024-09-02 14:30:00+00:00,99548.01062516506
2024-09-02 14:45:00+00:00,99548.01062516506
2024-09-02 15:00:00+00:00,99548.01062516506
2024-09-02 15:15:00+00:00,99548.01062516506
2024-09-02 15:30:00+00:00,99548.01062516506
2024-09-02 15:45:00+00:00,99548.01062516506
2024-09-02 16:00:00+00:00,99548.01062516506
2024-09-02 16:15:00+00:00,99548.01062516506
2024-09-02 16:30:00+00:00,99548.01062516506
2024-09-02 16:45:00+00:00,99548.01062516506
2024-09-02 17:00:00+00:00,99548.01062516506
2024-09-02 17:15:00+00:00,99548.01062516506
2024-09-02 17:30:00+00:00,99548.01062516506
2024-09-02 17:45:00+00:00,99548.01062516506
2024-09-02 18:00:00+00:00,99548.01062516506
2024-09-02 18:15:00+00:00,99548.01062516506
2024-09-02 18:30:00+00:00,99548.01062516506
2024-09-02 18:45:00+00:00,99548.01062516506
2024-09-02 19:00:00+00:00,99548.01062516506
2024-09-02 19:15:00+00:00,99548.01062516506
2024-09-02 19:30:00+00:00,99548.01062516506
2024-09-02 19:45:00+00:00,99548.01062516506
2024-09-02 20:00:00+00:00,99548.01062516506
2024-09-02 20:15:00+00:00,99548.01062516506
2024-09-02 20:30:00+00:00,99548.01062516506
2024-09-02 20:45:00+00:00,99548.01062516506
2024-09-02 21:00:00+00:00,99548.01062516506
2024-09-02 21:15:00+00:00,99548.01062516506
2024-09-02 21:30:00+00:00,99548.01062516506
2024-09-02 21:45:00+00:00,99548.01062516506
2024-09-02 22:00:00+00:00,99548.01062516506
2024-09-02 22:15:00+00:00,99548.01062516506
2024-09-02 22:30:00+00:00,99548.01062516506
2024-09-02 22:45:00+00:00,99548.01062516506
2024-09-02 23:00:00+00:00,99548.01062516506
2024-09-02 23:15:00+00:00,99548.01062516506
2024-09-02 23:30:00+00:00,99548.01062516506
2024-09-02 23:45:00+00:00,99548.01062516506
2024-09-03 00:00:00+00:00,99548.01062516506
2024-09-03 00:15:00+00:00,99548.01062516506
2024-09-03 00:30:00+00:00,99548.01062516506
2024-09-03 00:45:00+00:00,99548.01062516506
2024-09-03 01:00:00+00:00,99548.01062516506
2024-09-03 01:15:00+00:00,99548.01062516506
2024-09-03 01:30:00+00:00,99548.01062516506
2024-09-03 01:45:00+00:00,99548.01062516506
2024-09-03 02:00:00+00:00,99548.01062516506
2024-09-03 02:15:00+00:00,99548.01062516506
2024-09-03 02:30:00+00:00,99548.01062516506
2024-09-03 02:45:00+00:00,99548.01062516506
2024-09-03 03:00:00+00:00,99548.01062516506
2024-09-03 03:15:00+00:00,99548.01062516506
2024-09-03 03:30:00+00:00,99548.01062516506
2024-09-03 03:45:00+00:00,99548.01062516506
2024-09-03 04:00:00+00:00,99548.01062516506
2024-09-03 04:15:00+00:00,99548.01062516506
2024-09-03 04:30:00+00:00,99548.01062516506
2024-09-03 04:45:00+00:00,99548.01062516506
2024-09-03 05:00:00+00:00,99548.01062516506
2024-09-03 05:15:00+00:00,99548.01062516506
2024-09-03 05:30:00+00:00,99548.01062516506
2024-09-03 05:45:00+00:00,99548.01062516506
2024-09-03 06:00:00+00:00,99548.01062516506
2024-09-03 06:15:00+00:00,99548.01062516506
2024-09-03 06:30:00+00:00,99548.01062516506
2024-09-03 06:45:00+00:00,99548.01062516506
2024-09-03 07:00:00+00:00,99548.01062516506
2024-09-03 07:15:00+00:00,99548.01062516506
2024-09-03 07:30:00+00:00,99548.01062516506
2024-09-03 07:45:00+00:00,99548.01062516506
2024-09-03 08:00:00+00:00,99548.01062516506
2024-09-03 08:15:00+00:00,99548.01062516506
2024-09-03 08:30:00+00:00,99548.01062516506
2024-09-03 08:45:00+00:00,99548.01062516506
2024-09-03 09:00:00+00:00,99548.01062516506
2024-09-03 09:15:00+00:00,99548.01062516506
2024-09-03 09:30:00+00:00,99548.01062516506
2024-09-03 09:45:00+00:00,99548.01062516506
2024-09-03 10:00:00+00:00,99548.01062516506
2024-09-03 10:15:00+00:00,99548.01062516506
2024-09-03 10:30:00+00:00,99548.01062516506
2024-09-03 10:45:00+00:00,99548.01062516506
2024-09-03 11:00:00+00:00,99548.01062516506
2024-09-03 11:15:00+00:00,99548.01062516506
2024-09-03 11:30:00+00:00,99548.01062516506
2024-09-03 11:45:00+00:00,99548.01062516506
2024-09-03 12:00:00+00:00,99548.01062516506
2024-09-03 12:15:00+00:00,99548.01062516506
2024-09-03 12:30:00+00:00,99548.01062516506
2024-09-03 12:45:00+00:00,99548.01062516506
2024-09-03 13:00:00+00:00,99548.01062516506
2024-09-03 13:15:00+00:00,99548.01062516506
2024-09-03 13:30:00+00:00,99548.01062516506
2024-09-03 13:45:00+00:00,99548.01062516506
2024-09-03 14:00:00+00:00,99548.01062516506
2024-09-03 14:15:00+00:00,99548.01062516506
2024-09-03 14:30:00+00:00,99548.01062516506
2024-09-03 14:45:00+00:00,99548.01062516506
2024-09-03 15:00:00+00:00,99548.01062516506
2024-09-03 15:15:00+00:00,99548.01062516506
2024-09-03 15:30:00+00:00,99548.01062516506
2024-09-03 15:45:00+00:00,99548.01062516506
2024-09-03 16:00:00+00:00,99548.01062516506
2024-09-03 16:15:00+00:00,99548.01062516506
2024-09-03 16:30:00+00:00,99548.01062516506
2024-09-03 16:45:00+00:00,99548.01062516506
2024-09-03 17:00:00+00:00,99548.01062516506
2024-09-03 17:15:00+00:00,99548.01062516506
2024-09-03 17:30:00+00:00,99548.01062516506
2024-09-03 17:45:00+00:00,99548.01062516506
2024-09-03 18:00:00+00:00,99548.01062516506
2024-09-03 18:15:00+00:00,99548.01062516506
2024-09-03 18:30:00+00:00,99548.01062516506
2024-09-03 18:45:00+00:00,99548.01062516506
2024-09-03 19:00:00+00:00,99548.01062516506
2024-09-03 19:15:00+00:00,99548.01062516506
2024-09-03 19:30:00+00:00,99548.01062516506
2024-09-03 19:45:00+00:00,99548.01062516506
2024-09-03 20:00:00+00:00,99548.01062516506
2024-09-03 20:15:00+00:00,99548.01062516506
2024-09-03 20:30:00+00:00,99548.01062516506
2024-09-03 20:45:00+00:00,99548.01062516506
2024-09-03 21:00:00+00:00,99548.01062516506
2024-09-03 21:15:00+00:00,99548.01062516506
2024-09-03 21:30:00+00:00,99548.01062516506
2024-09-03 21:45:00+00:00,99548.01062516506
2024-09-03 22:00:00+00:00,99548.01062516506
2024-09-03 22:15:00+00:00,99548.01062516506
2024-09-03 22:30:00+00:00,99548.01062516506
2024-09-03 22:45:00+00:00,99548.01062516506
2024-09-03 23:00:00+00:00,99548.01062516506
2024-09-03 23:15:00+00:00,99548.01062516506
2024-09-03 23:30:00+00:00,99548.01062516506
2024-09-03 23:45:00+00:00,99548.01062516506
2024-09-04 00:00:00+00:00,99548.01062516506
2024-09-04 00:15:00+00:00,99548.01062516506
2024-09-04 00:30:00+00:00,99548.01062516506
2024-09-04 00:45:00+00:00,99548.01062516506
2024-09-04 01:00:00+00:00,99548.01062516506
2024-09-04 01:15:00+00:00,99548.01062516506
2024-09-04 01:30:00+00:00,99548.01062516506
2024-09-04 01:45:00+00:00,99548.01062516506
2024-09-04 02:00:00+00:00,99548.01062516506
2024-09-04 02:15:00+00:00,99548.01062516506
2024-09-04 02:30:00+00:00,99548.01062516506
2024-09-04 02:45:00+00:00,99548.01062516506
2024-09-04 03:00:00+00:00,99548.01062516506
2024-09-04 03:15:00+00:00,99548.01062516506
2024-09-04 03:30:00+00:00,99548.01062516506
2024-09-04 03:45:00+00:00,99548.01062516506
2024-09-04 04:00:00+00:00,99548.01062516506
2024-09-04 04:15:00+00:00,99544.54882992785
2024-09-04 04:30:00+00:00,99546.96298349091
2024-09-04 04:45:00+00:00,99547.85874787708
2024-09-04 05:00:00+00:00,99544.35866454843
2024-09-04 05:15:00+00:00,99534.61227112472
2024-09-04 05:30:00+00:00,99534.61227112472
2024-09-04 05:45:00+00:00,99534.61227112472
2024-09-04 06:00:00+00:00,99534.61227112472
2024-09-04 06:15:00+00:00,99534.61227112472
2024-09-04 06:30:00+00:00,99534.61227112472
2024-09-04 06:45:00+00:00,99534.61227112472
2024-09-04 07:00:00+00:00,99534.61227112472
2024-09-04 07:15:00+00:00,99534.61227112472
2024-09-04 07:30:00+00:00,99534.61227112472
2024-09-04 07:45:00+00:00,99534.61227112472
2024-09-04 08:00:00+00:00,99534.61227112472
2024-09-04 08:15:00+00:00,99534.61227112472
2024-09-04 08:30:00+00:00,99534.61227112472
2024-09-04 08:45:00+00:00,99534.61227112472
2024-09-04 09:00:00+00:00,99534.61227112472
2024-09-04 09:15:00+00:00,99534.61227112472
2024-09-04 09:30:00+00:00,99534.61227112472
2024-09-04 09:45:00+00:00,99534.61227112472
2024-09-04 10:00:00+00:00,99534.61227112472
2024-09-04 10:15:00+00:00,99534.61227112472
2024-09-04 10:30:00+00:00,99534.61227112472
2024-09-04 10:45:00+00:00,99534.61227112472
2024-09-04 11:00:00+00:00,99534.61227112472
2024-09-04 11:15:00+00:00,99534.61227112472
2024-09-04 11:30:00+00:00,99534.61227112472
2024-09-04 11:45:00+00:00,99534.61227112472
2024-09-04 12:00:00+00:00,99534.61227112472
2024-09-04 12:15:00+00:00,99534.61227112472
2024-09-04 12:30:00+00:00,99534.61227112472
2024-09-04 12:45:00+00:00,99534.61227112472
2024-09-04 13:00:00+00:00,99534.61227112472
2024-09-04 13:15:00+00:00,99534.61227112472
2024-09-04 13:30:00+00:00,99534.61227112472
2024-09-04 13:45:00+00:00,99534.61227112472
2024-09-04 14:00:00+00:00,99534.61227112472
2024-09-04 14:15:00+00:00,99534.61227112472
2024-09-04 14:30:00+00:00,99534.61227112472
2024-09-04 14:45:00+00:00,99534.61227112472
2024-09-04 15:00:00+00:00,99534.61227112472
2024-09-04 15:15:00+00:00,99534.61227112472
2024-09-04 15:30:00+00:00,99534.61227112472
2024-09-04 15:45:00+00:00,99534.61227112472
2024-09-04 16:00:00+00:00,99534.61227112472
2024-09-04 16:15:00+00:00,99534.61227112472
2024-09-04 16:30:00+00:00,99534.61227112472
2024-09-04 16:45:00+00:00,99534.61227112472
2024-09-04 17:00:00+00:00,99534.61227112472
2024-09-04 17:15:00+00:00,99534.61227112472
2024-09-04 17:30:00+00:00,99534.61227112472
2024-09-04 17:45:00+00:00,99534.61227112472
2024-09-04 18:00:00+00:00,99534.61227112472
2024-09-04 18:15:00+00:00,99534.61227112472
2024-09-04 18:30:00+00:00,99534.61227112472
2024-09-04 18:45:00+00:00,99534.61227112472
2024-09-04 19:00:00+00:00,99534.61227112472
2024-09-04 19:15:00+00:00,99534.61227112472
2024-09-04 19:30:00+00:00,99534.61227112472
2024-09-04 19:45:00+00:00,99534.61227112472
2024-09-04 20:00:00+00:00,99534.61227112472
2024-09-04 20:15:00+00:00,99536.72735804012
2024-09-04 20:30:00+00:00,99534.24834131937
2024-09-04 20:45:00+00:00,99528.61072993615
2024-09-04 21:00:00+00:00,99528.61072993615
2024-09-04 21:15:00+00:00,99528.61072993615
2024-09-04 21:30:00+00:00,99528.61072993615
2024-09-04 21:45:00+00:00,99528.61072993615
2024-09-04 22:00:00+00:00,99528.61072993615
2024-09-04 22:15:00+00:00,99528.61072993615
2024-09-04 22:30:00+00:00,99528.61072993615
2024-09-04 22:45:00+00:00,99528.61072993615
2024-09-04 23:00:00+00:00,99528.61072993615
2024-09-04 23:15:00+00:00,99528.61072993615
2024-09-04 23:30:00+00:00,99528.61072993615
2024-09-04 23:45:00+00:00,99528.61072993615
2024-09-05 00:00:00+00:00,99528.61072993615
2024-09-05 00:15:00+00:00,99528.61072993615
2024-09-05 00:30:00+00:00,99528.61072993615
2024-09-05 00:45:00+00:00,99528.61072993615
2024-09-05 01:00:00+00:00,99528.61072993615
2024-09-05 01:15:00+00:00,99528.61072993615
2024-09-05 01:30:00+00:00,99528.61072993615
2024-09-05 01:45:00+00:00,99528.61072993615
2024-09-05 02:00:00+00:00,99528.61072993615
2024-09-05 02:15:00+00:00,99528.61072993615
2024-09-05 02:30:00+00:00,99528.61072993615
2024-09-05 02:45:00+00:00,99528.61072993615
2024-09-05 03:00:00+00:00,99528.61072993615
2024-09-05 03:15:00+00:00,99528.61072993615
2024-09-05 03:30:00+00:00,99528.61072993615
2024-09-05 03:45:00+00:00,99528.61072993615
2024-09-05 04:00:00+00:00,99528.61072993615
2024-09-05 04:15:00+00:00,99528.61072993615
2024-09-05 04:30:00+00:00,99528.61072993615
2024-09-05 04:45:00+00:00,99528.61072993615
2024-09-05 05:00:00+00:00,99528.61072993615
2024-09-05 05:15:00+00:00,99528.61072993615
2024-09-05 05:30:00+00:00,99528.61072993615
2024-09-05 05:45:00+00:00,99528.61072993615
2024-09-05 06:00:00+00:00,99528.61072993615
2024-09-05 06:15:00+00:00,99528.61072993615
2024-09-05 06:30:00+00:00,99528.61072993615
2024-09-05 06:45:00+00:00,99528.61072993615
2024-09-05 07:00:00+00:00,99528.61072993615
2024-09-05 07:15:00+00:00,99528.61072993615
2024-09-05 07:30:00+00:00,99528.61072993615
2024-09-05 07:45:00+00:00,99528.61072993615
2024-09-05 08:00:00+00:00,99528.61072993615
2024-09-05 08:15:00+00:00,99528.61072993615
2024-09-05 08:30:00+00:00,99528.61072993615
2024-09-05 08:45:00+00:00,99528.61072993615
2024-09-05 09:00:00+00:00,99528.61072993615
2024-09-05 09:15:00+00:00,99528.61072993615
2024-09-05 09:30:00+00:00,99528.61072993615
2024-09-05 09:45:00+00:00,99528.61072993615
2024-09-05 10:00:00+00:00,99528.61072993615
2024-09-05 10:15:00+00:00,99528.61072993615
2024-09-05 10:30:00+00:00,99528.61072993615
2024-09-05 10:45:00+00:00,99528.61072993615
2024-09-05 11:00:00+00:00,99528.61072993615
2024-09-05 11:15:00+00:00,99528.61072993615
2024-09-05 11:30:00+00:00,99528.61072993615
2024-09-05 11:45:00+00:00,99528.61072993615
2024-09-05 12:00:00+00:00,99528.61072993615
2024-09-05 12:15:00+00:00,99528.61072993615
2024-09-05 12:30:00+00:00,99528.61072993615
2024-09-05 12:45:00+00:00,99528.61072993615
2024-09-05 13:00:00+00:00,99528.61072993615
2024-09-05 13:15:00+00:00,99528.61072993615
2024-09-05 13:30:00+00:00,99528.61072993615
2024-09-05 13:45:00+00:00,99528.61072993615
2024-09-05 14:00:00+00:00,99528.61072993615
2024-09-05 14:15:00+00:00,99528.61072993615
2024-09-05 14:30:00+00:00,99528.61072993615
2024-09-05 14:45:00+00:00,99528.61072993615
2024-09-05 15:00:00+00:00,99528.61072993615
2024-09-05 15:15:00+00:00,99528.61072993615
2024-09-05 15:30:00+00:00,99528.61072993615
2024-09-05 15:45:00+00:00,99528.61072993615
2024-09-05 16:00:00+00:00,99528.61072993615
2024-09-05 16:15:00+00:00,99528.61072993615
2024-09-05 16:30:00+00:00,99528.61072993615
2024-09-05 16:45:00+00:00,99528.61072993615
2024-09-05 17:00:00+00:00,99528.61072993615
2024-09-05 17:15:00+00:00,99528.61072993615
2024-09-05 17:30:00+00:00,99528.61072993615
2024-09-05 17:45:00+00:00,99528.61072993615
2024-09-05 18:00:00+00:00,99528.61072993615
2024-09-05 18:15:00+00:00,99528.61072993615
2024-09-05 18:30:00+00:00,99528.61072993615
2024-09-05 18:45:00+00:00,99528.61072993615
2024-09-05 19:00:00+00:00,99528.61072993615
2024-09-05 19:15:00+00:00,99528.61072993615
2024-09-05 19:30:00+00:00,99528.61072993615
2024-09-05 19:45:00+00:00,99528.61072993615
2024-09-05 20:00:00+00:00,99528.61072993615
2024-09-05 20:15:00+00:00,99528.61072993615
2024-09-05 20:30:00+00:00,99528.61072993615
2024-09-05 20:45:00+00:00,99528.61072993615
2024-09-05 21:00:00+00:00,99528.61072993615
2024-09-05 21:15:00+00:00,99528.61072993615
2024-09-05 21:30:00+00:00,99528.61072993615
2024-09-05 21:45:00+00:00,99528.61072993615
2024-09-05 22:00:00+00:00,99528.61072993615
2024-09-05 22:15:00+00:00,99528.61072993615
2024-09-05 22:30:00+00:00,99528.61072993615
2024-09-05 22:45:00+00:00,99528.61072993615
2024-09-05 23:00:00+00:00,99528.61072993615
2024-09-05 23:15:00+00:00,99528.61072993615
2024-09-05 23:30:00+00:00,99528.61072993615
2024-09-05 23:45:00+00:00,99528.61072993615
2024-09-06 00:00:00+00:00,99528.61072993615
2024-09-06 00:15:00+00:00,99528.61072993615
2024-09-06 00:30:00+00:00,99528.61072993615
2024-09-06 00:45:00+00:00,99528.61072993615
2024-09-06 01:00:00+00:00,99528.61072993615
2024-09-06 01:15:00+00:00,99528.61072993615
2024-09-06 01:30:00+00:00,99528.61072993615
2024-09-06 01:45:00+00:00,99528.61072993615
2024-09-06 02:00:00+00:00,99528.61072993615
2024-09-06 02:15:00+00:00,99528.61072993615
2024-09-06 02:30:00+00:00,99528.61072993615
2024-09-06 02:45:00+00:00,99528.61072993615
2024-09-06 03:00:00+00:00,99528.61072993615
2024-09-06 03:15:00+00:00,99528.61072993615
2024-09-06 03:30:00+00:00,99528.61072993615
2024-09-06 03:45:00+00:00,99528.61072993615
2024-09-06 04:00:00+00:00,99528.61072993615
2024-09-06 04:15:00+00:00,99528.61072993615
2024-09-06 04:30:00+00:00,99528.61072993615
2024-09-06 04:45:00+00:00,99528.61072993615
2024-09-06 05:00:00+00:00,99528.61072993615
2024-09-06 05:15:00+00:00,99528.61072993615
2024-09-06 05:30:00+00:00,99528.61072993615
2024-09-06 05:45:00+00:00,99528.61072993615
2024-09-06 06:00:00+00:00,99528.61072993615
2024-09-06 06:15:00+00:00,99528.61072993615
2024-09-06 06:30:00+00:00,99528.61072993615
2024-09-06 06:45:00+00:00,99528.61072993615
2024-09-06 07:00:00+00:00,99528.61072993615
2024-09-06 07:15:00+00:00,99528.61072993615
2024-09-06 07:30:00+00:00,99528.61072993615
2024-09-06 07:45:00+00:00,99528.61072993615
2024-09-06 08:00:00+00:00,99528.61072993615
2024-09-06 08:15:00+00:00,99528.61072993615
2024-09-06 08:30:00+00:00,99528.61072993615
2024-09-06 08:45:00+00:00,99528.61072993615
2024-09-06 09:00:00+00:00,99528.61072993615
2024-09-06 09:15:00+00:00,99528.61072993615
2024-09-06 09:30:00+00:00,99528.61072993615
2024-09-06 09:45:00+00:00,99528.61072993615
2024-09-06 10:00:00+00:00,99528.61072993615
2024-09-06 10:15:00+00:00,99528.61072993615
2024-09-06 10:30:00+00:00,99528.61072993615
2024-09-06 10:45:00+00:00,99528.61072993615
2024-09-06 11:00:00+00:00,99528.61072993615
2024-09-06 11:15:00+00:00,99528.61072993615
2024-09-06 11:30:00+00:00,99528.61072993615
2024-09-06 11:45:00+00:00,99528.61072993615
2024-09-06 12:00:00+00:00,99528.61072993615
2024-09-06 12:15:00+00:00,99528.61072993615
2024-09-06 12:30:00+00:00,99528.61072993615
2024-09-06 12:45:00+00:00,99528.61072993615
2024-09-06 13:00:00+00:00,99528.61072993615
2024-09-06 13:15:00+00:00,99528.61072993615
2024-09-06 13:30:00+00:00,99528.61072993615
2024-09-06 13:45:00+00:00,99528.61072993615
2024-09-06 14:00:00+00:00,99528.61072993615
2024-09-06 14:15:00+00:00,99528.61072993615
2024-09-06 14:30:00+00:00,99528.61072993615
2024-09-06 14:45:00+00:00,99528.61072993615
2024-09-06 15:00:00+00:00,99528.61072993615
2024-09-06 15:15:00+00:00,99528.61072993615
2024-09-06 15:30:00+00:00,99528.61072993615
2024-09-06 15:45:00+00:00,99528.61072993615
2024-09-06 16:00:00+00:00,99528.61072993615
2024-09-06 16:15:00+00:00,99528.61072993615
2024-09-06 16:30:00+00:00,99528.61072993615
2024-09-06 16:45:00+00:00,99528.61072993615
2024-09-06 17:00:00+00:00,99528.61072993615
2024-09-06 17:15:00+00:00,99528.61072993615
2024-09-06 17:30:00+00:00,99528.61072993615
2024-09-06 17:45:00+00:00,99528.61072993615
2024-09-06 18:00:00+00:00,99528.61072993615
2024-09-06 18:15:00+00:00,99528.61072993615
2024-09-06 18:30:00+00:00,99528.61072993615
2024-09-06 18:45:00+00:00,99528.61072993615
2024-09-06 19:00:00+00:00,99528.61072993615
2024-09-06 19:15:00+00:00,99528.61072993615
2024-09-06 19:30:00+00:00,99528.61072993615
2024-09-06 19:45:00+00:00,99528.61072993615
2024-09-06 20:00:00+00:00,99528.61072993615
2024-09-06 20:15:00+00:00,99520.26037604624
2024-09-06 20:30:00+00:00,99505.63300585367
2024-09-06 20:45:00+00:00,99505.63300585367
2024-09-06 21:00:00+00:00,99505.63300585367
2024-09-06 21:15:00+00:00,99505.63300585367
2024-09-06 21:30:00+00:00,99505.63300585367
2024-09-06 21:45:00+00:00,99505.63300585367
2024-09-06 22:00:00+00:00,99505.63300585367
2024-09-06 22:15:00+00:00,99505.63300585367
2024-09-06 22:30:00+00:00,99505.63300585367
2024-09-06 22:45:00+00:00,99505.63300585367
2024-09-06 23:00:00+00:00,99505.63300585367
2024-09-06 23:15:00+00:00,99505.63300585367
2024-09-06 23:30:00+00:00,99505.63300585367
2024-09-06 23:45:00+00:00,99505.63300585367
2024-09-07 00:00:00+00:00,99505.63300585367
2024-09-07 00:15:00+00:00,99505.63300585367
2024-09-07 00:30:00+00:00,99505.63300585367
2024-09-07 00:45:00+00:00,99505.63300585367
2024-09-07 01:00:00+00:00,99505.63300585367
2024-09-07 01:15:00+00:00,99505.63300585367
2024-09-07 01:30:00+00:00,99505.63300585367
2024-09-07 01:45:00+00:00,99505.63300585367
2024-09-07 02:00:00+00:00,99505.63300585367
2024-09-07 02:15:00+00:00,99505.63300585367
2024-09-07 02:30:00+00:00,99505.63300585367
2024-09-07 02:45:00+00:00,99505.63300585367
2024-09-07 03:00:00+00:00,99505.63300585367
2024-09-07 03:15:00+00:00,99505.63300585367
2024-09-07 03:30:00+00:00,99505.63300585367
2024-09-07 03:45:00+00:00,99505.63300585367
2024-09-07 04:00:00+00:00,99505.63300585367
2024-09-07 04:15:00+00:00,99505.63300585367
2024-09-07 04:30:00+00:00,99505.63300585367
2024-09-07 04:45:00+00:00,99505.63300585367
2024-09-07 05:00:00+00:00,99505.63300585367
2024-09-07 05:15:00+00:00,99505.63300585367
2024-09-07 05:30:00+00:00,99505.63300585367
2024-09-07 05:45:00+00:00,99505.63300585367
2024-09-07 06:00:00+00:00,99505.63300585367
2024-09-07 06:15:00+00:00,99505.63300585367
2024-09-07 06:30:00+00:00,99505.63300585367
2024-09-07 06:45:00+00:00,99505.63300585367
2024-09-07 07:00:00+00:00,99505.63300585367
2024-09-07 07:15:00+00:00,99505.63300585367
2024-09-07 07:30:00+00:00,99505.63300585367
2024-09-07 07:45:00+00:00,99505.63300585367
2024-09-07 08:00:00+00:00,99505.63300585367
2024-09-07 08:15:00+00:00,99505.63300585367
2024-09-07 08:30:00+00:00,99505.63300585367
2024-09-07 08:45:00+00:00,99505.63300585367
2024-09-07 09:00:00+00:00,99505.63300585367
2024-09-07 09:15:00+00:00,99505.63300585367
2024-09-07 09:30:00+00:00,99505.63300585367
2024-09-07 09:45:00+00:00,99505.63300585367
2024-09-07 10:00:00+00:00,99505.63300585367
2024-09-07 10:15:00+00:00,99505.63300585367
2024-09-07 10:30:00+00:00,99505.63300585367
2024-09-07 10:45:00+00:00,99505.63300585367
2024-09-07 11:00:00+00:00,99505.63300585367
2024-09-07 11:15:00+00:00,99505.63300585367
2024-09-07 11:30:00+00:00,99505.63300585367
2024-09-07 11:45:00+00:00,99505.63300585367
2024-09-07 12:00:00+00:00,99505.63300585367
2024-09-07 12:15:00+00:00,99505.63300585367
2024-09-07 12:30:00+00:00,99505.63300585367
2024-09-07 12:45:00+00:00,99505.63300585367
2024-09-07 13:00:00+00:00,99505.63300585367
2024-09-07 13:15:00+00:00,99505.63300585367
2024-09-07 13:30:00+00:00,99505.63300585367
2024-09-07 13:45:00+00:00,99505.63300585367
2024-09-07 14:00:00+00:00,99505.63300585367
2024-09-07 14:15:00+00:00,99505.63300585367
2024-09-07 14:30:00+00:00,99505.63300585367
2024-09-07 14:45:00+00:00,99505.63300585367
2024-09-07 15:00:00+00:00,99505.63300585367
2024-09-07 15:15:00+00:00,99505.63300585367
2024-09-07 15:30:00+00:00,99505.63300585367
2024-09-07 15:45:00+00:00,99505.63300585367
2024-09-07 16:00:00+00:00,99505.63300585367
2024-09-07 16:15:00+00:00,99505.63300585367
2024-09-07 16:30:00+00:00,99505.63300585367
2024-09-07 16:45:00+00:00,99505.63300585367
2024-09-07 17:00:00+00:00,99505.63300585367
2024-09-07 17:15:00+00:00,99505.63300585367
2024-09-07 17:30:00+00:00,99505.63300585367
2024-09-07 17:45:00+00:00,99505.63300585367
2024-09-07 18:00:00+00:00,99505.63300585367
2024-09-07 18:15:00+00:00,99505.63300585367
2024-09-07 18:30:00+00:00,99505.63300585367
2024-09-07 18:45:00+00:00,99505.63300585367
2024-09-07 19:00:00+00:00,99505.63300585367
2024-09-07 19:15:00+00:00,99505.63300585367
2024-09-07 19:30:00+00:00,99505.63300585367
2024-09-07 19:45:00+00:00,99505.63300585367
2024-09-07 20:00:00+00:00,99505.63300585367
2024-09-07 20:15:00+00:00,99505.63300585367
2024-09-07 20:30:00+00:00,99505.63300585367
2024-09-07 20:45:00+00:00,99505.63300585367
2024-09-07 21:00:00+00:00,99505.63300585367
2024-09-07 21:15:00+00:00,99505.63300585367
2024-09-07 21:30:00+00:00,99505.63300585367
2024-09-07 21:45:00+00:00,99505.63300585367
2024-09-07 22:00:00+00:00,99505.63300585367
2024-09-07 22:15:00+00:00,99505.63300585367
2024-09-07 22:30:00+00:00,99505.63300585367
2024-09-07 22:45:00+00:00,99505.63300585367
2024-09-07 23:00:00+00:00,99505.63300585367
2024-09-07 23:15:00+00:00,99505.63300585367
2024-09-07 23:30:00+00:00,99505.63300585367
2024-09-07 23:45:00+00:00,99505.63300585367
2024-09-08 00:00:00+00:00,99505.63300585367
2024-09-08 00:15:00+00:00,99505.63300585367
2024-09-08 00:30:00+00:00,99505.63300585367
2024-09-08 00:45:00+00:00,99505.63300585367
2024-09-08 01:00:00+00:00,99505.63300585367
2024-09-08 01:15:00+00:00,99505.63300585367
2024-09-08 01:30:00+00:00,99505.63300585367
2024-09-08 01:45:00+00:00,99505.63300585367
2024-09-08 02:00:00+00:00,99505.63300585367
2024-09-08 02:15:00+00:00,99505.63300585367
2024-09-08 02:30:00+00:00,99505.63300585367
2024-09-08 02:45:00+00:00,99505.63300585367
2024-09-08 03:00:00+00:00,99505.63300585367
2024-09-08 03:15:00+00:00,99505.63300585367
2024-09-08 03:30:00+00:00,99505.63300585367
2024-09-08 03:45:00+00:00,99505.63300585367
2024-09-08 04:00:00+00:00,99505.63300585367
2024-09-08 04:15:00+00:00,99505.63300585367
2024-09-08 04:30:00+00:00,99505.63300585367
2024-09-08 04:45:00+00:00,99505.63300585367
2024-09-08 05:00:00+00:00,99505.63300585367
2024-09-08 05:15:00+00:00,99505.63300585367
2024-09-08 05:30:00+00:00,99505.63300585367
2024-09-08 05:45:00+00:00,99505.63300585367
2024-09-08 06:00:00+00:00,99505.63300585367
2024-09-08 06:15:00+00:00,99505.63300585367
2024-09-08 06:30:00+00:00,99505.63300585367
2024-09-08 06:45:00+00:00,99505.63300585367
2024-09-08 07:00:00+00:00,99505.63300585367
2024-09-08 07:15:00+00:00,99505.63300585367
2024-09-08 07:30:00+00:00,99505.63300585367
2024-09-08 07:45:00+00:00,99505.63300585367
2024-09-08 08:00:00+00:00,99505.63300585367
2024-09-08 08:15:00+00:00,99505.63300585367
2024-09-08 08:30:00+00:00,99505.63300585367
2024-09-08 08:45:00+00:00,99505.63300585367
2024-09-08 09:00:00+00:00,99505.63300585367
2024-09-08 09:15:00+00:00,99505.63300585367
2024-09-08 09:30:00+00:00,99505.63300585367
2024-09-08 09:45:00+00:00,99505.63300585367
2024-09-08 10:00:00+00:00,99505.63300585367
2024-09-08 10:15:00+00:00,99505.63300585367
2024-09-08 10:30:00+00:00,99505.63300585367
2024-09-08 10:45:00+00:00,99505.63300585367
2024-09-08 11:00:00+00:00,99505.63300585367
2024-09-08 11:15:00+00:00,99505.63300585367
2024-09-08 11:30:00+00:00,99505.63300585367
2024-09-08 11:45:00+00:00,99505.63300585367
2024-09-08 12:00:00+00:00,99505.63300585367
2024-09-08 12:15:00+00:00,99505.63300585367
2024-09-08 12:30:00+00:00,99505.63300585367
2024-09-08 12:45:00+00:00,99505.63300585367
2024-09-08 13:00:00+00:00,99505.63300585367
2024-09-08 13:15:00+00:00,99505.63300585367
2024-09-08 13:30:00+00:00,99505.63300585367
2024-09-08 13:45:00+00:00,99505.63300585367
2024-09-08 14:00:00+00:00,99505.63300585367
2024-09-08 14:15:00+00:00,99505.63300585367
2024-09-08 14:30:00+00:00,99505.63300585367
2024-09-08 14:45:00+00:00,99505.63300585367
2024-09-08 15:00:00+00:00,99505.63300585367
2024-09-08 15:15:00+00:00,99505.63300585367
2024-09-08 15:30:00+00:00,99505.63300585367
2024-09-08 15:45:00+00:00,99505.63300585367
2024-09-08 16:00:00+00:00,99505.63300585367
2024-09-08 16:15:00+00:00,99505.63300585367
2024-09-08 16:30:00+00:00,99505.63300585367
2024-09-08 16:45:00+00:00,99505.63300585367
2024-09-08 17:00:00+00:00,99505.63300585367
2024-09-08 17:15:00+00:00,99505.63300585367
2024-09-08 17:30:00+00:00,99505.63300585367
2024-09-08 17:45:00+00:00,99505.63300585367
2024-09-08 18:00:00+00:00,99505.63300585367
2024-09-08 18:15:00+00:00,99505.63300585367
2024-09-08 18:30:00+00:00,99505.63300585367
2024-09-08 18:45:00+00:00,99505.63300585367
2024-09-08 19:00:00+00:00,99505.63300585367
2024-09-08 19:15:00+00:00,99505.63300585367
2024-09-08 19:30:00+00:00,99505.63300585367
2024-09-08 19:45:00+00:00,99505.63300585367
2024-09-08 20:00:00+00:00,99505.63300585367
2024-09-08 20:15:00+00:00,99505.63300585367
2024-09-08 20:30:00+00:00,99505.63300585367
2024-09-08 20:45:00+00:00,99505.63300585367
2024-09-08 21:00:00+00:00,99505.63300585367
2024-09-08 21:15:00+00:00,99505.63300585367
2024-09-08 21:30:00+00:00,99505.63300585367
2024-09-08 21:45:00+00:00,99505.63300585367
2024-09-08 22:00:00+00:00,99505.63300585367
2024-09-08 22:15:00+00:00,99505.63300585367
2024-09-08 22:30:00+00:00,99505.63300585367
2024-09-08 22:45:00+00:00,99505.63300585367
2024-09-08 23:00:00+00:00,99505.63300585367
2024-09-08 23:15:00+00:00,99505.63300585367
2024-09-08 23:30:00+00:00,99505.63300585367
2024-09-08 23:45:00+00:00,99505.63300585367
2024-09-09 00:00:00+00:00,99505.63300585367
2024-09-09 00:15:00+00:00,99503.56760762149
2024-09-09 00:30:00+00:00,99508.37947774534
2024-09-09 00:45:00+00:00,99502.87167001763
2024-09-09 01:00:00+00:00,99499.59048848416
2024-09-09 01:15:00+00:00,99501.83060864847
2024-09-09 01:30:00+00:00,99497.76568633514
2024-09-09 01:45:00+00:00,99501.25790231745
2024-09-09 02:00:00+00:00,99503.64142591401
2024-09-09 02:15:00+00:00,99500.68255890565
2024-09-09 02:30:00+00:00,99500.68255890565
2024-09-09 02:45:00+00:00,99500.68255890565
2024-09-09 03:00:00+00:00,99500.68255890565
2024-09-09 03:15:00+00:00,99500.68255890565
2024-09-09 03:30:00+00:00,99500.68255890565
2024-09-09 03:45:00+00:00,99500.68255890565
2024-09-09 04:00:00+00:00,99500.68255890565
2024-09-09 04:15:00+00:00,99500.68255890565
2024-09-09 04:30:00+00:00,99500.68255890565
2024-09-09 04:45:00+00:00,99500.68255890565
2024-09-09 05:00:00+00:00,99500.68255890565
2024-09-09 05:15:00+00:00,99500.68255890565
2024-09-09 05:30:00+00:00,99500.68255890565
2024-09-09 05:45:00+00:00,99500.68255890565
2024-09-09 06:00:00+00:00,99500.68255890565
2024-09-09 06:15:00+00:00,99500.68255890565
2024-09-09 06:30:00+00:00,99500.68255890565
2024-09-09 06:45:00+00:00,99500.68255890565
2024-09-09 07:00:00+00:00,99500.68255890565
2024-09-09 07:15:00+00:00,99500.68255890565
2024-09-09 07:30:00+00:00,99500.68255890565
2024-09-09 07:45:00+00:00,99500.68255890565
2024-09-09 08:00:00+00:00,99500.68255890565
2024-09-09 08:15:00+00:00,99500.68255890565
2024-09-09 08:30:00+00:00,99500.68255890565
2024-09-09 08:45:00+00:00,99500.68255890565
2024-09-09 09:00:00+00:00,99498.02168472242
2024-09-09 09:15:00+00:00,99499.11334501392
2024-09-09 09:30:00+00:00,99501.05674575608
2024-09-09 09:45:00+00:00,99503.1645899783
2024-09-09 10:00:00+00:00,99499.916827037
2024-09-09 10:15:00+00:00,99495.38062751364
2024-09-09 10:30:00+00:00,99497.85724413101
2024-09-09 10:45:00+00:00,99497.42580151815
2024-09-09 11:00:00+00:00,99492.89465589597
2024-09-09 11:15:00+00:00,99492.89465589597
2024-09-09 11:30:00+00:00,99492.89465589597
2024-09-09 11:45:00+00:00,99492.89465589597
2024-09-09 12:00:00+00:00,99492.89465589597
2024-09-09 12:15:00+00:00,99492.89465589597
2024-09-09 12:30:00+00:00,99492.89465589597
2024-09-09 12:45:00+00:00,99492.89465589597
2024-09-09 13:00:00+00:00,99492.89465589597
2024-09-09 13:15:00+00:00,99492.89465589597
2024-09-09 13:30:00+00:00,99492.89465589597
2024-09-09 13:45:00+00:00,99492.89465589597
2024-09-09 14:00:00+00:00,99492.89465589597
2024-09-09 14:15:00+00:00,99492.89465589597
2024-09-09 14:30:00+00:00,99492.89465589597
2024-09-09 14:45:00+00:00,99492.89465589597
2024-09-09 15:00:00+00:00,99492.89465589597
2024-09-09 15:15:00+00:00,99492.89465589597
2024-09-09 15:30:00+00:00,99492.89465589597
2024-09-09 15:45:00+00:00,99492.89465589597
2024-09-09 16:00:00+00:00,99492.89465589597
2024-09-09 16:15:00+00:00,99492.89465589597
2024-09-09 16:30:00+00:00,99492.89465589597
2024-09-09 16:45:00+00:00,99492.89465589597
2024-09-09 17:00:00+00:00,99492.89465589597
2024-09-09 17:15:00+00:00,99492.89465589597
2024-09-09 17:30:00+00:00,99492.89465589597
2024-09-09 17:45:00+00:00,99492.89465589597
2024-09-09 18:00:00+00:00,99492.89465589597
2024-09-09 18:15:00+00:00,99492.89465589597
2024-09-09 18:30:00+00:00,99492.89465589597
2024-09-09 18:45:00+00:00,99492.89465589597
2024-09-09 19:00:00+00:00,99492.89465589597
2024-09-09 19:15:00+00:00,99492.89465589597
2024-09-09 19:30:00+00:00,99492.89465589597
2024-09-09 19:45:00+00:00,99492.89465589597
2024-09-09 20:00:00+00:00,99492.89465589597
2024-09-09 20:15:00+00:00,99491.84937486942
2024-09-09 20:30:00+00:00,99489.26322365663
2024-09-09 20:45:00+00:00,99488.07275915465
2024-09-09 21:00:00+00:00,99465.73942694497
2024-09-09 21:15:00+00:00,99465.73942694497
2024-09-09 21:30:00+00:00,99465.73942694497
2024-09-09 21:45:00+00:00,99465.73942694497
2024-09-09 22:00:00+00:00,99465.73942694497
2024-09-09 22:15:00+00:00,99465.73942694497
2024-09-09 22:30:00+00:00,99465.73942694497
2024-09-09 22:45:00+00:00,99465.73942694497
2024-09-09 23:00:00+00:00,99465.73942694497
2024-09-09 23:15:00+00:00,99465.73942694497
2024-09-09 23:30:00+00:00,99465.73942694497
2024-09-09 23:45:00+00:00,99465.73942694497
2024-09-10 00:00:00+00:00,99465.73942694497
2024-09-10 00:15:00+00:00,99465.73942694497
2024-09-10 00:30:00+00:00,99465.73942694497
2024-09-10 00:45:00+00:00,99465.73942694497
2024-09-10 01:00:00+00:00,99465.73942694497
2024-09-10 01:15:00+00:00,99465.73942694497
2024-09-10 01:30:00+00:00,99465.73942694497
2024-09-10 01:45:00+00:00,99465.73942694497
2024-09-10 02:00:00+00:00,99465.73942694497
2024-09-10 02:15:00+00:00,99465.73942694497
2024-09-10 02:30:00+00:00,99465.73942694497
2024-09-10 02:45:00+00:00,99465.73942694497
2024-09-10 03:00:00+00:00,99465.73942694497
2024-09-10 03:15:00+00:00,99465.73942694497
2024-09-10 03:30:00+00:00,99465.73942694497
2024-09-10 03:45:00+00:00,99465.73942694497
2024-09-10 04:00:00+00:00,99465.73942694497
2024-09-10 04:15:00+00:00,99465.73942694497
2024-09-10 04:30:00+00:00,99465.73942694497
2024-09-10 04:45:00+00:00,99465.73942694497
2024-09-10 05:00:00+00:00,99465.73942694497
2024-09-10 05:15:00+00:00,99465.73942694497
2024-09-10 05:30:00+00:00,99465.73942694497
2024-09-10 05:45:00+00:00,99465.73942694497
2024-09-10 06:00:00+00:00,99465.73942694497
2024-09-10 06:15:00+00:00,99465.73942694497
2024-09-10 06:30:00+00:00,99465.73942694497
2024-09-10 06:45:00+00:00,99465.73942694497
2024-09-10 07:00:00+00:00,99465.73942694497
2024-09-10 07:15:00+00:00,99465.73942694497
2024-09-10 07:30:00+00:00,99465.73942694497
2024-09-10 07:45:00+00:00,99465.73942694497
2024-09-10 08:00:00+00:00,99465.73942694497
2024-09-10 08:15:00+00:00,99465.73942694497
2024-09-10 08:30:00+00:00,99465.73942694497
2024-09-10 08:45:00+00:00,99465.73942694497
2024-09-10 09:00:00+00:00,99465.73942694497
2024-09-10 09:15:00+00:00,99465.73942694497
2024-09-10 09:30:00+00:00,99465.73942694497
2024-09-10 09:45:00+00:00,99465.73942694497
2024-09-10 10:00:00+00:00,99465.73942694497
2024-09-10 10:15:00+00:00,99465.73942694497
2024-09-10 10:30:00+00:00,99465.73942694497
2024-09-10 10:45:00+00:00,99465.73942694497
2024-09-10 11:00:00+00:00,99465.73942694497
2024-09-10 11:15:00+00:00,99465.73942694497
2024-09-10 11:30:00+00:00,99465.73942694497
2024-09-10 11:45:00+00:00,99465.73942694497
2024-09-10 12:00:00+00:00,99465.73942694497
2024-09-10 12:15:00+00:00,99465.73942694497
2024-09-10 12:30:00+00:00,99465.73942694497
2024-09-10 12:45:00+00:00,99465.73942694497
2024-09-10 13:00:00+00:00,99465.73942694497
2024-09-10 13:15:00+00:00,99465.73942694497
2024-09-10 13:30:00+00:00,99465.73942694497
2024-09-10 13:45:00+00:00,99465.73942694497
2024-09-10 14:00:00+00:00,99465.73942694497
2024-09-10 14:15:00+00:00,99465.73942694497
2024-09-10 14:30:00+00:00,99465.73942694497
2024-09-10 14:45:00+00:00,99465.73942694497
2024-09-10 15:00:00+00:00,99465.73942694497
2024-09-10 15:15:00+00:00,99465.73942694497
2024-09-10 15:30:00+00:00,99465.73942694497
2024-09-10 15:45:00+00:00,99465.73942694497
2024-09-10 16:00:00+00:00,99465.73942694497
2024-09-10 16:15:00+00:00,99465.73942694497
2024-09-10 16:30:00+00:00,99465.73942694497
2024-09-10 16:45:00+00:00,99465.73942694497
2024-09-10 17:00:00+00:00,99465.73942694497
2024-09-10 17:15:00+00:00,99465.73942694497
2024-09-10 17:30:00+00:00,99465.73942694497
2024-09-10 17:45:00+00:00,99465.73942694497
2024-09-10 18:00:00+00:00,99465.73942694497
2024-09-10 18:15:00+00:00,99465.73942694497
2024-09-10 18:30:00+00:00,99465.73942694497
2024-09-10 18:45:00+00:00,99465.73942694497
2024-09-10 19:00:00+00:00,99465.73942694497
2024-09-10 19:15:00+00:00,99465.73942694497
2024-09-10 19:30:00+00:00,99465.73942694497
2024-09-10 19:45:00+00:00,99465.73942694497
2024-09-10 20:00:00+00:00,99465.73942694497
2024-09-10 20:15:00+00:00,99465.73942694497
2024-09-10 20:30:00+00:00,99465.73942694497
2024-09-10 20:45:00+00:00,99465.73942694497
2024-09-10 21:00:00+00:00,99465.73942694497
2024-09-10 21:15:00+00:00,99465.73942694497
2024-09-10 21:30:00+00:00,99465.73942694497
2024-09-10 21:45:00+00:00,99465.73942694497
2024-09-10 22:00:00+00:00,99465.73942694497
2024-09-10 22:15:00+00:00,99465.73942694497
2024-09-10 22:30:00+00:00,99465.73942694497
2024-09-10 22:45:00+00:00,99465.73942694497
2024-09-10 23:00:00+00:00,99465.73942694497
2024-09-10 23:15:00+00:00,99465.73942694497
2024-09-10 23:30:00+00:00,99465.73942694497
2024-09-10 23:45:00+00:00,99465.73942694497
2024-09-11 00:00:00+00:00,99465.73942694497
2024-09-11 00:15:00+00:00,99465.73942694497
2024-09-11 00:30:00+00:00,99465.73942694497
2024-09-11 00:45:00+00:00,99465.73942694497
2024-09-11 01:00:00+00:00,99465.73942694497
2024-09-11 01:15:00+00:00,99465.73942694497
2024-09-11 01:30:00+00:00,99465.73942694497
2024-09-11 01:45:00+00:00,99465.73942694497
2024-09-11 02:00:00+00:00,99465.73942694497
2024-09-11 02:15:00+00:00,99465.73942694497
2024-09-11 02:30:00+00:00,99465.73942694497
2024-09-11 02:45:00+00:00,99465.73942694497
2024-09-11 03:00:00+00:00,99465.73942694497
2024-09-11 03:15:00+00:00,99465.73942694497
2024-09-11 03:30:00+00:00,99465.73942694497
2024-09-11 03:45:00+00:00,99465.73942694497
2024-09-11 04:00:00+00:00,99465.73942694497
2024-09-11 04:15:00+00:00,99465.73942694497
2024-09-11 04:30:00+00:00,99465.73942694497
2024-09-11 04:45:00+00:00,99465.73942694497
2024-09-11 05:00:00+00:00,99465.73942694497
2024-09-11 05:15:00+00:00,99465.73942694497
2024-09-11 05:30:00+00:00,99465.73942694497
2024-09-11 05:45:00+00:00,99465.73942694497
2024-09-11 06:00:00+00:00,99465.73942694497
2024-09-11 06:15:00+00:00,99465.73942694497
2024-09-11 06:30:00+00:00,99465.73942694497
2024-09-11 06:45:00+00:00,99465.73942694497
2024-09-11 07:00:00+00:00,99465.73942694497
2024-09-11 07:15:00+00:00,99465.73942694497
2024-09-11 07:30:00+00:00,99465.73942694497
2024-09-11 07:45:00+00:00,99465.73942694497
2024-09-11 08:00:00+00:00,99465.73942694497
2024-09-11 08:15:00+00:00,99465.73942694497
2024-09-11 08:30:00+00:00,99465.73942694497
2024-09-11 08:45:00+00:00,99465.73942694497
2024-09-11 09:00:00+00:00,99465.73942694497
2024-09-11 09:15:00+00:00,99465.73942694497
2024-09-11 09:30:00+00:00,99465.73942694497
2024-09-11 09:45:00+00:00,99465.73942694497
2024-09-11 10:00:00+00:00,99465.73942694497
2024-09-11 10:15:00+00:00,99465.73942694497
2024-09-11 10:30:00+00:00,99465.73942694497
2024-09-11 10:45:00+00:00,99465.73942694497
2024-09-11 11:00:00+00:00,99465.73942694497
2024-09-11 11:15:00+00:00,99465.73942694497
2024-09-11 11:30:00+00:00,99465.73942694497
2024-09-11 11:45:00+00:00,99465.73942694497
2024-09-11 12:00:00+00:00,99465.73942694497
2024-09-11 12:15:00+00:00,99465.73942694497
2024-09-11 12:30:00+00:00,99465.73942694497
2024-09-11 12:45:00+00:00,99465.73942694497
2024-09-11 13:00:00+00:00,99465.73942694497
2024-09-11 13:15:00+00:00,99465.73942694497
2024-09-11 13:30:00+00:00,99465.73942694497
2024-09-11 13:45:00+00:00,99465.73942694497
2024-09-11 14:00:00+00:00,99465.73942694497
2024-09-11 14:15:00+00:00,99465.73942694497
2024-09-11 14:30:00+00:00,99465.73942694497
2024-09-11 14:45:00+00:00,99465.73942694497
2024-09-11 15:00:00+00:00,99465.73942694497
2024-09-11 15:15:00+00:00,99465.73942694497
2024-09-11 15:30:00+00:00,99465.73942694497
2024-09-11 15:45:00+00:00,99465.73942694497
2024-09-11 16:00:00+00:00,99465.73942694497
2024-09-11 16:15:00+00:00,99465.73942694497
2024-09-11 16:30:00+00:00,99465.73942694497
2024-09-11 16:45:00+00:00,99465.73942694497
2024-09-11 17:00:00+00:00,99465.73942694497
2024-09-11 17:15:00+00:00,99465.73942694497
2024-09-11 17:30:00+00:00,99465.73942694497
2024-09-11 17:45:00+00:00,99465.73942694497
2024-09-11 18:00:00+00:00,99465.73942694497
2024-09-11 18:15:00+00:00,99465.73942694497
2024-09-11 18:30:00+00:00,99465.73942694497
2024-09-11 18:45:00+00:00,99465.73942694497
2024-09-11 19:00:00+00:00,99465.73942694497
2024-09-11 19:15:00+00:00,99465.73942694497
2024-09-11 19:30:00+00:00,99465.73942694497
2024-09-11 19:45:00+00:00,99465.73942694497
2024-09-11 20:00:00+00:00,99465.73942694497
2024-09-11 20:15:00+00:00,99465.73942694497
2024-09-11 20:30:00+00:00,99465.73942694497
2024-09-11 20:45:00+00:00,99465.73942694497
2024-09-11 21:00:00+00:00,99465.73942694497
2024-09-11 21:15:00+00:00,99465.73942694497
2024-09-11 21:30:00+00:00,99465.73942694497
2024-09-11 21:45:00+00:00,99465.73942694497
2024-09-11 22:00:00+00:00,99465.73942694497
2024-09-11 22:15:00+00:00,99465.73942694497
2024-09-11 22:30:00+00:00,99465.73942694497
2024-09-11 22:45:00+00:00,99465.73942694497
2024-09-11 23:00:00+00:00,99465.73942694497
2024-09-11 23:15:00+00:00,99465.73942694497
2024-09-11 23:30:00+00:00,99465.73942694497
2024-09-11 23:45:00+00:00,99465.73942694497
2024-09-12 00:00:00+00:00,99465.73942694497
2024-09-12 00:15:00+00:00,99465.73942694497
2024-09-12 00:30:00+00:00,99465.73942694497
2024-09-12 00:45:00+00:00,99465.73942694497
2024-09-12 01:00:00+00:00,99465.73942694497
2024-09-12 01:15:00+00:00,99465.73942694497
2024-09-12 01:30:00+00:00,99465.73942694497
2024-09-12 01:45:00+00:00,99465.73942694497
2024-09-12 02:00:00+00:00,99465.73942694497
2024-09-12 02:15:00+00:00,99465.73942694497
2024-09-12 02:30:00+00:00,99465.73942694497
2024-09-12 02:45:00+00:00,99465.73942694497
2024-09-12 03:00:00+00:00,99465.73942694497
2024-09-12 03:15:00+00:00,99465.73942694497
2024-09-12 03:30:00+00:00,99465.73942694497
2024-09-12 03:45:00+00:00,99465.73942694497
2024-09-12 04:00:00+00:00,99465.73942694497
2024-09-12 04:15:00+00:00,99465.73942694497
2024-09-12 04:30:00+00:00,99465.73942694497
2024-09-12 04:45:00+00:00,99465.73942694497
2024-09-12 05:00:00+00:00,99465.73942694497
2024-09-12 05:15:00+00:00,99465.73942694497
2024-09-12 05:30:00+00:00,99465.73942694497
2024-09-12 05:45:00+00:00,99465.73942694497
2024-09-12 06:00:00+00:00,99465.73942694497
2024-09-12 06:15:00+00:00,99465.73942694497
2024-09-12 06:30:00+00:00,99465.73942694497
2024-09-12 06:45:00+00:00,99465.73942694497
2024-09-12 07:00:00+00:00,99465.73942694497
2024-09-12 07:15:00+00:00,99465.73942694497
2024-09-12 07:30:00+00:00,99465.73942694497
2024-09-12 07:45:00+00:00,99465.73942694497
2024-09-12 08:00:00+00:00,99465.73942694497
2024-09-12 08:15:00+00:00,99465.73942694497
2024-09-12 08:30:00+00:00,99465.73942694497
2024-09-12 08:45:00+00:00,99465.73942694497
2024-09-12 09:00:00+00:00,99465.73942694497
2024-09-12 09:15:00+00:00,99465.73942694497
2024-09-12 09:30:00+00:00,99465.73942694497
2024-09-12 09:45:00+00:00,99465.73942694497
2024-09-12 10:00:00+00:00,99465.73942694497
2024-09-12 10:15:00+00:00,99465.73942694497
2024-09-12 10:30:00+00:00,99465.73942694497
2024-09-12 10:45:00+00:00,99465.73942694497
2024-09-12 11:00:00+00:00,99465.73942694497
2024-09-12 11:15:00+00:00,99465.73942694497
2024-09-12 11:30:00+00:00,99465.73942694497
2024-09-12 11:45:00+00:00,99465.73942694497
2024-09-12 12:00:00+00:00,99465.73942694497
2024-09-12 12:15:00+00:00,99465.73942694497
2024-09-12 12:30:00+00:00,99465.73942694497
2024-09-12 12:45:00+00:00,99465.73942694497
2024-09-12 13:00:00+00:00,99465.73942694497
2024-09-12 13:15:00+00:00,99465.73942694497
2024-09-12 13:30:00+00:00,99465.73942694497
2024-09-12 13:45:00+00:00,99465.73942694497
2024-09-12 14:00:00+00:00,99465.73942694497
2024-09-12 14:15:00+00:00,99465.73942694497
2024-09-12 14:30:00+00:00,99465.73942694497
2024-09-12 14:45:00+00:00,99465.73942694497
2024-09-12 15:00:00+00:00,99465.73942694497
2024-09-12 15:15:00+00:00,99465.73942694497
2024-09-12 15:30:00+00:00,99465.73942694497
2024-09-12 15:45:00+00:00,99465.73942694497
2024-09-12 16:00:00+00:00,99465.73942694497
2024-09-12 16:15:00+00:00,99465.73942694497
2024-09-12 16:30:00+00:00,99465.73942694497
2024-09-12 16:45:00+00:00,99465.73942694497
2024-09-12 17:00:00+00:00,99465.73942694497
2024-09-12 17:15:00+00:00,99465.73942694497
2024-09-12 17:30:00+00:00,99465.73942694497
2024-09-12 17:45:00+00:00,99465.73942694497
2024-09-12 18:00:00+00:00,99465.73942694497
2024-09-12 18:15:00+00:00,99465.73942694497
2024-09-12 18:30:00+00:00,99465.73942694497
2024-09-12 18:45:00+00:00,99465.73942694497
2024-09-12 19:00:00+00:00,99465.73942694497
2024-09-12 19:15:00+00:00,99465.73942694497
2024-09-12 19:30:00+00:00,99465.73942694497
2024-09-12 19:45:00+00:00,99465.73942694497
2024-09-12 20:00:00+00:00,99465.73942694497
2024-09-12 20:15:00+00:00,99465.73942694497
2024-09-12 20:30:00+00:00,99465.73942694497
2024-09-12 20:45:00+00:00,99465.73942694497
2024-09-12 21:00:00+00:00,99465.73942694497
2024-09-12 21:15:00+00:00,99465.73942694497
2024-09-12 21:30:00+00:00,99465.73942694497
2024-09-12 21:45:00+00:00,99465.73942694497
2024-09-12 22:00:00+00:00,99465.73942694497
2024-09-12 22:15:00+00:00,99465.73942694497
2024-09-12 22:30:00+00:00,99465.73942694497
2024-09-12 22:45:00+00:00,99465.73942694497
2024-09-12 23:00:00+00:00,99465.73942694497
2024-09-12 23:15:00+00:00,99465.73942694497
2024-09-12 23:30:00+00:00,99465.73942694497
2024-09-12 23:45:00+00:00,99465.73942694497
2024-09-13 00:00:00+00:00,99465.73942694497
2024-09-13 00:15:00+00:00,99462.27732666986
2024-09-13 00:30:00+00:00,99464.33186292482
2024-09-13 00:45:00+00:00,99460.87268751433
2024-09-13 01:00:00+00:00,99448.03475655067
2024-09-13 01:15:00+00:00,99448.03475655067
2024-09-13 01:30:00+00:00,99448.03475655067
2024-09-13 01:45:00+00:00,99448.03475655067
2024-09-13 02:00:00+00:00,99448.03475655067
2024-09-13 02:15:00+00:00,99448.03475655067
2024-09-13 02:30:00+00:00,99448.03475655067
2024-09-13 02:45:00+00:00,99448.03475655067
2024-09-13 03:00:00+00:00,99448.03475655067
2024-09-13 03:15:00+00:00,99448.03475655067
2024-09-13 03:30:00+00:00,99448.03475655067
2024-09-13 03:45:00+00:00,99448.03475655067
2024-09-13 04:00:00+00:00,99448.03475655067
2024-09-13 04:15:00+00:00,99448.03475655067
2024-09-13 04:30:00+00:00,99448.03475655067
2024-09-13 04:45:00+00:00,99448.03475655067
2024-09-13 05:00:00+00:00,99448.03475655067
2024-09-13 05:15:00+00:00,99448.03475655067
2024-09-13 05:30:00+00:00,99448.03475655067
2024-09-13 05:45:00+00:00,99448.03475655067
2024-09-13 06:00:00+00:00,99448.03475655067
2024-09-13 06:15:00+00:00,99448.03475655067
2024-09-13 06:30:00+00:00,99448.03475655067
2024-09-13 06:45:00+00:00,99448.03475655067
2024-09-13 07:00:00+00:00,99448.03475655067
2024-09-13 07:15:00+00:00,99448.03475655067
2024-09-13 07:30:00+00:00,99448.03475655067
2024-09-13 07:45:00+00:00,99448.03475655067
2024-09-13 08:00:00+00:00,99448.03475655067
2024-09-13 08:15:00+00:00,99448.03475655067
2024-09-13 08:30:00+00:00,99448.03475655067
2024-09-13 08:45:00+00:00,99448.03475655067
2024-09-13 09:00:00+00:00,99448.03475655067
2024-09-13 09:15:00+00:00,99448.03475655067
2024-09-13 09:30:00+00:00,99448.03475655067
2024-09-13 09:45:00+00:00,99448.03475655067
2024-09-13 10:00:00+00:00,99448.03475655067
2024-09-13 10:15:00+00:00,99448.03475655067
2024-09-13 10:30:00+00:00,99448.03475655067
2024-09-13 10:45:00+00:00,99448.03475655067
2024-09-13 11:00:00+00:00,99448.03475655067
2024-09-13 11:15:00+00:00,99448.03475655067
2024-09-13 11:30:00+00:00,99448.03475655067
2024-09-13 11:45:00+00:00,99448.03475655067
2024-09-13 12:00:00+00:00,99448.03475655067
2024-09-13 12:15:00+00:00,99448.03475655067
2024-09-13 12:30:00+00:00,99448.03475655067
2024-09-13 12:45:00+00:00,99448.03475655067
2024-09-13 13:00:00+00:00,99448.03475655067
2024-09-13 13:15:00+00:00,99448.03475655067
2024-09-13 13:30:00+00:00,99448.03475655067
2024-09-13 13:45:00+00:00,99448.03475655067
2024-09-13 14:00:00+00:00,99448.03475655067
2024-09-13 14:15:00+00:00,99448.03475655067
2024-09-13 14:30:00+00:00,99448.03475655067
2024-09-13 14:45:00+00:00,99448.03475655067
2024-09-13 15:00:00+00:00,99448.03475655067
2024-09-13 15:15:00+00:00,99448.03475655067
2024-09-13 15:30:00+00:00,99448.03475655067
2024-09-13 15:45:00+00:00,99448.03475655067
2024-09-13 16:00:00+00:00,99448.03475655067
2024-09-13 16:15:00+00:00,99448.03475655067
2024-09-13 16:30:00+00:00,99448.03475655067
2024-09-13 16:45:00+00:00,99448.03475655067
2024-09-13 17:00:00+00:00,99448.03475655067
2024-09-13 17:15:00+00:00,99448.03475655067
2024-09-13 17:30:00+00:00,99448.03475655067
2024-09-13 17:45:00+00:00,99448.03475655067
2024-09-13 18:00:00+00:00,99448.03475655067
2024-09-13 18:15:00+00:00,99448.03475655067
2024-09-13 18:30:00+00:00,99448.03475655067
2024-09-13 18:45:00+00:00,99448.03475655067
2024-09-13 19:00:00+00:00,99448.03475655067
2024-09-13 19:15:00+00:00,99448.03475655067
2024-09-13 19:30:00+00:00,99448.03475655067
2024-09-13 19:45:00+00:00,99448.03475655067
2024-09-13 20:00:00+00:00,99448.03475655067
2024-09-13 20:15:00+00:00,99444.38493808603
2024-09-13 20:30:00+00:00,99441.45695890722
2024-09-13 20:45:00+00:00,99444.16911083822
2024-09-13 21:00:00+00:00,99429.6980648474
2024-09-13 21:15:00+00:00,99429.6980648474
2024-09-13 21:30:00+00:00,99429.6980648474
2024-09-13 21:45:00+00:00,99429.6980648474
2024-09-13 22:00:00+00:00,99429.6980648474
2024-09-13 22:15:00+00:00,99429.6980648474
2024-09-13 22:30:00+00:00,99429.6980648474
2024-09-13 22:45:00+00:00,99429.6980648474
2024-09-13 23:00:00+00:00,99429.6980648474
2024-09-13 23:15:00+00:00,99429.6980648474
2024-09-13 23:30:00+00:00,99429.6980648474
2024-09-13 23:45:00+00:00,99429.6980648474
2024-09-14 00:00:00+00:00,99429.6980648474
2024-09-14 00:15:00+00:00,99429.6980648474
2024-09-14 00:30:00+00:00,99429.6980648474
2024-09-14 00:45:00+00:00,99429.6980648474
2024-09-14 01:00:00+00:00,99429.6980648474
2024-09-14 01:15:00+00:00,99429.6980648474
2024-09-14 01:30:00+00:00,99429.6980648474
2024-09-14 01:45:00+00:00,99429.6980648474
2024-09-14 02:00:00+00:00,99429.6980648474
2024-09-14 02:15:00+00:00,99429.6980648474
2024-09-14 02:30:00+00:00,99429.6980648474
2024-09-14 02:45:00+00:00,99429.6980648474
2024-09-14 03:00:00+00:00,99429.6980648474
2024-09-14 03:15:00+00:00,99429.6980648474
2024-09-14 03:30:00+00:00,99429.6980648474
2024-09-14 03:45:00+00:00,99429.6980648474
2024-09-14 04:00:00+00:00,99429.6980648474
2024-09-14 04:15:00+00:00,99429.6980648474
2024-09-14 04:30:00+00:00,99429.6980648474
2024-09-14 04:45:00+00:00,99429.6980648474
2024-09-14 05:00:00+00:00,99429.6980648474
2024-09-14 05:15:00+00:00,99429.6980648474
2024-09-14 05:30:00+00:00,99429.6980648474
2024-09-14 05:45:00+00:00,99429.6980648474
2024-09-14 06:00:00+00:00,99429.6980648474
2024-09-14 06:15:00+00:00,99429.6980648474
2024-09-14 06:30:00+00:00,99429.6980648474
2024-09-14 06:45:00+00:00,99429.6980648474
2024-09-14 07:00:00+00:00,99429.6980648474
2024-09-14 07:15:00+00:00,99429.6980648474
2024-09-14 07:30:00+00:00,99429.6980648474
2024-09-14 07:45:00+00:00,99429.6980648474
2024-09-14 08:00:00+00:00,99429.6980648474
2024-09-14 08:15:00+00:00,99429.6980648474
2024-09-14 08:30:00+00:00,99429.6980648474
2024-09-14 08:45:00+00:00,99429.6980648474
2024-09-14 09:00:00+00:00,99429.6980648474
2024-09-14 09:15:00+00:00,99429.6980648474
2024-09-14 09:30:00+00:00,99429.6980648474
2024-09-14 09:45:00+00:00,99429.6980648474
2024-09-14 10:00:00+00:00,99429.6980648474
2024-09-14 10:15:00+00:00,99429.6980648474
2024-09-14 10:30:00+00:00,99429.6980648474
2024-09-14 10:45:00+00:00,99429.6980648474
2024-09-14 11:00:00+00:00,99429.6980648474
2024-09-14 11:15:00+00:00,99429.6980648474
2024-09-14 11:30:00+00:00,99429.6980648474
2024-09-14 11:45:00+00:00,99429.6980648474
2024-09-14 12:00:00+00:00,99429.6980648474
2024-09-14 12:15:00+00:00,99429.6980648474
2024-09-14 12:30:00+00:00,99429.6980648474
2024-09-14 12:45:00+00:00,99429.6980648474
2024-09-14 13:00:00+00:00,99429.6980648474
2024-09-14 13:15:00+00:00,99429.6980648474
2024-09-14 13:30:00+00:00,99429.6980648474
2024-09-14 13:45:00+00:00,99429.6980648474
2024-09-14 14:00:00+00:00,99429.6980648474
2024-09-14 14:15:00+00:00,99429.6980648474
2024-09-14 14:30:00+00:00,99429.6980648474
2024-09-14 14:45:00+00:00,99429.6980648474
2024-09-14 15:00:00+00:00,99429.6980648474
2024-09-14 15:15:00+00:00,99429.6980648474
2024-09-14 15:30:00+00:00,99429.6980648474
2024-09-14 15:45:00+00:00,99429.6980648474
2024-09-14 16:00:00+00:00,99429.6980648474
2024-09-14 16:15:00+00:00,99429.6980648474
2024-09-14 16:30:00+00:00,99429.6980648474
2024-09-14 16:45:00+00:00,99429.6980648474
2024-09-14 17:00:00+00:00,99429.6980648474
2024-09-14 17:15:00+00:00,99429.6980648474
2024-09-14 17:30:00+00:00,99429.6980648474
2024-09-14 17:45:00+00:00,99429.6980648474
2024-09-14 18:00:00+00:00,99429.6980648474
2024-09-14 18:15:00+00:00,99429.6980648474
2024-09-14 18:30:00+00:00,99429.6980648474
2024-09-14 18:45:00+00:00,99429.6980648474
2024-09-14 19:00:00+00:00,99429.6980648474
2024-09-14 19:15:00+00:00,99429.6980648474
2024-09-14 19:30:00+00:00,99429.6980648474
2024-09-14 19:45:00+00:00,99429.6980648474
2024-09-14 20:00:00+00:00,99429.6980648474
2024-09-14 20:15:00+00:00,99429.6980648474
2024-09-14 20:30:00+00:00,99429.6980648474
2024-09-14 20:45:00+00:00,99429.6980648474
2024-09-14 21:00:00+00:00,99429.6980648474
2024-09-14 21:15:00+00:00,99429.6980648474
2024-09-14 21:30:00+00:00,99429.6980648474
2024-09-14 21:45:00+00:00,99429.6980648474
2024-09-14 22:00:00+00:00,99429.6980648474
2024-09-14 22:15:00+00:00,99429.6980648474
2024-09-14 22:30:00+00:00,99429.6980648474
2024-09-14 22:45:00+00:00,99429.6980648474
2024-09-14 23:00:00+00:00,99429.6980648474
2024-09-14 23:15:00+00:00,99429.6980648474
2024-09-14 23:30:00+00:00,99429.6980648474
2024-09-14 23:45:00+00:00,99429.6980648474
2024-09-15 00:00:00+00:00,99429.6980648474
2024-09-15 00:15:00+00:00,99429.6980648474
2024-09-15 00:30:00+00:00,99429.6980648474
2024-09-15 00:45:00+00:00,99429.6980648474
2024-09-15 01:00:00+00:00,99429.6980648474
2024-09-15 01:15:00+00:00,99429.6980648474
2024-09-15 01:30:00+00:00,99429.6980648474
2024-09-15 01:45:00+00:00,99429.6980648474
2024-09-15 02:00:00+00:00,99429.6980648474
2024-09-15 02:15:00+00:00,99429.6980648474
2024-09-15 02:30:00+00:00,99429.6980648474
2024-09-15 02:45:00+00:00,99429.6980648474
2024-09-15 03:00:00+00:00,99429.6980648474
2024-09-15 03:15:00+00:00,99429.6980648474
2024-09-15 03:30:00+00:00,99429.6980648474
2024-09-15 03:45:00+00:00,99429.6980648474
2024-09-15 04:00:00+00:00,99429.6980648474
2024-09-15 04:15:00+00:00,99429.6980648474
2024-09-15 04:30:00+00:00,99429.6980648474
2024-09-15 04:45:00+00:00,99429.6980648474
2024-09-15 05:00:00+00:00,99429.6980648474
2024-09-15 05:15:00+00:00,99429.6980648474
2024-09-15 05:30:00+00:00,99429.6980648474
2024-09-15 05:45:00+00:00,99429.6980648474
2024-09-15 06:00:00+00:00,99429.6980648474
2024-09-15 06:15:00+00:00,99429.6980648474
2024-09-15 06:30:00+00:00,99429.6980648474
2024-09-15 06:45:00+00:00,99429.6980648474
2024-09-15 07:00:00+00:00,99429.6980648474
2024-09-15 07:15:00+00:00,99429.6980648474
2024-09-15 07:30:00+00:00,99429.6980648474
2024-09-15 07:45:00+00:00,99429.6980648474
2024-09-15 08:00:00+00:00,99429.6980648474
2024-09-15 08:15:00+00:00,99429.6980648474
2024-09-15 08:30:00+00:00,99429.6980648474
2024-09-15 08:45:00+00:00,99429.6980648474
2024-09-15 09:00:00+00:00,99429.6980648474
2024-09-15 09:15:00+00:00,99429.6980648474
2024-09-15 09:30:00+00:00,99429.6980648474
2024-09-15 09:45:00+00:00,99429.6980648474
2024-09-15 10:00:00+00:00,99429.6980648474
2024-09-15 10:15:00+00:00,99429.6980648474
2024-09-15 10:30:00+00:00,99429.6980648474
2024-09-15 10:45:00+00:00,99429.6980648474
2024-09-15 11:00:00+00:00,99429.6980648474
2024-09-15 11:15:00+00:00,99429.6980648474
2024-09-15 11:30:00+00:00,99429.6980648474
2024-09-15 11:45:00+00:00,99429.6980648474
2024-09-15 12:00:00+00:00,99429.6980648474
2024-09-15 12:15:00+00:00,99429.6980648474
2024-09-15 12:30:00+00:00,99429.6980648474
2024-09-15 12:45:00+00:00,99429.6980648474
2024-09-15 13:00:00+00:00,99429.6980648474
2024-09-15 13:15:00+00:00,99429.6980648474
2024-09-15 13:30:00+00:00,99429.6980648474
2024-09-15 13:45:00+00:00,99429.6980648474
2024-09-15 14:00:00+00:00,99429.6980648474
2024-09-15 14:15:00+00:00,99429.6980648474
2024-09-15 14:30:00+00:00,99429.6980648474
2024-09-15 14:45:00+00:00,99429.6980648474
2024-09-15 15:00:00+00:00,99429.6980648474
2024-09-15 15:15:00+00:00,99429.6980648474
2024-09-15 15:30:00+00:00,99429.6980648474
2024-09-15 15:45:00+00:00,99429.6980648474
2024-09-15 16:00:00+00:00,99429.6980648474
2024-09-15 16:15:00+00:00,99429.6980648474
2024-09-15 16:30:00+00:00,99429.6980648474
2024-09-15 16:45:00+00:00,99429.6980648474
2024-09-15 17:00:00+00:00,99429.6980648474
2024-09-15 17:15:00+00:00,99429.6980648474
2024-09-15 17:30:00+00:00,99429.6980648474
2024-09-15 17:45:00+00:00,99429.6980648474
2024-09-15 18:00:00+00:00,99429.6980648474
2024-09-15 18:15:00+00:00,99429.6980648474
2024-09-15 18:30:00+00:00,99429.6980648474
2024-09-15 18:45:00+00:00,99429.6980648474
2024-09-15 19:00:00+00:00,99429.6980648474
2024-09-15 19:15:00+00:00,99429.6980648474
2024-09-15 19:30:00+00:00,99429.6980648474
2024-09-15 19:45:00+00:00,99429.6980648474
2024-09-15 20:00:00+00:00,99429.6980648474
2024-09-15 20:15:00+00:00,99429.6980648474
2024-09-15 20:30:00+00:00,99429.6980648474
2024-09-15 20:45:00+00:00,99429.6980648474
2024-09-15 21:00:00+00:00,99429.6980648474
2024-09-15 21:15:00+00:00,99429.6980648474
2024-09-15 21:30:00+00:00,99429.6980648474
2024-09-15 21:45:00+00:00,99429.6980648474
2024-09-15 22:00:00+00:00,99429.6980648474
2024-09-15 22:15:00+00:00,99429.6980648474
2024-09-15 22:30:00+00:00,99429.6980648474
2024-09-15 22:45:00+00:00,99429.6980648474
2024-09-15 23:00:00+00:00,99429.6980648474
2024-09-15 23:15:00+00:00,99429.6980648474
2024-09-15 23:30:00+00:00,99429.6980648474
2024-09-15 23:45:00+00:00,99429.6980648474
2024-09-16 00:00:00+00:00,99429.6980648474
2024-09-16 00:15:00+00:00,99429.6980648474
2024-09-16 00:30:00+00:00,99429.6980648474
2024-09-16 00:45:00+00:00,99429.6980648474
2024-09-16 01:00:00+00:00,99429.6980648474
2024-09-16 01:15:00+00:00,99429.6980648474
2024-09-16 01:30:00+00:00,99429.6980648474
2024-09-16 01:45:00+00:00,99429.6980648474
2024-09-16 02:00:00+00:00,99429.6980648474
2024-09-16 02:15:00+00:00,99429.6980648474
2024-09-16 02:30:00+00:00,99429.6980648474
2024-09-16 02:45:00+00:00,99429.6980648474
2024-09-16 03:00:00+00:00,99429.6980648474
2024-09-16 03:15:00+00:00,99429.6980648474
2024-09-16 03:30:00+00:00,99429.6980648474
2024-09-16 03:45:00+00:00,99429.6980648474
2024-09-16 04:00:00+00:00,99429.6980648474
2024-09-16 04:15:00+00:00,99429.6980648474
2024-09-16 04:30:00+00:00,99429.6980648474
2024-09-16 04:45:00+00:00,99429.6980648474
2024-09-16 05:00:00+00:00,99429.6980648474
2024-09-16 05:15:00+00:00,99429.6980648474
2024-09-16 05:30:00+00:00,99429.6980648474
2024-09-16 05:45:00+00:00,99429.6980648474
2024-09-16 06:00:00+00:00,99429.6980648474
2024-09-16 06:15:00+00:00,99429.6980648474
2024-09-16 06:30:00+00:00,99429.6980648474
2024-09-16 06:45:00+00:00,99429.6980648474
2024-09-16 07:00:00+00:00,99429.6980648474
2024-09-16 07:15:00+00:00,99429.6980648474
2024-09-16 07:30:00+00:00,99429.6980648474
2024-09-16 07:45:00+00:00,99429.6980648474
2024-09-16 08:00:00+00:00,99429.6980648474
2024-09-16 08:15:00+00:00,99429.6980648474
2024-09-16 08:30:00+00:00,99429.6980648474
2024-09-16 08:45:00+00:00,99429.6980648474
2024-09-16 09:00:00+00:00,99429.6980648474
2024-09-16 09:15:00+00:00,99429.6980648474
2024-09-16 09:30:00+00:00,99429.6980648474
2024-09-16 09:45:00+00:00,99429.6980648474
2024-09-16 10:00:00+00:00,99429.6980648474
2024-09-16 10:15:00+00:00,99429.6980648474
2024-09-16 10:30:00+00:00,99429.6980648474
2024-09-16 10:45:00+00:00,99429.6980648474
2024-09-16 11:00:00+00:00,99429.6980648474
2024-09-16 11:15:00+00:00,99429.6980648474
2024-09-16 11:30:00+00:00,99429.6980648474
2024-09-16 11:45:00+00:00,99429.6980648474
2024-09-16 12:00:00+00:00,99429.6980648474
2024-09-16 12:15:00+00:00,99429.6980648474
2024-09-16 12:30:00+00:00,99429.6980648474
2024-09-16 12:45:00+00:00,99429.6980648474
2024-09-16 13:00:00+00:00,99429.6980648474
2024-09-16 13:15:00+00:00,99429.6980648474
2024-09-16 13:30:00+00:00,99429.6980648474
2024-09-16 13:45:00+00:00,99429.6980648474
2024-09-16 14:00:00+00:00,99429.6980648474
2024-09-16 14:15:00+00:00,99429.6980648474
2024-09-16 14:30:00+00:00,99429.6980648474
2024-09-16 14:45:00+00:00,99429.6980648474
2024-09-16 15:00:00+00:00,99429.6980648474
2024-09-16 15:15:00+00:00,99429.6980648474
2024-09-16 15:30:00+00:00,99429.6980648474
2024-09-16 15:45:00+00:00,99429.6980648474
2024-09-16 16:00:00+00:00,99429.6980648474
2024-09-16 16:15:00+00:00,99429.6980648474
2024-09-16 16:30:00+00:00,99425.62730209238
2024-09-16 16:45:00+00:00,99427.12612535493
2024-09-16 17:00:00+00:00,99421.24459861488
2024-09-16 17:15:00+00:00,99424.0699251683
2024-09-16 17:30:00+00:00,99428.24043534612
2024-09-16 17:45:00+00:00,99430.61702955113
2024-09-16 18:00:00+00:00,99430.61702955113
2024-09-16 18:15:00+00:00,99430.61702955113
2024-09-16 18:30:00+00:00,99430.61702955113
2024-09-16 18:45:00+00:00,99430.61702955113
2024-09-16 19:00:00+00:00,99430.61702955113
2024-09-16 19:15:00+00:00,99430.61702955113
2024-09-16 19:30:00+00:00,99430.61702955113
2024-09-16 19:45:00+00:00,99430.61702955113
2024-09-16 20:00:00+00:00,99430.61702955113
2024-09-16 20:15:00+00:00,99430.61702955113
2024-09-16 20:30:00+00:00,99430.61702955113
2024-09-16 20:45:00+00:00,99430.61702955113
2024-09-16 21:00:00+00:00,99430.61702955113
2024-09-16 21:15:00+00:00,99430.61702955113
2024-09-16 21:30:00+00:00,99430.61702955113
2024-09-16 21:45:00+00:00,99430.61702955113
2024-09-16 22:00:00+00:00,99430.61702955113
2024-09-16 22:15:00+00:00,99430.61702955113
2024-09-16 22:30:00+00:00,99430.61702955113
2024-09-16 22:45:00+00:00,99430.61702955113
2024-09-16 23:00:00+00:00,99430.61702955113
2024-09-16 23:15:00+00:00,99430.61702955113
2024-09-16 23:30:00+00:00,99430.61702955113
2024-09-16 23:45:00+00:00,99430.61702955113
2024-09-17 00:00:00+00:00,99430.61702955113
2024-09-17 00:15:00+00:00,99433.6351905456
2024-09-17 00:30:00+00:00,99435.24910300042
2024-09-17 00:45:00+00:00,99435.24910300042
2024-09-17 01:00:00+00:00,99435.24910300042
2024-09-17 01:15:00+00:00,99435.24910300042
2024-09-17 01:30:00+00:00,99435.24910300042
2024-09-17 01:45:00+00:00,99435.24910300042
2024-09-17 02:00:00+00:00,99435.24910300042
2024-09-17 02:15:00+00:00,99435.24910300042
2024-09-17 02:30:00+00:00,99435.24910300042
2024-09-17 02:45:00+00:00,99435.24910300042
2024-09-17 03:00:00+00:00,99435.24910300042
2024-09-17 03:15:00+00:00,99435.24910300042
2024-09-17 03:30:00+00:00,99435.24910300042
2024-09-17 03:45:00+00:00,99435.24910300042
2024-09-17 04:00:00+00:00,99435.24910300042
2024-09-17 04:15:00+00:00,99433.31768229771
2024-09-17 04:30:00+00:00,99432.04892140905
2024-09-17 04:45:00+00:00,99425.11193294353
2024-09-17 05:00:00+00:00,99425.11193294353
2024-09-17 05:15:00+00:00,99425.11193294353
2024-09-17 05:30:00+00:00,99425.11193294353
2024-09-17 05:45:00+00:00,99425.11193294353
2024-09-17 06:00:00+00:00,99425.11193294353
2024-09-17 06:15:00+00:00,99425.11193294353
2024-09-17 06:30:00+00:00,99425.11193294353
2024-09-17 06:45:00+00:00,99425.11193294353
2024-09-17 07:00:00+00:00,99425.11193294353
2024-09-17 07:15:00+00:00,99425.11193294353
2024-09-17 07:30:00+00:00,99425.11193294353
2024-09-17 07:45:00+00:00,99425.11193294353
2024-09-17 08:00:00+00:00,99425.11193294353
2024-09-17 08:15:00+00:00,99425.11193294353
2024-09-17 08:30:00+00:00,99425.11193294353
2024-09-17 08:45:00+00:00,99425.11193294353
2024-09-17 09:00:00+00:00,99425.11193294353
2024-09-17 09:15:00+00:00,99425.11193294353
2024-09-17 09:30:00+00:00,99425.11193294353
2024-09-17 09:45:00+00:00,99425.11193294353
2024-09-17 10:00:00+00:00,99425.11193294353
2024-09-17 10:15:00+00:00,99425.11193294353
2024-09-17 10:30:00+00:00,99425.11193294353
2024-09-17 10:45:00+00:00,99425.11193294353
2024-09-17 11:00:00+00:00,99425.11193294353
2024-09-17 11:15:00+00:00,99425.11193294353
2024-09-17 11:30:00+00:00,99425.11193294353
2024-09-17 11:45:00+00:00,99425.11193294353
2024-09-17 12:00:00+00:00,99425.11193294353
2024-09-17 12:15:00+00:00,99425.11193294353
2024-09-17 12:30:00+00:00,99425.11193294353
2024-09-17 12:45:00+00:00,99425.11193294353
2024-09-17 13:00:00+00:00,99425.11193294353
2024-09-17 13:15:00+00:00,99425.11193294353
2024-09-17 13:30:00+00:00,99425.11193294353
2024-09-17 13:45:00+00:00,99425.11193294353
2024-09-17 14:00:00+00:00,99425.11193294353
2024-09-17 14:15:00+00:00,99425.11193294353
2024-09-17 14:30:00+00:00,99425.11193294353
2024-09-17 14:45:00+00:00,99425.11193294353
2024-09-17 15:00:00+00:00,99425.11193294353
2024-09-17 15:15:00+00:00,99425.11193294353
2024-09-17 15:30:00+00:00,99425.11193294353
2024-09-17 15:45:00+00:00,99425.11193294353
2024-09-17 16:00:00+00:00,99425.11193294353
2024-09-17 16:15:00+00:00,99425.11193294353
2024-09-17 16:30:00+00:00,99425.11193294353
2024-09-17 16:45:00+00:00,99425.11193294353
2024-09-17 17:00:00+00:00,99425.11193294353
2024-09-17 17:15:00+00:00,99425.11193294353
2024-09-17 17:30:00+00:00,99425.11193294353
2024-09-17 17:45:00+00:00,99425.11193294353
2024-09-17 18:00:00+00:00,99425.11193294353
2024-09-17 18:15:00+00:00,99425.11193294353
2024-09-17 18:30:00+00:00,99425.11193294353
2024-09-17 18:45:00+00:00,99425.11193294353
2024-09-17 19:00:00+00:00,99425.11193294353
2024-09-17 19:15:00+00:00,99425.11193294353
2024-09-17 19:30:00+00:00,99425.11193294353
2024-09-17 19:45:00+00:00,99425.11193294353
2024-09-17 20:00:00+00:00,99425.11193294353
2024-09-17 20:15:00+00:00,99425.11193294353
2024-09-17 20:30:00+00:00,99425.11193294353
2024-09-17 20:45:00+00:00,99425.11193294353
2024-09-17 21:00:00+00:00,99425.11193294353
2024-09-17 21:15:00+00:00,99425.11193294353
2024-09-17 21:30:00+00:00,99425.11193294353
2024-09-17 21:45:00+00:00,99425.11193294353
2024-09-17 22:00:00+00:00,99425.11193294353
2024-09-17 22:15:00+00:00,99425.11193294353
2024-09-17 22:30:00+00:00,99425.11193294353
2024-09-17 22:45:00+00:00,99425.11193294353
2024-09-17 23:00:00+00:00,99425.11193294353
2024-09-17 23:15:00+00:00,99425.11193294353
2024-09-17 23:30:00+00:00,99425.11193294353
2024-09-17 23:45:00+00:00,99425.11193294353
2024-09-18 00:00:00+00:00,99425.11193294353
2024-09-18 00:15:00+00:00,99425.11193294353
2024-09-18 00:30:00+00:00,99425.11193294353
2024-09-18 00:45:00+00:00,99425.11193294353
2024-09-18 01:00:00+00:00,99425.11193294353
2024-09-18 01:15:00+00:00,99425.11193294353
2024-09-18 01:30:00+00:00,99425.11193294353
2024-09-18 01:45:00+00:00,99425.11193294353
2024-09-18 02:00:00+00:00,99425.11193294353
2024-09-18 02:15:00+00:00,99425.11193294353
2024-09-18 02:30:00+00:00,99425.11193294353
2024-09-18 02:45:00+00:00,99425.11193294353
2024-09-18 03:00:00+00:00,99425.11193294353
2024-09-18 03:15:00+00:00,99425.11193294353
2024-09-18 03:30:00+00:00,99425.11193294353
2024-09-18 03:45:00+00:00,99425.11193294353
2024-09-18 04:00:00+00:00,99425.11193294353
2024-09-18 04:15:00+00:00,99425.11193294353
2024-09-18 04:30:00+00:00,99425.11193294353
2024-09-18 04:45:00+00:00,99425.11193294353
2024-09-18 05:00:00+00:00,99425.11193294353
2024-09-18 05:15:00+00:00,99425.11193294353
2024-09-18 05:30:00+00:00,99425.11193294353
2024-09-18 05:45:00+00:00,99425.11193294353
2024-09-18 06:00:00+00:00,99425.11193294353
2024-09-18 06:15:00+00:00,99425.11193294353
2024-09-18 06:30:00+00:00,99425.11193294353
2024-09-18 06:45:00+00:00,99425.11193294353
2024-09-18 07:00:00+00:00,99425.11193294353
2024-09-18 07:15:00+00:00,99425.11193294353
2024-09-18 07:30:00+00:00,99425.11193294353
2024-09-18 07:45:00+00:00,99425.11193294353
2024-09-18 08:00:00+00:00,99425.11193294353
2024-09-18 08:15:00+00:00,99425.11193294353
2024-09-18 08:30:00+00:00,99425.11193294353
2024-09-18 08:45:00+00:00,99425.11193294353
2024-09-18 09:00:00+00:00,99425.11193294353
2024-09-18 09:15:00+00:00,99425.11193294353
2024-09-18 09:30:00+00:00,99425.11193294353
2024-09-18 09:45:00+00:00,99425.11193294353
2024-09-18 10:00:00+00:00,99425.11193294353
2024-09-18 10:15:00+00:00,99425.11193294353
2024-09-18 10:30:00+00:00,99425.11193294353
2024-09-18 10:45:00+00:00,99425.11193294353
2024-09-18 11:00:00+00:00,99425.11193294353
2024-09-18 11:15:00+00:00,99425.11193294353
2024-09-18 11:30:00+00:00,99425.11193294353
2024-09-18 11:45:00+00:00,99425.11193294353
2024-09-18 12:00:00+00:00,99425.11193294353
2024-09-18 12:15:00+00:00,99425.11193294353
2024-09-18 12:30:00+00:00,99425.11193294353
2024-09-18 12:45:00+00:00,99425.11193294353
2024-09-18 13:00:00+00:00,99425.11193294353
2024-09-18 13:15:00+00:00,99425.11193294353
2024-09-18 13:30:00+00:00,99425.11193294353
2024-09-18 13:45:00+00:00,99425.11193294353
2024-09-18 14:00:00+00:00,99425.11193294353
2024-09-18 14:15:00+00:00,99425.11193294353
2024-09-18 14:30:00+00:00,99425.11193294353
2024-09-18 14:45:00+00:00,99425.11193294353
2024-09-18 15:00:00+00:00,99425.11193294353
2024-09-18 15:15:00+00:00,99425.11193294353
2024-09-18 15:30:00+00:00,99425.11193294353
2024-09-18 15:45:00+00:00,99425.11193294353
2024-09-18 16:00:00+00:00,99425.11193294353
2024-09-18 16:15:00+00:00,99425.11193294353
2024-09-18 16:30:00+00:00,99425.11193294353
2024-09-18 16:45:00+00:00,99425.11193294353
2024-09-18 17:00:00+00:00,99425.11193294353
2024-09-18 17:15:00+00:00,99425.11193294353
2024-09-18 17:30:00+00:00,99425.11193294353
2024-09-18 17:45:00+00:00,99425.11193294353
2024-09-18 18:00:00+00:00,99425.11193294353
2024-09-18 18:15:00+00:00,99425.11193294353
2024-09-18 18:30:00+00:00,99425.11193294353
2024-09-18 18:45:00+00:00,99425.11193294353
2024-09-18 19:00:00+00:00,99425.11193294353
2024-09-18 19:15:00+00:00,99425.11193294353
2024-09-18 19:30:00+00:00,99425.11193294353
2024-09-18 19:45:00+00:00,99425.11193294353
2024-09-18 20:00:00+00:00,99425.11193294353
2024-09-18 20:15:00+00:00,99425.11193294353
2024-09-18 20:30:00+00:00,99425.11193294353
2024-09-18 20:45:00+00:00,99425.11193294353
2024-09-18 21:00:00+00:00,99425.11193294353
2024-09-18 21:15:00+00:00,99425.11193294353
2024-09-18 21:30:00+00:00,99425.11193294353
2024-09-18 21:45:00+00:00,99425.11193294353
2024-09-18 22:00:00+00:00,99425.11193294353
2024-09-18 22:15:00+00:00,99425.11193294353
2024-09-18 22:30:00+00:00,99425.11193294353
2024-09-18 22:45:00+00:00,99425.11193294353
2024-09-18 23:00:00+00:00,99425.11193294353
2024-09-18 23:15:00+00:00,99425.11193294353
2024-09-18 23:30:00+00:00,99425.11193294353
2024-09-18 23:45:00+00:00,99425.11193294353
2024-09-19 00:00:00+00:00,99425.11193294353
2024-09-19 00:15:00+00:00,99425.11193294353
2024-09-19 00:30:00+00:00,99425.11193294353
2024-09-19 00:45:00+00:00,99425.11193294353
2024-09-19 01:00:00+00:00,99425.11193294353
2024-09-19 01:15:00+00:00,99425.11193294353
2024-09-19 01:30:00+00:00,99425.11193294353
2024-09-19 01:45:00+00:00,99425.11193294353
2024-09-19 02:00:00+00:00,99425.11193294353
2024-09-19 02:15:00+00:00,99425.11193294353
2024-09-19 02:30:00+00:00,99425.11193294353
2024-09-19 02:45:00+00:00,99425.11193294353
2024-09-19 03:00:00+00:00,99425.11193294353
2024-09-19 03:15:00+00:00,99425.11193294353
2024-09-19 03:30:00+00:00,99425.11193294353
2024-09-19 03:45:00+00:00,99425.11193294353
2024-09-19 04:00:00+00:00,99425.11193294353
2024-09-19 04:15:00+00:00,99425.11193294353
2024-09-19 04:30:00+00:00,99425.11193294353
2024-09-19 04:45:00+00:00,99425.11193294353
2024-09-19 05:00:00+00:00,99425.11193294353
2024-09-19 05:15:00+00:00,99425.11193294353
2024-09-19 05:30:00+00:00,99425.11193294353
2024-09-19 05:45:00+00:00,99425.11193294353
2024-09-19 06:00:00+00:00,99425.11193294353
2024-09-19 06:15:00+00:00,99425.11193294353
2024-09-19 06:30:00+00:00,99425.11193294353
2024-09-19 06:45:00+00:00,99425.11193294353
2024-09-19 07:00:00+00:00,99425.11193294353
2024-09-19 07:15:00+00:00,99425.11193294353
2024-09-19 07:30:00+00:00,99425.11193294353
2024-09-19 07:45:00+00:00,99425.11193294353
2024-09-19 08:00:00+00:00,99425.11193294353
2024-09-19 08:15:00+00:00,99425.11193294353
2024-09-19 08:30:00+00:00,99425.11193294353
2024-09-19 08:45:00+00:00,99425.11193294353
2024-09-19 09:00:00+00:00,99425.11193294353
2024-09-19 09:15:00+00:00,99425.11193294353
2024-09-19 09:30:00+00:00,99425.11193294353
2024-09-19 09:45:00+00:00,99425.11193294353
2024-09-19 10:00:00+00:00,99425.11193294353
2024-09-19 10:15:00+00:00,99425.11193294353
2024-09-19 10:30:00+00:00,99425.11193294353
2024-09-19 10:45:00+00:00,99425.11193294353
2024-09-19 11:00:00+00:00,99425.11193294353
2024-09-19 11:15:00+00:00,99425.11193294353
2024-09-19 11:30:00+00:00,99425.11193294353
2024-09-19 11:45:00+00:00,99425.11193294353
2024-09-19 12:00:00+00:00,99425.11193294353
2024-09-19 12:15:00+00:00,99425.11193294353
2024-09-19 12:30:00+00:00,99425.11193294353
2024-09-19 12:45:00+00:00,99425.11193294353
2024-09-19 13:00:00+00:00,99425.11193294353
2024-09-19 13:15:00+00:00,99425.11193294353
2024-09-19 13:30:00+00:00,99425.11193294353
2024-09-19 13:45:00+00:00,99425.11193294353
2024-09-19 14:00:00+00:00,99425.11193294353
2024-09-19 14:15:00+00:00,99425.11193294353
2024-09-19 14:30:00+00:00,99425.11193294353
2024-09-19 14:45:00+00:00,99425.11193294353
2024-09-19 15:00:00+00:00,99425.11193294353
2024-09-19 15:15:00+00:00,99425.11193294353
2024-09-19 15:30:00+00:00,99425.11193294353
2024-09-19 15:45:00+00:00,99425.11193294353
2024-09-19 16:00:00+00:00,99425.11193294353
2024-09-19 16:15:00+00:00,99425.11193294353
2024-09-19 16:30:00+00:00,99425.11193294353
2024-09-19 16:45:00+00:00,99425.11193294353
2024-09-19 17:00:00+00:00,99425.11193294353
2024-09-19 17:15:00+00:00,99425.11193294353
2024-09-19 17:30:00+00:00,99425.11193294353
2024-09-19 17:45:00+00:00,99425.11193294353
2024-09-19 18:00:00+00:00,99425.11193294353
2024-09-19 18:15:00+00:00,99425.11193294353
2024-09-19 18:30:00+00:00,99425.11193294353
2024-09-19 18:45:00+00:00,99425.11193294353
2024-09-19 19:00:00+00:00,99425.11193294353
2024-09-19 19:15:00+00:00,99425.11193294353
2024-09-19 19:30:00+00:00,99425.11193294353
2024-09-19 19:45:00+00:00,99425.11193294353
2024-09-19 20:00:00+00:00,99425.11193294353
2024-09-19 20:15:00+00:00,99425.11193294353
2024-09-19 20:30:00+00:00,99425.11193294353
2024-09-19 20:45:00+00:00,99425.11193294353
2024-09-19 21:00:00+00:00,99425.11193294353
2024-09-19 21:15:00+00:00,99425.11193294353
2024-09-19 21:30:00+00:00,99425.11193294353
2024-09-19 21:45:00+00:00,99425.11193294353
2024-09-19 22:00:00+00:00,99425.11193294353
2024-09-19 22:15:00+00:00,99425.11193294353
2024-09-19 22:30:00+00:00,99425.11193294353
2024-09-19 22:45:00+00:00,99425.11193294353
2024-09-19 23:00:00+00:00,99425.11193294353
2024-09-19 23:15:00+00:00,99425.11193294353
2024-09-19 23:30:00+00:00,99425.11193294353
2024-09-19 23:45:00+00:00,99425.11193294353
2024-09-20 00:00:00+00:00,99425.11193294353
2024-09-20 00:15:00+00:00,99425.11193294353
2024-09-20 00:30:00+00:00,99425.11193294353
2024-09-20 00:45:00+00:00,99425.11193294353
2024-09-20 01:00:00+00:00,99425.11193294353
2024-09-20 01:15:00+00:00,99425.11193294353
2024-09-20 01:30:00+00:00,99425.11193294353
2024-09-20 01:45:00+00:00,99425.11193294353
2024-09-20 02:00:00+00:00,99425.11193294353
2024-09-20 02:15:00+00:00,99425.11193294353
2024-09-20 02:30:00+00:00,99425.11193294353
2024-09-20 02:45:00+00:00,99425.11193294353
2024-09-20 03:00:00+00:00,99425.11193294353
2024-09-20 03:15:00+00:00,99425.11193294353
2024-09-20 03:30:00+00:00,99425.11193294353
2024-09-20 03:45:00+00:00,99425.11193294353
2024-09-20 04:00:00+00:00,99425.11193294353
2024-09-20 04:15:00+00:00,99425.11193294353
2024-09-20 04:30:00+00:00,99425.11193294353
2024-09-20 04:45:00+00:00,99425.11193294353
2024-09-20 05:00:00+00:00,99425.11193294353
2024-09-20 05:15:00+00:00,99425.11193294353
2024-09-20 05:30:00+00:00,99425.11193294353
2024-09-20 05:45:00+00:00,99425.11193294353
2024-09-20 06:00:00+00:00,99425.11193294353
2024-09-20 06:15:00+00:00,99425.11193294353
2024-09-20 06:30:00+00:00,99425.11193294353
2024-09-20 06:45:00+00:00,99425.11193294353
2024-09-20 07:00:00+00:00,99425.11193294353
2024-09-20 07:15:00+00:00,99425.11193294353
2024-09-20 07:30:00+00:00,99425.11193294353
2024-09-20 07:45:00+00:00,99425.11193294353
2024-09-20 08:00:00+00:00,99425.11193294353
2024-09-20 08:15:00+00:00,99421.25091107003
2024-09-20 08:30:00+00:00,99413.60711138601
2024-09-20 08:45:00+00:00,99413.60711138601
2024-09-20 09:00:00+00:00,99413.60711138601
2024-09-20 09:15:00+00:00,99413.60711138601
2024-09-20 09:30:00+00:00,99413.60711138601
2024-09-20 09:45:00+00:00,99413.60711138601
2024-09-20 10:00:00+00:00,99413.60711138601
2024-09-20 10:15:00+00:00,99413.60711138601
2024-09-20 10:30:00+00:00,99413.60711138601
2024-09-20 10:45:00+00:00,99413.60711138601
2024-09-20 11:00:00+00:00,99413.60711138601
2024-09-20 11:15:00+00:00,99413.60711138601
2024-09-20 11:30:00+00:00,99413.60711138601
2024-09-20 11:45:00+00:00,99413.60711138601
2024-09-20 12:00:00+00:00,99413.60711138601
2024-09-20 12:15:00+00:00,99413.60711138601
2024-09-20 12:30:00+00:00,99413.60711138601
2024-09-20 12:45:00+00:00,99413.60711138601
2024-09-20 13:00:00+00:00,99413.60711138601
2024-09-20 13:15:00+00:00,99413.60711138601
2024-09-20 13:30:00+00:00,99413.60711138601
2024-09-20 13:45:00+00:00,99413.60711138601
2024-09-20 14:00:00+00:00,99413.60711138601
2024-09-20 14:15:00+00:00,99413.60711138601
2024-09-20 14:30:00+00:00,99413.60711138601
2024-09-20 14:45:00+00:00,99413.60711138601
2024-09-20 15:00:00+00:00,99413.60711138601
2024-09-20 15:15:00+00:00,99413.60711138601
2024-09-20 15:30:00+00:00,99413.60711138601
2024-09-20 15:45:00+00:00,99413.60711138601
2024-09-20 16:00:00+00:00,99413.60711138601
2024-09-20 16:15:00+00:00,99413.60711138601
2024-09-20 16:30:00+00:00,99413.60711138601
2024-09-20 16:45:00+00:00,99413.60711138601
2024-09-20 17:00:00+00:00,99413.60711138601
2024-09-20 17:15:00+00:00,99413.60711138601
2024-09-20 17:30:00+00:00,99413.60711138601
2024-09-20 17:45:00+00:00,99413.60711138601
2024-09-20 18:00:00+00:00,99413.60711138601
2024-09-20 18:15:00+00:00,99413.60711138601
2024-09-20 18:30:00+00:00,99413.60711138601
2024-09-20 18:45:00+00:00,99413.60711138601
2024-09-20 19:00:00+00:00,99413.60711138601
2024-09-20 19:15:00+00:00,99413.60711138601
2024-09-20 19:30:00+00:00,99413.60711138601
2024-09-20 19:45:00+00:00,99413.60711138601
2024-09-20 20:00:00+00:00,99413.60711138601
2024-09-20 20:15:00+00:00,99413.60711138601
2024-09-20 20:30:00+00:00,99413.60711138601
2024-09-20 20:45:00+00:00,99413.60711138601
2024-09-20 21:00:00+00:00,99413.60711138601
2024-09-20 21:15:00+00:00,99413.60711138601
2024-09-20 21:30:00+00:00,99413.60711138601
2024-09-20 21:45:00+00:00,99413.60711138601
2024-09-20 22:00:00+00:00,99413.60711138601
2024-09-20 22:15:00+00:00,99413.60711138601
2024-09-20 22:30:00+00:00,99413.60711138601
2024-09-20 22:45:00+00:00,99413.60711138601
2024-09-20 23:00:00+00:00,99413.60711138601
2024-09-20 23:15:00+00:00,99413.60711138601
2024-09-20 23:30:00+00:00,99413.60711138601
2024-09-20 23:45:00+00:00,99413.60711138601
2024-09-21 00:00:00+00:00,99413.60711138601
2024-09-21 00:15:00+00:00,99413.60711138601
2024-09-21 00:30:00+00:00,99413.60711138601
2024-09-21 00:45:00+00:00,99413.60711138601
2024-09-21 01:00:00+00:00,99413.60711138601
2024-09-21 01:15:00+00:00,99413.60711138601
2024-09-21 01:30:00+00:00,99413.60711138601
2024-09-21 01:45:00+00:00,99413.60711138601
2024-09-21 02:00:00+00:00,99413.60711138601
2024-09-21 02:15:00+00:00,99413.60711138601
2024-09-21 02:30:00+00:00,99413.60711138601
2024-09-21 02:45:00+00:00,99413.60711138601
2024-09-21 03:00:00+00:00,99413.60711138601
2024-09-21 03:15:00+00:00,99413.60711138601
2024-09-21 03:30:00+00:00,99413.60711138601
2024-09-21 03:45:00+00:00,99413.60711138601
2024-09-21 04:00:00+00:00,99413.60711138601
2024-09-21 04:15:00+00:00,99413.60711138601
2024-09-21 04:30:00+00:00,99413.60711138601
2024-09-21 04:45:00+00:00,99413.60711138601
2024-09-21 05:00:00+00:00,99413.60711138601
2024-09-21 05:15:00+00:00,99413.60711138601
2024-09-21 05:30:00+00:00,99413.60711138601
2024-09-21 05:45:00+00:00,99413.60711138601
2024-09-21 06:00:00+00:00,99413.60711138601
2024-09-21 06:15:00+00:00,99413.60711138601
2024-09-21 06:30:00+00:00,99413.60711138601
2024-09-21 06:45:00+00:00,99413.60711138601
2024-09-21 07:00:00+00:00,99413.60711138601
2024-09-21 07:15:00+00:00,99413.60711138601
2024-09-21 07:30:00+00:00,99413.60711138601
2024-09-21 07:45:00+00:00,99413.60711138601
2024-09-21 08:00:00+00:00,99413.60711138601
2024-09-21 08:15:00+00:00,99413.60711138601
2024-09-21 08:30:00+00:00,99413.60711138601
2024-09-21 08:45:00+00:00,99413.60711138601
2024-09-21 09:00:00+00:00,99413.60711138601
2024-09-21 09:15:00+00:00,99413.60711138601
2024-09-21 09:30:00+00:00,99413.60711138601
2024-09-21 09:45:00+00:00,99413.60711138601
2024-09-21 10:00:00+00:00,99413.60711138601
2024-09-21 10:15:00+00:00,99413.60711138601
2024-09-21 10:30:00+00:00,99413.60711138601
2024-09-21 10:45:00+00:00,99413.60711138601
2024-09-21 11:00:00+00:00,99413.60711138601
2024-09-21 11:15:00+00:00,99413.60711138601
2024-09-21 11:30:00+00:00,99413.60711138601
2024-09-21 11:45:00+00:00,99413.60711138601
2024-09-21 12:00:00+00:00,99413.60711138601
2024-09-21 12:15:00+00:00,99413.60711138601
2024-09-21 12:30:00+00:00,99413.60711138601
2024-09-21 12:45:00+00:00,99413.60711138601
2024-09-21 13:00:00+00:00,99413.60711138601
2024-09-21 13:15:00+00:00,99413.60711138601
2024-09-21 13:30:00+00:00,99413.60711138601
2024-09-21 13:45:00+00:00,99413.60711138601
2024-09-21 14:00:00+00:00,99413.60711138601
2024-09-21 14:15:00+00:00,99413.60711138601
2024-09-21 14:30:00+00:00,99413.60711138601
2024-09-21 14:45:00+00:00,99413.60711138601
2024-09-21 15:00:00+00:00,99413.60711138601
2024-09-21 15:15:00+00:00,99413.60711138601
2024-09-21 15:30:00+00:00,99413.60711138601
2024-09-21 15:45:00+00:00,99413.60711138601
2024-09-21 16:00:00+00:00,99413.60711138601
2024-09-21 16:15:00+00:00,99413.60711138601
2024-09-21 16:30:00+00:00,99413.60711138601
2024-09-21 16:45:00+00:00,99413.60711138601
2024-09-21 17:00:00+00:00,99413.60711138601
2024-09-21 17:15:00+00:00,99413.60711138601
2024-09-21 17:30:00+00:00,99413.60711138601
2024-09-21 17:45:00+00:00,99413.60711138601
2024-09-21 18:00:00+00:00,99413.60711138601
2024-09-21 18:15:00+00:00,99413.60711138601
2024-09-21 18:30:00+00:00,99413.60711138601
2024-09-21 18:45:00+00:00,99413.60711138601
2024-09-21 19:00:00+00:00,99413.60711138601
2024-09-21 19:15:00+00:00,99413.60711138601
2024-09-21 19:30:00+00:00,99413.60711138601
2024-09-21 19:45:00+00:00,99413.60711138601
2024-09-21 20:00:00+00:00,99413.60711138601
2024-09-21 20:15:00+00:00,99413.60711138601
2024-09-21 20:30:00+00:00,99413.60711138601
2024-09-21 20:45:00+00:00,99413.60711138601
2024-09-21 21:00:00+00:00,99413.60711138601
2024-09-21 21:15:00+00:00,99413.60711138601
2024-09-21 21:30:00+00:00,99413.60711138601
2024-09-21 21:45:00+00:00,99413.60711138601
2024-09-21 22:00:00+00:00,99413.60711138601
2024-09-21 22:15:00+00:00,99413.60711138601
2024-09-21 22:30:00+00:00,99413.60711138601
2024-09-21 22:45:00+00:00,99413.60711138601
2024-09-21 23:00:00+00:00,99413.60711138601
2024-09-21 23:15:00+00:00,99413.60711138601
2024-09-21 23:30:00+00:00,99413.60711138601
2024-09-21 23:45:00+00:00,99413.60711138601
2024-09-22 00:00:00+00:00,99413.60711138601
2024-09-22 00:15:00+00:00,99413.60711138601
2024-09-22 00:30:00+00:00,99413.60711138601
2024-09-22 00:45:00+00:00,99413.60711138601
2024-09-22 01:00:00+00:00,99413.60711138601
2024-09-22 01:15:00+00:00,99413.60711138601
2024-09-22 01:30:00+00:00,99413.60711138601
2024-09-22 01:45:00+00:00,99413.60711138601
2024-09-22 02:00:00+00:00,99413.60711138601
2024-09-22 02:15:00+00:00,99413.60711138601
2024-09-22 02:30:00+00:00,99413.60711138601
2024-09-22 02:45:00+00:00,99413.60711138601
2024-09-22 03:00:00+00:00,99413.60711138601
2024-09-22 03:15:00+00:00,99413.60711138601
2024-09-22 03:30:00+00:00,99413.60711138601
2024-09-22 03:45:00+00:00,99413.60711138601
2024-09-22 04:00:00+00:00,99413.60711138601
2024-09-22 04:15:00+00:00,99413.60711138601
2024-09-22 04:30:00+00:00,99413.60711138601
2024-09-22 04:45:00+00:00,99413.60711138601
2024-09-22 05:00:00+00:00,99411.20080761374
2024-09-22 05:15:00+00:00,99411.85833232146
2024-09-22 05:30:00+00:00,99404.22727496177
2024-09-22 05:45:00+00:00,99404.22727496177
2024-09-22 06:00:00+00:00,99404.22727496177
2024-09-22 06:15:00+00:00,99404.22727496177
2024-09-22 06:30:00+00:00,99404.22727496177
2024-09-22 06:45:00+00:00,99404.22727496177
2024-09-22 07:00:00+00:00,99404.22727496177
2024-09-22 07:15:00+00:00,99404.22727496177
2024-09-22 07:30:00+00:00,99404.22727496177
2024-09-22 07:45:00+00:00,99404.22727496177
2024-09-22 08:00:00+00:00,99404.22727496177
2024-09-22 08:15:00+00:00,99404.22727496177
2024-09-22 08:30:00+00:00,99404.22727496177
2024-09-22 08:45:00+00:00,99404.22727496177
2024-09-22 09:00:00+00:00,99404.22727496177
2024-09-22 09:15:00+00:00,99404.22727496177
2024-09-22 09:30:00+00:00,99404.22727496177
2024-09-22 09:45:00+00:00,99404.22727496177
2024-09-22 10:00:00+00:00,99404.22727496177
2024-09-22 10:15:00+00:00,99404.22727496177
2024-09-22 10:30:00+00:00,99404.22727496177
2024-09-22 10:45:00+00:00,99404.22727496177
2024-09-22 11:00:00+00:00,99404.22727496177
2024-09-22 11:15:00+00:00,99404.22727496177
2024-09-22 11:30:00+00:00,99404.22727496177
2024-09-22 11:45:00+00:00,99404.22727496177
2024-09-22 12:00:00+00:00,99404.22727496177
2024-09-22 12:15:00+00:00,99404.22727496177
2024-09-22 12:30:00+00:00,99404.22727496177
2024-09-22 12:45:00+00:00,99404.22727496177
2024-09-22 13:00:00+00:00,99404.22727496177
2024-09-22 13:15:00+00:00,99404.22727496177
2024-09-22 13:30:00+00:00,99404.22727496177
2024-09-22 13:45:00+00:00,99404.22727496177
2024-09-22 14:00:00+00:00,99404.22727496177
2024-09-22 14:15:00+00:00,99404.22727496177
2024-09-22 14:30:00+00:00,99404.22727496177
2024-09-22 14:45:00+00:00,99404.22727496177
2024-09-22 15:00:00+00:00,99404.22727496177
2024-09-22 15:15:00+00:00,99404.22727496177
2024-09-22 15:30:00+00:00,99404.22727496177
2024-09-22 15:45:00+00:00,99404.22727496177
2024-09-22 16:00:00+00:00,99404.22727496177
2024-09-22 16:15:00+00:00,99404.22727496177
2024-09-22 16:30:00+00:00,99404.22727496177
2024-09-22 16:45:00+00:00,99404.22727496177
2024-09-22 17:00:00+00:00,99404.22727496177
2024-09-22 17:15:00+00:00,99404.22727496177
2024-09-22 17:30:00+00:00,99404.22727496177
2024-09-22 17:45:00+00:00,99404.22727496177
2024-09-22 18:00:00+00:00,99404.22727496177
2024-09-22 18:15:00+00:00,99404.22727496177
2024-09-22 18:30:00+00:00,99404.22727496177
2024-09-22 18:45:00+00:00,99404.22727496177
2024-09-22 19:00:00+00:00,99404.22727496177
2024-09-22 19:15:00+00:00,99404.22727496177
2024-09-22 19:30:00+00:00,99404.22727496177
2024-09-22 19:45:00+00:00,99404.22727496177
2024-09-22 20:00:00+00:00,99404.22727496177
2024-09-22 20:15:00+00:00,99404.22727496177
2024-09-22 20:30:00+00:00,99404.22727496177
2024-09-22 20:45:00+00:00,99404.22727496177
2024-09-22 21:00:00+00:00,99404.22727496177
2024-09-22 21:15:00+00:00,99404.22727496177
2024-09-22 21:30:00+00:00,99404.22727496177
2024-09-22 21:45:00+00:00,99404.22727496177
2024-09-22 22:00:00+00:00,99404.22727496177
2024-09-22 22:15:00+00:00,99404.22727496177
2024-09-22 22:30:00+00:00,99404.22727496177
2024-09-22 22:45:00+00:00,99404.22727496177
2024-09-22 23:00:00+00:00,99404.22727496177
2024-09-22 23:15:00+00:00,99404.22727496177
2024-09-22 23:30:00+00:00,99404.22727496177
2024-09-22 23:45:00+00:00,99404.22727496177
2024-09-23 00:00:00+00:00,99404.22727496177
2024-09-23 00:15:00+00:00,99404.22727496177
2024-09-23 00:30:00+00:00,99404.22727496177
2024-09-23 00:45:00+00:00,99404.22727496177
2024-09-23 01:00:00+00:00,99404.22727496177
2024-09-23 01:15:00+00:00,99404.22727496177
2024-09-23 01:30:00+00:00,99404.22727496177
2024-09-23 01:45:00+00:00,99404.22727496177
2024-09-23 02:00:00+00:00,99404.22727496177
2024-09-23 02:15:00+00:00,99404.22727496177
2024-09-23 02:30:00+00:00,99404.22727496177
2024-09-23 02:45:00+00:00,99404.22727496177
2024-09-23 03:00:00+00:00,99404.22727496177
2024-09-23 03:15:00+00:00,99404.22727496177
2024-09-23 03:30:00+00:00,99404.22727496177
2024-09-23 03:45:00+00:00,99404.22727496177
2024-09-23 04:00:00+00:00,99404.22727496177
2024-09-23 04:15:00+00:00,99404.22727496177
2024-09-23 04:30:00+00:00,99404.22727496177
2024-09-23 04:45:00+00:00,99404.22727496177
2024-09-23 05:00:00+00:00,99404.22727496177
2024-09-23 05:15:00+00:00,99404.22727496177
2024-09-23 05:30:00+00:00,99404.22727496177
2024-09-23 05:45:00+00:00,99404.22727496177
2024-09-23 06:00:00+00:00,99404.22727496177
2024-09-23 06:15:00+00:00,99404.22727496177
2024-09-23 06:30:00+00:00,99404.22727496177
2024-09-23 06:45:00+00:00,99404.22727496177
2024-09-23 07:00:00+00:00,99404.22727496177
2024-09-23 07:15:00+00:00,99404.22727496177
2024-09-23 07:30:00+00:00,99404.22727496177
2024-09-23 07:45:00+00:00,99404.22727496177
2024-09-23 08:00:00+00:00,99404.22727496177
2024-09-23 08:15:00+00:00,99404.22727496177
2024-09-23 08:30:00+00:00,99404.22727496177
2024-09-23 08:45:00+00:00,99404.22727496177
2024-09-23 09:00:00+00:00,99404.22727496177
2024-09-23 09:15:00+00:00,99404.22727496177
2024-09-23 09:30:00+00:00,99404.22727496177
2024-09-23 09:45:00+00:00,99404.22727496177
2024-09-23 10:00:00+00:00,99404.22727496177
2024-09-23 10:15:00+00:00,99404.22727496177
2024-09-23 10:30:00+00:00,99404.22727496177
2024-09-23 10:45:00+00:00,99404.22727496177
2024-09-23 11:00:00+00:00,99404.22727496177
2024-09-23 11:15:00+00:00,99404.22727496177
2024-09-23 11:30:00+00:00,99404.22727496177
2024-09-23 11:45:00+00:00,99404.22727496177
2024-09-23 12:00:00+00:00,99404.22727496177
2024-09-23 12:15:00+00:00,99404.22727496177
2024-09-23 12:30:00+00:00,99404.22727496177
2024-09-23 12:45:00+00:00,99404.22727496177
2024-09-23 13:00:00+00:00,99404.22727496177
2024-09-23 13:15:00+00:00,99404.22727496177
2024-09-23 13:30:00+00:00,99404.22727496177
2024-09-23 13:45:00+00:00,99404.22727496177
2024-09-23 14:00:00+00:00,99404.22727496177
2024-09-23 14:15:00+00:00,99404.22727496177
2024-09-23 14:30:00+00:00,99404.22727496177
2024-09-23 14:45:00+00:00,99404.22727496177
2024-09-23 15:00:00+00:00,99404.22727496177
2024-09-23 15:15:00+00:00,99404.22727496177
2024-09-23 15:30:00+00:00,99404.22727496177
2024-09-23 15:45:00+00:00,99404.22727496177
2024-09-23 16:00:00+00:00,99404.22727496177
2024-09-23 16:15:00+00:00,99404.22727496177
2024-09-23 16:30:00+00:00,99404.22727496177
2024-09-23 16:45:00+00:00,99404.22727496177
2024-09-23 17:00:00+00:00,99404.22727496177
2024-09-23 17:15:00+00:00,99404.22727496177
2024-09-23 17:30:00+00:00,99404.22727496177
2024-09-23 17:45:00+00:00,99404.22727496177
2024-09-23 18:00:00+00:00,99404.22727496177
2024-09-23 18:15:00+00:00,99404.22727496177
2024-09-23 18:30:00+00:00,99404.22727496177
2024-09-23 18:45:00+00:00,99404.22727496177
2024-09-23 19:00:00+00:00,99404.22727496177
2024-09-23 19:15:00+00:00,99404.22727496177
2024-09-23 19:30:00+00:00,99404.22727496177
2024-09-23 19:45:00+00:00,99404.22727496177
2024-09-23 20:00:00+00:00,99404.22727496177
2024-09-23 20:15:00+00:00,99404.22727496177
2024-09-23 20:30:00+00:00,99404.22727496177
2024-09-23 20:45:00+00:00,99404.22727496177
2024-09-23 21:00:00+00:00,99404.22727496177
2024-09-23 21:15:00+00:00,99404.22727496177
2024-09-23 21:30:00+00:00,99404.22727496177
2024-09-23 21:45:00+00:00,99404.22727496177
2024-09-23 22:00:00+00:00,99404.22727496177
2024-09-23 22:15:00+00:00,99404.22727496177
2024-09-23 22:30:00+00:00,99404.22727496177
2024-09-23 22:45:00+00:00,99404.22727496177
2024-09-23 23:00:00+00:00,99404.22727496177
2024-09-23 23:15:00+00:00,99404.22727496177
2024-09-23 23:30:00+00:00,99404.22727496177
2024-09-23 23:45:00+00:00,99404.22727496177
2024-09-24 00:00:00+00:00,99404.22727496177
2024-09-24 00:15:00+00:00,99404.22727496177
2024-09-24 00:30:00+00:00,99404.22727496177
2024-09-24 00:45:00+00:00,99404.22727496177
2024-09-24 01:00:00+00:00,99404.22727496177
2024-09-24 01:15:00+00:00,99404.22727496177
2024-09-24 01:30:00+00:00,99404.22727496177
2024-09-24 01:45:00+00:00,99404.22727496177
2024-09-24 02:00:00+00:00,99404.22727496177
2024-09-24 02:15:00+00:00,99404.22727496177
2024-09-24 02:30:00+00:00,99404.22727496177
2024-09-24 02:45:00+00:00,99404.22727496177
2024-09-24 03:00:00+00:00,99404.22727496177
2024-09-24 03:15:00+00:00,99404.22727496177
2024-09-24 03:30:00+00:00,99404.22727496177
2024-09-24 03:45:00+00:00,99404.22727496177
2024-09-24 04:00:00+00:00,99404.22727496177
2024-09-24 04:15:00+00:00,99404.22727496177
2024-09-24 04:30:00+00:00,99404.22727496177
2024-09-24 04:45:00+00:00,99404.22727496177
2024-09-24 05:00:00+00:00,99404.22727496177
2024-09-24 05:15:00+00:00,99404.22727496177
2024-09-24 05:30:00+00:00,99404.22727496177
2024-09-24 05:45:00+00:00,99404.22727496177
2024-09-24 06:00:00+00:00,99404.22727496177
2024-09-24 06:15:00+00:00,99404.22727496177
2024-09-24 06:30:00+00:00,99404.22727496177
2024-09-24 06:45:00+00:00,99404.22727496177
2024-09-24 07:00:00+00:00,99404.22727496177
2024-09-24 07:15:00+00:00,99404.22727496177
2024-09-24 07:30:00+00:00,99404.22727496177
2024-09-24 07:45:00+00:00,99404.22727496177
2024-09-24 08:00:00+00:00,99404.22727496177
2024-09-24 08:15:00+00:00,99404.22727496177
2024-09-24 08:30:00+00:00,99404.22727496177
2024-09-24 08:45:00+00:00,99404.22727496177
2024-09-24 09:00:00+00:00,99404.22727496177
2024-09-24 09:15:00+00:00,99404.22727496177
2024-09-24 09:30:00+00:00,99404.22727496177
2024-09-24 09:45:00+00:00,99404.22727496177
2024-09-24 10:00:00+00:00,99404.22727496177
2024-09-24 10:15:00+00:00,99404.22727496177
2024-09-24 10:30:00+00:00,99404.22727496177
2024-09-24 10:45:00+00:00,99404.22727496177
2024-09-24 11:00:00+00:00,99404.22727496177
2024-09-24 11:15:00+00:00,99404.22727496177
2024-09-24 11:30:00+00:00,99404.22727496177
2024-09-24 11:45:00+00:00,99404.22727496177
2024-09-24 12:00:00+00:00,99404.22727496177
2024-09-24 12:15:00+00:00,99404.22727496177
2024-09-24 12:30:00+00:00,99404.22727496177
2024-09-24 12:45:00+00:00,99404.22727496177
2024-09-24 13:00:00+00:00,99404.22727496177
2024-09-24 13:15:00+00:00,99404.22727496177
2024-09-24 13:30:00+00:00,99404.22727496177
2024-09-24 13:45:00+00:00,99404.22727496177
2024-09-24 14:00:00+00:00,99404.22727496177
2024-09-24 14:15:00+00:00,99404.22727496177
2024-09-24 14:30:00+00:00,99404.22727496177
2024-09-24 14:45:00+00:00,99404.22727496177
2024-09-24 15:00:00+00:00,99404.22727496177
2024-09-24 15:15:00+00:00,99404.22727496177
2024-09-24 15:30:00+00:00,99404.22727496177
2024-09-24 15:45:00+00:00,99404.22727496177
2024-09-24 16:00:00+00:00,99404.22727496177
2024-09-24 16:15:00+00:00,99404.22727496177
2024-09-24 16:30:00+00:00,99404.22727496177
2024-09-24 16:45:00+00:00,99404.22727496177
2024-09-24 17:00:00+00:00,99404.22727496177
2024-09-24 17:15:00+00:00,99404.22727496177
2024-09-24 17:30:00+00:00,99404.22727496177
2024-09-24 17:45:00+00:00,99404.22727496177
2024-09-24 18:00:00+00:00,99404.22727496177
2024-09-24 18:15:00+00:00,99404.22727496177
2024-09-24 18:30:00+00:00,99404.22727496177
2024-09-24 18:45:00+00:00,99404.22727496177
2024-09-24 19:00:00+00:00,99404.22727496177
2024-09-24 19:15:00+00:00,99404.22727496177
2024-09-24 19:30:00+00:00,99404.22727496177
2024-09-24 19:45:00+00:00,99404.22727496177
2024-09-24 20:00:00+00:00,99404.22727496177
2024-09-24 20:15:00+00:00,99404.22727496177
2024-09-24 20:30:00+00:00,99404.22727496177
2024-09-24 20:45:00+00:00,99404.22727496177
2024-09-24 21:00:00+00:00,99404.22727496177
2024-09-24 21:15:00+00:00,99404.22727496177
2024-09-24 21:30:00+00:00,99404.22727496177
2024-09-24 21:45:00+00:00,99404.22727496177
2024-09-24 22:00:00+00:00,99404.22727496177
2024-09-24 22:15:00+00:00,99404.22727496177
2024-09-24 22:30:00+00:00,99404.22727496177
2024-09-24 22:45:00+00:00,99404.22727496177
2024-09-24 23:00:00+00:00,99404.22727496177
2024-09-24 23:15:00+00:00,99404.22727496177
2024-09-24 23:30:00+00:00,99404.22727496177
2024-09-24 23:45:00+00:00,99404.22727496177
2024-09-25 00:00:00+00:00,99404.22727496177
2024-09-25 00:15:00+00:00,99404.22727496177
2024-09-25 00:30:00+00:00,99404.22727496177
2024-09-25 00:45:00+00:00,99404.22727496177
2024-09-25 01:00:00+00:00,99404.22727496177
2024-09-25 01:15:00+00:00,99404.22727496177
2024-09-25 01:30:00+00:00,99404.22727496177
2024-09-25 01:45:00+00:00,99404.22727496177
2024-09-25 02:00:00+00:00,99404.22727496177
2024-09-25 02:15:00+00:00,99404.22727496177
2024-09-25 02:30:00+00:00,99404.22727496177
2024-09-25 02:45:00+00:00,99404.22727496177
2024-09-25 03:00:00+00:00,99404.22727496177
2024-09-25 03:15:00+00:00,99404.22727496177
2024-09-25 03:30:00+00:00,99404.22727496177
2024-09-25 03:45:00+00:00,99404.22727496177
2024-09-25 04:00:00+00:00,99404.22727496177
2024-09-25 04:15:00+00:00,99404.22727496177
2024-09-25 04:30:00+00:00,99404.22727496177
2024-09-25 04:45:00+00:00,99404.22727496177
2024-09-25 05:00:00+00:00,99404.22727496177
2024-09-25 05:15:00+00:00,99404.22727496177
2024-09-25 05:30:00+00:00,99404.22727496177
2024-09-25 05:45:00+00:00,99404.22727496177
2024-09-25 06:00:00+00:00,99404.22727496177
2024-09-25 06:15:00+00:00,99404.22727496177
2024-09-25 06:30:00+00:00,99404.22727496177
2024-09-25 06:45:00+00:00,99404.22727496177
2024-09-25 07:00:00+00:00,99404.22727496177
2024-09-25 07:15:00+00:00,99404.22727496177
2024-09-25 07:30:00+00:00,99404.22727496177
2024-09-25 07:45:00+00:00,99404.22727496177
2024-09-25 08:00:00+00:00,99404.22727496177
2024-09-25 08:15:00+00:00,99404.22727496177
2024-09-25 08:30:00+00:00,99404.22727496177
2024-09-25 08:45:00+00:00,99404.22727496177
2024-09-25 09:00:00+00:00,99404.22727496177
2024-09-25 09:15:00+00:00,99404.22727496177
2024-09-25 09:30:00+00:00,99404.22727496177
2024-09-25 09:45:00+00:00,99404.22727496177
2024-09-25 10:00:00+00:00,99404.22727496177
2024-09-25 10:15:00+00:00,99404.22727496177
2024-09-25 10:30:00+00:00,99404.22727496177
2024-09-25 10:45:00+00:00,99404.22727496177
2024-09-25 11:00:00+00:00,99404.22727496177
2024-09-25 11:15:00+00:00,99404.22727496177
2024-09-25 11:30:00+00:00,99404.22727496177
2024-09-25 11:45:00+00:00,99404.22727496177
2024-09-25 12:00:00+00:00,99404.22727496177
2024-09-25 12:15:00+00:00,99404.22727496177
2024-09-25 12:30:00+00:00,99404.22727496177
2024-09-25 12:45:00+00:00,99404.22727496177
2024-09-25 13:00:00+00:00,99404.22727496177
2024-09-25 13:15:00+00:00,99404.22727496177
2024-09-25 13:30:00+00:00,99404.22727496177
2024-09-25 13:45:00+00:00,99404.22727496177
2024-09-25 14:00:00+00:00,99404.22727496177
2024-09-25 14:15:00+00:00,99404.22727496177
2024-09-25 14:30:00+00:00,99404.22727496177
2024-09-25 14:45:00+00:00,99404.22727496177
2024-09-25 15:00:00+00:00,99404.22727496177
2024-09-25 15:15:00+00:00,99404.22727496177
2024-09-25 15:30:00+00:00,99404.22727496177
2024-09-25 15:45:00+00:00,99404.22727496177
2024-09-25 16:00:00+00:00,99404.22727496177
2024-09-25 16:15:00+00:00,99404.22727496177
2024-09-25 16:30:00+00:00,99404.22727496177
2024-09-25 16:45:00+00:00,99404.22727496177
2024-09-25 17:00:00+00:00,99404.22727496177
2024-09-25 17:15:00+00:00,99404.22727496177
2024-09-25 17:30:00+00:00,99404.22727496177
2024-09-25 17:45:00+00:00,99404.22727496177
2024-09-25 18:00:00+00:00,99404.22727496177
2024-09-25 18:15:00+00:00,99404.22727496177
2024-09-25 18:30:00+00:00,99404.22727496177
2024-09-25 18:45:00+00:00,99404.22727496177
2024-09-25 19:00:00+00:00,99404.22727496177
2024-09-25 19:15:00+00:00,99404.22727496177
2024-09-25 19:30:00+00:00,99404.22727496177
2024-09-25 19:45:00+00:00,99404.22727496177
2024-09-25 20:00:00+00:00,99404.22727496177
2024-09-25 20:15:00+00:00,99404.22727496177
2024-09-25 20:30:00+00:00,99404.22727496177
2024-09-25 20:45:00+00:00,99404.22727496177
2024-09-25 21:00:00+00:00,99404.22727496177
2024-09-25 21:15:00+00:00,99404.22727496177
2024-09-25 21:30:00+00:00,99404.22727496177
2024-09-25 21:45:00+00:00,99404.22727496177
2024-09-25 22:00:00+00:00,99404.22727496177
2024-09-25 22:15:00+00:00,99404.22727496177
2024-09-25 22:30:00+00:00,99404.22727496177
2024-09-25 22:45:00+00:00,99404.22727496177
2024-09-25 23:00:00+00:00,99404.22727496177
2024-09-25 23:15:00+00:00,99404.22727496177
2024-09-25 23:30:00+00:00,99404.22727496177
2024-09-25 23:45:00+00:00,99404.22727496177
2024-09-26 00:00:00+00:00,99404.22727496177
2024-09-26 00:15:00+00:00,99404.22727496177
2024-09-26 00:30:00+00:00,99404.22727496177
2024-09-26 00:45:00+00:00,99404.22727496177
2024-09-26 01:00:00+00:00,99404.22727496177
2024-09-26 01:15:00+00:00,99404.22727496177
2024-09-26 01:30:00+00:00,99404.22727496177
2024-09-26 01:45:00+00:00,99404.22727496177
2024-09-26 02:00:00+00:00,99404.22727496177
2024-09-26 02:15:00+00:00,99404.22727496177
2024-09-26 02:30:00+00:00,99404.22727496177
2024-09-26 02:45:00+00:00,99404.22727496177
2024-09-26 03:00:00+00:00,99404.22727496177
2024-09-26 03:15:00+00:00,99404.22727496177
2024-09-26 03:30:00+00:00,99404.22727496177
2024-09-26 03:45:00+00:00,99404.22727496177
2024-09-26 04:00:00+00:00,99404.22727496177
2024-09-26 04:15:00+00:00,99404.22727496177
2024-09-26 04:30:00+00:00,99404.22727496177
2024-09-26 04:45:00+00:00,99404.22727496177
2024-09-26 05:00:00+00:00,99404.22727496177
2024-09-26 05:15:00+00:00,99404.22727496177
2024-09-26 05:30:00+00:00,99404.22727496177
2024-09-26 05:45:00+00:00,99404.22727496177
2024-09-26 06:00:00+00:00,99404.22727496177
2024-09-26 06:15:00+00:00,99404.22727496177
2024-09-26 06:30:00+00:00,99404.22727496177
2024-09-26 06:45:00+00:00,99404.22727496177
2024-09-26 07:00:00+00:00,99404.22727496177
2024-09-26 07:15:00+00:00,99404.22727496177
2024-09-26 07:30:00+00:00,99404.22727496177
2024-09-26 07:45:00+00:00,99404.22727496177
2024-09-26 08:00:00+00:00,99404.22727496177
2024-09-26 08:15:00+00:00,99404.22727496177
2024-09-26 08:30:00+00:00,99404.22727496177
2024-09-26 08:45:00+00:00,99404.22727496177
2024-09-26 09:00:00+00:00,99404.22727496177
2024-09-26 09:15:00+00:00,99404.22727496177
2024-09-26 09:30:00+00:00,99404.22727496177
2024-09-26 09:45:00+00:00,99404.22727496177
2024-09-26 10:00:00+00:00,99404.22727496177
2024-09-26 10:15:00+00:00,99404.22727496177
2024-09-26 10:30:00+00:00,99404.22727496177
2024-09-26 10:45:00+00:00,99404.22727496177
2024-09-26 11:00:00+00:00,99404.22727496177
2024-09-26 11:15:00+00:00,99404.22727496177
2024-09-26 11:30:00+00:00,99404.22727496177
2024-09-26 11:45:00+00:00,99404.22727496177
2024-09-26 12:00:00+00:00,99404.22727496177
2024-09-26 12:15:00+00:00,99404.22727496177
2024-09-26 12:30:00+00:00,99404.22727496177
2024-09-26 12:45:00+00:00,99404.22727496177
2024-09-26 13:00:00+00:00,99404.22727496177
2024-09-26 13:15:00+00:00,99404.22727496177
2024-09-26 13:30:00+00:00,99404.22727496177
2024-09-26 13:45:00+00:00,99404.22727496177
2024-09-26 14:00:00+00:00,99404.22727496177
2024-09-26 14:15:00+00:00,99404.22727496177
2024-09-26 14:30:00+00:00,99404.22727496177
2024-09-26 14:45:00+00:00,99404.22727496177
2024-09-26 15:00:00+00:00,99404.22727496177
2024-09-26 15:15:00+00:00,99404.22727496177
2024-09-26 15:30:00+00:00,99404.22727496177
2024-09-26 15:45:00+00:00,99404.22727496177
2024-09-26 16:00:00+00:00,99404.22727496177
2024-09-26 16:15:00+00:00,99404.22727496177
2024-09-26 16:30:00+00:00,99404.22727496177
2024-09-26 16:45:00+00:00,99404.22727496177
2024-09-26 17:00:00+00:00,99404.22727496177
2024-09-26 17:15:00+00:00,99404.22727496177
2024-09-26 17:30:00+00:00,99404.22727496177
2024-09-26 17:45:00+00:00,99404.22727496177
2024-09-26 18:00:00+00:00,99404.22727496177
2024-09-26 18:15:00+00:00,99404.22727496177
2024-09-26 18:30:00+00:00,99404.22727496177
2024-09-26 18:45:00+00:00,99404.22727496177
2024-09-26 19:00:00+00:00,99404.22727496177
2024-09-26 19:15:00+00:00,99404.22727496177
2024-09-26 19:30:00+00:00,99404.22727496177
2024-09-26 19:45:00+00:00,99404.22727496177
2024-09-26 20:00:00+00:00,99404.22727496177
2024-09-26 20:15:00+00:00,99404.22727496177
2024-09-26 20:30:00+00:00,99404.22727496177
2024-09-26 20:45:00+00:00,99404.22727496177
2024-09-26 21:00:00+00:00,99404.22727496177
2024-09-26 21:15:00+00:00,99404.22727496177
2024-09-26 21:30:00+00:00,99404.22727496177
2024-09-26 21:45:00+00:00,99404.22727496177
2024-09-26 22:00:00+00:00,99404.22727496177
2024-09-26 22:15:00+00:00,99404.22727496177
2024-09-26 22:30:00+00:00,99404.22727496177
2024-09-26 22:45:00+00:00,99404.22727496177
2024-09-26 23:00:00+00:00,99404.22727496177
2024-09-26 23:15:00+00:00,99404.22727496177
2024-09-26 23:30:00+00:00,99404.22727496177
2024-09-26 23:45:00+00:00,99404.22727496177
2024-09-27 00:00:00+00:00,99404.22727496177
2024-09-27 00:15:00+00:00,99404.22727496177
2024-09-27 00:30:00+00:00,99404.22727496177
2024-09-27 00:45:00+00:00,99404.22727496177
2024-09-27 01:00:00+00:00,99404.22727496177
2024-09-27 01:15:00+00:00,99404.22727496177
2024-09-27 01:30:00+00:00,99404.22727496177
2024-09-27 01:45:00+00:00,99404.22727496177
2024-09-27 02:00:00+00:00,99404.22727496177
2024-09-27 02:15:00+00:00,99404.22727496177
2024-09-27 02:30:00+00:00,99404.22727496177
2024-09-27 02:45:00+00:00,99404.22727496177
2024-09-27 03:00:00+00:00,99404.22727496177
2024-09-27 03:15:00+00:00,99404.22727496177
2024-09-27 03:30:00+00:00,99404.22727496177
2024-09-27 03:45:00+00:00,99404.22727496177
2024-09-27 04:00:00+00:00,99404.22727496177
2024-09-27 04:15:00+00:00,99404.22727496177
2024-09-27 04:30:00+00:00,99404.22727496177
2024-09-27 04:45:00+00:00,99404.22727496177
2024-09-27 05:00:00+00:00,99404.22727496177
2024-09-27 05:15:00+00:00,99404.22727496177
2024-09-27 05:30:00+00:00,99404.22727496177
2024-09-27 05:45:00+00:00,99404.22727496177
2024-09-27 06:00:00+00:00,99404.22727496177
2024-09-27 06:15:00+00:00,99404.22727496177
2024-09-27 06:30:00+00:00,99404.22727496177
2024-09-27 06:45:00+00:00,99404.22727496177
2024-09-27 07:00:00+00:00,99404.22727496177
2024-09-27 07:15:00+00:00,99404.22727496177
2024-09-27 07:30:00+00:00,99404.22727496177
2024-09-27 07:45:00+00:00,99404.22727496177
2024-09-27 08:00:00+00:00,99404.22727496177
2024-09-27 08:15:00+00:00,99404.22727496177
2024-09-27 08:30:00+00:00,99404.22727496177
2024-09-27 08:45:00+00:00,99404.22727496177
2024-09-27 09:00:00+00:00,99404.22727496177
2024-09-27 09:15:00+00:00,99404.22727496177
2024-09-27 09:30:00+00:00,99404.22727496177
2024-09-27 09:45:00+00:00,99404.22727496177
2024-09-27 10:00:00+00:00,99404.22727496177
2024-09-27 10:15:00+00:00,99404.22727496177
2024-09-27 10:30:00+00:00,99404.22727496177
2024-09-27 10:45:00+00:00,99404.22727496177
2024-09-27 11:00:00+00:00,99404.22727496177
2024-09-27 11:15:00+00:00,99404.22727496177
2024-09-27 11:30:00+00:00,99404.22727496177
2024-09-27 11:45:00+00:00,99404.22727496177
2024-09-27 12:00:00+00:00,99404.22727496177
2024-09-27 12:15:00+00:00,99404.22727496177
2024-09-27 12:30:00+00:00,99404.22727496177
2024-09-27 12:45:00+00:00,99404.22727496177
2024-09-27 13:00:00+00:00,99404.22727496177
2024-09-27 13:15:00+00:00,99404.22727496177
2024-09-27 13:30:00+00:00,99404.22727496177
2024-09-27 13:45:00+00:00,99404.22727496177
2024-09-27 14:00:00+00:00,99404.22727496177
2024-09-27 14:15:00+00:00,99404.22727496177
2024-09-27 14:30:00+00:00,99404.22727496177
2024-09-27 14:45:00+00:00,99404.22727496177
2024-09-27 15:00:00+00:00,99404.22727496177
2024-09-27 15:15:00+00:00,99404.22727496177
2024-09-27 15:30:00+00:00,99404.22727496177
2024-09-27 15:45:00+00:00,99404.22727496177
2024-09-27 16:00:00+00:00,99404.22727496177
2024-09-27 16:15:00+00:00,99404.22727496177
2024-09-27 16:30:00+00:00,99404.22727496177
2024-09-27 16:45:00+00:00,99404.22727496177
2024-09-27 17:00:00+00:00,99404.22727496177
2024-09-27 17:15:00+00:00,99404.22727496177
2024-09-27 17:30:00+00:00,99404.22727496177
2024-09-27 17:45:00+00:00,99404.22727496177
2024-09-27 18:00:00+00:00,99404.22727496177
2024-09-27 18:15:00+00:00,99404.22727496177
2024-09-27 18:30:00+00:00,99404.22727496177
2024-09-27 18:45:00+00:00,99404.22727496177
2024-09-27 19:00:00+00:00,99404.22727496177
2024-09-27 19:15:00+00:00,99404.22727496177
2024-09-27 19:30:00+00:00,99404.22727496177
2024-09-27 19:45:00+00:00,99404.22727496177
2024-09-27 20:00:00+00:00,99404.22727496177
2024-09-27 20:15:00+00:00,99404.22727496177
2024-09-27 20:30:00+00:00,99404.22727496177
2024-09-27 20:45:00+00:00,99404.22727496177
2024-09-27 21:00:00+00:00,99404.22727496177
2024-09-27 21:15:00+00:00,99404.22727496177
2024-09-27 21:30:00+00:00,99404.22727496177
2024-09-27 21:45:00+00:00,99404.22727496177
2024-09-27 22:00:00+00:00,99404.22727496177
2024-09-27 22:15:00+00:00,99404.22727496177
2024-09-27 22:30:00+00:00,99404.22727496177
2024-09-27 22:45:00+00:00,99404.22727496177
2024-09-27 23:00:00+00:00,99404.22727496177
2024-09-27 23:15:00+00:00,99404.22727496177
2024-09-27 23:30:00+00:00,99404.22727496177
2024-09-27 23:45:00+00:00,99404.22727496177
2024-09-28 00:00:00+00:00,99404.22727496177
2024-09-28 00:15:00+00:00,99404.22727496177
2024-09-28 00:30:00+00:00,99404.22727496177
2024-09-28 00:45:00+00:00,99404.22727496177
2024-09-28 01:00:00+00:00,99404.22727496177
2024-09-28 01:15:00+00:00,99404.22727496177
2024-09-28 01:30:00+00:00,99404.22727496177
2024-09-28 01:45:00+00:00,99404.22727496177
2024-09-28 02:00:00+00:00,99404.22727496177
2024-09-28 02:15:00+00:00,99404.22727496177
2024-09-28 02:30:00+00:00,99404.22727496177
2024-09-28 02:45:00+00:00,99404.22727496177
2024-09-28 03:00:00+00:00,99404.22727496177
2024-09-28 03:15:00+00:00,99404.22727496177
2024-09-28 03:30:00+00:00,99404.22727496177
2024-09-28 03:45:00+00:00,99404.22727496177
2024-09-28 04:00:00+00:00,99404.22727496177
2024-09-28 04:15:00+00:00,99404.22727496177
2024-09-28 04:30:00+00:00,99404.22727496177
2024-09-28 04:45:00+00:00,99404.22727496177
2024-09-28 05:00:00+00:00,99404.22727496177
2024-09-28 05:15:00+00:00,99404.22727496177
2024-09-28 05:30:00+00:00,99404.22727496177
2024-09-28 05:45:00+00:00,99404.22727496177
2024-09-28 06:00:00+00:00,99404.22727496177
2024-09-28 06:15:00+00:00,99404.22727496177
2024-09-28 06:30:00+00:00,99404.22727496177
2024-09-28 06:45:00+00:00,99404.22727496177
2024-09-28 07:00:00+00:00,99404.22727496177
2024-09-28 07:15:00+00:00,99404.22727496177
2024-09-28 07:30:00+00:00,99404.22727496177
2024-09-28 07:45:00+00:00,99404.22727496177
2024-09-28 08:00:00+00:00,99404.22727496177
2024-09-28 08:15:00+00:00,99404.22727496177
2024-09-28 08:30:00+00:00,99404.22727496177
2024-09-28 08:45:00+00:00,99404.22727496177
2024-09-28 09:00:00+00:00,99404.22727496177
2024-09-28 09:15:00+00:00,99404.22727496177
2024-09-28 09:30:00+00:00,99404.22727496177
2024-09-28 09:45:00+00:00,99404.22727496177
2024-09-28 10:00:00+00:00,99404.22727496177
2024-09-28 10:15:00+00:00,99404.22727496177
2024-09-28 10:30:00+00:00,99404.22727496177
2024-09-28 10:45:00+00:00,99404.22727496177
2024-09-28 11:00:00+00:00,99404.22727496177
2024-09-28 11:15:00+00:00,99404.22727496177
2024-09-28 11:30:00+00:00,99404.22727496177
2024-09-28 11:45:00+00:00,99404.22727496177
2024-09-28 12:00:00+00:00,99404.22727496177
2024-09-28 12:15:00+00:00,99404.22727496177
2024-09-28 12:30:00+00:00,99404.22727496177
2024-09-28 12:45:00+00:00,99404.22727496177
2024-09-28 13:00:00+00:00,99404.22727496177
2024-09-28 13:15:00+00:00,99404.22727496177
2024-09-28 13:30:00+00:00,99404.22727496177
2024-09-28 13:45:00+00:00,99404.22727496177
2024-09-28 14:00:00+00:00,99404.22727496177
2024-09-28 14:15:00+00:00,99404.22727496177
2024-09-28 14:30:00+00:00,99404.22727496177
2024-09-28 14:45:00+00:00,99404.22727496177
2024-09-28 15:00:00+00:00,99404.22727496177
2024-09-28 15:15:00+00:00,99404.22727496177
2024-09-28 15:30:00+00:00,99404.22727496177
2024-09-28 15:45:00+00:00,99404.22727496177
2024-09-28 16:00:00+00:00,99404.22727496177
2024-09-28 16:15:00+00:00,99405.66825126206
2024-09-28 16:30:00+00:00,99402.44594086536
2024-09-28 16:45:00+00:00,99402.2361383149
2024-09-28 17:00:00+00:00,99403.92025337246
2024-09-28 17:15:00+00:00,99401.31261247191
2024-09-28 17:30:00+00:00,99401.31261247191
2024-09-28 17:45:00+00:00,99401.31261247191
2024-09-28 18:00:00+00:00,99401.31261247191
2024-09-28 18:15:00+00:00,99401.31261247191
2024-09-28 18:30:00+00:00,99401.31261247191
2024-09-28 18:45:00+00:00,99401.31261247191
2024-09-28 19:00:00+00:00,99401.31261247191
2024-09-28 19:15:00+00:00,99401.31261247191
2024-09-28 19:30:00+00:00,99401.31261247191
2024-09-28 19:45:00+00:00,99401.31261247191
2024-09-28 20:00:00+00:00,99401.31261247191
2024-09-28 20:15:00+00:00,99401.31261247191
2024-09-28 20:30:00+00:00,99401.31261247191
2024-09-28 20:45:00+00:00,99401.31261247191
2024-09-28 21:00:00+00:00,99401.31261247191
2024-09-28 21:15:00+00:00,99401.31261247191
2024-09-28 21:30:00+00:00,99401.31261247191
2024-09-28 21:45:00+00:00,99401.31261247191
2024-09-28 22:00:00+00:00,99401.31261247191
2024-09-28 22:15:00+00:00,99401.31261247191
2024-09-28 22:30:00+00:00,99401.31261247191
2024-09-28 22:45:00+00:00,99401.31261247191
2024-09-28 23:00:00+00:00,99401.31261247191
2024-09-28 23:15:00+00:00,99401.31261247191
2024-09-28 23:30:00+00:00,99401.31261247191
2024-09-28 23:45:00+00:00,99401.31261247191
2024-09-29 00:00:00+00:00,99401.31261247191
2024-09-29 00:15:00+00:00,99401.31261247191
2024-09-29 00:30:00+00:00,99401.31261247191
2024-09-29 00:45:00+00:00,99401.31261247191
2024-09-29 01:00:00+00:00,99401.31261247191
2024-09-29 01:15:00+00:00,99401.31261247191
2024-09-29 01:30:00+00:00,99401.31261247191
2024-09-29 01:45:00+00:00,99401.31261247191
2024-09-29 02:00:00+00:00,99401.31261247191
2024-09-29 02:15:00+00:00,99401.31261247191
2024-09-29 02:30:00+00:00,99401.31261247191
2024-09-29 02:45:00+00:00,99401.31261247191
2024-09-29 03:00:00+00:00,99401.31261247191
2024-09-29 03:15:00+00:00,99401.31261247191
2024-09-29 03:30:00+00:00,99401.31261247191
2024-09-29 03:45:00+00:00,99401.31261247191
2024-09-29 04:00:00+00:00,99401.31261247191
2024-09-29 04:15:00+00:00,99401.31261247191
2024-09-29 04:30:00+00:00,99401.31261247191
2024-09-29 04:45:00+00:00,99401.31261247191
2024-09-29 05:00:00+00:00,99401.31261247191
2024-09-29 05:15:00+00:00,99401.31261247191
2024-09-29 05:30:00+00:00,99401.31261247191
2024-09-29 05:45:00+00:00,99401.31261247191
2024-09-29 06:00:00+00:00,99401.31261247191
2024-09-29 06:15:00+00:00,99401.31261247191
2024-09-29 06:30:00+00:00,99401.31261247191
2024-09-29 06:45:00+00:00,99401.31261247191
2024-09-29 07:00:00+00:00,99401.31261247191
2024-09-29 07:15:00+00:00,99401.31261247191
2024-09-29 07:30:00+00:00,99401.31261247191
2024-09-29 07:45:00+00:00,99401.31261247191
2024-09-29 08:00:00+00:00,99401.31261247191
2024-09-29 08:15:00+00:00,99401.31261247191
2024-09-29 08:30:00+00:00,99401.31261247191
2024-09-29 08:45:00+00:00,99401.31261247191
2024-09-29 09:00:00+00:00,99401.31261247191
2024-09-29 09:15:00+00:00,99401.31261247191
2024-09-29 09:30:00+00:00,99401.31261247191
2024-09-29 09:45:00+00:00,99401.31261247191
2024-09-29 10:00:00+00:00,99401.31261247191
2024-09-29 10:15:00+00:00,99401.31261247191
2024-09-29 10:30:00+00:00,99401.31261247191
2024-09-29 10:45:00+00:00,99401.31261247191
2024-09-29 11:00:00+00:00,99401.31261247191
2024-09-29 11:15:00+00:00,99401.31261247191
2024-09-29 11:30:00+00:00,99401.31261247191
2024-09-29 11:45:00+00:00,99401.31261247191
2024-09-29 12:00:00+00:00,99401.31261247191
2024-09-29 12:15:00+00:00,99401.31261247191
2024-09-29 12:30:00+00:00,99401.31261247191
2024-09-29 12:45:00+00:00,99401.31261247191
2024-09-29 13:00:00+00:00,99401.31261247191
2024-09-29 13:15:00+00:00,99401.31261247191
2024-09-29 13:30:00+00:00,99401.31261247191
2024-09-29 13:45:00+00:00,99401.31261247191
2024-09-29 14:00:00+00:00,99401.31261247191
2024-09-29 14:15:00+00:00,99401.31261247191
2024-09-29 14:30:00+00:00,99401.31261247191
2024-09-29 14:45:00+00:00,99401.31261247191
2024-09-29 15:00:00+00:00,99401.31261247191
2024-09-29 15:15:00+00:00,99401.31261247191
2024-09-29 15:30:00+00:00,99401.31261247191
2024-09-29 15:45:00+00:00,99401.31261247191
2024-09-29 16:00:00+00:00,99401.31261247191
2024-09-29 16:15:00+00:00,99401.31261247191
2024-09-29 16:30:00+00:00,99401.31261247191
2024-09-29 16:45:00+00:00,99401.31261247191
2024-09-29 17:00:00+00:00,99401.31261247191
2024-09-29 17:15:00+00:00,99401.31261247191
2024-09-29 17:30:00+00:00,99401.31261247191
2024-09-29 17:45:00+00:00,99401.31261247191
2024-09-29 18:00:00+00:00,99401.31261247191
2024-09-29 18:15:00+00:00,99401.31261247191
2024-09-29 18:30:00+00:00,99401.31261247191
2024-09-29 18:45:00+00:00,99401.31261247191
2024-09-29 19:00:00+00:00,99401.31261247191
2024-09-29 19:15:00+00:00,99401.31261247191
2024-09-29 19:30:00+00:00,99401.31261247191
2024-09-29 19:45:00+00:00,99401.31261247191
2024-09-29 20:00:00+00:00,99401.31261247191
2024-09-29 20:15:00+00:00,99401.31261247191
2024-09-29 20:30:00+00:00,99401.31261247191
2024-09-29 20:45:00+00:00,99401.31261247191
2024-09-29 21:00:00+00:00,99401.31261247191
2024-09-29 21:15:00+00:00,99401.31261247191
2024-09-29 21:30:00+00:00,99401.31261247191
2024-09-29 21:45:00+00:00,99401.31261247191
2024-09-29 22:00:00+00:00,99401.31261247191
2024-09-29 22:15:00+00:00,99401.31261247191
2024-09-29 22:30:00+00:00,99401.31261247191
2024-09-29 22:45:00+00:00,99401.31261247191
2024-09-29 23:00:00+00:00,99401.31261247191
2024-09-29 23:15:00+00:00,99401.31261247191
2024-09-29 23:30:00+00:00,99401.31261247191
2024-09-29 23:45:00+00:00,99401.31261247191
2024-09-30 00:00:00+00:00,99401.31261247191
2024-09-30 00:15:00+00:00,99401.31261247191
2024-09-30 00:30:00+00:00,99401.31261247191
2024-09-30 00:45:00+00:00,99401.31261247191
2024-09-30 01:00:00+00:00,99401.31261247191
2024-09-30 01:15:00+00:00,99401.31261247191
2024-09-30 01:30:00+00:00,99401.31261247191
2024-09-30 01:45:00+00:00,99401.31261247191
2024-09-30 02:00:00+00:00,99401.31261247191
2024-09-30 02:15:00+00:00,99401.31261247191
2024-09-30 02:30:00+00:00,99401.31261247191
2024-09-30 02:45:00+00:00,99401.31261247191
2024-09-30 03:00:00+00:00,99401.31261247191
2024-09-30 03:15:00+00:00,99401.31261247191
2024-09-30 03:30:00+00:00,99401.31261247191
2024-09-30 03:45:00+00:00,99401.31261247191
2024-09-30 04:00:00+00:00,99401.31261247191
2024-09-30 04:15:00+00:00,99399.07932161468
2024-09-30 04:30:00+00:00,99400.84496577656
2024-09-30 04:45:00+00:00,99400.89170476721
2024-09-30 05:00:00+00:00,99400.85260256157
2024-09-30 05:15:00+00:00,99402.88851495991
2024-09-30 05:30:00+00:00,99401.55986706527
2024-09-30 05:45:00+00:00,99402.84319646952
2024-09-30 06:00:00+00:00,99402.80803691589
2024-09-30 06:15:00+00:00,99402.80803691589
2024-09-30 06:30:00+00:00,99402.80803691589
2024-09-30 06:45:00+00:00,99402.80803691589
2024-09-30 07:00:00+00:00,99402.80803691589
2024-09-30 07:15:00+00:00,99402.80803691589
2024-09-30 07:30:00+00:00,99402.80803691589
2024-09-30 07:45:00+00:00,99402.80803691589
2024-09-30 08:00:00+00:00,99402.80803691589
2024-09-30 08:15:00+00:00,99402.80803691589
2024-09-30 08:30:00+00:00,99402.80803691589
2024-09-30 08:45:00+00:00,99402.80803691589
2024-09-30 09:00:00+00:00,99402.80803691589
2024-09-30 09:15:00+00:00,99402.80803691589
2024-09-30 09:30:00+00:00,99402.80803691589
2024-09-30 09:45:00+00:00,99402.80803691589
2024-09-30 10:00:00+00:00,99402.80803691589
2024-09-30 10:15:00+00:00,99402.80803691589
2024-09-30 10:30:00+00:00,99402.80803691589
2024-09-30 10:45:00+00:00,99402.80803691589
2024-09-30 11:00:00+00:00,99402.80803691589
2024-09-30 11:15:00+00:00,99402.80803691589
2024-09-30 11:30:00+00:00,99402.80803691589
2024-09-30 11:45:00+00:00,99402.80803691589
2024-09-30 12:00:00+00:00,99402.80803691589
2024-09-30 12:15:00+00:00,99402.80803691589
2024-09-30 12:30:00+00:00,99402.80803691589
2024-09-30 12:45:00+00:00,99402.80803691589
2024-09-30 13:00:00+00:00,99402.80803691589
2024-09-30 13:15:00+00:00,99402.80803691589
2024-09-30 13:30:00+00:00,99402.80803691589
2024-09-30 13:45:00+00:00,99402.80803691589
2024-09-30 14:00:00+00:00,99402.80803691589
2024-09-30 14:15:00+00:00,99402.80803691589
2024-09-30 14:30:00+00:00,99402.80803691589
2024-09-30 14:45:00+00:00,99402.80803691589
2024-09-30 15:00:00+00:00,99402.80803691589
2024-09-30 15:15:00+00:00,99402.80803691589
2024-09-30 15:30:00+00:00,99402.80803691589
2024-09-30 15:45:00+00:00,99402.80803691589
2024-09-30 16:00:00+00:00,99402.80803691589
2024-09-30 16:15:00+00:00,99402.80803691589
2024-09-30 16:30:00+00:00,99402.80803691589
2024-09-30 16:45:00+00:00,99402.80803691589
2024-09-30 17:00:00+00:00,99402.80803691589
2024-09-30 17:15:00+00:00,99402.80803691589
2024-09-30 17:30:00+00:00,99402.80803691589
2024-09-30 17:45:00+00:00,99402.80803691589
2024-09-30 18:00:00+00:00,99402.80803691589
2024-09-30 18:15:00+00:00,99402.80803691589
2024-09-30 18:30:00+00:00,99402.80803691589
2024-09-30 18:45:00+00:00,99402.80803691589
2024-09-30 19:00:00+00:00,99402.80803691589
2024-09-30 19:15:00+00:00,99402.80803691589
2024-09-30 19:30:00+00:00,99402.80803691589
2024-09-30 19:45:00+00:00,99402.80803691589
2024-09-30 20:00:00+00:00,99402.80803691589
2024-09-30 20:15:00+00:00,99402.80803691589
2024-09-30 20:30:00+00:00,99402.80803691589
2024-09-30 20:45:00+00:00,99402.80803691589
2024-09-30 21:00:00+00:00,99402.80803691589
2024-09-30 21:15:00+00:00,99402.80803691589
2024-09-30 21:30:00+00:00,99402.80803691589
2024-09-30 21:45:00+00:00,99402.80803691589
2024-09-30 22:00:00+00:00,99402.80803691589
2024-09-30 22:15:00+00:00,99402.80803691589
2024-09-30 22:30:00+00:00,99402.80803691589
2024-09-30 22:45:00+00:00,99402.80803691589
2024-09-30 23:00:00+00:00,99402.80803691589
2024-09-30 23:15:00+00:00,99402.80803691589
2024-09-30 23:30:00+00:00,99402.80803691589
2024-09-30 23:45:00+00:00,99402.80803691589
2024-10-01 00:00:00+00:00,99402.80803691589
2024-10-01 00:15:00+00:00,99402.80803691589
2024-10-01 00:30:00+00:00,99401.25556531096
2024-10-01 00:45:00+00:00,99398.5284416435
2024-10-01 01:00:00+00:00,99399.13251168489
2024-10-01 01:15:00+00:00,99397.68275758212
2024-10-01 01:30:00+00:00,99397.5422642239
2024-10-01 01:45:00+00:00,99400.26250899548
2024-10-01 02:00:00+00:00,99405.71755617944
2024-10-01 02:15:00+00:00,99403.12478723006
2024-10-01 02:30:00+00:00,99398.73496632146
2024-10-01 02:45:00+00:00,99398.73496632146
2024-10-01 03:00:00+00:00,99398.73496632146
2024-10-01 03:15:00+00:00,99398.73496632146
2024-10-01 03:30:00+00:00,99398.73496632146
2024-10-01 03:45:00+00:00,99398.73496632146
2024-10-01 04:00:00+00:00,99398.73496632146
2024-10-01 04:15:00+00:00,99396.0659439807
2024-10-01 04:30:00+00:00,99395.55171347706
2024-10-01 04:45:00+00:00,99394.12755980671
2024-10-01 05:00:00+00:00,99396.74807881638
2024-10-01 05:15:00+00:00,99397.65284523062
2024-10-01 05:30:00+00:00,99398.07309903456
2024-10-01 05:45:00+00:00,99396.90372884771
2024-10-01 06:00:00+00:00,99387.74833997672
2024-10-01 06:15:00+00:00,99387.74833997672
2024-10-01 06:30:00+00:00,99387.74833997672
2024-10-01 06:45:00+00:00,99387.74833997672
2024-10-01 07:00:00+00:00,99387.74833997672
2024-10-01 07:15:00+00:00,99387.74833997672
2024-10-01 07:30:00+00:00,99387.74833997672
2024-10-01 07:45:00+00:00,99387.74833997672
2024-10-01 08:00:00+00:00,99387.74833997672
2024-10-01 08:15:00+00:00,99387.74833997672
2024-10-01 08:30:00+00:00,99387.74833997672
2024-10-01 08:45:00+00:00,99387.74833997672
2024-10-01 09:00:00+00:00,99387.74833997672
2024-10-01 09:15:00+00:00,99387.74833997672
2024-10-01 09:30:00+00:00,99387.74833997672
2024-10-01 09:45:00+00:00,99387.74833997672
2024-10-01 10:00:00+00:00,99387.74833997672
2024-10-01 10:15:00+00:00,99387.74833997672
2024-10-01 10:30:00+00:00,99387.74833997672
2024-10-01 10:45:00+00:00,99387.74833997672
2024-10-01 11:00:00+00:00,99387.74833997672
2024-10-01 11:15:00+00:00,99387.74833997672
2024-10-01 11:30:00+00:00,99387.74833997672
2024-10-01 11:45:00+00:00,99387.74833997672
2024-10-01 12:00:00+00:00,99387.74833997672
2024-10-01 12:15:00+00:00,99387.74833997672
2024-10-01 12:30:00+00:00,99387.74833997672
2024-10-01 12:45:00+00:00,99387.74833997672
2024-10-01 13:00:00+00:00,99387.74833997672
2024-10-01 13:15:00+00:00,99387.74833997672
2024-10-01 13:30:00+00:00,99387.74833997672
2024-10-01 13:45:00+00:00,99387.74833997672
2024-10-01 14:00:00+00:00,99387.74833997672
2024-10-01 14:15:00+00:00,99387.74833997672
2024-10-01 14:30:00+00:00,99387.74833997672
2024-10-01 14:45:00+00:00,99387.74833997672
2024-10-01 15:00:00+00:00,99387.74833997672
2024-10-01 15:15:00+00:00,99387.74833997672
2024-10-01 15:30:00+00:00,99387.74833997672
2024-10-01 15:45:00+00:00,99387.74833997672
2024-10-01 16:00:00+00:00,99387.74833997672
2024-10-01 16:15:00+00:00,99387.74833997672
2024-10-01 16:30:00+00:00,99387.74833997672
2024-10-01 16:45:00+00:00,99387.74833997672
2024-10-01 17:00:00+00:00,99387.74833997672
2024-10-01 17:15:00+00:00,99387.74833997672
2024-10-01 17:30:00+00:00,99387.74833997672
2024-10-01 17:45:00+00:00,99387.74833997672
2024-10-01 18:00:00+00:00,99387.74833997672
2024-10-01 18:15:00+00:00,99387.74833997672
2024-10-01 18:30:00+00:00,99387.74833997672
2024-10-01 18:45:00+00:00,99387.74833997672
2024-10-01 19:00:00+00:00,99387.74833997672
2024-10-01 19:15:00+00:00,99387.74833997672
2024-10-01 19:30:00+00:00,99387.74833997672
2024-10-01 19:45:00+00:00,99387.74833997672
2024-10-01 20:00:00+00:00,99387.74833997672
2024-10-01 20:15:00+00:00,99373.7261096116
2024-10-01 20:30:00+00:00,99352.04377381393
2024-10-01 20:45:00+00:00,99352.04377381393
2024-10-01 21:00:00+00:00,99352.04377381393
2024-10-01 21:15:00+00:00,99352.04377381393
2024-10-01 21:30:00+00:00,99352.04377381393
2024-10-01 21:45:00+00:00,99352.04377381393
2024-10-01 22:00:00+00:00,99352.04377381393
2024-10-01 22:15:00+00:00,99352.04377381393
2024-10-01 22:30:00+00:00,99352.04377381393
2024-10-01 22:45:00+00:00,99352.04377381393
2024-10-01 23:00:00+00:00,99352.04377381393
2024-10-01 23:15:00+00:00,99352.04377381393
2024-10-01 23:30:00+00:00,99352.04377381393
2024-10-01 23:45:00+00:00,99352.04377381393
2024-10-02 00:00:00+00:00,99352.04377381393
2024-10-02 00:15:00+00:00,99352.04377381393
2024-10-02 00:30:00+00:00,99352.04377381393
2024-10-02 00:45:00+00:00,99352.04377381393
2024-10-02 01:00:00+00:00,99352.04377381393
2024-10-02 01:15:00+00:00,99352.04377381393
2024-10-02 01:30:00+00:00,99352.04377381393
2024-10-02 01:45:00+00:00,99352.04377381393
2024-10-02 02:00:00+00:00,99352.04377381393
2024-10-02 02:15:00+00:00,99352.04377381393
2024-10-02 02:30:00+00:00,99352.04377381393
2024-10-02 02:45:00+00:00,99352.04377381393
2024-10-02 03:00:00+00:00,99352.04377381393
2024-10-02 03:15:00+00:00,99352.04377381393
2024-10-02 03:30:00+00:00,99352.04377381393
2024-10-02 03:45:00+00:00,99352.04377381393
2024-10-02 04:00:00+00:00,99352.04377381393
2024-10-02 04:15:00+00:00,99352.04377381393
2024-10-02 04:30:00+00:00,99352.04377381393
2024-10-02 04:45:00+00:00,99352.04377381393
2024-10-02 05:00:00+00:00,99352.04377381393
2024-10-02 05:15:00+00:00,99352.04377381393
2024-10-02 05:30:00+00:00,99352.04377381393
2024-10-02 05:45:00+00:00,99352.04377381393
2024-10-02 06:00:00+00:00,99352.04377381393
2024-10-02 06:15:00+00:00,99352.04377381393
2024-10-02 06:30:00+00:00,99352.04377381393
2024-10-02 06:45:00+00:00,99352.04377381393
2024-10-02 07:00:00+00:00,99352.04377381393
2024-10-02 07:15:00+00:00,99352.04377381393
2024-10-02 07:30:00+00:00,99352.04377381393
2024-10-02 07:45:00+00:00,99352.04377381393
2024-10-02 08:00:00+00:00,99352.04377381393
2024-10-02 08:15:00+00:00,99352.04377381393
2024-10-02 08:30:00+00:00,99352.04377381393
2024-10-02 08:45:00+00:00,99352.04377381393
2024-10-02 09:00:00+00:00,99352.04377381393
2024-10-02 09:15:00+00:00,99352.04377381393
2024-10-02 09:30:00+00:00,99352.04377381393
2024-10-02 09:45:00+00:00,99352.04377381393
2024-10-02 10:00:00+00:00,99352.04377381393
2024-10-02 10:15:00+00:00,99352.04377381393
2024-10-02 10:30:00+00:00,99352.04377381393
2024-10-02 10:45:00+00:00,99352.04377381393
2024-10-02 11:00:00+00:00,99352.04377381393
2024-10-02 11:15:00+00:00,99352.04377381393
2024-10-02 11:30:00+00:00,99352.04377381393
2024-10-02 11:45:00+00:00,99352.04377381393
2024-10-02 12:00:00+00:00,99352.04377381393
2024-10-02 12:15:00+00:00,99352.04377381393
2024-10-02 12:30:00+00:00,99352.04377381393
2024-10-02 12:45:00+00:00,99352.04377381393
2024-10-02 13:00:00+00:00,99352.04377381393
2024-10-02 13:15:00+00:00,99352.04377381393
2024-10-02 13:30:00+00:00,99352.04377381393
2024-10-02 13:45:00+00:00,99352.04377381393
2024-10-02 14:00:00+00:00,99352.04377381393
2024-10-02 14:15:00+00:00,99352.04377381393
2024-10-02 14:30:00+00:00,99352.04377381393
2024-10-02 14:45:00+00:00,99352.04377381393
2024-10-02 15:00:00+00:00,99352.04377381393
2024-10-02 15:15:00+00:00,99352.04377381393
2024-10-02 15:30:00+00:00,99352.04377381393
2024-10-02 15:45:00+00:00,99352.04377381393
2024-10-02 16:00:00+00:00,99352.04377381393
2024-10-02 16:15:00+00:00,99352.04377381393
2024-10-02 16:30:00+00:00,99352.04377381393
2024-10-02 16:45:00+00:00,99352.04377381393
2024-10-02 17:00:00+00:00,99352.04377381393
2024-10-02 17:15:00+00:00,99352.04377381393
2024-10-02 17:30:00+00:00,99352.04377381393
2024-10-02 17:45:00+00:00,99352.04377381393
2024-10-02 18:00:00+00:00,99352.04377381393
2024-10-02 18:15:00+00:00,99352.04377381393
2024-10-02 18:30:00+00:00,99352.04377381393
2024-10-02 18:45:00+00:00,99352.04377381393
2024-10-02 19:00:00+00:00,99352.04377381393
2024-10-02 19:15:00+00:00,99352.04377381393
2024-10-02 19:30:00+00:00,99352.04377381393
2024-10-02 19:45:00+00:00,99352.04377381393
2024-10-02 20:00:00+00:00,99352.04377381393
2024-10-02 20:15:00+00:00,99352.04377381393
2024-10-02 20:30:00+00:00,99352.04377381393
2024-10-02 20:45:00+00:00,99352.04377381393
2024-10-02 21:00:00+00:00,99352.04377381393
2024-10-02 21:15:00+00:00,99352.04377381393
2024-10-02 21:30:00+00:00,99352.04377381393
2024-10-02 21:45:00+00:00,99352.04377381393
2024-10-02 22:00:00+00:00,99352.04377381393
2024-10-02 22:15:00+00:00,99352.04377381393
2024-10-02 22:30:00+00:00,99352.04377381393
2024-10-02 22:45:00+00:00,99352.04377381393
2024-10-02 23:00:00+00:00,99352.04377381393
2024-10-02 23:15:00+00:00,99352.04377381393
2024-10-02 23:30:00+00:00,99352.04377381393
2024-10-02 23:45:00+00:00,99352.04377381393
2024-10-03 00:00:00+00:00,99352.04377381393
2024-10-03 00:15:00+00:00,99352.04377381393
2024-10-03 00:30:00+00:00,99352.04377381393
2024-10-03 00:45:00+00:00,99352.04377381393
2024-10-03 01:00:00+00:00,99352.04377381393
2024-10-03 01:15:00+00:00,99352.04377381393
2024-10-03 01:30:00+00:00,99352.04377381393
2024-10-03 01:45:00+00:00,99352.04377381393
2024-10-03 02:00:00+00:00,99352.04377381393
2024-10-03 02:15:00+00:00,99352.04377381393
2024-10-03 02:30:00+00:00,99352.04377381393
2024-10-03 02:45:00+00:00,99352.04377381393
2024-10-03 03:00:00+00:00,99352.04377381393
2024-10-03 03:15:00+00:00,99352.04377381393
2024-10-03 03:30:00+00:00,99352.04377381393
2024-10-03 03:45:00+00:00,99352.04377381393
2024-10-03 04:00:00+00:00,99352.04377381393
2024-10-03 04:15:00+00:00,99351.42906267615
2024-10-03 04:30:00+00:00,99350.38619114266
2024-10-03 04:45:00+00:00,99352.29207312585
2024-10-03 05:00:00+00:00,99354.57612603948
2024-10-03 05:15:00+00:00,99355.40413479168
2024-10-03 05:30:00+00:00,99355.02058111248
2024-10-03 05:45:00+00:00,99355.9391653045
2024-10-03 06:00:00+00:00,99353.6952880114
2024-10-03 06:15:00+00:00,99353.6952880114
2024-10-03 06:30:00+00:00,99353.6952880114
2024-10-03 06:45:00+00:00,99353.6952880114
2024-10-03 07:00:00+00:00,99353.6952880114
2024-10-03 07:15:00+00:00,99353.6952880114
2024-10-03 07:30:00+00:00,99353.6952880114
2024-10-03 07:45:00+00:00,99353.6952880114
2024-10-03 08:00:00+00:00,99353.6952880114
2024-10-03 08:15:00+00:00,99353.6952880114
2024-10-03 08:30:00+00:00,99353.6952880114
2024-10-03 08:45:00+00:00,99353.6952880114
2024-10-03 09:00:00+00:00,99353.6952880114
2024-10-03 09:15:00+00:00,99353.6952880114
2024-10-03 09:30:00+00:00,99353.6952880114
2024-10-03 09:45:00+00:00,99353.6952880114
2024-10-03 10:00:00+00:00,99353.6952880114
2024-10-03 10:15:00+00:00,99353.6952880114
2024-10-03 10:30:00+00:00,99353.6952880114
2024-10-03 10:45:00+00:00,99353.6952880114
2024-10-03 11:00:00+00:00,99353.6952880114
2024-10-03 11:15:00+00:00,99353.6952880114
2024-10-03 11:30:00+00:00,99353.6952880114
2024-10-03 11:45:00+00:00,99353.6952880114
2024-10-03 12:00:00+00:00,99353.6952880114
2024-10-03 12:15:00+00:00,99353.6952880114
2024-10-03 12:30:00+00:00,99353.6952880114
2024-10-03 12:45:00+00:00,99353.6952880114
2024-10-03 13:00:00+00:00,99353.6952880114
2024-10-03 13:15:00+00:00,99353.6952880114
2024-10-03 13:30:00+00:00,99353.6952880114
2024-10-03 13:45:00+00:00,99353.6952880114
2024-10-03 14:00:00+00:00,99353.6952880114
2024-10-03 14:15:00+00:00,99353.6952880114
2024-10-03 14:30:00+00:00,99353.6952880114
2024-10-03 14:45:00+00:00,99353.6952880114
2024-10-03 15:00:00+00:00,99353.6952880114
2024-10-03 15:15:00+00:00,99353.6952880114
2024-10-03 15:30:00+00:00,99353.6952880114
2024-10-03 15:45:00+00:00,99353.6952880114
2024-10-03 16:00:00+00:00,99353.6952880114
2024-10-03 16:15:00+00:00,99353.6952880114
2024-10-03 16:30:00+00:00,99353.6952880114
2024-10-03 16:45:00+00:00,99353.6952880114
2024-10-03 17:00:00+00:00,99353.6952880114
2024-10-03 17:15:00+00:00,99353.6952880114
2024-10-03 17:30:00+00:00,99353.6952880114
2024-10-03 17:45:00+00:00,99353.6952880114
2024-10-03 18:00:00+00:00,99353.6952880114
2024-10-03 18:15:00+00:00,99353.6952880114
2024-10-03 18:30:00+00:00,99353.6952880114
2024-10-03 18:45:00+00:00,99353.6952880114
2024-10-03 19:00:00+00:00,99353.6952880114
2024-10-03 19:15:00+00:00,99353.6952880114
2024-10-03 19:30:00+00:00,99353.6952880114
2024-10-03 19:45:00+00:00,99353.6952880114
2024-10-03 20:00:00+00:00,99353.6952880114
2024-10-03 20:15:00+00:00,99353.6952880114
2024-10-03 20:30:00+00:00,99353.6952880114
2024-10-03 20:45:00+00:00,99353.6952880114
2024-10-03 21:00:00+00:00,99353.6952880114
2024-10-03 21:15:00+00:00,99353.6952880114
2024-10-03 21:30:00+00:00,99353.6952880114
2024-10-03 21:45:00+00:00,99353.6952880114
2024-10-03 22:00:00+00:00,99353.6952880114
2024-10-03 22:15:00+00:00,99353.6952880114
2024-10-03 22:30:00+00:00,99353.6952880114
2024-10-03 22:45:00+00:00,99353.6952880114
2024-10-03 23:00:00+00:00,99353.6952880114
2024-10-03 23:15:00+00:00,99353.6952880114
2024-10-03 23:30:00+00:00,99353.6952880114
2024-10-03 23:45:00+00:00,99353.6952880114
2024-10-04 00:00:00+00:00,99353.6952880114
2024-10-04 00:15:00+00:00,99353.6952880114
2024-10-04 00:30:00+00:00,99353.6952880114
2024-10-04 00:45:00+00:00,99353.6952880114
2024-10-04 01:00:00+00:00,99353.6952880114
2024-10-04 01:15:00+00:00,99353.6952880114
2024-10-04 01:30:00+00:00,99353.6952880114
2024-10-04 01:45:00+00:00,99353.6952880114
2024-10-04 02:00:00+00:00,99353.6952880114
2024-10-04 02:15:00+00:00,99353.6952880114
2024-10-04 02:30:00+00:00,99353.6952880114
2024-10-04 02:45:00+00:00,99353.6952880114
2024-10-04 03:00:00+00:00,99353.6952880114
2024-10-04 03:15:00+00:00,99353.6952880114
2024-10-04 03:30:00+00:00,99353.6952880114
2024-10-04 03:45:00+00:00,99353.6952880114
2024-10-04 04:00:00+00:00,99353.6952880114
2024-10-04 04:15:00+00:00,99353.6952880114
2024-10-04 04:30:00+00:00,99353.6952880114
2024-10-04 04:45:00+00:00,99353.6952880114
2024-10-04 05:00:00+00:00,99353.6952880114
2024-10-04 05:15:00+00:00,99353.6952880114
2024-10-04 05:30:00+00:00,99353.6952880114
2024-10-04 05:45:00+00:00,99353.6952880114
2024-10-04 06:00:00+00:00,99353.6952880114
2024-10-04 06:15:00+00:00,99353.6952880114
2024-10-04 06:30:00+00:00,99353.6952880114
2024-10-04 06:45:00+00:00,99353.6952880114
2024-10-04 07:00:00+00:00,99353.6952880114
2024-10-04 07:15:00+00:00,99353.6952880114
2024-10-04 07:30:00+00:00,99353.6952880114
2024-10-04 07:45:00+00:00,99353.6952880114
2024-10-04 08:00:00+00:00,99353.6952880114
2024-10-04 08:15:00+00:00,99353.6952880114
2024-10-04 08:30:00+00:00,99353.6952880114
2024-10-04 08:45:00+00:00,99353.6952880114
2024-10-04 09:00:00+00:00,99353.6952880114
2024-10-04 09:15:00+00:00,99353.6952880114
2024-10-04 09:30:00+00:00,99353.6952880114
2024-10-04 09:45:00+00:00,99353.6952880114
2024-10-04 10:00:00+00:00,99353.6952880114
2024-10-04 10:15:00+00:00,99353.6952880114
2024-10-04 10:30:00+00:00,99353.6952880114
2024-10-04 10:45:00+00:00,99353.6952880114
2024-10-04 11:00:00+00:00,99353.6952880114
2024-10-04 11:15:00+00:00,99353.6952880114
2024-10-04 11:30:00+00:00,99353.6952880114
2024-10-04 11:45:00+00:00,99353.6952880114
2024-10-04 12:00:00+00:00,99353.6952880114
2024-10-04 12:15:00+00:00,99353.6952880114
2024-10-04 12:30:00+00:00,99353.6952880114
2024-10-04 12:45:00+00:00,99353.6952880114
2024-10-04 13:00:00+00:00,99353.6952880114
2024-10-04 13:15:00+00:00,99353.6952880114
2024-10-04 13:30:00+00:00,99353.6952880114
2024-10-04 13:45:00+00:00,99353.6952880114
2024-10-04 14:00:00+00:00,99353.6952880114
2024-10-04 14:15:00+00:00,99353.6952880114
2024-10-04 14:30:00+00:00,99353.6952880114
2024-10-04 14:45:00+00:00,99353.6952880114
2024-10-04 15:00:00+00:00,99353.6952880114
2024-10-04 15:15:00+00:00,99353.6952880114
2024-10-04 15:30:00+00:00,99353.6952880114
2024-10-04 15:45:00+00:00,99353.6952880114
2024-10-04 16:00:00+00:00,99353.6952880114
2024-10-04 16:15:00+00:00,99353.6952880114
2024-10-04 16:30:00+00:00,99353.6952880114
2024-10-04 16:45:00+00:00,99353.6952880114
2024-10-04 17:00:00+00:00,99353.6952880114
2024-10-04 17:15:00+00:00,99353.6952880114
2024-10-04 17:30:00+00:00,99353.6952880114
2024-10-04 17:45:00+00:00,99353.6952880114
2024-10-04 18:00:00+00:00,99353.6952880114
2024-10-04 18:15:00+00:00,99353.6952880114
2024-10-04 18:30:00+00:00,99353.6952880114
2024-10-04 18:45:00+00:00,99353.6952880114
2024-10-04 19:00:00+00:00,99353.6952880114
2024-10-04 19:15:00+00:00,99353.6952880114
2024-10-04 19:30:00+00:00,99353.6952880114
2024-10-04 19:45:00+00:00,99353.6952880114
2024-10-04 20:00:00+00:00,99353.6952880114
2024-10-04 20:15:00+00:00,99353.6952880114
2024-10-04 20:30:00+00:00,99353.6952880114
2024-10-04 20:45:00+00:00,99353.6952880114
2024-10-04 21:00:00+00:00,99353.6952880114
2024-10-04 21:15:00+00:00,99353.6952880114
2024-10-04 21:30:00+00:00,99353.6952880114
2024-10-04 21:45:00+00:00,99353.6952880114
2024-10-04 22:00:00+00:00,99353.6952880114
2024-10-04 22:15:00+00:00,99353.6952880114
2024-10-04 22:30:00+00:00,99353.6952880114
2024-10-04 22:45:00+00:00,99353.6952880114
2024-10-04 23:00:00+00:00,99353.6952880114
2024-10-04 23:15:00+00:00,99353.6952880114
2024-10-04 23:30:00+00:00,99353.6952880114
2024-10-04 23:45:00+00:00,99353.6952880114
2024-10-05 00:00:00+00:00,99353.6952880114
2024-10-05 00:15:00+00:00,99353.6952880114
2024-10-05 00:30:00+00:00,99353.6952880114
2024-10-05 00:45:00+00:00,99353.6952880114
2024-10-05 01:00:00+00:00,99353.6952880114
2024-10-05 01:15:00+00:00,99353.6952880114
2024-10-05 01:30:00+00:00,99353.6952880114
2024-10-05 01:45:00+00:00,99353.6952880114
2024-10-05 02:00:00+00:00,99353.6952880114
2024-10-05 02:15:00+00:00,99353.6952880114
2024-10-05 02:30:00+00:00,99353.6952880114
2024-10-05 02:45:00+00:00,99353.6952880114
2024-10-05 03:00:00+00:00,99353.6952880114
2024-10-05 03:15:00+00:00,99353.6952880114
2024-10-05 03:30:00+00:00,99353.6952880114
2024-10-05 03:45:00+00:00,99353.6952880114
2024-10-05 04:00:00+00:00,99353.6952880114
2024-10-05 04:15:00+00:00,99353.6952880114
2024-10-05 04:30:00+00:00,99353.6952880114
2024-10-05 04:45:00+00:00,99353.6952880114
2024-10-05 05:00:00+00:00,99353.6952880114
2024-10-05 05:15:00+00:00,99353.6952880114
2024-10-05 05:30:00+00:00,99353.6952880114
2024-10-05 05:45:00+00:00,99353.6952880114
2024-10-05 06:00:00+00:00,99353.6952880114
2024-10-05 06:15:00+00:00,99353.6952880114
2024-10-05 06:30:00+00:00,99353.6952880114
2024-10-05 06:45:00+00:00,99353.6952880114
2024-10-05 07:00:00+00:00,99353.6952880114
2024-10-05 07:15:00+00:00,99353.6952880114
2024-10-05 07:30:00+00:00,99353.6952880114
2024-10-05 07:45:00+00:00,99353.6952880114
2024-10-05 08:00:00+00:00,99353.6952880114
2024-10-05 08:15:00+00:00,99353.6952880114
2024-10-05 08:30:00+00:00,99353.6952880114
2024-10-05 08:45:00+00:00,99353.6952880114
2024-10-05 09:00:00+00:00,99353.6952880114
2024-10-05 09:15:00+00:00,99353.6952880114
2024-10-05 09:30:00+00:00,99353.6952880114
2024-10-05 09:45:00+00:00,99353.6952880114
2024-10-05 10:00:00+00:00,99353.6952880114
2024-10-05 10:15:00+00:00,99353.6952880114
2024-10-05 10:30:00+00:00,99353.6952880114
2024-10-05 10:45:00+00:00,99353.6952880114
2024-10-05 11:00:00+00:00,99353.6952880114
2024-10-05 11:15:00+00:00,99353.6952880114
2024-10-05 11:30:00+00:00,99353.6952880114
2024-10-05 11:45:00+00:00,99353.6952880114
2024-10-05 12:00:00+00:00,99353.6952880114
2024-10-05 12:15:00+00:00,99353.6952880114
2024-10-05 12:30:00+00:00,99353.6952880114
2024-10-05 12:45:00+00:00,99353.6952880114
2024-10-05 13:00:00+00:00,99353.6952880114
2024-10-05 13:15:00+00:00,99353.6952880114
2024-10-05 13:30:00+00:00,99353.6952880114
2024-10-05 13:45:00+00:00,99353.6952880114
2024-10-05 14:00:00+00:00,99353.6952880114
2024-10-05 14:15:00+00:00,99353.6952880114
2024-10-05 14:30:00+00:00,99353.6952880114
2024-10-05 14:45:00+00:00,99353.6952880114
2024-10-05 15:00:00+00:00,99353.6952880114
2024-10-05 15:15:00+00:00,99353.6952880114
2024-10-05 15:30:00+00:00,99353.6952880114
2024-10-05 15:45:00+00:00,99353.6952880114
2024-10-05 16:00:00+00:00,99353.6952880114
2024-10-05 16:15:00+00:00,99353.6952880114
2024-10-05 16:30:00+00:00,99353.6952880114
2024-10-05 16:45:00+00:00,99353.6952880114
2024-10-05 17:00:00+00:00,99353.6952880114
2024-10-05 17:15:00+00:00,99353.6952880114
2024-10-05 17:30:00+00:00,99353.6952880114
2024-10-05 17:45:00+00:00,99353.6952880114
2024-10-05 18:00:00+00:00,99353.6952880114
2024-10-05 18:15:00+00:00,99353.6952880114
2024-10-05 18:30:00+00:00,99353.6952880114
2024-10-05 18:45:00+00:00,99353.6952880114
2024-10-05 19:00:00+00:00,99353.6952880114
2024-10-05 19:15:00+00:00,99353.6952880114
2024-10-05 19:30:00+00:00,99353.6952880114
2024-10-05 19:45:00+00:00,99353.6952880114
2024-10-05 20:00:00+00:00,99353.6952880114
2024-10-05 20:15:00+00:00,99353.6952880114
2024-10-05 20:30:00+00:00,99353.6952880114
2024-10-05 20:45:00+00:00,99353.6952880114
2024-10-05 21:00:00+00:00,99353.6952880114
2024-10-05 21:15:00+00:00,99353.6952880114
2024-10-05 21:30:00+00:00,99353.6952880114
2024-10-05 21:45:00+00:00,99353.6952880114
2024-10-05 22:00:00+00:00,99353.6952880114
2024-10-05 22:15:00+00:00,99353.6952880114
2024-10-05 22:30:00+00:00,99353.6952880114
2024-10-05 22:45:00+00:00,99353.6952880114
2024-10-05 23:00:00+00:00,99353.6952880114
2024-10-05 23:15:00+00:00,99353.6952880114
2024-10-05 23:30:00+00:00,99353.6952880114
2024-10-05 23:45:00+00:00,99353.6952880114
2024-10-06 00:00:00+00:00,99353.6952880114
2024-10-06 00:15:00+00:00,99353.6952880114
2024-10-06 00:30:00+00:00,99353.6952880114
2024-10-06 00:45:00+00:00,99353.6952880114
2024-10-06 01:00:00+00:00,99353.6952880114
2024-10-06 01:15:00+00:00,99353.6952880114
2024-10-06 01:30:00+00:00,99353.6952880114
2024-10-06 01:45:00+00:00,99353.6952880114
2024-10-06 02:00:00+00:00,99353.6952880114
2024-10-06 02:15:00+00:00,99353.6952880114
2024-10-06 02:30:00+00:00,99353.6952880114
2024-10-06 02:45:00+00:00,99353.6952880114
2024-10-06 03:00:00+00:00,99353.6952880114
2024-10-06 03:15:00+00:00,99353.6952880114
2024-10-06 03:30:00+00:00,99353.6952880114
2024-10-06 03:45:00+00:00,99353.6952880114
2024-10-06 04:00:00+00:00,99353.6952880114
2024-10-06 04:15:00+00:00,99353.6952880114
2024-10-06 04:30:00+00:00,99353.6952880114
2024-10-06 04:45:00+00:00,99353.6952880114
2024-10-06 05:00:00+00:00,99353.6952880114
2024-10-06 05:15:00+00:00,99353.6952880114
2024-10-06 05:30:00+00:00,99353.6952880114
2024-10-06 05:45:00+00:00,99353.6952880114
2024-10-06 06:00:00+00:00,99353.6952880114
2024-10-06 06:15:00+00:00,99353.6952880114
2024-10-06 06:30:00+00:00,99353.6952880114
2024-10-06 06:45:00+00:00,99353.6952880114
2024-10-06 07:00:00+00:00,99353.6952880114
2024-10-06 07:15:00+00:00,99353.6952880114
2024-10-06 07:30:00+00:00,99353.6952880114
2024-10-06 07:45:00+00:00,99353.6952880114
2024-10-06 08:00:00+00:00,99353.6952880114
2024-10-06 08:15:00+00:00,99353.6952880114
2024-10-06 08:30:00+00:00,99353.6952880114
2024-10-06 08:45:00+00:00,99353.6952880114
2024-10-06 09:00:00+00:00,99353.6952880114
2024-10-06 09:15:00+00:00,99353.6952880114
2024-10-06 09:30:00+00:00,99353.6952880114
2024-10-06 09:45:00+00:00,99353.6952880114
2024-10-06 10:00:00+00:00,99353.6952880114
2024-10-06 10:15:00+00:00,99353.6952880114
2024-10-06 10:30:00+00:00,99353.6952880114
2024-10-06 10:45:00+00:00,99353.6952880114
2024-10-06 11:00:00+00:00,99353.6952880114
2024-10-06 11:15:00+00:00,99353.6952880114
2024-10-06 11:30:00+00:00,99353.6952880114
2024-10-06 11:45:00+00:00,99353.6952880114
2024-10-06 12:00:00+00:00,99353.6952880114
2024-10-06 12:15:00+00:00,99353.6952880114
2024-10-06 12:30:00+00:00,99353.6952880114
2024-10-06 12:45:00+00:00,99353.6952880114
2024-10-06 13:00:00+00:00,99353.6952880114
2024-10-06 13:15:00+00:00,99353.6952880114
2024-10-06 13:30:00+00:00,99353.6952880114
2024-10-06 13:45:00+00:00,99353.6952880114
2024-10-06 14:00:00+00:00,99353.6952880114
2024-10-06 14:15:00+00:00,99353.6952880114
2024-10-06 14:30:00+00:00,99353.6952880114
2024-10-06 14:45:00+00:00,99353.6952880114
2024-10-06 15:00:00+00:00,99353.6952880114
2024-10-06 15:15:00+00:00,99353.6952880114
2024-10-06 15:30:00+00:00,99353.6952880114
2024-10-06 15:45:00+00:00,99353.6952880114
2024-10-06 16:00:00+00:00,99353.6952880114
2024-10-06 16:15:00+00:00,99353.6952880114
2024-10-06 16:30:00+00:00,99353.6952880114
2024-10-06 16:45:00+00:00,99353.6952880114
2024-10-06 17:00:00+00:00,99353.6952880114
2024-10-06 17:15:00+00:00,99353.6952880114
2024-10-06 17:30:00+00:00,99353.6952880114
2024-10-06 17:45:00+00:00,99353.6952880114
2024-10-06 18:00:00+00:00,99353.6952880114
2024-10-06 18:15:00+00:00,99353.6952880114
2024-10-06 18:30:00+00:00,99353.6952880114
2024-10-06 18:45:00+00:00,99353.6952880114
2024-10-06 19:00:00+00:00,99353.6952880114
2024-10-06 19:15:00+00:00,99353.6952880114
2024-10-06 19:30:00+00:00,99353.6952880114
2024-10-06 19:45:00+00:00,99353.6952880114
2024-10-06 20:00:00+00:00,99353.6952880114
2024-10-06 20:15:00+00:00,99353.6952880114
2024-10-06 20:30:00+00:00,99353.6952880114
2024-10-06 20:45:00+00:00,99353.6952880114
2024-10-06 21:00:00+00:00,99353.6952880114
2024-10-06 21:15:00+00:00,99353.6952880114
2024-10-06 21:30:00+00:00,99353.6952880114
2024-10-06 21:45:00+00:00,99353.6952880114
2024-10-06 22:00:00+00:00,99353.6952880114
2024-10-06 22:15:00+00:00,99353.6952880114
2024-10-06 22:30:00+00:00,99353.6952880114
2024-10-06 22:45:00+00:00,99353.6952880114
2024-10-06 23:00:00+00:00,99353.6952880114
2024-10-06 23:15:00+00:00,99353.6952880114
2024-10-06 23:30:00+00:00,99353.6952880114
2024-10-06 23:45:00+00:00,99353.6952880114
2024-10-07 00:00:00+00:00,99353.6952880114
2024-10-07 00:15:00+00:00,99353.6952880114
2024-10-07 00:30:00+00:00,99353.6952880114
2024-10-07 00:45:00+00:00,99353.6952880114
2024-10-07 01:00:00+00:00,99353.6952880114
2024-10-07 01:15:00+00:00,99353.6952880114
2024-10-07 01:30:00+00:00,99353.6952880114
2024-10-07 01:45:00+00:00,99353.6952880114
2024-10-07 02:00:00+00:00,99353.6952880114
2024-10-07 02:15:00+00:00,99353.6952880114
2024-10-07 02:30:00+00:00,99353.6952880114
2024-10-07 02:45:00+00:00,99353.6952880114
2024-10-07 03:00:00+00:00,99353.6952880114
2024-10-07 03:15:00+00:00,99353.6952880114
2024-10-07 03:30:00+00:00,99353.6952880114
2024-10-07 03:45:00+00:00,99353.6952880114
2024-10-07 04:00:00+00:00,99353.6952880114
2024-10-07 04:15:00+00:00,99353.6952880114
2024-10-07 04:30:00+00:00,99353.6952880114
2024-10-07 04:45:00+00:00,99353.6952880114
2024-10-07 05:00:00+00:00,99353.6952880114
2024-10-07 05:15:00+00:00,99353.6952880114
2024-10-07 05:30:00+00:00,99353.6952880114
2024-10-07 05:45:00+00:00,99353.6952880114
2024-10-07 06:00:00+00:00,99353.6952880114
2024-10-07 06:15:00+00:00,99353.6952880114
2024-10-07 06:30:00+00:00,99353.6952880114
2024-10-07 06:45:00+00:00,99353.6952880114
2024-10-07 07:00:00+00:00,99353.6952880114
2024-10-07 07:15:00+00:00,99353.6952880114
2024-10-07 07:30:00+00:00,99353.6952880114
2024-10-07 07:45:00+00:00,99353.6952880114
2024-10-07 08:00:00+00:00,99353.6952880114
2024-10-07 08:15:00+00:00,99353.6952880114
2024-10-07 08:30:00+00:00,99353.6952880114
2024-10-07 08:45:00+00:00,99353.6952880114
2024-10-07 09:00:00+00:00,99353.6952880114
2024-10-07 09:15:00+00:00,99353.6952880114
2024-10-07 09:30:00+00:00,99353.6952880114
2024-10-07 09:45:00+00:00,99353.6952880114
2024-10-07 10:00:00+00:00,99353.6952880114
2024-10-07 10:15:00+00:00,99353.6952880114
2024-10-07 10:30:00+00:00,99353.6952880114
2024-10-07 10:45:00+00:00,99353.6952880114
2024-10-07 11:00:00+00:00,99353.6952880114
2024-10-07 11:15:00+00:00,99353.6952880114
2024-10-07 11:30:00+00:00,99353.6952880114
2024-10-07 11:45:00+00:00,99353.6952880114
2024-10-07 12:00:00+00:00,99353.6952880114
2024-10-07 12:15:00+00:00,99353.6952880114
2024-10-07 12:30:00+00:00,99353.6952880114
2024-10-07 12:45:00+00:00,99353.6952880114
2024-10-07 13:00:00+00:00,99353.6952880114
2024-10-07 13:15:00+00:00,99353.6952880114
2024-10-07 13:30:00+00:00,99353.6952880114
2024-10-07 13:45:00+00:00,99353.6952880114
2024-10-07 14:00:00+00:00,99353.6952880114
2024-10-07 14:15:00+00:00,99353.6952880114
2024-10-07 14:30:00+00:00,99353.6952880114
2024-10-07 14:45:00+00:00,99353.6952880114
2024-10-07 15:00:00+00:00,99353.6952880114
2024-10-07 15:15:00+00:00,99353.6952880114
2024-10-07 15:30:00+00:00,99353.6952880114
2024-10-07 15:45:00+00:00,99353.6952880114
2024-10-07 16:00:00+00:00,99353.6952880114
2024-10-07 16:15:00+00:00,99353.6952880114
2024-10-07 16:30:00+00:00,99353.6952880114
2024-10-07 16:45:00+00:00,99353.6952880114
2024-10-07 17:00:00+00:00,99353.6952880114
2024-10-07 17:15:00+00:00,99353.6952880114
2024-10-07 17:30:00+00:00,99353.6952880114
2024-10-07 17:45:00+00:00,99353.6952880114
2024-10-07 18:00:00+00:00,99353.6952880114
2024-10-07 18:15:00+00:00,99353.6952880114
2024-10-07 18:30:00+00:00,99353.6952880114
2024-10-07 18:45:00+00:00,99353.6952880114
2024-10-07 19:00:00+00:00,99353.6952880114
2024-10-07 19:15:00+00:00,99353.6952880114
2024-10-07 19:30:00+00:00,99353.6952880114
2024-10-07 19:45:00+00:00,99353.6952880114
2024-10-07 20:00:00+00:00,99353.6952880114
2024-10-07 20:15:00+00:00,99353.6952880114
2024-10-07 20:30:00+00:00,99353.6952880114
2024-10-07 20:45:00+00:00,99353.6952880114
2024-10-07 21:00:00+00:00,99353.6952880114
2024-10-07 21:15:00+00:00,99353.6952880114
2024-10-07 21:30:00+00:00,99353.6952880114
2024-10-07 21:45:00+00:00,99353.6952880114
2024-10-07 22:00:00+00:00,99353.6952880114
2024-10-07 22:15:00+00:00,99353.6952880114
2024-10-07 22:30:00+00:00,99353.6952880114
2024-10-07 22:45:00+00:00,99353.6952880114
2024-10-07 23:00:00+00:00,99353.6952880114
2024-10-07 23:15:00+00:00,99353.6952880114
2024-10-07 23:30:00+00:00,99353.6952880114
2024-10-07 23:45:00+00:00,99353.6952880114
2024-10-08 00:00:00+00:00,99353.6952880114
2024-10-08 00:15:00+00:00,99354.52584798491
2024-10-08 00:30:00+00:00,99358.15704664674
2024-10-08 00:45:00+00:00,99358.46613085463
2024-10-08 01:00:00+00:00,99357.91861316204
2024-10-08 01:15:00+00:00,99355.7256045042
2024-10-08 01:30:00+00:00,99358.27542082472
2024-10-08 01:45:00+00:00,99358.27542082472
2024-10-08 02:00:00+00:00,99358.27542082472
2024-10-08 02:15:00+00:00,99358.27542082472
2024-10-08 02:30:00+00:00,99358.27542082472
2024-10-08 02:45:00+00:00,99358.27542082472
2024-10-08 03:00:00+00:00,99358.27542082472
2024-10-08 03:15:00+00:00,99358.27542082472
2024-10-08 03:30:00+00:00,99358.27542082472
2024-10-08 03:45:00+00:00,99358.27542082472
2024-10-08 04:00:00+00:00,99358.27542082472
2024-10-08 04:15:00+00:00,99358.27542082472
2024-10-08 04:30:00+00:00,99358.27542082472
2024-10-08 04:45:00+00:00,99358.27542082472
2024-10-08 05:00:00+00:00,99358.27542082472
2024-10-08 05:15:00+00:00,99358.27542082472
2024-10-08 05:30:00+00:00,99358.27542082472
2024-10-08 05:45:00+00:00,99358.27542082472
2024-10-08 06:00:00+00:00,99358.27542082472
2024-10-08 06:15:00+00:00,99358.27542082472
2024-10-08 06:30:00+00:00,99358.27542082472
2024-10-08 06:45:00+00:00,99358.27542082472
2024-10-08 07:00:00+00:00,99358.27542082472
2024-10-08 07:15:00+00:00,99358.27542082472
2024-10-08 07:30:00+00:00,99358.27542082472
2024-10-08 07:45:00+00:00,99358.27542082472
2024-10-08 08:00:00+00:00,99358.27542082472
2024-10-08 08:15:00+00:00,99358.27542082472
2024-10-08 08:30:00+00:00,99358.27542082472
2024-10-08 08:45:00+00:00,99358.27542082472
2024-10-08 09:00:00+00:00,99358.27542082472
2024-10-08 09:15:00+00:00,99358.27542082472
2024-10-08 09:30:00+00:00,99358.27542082472
2024-10-08 09:45:00+00:00,99358.27542082472
2024-10-08 10:00:00+00:00,99358.27542082472
2024-10-08 10:15:00+00:00,99358.27542082472
2024-10-08 10:30:00+00:00,99358.27542082472
2024-10-08 10:45:00+00:00,99358.27542082472
2024-10-08 11:00:00+00:00,99358.27542082472
2024-10-08 11:15:00+00:00,99358.27542082472
2024-10-08 11:30:00+00:00,99358.27542082472
2024-10-08 11:45:00+00:00,99358.27542082472
2024-10-08 12:00:00+00:00,99358.27542082472
2024-10-08 12:15:00+00:00,99358.27542082472
2024-10-08 12:30:00+00:00,99358.27542082472
2024-10-08 12:45:00+00:00,99358.27542082472
2024-10-08 13:00:00+00:00,99358.27542082472
2024-10-08 13:15:00+00:00,99358.27542082472
2024-10-08 13:30:00+00:00,99358.27542082472
2024-10-08 13:45:00+00:00,99358.27542082472
2024-10-08 14:00:00+00:00,99358.27542082472
2024-10-08 14:15:00+00:00,99358.27542082472
2024-10-08 14:30:00+00:00,99358.27542082472
2024-10-08 14:45:00+00:00,99358.27542082472
2024-10-08 15:00:00+00:00,99358.27542082472
2024-10-08 15:15:00+00:00,99358.27542082472
2024-10-08 15:30:00+00:00,99358.27542082472
2024-10-08 15:45:00+00:00,99358.27542082472
2024-10-08 16:00:00+00:00,99358.27542082472
2024-10-08 16:15:00+00:00,99358.27542082472
2024-10-08 16:30:00+00:00,99358.27542082472
2024-10-08 16:45:00+00:00,99358.27542082472
2024-10-08 17:00:00+00:00,99358.27542082472
2024-10-08 17:15:00+00:00,99358.27542082472
2024-10-08 17:30:00+00:00,99358.27542082472
2024-10-08 17:45:00+00:00,99358.27542082472
2024-10-08 18:00:00+00:00,99358.27542082472
2024-10-08 18:15:00+00:00,99358.27542082472
2024-10-08 18:30:00+00:00,99358.27542082472
2024-10-08 18:45:00+00:00,99358.27542082472
2024-10-08 19:00:00+00:00,99358.27542082472
2024-10-08 19:15:00+00:00,99358.27542082472
2024-10-08 19:30:00+00:00,99358.27542082472
2024-10-08 19:45:00+00:00,99358.27542082472
2024-10-08 20:00:00+00:00,99358.27542082472
2024-10-08 20:15:00+00:00,99358.27542082472
2024-10-08 20:30:00+00:00,99358.27542082472
2024-10-08 20:45:00+00:00,99358.27542082472
2024-10-08 21:00:00+00:00,99358.27542082472
2024-10-08 21:15:00+00:00,99358.27542082472
2024-10-08 21:30:00+00:00,99358.27542082472
2024-10-08 21:45:00+00:00,99358.27542082472
2024-10-08 22:00:00+00:00,99358.27542082472
2024-10-08 22:15:00+00:00,99358.27542082472
2024-10-08 22:30:00+00:00,99358.27542082472
2024-10-08 22:45:00+00:00,99358.27542082472
2024-10-08 23:00:00+00:00,99358.27542082472
2024-10-08 23:15:00+00:00,99358.27542082472
2024-10-08 23:30:00+00:00,99358.27542082472
2024-10-08 23:45:00+00:00,99358.27542082472
2024-10-09 00:00:00+00:00,99358.27542082472
2024-10-09 00:15:00+00:00,99358.27542082472
2024-10-09 00:30:00+00:00,99358.27542082472
2024-10-09 00:45:00+00:00,99358.27542082472
2024-10-09 01:00:00+00:00,99358.27542082472
2024-10-09 01:15:00+00:00,99358.27542082472
2024-10-09 01:30:00+00:00,99358.27542082472
2024-10-09 01:45:00+00:00,99358.27542082472
2024-10-09 02:00:00+00:00,99358.27542082472
2024-10-09 02:15:00+00:00,99358.27542082472
2024-10-09 02:30:00+00:00,99358.27542082472
2024-10-09 02:45:00+00:00,99358.27542082472
2024-10-09 03:00:00+00:00,99358.27542082472
2024-10-09 03:15:00+00:00,99358.27542082472
2024-10-09 03:30:00+00:00,99358.27542082472
2024-10-09 03:45:00+00:00,99358.27542082472
2024-10-09 04:00:00+00:00,99358.27542082472
2024-10-09 04:15:00+00:00,99358.27542082472
2024-10-09 04:30:00+00:00,99358.27542082472
2024-10-09 04:45:00+00:00,99358.27542082472
2024-10-09 05:00:00+00:00,99358.27542082472
2024-10-09 05:15:00+00:00,99358.27542082472
2024-10-09 05:30:00+00:00,99358.27542082472
2024-10-09 05:45:00+00:00,99358.27542082472
2024-10-09 06:00:00+00:00,99358.27542082472
2024-10-09 06:15:00+00:00,99358.27542082472
2024-10-09 06:30:00+00:00,99358.27542082472
2024-10-09 06:45:00+00:00,99358.27542082472
2024-10-09 07:00:00+00:00,99358.27542082472
2024-10-09 07:15:00+00:00,99358.27542082472
2024-10-09 07:30:00+00:00,99358.27542082472
2024-10-09 07:45:00+00:00,99358.27542082472
2024-10-09 08:00:00+00:00,99358.27542082472
2024-10-09 08:15:00+00:00,99358.27542082472
2024-10-09 08:30:00+00:00,99358.27542082472
2024-10-09 08:45:00+00:00,99358.27542082472
2024-10-09 09:00:00+00:00,99358.27542082472
2024-10-09 09:15:00+00:00,99358.27542082472
2024-10-09 09:30:00+00:00,99358.27542082472
2024-10-09 09:45:00+00:00,99358.27542082472
2024-10-09 10:00:00+00:00,99358.27542082472
2024-10-09 10:15:00+00:00,99358.27542082472
2024-10-09 10:30:00+00:00,99358.27542082472
2024-10-09 10:45:00+00:00,99358.27542082472
2024-10-09 11:00:00+00:00,99358.27542082472
2024-10-09 11:15:00+00:00,99358.27542082472
2024-10-09 11:30:00+00:00,99358.27542082472
2024-10-09 11:45:00+00:00,99358.27542082472
2024-10-09 12:00:00+00:00,99358.27542082472
2024-10-09 12:15:00+00:00,99358.27542082472
2024-10-09 12:30:00+00:00,99358.27542082472
2024-10-09 12:45:00+00:00,99358.27542082472
2024-10-09 13:00:00+00:00,99358.27542082472
2024-10-09 13:15:00+00:00,99358.27542082472
2024-10-09 13:30:00+00:00,99358.27542082472
2024-10-09 13:45:00+00:00,99358.27542082472
2024-10-09 14:00:00+00:00,99358.27542082472
2024-10-09 14:15:00+00:00,99358.27542082472
2024-10-09 14:30:00+00:00,99358.27542082472
2024-10-09 14:45:00+00:00,99358.27542082472
2024-10-09 15:00:00+00:00,99358.27542082472
2024-10-09 15:15:00+00:00,99358.27542082472
2024-10-09 15:30:00+00:00,99358.27542082472
2024-10-09 15:45:00+00:00,99358.27542082472
2024-10-09 16:00:00+00:00,99358.27542082472
2024-10-09 16:15:00+00:00,99352.12935011342
2024-10-09 16:30:00+00:00,99341.80065294047
2024-10-09 16:45:00+00:00,99341.80065294047
2024-10-09 17:00:00+00:00,99341.80065294047
2024-10-09 17:15:00+00:00,99341.80065294047
2024-10-09 17:30:00+00:00,99341.80065294047
2024-10-09 17:45:00+00:00,99341.80065294047
2024-10-09 18:00:00+00:00,99341.80065294047
2024-10-09 18:15:00+00:00,99341.80065294047
2024-10-09 18:30:00+00:00,99341.80065294047
2024-10-09 18:45:00+00:00,99341.80065294047
2024-10-09 19:00:00+00:00,99341.80065294047
2024-10-09 19:15:00+00:00,99341.80065294047
2024-10-09 19:30:00+00:00,99341.80065294047
2024-10-09 19:45:00+00:00,99341.80065294047
2024-10-09 20:00:00+00:00,99341.80065294047
2024-10-09 20:15:00+00:00,99341.80065294047
2024-10-09 20:30:00+00:00,99341.80065294047
2024-10-09 20:45:00+00:00,99341.80065294047
2024-10-09 21:00:00+00:00,99341.80065294047
2024-10-09 21:15:00+00:00,99341.80065294047
2024-10-09 21:30:00+00:00,99341.80065294047
2024-10-09 21:45:00+00:00,99341.80065294047
2024-10-09 22:00:00+00:00,99341.80065294047
2024-10-09 22:15:00+00:00,99341.80065294047
2024-10-09 22:30:00+00:00,99341.80065294047
2024-10-09 22:45:00+00:00,99341.80065294047
2024-10-09 23:00:00+00:00,99341.80065294047
2024-10-09 23:15:00+00:00,99341.80065294047
2024-10-09 23:30:00+00:00,99341.80065294047
2024-10-09 23:45:00+00:00,99341.80065294047
2024-10-10 00:00:00+00:00,99341.80065294047
2024-10-10 00:15:00+00:00,99339.05876650932
2024-10-10 00:30:00+00:00,99331.30531833359
2024-10-10 00:45:00+00:00,99331.30531833359
2024-10-10 01:00:00+00:00,99331.30531833359
2024-10-10 01:15:00+00:00,99331.30531833359
2024-10-10 01:30:00+00:00,99331.30531833359
2024-10-10 01:45:00+00:00,99331.30531833359
2024-10-10 02:00:00+00:00,99331.30531833359
2024-10-10 02:15:00+00:00,99331.30531833359
2024-10-10 02:30:00+00:00,99331.30531833359
2024-10-10 02:45:00+00:00,99331.30531833359
2024-10-10 03:00:00+00:00,99331.30531833359
2024-10-10 03:15:00+00:00,99331.30531833359
2024-10-10 03:30:00+00:00,99331.30531833359
2024-10-10 03:45:00+00:00,99331.30531833359
2024-10-10 04:00:00+00:00,99331.30531833359
2024-10-10 04:15:00+00:00,99331.30531833359
2024-10-10 04:30:00+00:00,99331.30531833359
2024-10-10 04:45:00+00:00,99331.30531833359
2024-10-10 05:00:00+00:00,99331.30531833359
2024-10-10 05:15:00+00:00,99331.30531833359
2024-10-10 05:30:00+00:00,99331.30531833359
2024-10-10 05:45:00+00:00,99331.30531833359
2024-10-10 06:00:00+00:00,99331.30531833359
2024-10-10 06:15:00+00:00,99331.30531833359
2024-10-10 06:30:00+00:00,99331.30531833359
2024-10-10 06:45:00+00:00,99331.30531833359
2024-10-10 07:00:00+00:00,99331.30531833359
2024-10-10 07:15:00+00:00,99331.30531833359
2024-10-10 07:30:00+00:00,99331.30531833359
2024-10-10 07:45:00+00:00,99331.30531833359
2024-10-10 08:00:00+00:00,99331.30531833359
2024-10-10 08:15:00+00:00,99331.30531833359
2024-10-10 08:30:00+00:00,99331.30531833359
2024-10-10 08:45:00+00:00,99331.30531833359
2024-10-10 09:00:00+00:00,99331.30531833359
2024-10-10 09:15:00+00:00,99331.30531833359
2024-10-10 09:30:00+00:00,99331.30531833359
2024-10-10 09:45:00+00:00,99331.30531833359
2024-10-10 10:00:00+00:00,99331.30531833359
2024-10-10 10:15:00+00:00,99331.30531833359
2024-10-10 10:30:00+00:00,99331.30531833359
2024-10-10 10:45:00+00:00,99331.30531833359
2024-10-10 11:00:00+00:00,99331.30531833359
2024-10-10 11:15:00+00:00,99331.30531833359
2024-10-10 11:30:00+00:00,99331.30531833359
2024-10-10 11:45:00+00:00,99331.30531833359
2024-10-10 12:00:00+00:00,99331.30531833359
2024-10-10 12:15:00+00:00,99331.30531833359
2024-10-10 12:30:00+00:00,99331.30531833359
2024-10-10 12:45:00+00:00,99331.30531833359
2024-10-10 13:00:00+00:00,99331.30531833359
2024-10-10 13:15:00+00:00,99331.30531833359
2024-10-10 13:30:00+00:00,99331.30531833359
2024-10-10 13:45:00+00:00,99331.30531833359
2024-10-10 14:00:00+00:00,99331.30531833359
2024-10-10 14:15:00+00:00,99331.30531833359
2024-10-10 14:30:00+00:00,99331.30531833359
2024-10-10 14:45:00+00:00,99331.30531833359
2024-10-10 15:00:00+00:00,99331.30531833359
2024-10-10 15:15:00+00:00,99331.30531833359
2024-10-10 15:30:00+00:00,99331.30531833359
2024-10-10 15:45:00+00:00,99331.30531833359
2024-10-10 16:00:00+00:00,99331.30531833359
2024-10-10 16:15:00+00:00,99331.30531833359
2024-10-10 16:30:00+00:00,99331.30531833359
2024-10-10 16:45:00+00:00,99331.30531833359
2024-10-10 17:00:00+00:00,99331.30531833359
2024-10-10 17:15:00+00:00,99331.30531833359
2024-10-10 17:30:00+00:00,99331.30531833359
2024-10-10 17:45:00+00:00,99331.30531833359
2024-10-10 18:00:00+00:00,99331.30531833359
2024-10-10 18:15:00+00:00,99331.30531833359
2024-10-10 18:30:00+00:00,99331.30531833359
2024-10-10 18:45:00+00:00,99331.30531833359
2024-10-10 19:00:00+00:00,99331.30531833359
2024-10-10 19:15:00+00:00,99331.30531833359
2024-10-10 19:30:00+00:00,99331.30531833359
2024-10-10 19:45:00+00:00,99331.30531833359
2024-10-10 20:00:00+00:00,99331.30531833359
2024-10-10 20:15:00+00:00,99331.30531833359
2024-10-10 20:30:00+00:00,99331.30531833359
2024-10-10 20:45:00+00:00,99331.30531833359
2024-10-10 21:00:00+00:00,99331.30531833359
2024-10-10 21:15:00+00:00,99331.30531833359
2024-10-10 21:30:00+00:00,99331.30531833359
2024-10-10 21:45:00+00:00,99331.30531833359
2024-10-10 22:00:00+00:00,99331.30531833359
2024-10-10 22:15:00+00:00,99331.30531833359
2024-10-10 22:30:00+00:00,99331.30531833359
2024-10-10 22:45:00+00:00,99331.30531833359
2024-10-10 23:00:00+00:00,99331.30531833359
2024-10-10 23:15:00+00:00,99331.30531833359
2024-10-10 23:30:00+00:00,99331.30531833359
2024-10-10 23:45:00+00:00,99331.30531833359
2024-10-11 00:00:00+00:00,99331.30531833359
2024-10-11 00:15:00+00:00,99331.30531833359
2024-10-11 00:30:00+00:00,99331.30531833359
2024-10-11 00:45:00+00:00,99331.30531833359
2024-10-11 01:00:00+00:00,99331.30531833359
2024-10-11 01:15:00+00:00,99331.30531833359
2024-10-11 01:30:00+00:00,99331.30531833359
2024-10-11 01:45:00+00:00,99331.30531833359
2024-10-11 02:00:00+00:00,99331.30531833359
2024-10-11 02:15:00+00:00,99331.30531833359
2024-10-11 02:30:00+00:00,99331.30531833359
2024-10-11 02:45:00+00:00,99331.30531833359
2024-10-11 03:00:00+00:00,99331.30531833359
2024-10-11 03:15:00+00:00,99331.30531833359
2024-10-11 03:30:00+00:00,99331.30531833359
2024-10-11 03:45:00+00:00,99331.30531833359
2024-10-11 04:00:00+00:00,99331.30531833359
2024-10-11 04:15:00+00:00,99331.30531833359
2024-10-11 04:30:00+00:00,99331.30531833359
2024-10-11 04:45:00+00:00,99331.30531833359
2024-10-11 05:00:00+00:00,99331.30531833359
2024-10-11 05:15:00+00:00,99331.30531833359
2024-10-11 05:30:00+00:00,99331.30531833359
2024-10-11 05:45:00+00:00,99331.30531833359
2024-10-11 06:00:00+00:00,99331.30531833359
2024-10-11 06:15:00+00:00,99331.30531833359
2024-10-11 06:30:00+00:00,99331.30531833359
2024-10-11 06:45:00+00:00,99331.30531833359
2024-10-11 07:00:00+00:00,99331.30531833359
2024-10-11 07:15:00+00:00,99331.30531833359
2024-10-11 07:30:00+00:00,99331.30531833359
2024-10-11 07:45:00+00:00,99331.30531833359
2024-10-11 08:00:00+00:00,99331.30531833359
2024-10-11 08:15:00+00:00,99331.30531833359
2024-10-11 08:30:00+00:00,99331.30531833359
2024-10-11 08:45:00+00:00,99331.30531833359
2024-10-11 09:00:00+00:00,99331.30531833359
2024-10-11 09:15:00+00:00,99331.30531833359
2024-10-11 09:30:00+00:00,99331.30531833359
2024-10-11 09:45:00+00:00,99331.30531833359
2024-10-11 10:00:00+00:00,99331.30531833359
2024-10-11 10:15:00+00:00,99331.30531833359
2024-10-11 10:30:00+00:00,99331.30531833359
2024-10-11 10:45:00+00:00,99331.30531833359
2024-10-11 11:00:00+00:00,99331.30531833359
2024-10-11 11:15:00+00:00,99331.30531833359
2024-10-11 11:30:00+00:00,99331.30531833359
2024-10-11 11:45:00+00:00,99331.30531833359
2024-10-11 12:00:00+00:00,99331.30531833359
2024-10-11 12:15:00+00:00,99331.30531833359
2024-10-11 12:30:00+00:00,99331.30531833359
2024-10-11 12:45:00+00:00,99331.30531833359
2024-10-11 13:00:00+00:00,99331.30531833359
2024-10-11 13:15:00+00:00,99331.30531833359
2024-10-11 13:30:00+00:00,99331.30531833359
2024-10-11 13:45:00+00:00,99331.30531833359
2024-10-11 14:00:00+00:00,99331.30531833359
2024-10-11 14:15:00+00:00,99331.30531833359
2024-10-11 14:30:00+00:00,99331.30531833359
2024-10-11 14:45:00+00:00,99331.30531833359
2024-10-11 15:00:00+00:00,99331.30531833359
2024-10-11 15:15:00+00:00,99331.30531833359
2024-10-11 15:30:00+00:00,99331.30531833359
2024-10-11 15:45:00+00:00,99331.30531833359
2024-10-11 16:00:00+00:00,99331.30531833359
2024-10-11 16:15:00+00:00,99331.30531833359
2024-10-11 16:30:00+00:00,99331.30531833359
2024-10-11 16:45:00+00:00,99331.30531833359
2024-10-11 17:00:00+00:00,99331.30531833359
2024-10-11 17:15:00+00:00,99331.30531833359
2024-10-11 17:30:00+00:00,99331.30531833359
2024-10-11 17:45:00+00:00,99331.30531833359
2024-10-11 18:00:00+00:00,99331.30531833359
2024-10-11 18:15:00+00:00,99331.30531833359
2024-10-11 18:30:00+00:00,99331.30531833359
2024-10-11 18:45:00+00:00,99331.30531833359
2024-10-11 19:00:00+00:00,99331.30531833359
2024-10-11 19:15:00+00:00,99331.30531833359
2024-10-11 19:30:00+00:00,99331.30531833359
2024-10-11 19:45:00+00:00,99331.30531833359
2024-10-11 20:00:00+00:00,99331.30531833359
2024-10-11 20:15:00+00:00,99331.30531833359
2024-10-11 20:30:00+00:00,99331.30531833359
2024-10-11 20:45:00+00:00,99331.30531833359
2024-10-11 21:00:00+00:00,99331.30531833359
2024-10-11 21:15:00+00:00,99331.30531833359
2024-10-11 21:30:00+00:00,99331.30531833359
2024-10-11 21:45:00+00:00,99331.30531833359
2024-10-11 22:00:00+00:00,99331.30531833359
2024-10-11 22:15:00+00:00,99331.30531833359
2024-10-11 22:30:00+00:00,99331.30531833359
2024-10-11 22:45:00+00:00,99331.30531833359
2024-10-11 23:00:00+00:00,99331.30531833359
2024-10-11 23:15:00+00:00,99331.30531833359
2024-10-11 23:30:00+00:00,99331.30531833359
2024-10-11 23:45:00+00:00,99331.30531833359
2024-10-12 00:00:00+00:00,99331.30531833359
2024-10-12 00:15:00+00:00,99331.30531833359
2024-10-12 00:30:00+00:00,99331.30531833359
2024-10-12 00:45:00+00:00,99331.30531833359
2024-10-12 01:00:00+00:00,99331.30531833359
2024-10-12 01:15:00+00:00,99331.30531833359
2024-10-12 01:30:00+00:00,99331.30531833359
2024-10-12 01:45:00+00:00,99331.30531833359
2024-10-12 02:00:00+00:00,99331.30531833359
2024-10-12 02:15:00+00:00,99331.30531833359
2024-10-12 02:30:00+00:00,99331.30531833359
2024-10-12 02:45:00+00:00,99331.30531833359
2024-10-12 03:00:00+00:00,99331.30531833359
2024-10-12 03:15:00+00:00,99331.30531833359
2024-10-12 03:30:00+00:00,99331.30531833359
2024-10-12 03:45:00+00:00,99331.30531833359
2024-10-12 04:00:00+00:00,99331.30531833359
2024-10-12 04:15:00+00:00,99331.30531833359
2024-10-12 04:30:00+00:00,99331.30531833359
2024-10-12 04:45:00+00:00,99331.30531833359
2024-10-12 05:00:00+00:00,99331.30531833359
2024-10-12 05:15:00+00:00,99331.30531833359
2024-10-12 05:30:00+00:00,99331.30531833359
2024-10-12 05:45:00+00:00,99331.30531833359
2024-10-12 06:00:00+00:00,99331.30531833359
2024-10-12 06:15:00+00:00,99331.30531833359
2024-10-12 06:30:00+00:00,99331.30531833359
2024-10-12 06:45:00+00:00,99331.30531833359
2024-10-12 07:00:00+00:00,99331.30531833359
2024-10-12 07:15:00+00:00,99331.30531833359
2024-10-12 07:30:00+00:00,99331.30531833359
2024-10-12 07:45:00+00:00,99331.30531833359
2024-10-12 08:00:00+00:00,99331.30531833359
2024-10-12 08:15:00+00:00,99331.30531833359
2024-10-12 08:30:00+00:00,99331.30531833359
2024-10-12 08:45:00+00:00,99331.30531833359
2024-10-12 09:00:00+00:00,99331.30531833359
2024-10-12 09:15:00+00:00,99331.30531833359
2024-10-12 09:30:00+00:00,99331.30531833359
2024-10-12 09:45:00+00:00,99331.30531833359
2024-10-12 10:00:00+00:00,99331.30531833359
2024-10-12 10:15:00+00:00,99331.30531833359
2024-10-12 10:30:00+00:00,99331.30531833359
2024-10-12 10:45:00+00:00,99331.30531833359
2024-10-12 11:00:00+00:00,99331.30531833359
2024-10-12 11:15:00+00:00,99331.30531833359
2024-10-12 11:30:00+00:00,99331.30531833359
2024-10-12 11:45:00+00:00,99331.30531833359
2024-10-12 12:00:00+00:00,99331.30531833359
2024-10-12 12:15:00+00:00,99331.30531833359
2024-10-12 12:30:00+00:00,99331.30531833359
2024-10-12 12:45:00+00:00,99331.30531833359
2024-10-12 13:00:00+00:00,99331.30531833359
2024-10-12 13:15:00+00:00,99331.30531833359
2024-10-12 13:30:00+00:00,99331.30531833359
2024-10-12 13:45:00+00:00,99331.30531833359
2024-10-12 14:00:00+00:00,99331.30531833359
2024-10-12 14:15:00+00:00,99331.30531833359
2024-10-12 14:30:00+00:00,99331.30531833359
2024-10-12 14:45:00+00:00,99331.30531833359
2024-10-12 15:00:00+00:00,99331.30531833359
2024-10-12 15:15:00+00:00,99331.30531833359
2024-10-12 15:30:00+00:00,99331.30531833359
2024-10-12 15:45:00+00:00,99331.30531833359
2024-10-12 16:00:00+00:00,99331.30531833359
2024-10-12 16:15:00+00:00,99327.55495481424
2024-10-12 16:30:00+00:00,99326.60978647793
2024-10-12 16:45:00+00:00,99315.66317790009
2024-10-12 17:00:00+00:00,99315.66317790009
2024-10-12 17:15:00+00:00,99315.66317790009
2024-10-12 17:30:00+00:00,99315.66317790009
2024-10-12 17:45:00+00:00,99315.66317790009
2024-10-12 18:00:00+00:00,99315.66317790009
2024-10-12 18:15:00+00:00,99315.66317790009
2024-10-12 18:30:00+00:00,99315.66317790009
2024-10-12 18:45:00+00:00,99315.66317790009
2024-10-12 19:00:00+00:00,99315.66317790009
2024-10-12 19:15:00+00:00,99315.66317790009
2024-10-12 19:30:00+00:00,99315.66317790009
2024-10-12 19:45:00+00:00,99315.66317790009
2024-10-12 20:00:00+00:00,99315.66317790009
2024-10-12 20:15:00+00:00,99315.66317790009
2024-10-12 20:30:00+00:00,99315.66317790009
2024-10-12 20:45:00+00:00,99315.66317790009
2024-10-12 21:00:00+00:00,99315.66317790009
2024-10-12 21:15:00+00:00,99315.66317790009
2024-10-12 21:30:00+00:00,99315.66317790009
2024-10-12 21:45:00+00:00,99315.66317790009
2024-10-12 22:00:00+00:00,99315.66317790009
2024-10-12 22:15:00+00:00,99315.66317790009
2024-10-12 22:30:00+00:00,99315.66317790009
2024-10-12 22:45:00+00:00,99315.66317790009
2024-10-12 23:00:00+00:00,99315.66317790009
2024-10-12 23:15:00+00:00,99315.66317790009
2024-10-12 23:30:00+00:00,99315.66317790009
2024-10-12 23:45:00+00:00,99315.66317790009
2024-10-13 00:00:00+00:00,99315.66317790009
2024-10-13 00:15:00+00:00,99315.66317790009
2024-10-13 00:30:00+00:00,99315.66317790009
2024-10-13 00:45:00+00:00,99315.66317790009
2024-10-13 01:00:00+00:00,99315.66317790009
2024-10-13 01:15:00+00:00,99315.66317790009
2024-10-13 01:30:00+00:00,99315.66317790009
2024-10-13 01:45:00+00:00,99315.66317790009
2024-10-13 02:00:00+00:00,99315.66317790009
2024-10-13 02:15:00+00:00,99315.66317790009
2024-10-13 02:30:00+00:00,99315.66317790009
2024-10-13 02:45:00+00:00,99315.66317790009
2024-10-13 03:00:00+00:00,99315.66317790009
2024-10-13 03:15:00+00:00,99315.66317790009
2024-10-13 03:30:00+00:00,99315.66317790009
2024-10-13 03:45:00+00:00,99315.66317790009
2024-10-13 04:00:00+00:00,99315.66317790009
2024-10-13 04:15:00+00:00,99315.66317790009
2024-10-13 04:30:00+00:00,99315.66317790009
2024-10-13 04:45:00+00:00,99315.66317790009
2024-10-13 05:00:00+00:00,99315.66317790009
2024-10-13 05:15:00+00:00,99315.66317790009
2024-10-13 05:30:00+00:00,99315.66317790009
2024-10-13 05:45:00+00:00,99315.66317790009
2024-10-13 06:00:00+00:00,99315.66317790009
2024-10-13 06:15:00+00:00,99315.66317790009
2024-10-13 06:30:00+00:00,99315.66317790009
2024-10-13 06:45:00+00:00,99315.66317790009
2024-10-13 07:00:00+00:00,99315.66317790009
2024-10-13 07:15:00+00:00,99315.66317790009
2024-10-13 07:30:00+00:00,99315.66317790009
2024-10-13 07:45:00+00:00,99315.66317790009
2024-10-13 08:00:00+00:00,99315.66317790009
2024-10-13 08:15:00+00:00,99315.66317790009
2024-10-13 08:30:00+00:00,99315.66317790009
2024-10-13 08:45:00+00:00,99315.66317790009
2024-10-13 09:00:00+00:00,99315.66317790009
2024-10-13 09:15:00+00:00,99315.66317790009
2024-10-13 09:30:00+00:00,99315.66317790009
2024-10-13 09:45:00+00:00,99315.66317790009
2024-10-13 10:00:00+00:00,99315.66317790009
2024-10-13 10:15:00+00:00,99315.66317790009
2024-10-13 10:30:00+00:00,99315.66317790009
2024-10-13 10:45:00+00:00,99315.66317790009
2024-10-13 11:00:00+00:00,99315.66317790009
2024-10-13 11:15:00+00:00,99315.66317790009
2024-10-13 11:30:00+00:00,99315.66317790009
2024-10-13 11:45:00+00:00,99315.66317790009
2024-10-13 12:00:00+00:00,99315.66317790009
2024-10-13 12:15:00+00:00,99315.66317790009
2024-10-13 12:30:00+00:00,99315.66317790009
2024-10-13 12:45:00+00:00,99315.66317790009
2024-10-13 13:00:00+00:00,99315.66317790009
2024-10-13 13:15:00+00:00,99315.66317790009
2024-10-13 13:30:00+00:00,99315.66317790009
2024-10-13 13:45:00+00:00,99315.66317790009
2024-10-13 14:00:00+00:00,99315.66317790009
2024-10-13 14:15:00+00:00,99315.66317790009
2024-10-13 14:30:00+00:00,99315.66317790009
2024-10-13 14:45:00+00:00,99315.66317790009
2024-10-13 15:00:00+00:00,99315.66317790009
2024-10-13 15:15:00+00:00,99315.66317790009
2024-10-13 15:30:00+00:00,99315.66317790009
2024-10-13 15:45:00+00:00,99315.66317790009
2024-10-13 16:00:00+00:00,99315.66317790009
2024-10-13 16:15:00+00:00,99315.66317790009
2024-10-13 16:30:00+00:00,99315.66317790009
2024-10-13 16:45:00+00:00,99315.66317790009
2024-10-13 17:00:00+00:00,99315.66317790009
2024-10-13 17:15:00+00:00,99315.66317790009
2024-10-13 17:30:00+00:00,99315.66317790009
2024-10-13 17:45:00+00:00,99315.66317790009
2024-10-13 18:00:00+00:00,99315.66317790009
2024-10-13 18:15:00+00:00,99315.66317790009
2024-10-13 18:30:00+00:00,99315.66317790009
2024-10-13 18:45:00+00:00,99315.66317790009
2024-10-13 19:00:00+00:00,99315.66317790009
2024-10-13 19:15:00+00:00,99315.66317790009
2024-10-13 19:30:00+00:00,99315.66317790009
2024-10-13 19:45:00+00:00,99315.66317790009
2024-10-13 20:00:00+00:00,99315.66317790009
2024-10-13 20:15:00+00:00,99315.66317790009
2024-10-13 20:30:00+00:00,99315.66317790009
2024-10-13 20:45:00+00:00,99315.66317790009
2024-10-13 21:00:00+00:00,99315.66317790009
2024-10-13 21:15:00+00:00,99315.66317790009
2024-10-13 21:30:00+00:00,99315.66317790009
2024-10-13 21:45:00+00:00,99315.66317790009
2024-10-13 22:00:00+00:00,99315.66317790009
2024-10-13 22:15:00+00:00,99315.66317790009
2024-10-13 22:30:00+00:00,99315.66317790009
2024-10-13 22:45:00+00:00,99315.66317790009
2024-10-13 23:00:00+00:00,99315.66317790009
2024-10-13 23:15:00+00:00,99315.66317790009
2024-10-13 23:30:00+00:00,99315.66317790009
2024-10-13 23:45:00+00:00,99315.66317790009
2024-10-14 00:00:00+00:00,99315.66317790009
2024-10-14 00:15:00+00:00,99315.66317790009
2024-10-14 00:30:00+00:00,99315.66317790009
2024-10-14 00:45:00+00:00,99315.66317790009
2024-10-14 01:00:00+00:00,99315.66317790009
2024-10-14 01:15:00+00:00,99315.66317790009
2024-10-14 01:30:00+00:00,99315.66317790009
2024-10-14 01:45:00+00:00,99315.66317790009
2024-10-14 02:00:00+00:00,99315.66317790009
2024-10-14 02:15:00+00:00,99315.66317790009
2024-10-14 02:30:00+00:00,99315.66317790009
2024-10-14 02:45:00+00:00,99315.66317790009
2024-10-14 03:00:00+00:00,99315.66317790009
2024-10-14 03:15:00+00:00,99315.66317790009
2024-10-14 03:30:00+00:00,99315.66317790009
2024-10-14 03:45:00+00:00,99315.66317790009
2024-10-14 04:00:00+00:00,99315.66317790009
2024-10-14 04:15:00+00:00,99315.66317790009
2024-10-14 04:30:00+00:00,99315.66317790009
2024-10-14 04:45:00+00:00,99315.66317790009
2024-10-14 05:00:00+00:00,99315.66317790009
2024-10-14 05:15:00+00:00,99315.66317790009
2024-10-14 05:30:00+00:00,99315.66317790009
2024-10-14 05:45:00+00:00,99315.66317790009
2024-10-14 06:00:00+00:00,99315.66317790009
2024-10-14 06:15:00+00:00,99315.66317790009
2024-10-14 06:30:00+00:00,99315.66317790009
2024-10-14 06:45:00+00:00,99315.66317790009
2024-10-14 07:00:00+00:00,99315.66317790009
2024-10-14 07:15:00+00:00,99315.66317790009
2024-10-14 07:30:00+00:00,99315.66317790009
2024-10-14 07:45:00+00:00,99315.66317790009
2024-10-14 08:00:00+00:00,99315.66317790009
2024-10-14 08:15:00+00:00,99315.66317790009
2024-10-14 08:30:00+00:00,99315.66317790009
2024-10-14 08:45:00+00:00,99315.66317790009
2024-10-14 09:00:00+00:00,99315.66317790009
2024-10-14 09:15:00+00:00,99315.66317790009
2024-10-14 09:30:00+00:00,99315.66317790009
2024-10-14 09:45:00+00:00,99315.66317790009
2024-10-14 10:00:00+00:00,99315.66317790009
2024-10-14 10:15:00+00:00,99315.66317790009
2024-10-14 10:30:00+00:00,99315.66317790009
2024-10-14 10:45:00+00:00,99315.66317790009
2024-10-14 11:00:00+00:00,99315.66317790009
2024-10-14 11:15:00+00:00,99315.66317790009
2024-10-14 11:30:00+00:00,99315.66317790009
2024-10-14 11:45:00+00:00,99315.66317790009
2024-10-14 12:00:00+00:00,99315.66317790009
2024-10-14 12:15:00+00:00,99315.66317790009
2024-10-14 12:30:00+00:00,99315.66317790009
2024-10-14 12:45:00+00:00,99315.66317790009
2024-10-14 13:00:00+00:00,99315.66317790009
2024-10-14 13:15:00+00:00,99315.66317790009
2024-10-14 13:30:00+00:00,99315.66317790009
2024-10-14 13:45:00+00:00,99315.66317790009
2024-10-14 14:00:00+00:00,99315.66317790009
2024-10-14 14:15:00+00:00,99315.66317790009
2024-10-14 14:30:00+00:00,99315.66317790009
2024-10-14 14:45:00+00:00,99315.66317790009
2024-10-14 15:00:00+00:00,99315.66317790009
2024-10-14 15:15:00+00:00,99315.66317790009
2024-10-14 15:30:00+00:00,99315.66317790009
2024-10-14 15:45:00+00:00,99315.66317790009
2024-10-14 16:00:00+00:00,99315.66317790009
2024-10-14 16:15:00+00:00,99315.66317790009
2024-10-14 16:30:00+00:00,99315.66317790009
2024-10-14 16:45:00+00:00,99315.66317790009
2024-10-14 17:00:00+00:00,99315.66317790009
2024-10-14 17:15:00+00:00,99315.66317790009
2024-10-14 17:30:00+00:00,99315.66317790009
2024-10-14 17:45:00+00:00,99315.66317790009
2024-10-14 18:00:00+00:00,99315.66317790009
2024-10-14 18:15:00+00:00,99315.66317790009
2024-10-14 18:30:00+00:00,99315.66317790009
2024-10-14 18:45:00+00:00,99315.66317790009
2024-10-14 19:00:00+00:00,99315.66317790009
2024-10-14 19:15:00+00:00,99315.66317790009
2024-10-14 19:30:00+00:00,99315.66317790009
2024-10-14 19:45:00+00:00,99315.66317790009
2024-10-14 20:00:00+00:00,99315.66317790009
2024-10-14 20:15:00+00:00,99315.66317790009
2024-10-14 20:30:00+00:00,99315.66317790009
2024-10-14 20:45:00+00:00,99315.66317790009
2024-10-14 21:00:00+00:00,99315.66317790009
2024-10-14 21:15:00+00:00,99315.66317790009
2024-10-14 21:30:00+00:00,99315.66317790009
2024-10-14 21:45:00+00:00,99315.66317790009
2024-10-14 22:00:00+00:00,99315.66317790009
2024-10-14 22:15:00+00:00,99315.66317790009
2024-10-14 22:30:00+00:00,99315.66317790009
2024-10-14 22:45:00+00:00,99315.66317790009
2024-10-14 23:00:00+00:00,99315.66317790009
2024-10-14 23:15:00+00:00,99315.66317790009
2024-10-14 23:30:00+00:00,99315.66317790009
2024-10-14 23:45:00+00:00,99315.66317790009
2024-10-15 00:00:00+00:00,99315.66317790009
2024-10-15 00:15:00+00:00,99315.66317790009
2024-10-15 00:30:00+00:00,99315.66317790009
2024-10-15 00:45:00+00:00,99315.66317790009
2024-10-15 01:00:00+00:00,99315.66317790009
2024-10-15 01:15:00+00:00,99315.66317790009
2024-10-15 01:30:00+00:00,99315.66317790009
2024-10-15 01:45:00+00:00,99315.66317790009
2024-10-15 02:00:00+00:00,99315.66317790009
2024-10-15 02:15:00+00:00,99315.66317790009
2024-10-15 02:30:00+00:00,99315.66317790009
2024-10-15 02:45:00+00:00,99315.66317790009
2024-10-15 03:00:00+00:00,99315.66317790009
2024-10-15 03:15:00+00:00,99315.66317790009
2024-10-15 03:30:00+00:00,99315.66317790009
2024-10-15 03:45:00+00:00,99315.66317790009
2024-10-15 04:00:00+00:00,99315.66317790009
2024-10-15 04:15:00+00:00,99315.66317790009
2024-10-15 04:30:00+00:00,99315.66317790009
2024-10-15 04:45:00+00:00,99315.66317790009
2024-10-15 05:00:00+00:00,99315.66317790009
2024-10-15 05:15:00+00:00,99315.66317790009
2024-10-15 05:30:00+00:00,99315.66317790009
2024-10-15 05:45:00+00:00,99315.66317790009
2024-10-15 06:00:00+00:00,99315.66317790009
2024-10-15 06:15:00+00:00,99315.66317790009
2024-10-15 06:30:00+00:00,99315.66317790009
2024-10-15 06:45:00+00:00,99315.66317790009
2024-10-15 07:00:00+00:00,99315.66317790009
2024-10-15 07:15:00+00:00,99315.66317790009
2024-10-15 07:30:00+00:00,99315.66317790009
2024-10-15 07:45:00+00:00,99315.66317790009
2024-10-15 08:00:00+00:00,99315.66317790009
2024-10-15 08:15:00+00:00,99315.66317790009
2024-10-15 08:30:00+00:00,99315.66317790009
2024-10-15 08:45:00+00:00,99315.66317790009
2024-10-15 09:00:00+00:00,99315.66317790009
2024-10-15 09:15:00+00:00,99315.66317790009
2024-10-15 09:30:00+00:00,99315.66317790009
2024-10-15 09:45:00+00:00,99315.66317790009
2024-10-15 10:00:00+00:00,99315.66317790009
2024-10-15 10:15:00+00:00,99315.66317790009
2024-10-15 10:30:00+00:00,99315.66317790009
2024-10-15 10:45:00+00:00,99315.66317790009
2024-10-15 11:00:00+00:00,99315.66317790009
2024-10-15 11:15:00+00:00,99315.66317790009
2024-10-15 11:30:00+00:00,99315.66317790009
2024-10-15 11:45:00+00:00,99315.66317790009
2024-10-15 12:00:00+00:00,99315.66317790009
2024-10-15 12:15:00+00:00,99315.66317790009
2024-10-15 12:30:00+00:00,99315.66317790009
2024-10-15 12:45:00+00:00,99315.66317790009
2024-10-15 13:00:00+00:00,99315.66317790009
2024-10-15 13:15:00+00:00,99315.66317790009
2024-10-15 13:30:00+00:00,99315.66317790009
2024-10-15 13:45:00+00:00,99315.66317790009
2024-10-15 14:00:00+00:00,99315.66317790009
2024-10-15 14:15:00+00:00,99315.66317790009
2024-10-15 14:30:00+00:00,99315.66317790009
2024-10-15 14:45:00+00:00,99315.66317790009
2024-10-15 15:00:00+00:00,99315.66317790009
2024-10-15 15:15:00+00:00,99315.66317790009
2024-10-15 15:30:00+00:00,99315.66317790009
2024-10-15 15:45:00+00:00,99315.66317790009
2024-10-15 16:00:00+00:00,99315.66317790009
2024-10-15 16:15:00+00:00,99315.66317790009
2024-10-15 16:30:00+00:00,99315.66317790009
2024-10-15 16:45:00+00:00,99315.66317790009
2024-10-15 17:00:00+00:00,99315.66317790009
2024-10-15 17:15:00+00:00,99315.66317790009
2024-10-15 17:30:00+00:00,99315.66317790009
2024-10-15 17:45:00+00:00,99315.66317790009
2024-10-15 18:00:00+00:00,99315.66317790009
2024-10-15 18:15:00+00:00,99315.66317790009
2024-10-15 18:30:00+00:00,99315.66317790009
2024-10-15 18:45:00+00:00,99315.66317790009
2024-10-15 19:00:00+00:00,99315.66317790009
2024-10-15 19:15:00+00:00,99315.66317790009
2024-10-15 19:30:00+00:00,99315.66317790009
2024-10-15 19:45:00+00:00,99315.66317790009
2024-10-15 20:00:00+00:00,99315.66317790009
2024-10-15 20:15:00+00:00,99315.66317790009
2024-10-15 20:30:00+00:00,99315.66317790009
2024-10-15 20:45:00+00:00,99315.66317790009
2024-10-15 21:00:00+00:00,99315.66317790009
2024-10-15 21:15:00+00:00,99315.66317790009
2024-10-15 21:30:00+00:00,99315.66317790009
2024-10-15 21:45:00+00:00,99315.66317790009
2024-10-15 22:00:00+00:00,99315.66317790009
2024-10-15 22:15:00+00:00,99315.66317790009
2024-10-15 22:30:00+00:00,99315.66317790009
2024-10-15 22:45:00+00:00,99315.66317790009
2024-10-15 23:00:00+00:00,99315.66317790009
2024-10-15 23:15:00+00:00,99315.66317790009
2024-10-15 23:30:00+00:00,99315.66317790009
2024-10-15 23:45:00+00:00,99315.66317790009
2024-10-16 00:00:00+00:00,99315.66317790009
2024-10-16 00:15:00+00:00,99315.66317790009
2024-10-16 00:30:00+00:00,99315.66317790009
2024-10-16 00:45:00+00:00,99315.66317790009
2024-10-16 01:00:00+00:00,99315.66317790009
2024-10-16 01:15:00+00:00,99315.66317790009
2024-10-16 01:30:00+00:00,99315.66317790009
2024-10-16 01:45:00+00:00,99315.66317790009
2024-10-16 02:00:00+00:00,99315.66317790009
2024-10-16 02:15:00+00:00,99315.66317790009
2024-10-16 02:30:00+00:00,99315.66317790009
2024-10-16 02:45:00+00:00,99315.66317790009
2024-10-16 03:00:00+00:00,99315.66317790009
2024-10-16 03:15:00+00:00,99315.66317790009
2024-10-16 03:30:00+00:00,99315.66317790009
2024-10-16 03:45:00+00:00,99315.66317790009
2024-10-16 04:00:00+00:00,99315.66317790009
2024-10-16 04:15:00+00:00,99315.66317790009
2024-10-16 04:30:00+00:00,99315.66317790009
2024-10-16 04:45:00+00:00,99315.66317790009
2024-10-16 05:00:00+00:00,99315.66317790009
2024-10-16 05:15:00+00:00,99315.66317790009
2024-10-16 05:30:00+00:00,99315.66317790009
2024-10-16 05:45:00+00:00,99315.66317790009
2024-10-16 06:00:00+00:00,99315.66317790009
2024-10-16 06:15:00+00:00,99315.66317790009
2024-10-16 06:30:00+00:00,99315.66317790009
2024-10-16 06:45:00+00:00,99315.66317790009
2024-10-16 07:00:00+00:00,99315.66317790009
2024-10-16 07:15:00+00:00,99315.66317790009
2024-10-16 07:30:00+00:00,99315.66317790009
2024-10-16 07:45:00+00:00,99315.66317790009
2024-10-16 08:00:00+00:00,99315.66317790009
2024-10-16 08:15:00+00:00,99315.66317790009
2024-10-16 08:30:00+00:00,99315.66317790009
2024-10-16 08:45:00+00:00,99315.66317790009
2024-10-16 09:00:00+00:00,99315.66317790009
2024-10-16 09:15:00+00:00,99315.66317790009
2024-10-16 09:30:00+00:00,99315.66317790009
2024-10-16 09:45:00+00:00,99315.66317790009
2024-10-16 10:00:00+00:00,99315.66317790009
2024-10-16 10:15:00+00:00,99315.66317790009
2024-10-16 10:30:00+00:00,99315.66317790009
2024-10-16 10:45:00+00:00,99315.66317790009
2024-10-16 11:00:00+00:00,99315.66317790009
2024-10-16 11:15:00+00:00,99315.66317790009
2024-10-16 11:30:00+00:00,99315.66317790009
2024-10-16 11:45:00+00:00,99315.66317790009
2024-10-16 12:00:00+00:00,99315.66317790009
2024-10-16 12:15:00+00:00,99315.66317790009
2024-10-16 12:30:00+00:00,99315.66317790009
2024-10-16 12:45:00+00:00,99315.66317790009
2024-10-16 13:00:00+00:00,99315.66317790009
2024-10-16 13:15:00+00:00,99315.66317790009
2024-10-16 13:30:00+00:00,99315.66317790009
2024-10-16 13:45:00+00:00,99315.66317790009
2024-10-16 14:00:00+00:00,99315.66317790009
2024-10-16 14:15:00+00:00,99315.66317790009
2024-10-16 14:30:00+00:00,99315.66317790009
2024-10-16 14:45:00+00:00,99315.66317790009
2024-10-16 15:00:00+00:00,99315.66317790009
2024-10-16 15:15:00+00:00,99315.66317790009
2024-10-16 15:30:00+00:00,99315.66317790009
2024-10-16 15:45:00+00:00,99315.66317790009
2024-10-16 16:00:00+00:00,99315.66317790009
2024-10-16 16:15:00+00:00,99315.66317790009
2024-10-16 16:30:00+00:00,99315.66317790009
2024-10-16 16:45:00+00:00,99315.66317790009
2024-10-16 17:00:00+00:00,99315.66317790009
2024-10-16 17:15:00+00:00,99315.66317790009
2024-10-16 17:30:00+00:00,99315.66317790009
2024-10-16 17:45:00+00:00,99315.66317790009
2024-10-16 18:00:00+00:00,99315.66317790009
2024-10-16 18:15:00+00:00,99315.66317790009
2024-10-16 18:30:00+00:00,99315.66317790009
2024-10-16 18:45:00+00:00,99315.66317790009
2024-10-16 19:00:00+00:00,99315.66317790009
2024-10-16 19:15:00+00:00,99315.66317790009
2024-10-16 19:30:00+00:00,99315.66317790009
2024-10-16 19:45:00+00:00,99315.66317790009
2024-10-16 20:00:00+00:00,99315.66317790009
2024-10-16 20:15:00+00:00,99315.66317790009
2024-10-16 20:30:00+00:00,99315.66317790009
2024-10-16 20:45:00+00:00,99315.66317790009
2024-10-16 21:00:00+00:00,99315.66317790009
2024-10-16 21:15:00+00:00,99315.66317790009
2024-10-16 21:30:00+00:00,99315.66317790009
2024-10-16 21:45:00+00:00,99315.66317790009
2024-10-16 22:00:00+00:00,99315.66317790009
2024-10-16 22:15:00+00:00,99315.66317790009
2024-10-16 22:30:00+00:00,99315.66317790009
2024-10-16 22:45:00+00:00,99315.66317790009
2024-10-16 23:00:00+00:00,99315.66317790009
2024-10-16 23:15:00+00:00,99315.66317790009
2024-10-16 23:30:00+00:00,99315.66317790009
2024-10-16 23:45:00+00:00,99315.66317790009
2024-10-17 00:00:00+00:00,99315.66317790009
2024-10-17 00:15:00+00:00,99317.03217993761
2024-10-17 00:30:00+00:00,99316.76106887181
2024-10-17 00:45:00+00:00,99316.76106887181
2024-10-17 01:00:00+00:00,99316.76106887181
2024-10-17 01:15:00+00:00,99316.76106887181
2024-10-17 01:30:00+00:00,99316.76106887181
2024-10-17 01:45:00+00:00,99316.76106887181
2024-10-17 02:00:00+00:00,99316.76106887181
2024-10-17 02:15:00+00:00,99316.76106887181
2024-10-17 02:30:00+00:00,99316.76106887181
2024-10-17 02:45:00+00:00,99316.76106887181
2024-10-17 03:00:00+00:00,99316.76106887181
2024-10-17 03:15:00+00:00,99316.76106887181
2024-10-17 03:30:00+00:00,99316.76106887181
2024-10-17 03:45:00+00:00,99316.76106887181
2024-10-17 04:00:00+00:00,99316.76106887181
2024-10-17 04:15:00+00:00,99316.76106887181
2024-10-17 04:30:00+00:00,99316.76106887181
2024-10-17 04:45:00+00:00,99316.76106887181
2024-10-17 05:00:00+00:00,99316.76106887181
2024-10-17 05:15:00+00:00,99316.76106887181
2024-10-17 05:30:00+00:00,99316.76106887181
2024-10-17 05:45:00+00:00,99316.76106887181
2024-10-17 06:00:00+00:00,99316.76106887181
2024-10-17 06:15:00+00:00,99316.76106887181
2024-10-17 06:30:00+00:00,99316.76106887181
2024-10-17 06:45:00+00:00,99316.76106887181
2024-10-17 07:00:00+00:00,99316.76106887181
2024-10-17 07:15:00+00:00,99316.76106887181
2024-10-17 07:30:00+00:00,99316.76106887181
2024-10-17 07:45:00+00:00,99316.76106887181
2024-10-17 08:00:00+00:00,99316.76106887181
2024-10-17 08:15:00+00:00,99316.76106887181
2024-10-17 08:30:00+00:00,99316.76106887181
2024-10-17 08:45:00+00:00,99316.76106887181
2024-10-17 09:00:00+00:00,99316.76106887181
2024-10-17 09:15:00+00:00,99316.76106887181
2024-10-17 09:30:00+00:00,99316.76106887181
2024-10-17 09:45:00+00:00,99316.76106887181
2024-10-17 10:00:00+00:00,99316.76106887181
2024-10-17 10:15:00+00:00,99316.76106887181
2024-10-17 10:30:00+00:00,99316.76106887181
2024-10-17 10:45:00+00:00,99316.76106887181
2024-10-17 11:00:00+00:00,99316.76106887181
2024-10-17 11:15:00+00:00,99316.76106887181
2024-10-17 11:30:00+00:00,99316.76106887181
2024-10-17 11:45:00+00:00,99316.76106887181
2024-10-17 12:00:00+00:00,99316.76106887181
2024-10-17 12:15:00+00:00,99316.76106887181
2024-10-17 12:30:00+00:00,99316.76106887181
2024-10-17 12:45:00+00:00,99316.76106887181
2024-10-17 13:00:00+00:00,99316.76106887181
2024-10-17 13:15:00+00:00,99316.76106887181
2024-10-17 13:30:00+00:00,99316.76106887181
2024-10-17 13:45:00+00:00,99316.76106887181
2024-10-17 14:00:00+00:00,99316.76106887181
2024-10-17 14:15:00+00:00,99316.76106887181
2024-10-17 14:30:00+00:00,99316.76106887181
2024-10-17 14:45:00+00:00,99316.76106887181
2024-10-17 15:00:00+00:00,99316.76106887181
2024-10-17 15:15:00+00:00,99316.76106887181
2024-10-17 15:30:00+00:00,99316.76106887181
2024-10-17 15:45:00+00:00,99316.76106887181
2024-10-17 16:00:00+00:00,99316.76106887181
2024-10-17 16:15:00+00:00,99316.76106887181
2024-10-17 16:30:00+00:00,99316.76106887181
2024-10-17 16:45:00+00:00,99316.76106887181
2024-10-17 17:00:00+00:00,99316.76106887181
2024-10-17 17:15:00+00:00,99316.76106887181
2024-10-17 17:30:00+00:00,99316.76106887181
2024-10-17 17:45:00+00:00,99316.76106887181
2024-10-17 18:00:00+00:00,99316.76106887181
2024-10-17 18:15:00+00:00,99316.76106887181
2024-10-17 18:30:00+00:00,99316.76106887181
2024-10-17 18:45:00+00:00,99316.76106887181
2024-10-17 19:00:00+00:00,99316.76106887181
2024-10-17 19:15:00+00:00,99316.76106887181
2024-10-17 19:30:00+00:00,99316.76106887181
2024-10-17 19:45:00+00:00,99316.76106887181
2024-10-17 20:00:00+00:00,99316.76106887181
2024-10-17 20:15:00+00:00,99316.76106887181
2024-10-17 20:30:00+00:00,99316.76106887181
2024-10-17 20:45:00+00:00,99316.76106887181
2024-10-17 21:00:00+00:00,99316.76106887181
2024-10-17 21:15:00+00:00,99316.76106887181
2024-10-17 21:30:00+00:00,99316.76106887181
2024-10-17 21:45:00+00:00,99316.76106887181
2024-10-17 22:00:00+00:00,99316.76106887181
2024-10-17 22:15:00+00:00,99316.76106887181
2024-10-17 22:30:00+00:00,99316.76106887181
2024-10-17 22:45:00+00:00,99316.76106887181
2024-10-17 23:00:00+00:00,99316.76106887181
2024-10-17 23:15:00+00:00,99316.76106887181
2024-10-17 23:30:00+00:00,99316.76106887181
2024-10-17 23:45:00+00:00,99316.76106887181
2024-10-18 00:00:00+00:00,99316.76106887181
2024-10-18 00:15:00+00:00,99316.76106887181
2024-10-18 00:30:00+00:00,99316.76106887181
2024-10-18 00:45:00+00:00,99316.76106887181
2024-10-18 01:00:00+00:00,99316.76106887181
2024-10-18 01:15:00+00:00,99316.76106887181
2024-10-18 01:30:00+00:00,99316.76106887181
2024-10-18 01:45:00+00:00,99316.76106887181
2024-10-18 02:00:00+00:00,99316.76106887181
2024-10-18 02:15:00+00:00,99316.76106887181
2024-10-18 02:30:00+00:00,99316.76106887181
2024-10-18 02:45:00+00:00,99316.76106887181
2024-10-18 03:00:00+00:00,99316.76106887181
2024-10-18 03:15:00+00:00,99316.76106887181
2024-10-18 03:30:00+00:00,99316.76106887181
2024-10-18 03:45:00+00:00,99316.76106887181
2024-10-18 04:00:00+00:00,99316.76106887181
2024-10-18 04:15:00+00:00,99316.76106887181
2024-10-18 04:30:00+00:00,99316.76106887181
2024-10-18 04:45:00+00:00,99316.76106887181
2024-10-18 05:00:00+00:00,99316.76106887181
2024-10-18 05:15:00+00:00,99316.76106887181
2024-10-18 05:30:00+00:00,99316.76106887181
2024-10-18 05:45:00+00:00,99316.76106887181
2024-10-18 06:00:00+00:00,99316.76106887181
2024-10-18 06:15:00+00:00,99316.76106887181
2024-10-18 06:30:00+00:00,99316.76106887181
2024-10-18 06:45:00+00:00,99316.76106887181
2024-10-18 07:00:00+00:00,99316.76106887181
2024-10-18 07:15:00+00:00,99316.76106887181
2024-10-18 07:30:00+00:00,99316.76106887181
2024-10-18 07:45:00+00:00,99316.76106887181
2024-10-18 08:00:00+00:00,99316.76106887181
2024-10-18 08:15:00+00:00,99316.76106887181
2024-10-18 08:30:00+00:00,99316.76106887181
2024-10-18 08:45:00+00:00,99316.76106887181
2024-10-18 09:00:00+00:00,99316.76106887181
2024-10-18 09:15:00+00:00,99316.76106887181
2024-10-18 09:30:00+00:00,99316.76106887181
2024-10-18 09:45:00+00:00,99316.76106887181
2024-10-18 10:00:00+00:00,99316.76106887181
2024-10-18 10:15:00+00:00,99316.76106887181
2024-10-18 10:30:00+00:00,99316.76106887181
2024-10-18 10:45:00+00:00,99316.76106887181
2024-10-18 11:00:00+00:00,99316.76106887181
2024-10-18 11:15:00+00:00,99316.76106887181
2024-10-18 11:30:00+00:00,99316.76106887181
2024-10-18 11:45:00+00:00,99316.76106887181
2024-10-18 12:00:00+00:00,99316.76106887181
2024-10-18 12:15:00+00:00,99316.76106887181
2024-10-18 12:30:00+00:00,99316.76106887181
2024-10-18 12:45:00+00:00,99316.76106887181
2024-10-18 13:00:00+00:00,99316.76106887181
2024-10-18 13:15:00+00:00,99316.76106887181
2024-10-18 13:30:00+00:00,99316.76106887181
2024-10-18 13:45:00+00:00,99316.76106887181
2024-10-18 14:00:00+00:00,99316.76106887181
2024-10-18 14:15:00+00:00,99316.76106887181
2024-10-18 14:30:00+00:00,99316.76106887181
2024-10-18 14:45:00+00:00,99316.76106887181
2024-10-18 15:00:00+00:00,99316.76106887181
2024-10-18 15:15:00+00:00,99316.76106887181
2024-10-18 15:30:00+00:00,99316.76106887181
2024-10-18 15:45:00+00:00,99316.76106887181
2024-10-18 16:00:00+00:00,99316.76106887181
2024-10-18 16:15:00+00:00,99316.76106887181
2024-10-18 16:30:00+00:00,99316.76106887181
2024-10-18 16:45:00+00:00,99316.76106887181
2024-10-18 17:00:00+00:00,99316.76106887181
2024-10-18 17:15:00+00:00,99316.76106887181
2024-10-18 17:30:00+00:00,99316.76106887181
2024-10-18 17:45:00+00:00,99316.76106887181
2024-10-18 18:00:00+00:00,99316.76106887181
2024-10-18 18:15:00+00:00,99316.76106887181
2024-10-18 18:30:00+00:00,99316.76106887181
2024-10-18 18:45:00+00:00,99316.76106887181
2024-10-18 19:00:00+00:00,99316.76106887181
2024-10-18 19:15:00+00:00,99316.76106887181
2024-10-18 19:30:00+00:00,99316.76106887181
2024-10-18 19:45:00+00:00,99316.76106887181
2024-10-18 20:00:00+00:00,99316.76106887181
2024-10-18 20:15:00+00:00,99316.76106887181
2024-10-18 20:30:00+00:00,99316.76106887181
2024-10-18 20:45:00+00:00,99316.76106887181
2024-10-18 21:00:00+00:00,99316.76106887181
2024-10-18 21:15:00+00:00,99316.76106887181
2024-10-18 21:30:00+00:00,99316.76106887181
2024-10-18 21:45:00+00:00,99316.76106887181
2024-10-18 22:00:00+00:00,99316.76106887181
2024-10-18 22:15:00+00:00,99316.76106887181
2024-10-18 22:30:00+00:00,99316.76106887181
2024-10-18 22:45:00+00:00,99316.76106887181
2024-10-18 23:00:00+00:00,99316.76106887181
2024-10-18 23:15:00+00:00,99316.76106887181
2024-10-18 23:30:00+00:00,99316.76106887181
2024-10-18 23:45:00+00:00,99316.76106887181
2024-10-19 00:00:00+00:00,99316.76106887181
2024-10-19 00:15:00+00:00,99316.76106887181
2024-10-19 00:30:00+00:00,99316.76106887181
2024-10-19 00:45:00+00:00,99316.76106887181
2024-10-19 01:00:00+00:00,99316.76106887181
2024-10-19 01:15:00+00:00,99316.76106887181
2024-10-19 01:30:00+00:00,99316.76106887181
2024-10-19 01:45:00+00:00,99316.76106887181
2024-10-19 02:00:00+00:00,99316.76106887181
2024-10-19 02:15:00+00:00,99316.76106887181
2024-10-19 02:30:00+00:00,99316.76106887181
2024-10-19 02:45:00+00:00,99316.76106887181
2024-10-19 03:00:00+00:00,99316.76106887181
2024-10-19 03:15:00+00:00,99316.76106887181
2024-10-19 03:30:00+00:00,99316.76106887181
2024-10-19 03:45:00+00:00,99316.76106887181
2024-10-19 04:00:00+00:00,99316.76106887181
2024-10-19 04:15:00+00:00,99316.76106887181
2024-10-19 04:30:00+00:00,99316.76106887181
2024-10-19 04:45:00+00:00,99316.76106887181
2024-10-19 05:00:00+00:00,99316.76106887181
2024-10-19 05:15:00+00:00,99316.76106887181
2024-10-19 05:30:00+00:00,99316.76106887181
2024-10-19 05:45:00+00:00,99316.76106887181
2024-10-19 06:00:00+00:00,99316.76106887181
2024-10-19 06:15:00+00:00,99316.76106887181
2024-10-19 06:30:00+00:00,99316.76106887181
2024-10-19 06:45:00+00:00,99316.76106887181
2024-10-19 07:00:00+00:00,99316.76106887181
2024-10-19 07:15:00+00:00,99316.76106887181
2024-10-19 07:30:00+00:00,99316.76106887181
2024-10-19 07:45:00+00:00,99316.76106887181
2024-10-19 08:00:00+00:00,99316.76106887181
2024-10-19 08:15:00+00:00,99316.76106887181
2024-10-19 08:30:00+00:00,99316.76106887181
2024-10-19 08:45:00+00:00,99316.76106887181
2024-10-19 09:00:00+00:00,99316.76106887181
2024-10-19 09:15:00+00:00,99316.76106887181
2024-10-19 09:30:00+00:00,99316.76106887181
2024-10-19 09:45:00+00:00,99316.76106887181
2024-10-19 10:00:00+00:00,99316.76106887181
2024-10-19 10:15:00+00:00,99316.76106887181
2024-10-19 10:30:00+00:00,99316.76106887181
2024-10-19 10:45:00+00:00,99316.76106887181
2024-10-19 11:00:00+00:00,99316.76106887181
2024-10-19 11:15:00+00:00,99316.76106887181
2024-10-19 11:30:00+00:00,99316.76106887181
2024-10-19 11:45:00+00:00,99316.76106887181
2024-10-19 12:00:00+00:00,99316.76106887181
2024-10-19 12:15:00+00:00,99317.44263887624
2024-10-19 12:30:00+00:00,99318.0162190743
2024-10-19 12:45:00+00:00,99317.81010542501
2024-10-19 13:00:00+00:00,99313.42821366615
2024-10-19 13:15:00+00:00,99313.42821366615
2024-10-19 13:30:00+00:00,99313.42821366615
2024-10-19 13:45:00+00:00,99313.42821366615
2024-10-19 14:00:00+00:00,99313.42821366615
2024-10-19 14:15:00+00:00,99313.42821366615
2024-10-19 14:30:00+00:00,99313.42821366615
2024-10-19 14:45:00+00:00,99313.42821366615
2024-10-19 15:00:00+00:00,99313.42821366615
2024-10-19 15:15:00+00:00,99313.42821366615
2024-10-19 15:30:00+00:00,99313.42821366615
2024-10-19 15:45:00+00:00,99313.42821366615
2024-10-19 16:00:00+00:00,99313.42821366615
2024-10-19 16:15:00+00:00,99312.4436052245
2024-10-19 16:30:00+00:00,99312.7395739368
2024-10-19 16:45:00+00:00,99311.17581765952
2024-10-19 17:00:00+00:00,99305.43870106431
2024-10-19 17:15:00+00:00,99305.43870106431
2024-10-19 17:30:00+00:00,99305.43870106431
2024-10-19 17:45:00+00:00,99305.43870106431
2024-10-19 18:00:00+00:00,99305.43870106431
2024-10-19 18:15:00+00:00,99305.43870106431
2024-10-19 18:30:00+00:00,99305.43870106431
2024-10-19 18:45:00+00:00,99305.43870106431
2024-10-19 19:00:00+00:00,99305.43870106431
2024-10-19 19:15:00+00:00,99305.43870106431
2024-10-19 19:30:00+00:00,99305.43870106431
2024-10-19 19:45:00+00:00,99305.43870106431
2024-10-19 20:00:00+00:00,99305.43870106431
2024-10-19 20:15:00+00:00,99305.43870106431
2024-10-19 20:30:00+00:00,99305.43870106431
2024-10-19 20:45:00+00:00,99305.43870106431
2024-10-19 21:00:00+00:00,99305.43870106431
2024-10-19 21:15:00+00:00,99305.43870106431
2024-10-19 21:30:00+00:00,99305.43870106431
2024-10-19 21:45:00+00:00,99305.43870106431
2024-10-19 22:00:00+00:00,99305.43870106431
2024-10-19 22:15:00+00:00,99305.43870106431
2024-10-19 22:30:00+00:00,99305.43870106431
2024-10-19 22:45:00+00:00,99305.43870106431
2024-10-19 23:00:00+00:00,99305.43870106431
2024-10-19 23:15:00+00:00,99305.43870106431
2024-10-19 23:30:00+00:00,99305.43870106431
2024-10-19 23:45:00+00:00,99305.43870106431
2024-10-20 00:00:00+00:00,99305.43870106431
2024-10-20 00:15:00+00:00,99305.43870106431
2024-10-20 00:30:00+00:00,99305.43870106431
2024-10-20 00:45:00+00:00,99305.43870106431
2024-10-20 01:00:00+00:00,99305.43870106431
2024-10-20 01:15:00+00:00,99305.43870106431
2024-10-20 01:30:00+00:00,99305.43870106431
2024-10-20 01:45:00+00:00,99305.43870106431
2024-10-20 02:00:00+00:00,99305.43870106431
2024-10-20 02:15:00+00:00,99305.43870106431
2024-10-20 02:30:00+00:00,99305.43870106431
2024-10-20 02:45:00+00:00,99305.43870106431
2024-10-20 03:00:00+00:00,99305.43870106431
2024-10-20 03:15:00+00:00,99305.43870106431
2024-10-20 03:30:00+00:00,99305.43870106431
2024-10-20 03:45:00+00:00,99305.43870106431
2024-10-20 04:00:00+00:00,99305.43870106431
2024-10-20 04:15:00+00:00,99305.43870106431
2024-10-20 04:30:00+00:00,99305.43870106431
2024-10-20 04:45:00+00:00,99305.43870106431
2024-10-20 05:00:00+00:00,99305.43870106431
2024-10-20 05:15:00+00:00,99305.43870106431
2024-10-20 05:30:00+00:00,99305.43870106431
2024-10-20 05:45:00+00:00,99305.43870106431
2024-10-20 06:00:00+00:00,99305.43870106431
2024-10-20 06:15:00+00:00,99305.43870106431
2024-10-20 06:30:00+00:00,99305.43870106431
2024-10-20 06:45:00+00:00,99305.43870106431
2024-10-20 07:00:00+00:00,99305.43870106431
2024-10-20 07:15:00+00:00,99305.43870106431
2024-10-20 07:30:00+00:00,99305.43870106431
2024-10-20 07:45:00+00:00,99305.43870106431
2024-10-20 08:00:00+00:00,99305.43870106431
2024-10-20 08:15:00+00:00,99305.43870106431
2024-10-20 08:30:00+00:00,99305.43870106431
2024-10-20 08:45:00+00:00,99305.43870106431
2024-10-20 09:00:00+00:00,99305.43870106431
2024-10-20 09:15:00+00:00,99305.43870106431
2024-10-20 09:30:00+00:00,99305.43870106431
2024-10-20 09:45:00+00:00,99305.43870106431
2024-10-20 10:00:00+00:00,99305.43870106431
2024-10-20 10:15:00+00:00,99305.43870106431
2024-10-20 10:30:00+00:00,99305.43870106431
2024-10-20 10:45:00+00:00,99305.43870106431
2024-10-20 11:00:00+00:00,99305.43870106431
2024-10-20 11:15:00+00:00,99305.43870106431
2024-10-20 11:30:00+00:00,99305.43870106431
2024-10-20 11:45:00+00:00,99305.43870106431
2024-10-20 12:00:00+00:00,99305.43870106431
2024-10-20 12:15:00+00:00,99305.43870106431
2024-10-20 12:30:00+00:00,99305.43870106431
2024-10-20 12:45:00+00:00,99305.43870106431
2024-10-20 13:00:00+00:00,99305.43870106431
2024-10-20 13:15:00+00:00,99305.43870106431
2024-10-20 13:30:00+00:00,99305.43870106431
2024-10-20 13:45:00+00:00,99305.43870106431
2024-10-20 14:00:00+00:00,99305.43870106431
2024-10-20 14:15:00+00:00,99305.43870106431
2024-10-20 14:30:00+00:00,99305.43870106431
2024-10-20 14:45:00+00:00,99305.43870106431
2024-10-20 15:00:00+00:00,99305.43870106431
2024-10-20 15:15:00+00:00,99305.43870106431
2024-10-20 15:30:00+00:00,99305.43870106431
2024-10-20 15:45:00+00:00,99305.43870106431
2024-10-20 16:00:00+00:00,99305.43870106431
2024-10-20 16:15:00+00:00,99305.43870106431
2024-10-20 16:30:00+00:00,99305.43870106431
2024-10-20 16:45:00+00:00,99305.43870106431
2024-10-20 17:00:00+00:00,99305.43870106431
2024-10-20 17:15:00+00:00,99305.43870106431
2024-10-20 17:30:00+00:00,99305.43870106431
2024-10-20 17:45:00+00:00,99305.43870106431
2024-10-20 18:00:00+00:00,99305.43870106431
2024-10-20 18:15:00+00:00,99305.43870106431
2024-10-20 18:30:00+00:00,99305.43870106431
2024-10-20 18:45:00+00:00,99305.43870106431
2024-10-20 19:00:00+00:00,99305.43870106431
2024-10-20 19:15:00+00:00,99305.43870106431
2024-10-20 19:30:00+00:00,99305.43870106431
2024-10-20 19:45:00+00:00,99305.43870106431
2024-10-20 20:00:00+00:00,99305.43870106431
2024-10-20 20:15:00+00:00,99305.43870106431
2024-10-20 20:30:00+00:00,99304.22284399842
2024-10-20 20:45:00+00:00,99296.75935869681
2024-10-20 21:00:00+00:00,99296.75935869681
2024-10-20 21:15:00+00:00,99296.75935869681
2024-10-20 21:30:00+00:00,99296.75935869681
2024-10-20 21:45:00+00:00,99296.75935869681
2024-10-20 22:00:00+00:00,99296.75935869681
2024-10-20 22:15:00+00:00,99296.75935869681
2024-10-20 22:30:00+00:00,99296.75935869681
2024-10-20 22:45:00+00:00,99296.75935869681
2024-10-20 23:00:00+00:00,99296.75935869681
2024-10-20 23:15:00+00:00,99296.75935869681
2024-10-20 23:30:00+00:00,99296.75935869681
2024-10-20 23:45:00+00:00,99296.75935869681
2024-10-21 00:00:00+00:00,99296.75935869681
2024-10-21 00:15:00+00:00,99296.75935869681
2024-10-21 00:30:00+00:00,99296.75935869681
2024-10-21 00:45:00+00:00,99296.75935869681
2024-10-21 01:00:00+00:00,99296.75935869681
2024-10-21 01:15:00+00:00,99296.75935869681
2024-10-21 01:30:00+00:00,99296.75935869681
2024-10-21 01:45:00+00:00,99296.75935869681
2024-10-21 02:00:00+00:00,99296.75935869681
2024-10-21 02:15:00+00:00,99296.75935869681
2024-10-21 02:30:00+00:00,99296.75935869681
2024-10-21 02:45:00+00:00,99296.75935869681
2024-10-21 03:00:00+00:00,99296.75935869681
2024-10-21 03:15:00+00:00,99296.75935869681
2024-10-21 03:30:00+00:00,99296.75935869681
2024-10-21 03:45:00+00:00,99296.75935869681
2024-10-21 04:00:00+00:00,99296.75935869681
2024-10-21 04:15:00+00:00,99296.75935869681
2024-10-21 04:30:00+00:00,99296.75935869681
2024-10-21 04:45:00+00:00,99296.75935869681
2024-10-21 05:00:00+00:00,99296.75935869681
2024-10-21 05:15:00+00:00,99296.75935869681
2024-10-21 05:30:00+00:00,99296.75935869681
2024-10-21 05:45:00+00:00,99296.75935869681
2024-10-21 06:00:00+00:00,99296.75935869681
2024-10-21 06:15:00+00:00,99296.75935869681
2024-10-21 06:30:00+00:00,99296.75935869681
2024-10-21 06:45:00+00:00,99296.75935869681
2024-10-21 07:00:00+00:00,99296.75935869681
2024-10-21 07:15:00+00:00,99296.75935869681
2024-10-21 07:30:00+00:00,99296.75935869681
2024-10-21 07:45:00+00:00,99296.75935869681
2024-10-21 08:00:00+00:00,99296.75935869681
2024-10-21 08:15:00+00:00,99296.75935869681
2024-10-21 08:30:00+00:00,99296.75935869681
2024-10-21 08:45:00+00:00,99296.75935869681
2024-10-21 09:00:00+00:00,99296.75935869681
2024-10-21 09:15:00+00:00,99296.75935869681
2024-10-21 09:30:00+00:00,99296.75935869681
2024-10-21 09:45:00+00:00,99296.75935869681
2024-10-21 10:00:00+00:00,99296.75935869681
2024-10-21 10:15:00+00:00,99296.75935869681
2024-10-21 10:30:00+00:00,99296.75935869681
2024-10-21 10:45:00+00:00,99296.75935869681
2024-10-21 11:00:00+00:00,99296.75935869681
2024-10-21 11:15:00+00:00,99296.75935869681
2024-10-21 11:30:00+00:00,99296.75935869681
2024-10-21 11:45:00+00:00,99296.75935869681
2024-10-21 12:00:00+00:00,99296.75935869681
2024-10-21 12:15:00+00:00,99296.75935869681
2024-10-21 12:30:00+00:00,99296.75935869681
2024-10-21 12:45:00+00:00,99296.75935869681
2024-10-21 13:00:00+00:00,99296.75935869681
2024-10-21 13:15:00+00:00,99296.75935869681
2024-10-21 13:30:00+00:00,99296.75935869681
2024-10-21 13:45:00+00:00,99296.75935869681
2024-10-21 14:00:00+00:00,99296.75935869681
2024-10-21 14:15:00+00:00,99296.75935869681
2024-10-21 14:30:00+00:00,99296.75935869681
2024-10-21 14:45:00+00:00,99296.75935869681
2024-10-21 15:00:00+00:00,99296.75935869681
2024-10-21 15:15:00+00:00,99296.75935869681
2024-10-21 15:30:00+00:00,99296.75935869681
2024-10-21 15:45:00+00:00,99296.75935869681
2024-10-21 16:00:00+00:00,99296.75935869681
2024-10-21 16:15:00+00:00,99296.75935869681
2024-10-21 16:30:00+00:00,99296.75935869681
2024-10-21 16:45:00+00:00,99296.75935869681
2024-10-21 17:00:00+00:00,99296.75935869681
2024-10-21 17:15:00+00:00,99296.75935869681
2024-10-21 17:30:00+00:00,99296.75935869681
2024-10-21 17:45:00+00:00,99296.75935869681
2024-10-21 18:00:00+00:00,99296.75935869681
2024-10-21 18:15:00+00:00,99296.75935869681
2024-10-21 18:30:00+00:00,99296.75935869681
2024-10-21 18:45:00+00:00,99296.75935869681
2024-10-21 19:00:00+00:00,99296.75935869681
2024-10-21 19:15:00+00:00,99296.75935869681
2024-10-21 19:30:00+00:00,99296.75935869681
2024-10-21 19:45:00+00:00,99296.75935869681
2024-10-21 20:00:00+00:00,99296.75935869681
2024-10-21 20:15:00+00:00,99296.75935869681
2024-10-21 20:30:00+00:00,99296.75935869681
2024-10-21 20:45:00+00:00,99296.75935869681
2024-10-21 21:00:00+00:00,99296.75935869681
2024-10-21 21:15:00+00:00,99296.75935869681
2024-10-21 21:30:00+00:00,99296.75935869681
2024-10-21 21:45:00+00:00,99296.75935869681
2024-10-21 22:00:00+00:00,99296.75935869681
2024-10-21 22:15:00+00:00,99296.75935869681
2024-10-21 22:30:00+00:00,99296.75935869681
2024-10-21 22:45:00+00:00,99296.75935869681
2024-10-21 23:00:00+00:00,99296.75935869681
2024-10-21 23:15:00+00:00,99296.75935869681
2024-10-21 23:30:00+00:00,99296.75935869681
2024-10-21 23:45:00+00:00,99296.75935869681
2024-10-22 00:00:00+00:00,99296.75935869681
2024-10-22 00:15:00+00:00,99296.75935869681
2024-10-22 00:30:00+00:00,99296.75935869681
2024-10-22 00:45:00+00:00,99296.75935869681
2024-10-22 01:00:00+00:00,99296.75935869681
2024-10-22 01:15:00+00:00,99296.75935869681
2024-10-22 01:30:00+00:00,99296.75935869681
2024-10-22 01:45:00+00:00,99296.75935869681
2024-10-22 02:00:00+00:00,99296.75935869681
2024-10-22 02:15:00+00:00,99296.75935869681
2024-10-22 02:30:00+00:00,99296.75935869681
2024-10-22 02:45:00+00:00,99296.75935869681
2024-10-22 03:00:00+00:00,99296.75935869681
2024-10-22 03:15:00+00:00,99296.75935869681
2024-10-22 03:30:00+00:00,99296.75935869681
2024-10-22 03:45:00+00:00,99296.75935869681
2024-10-22 04:00:00+00:00,99296.75935869681
2024-10-22 04:15:00+00:00,99296.75935869681
2024-10-22 04:30:00+00:00,99296.75935869681
2024-10-22 04:45:00+00:00,99296.75935869681
2024-10-22 05:00:00+00:00,99296.75935869681
2024-10-22 05:15:00+00:00,99296.75935869681
2024-10-22 05:30:00+00:00,99296.75935869681
2024-10-22 05:45:00+00:00,99296.75935869681
2024-10-22 06:00:00+00:00,99296.75935869681
2024-10-22 06:15:00+00:00,99296.75935869681
2024-10-22 06:30:00+00:00,99296.75935869681
2024-10-22 06:45:00+00:00,99296.75935869681
2024-10-22 07:00:00+00:00,99296.75935869681
2024-10-22 07:15:00+00:00,99296.75935869681
2024-10-22 07:30:00+00:00,99296.75935869681
2024-10-22 07:45:00+00:00,99296.75935869681
2024-10-22 08:00:00+00:00,99296.75935869681
2024-10-22 08:15:00+00:00,99296.75935869681
2024-10-22 08:30:00+00:00,99296.75935869681
2024-10-22 08:45:00+00:00,99296.75935869681
2024-10-22 09:00:00+00:00,99296.75935869681
2024-10-22 09:15:00+00:00,99296.75935869681
2024-10-22 09:30:00+00:00,99296.75935869681
2024-10-22 09:45:00+00:00,99296.75935869681
2024-10-22 10:00:00+00:00,99296.75935869681
2024-10-22 10:15:00+00:00,99296.75935869681
2024-10-22 10:30:00+00:00,99296.75935869681
2024-10-22 10:45:00+00:00,99296.75935869681
2024-10-22 11:00:00+00:00,99296.75935869681
2024-10-22 11:15:00+00:00,99296.75935869681
2024-10-22 11:30:00+00:00,99296.75935869681
2024-10-22 11:45:00+00:00,99296.75935869681
2024-10-22 12:00:00+00:00,99296.75935869681
2024-10-22 12:15:00+00:00,99296.75935869681
2024-10-22 12:30:00+00:00,99296.75935869681
2024-10-22 12:45:00+00:00,99296.75935869681
2024-10-22 13:00:00+00:00,99296.75935869681
2024-10-22 13:15:00+00:00,99296.75935869681
2024-10-22 13:30:00+00:00,99296.75935869681
2024-10-22 13:45:00+00:00,99296.75935869681
2024-10-22 14:00:00+00:00,99296.75935869681
2024-10-22 14:15:00+00:00,99296.75935869681
2024-10-22 14:30:00+00:00,99296.75935869681
2024-10-22 14:45:00+00:00,99296.75935869681
2024-10-22 15:00:00+00:00,99296.75935869681
2024-10-22 15:15:00+00:00,99296.75935869681
2024-10-22 15:30:00+00:00,99296.75935869681
2024-10-22 15:45:00+00:00,99296.75935869681
2024-10-22 16:00:00+00:00,99296.75935869681
2024-10-22 16:15:00+00:00,99296.75935869681
2024-10-22 16:30:00+00:00,99296.75935869681
2024-10-22 16:45:00+00:00,99296.75935869681
2024-10-22 17:00:00+00:00,99296.75935869681
2024-10-22 17:15:00+00:00,99296.75935869681
2024-10-22 17:30:00+00:00,99296.75935869681
2024-10-22 17:45:00+00:00,99296.75935869681
2024-10-22 18:00:00+00:00,99296.75935869681
2024-10-22 18:15:00+00:00,99296.75935869681
2024-10-22 18:30:00+00:00,99296.75935869681
2024-10-22 18:45:00+00:00,99296.75935869681
2024-10-22 19:00:00+00:00,99296.75935869681
2024-10-22 19:15:00+00:00,99296.75935869681
2024-10-22 19:30:00+00:00,99296.75935869681
2024-10-22 19:45:00+00:00,99296.75935869681
2024-10-22 20:00:00+00:00,99296.75935869681
2024-10-22 20:15:00+00:00,99296.75935869681
2024-10-22 20:30:00+00:00,99296.75935869681
2024-10-22 20:45:00+00:00,99296.75935869681
2024-10-22 21:00:00+00:00,99296.75935869681
2024-10-22 21:15:00+00:00,99296.75935869681
2024-10-22 21:30:00+00:00,99296.75935869681
2024-10-22 21:45:00+00:00,99296.75935869681
2024-10-22 22:00:00+00:00,99296.75935869681
2024-10-22 22:15:00+00:00,99296.75935869681
2024-10-22 22:30:00+00:00,99296.75935869681
2024-10-22 22:45:00+00:00,99296.75935869681
2024-10-22 23:00:00+00:00,99296.75935869681
2024-10-22 23:15:00+00:00,99296.75935869681
2024-10-22 23:30:00+00:00,99296.75935869681
2024-10-22 23:45:00+00:00,99296.75935869681
2024-10-23 00:00:00+00:00,99296.75935869681
2024-10-23 00:15:00+00:00,99296.75935869681
2024-10-23 00:30:00+00:00,99296.75935869681
2024-10-23 00:45:00+00:00,99296.75935869681
2024-10-23 01:00:00+00:00,99296.75935869681
2024-10-23 01:15:00+00:00,99296.75935869681
2024-10-23 01:30:00+00:00,99296.75935869681
2024-10-23 01:45:00+00:00,99296.75935869681
2024-10-23 02:00:00+00:00,99296.75935869681
2024-10-23 02:15:00+00:00,99296.75935869681
2024-10-23 02:30:00+00:00,99296.75935869681
2024-10-23 02:45:00+00:00,99296.75935869681
2024-10-23 03:00:00+00:00,99296.75935869681
2024-10-23 03:15:00+00:00,99296.75935869681
2024-10-23 03:30:00+00:00,99296.75935869681
2024-10-23 03:45:00+00:00,99296.75935869681
2024-10-23 04:00:00+00:00,99296.75935869681
2024-10-23 04:15:00+00:00,99296.75935869681
2024-10-23 04:30:00+00:00,99296.75935869681
2024-10-23 04:45:00+00:00,99296.75935869681
2024-10-23 05:00:00+00:00,99296.75935869681
2024-10-23 05:15:00+00:00,99296.75935869681
2024-10-23 05:30:00+00:00,99296.75935869681
2024-10-23 05:45:00+00:00,99296.75935869681
2024-10-23 06:00:00+00:00,99296.75935869681
2024-10-23 06:15:00+00:00,99296.75935869681
2024-10-23 06:30:00+00:00,99296.75935869681
2024-10-23 06:45:00+00:00,99296.75935869681
2024-10-23 07:00:00+00:00,99296.75935869681
2024-10-23 07:15:00+00:00,99296.75935869681
2024-10-23 07:30:00+00:00,99296.75935869681
2024-10-23 07:45:00+00:00,99296.75935869681
2024-10-23 08:00:00+00:00,99296.75935869681
2024-10-23 08:15:00+00:00,99296.75935869681
2024-10-23 08:30:00+00:00,99296.75935869681
2024-10-23 08:45:00+00:00,99296.75935869681
2024-10-23 09:00:00+00:00,99296.75935869681
2024-10-23 09:15:00+00:00,99296.75935869681
2024-10-23 09:30:00+00:00,99296.75935869681
2024-10-23 09:45:00+00:00,99296.75935869681
2024-10-23 10:00:00+00:00,99296.75935869681
2024-10-23 10:15:00+00:00,99296.75935869681
2024-10-23 10:30:00+00:00,99296.75935869681
2024-10-23 10:45:00+00:00,99296.75935869681
2024-10-23 11:00:00+00:00,99296.75935869681
2024-10-23 11:15:00+00:00,99296.75935869681
2024-10-23 11:30:00+00:00,99296.75935869681
2024-10-23 11:45:00+00:00,99296.75935869681
2024-10-23 12:00:00+00:00,99296.75935869681
2024-10-23 12:15:00+00:00,99294.29429237895
2024-10-23 12:30:00+00:00,99298.43178011695
2024-10-23 12:45:00+00:00,99298.26853507373
2024-10-23 13:00:00+00:00,99300.35641342738
2024-10-23 13:15:00+00:00,99301.16667427946
2024-10-23 13:30:00+00:00,99303.33395808157
2024-10-23 13:45:00+00:00,99303.33395808157
2024-10-23 14:00:00+00:00,99303.33395808157
2024-10-23 14:15:00+00:00,99303.33395808157
2024-10-23 14:30:00+00:00,99303.33395808157
2024-10-23 14:45:00+00:00,99303.33395808157
2024-10-23 15:00:00+00:00,99303.33395808157
2024-10-23 15:15:00+00:00,99303.33395808157
2024-10-23 15:30:00+00:00,99303.33395808157
2024-10-23 15:45:00+00:00,99303.33395808157
2024-10-23 16:00:00+00:00,99303.33395808157
2024-10-23 16:15:00+00:00,99303.33395808157
2024-10-23 16:30:00+00:00,99303.33395808157
2024-10-23 16:45:00+00:00,99303.33395808157
2024-10-23 17:00:00+00:00,99303.33395808157
2024-10-23 17:15:00+00:00,99303.33395808157
2024-10-23 17:30:00+00:00,99303.33395808157
2024-10-23 17:45:00+00:00,99303.33395808157
2024-10-23 18:00:00+00:00,99303.33395808157
2024-10-23 18:15:00+00:00,99303.33395808157
2024-10-23 18:30:00+00:00,99303.33395808157
2024-10-23 18:45:00+00:00,99303.33395808157
2024-10-23 19:00:00+00:00,99303.33395808157
2024-10-23 19:15:00+00:00,99303.33395808157
2024-10-23 19:30:00+00:00,99303.33395808157
2024-10-23 19:45:00+00:00,99303.33395808157
2024-10-23 20:00:00+00:00,99303.33395808157
2024-10-23 20:15:00+00:00,99303.33395808157
2024-10-23 20:30:00+00:00,99303.33395808157
2024-10-23 20:45:00+00:00,99303.33395808157
2024-10-23 21:00:00+00:00,99303.33395808157
2024-10-23 21:15:00+00:00,99303.33395808157
2024-10-23 21:30:00+00:00,99303.33395808157
2024-10-23 21:45:00+00:00,99303.33395808157
2024-10-23 22:00:00+00:00,99303.33395808157
2024-10-23 22:15:00+00:00,99303.33395808157
2024-10-23 22:30:00+00:00,99303.33395808157
2024-10-23 22:45:00+00:00,99303.33395808157
2024-10-23 23:00:00+00:00,99303.33395808157
2024-10-23 23:15:00+00:00,99303.33395808157
2024-10-23 23:30:00+00:00,99303.33395808157
2024-10-23 23:45:00+00:00,99303.33395808157
2024-10-24 00:00:00+00:00,99303.33395808157
2024-10-24 00:15:00+00:00,99303.33395808157
2024-10-24 00:30:00+00:00,99303.33395808157
2024-10-24 00:45:00+00:00,99288.56336663991
2024-10-24 01:00:00+00:00,99266.73933931356
2024-10-24 01:15:00+00:00,99266.73933931356
2024-10-24 01:30:00+00:00,99266.73933931356
2024-10-24 01:45:00+00:00,99266.73933931356
2024-10-24 02:00:00+00:00,99266.73933931356
2024-10-24 02:15:00+00:00,99266.73933931356
2024-10-24 02:30:00+00:00,99266.73933931356
2024-10-24 02:45:00+00:00,99266.73933931356
2024-10-24 03:00:00+00:00,99266.73933931356
2024-10-24 03:15:00+00:00,99266.73933931356
2024-10-24 03:30:00+00:00,99266.73933931356
2024-10-24 03:45:00+00:00,99266.73933931356
2024-10-24 04:00:00+00:00,99266.73933931356
2024-10-24 04:15:00+00:00,99266.73933931356
2024-10-24 04:30:00+00:00,99266.73933931356
2024-10-24 04:45:00+00:00,99266.73933931356
2024-10-24 05:00:00+00:00,99266.73933931356
2024-10-24 05:15:00+00:00,99266.73933931356
2024-10-24 05:30:00+00:00,99266.73933931356
2024-10-24 05:45:00+00:00,99266.73933931356
2024-10-24 06:00:00+00:00,99266.73933931356
2024-10-24 06:15:00+00:00,99266.73933931356
2024-10-24 06:30:00+00:00,99266.73933931356
2024-10-24 06:45:00+00:00,99266.73933931356
2024-10-24 07:00:00+00:00,99266.73933931356
2024-10-24 07:15:00+00:00,99266.73933931356
2024-10-24 07:30:00+00:00,99266.73933931356
2024-10-24 07:45:00+00:00,99266.73933931356
2024-10-24 08:00:00+00:00,99266.73933931356
2024-10-24 08:15:00+00:00,99266.73933931356
2024-10-24 08:30:00+00:00,99266.73933931356
2024-10-24 08:45:00+00:00,99266.73933931356
2024-10-24 09:00:00+00:00,99266.73933931356
2024-10-24 09:15:00+00:00,99266.73933931356
2024-10-24 09:30:00+00:00,99266.73933931356
2024-10-24 09:45:00+00:00,99266.73933931356
2024-10-24 10:00:00+00:00,99266.73933931356
2024-10-24 10:15:00+00:00,99266.73933931356
2024-10-24 10:30:00+00:00,99266.73933931356
2024-10-24 10:45:00+00:00,99266.73933931356
2024-10-24 11:00:00+00:00,99266.73933931356
2024-10-24 11:15:00+00:00,99266.73933931356
2024-10-24 11:30:00+00:00,99266.73933931356
2024-10-24 11:45:00+00:00,99266.73933931356
2024-10-24 12:00:00+00:00,99266.73933931356
2024-10-24 12:15:00+00:00,99266.73933931356
2024-10-24 12:30:00+00:00,99266.73933931356
2024-10-24 12:45:00+00:00,99266.73933931356
2024-10-24 13:00:00+00:00,99266.73933931356
2024-10-24 13:15:00+00:00,99266.73933931356
2024-10-24 13:30:00+00:00,99266.73933931356
2024-10-24 13:45:00+00:00,99266.73933931356
2024-10-24 14:00:00+00:00,99266.73933931356
2024-10-24 14:15:00+00:00,99266.73933931356
2024-10-24 14:30:00+00:00,99266.73933931356
2024-10-24 14:45:00+00:00,99266.73933931356
2024-10-24 15:00:00+00:00,99266.73933931356
2024-10-24 15:15:00+00:00,99266.73933931356
2024-10-24 15:30:00+00:00,99266.73933931356
2024-10-24 15:45:00+00:00,99266.73933931356
2024-10-24 16:00:00+00:00,99266.73933931356
2024-10-24 16:15:00+00:00,99260.9063099965
2024-10-24 16:30:00+00:00,99262.03788240068
2024-10-24 16:45:00+00:00,99262.75254345575
2024-10-24 17:00:00+00:00,99262.75540790019
2024-10-24 17:15:00+00:00,99262.27065482299
2024-10-24 17:30:00+00:00,99249.10231420118
2024-10-24 17:45:00+00:00,99249.10231420118
2024-10-24 18:00:00+00:00,99249.10231420118
2024-10-24 18:15:00+00:00,99249.10231420118
2024-10-24 18:30:00+00:00,99249.10231420118
2024-10-24 18:45:00+00:00,99249.10231420118
2024-10-24 19:00:00+00:00,99249.10231420118
2024-10-24 19:15:00+00:00,99249.10231420118
2024-10-24 19:30:00+00:00,99249.10231420118
2024-10-24 19:45:00+00:00,99249.10231420118
2024-10-24 20:00:00+00:00,99249.10231420118
2024-10-24 20:15:00+00:00,99250.9451632078
2024-10-24 20:30:00+00:00,99247.52209448088
2024-10-24 20:45:00+00:00,99247.52209448088
2024-10-24 21:00:00+00:00,99247.52209448088
2024-10-24 21:15:00+00:00,99247.52209448088
2024-10-24 21:30:00+00:00,99247.52209448088
2024-10-24 21:45:00+00:00,99247.52209448088
2024-10-24 22:00:00+00:00,99247.52209448088
2024-10-24 22:15:00+00:00,99247.52209448088
2024-10-24 22:30:00+00:00,99247.52209448088
2024-10-24 22:45:00+00:00,99247.52209448088
2024-10-24 23:00:00+00:00,99247.52209448088
2024-10-24 23:15:00+00:00,99247.52209448088
2024-10-24 23:30:00+00:00,99247.52209448088
2024-10-24 23:45:00+00:00,99247.52209448088
2024-10-25 00:00:00+00:00,99247.52209448088
2024-10-25 00:15:00+00:00,99247.52209448088
2024-10-25 00:30:00+00:00,99247.52209448088
2024-10-25 00:45:00+00:00,99247.52209448088
2024-10-25 01:00:00+00:00,99247.52209448088
2024-10-25 01:15:00+00:00,99247.52209448088
2024-10-25 01:30:00+00:00,99247.52209448088
2024-10-25 01:45:00+00:00,99247.52209448088
2024-10-25 02:00:00+00:00,99247.52209448088
2024-10-25 02:15:00+00:00,99247.52209448088
2024-10-25 02:30:00+00:00,99247.52209448088
2024-10-25 02:45:00+00:00,99247.52209448088
2024-10-25 03:00:00+00:00,99247.52209448088
2024-10-25 03:15:00+00:00,99247.52209448088
2024-10-25 03:30:00+00:00,99247.52209448088
2024-10-25 03:45:00+00:00,99247.52209448088
2024-10-25 04:00:00+00:00,99247.52209448088
2024-10-25 04:15:00+00:00,99247.52209448088
2024-10-25 04:30:00+00:00,99247.52209448088
2024-10-25 04:45:00+00:00,99247.52209448088
2024-10-25 05:00:00+00:00,99247.52209448088
2024-10-25 05:15:00+00:00,99247.52209448088
2024-10-25 05:30:00+00:00,99247.52209448088
2024-10-25 05:45:00+00:00,99247.52209448088
2024-10-25 06:00:00+00:00,99247.52209448088
2024-10-25 06:15:00+00:00,99247.52209448088
2024-10-25 06:30:00+00:00,99247.52209448088
2024-10-25 06:45:00+00:00,99247.52209448088
2024-10-25 07:00:00+00:00,99247.52209448088
2024-10-25 07:15:00+00:00,99247.52209448088
2024-10-25 07:30:00+00:00,99247.52209448088
2024-10-25 07:45:00+00:00,99247.52209448088
2024-10-25 08:00:00+00:00,99247.52209448088
2024-10-25 08:15:00+00:00,99247.52209448088
2024-10-25 08:30:00+00:00,99247.52209448088
2024-10-25 08:45:00+00:00,99247.52209448088
2024-10-25 09:00:00+00:00,99247.52209448088
2024-10-25 09:15:00+00:00,99247.52209448088
2024-10-25 09:30:00+00:00,99247.52209448088
2024-10-25 09:45:00+00:00,99247.52209448088
2024-10-25 10:00:00+00:00,99247.52209448088
2024-10-25 10:15:00+00:00,99247.52209448088
2024-10-25 10:30:00+00:00,99247.52209448088
2024-10-25 10:45:00+00:00,99247.52209448088
2024-10-25 11:00:00+00:00,99247.52209448088
2024-10-25 11:15:00+00:00,99247.52209448088
2024-10-25 11:30:00+00:00,99247.52209448088
2024-10-25 11:45:00+00:00,99247.52209448088
2024-10-25 12:00:00+00:00,99247.52209448088
2024-10-25 12:15:00+00:00,99247.52209448088
2024-10-25 12:30:00+00:00,99247.52209448088
2024-10-25 12:45:00+00:00,99247.52209448088
2024-10-25 13:00:00+00:00,99247.52209448088
2024-10-25 13:15:00+00:00,99247.52209448088
2024-10-25 13:30:00+00:00,99247.52209448088
2024-10-25 13:45:00+00:00,99247.52209448088
2024-10-25 14:00:00+00:00,99247.52209448088
2024-10-25 14:15:00+00:00,99247.52209448088
2024-10-25 14:30:00+00:00,99247.52209448088
2024-10-25 14:45:00+00:00,99247.52209448088
2024-10-25 15:00:00+00:00,99247.52209448088
2024-10-25 15:15:00+00:00,99247.52209448088
2024-10-25 15:30:00+00:00,99247.52209448088
2024-10-25 15:45:00+00:00,99247.52209448088
2024-10-25 16:00:00+00:00,99247.52209448088
2024-10-25 16:15:00+00:00,99247.52209448088
2024-10-25 16:30:00+00:00,99247.52209448088
2024-10-25 16:45:00+00:00,99247.52209448088
2024-10-25 17:00:00+00:00,99247.52209448088
2024-10-25 17:15:00+00:00,99247.52209448088
2024-10-25 17:30:00+00:00,99247.52209448088
2024-10-25 17:45:00+00:00,99247.52209448088
2024-10-25 18:00:00+00:00,99247.52209448088
2024-10-25 18:15:00+00:00,99247.52209448088
2024-10-25 18:30:00+00:00,99247.52209448088
2024-10-25 18:45:00+00:00,99247.52209448088
2024-10-25 19:00:00+00:00,99247.52209448088
2024-10-25 19:15:00+00:00,99247.52209448088
2024-10-25 19:30:00+00:00,99247.52209448088
2024-10-25 19:45:00+00:00,99247.52209448088
2024-10-25 20:00:00+00:00,99247.52209448088
2024-10-25 20:15:00+00:00,99248.86873405366
2024-10-25 20:30:00+00:00,99245.30477327955
2024-10-25 20:45:00+00:00,99249.49738560415
2024-10-25 21:00:00+00:00,99251.76592893807
2024-10-25 21:15:00+00:00,99254.50919545222
2024-10-25 21:30:00+00:00,99256.62481946006
2024-10-25 21:45:00+00:00,99257.4867982144
2024-10-25 22:00:00+00:00,99258.95668080128
2024-10-25 22:15:00+00:00,99262.46300024998
2024-10-25 22:30:00+00:00,99262.46300024998
2024-10-25 22:45:00+00:00,99262.46300024998
2024-10-25 23:00:00+00:00,99262.46300024998
2024-10-25 23:15:00+00:00,99262.46300024998
2024-10-25 23:30:00+00:00,99262.46300024998
2024-10-25 23:45:00+00:00,99262.46300024998
2024-10-26 00:00:00+00:00,99262.46300024998
2024-10-26 00:15:00+00:00,99262.46300024998
2024-10-26 00:30:00+00:00,99262.46300024998
2024-10-26 00:45:00+00:00,99262.46300024998
2024-10-26 01:00:00+00:00,99262.46300024998
2024-10-26 01:15:00+00:00,99262.46300024998
2024-10-26 01:30:00+00:00,99262.46300024998
2024-10-26 01:45:00+00:00,99262.46300024998
2024-10-26 02:00:00+00:00,99262.46300024998
2024-10-26 02:15:00+00:00,99262.46300024998
2024-10-26 02:30:00+00:00,99262.46300024998
2024-10-26 02:45:00+00:00,99262.46300024998
2024-10-26 03:00:00+00:00,99262.46300024998
2024-10-26 03:15:00+00:00,99262.46300024998
2024-10-26 03:30:00+00:00,99262.46300024998
2024-10-26 03:45:00+00:00,99262.46300024998
2024-10-26 04:00:00+00:00,99262.46300024998
2024-10-26 04:15:00+00:00,99262.46300024998
2024-10-26 04:30:00+00:00,99262.46300024998
2024-10-26 04:45:00+00:00,99262.46300024998
2024-10-26 05:00:00+00:00,99262.46300024998
2024-10-26 05:15:00+00:00,99262.46300024998
2024-10-26 05:30:00+00:00,99262.46300024998
2024-10-26 05:45:00+00:00,99262.46300024998
2024-10-26 06:00:00+00:00,99262.46300024998
2024-10-26 06:15:00+00:00,99262.46300024998
2024-10-26 06:30:00+00:00,99262.46300024998
2024-10-26 06:45:00+00:00,99262.46300024998
2024-10-26 07:00:00+00:00,99262.46300024998
2024-10-26 07:15:00+00:00,99262.46300024998
2024-10-26 07:30:00+00:00,99262.46300024998
2024-10-26 07:45:00+00:00,99262.46300024998
2024-10-26 08:00:00+00:00,99262.46300024998
2024-10-26 08:15:00+00:00,99262.46300024998
2024-10-26 08:30:00+00:00,99262.46300024998
2024-10-26 08:45:00+00:00,99262.46300024998
2024-10-26 09:00:00+00:00,99262.46300024998
2024-10-26 09:15:00+00:00,99262.46300024998
2024-10-26 09:30:00+00:00,99262.46300024998
2024-10-26 09:45:00+00:00,99262.46300024998
2024-10-26 10:00:00+00:00,99262.46300024998
2024-10-26 10:15:00+00:00,99262.46300024998
2024-10-26 10:30:00+00:00,99262.46300024998
2024-10-26 10:45:00+00:00,99262.46300024998
2024-10-26 11:00:00+00:00,99262.46300024998
2024-10-26 11:15:00+00:00,99262.46300024998
2024-10-26 11:30:00+00:00,99262.46300024998
2024-10-26 11:45:00+00:00,99262.46300024998
2024-10-26 12:00:00+00:00,99262.46300024998
2024-10-26 12:15:00+00:00,99262.46300024998
2024-10-26 12:30:00+00:00,99262.46300024998
2024-10-26 12:45:00+00:00,99262.46300024998
2024-10-26 13:00:00+00:00,99262.46300024998
2024-10-26 13:15:00+00:00,99262.46300024998
2024-10-26 13:30:00+00:00,99262.46300024998
2024-10-26 13:45:00+00:00,99262.46300024998
2024-10-26 14:00:00+00:00,99262.46300024998
2024-10-26 14:15:00+00:00,99262.46300024998
2024-10-26 14:30:00+00:00,99262.46300024998
2024-10-26 14:45:00+00:00,99262.46300024998
2024-10-26 15:00:00+00:00,99262.46300024998
2024-10-26 15:15:00+00:00,99262.46300024998
2024-10-26 15:30:00+00:00,99262.46300024998
2024-10-26 15:45:00+00:00,99262.46300024998
2024-10-26 16:00:00+00:00,99262.46300024998
2024-10-26 16:15:00+00:00,99262.46300024998
2024-10-26 16:30:00+00:00,99262.46300024998
2024-10-26 16:45:00+00:00,99262.46300024998
2024-10-26 17:00:00+00:00,99262.46300024998
2024-10-26 17:15:00+00:00,99262.46300024998
2024-10-26 17:30:00+00:00,99262.46300024998
2024-10-26 17:45:00+00:00,99262.46300024998
2024-10-26 18:00:00+00:00,99262.46300024998
2024-10-26 18:15:00+00:00,99262.46300024998
2024-10-26 18:30:00+00:00,99262.46300024998
2024-10-26 18:45:00+00:00,99262.46300024998
2024-10-26 19:00:00+00:00,99262.46300024998
2024-10-26 19:15:00+00:00,99262.46300024998
2024-10-26 19:30:00+00:00,99262.46300024998
2024-10-26 19:45:00+00:00,99262.46300024998
2024-10-26 20:00:00+00:00,99262.46300024998
2024-10-26 20:15:00+00:00,99259.28577402022
2024-10-26 20:30:00+00:00,99253.80022907956
2024-10-26 20:45:00+00:00,99253.80022907956
2024-10-26 21:00:00+00:00,99253.80022907956
2024-10-26 21:15:00+00:00,99253.80022907956
2024-10-26 21:30:00+00:00,99253.80022907956
2024-10-26 21:45:00+00:00,99253.80022907956
2024-10-26 22:00:00+00:00,99253.80022907956
2024-10-26 22:15:00+00:00,99253.80022907956
2024-10-26 22:30:00+00:00,99253.80022907956
2024-10-26 22:45:00+00:00,99253.80022907956
2024-10-26 23:00:00+00:00,99253.80022907956
2024-10-26 23:15:00+00:00,99253.80022907956
2024-10-26 23:30:00+00:00,99253.80022907956
2024-10-26 23:45:00+00:00,99253.80022907956
2024-10-27 00:00:00+00:00,99253.80022907956
2024-10-27 00:15:00+00:00,99253.80022907956
2024-10-27 00:30:00+00:00,99253.80022907956
2024-10-27 00:45:00+00:00,99253.80022907956
2024-10-27 01:00:00+00:00,99253.80022907956
2024-10-27 01:15:00+00:00,99253.80022907956
2024-10-27 01:30:00+00:00,99253.80022907956
2024-10-27 01:45:00+00:00,99253.80022907956
2024-10-27 02:00:00+00:00,99253.80022907956
2024-10-27 02:15:00+00:00,99253.80022907956
2024-10-27 02:30:00+00:00,99253.80022907956
2024-10-27 02:45:00+00:00,99253.80022907956
2024-10-27 03:00:00+00:00,99253.80022907956
2024-10-27 03:15:00+00:00,99253.80022907956
2024-10-27 03:30:00+00:00,99253.80022907956
2024-10-27 03:45:00+00:00,99253.80022907956
2024-10-27 04:00:00+00:00,99253.80022907956
2024-10-27 04:15:00+00:00,99253.80022907956
2024-10-27 04:30:00+00:00,99253.80022907956
2024-10-27 04:45:00+00:00,99253.80022907956
2024-10-27 05:00:00+00:00,99253.80022907956
2024-10-27 05:15:00+00:00,99253.80022907956
2024-10-27 05:30:00+00:00,99253.80022907956
2024-10-27 05:45:00+00:00,99253.80022907956
2024-10-27 06:00:00+00:00,99253.80022907956
2024-10-27 06:15:00+00:00,99253.80022907956
2024-10-27 06:30:00+00:00,99253.80022907956
2024-10-27 06:45:00+00:00,99253.80022907956
2024-10-27 07:00:00+00:00,99253.80022907956
2024-10-27 07:15:00+00:00,99253.80022907956
2024-10-27 07:30:00+00:00,99253.80022907956
2024-10-27 07:45:00+00:00,99253.80022907956
2024-10-27 08:00:00+00:00,99253.80022907956
2024-10-27 08:15:00+00:00,99253.80022907956
2024-10-27 08:30:00+00:00,99253.80022907956
2024-10-27 08:45:00+00:00,99253.80022907956
2024-10-27 09:00:00+00:00,99253.80022907956
2024-10-27 09:15:00+00:00,99253.80022907956
2024-10-27 09:30:00+00:00,99253.80022907956
2024-10-27 09:45:00+00:00,99253.80022907956
2024-10-27 10:00:00+00:00,99253.80022907956
2024-10-27 10:15:00+00:00,99253.80022907956
2024-10-27 10:30:00+00:00,99253.80022907956
2024-10-27 10:45:00+00:00,99253.80022907956
2024-10-27 11:00:00+00:00,99253.80022907956
2024-10-27 11:15:00+00:00,99253.80022907956
2024-10-27 11:30:00+00:00,99253.80022907956
2024-10-27 11:45:00+00:00,99253.80022907956
2024-10-27 12:00:00+00:00,99253.80022907956
2024-10-27 12:15:00+00:00,99253.80022907956
2024-10-27 12:30:00+00:00,99253.80022907956
2024-10-27 12:45:00+00:00,99253.80022907956
2024-10-27 13:00:00+00:00,99253.80022907956
2024-10-27 13:15:00+00:00,99253.80022907956
2024-10-27 13:30:00+00:00,99253.80022907956
2024-10-27 13:45:00+00:00,99253.80022907956
2024-10-27 14:00:00+00:00,99253.80022907956
2024-10-27 14:15:00+00:00,99253.80022907956
2024-10-27 14:30:00+00:00,99253.80022907956
2024-10-27 14:45:00+00:00,99253.80022907956
2024-10-27 15:00:00+00:00,99253.80022907956
2024-10-27 15:15:00+00:00,99253.80022907956
2024-10-27 15:30:00+00:00,99253.80022907956
2024-10-27 15:45:00+00:00,99253.80022907956
2024-10-27 16:00:00+00:00,99253.80022907956
2024-10-27 16:15:00+00:00,99253.80022907956
2024-10-27 16:30:00+00:00,99253.80022907956
2024-10-27 16:45:00+00:00,99253.80022907956
2024-10-27 17:00:00+00:00,99253.80022907956
2024-10-27 17:15:00+00:00,99253.80022907956
2024-10-27 17:30:00+00:00,99253.80022907956
2024-10-27 17:45:00+00:00,99253.80022907956
2024-10-27 18:00:00+00:00,99253.80022907956
2024-10-27 18:15:00+00:00,99253.80022907956
2024-10-27 18:30:00+00:00,99253.80022907956
2024-10-27 18:45:00+00:00,99253.80022907956
2024-10-27 19:00:00+00:00,99253.80022907956
2024-10-27 19:15:00+00:00,99253.80022907956
2024-10-27 19:30:00+00:00,99253.80022907956
2024-10-27 19:45:00+00:00,99253.80022907956
2024-10-27 20:00:00+00:00,99253.80022907956
2024-10-27 20:15:00+00:00,99253.80022907956
2024-10-27 20:30:00+00:00,99253.80022907956
2024-10-27 20:45:00+00:00,99253.80022907956
2024-10-27 21:00:00+00:00,99253.80022907956
2024-10-27 21:15:00+00:00,99253.80022907956
2024-10-27 21:30:00+00:00,99253.80022907956
2024-10-27 21:45:00+00:00,99253.80022907956
2024-10-27 22:00:00+00:00,99253.80022907956
2024-10-27 22:15:00+00:00,99253.80022907956
2024-10-27 22:30:00+00:00,99253.80022907956
2024-10-27 22:45:00+00:00,99253.80022907956
2024-10-27 23:00:00+00:00,99253.80022907956
2024-10-27 23:15:00+00:00,99253.80022907956
2024-10-27 23:30:00+00:00,99253.80022907956
2024-10-27 23:45:00+00:00,99253.80022907956
2024-10-28 00:00:00+00:00,99253.80022907956
2024-10-28 00:15:00+00:00,99253.80022907956
2024-10-28 00:30:00+00:00,99253.80022907956
2024-10-28 00:45:00+00:00,99253.80022907956
2024-10-28 01:00:00+00:00,99253.80022907956
2024-10-28 01:15:00+00:00,99253.80022907956
2024-10-28 01:30:00+00:00,99253.80022907956
2024-10-28 01:45:00+00:00,99253.80022907956
2024-10-28 02:00:00+00:00,99253.80022907956
2024-10-28 02:15:00+00:00,99253.80022907956
2024-10-28 02:30:00+00:00,99253.80022907956
2024-10-28 02:45:00+00:00,99253.80022907956
2024-10-28 03:00:00+00:00,99253.80022907956
2024-10-28 03:15:00+00:00,99253.80022907956
2024-10-28 03:30:00+00:00,99253.80022907956
2024-10-28 03:45:00+00:00,99253.80022907956
2024-10-28 04:00:00+00:00,99253.80022907956
2024-10-28 04:15:00+00:00,99253.80022907956
2024-10-28 04:30:00+00:00,99253.80022907956
2024-10-28 04:45:00+00:00,99253.80022907956
2024-10-28 05:00:00+00:00,99253.80022907956
2024-10-28 05:15:00+00:00,99253.80022907956
2024-10-28 05:30:00+00:00,99253.80022907956
2024-10-28 05:45:00+00:00,99253.80022907956
2024-10-28 06:00:00+00:00,99253.80022907956
2024-10-28 06:15:00+00:00,99253.80022907956
2024-10-28 06:30:00+00:00,99253.80022907956
2024-10-28 06:45:00+00:00,99253.80022907956
2024-10-28 07:00:00+00:00,99253.80022907956
2024-10-28 07:15:00+00:00,99253.80022907956
2024-10-28 07:30:00+00:00,99253.80022907956
2024-10-28 07:45:00+00:00,99253.80022907956
2024-10-28 08:00:00+00:00,99253.80022907956
2024-10-28 08:15:00+00:00,99253.80022907956
2024-10-28 08:30:00+00:00,99253.80022907956
2024-10-28 08:45:00+00:00,99253.80022907956
2024-10-28 09:00:00+00:00,99253.80022907956
2024-10-28 09:15:00+00:00,99253.80022907956
2024-10-28 09:30:00+00:00,99253.80022907956
2024-10-28 09:45:00+00:00,99253.80022907956
2024-10-28 10:00:00+00:00,99253.80022907956
2024-10-28 10:15:00+00:00,99253.80022907956
2024-10-28 10:30:00+00:00,99253.80022907956
2024-10-28 10:45:00+00:00,99253.80022907956
2024-10-28 11:00:00+00:00,99253.80022907956
2024-10-28 11:15:00+00:00,99253.80022907956
2024-10-28 11:30:00+00:00,99253.80022907956
2024-10-28 11:45:00+00:00,99253.80022907956
2024-10-28 12:00:00+00:00,99253.80022907956
2024-10-28 12:15:00+00:00,99248.74294850846
2024-10-28 12:30:00+00:00,99238.41998871532
2024-10-28 12:45:00+00:00,99238.41998871532
2024-10-28 13:00:00+00:00,99238.41998871532
2024-10-28 13:15:00+00:00,99238.41998871532
2024-10-28 13:30:00+00:00,99238.41998871532
2024-10-28 13:45:00+00:00,99238.41998871532
2024-10-28 14:00:00+00:00,99238.41998871532
2024-10-28 14:15:00+00:00,99238.41998871532
2024-10-28 14:30:00+00:00,99238.41998871532
2024-10-28 14:45:00+00:00,99238.41998871532
2024-10-28 15:00:00+00:00,99238.41998871532
2024-10-28 15:15:00+00:00,99238.41998871532
2024-10-28 15:30:00+00:00,99238.41998871532
2024-10-28 15:45:00+00:00,99238.41998871532
2024-10-28 16:00:00+00:00,99238.41998871532
2024-10-28 16:15:00+00:00,99238.41998871532
2024-10-28 16:30:00+00:00,99238.41998871532
2024-10-28 16:45:00+00:00,99238.41998871532
2024-10-28 17:00:00+00:00,99238.41998871532
2024-10-28 17:15:00+00:00,99238.41998871532
2024-10-28 17:30:00+00:00,99238.41998871532
2024-10-28 17:45:00+00:00,99238.41998871532
2024-10-28 18:00:00+00:00,99238.41998871532
2024-10-28 18:15:00+00:00,99238.41998871532
2024-10-28 18:30:00+00:00,99238.41998871532
2024-10-28 18:45:00+00:00,99238.41998871532
2024-10-28 19:00:00+00:00,99238.41998871532
2024-10-28 19:15:00+00:00,99238.41998871532
2024-10-28 19:30:00+00:00,99238.41998871532
2024-10-28 19:45:00+00:00,99238.41998871532
2024-10-28 20:00:00+00:00,99238.41998871532
2024-10-28 20:15:00+00:00,99238.41998871532
2024-10-28 20:30:00+00:00,99238.41998871532
2024-10-28 20:45:00+00:00,99238.41998871532
2024-10-28 21:00:00+00:00,99238.41998871532
2024-10-28 21:15:00+00:00,99238.41998871532
2024-10-28 21:30:00+00:00,99238.41998871532
2024-10-28 21:45:00+00:00,99238.41998871532
2024-10-28 22:00:00+00:00,99238.41998871532
2024-10-28 22:15:00+00:00,99238.41998871532
2024-10-28 22:30:00+00:00,99238.41998871532
2024-10-28 22:45:00+00:00,99238.41998871532
2024-10-28 23:00:00+00:00,99238.41998871532
2024-10-28 23:15:00+00:00,99238.41998871532
2024-10-28 23:30:00+00:00,99238.41998871532
2024-10-28 23:45:00+00:00,99238.41998871532
2024-10-29 00:00:00+00:00,99238.41998871532
2024-10-29 00:15:00+00:00,99238.41998871532
2024-10-29 00:30:00+00:00,99238.41998871532
2024-10-29 00:45:00+00:00,99238.41998871532
2024-10-29 01:00:00+00:00,99238.41998871532
2024-10-29 01:15:00+00:00,99238.41998871532
2024-10-29 01:30:00+00:00,99238.41998871532
2024-10-29 01:45:00+00:00,99238.41998871532
2024-10-29 02:00:00+00:00,99238.41998871532
2024-10-29 02:15:00+00:00,99238.41998871532
2024-10-29 02:30:00+00:00,99238.41998871532
2024-10-29 02:45:00+00:00,99238.41998871532
2024-10-29 03:00:00+00:00,99238.41998871532
2024-10-29 03:15:00+00:00,99238.41998871532
2024-10-29 03:30:00+00:00,99238.41998871532
2024-10-29 03:45:00+00:00,99238.41998871532
2024-10-29 04:00:00+00:00,99238.41998871532
2024-10-29 04:15:00+00:00,99238.41998871532
2024-10-29 04:30:00+00:00,99238.41998871532
2024-10-29 04:45:00+00:00,99238.41998871532
2024-10-29 05:00:00+00:00,99238.41998871532
2024-10-29 05:15:00+00:00,99238.41998871532
2024-10-29 05:30:00+00:00,99238.41998871532
2024-10-29 05:45:00+00:00,99238.41998871532
2024-10-29 06:00:00+00:00,99238.41998871532
2024-10-29 06:15:00+00:00,99238.41998871532
2024-10-29 06:30:00+00:00,99238.41998871532
2024-10-29 06:45:00+00:00,99238.41998871532
2024-10-29 07:00:00+00:00,99238.41998871532
2024-10-29 07:15:00+00:00,99238.41998871532
2024-10-29 07:30:00+00:00,99238.41998871532
2024-10-29 07:45:00+00:00,99238.41998871532
2024-10-29 08:00:00+00:00,99238.41998871532
2024-10-29 08:15:00+00:00,99238.41998871532
2024-10-29 08:30:00+00:00,99238.41998871532
2024-10-29 08:45:00+00:00,99238.41998871532
2024-10-29 09:00:00+00:00,99238.41998871532
2024-10-29 09:15:00+00:00,99238.41998871532
2024-10-29 09:30:00+00:00,99238.41998871532
2024-10-29 09:45:00+00:00,99238.41998871532
2024-10-29 10:00:00+00:00,99238.41998871532
2024-10-29 10:15:00+00:00,99238.41998871532
2024-10-29 10:30:00+00:00,99238.41998871532
2024-10-29 10:45:00+00:00,99238.41998871532
2024-10-29 11:00:00+00:00,99238.41998871532
2024-10-29 11:15:00+00:00,99238.41998871532
2024-10-29 11:30:00+00:00,99238.41998871532
2024-10-29 11:45:00+00:00,99238.41998871532
2024-10-29 12:00:00+00:00,99238.41998871532
2024-10-29 12:15:00+00:00,99238.41998871532
2024-10-29 12:30:00+00:00,99238.41998871532
2024-10-29 12:45:00+00:00,99238.41998871532
2024-10-29 13:00:00+00:00,99238.41998871532
2024-10-29 13:15:00+00:00,99238.41998871532
2024-10-29 13:30:00+00:00,99238.41998871532
2024-10-29 13:45:00+00:00,99238.41998871532
2024-10-29 14:00:00+00:00,99238.41998871532
2024-10-29 14:15:00+00:00,99238.41998871532
2024-10-29 14:30:00+00:00,99238.41998871532
2024-10-29 14:45:00+00:00,99238.41998871532
2024-10-29 15:00:00+00:00,99238.41998871532
2024-10-29 15:15:00+00:00,99238.41998871532
2024-10-29 15:30:00+00:00,99238.41998871532
2024-10-29 15:45:00+00:00,99238.41998871532
2024-10-29 16:00:00+00:00,99238.41998871532
2024-10-29 16:15:00+00:00,99238.41998871532
2024-10-29 16:30:00+00:00,99238.41998871532
2024-10-29 16:45:00+00:00,99238.41998871532
2024-10-29 17:00:00+00:00,99238.41998871532
2024-10-29 17:15:00+00:00,99238.41998871532
2024-10-29 17:30:00+00:00,99238.41998871532
2024-10-29 17:45:00+00:00,99238.41998871532
2024-10-29 18:00:00+00:00,99238.41998871532
2024-10-29 18:15:00+00:00,99238.41998871532
2024-10-29 18:30:00+00:00,99238.41998871532
2024-10-29 18:45:00+00:00,99238.41998871532
2024-10-29 19:00:00+00:00,99238.41998871532
2024-10-29 19:15:00+00:00,99238.41998871532
2024-10-29 19:30:00+00:00,99238.41998871532
2024-10-29 19:45:00+00:00,99238.41998871532
2024-10-29 20:00:00+00:00,99238.41998871532
2024-10-29 20:15:00+00:00,99238.41998871532
2024-10-29 20:30:00+00:00,99238.41998871532
2024-10-29 20:45:00+00:00,99238.41998871532
2024-10-29 21:00:00+00:00,99238.41998871532
2024-10-29 21:15:00+00:00,99238.41998871532
2024-10-29 21:30:00+00:00,99238.41998871532
2024-10-29 21:45:00+00:00,99238.41998871532
2024-10-29 22:00:00+00:00,99238.41998871532
2024-10-29 22:15:00+00:00,99238.41998871532
2024-10-29 22:30:00+00:00,99238.41998871532
2024-10-29 22:45:00+00:00,99238.41998871532
2024-10-29 23:00:00+00:00,99238.41998871532
2024-10-29 23:15:00+00:00,99238.41998871532
2024-10-29 23:30:00+00:00,99238.41998871532
2024-10-29 23:45:00+00:00,99238.41998871532
2024-10-30 00:00:00+00:00,99238.41998871532
2024-10-30 00:15:00+00:00,99238.41998871532
2024-10-30 00:30:00+00:00,99238.41998871532
2024-10-30 00:45:00+00:00,99238.41998871532
2024-10-30 01:00:00+00:00,99238.41998871532
2024-10-30 01:15:00+00:00,99238.41998871532
2024-10-30 01:30:00+00:00,99238.41998871532
2024-10-30 01:45:00+00:00,99238.41998871532
2024-10-30 02:00:00+00:00,99238.41998871532
2024-10-30 02:15:00+00:00,99238.41998871532
2024-10-30 02:30:00+00:00,99238.41998871532
2024-10-30 02:45:00+00:00,99238.41998871532
2024-10-30 03:00:00+00:00,99238.41998871532
2024-10-30 03:15:00+00:00,99238.41998871532
2024-10-30 03:30:00+00:00,99238.41998871532
2024-10-30 03:45:00+00:00,99238.41998871532
2024-10-30 04:00:00+00:00,99238.41998871532
2024-10-30 04:15:00+00:00,99238.41998871532
2024-10-30 04:30:00+00:00,99238.41998871532
2024-10-30 04:45:00+00:00,99238.41998871532
2024-10-30 05:00:00+00:00,99238.41998871532
2024-10-30 05:15:00+00:00,99238.41998871532
2024-10-30 05:30:00+00:00,99238.41998871532
2024-10-30 05:45:00+00:00,99238.41998871532
2024-10-30 06:00:00+00:00,99238.41998871532
2024-10-30 06:15:00+00:00,99238.41998871532
2024-10-30 06:30:00+00:00,99238.41998871532
2024-10-30 06:45:00+00:00,99238.41998871532
2024-10-30 07:00:00+00:00,99238.41998871532
2024-10-30 07:15:00+00:00,99238.41998871532
2024-10-30 07:30:00+00:00,99238.41998871532
2024-10-30 07:45:00+00:00,99238.41998871532
2024-10-30 08:00:00+00:00,99238.41998871532
2024-10-30 08:15:00+00:00,99238.41998871532
2024-10-30 08:30:00+00:00,99238.41998871532
2024-10-30 08:45:00+00:00,99238.41998871532
2024-10-30 09:00:00+00:00,99238.41998871532
2024-10-30 09:15:00+00:00,99238.41998871532
2024-10-30 09:30:00+00:00,99238.41998871532
2024-10-30 09:45:00+00:00,99238.41998871532
2024-10-30 10:00:00+00:00,99238.41998871532
2024-10-30 10:15:00+00:00,99238.41998871532
2024-10-30 10:30:00+00:00,99238.41998871532
2024-10-30 10:45:00+00:00,99238.41998871532
2024-10-30 11:00:00+00:00,99238.41998871532
2024-10-30 11:15:00+00:00,99238.41998871532
2024-10-30 11:30:00+00:00,99238.41998871532
2024-10-30 11:45:00+00:00,99238.41998871532
2024-10-30 12:00:00+00:00,99238.41998871532
2024-10-30 12:15:00+00:00,99238.41998871532
2024-10-30 12:30:00+00:00,99238.41998871532
2024-10-30 12:45:00+00:00,99238.41998871532
2024-10-30 13:00:00+00:00,99238.41998871532
2024-10-30 13:15:00+00:00,99238.41998871532
2024-10-30 13:30:00+00:00,99238.41998871532
2024-10-30 13:45:00+00:00,99238.41998871532
2024-10-30 14:00:00+00:00,99238.41998871532
2024-10-30 14:15:00+00:00,99238.41998871532
2024-10-30 14:30:00+00:00,99238.41998871532
2024-10-30 14:45:00+00:00,99238.41998871532
2024-10-30 15:00:00+00:00,99238.41998871532
2024-10-30 15:15:00+00:00,99238.41998871532
2024-10-30 15:30:00+00:00,99238.41998871532
2024-10-30 15:45:00+00:00,99238.41998871532
2024-10-30 16:00:00+00:00,99238.41998871532
2024-10-30 16:15:00+00:00,99241.80773255399
2024-10-30 16:30:00+00:00,99242.70614803048
2024-10-30 16:45:00+00:00,99243.53008412049
2024-10-30 17:00:00+00:00,99238.43412518977
2024-10-30 17:15:00+00:00,99233.76436458374
2024-10-30 17:30:00+00:00,99233.76436458374
2024-10-30 17:45:00+00:00,99233.76436458374
2024-10-30 18:00:00+00:00,99233.76436458374
2024-10-30 18:15:00+00:00,99233.76436458374
2024-10-30 18:30:00+00:00,99233.76436458374
2024-10-30 18:45:00+00:00,99233.76436458374
2024-10-30 19:00:00+00:00,99233.76436458374
2024-10-30 19:15:00+00:00,99233.76436458374
2024-10-30 19:30:00+00:00,99233.76436458374
2024-10-30 19:45:00+00:00,99233.76436458374
2024-10-30 20:00:00+00:00,99233.76436458374
2024-10-30 20:15:00+00:00,99233.76436458374
2024-10-30 20:30:00+00:00,99233.76436458374
2024-10-30 20:45:00+00:00,99233.76436458374
2024-10-30 21:00:00+00:00,99233.76436458374
2024-10-30 21:15:00+00:00,99233.76436458374
2024-10-30 21:30:00+00:00,99233.76436458374
2024-10-30 21:45:00+00:00,99233.76436458374
2024-10-30 22:00:00+00:00,99233.76436458374
2024-10-30 22:15:00+00:00,99233.76436458374
2024-10-30 22:30:00+00:00,99233.76436458374
2024-10-30 22:45:00+00:00,99233.76436458374
2024-10-30 23:00:00+00:00,99233.76436458374
2024-10-30 23:15:00+00:00,99233.76436458374
2024-10-30 23:30:00+00:00,99233.76436458374
2024-10-30 23:45:00+00:00,99233.76436458374
2024-10-31 00:00:00+00:00,99233.76436458374
2024-10-31 00:15:00+00:00,99233.76436458374
2024-10-31 00:30:00+00:00,99233.76436458374
2024-10-31 00:45:00+00:00,99233.76436458374
2024-10-31 01:00:00+00:00,99233.76436458374
2024-10-31 01:15:00+00:00,99233.76436458374
2024-10-31 01:30:00+00:00,99233.76436458374
2024-10-31 01:45:00+00:00,99233.76436458374
2024-10-31 02:00:00+00:00,99233.76436458374
2024-10-31 02:15:00+00:00,99233.76436458374
2024-10-31 02:30:00+00:00,99233.76436458374
2024-10-31 02:45:00+00:00,99233.76436458374
2024-10-31 03:00:00+00:00,99233.76436458374
2024-10-31 03:15:00+00:00,99233.76436458374
2024-10-31 03:30:00+00:00,99233.76436458374
2024-10-31 03:45:00+00:00,99233.76436458374
2024-10-31 04:00:00+00:00,99233.76436458374
2024-10-31 04:15:00+00:00,99233.76436458374
2024-10-31 04:30:00+00:00,99233.76436458374
2024-10-31 04:45:00+00:00,99233.76436458374
2024-10-31 05:00:00+00:00,99233.76436458374
2024-10-31 05:15:00+00:00,99233.76436458374
2024-10-31 05:30:00+00:00,99233.76436458374
2024-10-31 05:45:00+00:00,99233.76436458374
2024-10-31 06:00:00+00:00,99233.76436458374
2024-10-31 06:15:00+00:00,99233.76436458374
2024-10-31 06:30:00+00:00,99233.76436458374
2024-10-31 06:45:00+00:00,99233.76436458374
2024-10-31 07:00:00+00:00,99233.76436458374
2024-10-31 07:15:00+00:00,99233.76436458374
2024-10-31 07:30:00+00:00,99233.76436458374
2024-10-31 07:45:00+00:00,99233.76436458374
2024-10-31 08:00:00+00:00,99233.76436458374
2024-10-31 08:15:00+00:00,99233.76436458374
2024-10-31 08:30:00+00:00,99233.76436458374
2024-10-31 08:45:00+00:00,99233.76436458374
2024-10-31 09:00:00+00:00,99233.76436458374
2024-10-31 09:15:00+00:00,99233.76436458374
2024-10-31 09:30:00+00:00,99233.76436458374
2024-10-31 09:45:00+00:00,99233.76436458374
2024-10-31 10:00:00+00:00,99233.76436458374
2024-10-31 10:15:00+00:00,99233.76436458374
2024-10-31 10:30:00+00:00,99233.76436458374
2024-10-31 10:45:00+00:00,99233.76436458374
2024-10-31 11:00:00+00:00,99233.76436458374
2024-10-31 11:15:00+00:00,99233.76436458374
2024-10-31 11:30:00+00:00,99233.76436458374
2024-10-31 11:45:00+00:00,99233.76436458374
2024-10-31 12:00:00+00:00,99233.76436458374
2024-10-31 12:15:00+00:00,99233.76436458374
2024-10-31 12:30:00+00:00,99233.76436458374
2024-10-31 12:45:00+00:00,99233.76436458374
2024-10-31 13:00:00+00:00,99233.76436458374
2024-10-31 13:15:00+00:00,99233.76436458374
2024-10-31 13:30:00+00:00,99233.76436458374
2024-10-31 13:45:00+00:00,99233.76436458374
2024-10-31 14:00:00+00:00,99233.76436458374
2024-10-31 14:15:00+00:00,99233.76436458374
2024-10-31 14:30:00+00:00,99233.76436458374
2024-10-31 14:45:00+00:00,99233.76436458374
2024-10-31 15:00:00+00:00,99233.76436458374
2024-10-31 15:15:00+00:00,99233.76436458374
2024-10-31 15:30:00+00:00,99233.76436458374
2024-10-31 15:45:00+00:00,99233.76436458374
2024-10-31 16:00:00+00:00,99233.76436458374
2024-10-31 16:15:00+00:00,99233.76436458374
2024-10-31 16:30:00+00:00,99233.76436458374
2024-10-31 16:45:00+00:00,99233.76436458374
2024-10-31 17:00:00+00:00,99233.76436458374
2024-10-31 17:15:00+00:00,99233.76436458374
2024-10-31 17:30:00+00:00,99233.76436458374
2024-10-31 17:45:00+00:00,99233.76436458374
2024-10-31 18:00:00+00:00,99233.76436458374
2024-10-31 18:15:00+00:00,99233.76436458374
2024-10-31 18:30:00+00:00,99233.76436458374
2024-10-31 18:45:00+00:00,99233.76436458374
2024-10-31 19:00:00+00:00,99233.76436458374
2024-10-31 19:15:00+00:00,99233.76436458374
2024-10-31 19:30:00+00:00,99233.76436458374
2024-10-31 19:45:00+00:00,99233.76436458374
2024-10-31 20:00:00+00:00,99233.76436458374
2024-10-31 20:15:00+00:00,99233.76436458374
2024-10-31 20:30:00+00:00,99233.76436458374
2024-10-31 20:45:00+00:00,99233.76436458374
2024-10-31 21:00:00+00:00,99233.76436458374
2024-10-31 21:15:00+00:00,99233.76436458374
2024-10-31 21:30:00+00:00,99233.76436458374
2024-10-31 21:45:00+00:00,99233.76436458374
2024-10-31 22:00:00+00:00,99233.76436458374
2024-10-31 22:15:00+00:00,99233.76436458374
2024-10-31 22:30:00+00:00,99233.76436458374
2024-10-31 22:45:00+00:00,99233.76436458374
2024-10-31 23:00:00+00:00,99233.76436458374
2024-10-31 23:15:00+00:00,99233.76436458374
2024-10-31 23:30:00+00:00,99233.76436458374
2024-10-31 23:45:00+00:00,99233.76436458374
2024-11-01 00:00:00+00:00,99233.76436458374
2024-11-01 00:15:00+00:00,99233.76436458374
2024-11-01 00:30:00+00:00,99233.76436458374
2024-11-01 00:45:00+00:00,99233.76436458374
2024-11-01 01:00:00+00:00,99233.76436458374
2024-11-01 01:15:00+00:00,99233.76436458374
2024-11-01 01:30:00+00:00,99233.76436458374
2024-11-01 01:45:00+00:00,99233.76436458374
2024-11-01 02:00:00+00:00,99233.76436458374
2024-11-01 02:15:00+00:00,99233.76436458374
2024-11-01 02:30:00+00:00,99233.76436458374
2024-11-01 02:45:00+00:00,99233.76436458374
2024-11-01 03:00:00+00:00,99233.76436458374
2024-11-01 03:15:00+00:00,99233.76436458374
2024-11-01 03:30:00+00:00,99233.76436458374
2024-11-01 03:45:00+00:00,99233.76436458374
2024-11-01 04:00:00+00:00,99233.76436458374
2024-11-01 04:15:00+00:00,99233.76436458374
2024-11-01 04:30:00+00:00,99233.76436458374
2024-11-01 04:45:00+00:00,99233.76436458374
2024-11-01 05:00:00+00:00,99233.76436458374
2024-11-01 05:15:00+00:00,99233.76436458374
2024-11-01 05:30:00+00:00,99233.76436458374
2024-11-01 05:45:00+00:00,99233.76436458374
2024-11-01 06:00:00+00:00,99233.76436458374
2024-11-01 06:15:00+00:00,99233.76436458374
2024-11-01 06:30:00+00:00,99233.76436458374
2024-11-01 06:45:00+00:00,99233.76436458374
2024-11-01 07:00:00+00:00,99233.76436458374
2024-11-01 07:15:00+00:00,99233.76436458374
2024-11-01 07:30:00+00:00,99233.76436458374
2024-11-01 07:45:00+00:00,99233.76436458374
2024-11-01 08:00:00+00:00,99233.76436458374
2024-11-01 08:15:00+00:00,99233.76436458374
2024-11-01 08:30:00+00:00,99233.76436458374
2024-11-01 08:45:00+00:00,99233.76436458374
2024-11-01 09:00:00+00:00,99233.76436458374
2024-11-01 09:15:00+00:00,99233.76436458374
2024-11-01 09:30:00+00:00,99233.76436458374
2024-11-01 09:45:00+00:00,99233.76436458374
2024-11-01 10:00:00+00:00,99233.76436458374
2024-11-01 10:15:00+00:00,99233.76436458374
2024-11-01 10:30:00+00:00,99233.76436458374
2024-11-01 10:45:00+00:00,99233.76436458374
2024-11-01 11:00:00+00:00,99233.76436458374
2024-11-01 11:15:00+00:00,99233.76436458374
2024-11-01 11:30:00+00:00,99233.76436458374
2024-11-01 11:45:00+00:00,99233.76436458374
2024-11-01 12:00:00+00:00,99233.76436458374
2024-11-01 12:15:00+00:00,99233.76436458374
2024-11-01 12:30:00+00:00,99233.76436458374
2024-11-01 12:45:00+00:00,99233.76436458374
2024-11-01 13:00:00+00:00,99233.76436458374
2024-11-01 13:15:00+00:00,99233.76436458374
2024-11-01 13:30:00+00:00,99233.76436458374
2024-11-01 13:45:00+00:00,99233.76436458374
2024-11-01 14:00:00+00:00,99233.76436458374
2024-11-01 14:15:00+00:00,99233.76436458374
2024-11-01 14:30:00+00:00,99233.76436458374
2024-11-01 14:45:00+00:00,99233.76436458374
2024-11-01 15:00:00+00:00,99233.76436458374
2024-11-01 15:15:00+00:00,99233.76436458374
2024-11-01 15:30:00+00:00,99233.76436458374
2024-11-01 15:45:00+00:00,99233.76436458374
2024-11-01 16:00:00+00:00,99233.76436458374
2024-11-01 16:15:00+00:00,99233.76436458374
2024-11-01 16:30:00+00:00,99233.76436458374
2024-11-01 16:45:00+00:00,99233.76436458374
2024-11-01 17:00:00+00:00,99233.76436458374
2024-11-01 17:15:00+00:00,99233.76436458374
2024-11-01 17:30:00+00:00,99233.76436458374
2024-11-01 17:45:00+00:00,99233.76436458374
2024-11-01 18:00:00+00:00,99233.76436458374
2024-11-01 18:15:00+00:00,99233.76436458374
2024-11-01 18:30:00+00:00,99233.76436458374
2024-11-01 18:45:00+00:00,99233.76436458374
2024-11-01 19:00:00+00:00,99233.76436458374
2024-11-01 19:15:00+00:00,99233.76436458374
2024-11-01 19:30:00+00:00,99233.76436458374
2024-11-01 19:45:00+00:00,99233.76436458374
2024-11-01 20:00:00+00:00,99233.76436458374
2024-11-01 20:15:00+00:00,99233.76436458374
2024-11-01 20:30:00+00:00,99233.76436458374
2024-11-01 20:45:00+00:00,99233.76436458374
2024-11-01 21:00:00+00:00,99233.76436458374
2024-11-01 21:15:00+00:00,99233.76436458374
2024-11-01 21:30:00+00:00,99233.76436458374
2024-11-01 21:45:00+00:00,99233.76436458374
2024-11-01 22:00:00+00:00,99233.76436458374
2024-11-01 22:15:00+00:00,99233.76436458374
2024-11-01 22:30:00+00:00,99233.76436458374
2024-11-01 22:45:00+00:00,99233.76436458374
2024-11-01 23:00:00+00:00,99233.76436458374
2024-11-01 23:15:00+00:00,99233.76436458374
2024-11-01 23:30:00+00:00,99233.76436458374
2024-11-01 23:45:00+00:00,99233.76436458374
2024-11-02 00:00:00+00:00,99233.76436458374
2024-11-02 00:15:00+00:00,99233.76436458374
2024-11-02 00:30:00+00:00,99233.76436458374
2024-11-02 00:45:00+00:00,99233.76436458374
2024-11-02 01:00:00+00:00,99233.76436458374
2024-11-02 01:15:00+00:00,99233.76436458374
2024-11-02 01:30:00+00:00,99233.76436458374
2024-11-02 01:45:00+00:00,99233.76436458374
2024-11-02 02:00:00+00:00,99233.76436458374
2024-11-02 02:15:00+00:00,99233.76436458374
2024-11-02 02:30:00+00:00,99233.76436458374
2024-11-02 02:45:00+00:00,99233.76436458374
2024-11-02 03:00:00+00:00,99233.76436458374
2024-11-02 03:15:00+00:00,99233.76436458374
2024-11-02 03:30:00+00:00,99233.76436458374
2024-11-02 03:45:00+00:00,99233.76436458374
2024-11-02 04:00:00+00:00,99233.76436458374
2024-11-02 04:15:00+00:00,99233.76436458374
2024-11-02 04:30:00+00:00,99233.76436458374
2024-11-02 04:45:00+00:00,99233.76436458374
2024-11-02 05:00:00+00:00,99233.76436458374
2024-11-02 05:15:00+00:00,99233.76436458374
2024-11-02 05:30:00+00:00,99233.76436458374
2024-11-02 05:45:00+00:00,99233.76436458374
2024-11-02 06:00:00+00:00,99233.76436458374
2024-11-02 06:15:00+00:00,99233.76436458374
2024-11-02 06:30:00+00:00,99233.76436458374
2024-11-02 06:45:00+00:00,99233.76436458374
2024-11-02 07:00:00+00:00,99233.76436458374
2024-11-02 07:15:00+00:00,99233.76436458374
2024-11-02 07:30:00+00:00,99233.76436458374
2024-11-02 07:45:00+00:00,99233.76436458374
2024-11-02 08:00:00+00:00,99233.76436458374
2024-11-02 08:15:00+00:00,99233.76436458374
2024-11-02 08:30:00+00:00,99233.76436458374
2024-11-02 08:45:00+00:00,99233.76436458374
2024-11-02 09:00:00+00:00,99233.76436458374
2024-11-02 09:15:00+00:00,99233.76436458374
2024-11-02 09:30:00+00:00,99233.76436458374
2024-11-02 09:45:00+00:00,99233.76436458374
2024-11-02 10:00:00+00:00,99233.76436458374
2024-11-02 10:15:00+00:00,99233.76436458374
2024-11-02 10:30:00+00:00,99233.76436458374
2024-11-02 10:45:00+00:00,99233.76436458374
2024-11-02 11:00:00+00:00,99233.76436458374
2024-11-02 11:15:00+00:00,99233.76436458374
2024-11-02 11:30:00+00:00,99233.76436458374
2024-11-02 11:45:00+00:00,99233.76436458374
2024-11-02 12:00:00+00:00,99233.76436458374
2024-11-02 12:15:00+00:00,99233.76436458374
2024-11-02 12:30:00+00:00,99233.76436458374
2024-11-02 12:45:00+00:00,99233.76436458374
2024-11-02 13:00:00+00:00,99233.76436458374
2024-11-02 13:15:00+00:00,99233.76436458374
2024-11-02 13:30:00+00:00,99233.76436458374
2024-11-02 13:45:00+00:00,99233.76436458374
2024-11-02 14:00:00+00:00,99233.76436458374
2024-11-02 14:15:00+00:00,99233.76436458374
2024-11-02 14:30:00+00:00,99233.76436458374
2024-11-02 14:45:00+00:00,99233.76436458374
2024-11-02 15:00:00+00:00,99233.76436458374
2024-11-02 15:15:00+00:00,99233.76436458374
2024-11-02 15:30:00+00:00,99233.76436458374
2024-11-02 15:45:00+00:00,99233.76436458374
2024-11-02 16:00:00+00:00,99233.76436458374
2024-11-02 16:15:00+00:00,99233.76436458374
2024-11-02 16:30:00+00:00,99233.76436458374
2024-11-02 16:45:00+00:00,99233.76436458374
2024-11-02 17:00:00+00:00,99233.76436458374
2024-11-02 17:15:00+00:00,99233.76436458374
2024-11-02 17:30:00+00:00,99233.76436458374
2024-11-02 17:45:00+00:00,99233.76436458374
2024-11-02 18:00:00+00:00,99233.76436458374
2024-11-02 18:15:00+00:00,99233.76436458374
2024-11-02 18:30:00+00:00,99233.76436458374
2024-11-02 18:45:00+00:00,99233.76436458374
2024-11-02 19:00:00+00:00,99233.76436458374
2024-11-02 19:15:00+00:00,99233.76436458374
2024-11-02 19:30:00+00:00,99233.76436458374
2024-11-02 19:45:00+00:00,99233.76436458374
2024-11-02 20:00:00+00:00,99233.76436458374
2024-11-02 20:15:00+00:00,99233.76436458374
2024-11-02 20:30:00+00:00,99233.76436458374
2024-11-02 20:45:00+00:00,99233.76436458374
2024-11-02 21:00:00+00:00,99233.76436458374
2024-11-02 21:15:00+00:00,99233.76436458374
2024-11-02 21:30:00+00:00,99233.76436458374
2024-11-02 21:45:00+00:00,99233.76436458374
2024-11-02 22:00:00+00:00,99233.76436458374
2024-11-02 22:15:00+00:00,99233.76436458374
2024-11-02 22:30:00+00:00,99233.76436458374
2024-11-02 22:45:00+00:00,99233.76436458374
2024-11-02 23:00:00+00:00,99233.76436458374
2024-11-02 23:15:00+00:00,99233.76436458374
2024-11-02 23:30:00+00:00,99233.76436458374
2024-11-02 23:45:00+00:00,99233.76436458374
2024-11-03 00:00:00+00:00,99233.76436458374
2024-11-03 00:15:00+00:00,99233.76436458374
2024-11-03 00:30:00+00:00,99233.76436458374
2024-11-03 00:45:00+00:00,99233.76436458374
2024-11-03 01:00:00+00:00,99233.76436458374
2024-11-03 01:15:00+00:00,99233.76436458374
2024-11-03 01:30:00+00:00,99233.76436458374
2024-11-03 01:45:00+00:00,99233.76436458374
2024-11-03 02:00:00+00:00,99233.76436458374
2024-11-03 02:15:00+00:00,99233.76436458374
2024-11-03 02:30:00+00:00,99233.76436458374
2024-11-03 02:45:00+00:00,99233.76436458374
2024-11-03 03:00:00+00:00,99233.76436458374
2024-11-03 03:15:00+00:00,99233.76436458374
2024-11-03 03:30:00+00:00,99233.76436458374
2024-11-03 03:45:00+00:00,99233.76436458374
2024-11-03 04:00:00+00:00,99233.76436458374
2024-11-03 04:15:00+00:00,99233.76436458374
2024-11-03 04:30:00+00:00,99233.76436458374
2024-11-03 04:45:00+00:00,99233.76436458374
2024-11-03 05:00:00+00:00,99233.76436458374
2024-11-03 05:15:00+00:00,99233.76436458374
2024-11-03 05:30:00+00:00,99233.76436458374
2024-11-03 05:45:00+00:00,99233.76436458374
2024-11-03 06:00:00+00:00,99233.76436458374
2024-11-03 06:15:00+00:00,99233.76436458374
2024-11-03 06:30:00+00:00,99233.76436458374
2024-11-03 06:45:00+00:00,99233.76436458374
2024-11-03 07:00:00+00:00,99233.76436458374
2024-11-03 07:15:00+00:00,99233.76436458374
2024-11-03 07:30:00+00:00,99233.76436458374
2024-11-03 07:45:00+00:00,99233.76436458374
2024-11-03 08:00:00+00:00,99233.76436458374
2024-11-03 08:15:00+00:00,99233.76436458374
2024-11-03 08:30:00+00:00,99233.76436458374
2024-11-03 08:45:00+00:00,99233.76436458374
2024-11-03 09:00:00+00:00,99233.76436458374
2024-11-03 09:15:00+00:00,99233.76436458374
2024-11-03 09:30:00+00:00,99233.76436458374
2024-11-03 09:45:00+00:00,99233.76436458374
2024-11-03 10:00:00+00:00,99233.76436458374
2024-11-03 10:15:00+00:00,99233.76436458374
2024-11-03 10:30:00+00:00,99233.76436458374
2024-11-03 10:45:00+00:00,99233.76436458374
2024-11-03 11:00:00+00:00,99233.76436458374
2024-11-03 11:15:00+00:00,99233.76436458374
2024-11-03 11:30:00+00:00,99233.76436458374
2024-11-03 11:45:00+00:00,99233.76436458374
2024-11-03 12:00:00+00:00,99233.76436458374
2024-11-03 12:15:00+00:00,99233.76436458374
2024-11-03 12:30:00+00:00,99233.76436458374
2024-11-03 12:45:00+00:00,99233.76436458374
2024-11-03 13:00:00+00:00,99233.76436458374
2024-11-03 13:15:00+00:00,99233.76436458374
2024-11-03 13:30:00+00:00,99233.76436458374
2024-11-03 13:45:00+00:00,99233.76436458374
2024-11-03 14:00:00+00:00,99233.76436458374
2024-11-03 14:15:00+00:00,99233.76436458374
2024-11-03 14:30:00+00:00,99233.76436458374
2024-11-03 14:45:00+00:00,99233.76436458374
2024-11-03 15:00:00+00:00,99233.76436458374
2024-11-03 15:15:00+00:00,99233.76436458374
2024-11-03 15:30:00+00:00,99233.76436458374
2024-11-03 15:45:00+00:00,99233.76436458374
2024-11-03 16:00:00+00:00,99233.76436458374
2024-11-03 16:15:00+00:00,99233.76436458374
2024-11-03 16:30:00+00:00,99233.76436458374
2024-11-03 16:45:00+00:00,99233.76436458374
2024-11-03 17:00:00+00:00,99233.76436458374
2024-11-03 17:15:00+00:00,99233.76436458374
2024-11-03 17:30:00+00:00,99233.76436458374
2024-11-03 17:45:00+00:00,99233.76436458374
2024-11-03 18:00:00+00:00,99233.76436458374
2024-11-03 18:15:00+00:00,99233.76436458374
2024-11-03 18:30:00+00:00,99233.76436458374
2024-11-03 18:45:00+00:00,99233.76436458374
2024-11-03 19:00:00+00:00,99233.76436458374
2024-11-03 19:15:00+00:00,99233.76436458374
2024-11-03 19:30:00+00:00,99233.76436458374
2024-11-03 19:45:00+00:00,99233.76436458374
2024-11-03 20:00:00+00:00,99233.76436458374
2024-11-03 20:15:00+00:00,99233.76436458374
2024-11-03 20:30:00+00:00,99233.76436458374
2024-11-03 20:45:00+00:00,99233.76436458374
2024-11-03 21:00:00+00:00,99233.76436458374
2024-11-03 21:15:00+00:00,99233.76436458374
2024-11-03 21:30:00+00:00,99233.76436458374
2024-11-03 21:45:00+00:00,99233.76436458374
2024-11-03 22:00:00+00:00,99233.76436458374
2024-11-03 22:15:00+00:00,99233.76436458374
2024-11-03 22:30:00+00:00,99233.76436458374
2024-11-03 22:45:00+00:00,99233.76436458374
2024-11-03 23:00:00+00:00,99233.76436458374
2024-11-03 23:15:00+00:00,99233.76436458374
2024-11-03 23:30:00+00:00,99233.76436458374
2024-11-03 23:45:00+00:00,99233.76436458374
2024-11-04 00:00:00+00:00,99233.76436458374
2024-11-04 00:15:00+00:00,99236.19788529513
2024-11-04 00:30:00+00:00,99236.61936810343
2024-11-04 00:45:00+00:00,99236.61936810343
2024-11-04 01:00:00+00:00,99236.61936810343
2024-11-04 01:15:00+00:00,99236.61936810343
2024-11-04 01:30:00+00:00,99236.61936810343
2024-11-04 01:45:00+00:00,99236.61936810343
2024-11-04 02:00:00+00:00,99236.61936810343
2024-11-04 02:15:00+00:00,99236.61936810343
2024-11-04 02:30:00+00:00,99236.61936810343
2024-11-04 02:45:00+00:00,99236.61936810343
2024-11-04 03:00:00+00:00,99236.61936810343
2024-11-04 03:15:00+00:00,99236.61936810343
2024-11-04 03:30:00+00:00,99236.61936810343
2024-11-04 03:45:00+00:00,99236.61936810343
2024-11-04 04:00:00+00:00,99236.61936810343
2024-11-04 04:15:00+00:00,99232.82579474889
2024-11-04 04:30:00+00:00,99236.70230730413
2024-11-04 04:45:00+00:00,99237.03309305967
2024-11-04 05:00:00+00:00,99237.4485520949
2024-11-04 05:15:00+00:00,99240.82936595772
2024-11-04 05:30:00+00:00,99243.41923305052
2024-11-04 05:45:00+00:00,99246.48584931149
2024-11-04 06:00:00+00:00,99246.48584931149
2024-11-04 06:15:00+00:00,99246.48584931149
2024-11-04 06:30:00+00:00,99246.48584931149
2024-11-04 06:45:00+00:00,99246.48584931149
2024-11-04 07:00:00+00:00,99246.48584931149
2024-11-04 07:15:00+00:00,99246.48584931149
2024-11-04 07:30:00+00:00,99246.48584931149
2024-11-04 07:45:00+00:00,99246.48584931149
2024-11-04 08:00:00+00:00,99246.48584931149
2024-11-04 08:15:00+00:00,99246.48584931149
2024-11-04 08:30:00+00:00,99246.48584931149
2024-11-04 08:45:00+00:00,99246.48584931149
2024-11-04 09:00:00+00:00,99246.48584931149
2024-11-04 09:15:00+00:00,99246.48584931149
2024-11-04 09:30:00+00:00,99246.48584931149
2024-11-04 09:45:00+00:00,99246.48584931149
2024-11-04 10:00:00+00:00,99246.48584931149
2024-11-04 10:15:00+00:00,99246.48584931149
2024-11-04 10:30:00+00:00,99246.48584931149
2024-11-04 10:45:00+00:00,99246.48584931149
2024-11-04 11:00:00+00:00,99246.48584931149
2024-11-04 11:15:00+00:00,99246.48584931149
2024-11-04 11:30:00+00:00,99246.48584931149
2024-11-04 11:45:00+00:00,99246.48584931149
2024-11-04 12:00:00+00:00,99246.48584931149
2024-11-04 12:15:00+00:00,99246.48584931149
2024-11-04 12:30:00+00:00,99246.48584931149
2024-11-04 12:45:00+00:00,99246.48584931149
2024-11-04 13:00:00+00:00,99246.48584931149
2024-11-04 13:15:00+00:00,99246.48584931149
2024-11-04 13:30:00+00:00,99246.48584931149
2024-11-04 13:45:00+00:00,99246.48584931149
2024-11-04 14:00:00+00:00,99246.48584931149
2024-11-04 14:15:00+00:00,99246.48584931149
2024-11-04 14:30:00+00:00,99246.48584931149
2024-11-04 14:45:00+00:00,99246.48584931149
2024-11-04 15:00:00+00:00,99246.48584931149
2024-11-04 15:15:00+00:00,99246.48584931149
2024-11-04 15:30:00+00:00,99246.48584931149
2024-11-04 15:45:00+00:00,99246.48584931149
2024-11-04 16:00:00+00:00,99246.48584931149
2024-11-04 16:15:00+00:00,99246.48584931149
2024-11-04 16:30:00+00:00,99246.48584931149
2024-11-04 16:45:00+00:00,99246.48584931149
2024-11-04 17:00:00+00:00,99246.48584931149
2024-11-04 17:15:00+00:00,99246.48584931149
2024-11-04 17:30:00+00:00,99246.48584931149
2024-11-04 17:45:00+00:00,99246.48584931149
2024-11-04 18:00:00+00:00,99246.48584931149
2024-11-04 18:15:00+00:00,99246.48584931149
2024-11-04 18:30:00+00:00,99246.48584931149
2024-11-04 18:45:00+00:00,99246.48584931149
2024-11-04 19:00:00+00:00,99246.48584931149
2024-11-04 19:15:00+00:00,99246.48584931149
2024-11-04 19:30:00+00:00,99246.48584931149
2024-11-04 19:45:00+00:00,99246.48584931149
2024-11-04 20:00:00+00:00,99246.48584931149
2024-11-04 20:15:00+00:00,99246.48584931149
2024-11-04 20:30:00+00:00,99246.48584931149
2024-11-04 20:45:00+00:00,99246.48584931149
2024-11-04 21:00:00+00:00,99246.48584931149
2024-11-04 21:15:00+00:00,99246.48584931149
2024-11-04 21:30:00+00:00,99246.48584931149
2024-11-04 21:45:00+00:00,99246.48584931149
2024-11-04 22:00:00+00:00,99246.48584931149
2024-11-04 22:15:00+00:00,99246.48584931149
2024-11-04 22:30:00+00:00,99246.48584931149
2024-11-04 22:45:00+00:00,99246.48584931149
2024-11-04 23:00:00+00:00,99246.48584931149
2024-11-04 23:15:00+00:00,99246.48584931149
2024-11-04 23:30:00+00:00,99246.48584931149
2024-11-04 23:45:00+00:00,99246.48584931149
2024-11-05 00:00:00+00:00,99246.48584931149
2024-11-05 00:15:00+00:00,99246.48584931149
2024-11-05 00:30:00+00:00,99246.48584931149
2024-11-05 00:45:00+00:00,99246.48584931149
2024-11-05 01:00:00+00:00,99246.48584931149
2024-11-05 01:15:00+00:00,99246.48584931149
2024-11-05 01:30:00+00:00,99246.48584931149
2024-11-05 01:45:00+00:00,99246.48584931149
2024-11-05 02:00:00+00:00,99246.48584931149
2024-11-05 02:15:00+00:00,99246.48584931149
2024-11-05 02:30:00+00:00,99246.48584931149
2024-11-05 02:45:00+00:00,99246.48584931149
2024-11-05 03:00:00+00:00,99246.48584931149
2024-11-05 03:15:00+00:00,99246.48584931149
2024-11-05 03:30:00+00:00,99246.48584931149
2024-11-05 03:45:00+00:00,99246.48584931149
2024-11-05 04:00:00+00:00,99246.48584931149
2024-11-05 04:15:00+00:00,99246.48584931149
2024-11-05 04:30:00+00:00,99246.48584931149
2024-11-05 04:45:00+00:00,99246.48584931149
2024-11-05 05:00:00+00:00,99246.48584931149
2024-11-05 05:15:00+00:00,99246.48584931149
2024-11-05 05:30:00+00:00,99246.48584931149
2024-11-05 05:45:00+00:00,99246.48584931149
2024-11-05 06:00:00+00:00,99246.48584931149
2024-11-05 06:15:00+00:00,99246.48584931149
2024-11-05 06:30:00+00:00,99246.48584931149
2024-11-05 06:45:00+00:00,99246.48584931149
2024-11-05 07:00:00+00:00,99246.48584931149
2024-11-05 07:15:00+00:00,99246.48584931149
2024-11-05 07:30:00+00:00,99246.48584931149
2024-11-05 07:45:00+00:00,99246.48584931149
2024-11-05 08:00:00+00:00,99246.48584931149
2024-11-05 08:15:00+00:00,99246.48584931149
2024-11-05 08:30:00+00:00,99246.48584931149
2024-11-05 08:45:00+00:00,99246.48584931149
2024-11-05 09:00:00+00:00,99246.48584931149
2024-11-05 09:15:00+00:00,99246.48584931149
2024-11-05 09:30:00+00:00,99246.48584931149
2024-11-05 09:45:00+00:00,99246.48584931149
2024-11-05 10:00:00+00:00,99246.48584931149
2024-11-05 10:15:00+00:00,99246.48584931149
2024-11-05 10:30:00+00:00,99246.48584931149
2024-11-05 10:45:00+00:00,99246.48584931149
2024-11-05 11:00:00+00:00,99246.48584931149
2024-11-05 11:15:00+00:00,99246.48584931149
2024-11-05 11:30:00+00:00,99246.48584931149
2024-11-05 11:45:00+00:00,99246.48584931149
2024-11-05 12:00:00+00:00,99246.48584931149
2024-11-05 12:15:00+00:00,99246.48584931149
2024-11-05 12:30:00+00:00,99246.48584931149
2024-11-05 12:45:00+00:00,99246.48584931149
2024-11-05 13:00:00+00:00,99246.48584931149
2024-11-05 13:15:00+00:00,99246.48584931149
2024-11-05 13:30:00+00:00,99246.48584931149
2024-11-05 13:45:00+00:00,99246.48584931149
2024-11-05 14:00:00+00:00,99246.48584931149
2024-11-05 14:15:00+00:00,99246.48584931149
2024-11-05 14:30:00+00:00,99246.48584931149
2024-11-05 14:45:00+00:00,99246.48584931149
2024-11-05 15:00:00+00:00,99246.48584931149
2024-11-05 15:15:00+00:00,99246.48584931149
2024-11-05 15:30:00+00:00,99246.48584931149
2024-11-05 15:45:00+00:00,99246.48584931149
2024-11-05 16:00:00+00:00,99246.48584931149
2024-11-05 16:15:00+00:00,99246.48584931149
2024-11-05 16:30:00+00:00,99246.48584931149
2024-11-05 16:45:00+00:00,99246.48584931149
2024-11-05 17:00:00+00:00,99246.48584931149
2024-11-05 17:15:00+00:00,99246.48584931149
2024-11-05 17:30:00+00:00,99246.48584931149
2024-11-05 17:45:00+00:00,99246.48584931149
2024-11-05 18:00:00+00:00,99246.48584931149
2024-11-05 18:15:00+00:00,99246.48584931149
2024-11-05 18:30:00+00:00,99246.48584931149
2024-11-05 18:45:00+00:00,99246.48584931149
2024-11-05 19:00:00+00:00,99246.48584931149
2024-11-05 19:15:00+00:00,99246.48584931149
2024-11-05 19:30:00+00:00,99246.48584931149
2024-11-05 19:45:00+00:00,99246.48584931149
2024-11-05 20:00:00+00:00,99246.48584931149
2024-11-05 20:15:00+00:00,99246.48584931149
2024-11-05 20:30:00+00:00,99246.48584931149
2024-11-05 20:45:00+00:00,99246.48584931149
2024-11-05 21:00:00+00:00,99246.48584931149
2024-11-05 21:15:00+00:00,99246.48584931149
2024-11-05 21:30:00+00:00,99246.48584931149
2024-11-05 21:45:00+00:00,99246.48584931149
2024-11-05 22:00:00+00:00,99246.48584931149
2024-11-05 22:15:00+00:00,99246.48584931149
2024-11-05 22:30:00+00:00,99246.48584931149
2024-11-05 22:45:00+00:00,99246.48584931149
2024-11-05 23:00:00+00:00,99246.48584931149
2024-11-05 23:15:00+00:00,99246.48584931149
2024-11-05 23:30:00+00:00,99246.48584931149
2024-11-05 23:45:00+00:00,99246.48584931149
2024-11-06 00:00:00+00:00,99246.48584931149
2024-11-06 00:15:00+00:00,99246.48584931149
2024-11-06 00:30:00+00:00,99227.78249654036
2024-11-06 00:45:00+00:00,99206.89089505112
2024-11-06 01:00:00+00:00,99206.89089505112
2024-11-06 01:15:00+00:00,99206.89089505112
2024-11-06 01:30:00+00:00,99206.89089505112
2024-11-06 01:45:00+00:00,99206.89089505112
2024-11-06 02:00:00+00:00,99206.89089505112
2024-11-06 02:15:00+00:00,99206.89089505112
2024-11-06 02:30:00+00:00,99206.89089505112
2024-11-06 02:45:00+00:00,99206.89089505112
2024-11-06 03:00:00+00:00,99206.89089505112
2024-11-06 03:15:00+00:00,99206.89089505112
2024-11-06 03:30:00+00:00,99206.89089505112
2024-11-06 03:45:00+00:00,99206.89089505112
2024-11-06 04:00:00+00:00,99206.89089505112
2024-11-06 04:15:00+00:00,99206.89089505112
2024-11-06 04:30:00+00:00,99206.89089505112
2024-11-06 04:45:00+00:00,99206.89089505112
2024-11-06 05:00:00+00:00,99206.89089505112
2024-11-06 05:15:00+00:00,99206.89089505112
2024-11-06 05:30:00+00:00,99206.89089505112
2024-11-06 05:45:00+00:00,99206.89089505112
2024-11-06 06:00:00+00:00,99206.89089505112
2024-11-06 06:15:00+00:00,99206.89089505112
2024-11-06 06:30:00+00:00,99206.89089505112
2024-11-06 06:45:00+00:00,99206.89089505112
2024-11-06 07:00:00+00:00,99206.89089505112
2024-11-06 07:15:00+00:00,99206.89089505112
2024-11-06 07:30:00+00:00,99206.89089505112
2024-11-06 07:45:00+00:00,99206.89089505112
2024-11-06 08:00:00+00:00,99206.89089505112
2024-11-06 08:15:00+00:00,99206.89089505112
2024-11-06 08:30:00+00:00,99206.89089505112
2024-11-06 08:45:00+00:00,99206.89089505112
2024-11-06 09:00:00+00:00,99206.89089505112
2024-11-06 09:15:00+00:00,99206.89089505112
2024-11-06 09:30:00+00:00,99206.89089505112
2024-11-06 09:45:00+00:00,99206.89089505112
2024-11-06 10:00:00+00:00,99206.89089505112
2024-11-06 10:15:00+00:00,99206.89089505112
2024-11-06 10:30:00+00:00,99206.89089505112
2024-11-06 10:45:00+00:00,99206.89089505112
2024-11-06 11:00:00+00:00,99206.89089505112
2024-11-06 11:15:00+00:00,99206.89089505112
2024-11-06 11:30:00+00:00,99206.89089505112
2024-11-06 11:45:00+00:00,99206.89089505112
2024-11-06 12:00:00+00:00,99206.89089505112
2024-11-06 12:15:00+00:00,99206.89089505112
2024-11-06 12:30:00+00:00,99206.89089505112
2024-11-06 12:45:00+00:00,99206.89089505112
2024-11-06 13:00:00+00:00,99206.89089505112
2024-11-06 13:15:00+00:00,99206.89089505112
2024-11-06 13:30:00+00:00,99206.89089505112
2024-11-06 13:45:00+00:00,99206.89089505112
2024-11-06 14:00:00+00:00,99206.89089505112
2024-11-06 14:15:00+00:00,99206.89089505112
2024-11-06 14:30:00+00:00,99206.89089505112
2024-11-06 14:45:00+00:00,99206.89089505112
2024-11-06 15:00:00+00:00,99206.89089505112
2024-11-06 15:15:00+00:00,99206.89089505112
2024-11-06 15:30:00+00:00,99206.89089505112
2024-11-06 15:45:00+00:00,99206.89089505112
2024-11-06 16:00:00+00:00,99206.89089505112
2024-11-06 16:15:00+00:00,99206.89089505112
2024-11-06 16:30:00+00:00,99206.89089505112
2024-11-06 16:45:00+00:00,99206.89089505112
2024-11-06 17:00:00+00:00,99206.89089505112
2024-11-06 17:15:00+00:00,99206.89089505112
2024-11-06 17:30:00+00:00,99206.89089505112
2024-11-06 17:45:00+00:00,99206.89089505112
2024-11-06 18:00:00+00:00,99206.89089505112
2024-11-06 18:15:00+00:00,99206.89089505112
2024-11-06 18:30:00+00:00,99206.89089505112
2024-11-06 18:45:00+00:00,99206.89089505112
2024-11-06 19:00:00+00:00,99206.89089505112
2024-11-06 19:15:00+00:00,99206.89089505112
2024-11-06 19:30:00+00:00,99206.89089505112
2024-11-06 19:45:00+00:00,99206.89089505112
2024-11-06 20:00:00+00:00,99206.89089505112
2024-11-06 20:15:00+00:00,99206.89089505112
2024-11-06 20:30:00+00:00,99206.89089505112
2024-11-06 20:45:00+00:00,99206.89089505112
2024-11-06 21:00:00+00:00,99206.89089505112
2024-11-06 21:15:00+00:00,99206.89089505112
2024-11-06 21:30:00+00:00,99206.89089505112
2024-11-06 21:45:00+00:00,99206.89089505112
2024-11-06 22:00:00+00:00,99206.89089505112
2024-11-06 22:15:00+00:00,99206.89089505112
2024-11-06 22:30:00+00:00,99206.89089505112
2024-11-06 22:45:00+00:00,99206.89089505112
2024-11-06 23:00:00+00:00,99206.89089505112
2024-11-06 23:15:00+00:00,99206.89089505112
2024-11-06 23:30:00+00:00,99206.89089505112
2024-11-06 23:45:00+00:00,99206.89089505112
2024-11-07 00:00:00+00:00,99206.89089505112
2024-11-07 00:15:00+00:00,99206.89089505112
2024-11-07 00:30:00+00:00,99206.89089505112
2024-11-07 00:45:00+00:00,99206.89089505112
2024-11-07 01:00:00+00:00,99206.89089505112
2024-11-07 01:15:00+00:00,99206.89089505112
2024-11-07 01:30:00+00:00,99206.89089505112
2024-11-07 01:45:00+00:00,99206.89089505112
2024-11-07 02:00:00+00:00,99206.89089505112
2024-11-07 02:15:00+00:00,99206.89089505112
2024-11-07 02:30:00+00:00,99206.89089505112
2024-11-07 02:45:00+00:00,99206.89089505112
2024-11-07 03:00:00+00:00,99206.89089505112
2024-11-07 03:15:00+00:00,99206.89089505112
2024-11-07 03:30:00+00:00,99206.89089505112
2024-11-07 03:45:00+00:00,99206.89089505112
2024-11-07 04:00:00+00:00,99206.89089505112
2024-11-07 04:15:00+00:00,99206.89089505112
2024-11-07 04:30:00+00:00,99206.89089505112
2024-11-07 04:45:00+00:00,99206.89089505112
2024-11-07 05:00:00+00:00,99206.89089505112
2024-11-07 05:15:00+00:00,99206.89089505112
2024-11-07 05:30:00+00:00,99206.89089505112
2024-11-07 05:45:00+00:00,99206.89089505112
2024-11-07 06:00:00+00:00,99206.89089505112
2024-11-07 06:15:00+00:00,99206.89089505112
2024-11-07 06:30:00+00:00,99206.89089505112
2024-11-07 06:45:00+00:00,99206.89089505112
2024-11-07 07:00:00+00:00,99206.89089505112
2024-11-07 07:15:00+00:00,99206.89089505112
2024-11-07 07:30:00+00:00,99206.89089505112
2024-11-07 07:45:00+00:00,99206.89089505112
2024-11-07 08:00:00+00:00,99206.89089505112
2024-11-07 08:15:00+00:00,99206.89089505112
2024-11-07 08:30:00+00:00,99206.89089505112
2024-11-07 08:45:00+00:00,99206.89089505112
2024-11-07 09:00:00+00:00,99206.89089505112
2024-11-07 09:15:00+00:00,99206.89089505112
2024-11-07 09:30:00+00:00,99206.89089505112
2024-11-07 09:45:00+00:00,99206.89089505112
2024-11-07 10:00:00+00:00,99206.89089505112
2024-11-07 10:15:00+00:00,99206.89089505112
2024-11-07 10:30:00+00:00,99206.89089505112
2024-11-07 10:45:00+00:00,99206.89089505112
2024-11-07 11:00:00+00:00,99206.89089505112
2024-11-07 11:15:00+00:00,99206.89089505112
2024-11-07 11:30:00+00:00,99206.89089505112
2024-11-07 11:45:00+00:00,99206.89089505112
2024-11-07 12:00:00+00:00,99206.89089505112
2024-11-07 12:15:00+00:00,99206.89089505112
2024-11-07 12:30:00+00:00,99206.89089505112
2024-11-07 12:45:00+00:00,99206.89089505112
2024-11-07 13:00:00+00:00,99206.89089505112
2024-11-07 13:15:00+00:00,99206.89089505112
2024-11-07 13:30:00+00:00,99206.89089505112
2024-11-07 13:45:00+00:00,99206.89089505112
2024-11-07 14:00:00+00:00,99206.89089505112
2024-11-07 14:15:00+00:00,99206.89089505112
2024-11-07 14:30:00+00:00,99206.89089505112
2024-11-07 14:45:00+00:00,99206.89089505112
2024-11-07 15:00:00+00:00,99206.89089505112
2024-11-07 15:15:00+00:00,99206.89089505112
2024-11-07 15:30:00+00:00,99206.89089505112
2024-11-07 15:45:00+00:00,99206.89089505112
2024-11-07 16:00:00+00:00,99206.89089505112
2024-11-07 16:15:00+00:00,99206.89089505112
2024-11-07 16:30:00+00:00,99206.89089505112
2024-11-07 16:45:00+00:00,99206.89089505112
2024-11-07 17:00:00+00:00,99206.89089505112
2024-11-07 17:15:00+00:00,99206.89089505112
2024-11-07 17:30:00+00:00,99206.89089505112
2024-11-07 17:45:00+00:00,99206.89089505112
2024-11-07 18:00:00+00:00,99206.89089505112
2024-11-07 18:15:00+00:00,99206.89089505112
2024-11-07 18:30:00+00:00,99206.89089505112
2024-11-07 18:45:00+00:00,99206.89089505112
2024-11-07 19:00:00+00:00,99206.89089505112
2024-11-07 19:15:00+00:00,99206.89089505112
2024-11-07 19:30:00+00:00,99206.89089505112
2024-11-07 19:45:00+00:00,99206.89089505112
2024-11-07 20:00:00+00:00,99206.89089505112
2024-11-07 20:15:00+00:00,99206.89089505112
2024-11-07 20:30:00+00:00,99206.89089505112
2024-11-07 20:45:00+00:00,99206.89089505112
2024-11-07 21:00:00+00:00,99206.89089505112
2024-11-07 21:15:00+00:00,99206.89089505112
2024-11-07 21:30:00+00:00,99206.89089505112
2024-11-07 21:45:00+00:00,99206.89089505112
2024-11-07 22:00:00+00:00,99206.89089505112
2024-11-07 22:15:00+00:00,99206.89089505112
2024-11-07 22:30:00+00:00,99206.89089505112
2024-11-07 22:45:00+00:00,99206.89089505112
2024-11-07 23:00:00+00:00,99206.89089505112
2024-11-07 23:15:00+00:00,99206.89089505112
2024-11-07 23:30:00+00:00,99206.89089505112
2024-11-07 23:45:00+00:00,99206.89089505112
2024-11-08 00:00:00+00:00,99206.89089505112
2024-11-08 00:15:00+00:00,99206.89089505112
2024-11-08 00:30:00+00:00,99206.89089505112
2024-11-08 00:45:00+00:00,99206.89089505112
2024-11-08 01:00:00+00:00,99206.89089505112
2024-11-08 01:15:00+00:00,99206.89089505112
2024-11-08 01:30:00+00:00,99206.89089505112
2024-11-08 01:45:00+00:00,99206.89089505112
2024-11-08 02:00:00+00:00,99206.89089505112
2024-11-08 02:15:00+00:00,99206.89089505112
2024-11-08 02:30:00+00:00,99206.89089505112
2024-11-08 02:45:00+00:00,99206.89089505112
2024-11-08 03:00:00+00:00,99206.89089505112
2024-11-08 03:15:00+00:00,99206.89089505112
2024-11-08 03:30:00+00:00,99206.89089505112
2024-11-08 03:45:00+00:00,99206.89089505112
2024-11-08 04:00:00+00:00,99206.89089505112
2024-11-08 04:15:00+00:00,99206.89089505112
2024-11-08 04:30:00+00:00,99206.89089505112
2024-11-08 04:45:00+00:00,99206.89089505112
2024-11-08 05:00:00+00:00,99206.89089505112
2024-11-08 05:15:00+00:00,99206.89089505112
2024-11-08 05:30:00+00:00,99206.89089505112
2024-11-08 05:45:00+00:00,99206.89089505112
2024-11-08 06:00:00+00:00,99206.89089505112
2024-11-08 06:15:00+00:00,99206.89089505112
2024-11-08 06:30:00+00:00,99206.89089505112
2024-11-08 06:45:00+00:00,99206.89089505112
2024-11-08 07:00:00+00:00,99206.89089505112
2024-11-08 07:15:00+00:00,99206.89089505112
2024-11-08 07:30:00+00:00,99206.89089505112
2024-11-08 07:45:00+00:00,99206.89089505112
2024-11-08 08:00:00+00:00,99206.89089505112
2024-11-08 08:15:00+00:00,99206.89089505112
2024-11-08 08:30:00+00:00,99205.10542340456
2024-11-08 08:45:00+00:00,99205.08579256438
2024-11-08 09:00:00+00:00,99207.00944359408
2024-11-08 09:15:00+00:00,99208.97044880988
2024-11-08 09:30:00+00:00,99209.68534072458
2024-11-08 09:45:00+00:00,99207.94680843466
2024-11-08 10:00:00+00:00,99206.15101813641
2024-11-08 10:15:00+00:00,99209.22995662349
2024-11-08 10:30:00+00:00,99208.70245645996
2024-11-08 10:45:00+00:00,99208.70245645996
2024-11-08 11:00:00+00:00,99208.70245645996
2024-11-08 11:15:00+00:00,99208.70245645996
2024-11-08 11:30:00+00:00,99208.70245645996
2024-11-08 11:45:00+00:00,99208.70245645996
2024-11-08 12:00:00+00:00,99208.70245645996
2024-11-08 12:15:00+00:00,99208.70245645996
2024-11-08 12:30:00+00:00,99208.70245645996
2024-11-08 12:45:00+00:00,99208.70245645996
2024-11-08 13:00:00+00:00,99208.70245645996
2024-11-08 13:15:00+00:00,99208.70245645996
2024-11-08 13:30:00+00:00,99208.70245645996
2024-11-08 13:45:00+00:00,99208.70245645996
2024-11-08 14:00:00+00:00,99208.70245645996
2024-11-08 14:15:00+00:00,99208.70245645996
2024-11-08 14:30:00+00:00,99208.70245645996
2024-11-08 14:45:00+00:00,99208.70245645996
2024-11-08 15:00:00+00:00,99208.70245645996
2024-11-08 15:15:00+00:00,99208.70245645996
2024-11-08 15:30:00+00:00,99208.70245645996
2024-11-08 15:45:00+00:00,99208.70245645996
2024-11-08 16:00:00+00:00,99208.70245645996
2024-11-08 16:15:00+00:00,99208.70245645996
2024-11-08 16:30:00+00:00,99208.70245645996
2024-11-08 16:45:00+00:00,99208.70245645996
2024-11-08 17:00:00+00:00,99208.70245645996
2024-11-08 17:15:00+00:00,99208.70245645996
2024-11-08 17:30:00+00:00,99208.70245645996
2024-11-08 17:45:00+00:00,99208.70245645996
2024-11-08 18:00:00+00:00,99208.70245645996
2024-11-08 18:15:00+00:00,99208.70245645996
2024-11-08 18:30:00+00:00,99208.70245645996
2024-11-08 18:45:00+00:00,99208.70245645996
2024-11-08 19:00:00+00:00,99208.70245645996
2024-11-08 19:15:00+00:00,99208.70245645996
2024-11-08 19:30:00+00:00,99208.70245645996
2024-11-08 19:45:00+00:00,99208.70245645996
2024-11-08 20:00:00+00:00,99208.70245645996
2024-11-08 20:15:00+00:00,99208.70245645996
2024-11-08 20:30:00+00:00,99208.70245645996
2024-11-08 20:45:00+00:00,99208.70245645996
2024-11-08 21:00:00+00:00,99208.70245645996
2024-11-08 21:15:00+00:00,99208.70245645996
2024-11-08 21:30:00+00:00,99208.70245645996
2024-11-08 21:45:00+00:00,99208.70245645996
2024-11-08 22:00:00+00:00,99208.70245645996
2024-11-08 22:15:00+00:00,99208.70245645996
2024-11-08 22:30:00+00:00,99208.70245645996
2024-11-08 22:45:00+00:00,99208.70245645996
2024-11-08 23:00:00+00:00,99208.70245645996
2024-11-08 23:15:00+00:00,99208.70245645996
2024-11-08 23:30:00+00:00,99208.70245645996
2024-11-08 23:45:00+00:00,99208.70245645996
2024-11-09 00:00:00+00:00,99208.70245645996
2024-11-09 00:15:00+00:00,99208.70245645996
2024-11-09 00:30:00+00:00,99208.70245645996
2024-11-09 00:45:00+00:00,99208.70245645996
2024-11-09 01:00:00+00:00,99208.70245645996
2024-11-09 01:15:00+00:00,99208.70245645996
2024-11-09 01:30:00+00:00,99208.70245645996
2024-11-09 01:45:00+00:00,99208.70245645996
2024-11-09 02:00:00+00:00,99208.70245645996
2024-11-09 02:15:00+00:00,99208.70245645996
2024-11-09 02:30:00+00:00,99208.70245645996
2024-11-09 02:45:00+00:00,99208.70245645996
2024-11-09 03:00:00+00:00,99208.70245645996
2024-11-09 03:15:00+00:00,99208.70245645996
2024-11-09 03:30:00+00:00,99208.70245645996
2024-11-09 03:45:00+00:00,99208.70245645996
2024-11-09 04:00:00+00:00,99208.70245645996
2024-11-09 04:15:00+00:00,99208.70245645996
2024-11-09 04:30:00+00:00,99208.70245645996
2024-11-09 04:45:00+00:00,99208.70245645996
2024-11-09 05:00:00+00:00,99208.70245645996
2024-11-09 05:15:00+00:00,99208.70245645996
2024-11-09 05:30:00+00:00,99208.70245645996
2024-11-09 05:45:00+00:00,99208.70245645996
2024-11-09 06:00:00+00:00,99208.70245645996
2024-11-09 06:15:00+00:00,99208.70245645996
2024-11-09 06:30:00+00:00,99208.70245645996
2024-11-09 06:45:00+00:00,99208.70245645996
2024-11-09 07:00:00+00:00,99208.70245645996
2024-11-09 07:15:00+00:00,99208.70245645996
2024-11-09 07:30:00+00:00,99208.70245645996
2024-11-09 07:45:00+00:00,99208.70245645996
2024-11-09 08:00:00+00:00,99208.70245645996
2024-11-09 08:15:00+00:00,99208.70245645996
2024-11-09 08:30:00+00:00,99208.70245645996
2024-11-09 08:45:00+00:00,99208.70245645996
2024-11-09 09:00:00+00:00,99208.70245645996
2024-11-09 09:15:00+00:00,99208.70245645996
2024-11-09 09:30:00+00:00,99208.70245645996
2024-11-09 09:45:00+00:00,99208.70245645996
2024-11-09 10:00:00+00:00,99208.70245645996
2024-11-09 10:15:00+00:00,99208.70245645996
2024-11-09 10:30:00+00:00,99208.70245645996
2024-11-09 10:45:00+00:00,99208.70245645996
2024-11-09 11:00:00+00:00,99208.70245645996
2024-11-09 11:15:00+00:00,99208.70245645996
2024-11-09 11:30:00+00:00,99208.70245645996
2024-11-09 11:45:00+00:00,99208.70245645996
2024-11-09 12:00:00+00:00,99208.70245645996
2024-11-09 12:15:00+00:00,99208.70245645996
2024-11-09 12:30:00+00:00,99208.70245645996
2024-11-09 12:45:00+00:00,99208.70245645996
2024-11-09 13:00:00+00:00,99208.70245645996
2024-11-09 13:15:00+00:00,99208.70245645996
2024-11-09 13:30:00+00:00,99208.70245645996
2024-11-09 13:45:00+00:00,99208.70245645996
2024-11-09 14:00:00+00:00,99208.70245645996
2024-11-09 14:15:00+00:00,99208.70245645996
2024-11-09 14:30:00+00:00,99208.70245645996
2024-11-09 14:45:00+00:00,99208.70245645996
2024-11-09 15:00:00+00:00,99208.70245645996
2024-11-09 15:15:00+00:00,99208.70245645996
2024-11-09 15:30:00+00:00,99208.70245645996
2024-11-09 15:45:00+00:00,99208.70245645996
2024-11-09 16:00:00+00:00,99208.70245645996
2024-11-09 16:15:00+00:00,99208.70245645996
2024-11-09 16:30:00+00:00,99208.70245645996
2024-11-09 16:45:00+00:00,99208.70245645996
2024-11-09 17:00:00+00:00,99208.70245645996
2024-11-09 17:15:00+00:00,99208.70245645996
2024-11-09 17:30:00+00:00,99208.70245645996
2024-11-09 17:45:00+00:00,99208.70245645996
2024-11-09 18:00:00+00:00,99208.70245645996
2024-11-09 18:15:00+00:00,99208.70245645996
2024-11-09 18:30:00+00:00,99208.70245645996
2024-11-09 18:45:00+00:00,99208.70245645996
2024-11-09 19:00:00+00:00,99208.70245645996
2024-11-09 19:15:00+00:00,99208.70245645996
2024-11-09 19:30:00+00:00,99208.70245645996
2024-11-09 19:45:00+00:00,99208.70245645996
2024-11-09 20:00:00+00:00,99208.70245645996
2024-11-09 20:15:00+00:00,99208.70245645996
2024-11-09 20:30:00+00:00,99208.70245645996
2024-11-09 20:45:00+00:00,99208.70245645996
2024-11-09 21:00:00+00:00,99208.70245645996
2024-11-09 21:15:00+00:00,99208.70245645996
2024-11-09 21:30:00+00:00,99208.70245645996
2024-11-09 21:45:00+00:00,99208.70245645996
2024-11-09 22:00:00+00:00,99208.70245645996
2024-11-09 22:15:00+00:00,99208.70245645996
2024-11-09 22:30:00+00:00,99208.70245645996
2024-11-09 22:45:00+00:00,99208.70245645996
2024-11-09 23:00:00+00:00,99208.70245645996
2024-11-09 23:15:00+00:00,99208.70245645996
2024-11-09 23:30:00+00:00,99208.70245645996
2024-11-09 23:45:00+00:00,99208.70245645996
2024-11-10 00:00:00+00:00,99208.70245645996
2024-11-10 00:15:00+00:00,99206.63508753179
2024-11-10 00:30:00+00:00,99204.71712211776
2024-11-10 00:45:00+00:00,99196.47808541526
2024-11-10 01:00:00+00:00,99196.47808541526
2024-11-10 01:15:00+00:00,99196.47808541526
2024-11-10 01:30:00+00:00,99196.47808541526
2024-11-10 01:45:00+00:00,99196.47808541526
2024-11-10 02:00:00+00:00,99196.47808541526
2024-11-10 02:15:00+00:00,99196.47808541526
2024-11-10 02:30:00+00:00,99196.47808541526
2024-11-10 02:45:00+00:00,99196.47808541526
2024-11-10 03:00:00+00:00,99196.47808541526
2024-11-10 03:15:00+00:00,99196.47808541526
2024-11-10 03:30:00+00:00,99196.47808541526
2024-11-10 03:45:00+00:00,99196.47808541526
2024-11-10 04:00:00+00:00,99196.47808541526
2024-11-10 04:15:00+00:00,99196.47808541526
2024-11-10 04:30:00+00:00,99196.47808541526
2024-11-10 04:45:00+00:00,99196.47808541526
2024-11-10 05:00:00+00:00,99196.47808541526
2024-11-10 05:15:00+00:00,99196.47808541526
2024-11-10 05:30:00+00:00,99196.47808541526
2024-11-10 05:45:00+00:00,99196.47808541526
2024-11-10 06:00:00+00:00,99196.47808541526
2024-11-10 06:15:00+00:00,99196.47808541526
2024-11-10 06:30:00+00:00,99196.47808541526
2024-11-10 06:45:00+00:00,99196.47808541526
2024-11-10 07:00:00+00:00,99196.47808541526
2024-11-10 07:15:00+00:00,99196.47808541526
2024-11-10 07:30:00+00:00,99196.47808541526
2024-11-10 07:45:00+00:00,99196.47808541526
2024-11-10 08:00:00+00:00,99196.47808541526
2024-11-10 08:15:00+00:00,99194.89502659277
2024-11-10 08:30:00+00:00,99197.45488813255
2024-11-10 08:45:00+00:00,99193.49384074468
2024-11-10 09:00:00+00:00,99191.63645651507
2024-11-10 09:15:00+00:00,99180.30413900546
2024-11-10 09:30:00+00:00,99180.30413900546
2024-11-10 09:45:00+00:00,99180.30413900546
2024-11-10 10:00:00+00:00,99180.30413900546
2024-11-10 10:15:00+00:00,99180.30413900546
2024-11-10 10:30:00+00:00,99180.30413900546
2024-11-10 10:45:00+00:00,99180.30413900546
2024-11-10 11:00:00+00:00,99180.30413900546
2024-11-10 11:15:00+00:00,99180.30413900546
2024-11-10 11:30:00+00:00,99180.30413900546
2024-11-10 11:45:00+00:00,99180.30413900546
2024-11-10 12:00:00+00:00,99180.30413900546
2024-11-10 12:15:00+00:00,99180.30413900546
2024-11-10 12:30:00+00:00,99180.30413900546
2024-11-10 12:45:00+00:00,99180.30413900546
2024-11-10 13:00:00+00:00,99180.30413900546
2024-11-10 13:15:00+00:00,99180.30413900546
2024-11-10 13:30:00+00:00,99180.30413900546
2024-11-10 13:45:00+00:00,99180.30413900546
2024-11-10 14:00:00+00:00,99180.30413900546
2024-11-10 14:15:00+00:00,99180.30413900546
2024-11-10 14:30:00+00:00,99180.30413900546
2024-11-10 14:45:00+00:00,99180.30413900546
2024-11-10 15:00:00+00:00,99180.30413900546
2024-11-10 15:15:00+00:00,99180.30413900546
2024-11-10 15:30:00+00:00,99180.30413900546
2024-11-10 15:45:00+00:00,99180.30413900546
2024-11-10 16:00:00+00:00,99180.30413900546
2024-11-10 16:15:00+00:00,99180.30413900546
2024-11-10 16:30:00+00:00,99180.30413900546
2024-11-10 16:45:00+00:00,99180.30413900546
2024-11-10 17:00:00+00:00,99180.30413900546
2024-11-10 17:15:00+00:00,99180.30413900546
2024-11-10 17:30:00+00:00,99180.30413900546
2024-11-10 17:45:00+00:00,99180.30413900546
2024-11-10 18:00:00+00:00,99180.30413900546
2024-11-10 18:15:00+00:00,99180.30413900546
2024-11-10 18:30:00+00:00,99180.30413900546
2024-11-10 18:45:00+00:00,99180.30413900546
2024-11-10 19:00:00+00:00,99180.30413900546
2024-11-10 19:15:00+00:00,99180.30413900546
2024-11-10 19:30:00+00:00,99180.30413900546
2024-11-10 19:45:00+00:00,99180.30413900546
2024-11-10 20:00:00+00:00,99180.30413900546
2024-11-10 20:15:00+00:00,99180.30413900546
2024-11-10 20:30:00+00:00,99180.30413900546
2024-11-10 20:45:00+00:00,99180.30413900546
2024-11-10 21:00:00+00:00,99180.30413900546
2024-11-10 21:15:00+00:00,99180.30413900546
2024-11-10 21:30:00+00:00,99180.30413900546
2024-11-10 21:45:00+00:00,99180.30413900546
2024-11-10 22:00:00+00:00,99180.30413900546
2024-11-10 22:15:00+00:00,99180.30413900546
2024-11-10 22:30:00+00:00,99180.30413900546
2024-11-10 22:45:00+00:00,99180.30413900546
2024-11-10 23:00:00+00:00,99180.30413900546
2024-11-10 23:15:00+00:00,99180.30413900546
2024-11-10 23:30:00+00:00,99180.30413900546
2024-11-10 23:45:00+00:00,99180.30413900546
2024-11-11 00:00:00+00:00,99180.30413900546
2024-11-11 00:15:00+00:00,99180.30413900546
2024-11-11 00:30:00+00:00,99180.30413900546
2024-11-11 00:45:00+00:00,99180.30413900546
2024-11-11 01:00:00+00:00,99180.30413900546
2024-11-11 01:15:00+00:00,99180.30413900546
2024-11-11 01:30:00+00:00,99180.30413900546
2024-11-11 01:45:00+00:00,99180.30413900546
2024-11-11 02:00:00+00:00,99180.30413900546
2024-11-11 02:15:00+00:00,99180.30413900546
2024-11-11 02:30:00+00:00,99180.30413900546
2024-11-11 02:45:00+00:00,99180.30413900546
2024-11-11 03:00:00+00:00,99180.30413900546
2024-11-11 03:15:00+00:00,99180.30413900546
2024-11-11 03:30:00+00:00,99180.30413900546
2024-11-11 03:45:00+00:00,99180.30413900546
2024-11-11 04:00:00+00:00,99180.30413900546
2024-11-11 04:15:00+00:00,99180.30413900546
2024-11-11 04:30:00+00:00,99180.30413900546
2024-11-11 04:45:00+00:00,99180.30413900546
2024-11-11 05:00:00+00:00,99180.30413900546
2024-11-11 05:15:00+00:00,99180.30413900546
2024-11-11 05:30:00+00:00,99180.30413900546
2024-11-11 05:45:00+00:00,99180.30413900546
2024-11-11 06:00:00+00:00,99180.30413900546
2024-11-11 06:15:00+00:00,99180.30413900546
2024-11-11 06:30:00+00:00,99180.30413900546
2024-11-11 06:45:00+00:00,99180.30413900546
2024-11-11 07:00:00+00:00,99180.30413900546
2024-11-11 07:15:00+00:00,99180.30413900546
2024-11-11 07:30:00+00:00,99180.30413900546
2024-11-11 07:45:00+00:00,99180.30413900546
2024-11-11 08:00:00+00:00,99180.30413900546
2024-11-11 08:15:00+00:00,99180.30413900546
2024-11-11 08:30:00+00:00,99180.30413900546
2024-11-11 08:45:00+00:00,99180.30413900546
2024-11-11 09:00:00+00:00,99180.30413900546
2024-11-11 09:15:00+00:00,99180.30413900546
2024-11-11 09:30:00+00:00,99180.30413900546
2024-11-11 09:45:00+00:00,99180.30413900546
2024-11-11 10:00:00+00:00,99180.30413900546
2024-11-11 10:15:00+00:00,99180.30413900546
2024-11-11 10:30:00+00:00,99180.30413900546
2024-11-11 10:45:00+00:00,99180.30413900546
2024-11-11 11:00:00+00:00,99180.30413900546
2024-11-11 11:15:00+00:00,99180.30413900546
2024-11-11 11:30:00+00:00,99180.30413900546
2024-11-11 11:45:00+00:00,99180.30413900546
2024-11-11 12:00:00+00:00,99180.30413900546
2024-11-11 12:15:00+00:00,99180.30413900546
2024-11-11 12:30:00+00:00,99180.30413900546
2024-11-11 12:45:00+00:00,99180.30413900546
2024-11-11 13:00:00+00:00,99180.30413900546
2024-11-11 13:15:00+00:00,99180.30413900546
2024-11-11 13:30:00+00:00,99180.30413900546
2024-11-11 13:45:00+00:00,99180.30413900546
2024-11-11 14:00:00+00:00,99180.30413900546
2024-11-11 14:15:00+00:00,99180.30413900546
2024-11-11 14:30:00+00:00,99180.30413900546
2024-11-11 14:45:00+00:00,99180.30413900546
2024-11-11 15:00:00+00:00,99180.30413900546
2024-11-11 15:15:00+00:00,99180.30413900546
2024-11-11 15:30:00+00:00,99180.30413900546
2024-11-11 15:45:00+00:00,99180.30413900546
2024-11-11 16:00:00+00:00,99180.30413900546
2024-11-11 16:15:00+00:00,99187.64525760297
2024-11-11 16:30:00+00:00,99190.04270237367
2024-11-11 16:45:00+00:00,99190.28633777275
2024-11-11 17:00:00+00:00,99187.80142030427
2024-11-11 17:15:00+00:00,99187.80142030427
2024-11-11 17:30:00+00:00,99187.80142030427
2024-11-11 17:45:00+00:00,99187.80142030427
2024-11-11 18:00:00+00:00,99187.80142030427
2024-11-11 18:15:00+00:00,99187.80142030427
2024-11-11 18:30:00+00:00,99187.80142030427
2024-11-11 18:45:00+00:00,99187.80142030427
2024-11-11 19:00:00+00:00,99187.80142030427
2024-11-11 19:15:00+00:00,99187.80142030427
2024-11-11 19:30:00+00:00,99187.80142030427
2024-11-11 19:45:00+00:00,99187.80142030427
2024-11-11 20:00:00+00:00,99187.80142030427
2024-11-11 20:15:00+00:00,99187.80142030427
2024-11-11 20:30:00+00:00,99187.80142030427
2024-11-11 20:45:00+00:00,99187.80142030427
2024-11-11 21:00:00+00:00,99187.80142030427
2024-11-11 21:15:00+00:00,99187.80142030427
2024-11-11 21:30:00+00:00,99187.80142030427
2024-11-11 21:45:00+00:00,99187.80142030427
2024-11-11 22:00:00+00:00,99187.80142030427
2024-11-11 22:15:00+00:00,99187.80142030427
2024-11-11 22:30:00+00:00,99187.80142030427
2024-11-11 22:45:00+00:00,99187.80142030427
2024-11-11 23:00:00+00:00,99187.80142030427
2024-11-11 23:15:00+00:00,99187.80142030427
2024-11-11 23:30:00+00:00,99187.80142030427
2024-11-11 23:45:00+00:00,99187.80142030427
2024-11-12 00:00:00+00:00,99187.80142030427
2024-11-12 00:15:00+00:00,99187.80142030427
2024-11-12 00:30:00+00:00,99187.80142030427
2024-11-12 00:45:00+00:00,99170.7433583436
2024-11-12 01:00:00+00:00,99145.04390173535
2024-11-12 01:15:00+00:00,99145.04390173535
2024-11-12 01:30:00+00:00,99145.04390173535
2024-11-12 01:45:00+00:00,99145.04390173535
2024-11-12 02:00:00+00:00,99145.04390173535
2024-11-12 02:15:00+00:00,99145.04390173535
2024-11-12 02:30:00+00:00,99145.04390173535
2024-11-12 02:45:00+00:00,99145.04390173535
2024-11-12 03:00:00+00:00,99145.04390173535
2024-11-12 03:15:00+00:00,99145.04390173535
2024-11-12 03:30:00+00:00,99145.04390173535
2024-11-12 03:45:00+00:00,99145.04390173535
2024-11-12 04:00:00+00:00,99145.04390173535
2024-11-12 04:15:00+00:00,99145.04390173535
2024-11-12 04:30:00+00:00,99145.04390173535
2024-11-12 04:45:00+00:00,99145.04390173535
2024-11-12 05:00:00+00:00,99145.04390173535
2024-11-12 05:15:00+00:00,99145.04390173535
2024-11-12 05:30:00+00:00,99145.04390173535
2024-11-12 05:45:00+00:00,99145.04390173535
2024-11-12 06:00:00+00:00,99145.04390173535
2024-11-12 06:15:00+00:00,99145.04390173535
2024-11-12 06:30:00+00:00,99145.04390173535
2024-11-12 06:45:00+00:00,99145.04390173535
2024-11-12 07:00:00+00:00,99145.04390173535
2024-11-12 07:15:00+00:00,99145.04390173535
2024-11-12 07:30:00+00:00,99145.04390173535
2024-11-12 07:45:00+00:00,99145.04390173535
2024-11-12 08:00:00+00:00,99145.04390173535
2024-11-12 08:15:00+00:00,99145.04390173535
2024-11-12 08:30:00+00:00,99145.04390173535
2024-11-12 08:45:00+00:00,99145.04390173535
2024-11-12 09:00:00+00:00,99145.04390173535
2024-11-12 09:15:00+00:00,99145.04390173535
2024-11-12 09:30:00+00:00,99145.04390173535
2024-11-12 09:45:00+00:00,99145.04390173535
2024-11-12 10:00:00+00:00,99145.04390173535
2024-11-12 10:15:00+00:00,99145.04390173535
2024-11-12 10:30:00+00:00,99145.04390173535
2024-11-12 10:45:00+00:00,99145.04390173535
2024-11-12 11:00:00+00:00,99145.04390173535
2024-11-12 11:15:00+00:00,99145.04390173535
2024-11-12 11:30:00+00:00,99145.04390173535
2024-11-12 11:45:00+00:00,99145.04390173535
2024-11-12 12:00:00+00:00,99145.04390173535
2024-11-12 12:15:00+00:00,99145.04390173535
2024-11-12 12:30:00+00:00,99145.04390173535
2024-11-12 12:45:00+00:00,99145.04390173535
2024-11-12 13:00:00+00:00,99145.04390173535
2024-11-12 13:15:00+00:00,99145.04390173535
2024-11-12 13:30:00+00:00,99145.04390173535
2024-11-12 13:45:00+00:00,99145.04390173535
2024-11-12 14:00:00+00:00,99145.04390173535
2024-11-12 14:15:00+00:00,99145.04390173535
2024-11-12 14:30:00+00:00,99145.04390173535
2024-11-12 14:45:00+00:00,99145.04390173535
2024-11-12 15:00:00+00:00,99145.04390173535
2024-11-12 15:15:00+00:00,99145.04390173535
2024-11-12 15:30:00+00:00,99145.04390173535
2024-11-12 15:45:00+00:00,99145.04390173535
2024-11-12 16:00:00+00:00,99145.04390173535
2024-11-12 16:15:00+00:00,99145.04390173535
2024-11-12 16:30:00+00:00,99145.04390173535
2024-11-12 16:45:00+00:00,99145.04390173535
2024-11-12 17:00:00+00:00,99145.04390173535
2024-11-12 17:15:00+00:00,99145.04390173535
2024-11-12 17:30:00+00:00,99145.04390173535
2024-11-12 17:45:00+00:00,99145.04390173535
2024-11-12 18:00:00+00:00,99145.04390173535
2024-11-12 18:15:00+00:00,99145.04390173535
2024-11-12 18:30:00+00:00,99145.04390173535
2024-11-12 18:45:00+00:00,99145.04390173535
2024-11-12 19:00:00+00:00,99145.04390173535
2024-11-12 19:15:00+00:00,99145.04390173535
2024-11-12 19:30:00+00:00,99145.04390173535
2024-11-12 19:45:00+00:00,99145.04390173535
2024-11-12 20:00:00+00:00,99145.04390173535
2024-11-12 20:15:00+00:00,99145.04390173535
2024-11-12 20:30:00+00:00,99145.04390173535
2024-11-12 20:45:00+00:00,99145.04390173535
2024-11-12 21:00:00+00:00,99145.04390173535
2024-11-12 21:15:00+00:00,99145.04390173535
2024-11-12 21:30:00+00:00,99145.04390173535
2024-11-12 21:45:00+00:00,99145.04390173535
2024-11-12 22:00:00+00:00,99145.04390173535
2024-11-12 22:15:00+00:00,99145.04390173535
2024-11-12 22:30:00+00:00,99145.04390173535
2024-11-12 22:45:00+00:00,99145.04390173535
2024-11-12 23:00:00+00:00,99145.04390173535
2024-11-12 23:15:00+00:00,99145.04390173535
2024-11-12 23:30:00+00:00,99145.04390173535
2024-11-12 23:45:00+00:00,99145.04390173535
2024-11-13 00:00:00+00:00,99145.04390173535
2024-11-13 00:15:00+00:00,99145.04390173535
2024-11-13 00:30:00+00:00,99145.04390173535
2024-11-13 00:45:00+00:00,99145.04390173535
2024-11-13 01:00:00+00:00,99145.04390173535
2024-11-13 01:15:00+00:00,99145.04390173535
2024-11-13 01:30:00+00:00,99145.04390173535
2024-11-13 01:45:00+00:00,99145.04390173535
2024-11-13 02:00:00+00:00,99145.04390173535
2024-11-13 02:15:00+00:00,99145.04390173535
2024-11-13 02:30:00+00:00,99145.04390173535
2024-11-13 02:45:00+00:00,99145.04390173535
2024-11-13 03:00:00+00:00,99145.04390173535
2024-11-13 03:15:00+00:00,99145.04390173535
2024-11-13 03:30:00+00:00,99145.04390173535
2024-11-13 03:45:00+00:00,99145.04390173535
2024-11-13 04:00:00+00:00,99145.04390173535
2024-11-13 04:15:00+00:00,99145.04390173535
2024-11-13 04:30:00+00:00,99145.04390173535
2024-11-13 04:45:00+00:00,99145.04390173535
2024-11-13 05:00:00+00:00,99145.04390173535
2024-11-13 05:15:00+00:00,99145.04390173535
2024-11-13 05:30:00+00:00,99145.04390173535
2024-11-13 05:45:00+00:00,99145.04390173535
2024-11-13 06:00:00+00:00,99145.04390173535
2024-11-13 06:15:00+00:00,99145.04390173535
2024-11-13 06:30:00+00:00,99145.04390173535
2024-11-13 06:45:00+00:00,99145.04390173535
2024-11-13 07:00:00+00:00,99145.04390173535
2024-11-13 07:15:00+00:00,99145.04390173535
2024-11-13 07:30:00+00:00,99145.04390173535
2024-11-13 07:45:00+00:00,99145.04390173535
2024-11-13 08:00:00+00:00,99145.04390173535
2024-11-13 08:15:00+00:00,99145.04390173535
2024-11-13 08:30:00+00:00,99145.04390173535
2024-11-13 08:45:00+00:00,99145.04390173535
2024-11-13 09:00:00+00:00,99145.04390173535
2024-11-13 09:15:00+00:00,99145.04390173535
2024-11-13 09:30:00+00:00,99145.04390173535
2024-11-13 09:45:00+00:00,99145.04390173535
2024-11-13 10:00:00+00:00,99145.04390173535
2024-11-13 10:15:00+00:00,99145.04390173535
2024-11-13 10:30:00+00:00,99145.04390173535
2024-11-13 10:45:00+00:00,99145.04390173535
2024-11-13 11:00:00+00:00,99145.04390173535
2024-11-13 11:15:00+00:00,99145.04390173535
2024-11-13 11:30:00+00:00,99145.04390173535
2024-11-13 11:45:00+00:00,99145.04390173535
2024-11-13 12:00:00+00:00,99145.04390173535
2024-11-13 12:15:00+00:00,99145.04390173535
2024-11-13 12:30:00+00:00,99145.04390173535
2024-11-13 12:45:00+00:00,99145.04390173535
2024-11-13 13:00:00+00:00,99145.04390173535
2024-11-13 13:15:00+00:00,99145.04390173535
2024-11-13 13:30:00+00:00,99145.04390173535
2024-11-13 13:45:00+00:00,99145.04390173535
2024-11-13 14:00:00+00:00,99145.04390173535
2024-11-13 14:15:00+00:00,99145.04390173535
2024-11-13 14:30:00+00:00,99145.04390173535
2024-11-13 14:45:00+00:00,99145.04390173535
2024-11-13 15:00:00+00:00,99145.04390173535
2024-11-13 15:15:00+00:00,99145.04390173535
2024-11-13 15:30:00+00:00,99145.04390173535
2024-11-13 15:45:00+00:00,99145.04390173535
2024-11-13 16:00:00+00:00,99145.04390173535
2024-11-13 16:15:00+00:00,99145.04390173535
2024-11-13 16:30:00+00:00,99145.04390173535
2024-11-13 16:45:00+00:00,99145.04390173535
2024-11-13 17:00:00+00:00,99145.04390173535
2024-11-13 17:15:00+00:00,99145.04390173535
2024-11-13 17:30:00+00:00,99145.04390173535
2024-11-13 17:45:00+00:00,99145.04390173535
2024-11-13 18:00:00+00:00,99145.04390173535
2024-11-13 18:15:00+00:00,99145.04390173535
2024-11-13 18:30:00+00:00,99145.04390173535
2024-11-13 18:45:00+00:00,99145.04390173535
2024-11-13 19:00:00+00:00,99145.04390173535
2024-11-13 19:15:00+00:00,99145.04390173535
2024-11-13 19:30:00+00:00,99145.04390173535
2024-11-13 19:45:00+00:00,99145.04390173535
2024-11-13 20:00:00+00:00,99145.04390173535
2024-11-13 20:15:00+00:00,99145.04390173535
2024-11-13 20:30:00+00:00,99145.04390173535
2024-11-13 20:45:00+00:00,99145.04390173535
2024-11-13 21:00:00+00:00,99145.04390173535
2024-11-13 21:15:00+00:00,99145.04390173535
2024-11-13 21:30:00+00:00,99145.04390173535
2024-11-13 21:45:00+00:00,99145.04390173535
2024-11-13 22:00:00+00:00,99145.04390173535
2024-11-13 22:15:00+00:00,99145.04390173535
2024-11-13 22:30:00+00:00,99145.04390173535
2024-11-13 22:45:00+00:00,99145.04390173535
2024-11-13 23:00:00+00:00,99145.04390173535
2024-11-13 23:15:00+00:00,99145.04390173535
2024-11-13 23:30:00+00:00,99145.04390173535
2024-11-13 23:45:00+00:00,99145.04390173535
2024-11-14 00:00:00+00:00,99145.04390173535
2024-11-14 00:15:00+00:00,99145.04390173535
2024-11-14 00:30:00+00:00,99145.04390173535
2024-11-14 00:45:00+00:00,99145.04390173535
2024-11-14 01:00:00+00:00,99145.04390173535
2024-11-14 01:15:00+00:00,99145.04390173535
2024-11-14 01:30:00+00:00,99145.04390173535
2024-11-14 01:45:00+00:00,99145.04390173535
2024-11-14 02:00:00+00:00,99145.04390173535
2024-11-14 02:15:00+00:00,99145.04390173535
2024-11-14 02:30:00+00:00,99145.04390173535
2024-11-14 02:45:00+00:00,99145.04390173535
2024-11-14 03:00:00+00:00,99145.04390173535
2024-11-14 03:15:00+00:00,99145.04390173535
2024-11-14 03:30:00+00:00,99145.04390173535
2024-11-14 03:45:00+00:00,99145.04390173535
2024-11-14 04:00:00+00:00,99145.04390173535
2024-11-14 04:15:00+00:00,99145.04390173535
2024-11-14 04:30:00+00:00,99145.04390173535
2024-11-14 04:45:00+00:00,99145.04390173535
2024-11-14 05:00:00+00:00,99145.04390173535
2024-11-14 05:15:00+00:00,99145.04390173535
2024-11-14 05:30:00+00:00,99145.04390173535
2024-11-14 05:45:00+00:00,99145.04390173535
2024-11-14 06:00:00+00:00,99145.04390173535
2024-11-14 06:15:00+00:00,99145.04390173535
2024-11-14 06:30:00+00:00,99145.04390173535
2024-11-14 06:45:00+00:00,99145.04390173535
2024-11-14 07:00:00+00:00,99145.04390173535
2024-11-14 07:15:00+00:00,99145.04390173535
2024-11-14 07:30:00+00:00,99145.04390173535
2024-11-14 07:45:00+00:00,99145.04390173535
2024-11-14 08:00:00+00:00,99145.04390173535
2024-11-14 08:15:00+00:00,99145.04390173535
2024-11-14 08:30:00+00:00,99145.04390173535
2024-11-14 08:45:00+00:00,99145.04390173535
2024-11-14 09:00:00+00:00,99145.04390173535
2024-11-14 09:15:00+00:00,99145.04390173535
2024-11-14 09:30:00+00:00,99145.04390173535
2024-11-14 09:45:00+00:00,99145.04390173535
2024-11-14 10:00:00+00:00,99145.04390173535
2024-11-14 10:15:00+00:00,99145.04390173535
2024-11-14 10:30:00+00:00,99145.04390173535
2024-11-14 10:45:00+00:00,99145.04390173535
2024-11-14 11:00:00+00:00,99145.04390173535
2024-11-14 11:15:00+00:00,99145.04390173535
2024-11-14 11:30:00+00:00,99145.04390173535
2024-11-14 11:45:00+00:00,99145.04390173535
2024-11-14 12:00:00+00:00,99145.04390173535
2024-11-14 12:15:00+00:00,99145.04390173535
2024-11-14 12:30:00+00:00,99145.04390173535
2024-11-14 12:45:00+00:00,99145.04390173535
2024-11-14 13:00:00+00:00,99145.04390173535
2024-11-14 13:15:00+00:00,99145.04390173535
2024-11-14 13:30:00+00:00,99145.04390173535
2024-11-14 13:45:00+00:00,99145.04390173535
2024-11-14 14:00:00+00:00,99145.04390173535
2024-11-14 14:15:00+00:00,99145.04390173535
2024-11-14 14:30:00+00:00,99145.04390173535
2024-11-14 14:45:00+00:00,99145.04390173535
2024-11-14 15:00:00+00:00,99145.04390173535
2024-11-14 15:15:00+00:00,99145.04390173535
2024-11-14 15:30:00+00:00,99145.04390173535
2024-11-14 15:45:00+00:00,99145.04390173535
2024-11-14 16:00:00+00:00,99145.04390173535
2024-11-14 16:15:00+00:00,99153.65648429217
2024-11-14 16:30:00+00:00,99163.58957530094
2024-11-14 16:45:00+00:00,99169.99217776438
2024-11-14 17:00:00+00:00,99163.55173187266
2024-11-14 17:15:00+00:00,99159.97563185965
2024-11-14 17:30:00+00:00,99167.43272535365
2024-11-14 17:45:00+00:00,99170.71637424476
2024-11-14 18:00:00+00:00,99198.42764323029
2024-11-14 18:15:00+00:00,99198.42764323029
2024-11-14 18:30:00+00:00,99198.42764323029
2024-11-14 18:45:00+00:00,99198.42764323029
2024-11-14 19:00:00+00:00,99198.42764323029
2024-11-14 19:15:00+00:00,99198.42764323029
2024-11-14 19:30:00+00:00,99198.42764323029
2024-11-14 19:45:00+00:00,99198.42764323029
2024-11-14 20:00:00+00:00,99198.42764323029
2024-11-14 20:15:00+00:00,99198.42764323029
2024-11-14 20:30:00+00:00,99198.42764323029
2024-11-14 20:45:00+00:00,99198.42764323029
2024-11-14 21:00:00+00:00,99198.42764323029
2024-11-14 21:15:00+00:00,99198.42764323029
2024-11-14 21:30:00+00:00,99198.42764323029
2024-11-14 21:45:00+00:00,99198.42764323029
2024-11-14 22:00:00+00:00,99198.42764323029
2024-11-14 22:15:00+00:00,99198.42764323029
2024-11-14 22:30:00+00:00,99198.42764323029
2024-11-14 22:45:00+00:00,99198.42764323029
2024-11-14 23:00:00+00:00,99198.42764323029
2024-11-14 23:15:00+00:00,99198.42764323029
2024-11-14 23:30:00+00:00,99198.42764323029
2024-11-14 23:45:00+00:00,99198.42764323029
2024-11-15 00:00:00+00:00,99198.42764323029
2024-11-15 00:15:00+00:00,99200.01955839714
2024-11-15 00:30:00+00:00,99197.4320874066
2024-11-15 00:45:00+00:00,99194.45384918188
2024-11-15 01:00:00+00:00,99193.12358418536
2024-11-15 01:15:00+00:00,99190.40969555973
2024-11-15 01:30:00+00:00,99196.25727396755
2024-11-15 01:45:00+00:00,99198.33758127264
2024-11-15 02:00:00+00:00,99198.20094272245
2024-11-15 02:15:00+00:00,99192.2933933227
2024-11-15 02:30:00+00:00,99192.2933933227
2024-11-15 02:45:00+00:00,99192.2933933227
2024-11-15 03:00:00+00:00,99192.2933933227
2024-11-15 03:15:00+00:00,99192.2933933227
2024-11-15 03:30:00+00:00,99192.2933933227
2024-11-15 03:45:00+00:00,99192.2933933227
2024-11-15 04:00:00+00:00,99192.2933933227
2024-11-15 04:15:00+00:00,99192.2933933227
2024-11-15 04:30:00+00:00,99192.2933933227
2024-11-15 04:45:00+00:00,99192.2933933227
2024-11-15 05:00:00+00:00,99192.2933933227
2024-11-15 05:15:00+00:00,99192.2933933227
2024-11-15 05:30:00+00:00,99192.2933933227
2024-11-15 05:45:00+00:00,99192.2933933227
2024-11-15 06:00:00+00:00,99192.2933933227
2024-11-15 06:15:00+00:00,99192.2933933227
2024-11-15 06:30:00+00:00,99192.2933933227
2024-11-15 06:45:00+00:00,99192.2933933227
2024-11-15 07:00:00+00:00,99192.2933933227
2024-11-15 07:15:00+00:00,99192.2933933227
2024-11-15 07:30:00+00:00,99192.2933933227
2024-11-15 07:45:00+00:00,99192.2933933227
2024-11-15 08:00:00+00:00,99192.2933933227
2024-11-15 08:15:00+00:00,99192.2933933227
2024-11-15 08:30:00+00:00,99192.2933933227
2024-11-15 08:45:00+00:00,99192.2933933227
2024-11-15 09:00:00+00:00,99192.2933933227
2024-11-15 09:15:00+00:00,99192.2933933227
2024-11-15 09:30:00+00:00,99192.2933933227
2024-11-15 09:45:00+00:00,99192.2933933227
2024-11-15 10:00:00+00:00,99192.2933933227
2024-11-15 10:15:00+00:00,99192.2933933227
2024-11-15 10:30:00+00:00,99192.2933933227
2024-11-15 10:45:00+00:00,99192.2933933227
2024-11-15 11:00:00+00:00,99192.2933933227
2024-11-15 11:15:00+00:00,99192.2933933227
2024-11-15 11:30:00+00:00,99192.2933933227
2024-11-15 11:45:00+00:00,99192.2933933227
2024-11-15 12:00:00+00:00,99192.2933933227
2024-11-15 12:15:00+00:00,99192.2933933227
2024-11-15 12:30:00+00:00,99192.2933933227
2024-11-15 12:45:00+00:00,99192.2933933227
2024-11-15 13:00:00+00:00,99192.2933933227
2024-11-15 13:15:00+00:00,99192.2933933227
2024-11-15 13:30:00+00:00,99192.2933933227
2024-11-15 13:45:00+00:00,99192.2933933227
2024-11-15 14:00:00+00:00,99192.2933933227
2024-11-15 14:15:00+00:00,99192.2933933227
2024-11-15 14:30:00+00:00,99192.2933933227
2024-11-15 14:45:00+00:00,99192.2933933227
2024-11-15 15:00:00+00:00,99192.2933933227
2024-11-15 15:15:00+00:00,99192.2933933227
2024-11-15 15:30:00+00:00,99192.2933933227
2024-11-15 15:45:00+00:00,99192.2933933227
2024-11-15 16:00:00+00:00,99192.2933933227
2024-11-15 16:15:00+00:00,99192.2933933227
2024-11-15 16:30:00+00:00,99192.2933933227
2024-11-15 16:45:00+00:00,99192.2933933227
2024-11-15 17:00:00+00:00,99192.2933933227
2024-11-15 17:15:00+00:00,99192.2933933227
2024-11-15 17:30:00+00:00,99192.2933933227
2024-11-15 17:45:00+00:00,99192.2933933227
2024-11-15 18:00:00+00:00,99192.2933933227
2024-11-15 18:15:00+00:00,99192.2933933227
2024-11-15 18:30:00+00:00,99192.2933933227
2024-11-15 18:45:00+00:00,99192.2933933227
2024-11-15 19:00:00+00:00,99192.2933933227
2024-11-15 19:15:00+00:00,99192.2933933227
2024-11-15 19:30:00+00:00,99192.2933933227
2024-11-15 19:45:00+00:00,99192.2933933227
2024-11-15 20:00:00+00:00,99192.2933933227
2024-11-15 20:15:00+00:00,99192.2933933227
2024-11-15 20:30:00+00:00,99192.2933933227
2024-11-15 20:45:00+00:00,99192.2933933227
2024-11-15 21:00:00+00:00,99192.2933933227
2024-11-15 21:15:00+00:00,99192.2933933227
2024-11-15 21:30:00+00:00,99192.2933933227
2024-11-15 21:45:00+00:00,99192.2933933227
2024-11-15 22:00:00+00:00,99192.2933933227
2024-11-15 22:15:00+00:00,99192.2933933227
2024-11-15 22:30:00+00:00,99192.2933933227
2024-11-15 22:45:00+00:00,99192.2933933227
2024-11-15 23:00:00+00:00,99192.2933933227
2024-11-15 23:15:00+00:00,99192.2933933227
2024-11-15 23:30:00+00:00,99192.2933933227
2024-11-15 23:45:00+00:00,99192.2933933227
2024-11-16 00:00:00+00:00,99192.2933933227
2024-11-16 00:15:00+00:00,99192.2933933227
2024-11-16 00:30:00+00:00,99192.2933933227
2024-11-16 00:45:00+00:00,99192.2933933227
2024-11-16 01:00:00+00:00,99192.2933933227
2024-11-16 01:15:00+00:00,99192.2933933227
2024-11-16 01:30:00+00:00,99192.2933933227
2024-11-16 01:45:00+00:00,99192.2933933227
2024-11-16 02:00:00+00:00,99192.2933933227
2024-11-16 02:15:00+00:00,99192.2933933227
2024-11-16 02:30:00+00:00,99192.2933933227
2024-11-16 02:45:00+00:00,99192.2933933227
2024-11-16 03:00:00+00:00,99192.2933933227
2024-11-16 03:15:00+00:00,99192.2933933227
2024-11-16 03:30:00+00:00,99192.2933933227
2024-11-16 03:45:00+00:00,99192.2933933227
2024-11-16 04:00:00+00:00,99192.2933933227
2024-11-16 04:15:00+00:00,99192.2933933227
2024-11-16 04:30:00+00:00,99192.2933933227
2024-11-16 04:45:00+00:00,99192.2933933227
2024-11-16 05:00:00+00:00,99192.2933933227
2024-11-16 05:15:00+00:00,99192.2933933227
2024-11-16 05:30:00+00:00,99192.2933933227
2024-11-16 05:45:00+00:00,99192.2933933227
2024-11-16 06:00:00+00:00,99192.2933933227
2024-11-16 06:15:00+00:00,99192.2933933227
2024-11-16 06:30:00+00:00,99192.2933933227
2024-11-16 06:45:00+00:00,99192.2933933227
2024-11-16 07:00:00+00:00,99192.2933933227
2024-11-16 07:15:00+00:00,99192.2933933227
2024-11-16 07:30:00+00:00,99192.2933933227
2024-11-16 07:45:00+00:00,99192.2933933227
2024-11-16 08:00:00+00:00,99192.2933933227
2024-11-16 08:15:00+00:00,99192.2933933227
2024-11-16 08:30:00+00:00,99192.2933933227
2024-11-16 08:45:00+00:00,99192.2933933227
2024-11-16 09:00:00+00:00,99192.2933933227
2024-11-16 09:15:00+00:00,99192.2933933227
2024-11-16 09:30:00+00:00,99192.2933933227
2024-11-16 09:45:00+00:00,99192.2933933227
2024-11-16 10:00:00+00:00,99192.2933933227
2024-11-16 10:15:00+00:00,99192.2933933227
2024-11-16 10:30:00+00:00,99192.2933933227
2024-11-16 10:45:00+00:00,99192.2933933227
2024-11-16 11:00:00+00:00,99192.2933933227
2024-11-16 11:15:00+00:00,99192.2933933227
2024-11-16 11:30:00+00:00,99192.2933933227
2024-11-16 11:45:00+00:00,99192.2933933227
2024-11-16 12:00:00+00:00,99192.2933933227
2024-11-16 12:15:00+00:00,99192.2933933227
2024-11-16 12:30:00+00:00,99192.2933933227
2024-11-16 12:45:00+00:00,99192.2933933227
2024-11-16 13:00:00+00:00,99192.2933933227
2024-11-16 13:15:00+00:00,99192.2933933227
2024-11-16 13:30:00+00:00,99192.2933933227
2024-11-16 13:45:00+00:00,99192.2933933227
2024-11-16 14:00:00+00:00,99192.2933933227
2024-11-16 14:15:00+00:00,99192.2933933227
2024-11-16 14:30:00+00:00,99192.2933933227
2024-11-16 14:45:00+00:00,99192.2933933227
2024-11-16 15:00:00+00:00,99192.2933933227
2024-11-16 15:15:00+00:00,99192.2933933227
2024-11-16 15:30:00+00:00,99192.2933933227
2024-11-16 15:45:00+00:00,99192.2933933227
2024-11-16 16:00:00+00:00,99192.2933933227
2024-11-16 16:15:00+00:00,99195.94096946051
2024-11-16 16:30:00+00:00,99193.15082888883
2024-11-16 16:45:00+00:00,99193.15082888883
2024-11-16 17:00:00+00:00,99193.15082888883
2024-11-16 17:15:00+00:00,99193.15082888883
2024-11-16 17:30:00+00:00,99193.15082888883
2024-11-16 17:45:00+00:00,99193.15082888883
2024-11-16 18:00:00+00:00,99193.15082888883
2024-11-16 18:15:00+00:00,99193.15082888883
2024-11-16 18:30:00+00:00,99193.15082888883
2024-11-16 18:45:00+00:00,99193.15082888883
2024-11-16 19:00:00+00:00,99193.15082888883
2024-11-16 19:15:00+00:00,99193.15082888883
2024-11-16 19:30:00+00:00,99193.15082888883
2024-11-16 19:45:00+00:00,99193.15082888883
2024-11-16 20:00:00+00:00,99193.15082888883
2024-11-16 20:15:00+00:00,99193.15082888883
2024-11-16 20:30:00+00:00,99193.15082888883
2024-11-16 20:45:00+00:00,99193.15082888883
2024-11-16 21:00:00+00:00,99193.15082888883
2024-11-16 21:15:00+00:00,99193.15082888883
2024-11-16 21:30:00+00:00,99193.15082888883
2024-11-16 21:45:00+00:00,99193.15082888883
2024-11-16 22:00:00+00:00,99193.15082888883
2024-11-16 22:15:00+00:00,99193.15082888883
2024-11-16 22:30:00+00:00,99193.15082888883
2024-11-16 22:45:00+00:00,99193.15082888883
2024-11-16 23:00:00+00:00,99193.15082888883
2024-11-16 23:15:00+00:00,99193.15082888883
2024-11-16 23:30:00+00:00,99193.15082888883
2024-11-16 23:45:00+00:00,99193.15082888883
2024-11-17 00:00:00+00:00,99193.15082888883
2024-11-17 00:15:00+00:00,99193.15082888883
2024-11-17 00:30:00+00:00,99193.15082888883
2024-11-17 00:45:00+00:00,99193.15082888883
2024-11-17 01:00:00+00:00,99193.15082888883
2024-11-17 01:15:00+00:00,99193.15082888883
2024-11-17 01:30:00+00:00,99193.15082888883
2024-11-17 01:45:00+00:00,99193.15082888883
2024-11-17 02:00:00+00:00,99193.15082888883
2024-11-17 02:15:00+00:00,99193.15082888883
2024-11-17 02:30:00+00:00,99193.15082888883
2024-11-17 02:45:00+00:00,99193.15082888883
2024-11-17 03:00:00+00:00,99193.15082888883
2024-11-17 03:15:00+00:00,99193.15082888883
2024-11-17 03:30:00+00:00,99193.15082888883
2024-11-17 03:45:00+00:00,99193.15082888883
2024-11-17 04:00:00+00:00,99193.15082888883
2024-11-17 04:15:00+00:00,99193.15082888883
2024-11-17 04:30:00+00:00,99193.15082888883
2024-11-17 04:45:00+00:00,99193.15082888883
2024-11-17 05:00:00+00:00,99193.15082888883
2024-11-17 05:15:00+00:00,99193.15082888883
2024-11-17 05:30:00+00:00,99193.15082888883
2024-11-17 05:45:00+00:00,99193.15082888883
2024-11-17 06:00:00+00:00,99193.15082888883
2024-11-17 06:15:00+00:00,99193.15082888883
2024-11-17 06:30:00+00:00,99193.15082888883
2024-11-17 06:45:00+00:00,99193.15082888883
2024-11-17 07:00:00+00:00,99193.15082888883
2024-11-17 07:15:00+00:00,99193.15082888883
2024-11-17 07:30:00+00:00,99193.15082888883
2024-11-17 07:45:00+00:00,99193.15082888883
2024-11-17 08:00:00+00:00,99193.15082888883
2024-11-17 08:15:00+00:00,99193.15082888883
2024-11-17 08:30:00+00:00,99193.15082888883
2024-11-17 08:45:00+00:00,99193.15082888883
2024-11-17 09:00:00+00:00,99193.15082888883
2024-11-17 09:15:00+00:00,99193.15082888883
2024-11-17 09:30:00+00:00,99193.15082888883
2024-11-17 09:45:00+00:00,99193.15082888883
2024-11-17 10:00:00+00:00,99193.15082888883
2024-11-17 10:15:00+00:00,99193.15082888883
2024-11-17 10:30:00+00:00,99193.15082888883
2024-11-17 10:45:00+00:00,99193.15082888883
2024-11-17 11:00:00+00:00,99193.15082888883
2024-11-17 11:15:00+00:00,99193.15082888883
2024-11-17 11:30:00+00:00,99193.15082888883
2024-11-17 11:45:00+00:00,99193.15082888883
2024-11-17 12:00:00+00:00,99193.15082888883
2024-11-17 12:15:00+00:00,99193.15082888883
2024-11-17 12:30:00+00:00,99193.15082888883
2024-11-17 12:45:00+00:00,99193.15082888883
2024-11-17 13:00:00+00:00,99193.15082888883
2024-11-17 13:15:00+00:00,99193.15082888883
2024-11-17 13:30:00+00:00,99193.15082888883
2024-11-17 13:45:00+00:00,99193.15082888883
2024-11-17 14:00:00+00:00,99193.15082888883
2024-11-17 14:15:00+00:00,99193.15082888883
2024-11-17 14:30:00+00:00,99193.15082888883
2024-11-17 14:45:00+00:00,99193.15082888883
2024-11-17 15:00:00+00:00,99193.15082888883
2024-11-17 15:15:00+00:00,99193.15082888883
2024-11-17 15:30:00+00:00,99193.15082888883
2024-11-17 15:45:00+00:00,99193.15082888883
2024-11-17 16:00:00+00:00,99193.15082888883
2024-11-17 16:15:00+00:00,99193.15082888883
2024-11-17 16:30:00+00:00,99193.15082888883
2024-11-17 16:45:00+00:00,99193.15082888883
2024-11-17 17:00:00+00:00,99193.15082888883
2024-11-17 17:15:00+00:00,99193.15082888883
2024-11-17 17:30:00+00:00,99193.15082888883
2024-11-17 17:45:00+00:00,99193.15082888883
2024-11-17 18:00:00+00:00,99193.15082888883
2024-11-17 18:15:00+00:00,99193.15082888883
2024-11-17 18:30:00+00:00,99193.15082888883
2024-11-17 18:45:00+00:00,99193.15082888883
2024-11-17 19:00:00+00:00,99193.15082888883
2024-11-17 19:15:00+00:00,99193.15082888883
2024-11-17 19:30:00+00:00,99193.15082888883
2024-11-17 19:45:00+00:00,99193.15082888883
2024-11-17 20:00:00+00:00,99193.15082888883
2024-11-17 20:15:00+00:00,99185.29462878333
2024-11-17 20:30:00+00:00,99173.99918372351
2024-11-17 20:45:00+00:00,99173.99918372351
2024-11-17 21:00:00+00:00,99173.99918372351
2024-11-17 21:15:00+00:00,99173.99918372351
2024-11-17 21:30:00+00:00,99173.99918372351
2024-11-17 21:45:00+00:00,99173.99918372351
2024-11-17 22:00:00+00:00,99173.99918372351
2024-11-17 22:15:00+00:00,99173.99918372351
2024-11-17 22:30:00+00:00,99173.99918372351
2024-11-17 22:45:00+00:00,99173.99918372351
2024-11-17 23:00:00+00:00,99173.99918372351
2024-11-17 23:15:00+00:00,99173.99918372351
2024-11-17 23:30:00+00:00,99173.99918372351
2024-11-17 23:45:00+00:00,99173.99918372351
2024-11-18 00:00:00+00:00,99173.99918372351
2024-11-18 00:15:00+00:00,99173.99918372351
2024-11-18 00:30:00+00:00,99173.99918372351
2024-11-18 00:45:00+00:00,99173.99918372351
2024-11-18 01:00:00+00:00,99173.99918372351
2024-11-18 01:15:00+00:00,99173.99918372351
2024-11-18 01:30:00+00:00,99173.99918372351
2024-11-18 01:45:00+00:00,99173.99918372351
2024-11-18 02:00:00+00:00,99173.99918372351
2024-11-18 02:15:00+00:00,99173.99918372351
2024-11-18 02:30:00+00:00,99173.99918372351
2024-11-18 02:45:00+00:00,99173.99918372351
2024-11-18 03:00:00+00:00,99173.99918372351
2024-11-18 03:15:00+00:00,99173.99918372351
2024-11-18 03:30:00+00:00,99173.99918372351
2024-11-18 03:45:00+00:00,99173.99918372351
2024-11-18 04:00:00+00:00,99173.99918372351
2024-11-18 04:15:00+00:00,99173.99918372351
2024-11-18 04:30:00+00:00,99173.99918372351
2024-11-18 04:45:00+00:00,99173.99918372351
2024-11-18 05:00:00+00:00,99173.99918372351
2024-11-18 05:15:00+00:00,99169.04612686874
2024-11-18 05:30:00+00:00,99162.15107976121
2024-11-18 05:45:00+00:00,99162.15107976121
2024-11-18 06:00:00+00:00,99162.15107976121
2024-11-18 06:15:00+00:00,99162.15107976121
2024-11-18 06:30:00+00:00,99162.15107976121
2024-11-18 06:45:00+00:00,99162.15107976121
2024-11-18 07:00:00+00:00,99162.15107976121
2024-11-18 07:15:00+00:00,99162.15107976121
2024-11-18 07:30:00+00:00,99162.15107976121
2024-11-18 07:45:00+00:00,99162.15107976121
2024-11-18 08:00:00+00:00,99162.15107976121
2024-11-18 08:15:00+00:00,99162.15107976121
2024-11-18 08:30:00+00:00,99162.15107976121
2024-11-18 08:45:00+00:00,99162.15107976121
2024-11-18 09:00:00+00:00,99162.15107976121
2024-11-18 09:15:00+00:00,99162.15107976121
2024-11-18 09:30:00+00:00,99162.15107976121
2024-11-18 09:45:00+00:00,99162.15107976121
2024-11-18 10:00:00+00:00,99162.15107976121
2024-11-18 10:15:00+00:00,99162.15107976121
2024-11-18 10:30:00+00:00,99162.15107976121
2024-11-18 10:45:00+00:00,99162.15107976121
2024-11-18 11:00:00+00:00,99162.15107976121
2024-11-18 11:15:00+00:00,99162.15107976121
2024-11-18 11:30:00+00:00,99162.15107976121
2024-11-18 11:45:00+00:00,99162.15107976121
2024-11-18 12:00:00+00:00,99162.15107976121
2024-11-18 12:15:00+00:00,99162.15107976121
2024-11-18 12:30:00+00:00,99162.15107976121
2024-11-18 12:45:00+00:00,99162.15107976121
2024-11-18 13:00:00+00:00,99162.15107976121
2024-11-18 13:15:00+00:00,99162.15107976121
2024-11-18 13:30:00+00:00,99162.15107976121
2024-11-18 13:45:00+00:00,99162.15107976121
2024-11-18 14:00:00+00:00,99162.15107976121
2024-11-18 14:15:00+00:00,99162.15107976121
2024-11-18 14:30:00+00:00,99162.15107976121
2024-11-18 14:45:00+00:00,99162.15107976121
2024-11-18 15:00:00+00:00,99162.15107976121
2024-11-18 15:15:00+00:00,99162.15107976121
2024-11-18 15:30:00+00:00,99162.15107976121
2024-11-18 15:45:00+00:00,99162.15107976121
2024-11-18 16:00:00+00:00,99162.15107976121
2024-11-18 16:15:00+00:00,99162.15107976121
2024-11-18 16:30:00+00:00,99162.15107976121
2024-11-18 16:45:00+00:00,99162.15107976121
2024-11-18 17:00:00+00:00,99162.15107976121
2024-11-18 17:15:00+00:00,99162.15107976121
2024-11-18 17:30:00+00:00,99162.15107976121
2024-11-18 17:45:00+00:00,99162.15107976121
2024-11-18 18:00:00+00:00,99162.15107976121
2024-11-18 18:15:00+00:00,99162.15107976121
2024-11-18 18:30:00+00:00,99162.15107976121
2024-11-18 18:45:00+00:00,99162.15107976121
2024-11-18 19:00:00+00:00,99162.15107976121
2024-11-18 19:15:00+00:00,99162.15107976121
2024-11-18 19:30:00+00:00,99162.15107976121
2024-11-18 19:45:00+00:00,99162.15107976121
2024-11-18 20:00:00+00:00,99162.15107976121
2024-11-18 20:15:00+00:00,99162.15107976121
2024-11-18 20:30:00+00:00,99162.15107976121
2024-11-18 20:45:00+00:00,99162.15107976121
2024-11-18 21:00:00+00:00,99162.15107976121
2024-11-18 21:15:00+00:00,99162.15107976121
2024-11-18 21:30:00+00:00,99162.15107976121
2024-11-18 21:45:00+00:00,99162.15107976121
2024-11-18 22:00:00+00:00,99162.15107976121
2024-11-18 22:15:00+00:00,99162.15107976121
2024-11-18 22:30:00+00:00,99162.15107976121
2024-11-18 22:45:00+00:00,99162.15107976121
2024-11-18 23:00:00+00:00,99162.15107976121
2024-11-18 23:15:00+00:00,99162.15107976121
2024-11-18 23:30:00+00:00,99162.15107976121
2024-11-18 23:45:00+00:00,99162.15107976121
2024-11-19 00:00:00+00:00,99162.15107976121
2024-11-19 00:15:00+00:00,99162.15107976121
2024-11-19 00:30:00+00:00,99162.15107976121
2024-11-19 00:45:00+00:00,99162.15107976121
2024-11-19 01:00:00+00:00,99162.15107976121
2024-11-19 01:15:00+00:00,99162.15107976121
2024-11-19 01:30:00+00:00,99162.15107976121
2024-11-19 01:45:00+00:00,99162.15107976121
2024-11-19 02:00:00+00:00,99162.15107976121
2024-11-19 02:15:00+00:00,99162.15107976121
2024-11-19 02:30:00+00:00,99162.15107976121
2024-11-19 02:45:00+00:00,99162.15107976121
2024-11-19 03:00:00+00:00,99162.15107976121
2024-11-19 03:15:00+00:00,99162.15107976121
2024-11-19 03:30:00+00:00,99162.15107976121
2024-11-19 03:45:00+00:00,99162.15107976121
2024-11-19 04:00:00+00:00,99162.15107976121
2024-11-19 04:15:00+00:00,99162.15107976121
2024-11-19 04:30:00+00:00,99162.15107976121
2024-11-19 04:45:00+00:00,99162.15107976121
2024-11-19 05:00:00+00:00,99162.15107976121
2024-11-19 05:15:00+00:00,99162.15107976121
2024-11-19 05:30:00+00:00,99162.15107976121
2024-11-19 05:45:00+00:00,99162.15107976121
2024-11-19 06:00:00+00:00,99162.15107976121
2024-11-19 06:15:00+00:00,99162.15107976121
2024-11-19 06:30:00+00:00,99162.15107976121
2024-11-19 06:45:00+00:00,99162.15107976121
2024-11-19 07:00:00+00:00,99162.15107976121
2024-11-19 07:15:00+00:00,99162.15107976121
2024-11-19 07:30:00+00:00,99162.15107976121
2024-11-19 07:45:00+00:00,99162.15107976121
2024-11-19 08:00:00+00:00,99162.15107976121
2024-11-19 08:15:00+00:00,99162.15107976121
2024-11-19 08:30:00+00:00,99162.15107976121
2024-11-19 08:45:00+00:00,99162.15107976121
2024-11-19 09:00:00+00:00,99162.15107976121
2024-11-19 09:15:00+00:00,99162.15107976121
2024-11-19 09:30:00+00:00,99162.15107976121
2024-11-19 09:45:00+00:00,99162.15107976121
2024-11-19 10:00:00+00:00,99162.15107976121
2024-11-19 10:15:00+00:00,99162.15107976121
2024-11-19 10:30:00+00:00,99162.15107976121
2024-11-19 10:45:00+00:00,99162.15107976121
2024-11-19 11:00:00+00:00,99162.15107976121
2024-11-19 11:15:00+00:00,99162.15107976121
2024-11-19 11:30:00+00:00,99162.15107976121
2024-11-19 11:45:00+00:00,99162.15107976121
2024-11-19 12:00:00+00:00,99162.15107976121
2024-11-19 12:15:00+00:00,99162.15107976121
2024-11-19 12:30:00+00:00,99162.15107976121
2024-11-19 12:45:00+00:00,99162.15107976121
2024-11-19 13:00:00+00:00,99162.15107976121
2024-11-19 13:15:00+00:00,99162.15107976121
2024-11-19 13:30:00+00:00,99162.15107976121
2024-11-19 13:45:00+00:00,99162.15107976121
2024-11-19 14:00:00+00:00,99162.15107976121
2024-11-19 14:15:00+00:00,99162.15107976121
2024-11-19 14:30:00+00:00,99162.15107976121
2024-11-19 14:45:00+00:00,99162.15107976121
2024-11-19 15:00:00+00:00,99162.15107976121
2024-11-19 15:15:00+00:00,99162.15107976121
2024-11-19 15:30:00+00:00,99162.15107976121
2024-11-19 15:45:00+00:00,99162.15107976121
2024-11-19 16:00:00+00:00,99162.15107976121
2024-11-19 16:15:00+00:00,99162.15107976121
2024-11-19 16:30:00+00:00,99162.15107976121
2024-11-19 16:45:00+00:00,99162.15107976121
2024-11-19 17:00:00+00:00,99162.15107976121
2024-11-19 17:15:00+00:00,99162.15107976121
2024-11-19 17:30:00+00:00,99162.15107976121
2024-11-19 17:45:00+00:00,99162.15107976121
2024-11-19 18:00:00+00:00,99162.15107976121
2024-11-19 18:15:00+00:00,99162.15107976121
2024-11-19 18:30:00+00:00,99162.15107976121
2024-11-19 18:45:00+00:00,99162.15107976121
2024-11-19 19:00:00+00:00,99162.15107976121
2024-11-19 19:15:00+00:00,99162.15107976121
2024-11-19 19:30:00+00:00,99162.15107976121
2024-11-19 19:45:00+00:00,99162.15107976121
2024-11-19 20:00:00+00:00,99162.15107976121
2024-11-19 20:15:00+00:00,99162.15107976121
2024-11-19 20:30:00+00:00,99162.15107976121
2024-11-19 20:45:00+00:00,99162.15107976121
2024-11-19 21:00:00+00:00,99162.15107976121
2024-11-19 21:15:00+00:00,99162.15107976121
2024-11-19 21:30:00+00:00,99162.15107976121
2024-11-19 21:45:00+00:00,99162.15107976121
2024-11-19 22:00:00+00:00,99162.15107976121
2024-11-19 22:15:00+00:00,99162.15107976121
2024-11-19 22:30:00+00:00,99162.15107976121
2024-11-19 22:45:00+00:00,99162.15107976121
2024-11-19 23:00:00+00:00,99162.15107976121
2024-11-19 23:15:00+00:00,99162.15107976121
2024-11-19 23:30:00+00:00,99162.15107976121
2024-11-19 23:45:00+00:00,99162.15107976121
2024-11-20 00:00:00+00:00,99162.15107976121
2024-11-20 00:15:00+00:00,99162.15107976121
2024-11-20 00:30:00+00:00,99162.15107976121
2024-11-20 00:45:00+00:00,99162.15107976121
2024-11-20 01:00:00+00:00,99162.15107976121
2024-11-20 01:15:00+00:00,99162.15107976121
2024-11-20 01:30:00+00:00,99162.15107976121
2024-11-20 01:45:00+00:00,99162.15107976121
2024-11-20 02:00:00+00:00,99162.15107976121
2024-11-20 02:15:00+00:00,99162.15107976121
2024-11-20 02:30:00+00:00,99162.15107976121
2024-11-20 02:45:00+00:00,99162.15107976121
2024-11-20 03:00:00+00:00,99162.15107976121
2024-11-20 03:15:00+00:00,99162.15107976121
2024-11-20 03:30:00+00:00,99162.15107976121
2024-11-20 03:45:00+00:00,99162.15107976121
2024-11-20 04:00:00+00:00,99162.15107976121
2024-11-20 04:15:00+00:00,99162.15107976121
2024-11-20 04:30:00+00:00,99162.15107976121
2024-11-20 04:45:00+00:00,99162.15107976121
2024-11-20 05:00:00+00:00,99162.15107976121
2024-11-20 05:15:00+00:00,99162.15107976121
2024-11-20 05:30:00+00:00,99162.15107976121
2024-11-20 05:45:00+00:00,99162.15107976121
2024-11-20 06:00:00+00:00,99162.15107976121
2024-11-20 06:15:00+00:00,99162.15107976121
2024-11-20 06:30:00+00:00,99162.15107976121
2024-11-20 06:45:00+00:00,99162.15107976121
2024-11-20 07:00:00+00:00,99162.15107976121
2024-11-20 07:15:00+00:00,99162.15107976121
2024-11-20 07:30:00+00:00,99162.15107976121
2024-11-20 07:45:00+00:00,99162.15107976121
2024-11-20 08:00:00+00:00,99162.15107976121
2024-11-20 08:15:00+00:00,99162.15107976121
2024-11-20 08:30:00+00:00,99162.15107976121
2024-11-20 08:45:00+00:00,99162.15107976121
2024-11-20 09:00:00+00:00,99162.15107976121
2024-11-20 09:15:00+00:00,99162.15107976121
2024-11-20 09:30:00+00:00,99162.15107976121
2024-11-20 09:45:00+00:00,99162.15107976121
2024-11-20 10:00:00+00:00,99162.15107976121
2024-11-20 10:15:00+00:00,99162.15107976121
2024-11-20 10:30:00+00:00,99162.15107976121
2024-11-20 10:45:00+00:00,99162.15107976121
2024-11-20 11:00:00+00:00,99162.15107976121
2024-11-20 11:15:00+00:00,99162.15107976121
2024-11-20 11:30:00+00:00,99162.15107976121
2024-11-20 11:45:00+00:00,99162.15107976121
2024-11-20 12:00:00+00:00,99162.15107976121
2024-11-20 12:15:00+00:00,99162.15107976121
2024-11-20 12:30:00+00:00,99162.15107976121
2024-11-20 12:45:00+00:00,99162.15107976121
2024-11-20 13:00:00+00:00,99162.15107976121
2024-11-20 13:15:00+00:00,99162.15107976121
2024-11-20 13:30:00+00:00,99162.15107976121
2024-11-20 13:45:00+00:00,99162.15107976121
2024-11-20 14:00:00+00:00,99162.15107976121
2024-11-20 14:15:00+00:00,99162.15107976121
2024-11-20 14:30:00+00:00,99162.15107976121
2024-11-20 14:45:00+00:00,99162.15107976121
2024-11-20 15:00:00+00:00,99162.15107976121
2024-11-20 15:15:00+00:00,99162.15107976121
2024-11-20 15:30:00+00:00,99162.15107976121
2024-11-20 15:45:00+00:00,99162.15107976121
2024-11-20 16:00:00+00:00,99162.15107976121
2024-11-20 16:15:00+00:00,99162.15107976121
2024-11-20 16:30:00+00:00,99162.15107976121
2024-11-20 16:45:00+00:00,99162.15107976121
2024-11-20 17:00:00+00:00,99162.15107976121
2024-11-20 17:15:00+00:00,99162.15107976121
2024-11-20 17:30:00+00:00,99162.15107976121
2024-11-20 17:45:00+00:00,99162.15107976121
2024-11-20 18:00:00+00:00,99162.15107976121
2024-11-20 18:15:00+00:00,99162.15107976121
2024-11-20 18:30:00+00:00,99162.15107976121
2024-11-20 18:45:00+00:00,99162.15107976121
2024-11-20 19:00:00+00:00,99162.15107976121
2024-11-20 19:15:00+00:00,99162.15107976121
2024-11-20 19:30:00+00:00,99162.15107976121
2024-11-20 19:45:00+00:00,99162.15107976121
2024-11-20 20:00:00+00:00,99162.15107976121
2024-11-20 20:15:00+00:00,99162.15107976121
2024-11-20 20:30:00+00:00,99162.15107976121
2024-11-20 20:45:00+00:00,99162.15107976121
2024-11-20 21:00:00+00:00,99162.15107976121
2024-11-20 21:15:00+00:00,99162.15107976121
2024-11-20 21:30:00+00:00,99162.15107976121
2024-11-20 21:45:00+00:00,99162.15107976121
2024-11-20 22:00:00+00:00,99162.15107976121
2024-11-20 22:15:00+00:00,99162.15107976121
2024-11-20 22:30:00+00:00,99162.15107976121
2024-11-20 22:45:00+00:00,99162.15107976121
2024-11-20 23:00:00+00:00,99162.15107976121
2024-11-20 23:15:00+00:00,99162.15107976121
2024-11-20 23:30:00+00:00,99162.15107976121
2024-11-20 23:45:00+00:00,99162.15107976121
2024-11-21 00:00:00+00:00,99162.15107976121
2024-11-21 00:15:00+00:00,99162.15107976121
2024-11-21 00:30:00+00:00,99162.15107976121
2024-11-21 00:45:00+00:00,99162.15107976121
2024-11-21 01:00:00+00:00,99162.15107976121
2024-11-21 01:15:00+00:00,99162.15107976121
2024-11-21 01:30:00+00:00,99162.15107976121
2024-11-21 01:45:00+00:00,99162.15107976121
2024-11-21 02:00:00+00:00,99162.15107976121
2024-11-21 02:15:00+00:00,99162.15107976121
2024-11-21 02:30:00+00:00,99162.15107976121
2024-11-21 02:45:00+00:00,99162.15107976121
2024-11-21 03:00:00+00:00,99162.15107976121
2024-11-21 03:15:00+00:00,99162.15107976121
2024-11-21 03:30:00+00:00,99162.15107976121
2024-11-21 03:45:00+00:00,99162.15107976121
2024-11-21 04:00:00+00:00,99162.15107976121
2024-11-21 04:15:00+00:00,99162.15107976121
2024-11-21 04:30:00+00:00,99162.15107976121
2024-11-21 04:45:00+00:00,99162.15107976121
2024-11-21 05:00:00+00:00,99162.15107976121
2024-11-21 05:15:00+00:00,99162.15107976121
2024-11-21 05:30:00+00:00,99162.15107976121
2024-11-21 05:45:00+00:00,99162.15107976121
2024-11-21 06:00:00+00:00,99162.15107976121
2024-11-21 06:15:00+00:00,99162.15107976121
2024-11-21 06:30:00+00:00,99162.15107976121
2024-11-21 06:45:00+00:00,99162.15107976121
2024-11-21 07:00:00+00:00,99162.15107976121
2024-11-21 07:15:00+00:00,99162.15107976121
2024-11-21 07:30:00+00:00,99162.15107976121
2024-11-21 07:45:00+00:00,99162.15107976121
2024-11-21 08:00:00+00:00,99162.15107976121
2024-11-21 08:15:00+00:00,99162.15107976121
2024-11-21 08:30:00+00:00,99162.15107976121
2024-11-21 08:45:00+00:00,99162.15107976121
2024-11-21 09:00:00+00:00,99162.15107976121
2024-11-21 09:15:00+00:00,99162.15107976121
2024-11-21 09:30:00+00:00,99162.15107976121
2024-11-21 09:45:00+00:00,99162.15107976121
2024-11-21 10:00:00+00:00,99162.15107976121
2024-11-21 10:15:00+00:00,99162.15107976121
2024-11-21 10:30:00+00:00,99162.15107976121
2024-11-21 10:45:00+00:00,99162.15107976121
2024-11-21 11:00:00+00:00,99162.15107976121
2024-11-21 11:15:00+00:00,99162.15107976121
2024-11-21 11:30:00+00:00,99162.15107976121
2024-11-21 11:45:00+00:00,99162.15107976121
2024-11-21 12:00:00+00:00,99162.15107976121
2024-11-21 12:15:00+00:00,99162.15107976121
2024-11-21 12:30:00+00:00,99162.15107976121
2024-11-21 12:45:00+00:00,99162.15107976121
2024-11-21 13:00:00+00:00,99162.15107976121
2024-11-21 13:15:00+00:00,99162.15107976121
2024-11-21 13:30:00+00:00,99162.15107976121
2024-11-21 13:45:00+00:00,99162.15107976121
2024-11-21 14:00:00+00:00,99162.15107976121
2024-11-21 14:15:00+00:00,99162.15107976121
2024-11-21 14:30:00+00:00,99162.15107976121
2024-11-21 14:45:00+00:00,99162.15107976121
2024-11-21 15:00:00+00:00,99162.15107976121
2024-11-21 15:15:00+00:00,99162.15107976121
2024-11-21 15:30:00+00:00,99162.15107976121
2024-11-21 15:45:00+00:00,99162.15107976121
2024-11-21 16:00:00+00:00,99162.15107976121
2024-11-21 16:15:00+00:00,99162.15107976121
2024-11-21 16:30:00+00:00,99162.15107976121
2024-11-21 16:45:00+00:00,99162.15107976121
2024-11-21 17:00:00+00:00,99162.15107976121
2024-11-21 17:15:00+00:00,99162.15107976121
2024-11-21 17:30:00+00:00,99162.15107976121
2024-11-21 17:45:00+00:00,99162.15107976121
2024-11-21 18:00:00+00:00,99162.15107976121
2024-11-21 18:15:00+00:00,99162.15107976121
2024-11-21 18:30:00+00:00,99162.15107976121
2024-11-21 18:45:00+00:00,99162.15107976121
2024-11-21 19:00:00+00:00,99162.15107976121
2024-11-21 19:15:00+00:00,99162.15107976121
2024-11-21 19:30:00+00:00,99162.15107976121
2024-11-21 19:45:00+00:00,99162.15107976121
2024-11-21 20:00:00+00:00,99162.15107976121
2024-11-21 20:15:00+00:00,99162.15107976121
2024-11-21 20:30:00+00:00,99162.15107976121
2024-11-21 20:45:00+00:00,99162.15107976121
2024-11-21 21:00:00+00:00,99162.15107976121
2024-11-21 21:15:00+00:00,99162.15107976121
2024-11-21 21:30:00+00:00,99162.15107976121
2024-11-21 21:45:00+00:00,99162.15107976121
2024-11-21 22:00:00+00:00,99162.15107976121
2024-11-21 22:15:00+00:00,99162.15107976121
2024-11-21 22:30:00+00:00,99162.15107976121
2024-11-21 22:45:00+00:00,99162.15107976121
2024-11-21 23:00:00+00:00,99162.15107976121
2024-11-21 23:15:00+00:00,99162.15107976121
2024-11-21 23:30:00+00:00,99162.15107976121
2024-11-21 23:45:00+00:00,99162.15107976121
2024-11-22 00:00:00+00:00,99162.15107976121
2024-11-22 00:15:00+00:00,99162.15107976121
2024-11-22 00:30:00+00:00,99162.15107976121
2024-11-22 00:45:00+00:00,99162.15107976121
2024-11-22 01:00:00+00:00,99162.15107976121
2024-11-22 01:15:00+00:00,99162.15107976121
2024-11-22 01:30:00+00:00,99162.15107976121
2024-11-22 01:45:00+00:00,99162.15107976121
2024-11-22 02:00:00+00:00,99162.15107976121
2024-11-22 02:15:00+00:00,99162.15107976121
2024-11-22 02:30:00+00:00,99162.15107976121
2024-11-22 02:45:00+00:00,99162.15107976121
2024-11-22 03:00:00+00:00,99162.15107976121
2024-11-22 03:15:00+00:00,99162.15107976121
2024-11-22 03:30:00+00:00,99162.15107976121
2024-11-22 03:45:00+00:00,99162.15107976121
2024-11-22 04:00:00+00:00,99162.15107976121
2024-11-22 04:15:00+00:00,99162.15107976121
2024-11-22 04:30:00+00:00,99162.15107976121
2024-11-22 04:45:00+00:00,99162.15107976121
2024-11-22 05:00:00+00:00,99162.15107976121
2024-11-22 05:15:00+00:00,99162.15107976121
2024-11-22 05:30:00+00:00,99162.15107976121
2024-11-22 05:45:00+00:00,99162.15107976121
2024-11-22 06:00:00+00:00,99162.15107976121
2024-11-22 06:15:00+00:00,99162.15107976121
2024-11-22 06:30:00+00:00,99162.15107976121
2024-11-22 06:45:00+00:00,99162.15107976121
2024-11-22 07:00:00+00:00,99162.15107976121
2024-11-22 07:15:00+00:00,99162.15107976121
2024-11-22 07:30:00+00:00,99162.15107976121
2024-11-22 07:45:00+00:00,99162.15107976121
2024-11-22 08:00:00+00:00,99162.15107976121
2024-11-22 08:15:00+00:00,99163.87503189071
2024-11-22 08:30:00+00:00,99158.57478897451
2024-11-22 08:45:00+00:00,99159.03100549217
2024-11-22 09:00:00+00:00,99147.44930325153
2024-11-22 09:15:00+00:00,99147.44930325153
2024-11-22 09:30:00+00:00,99147.44930325153
2024-11-22 09:45:00+00:00,99147.44930325153
2024-11-22 10:00:00+00:00,99147.44930325153
2024-11-22 10:15:00+00:00,99147.44930325153
2024-11-22 10:30:00+00:00,99147.44930325153
2024-11-22 10:45:00+00:00,99147.44930325153
2024-11-22 11:00:00+00:00,99147.44930325153
2024-11-22 11:15:00+00:00,99147.44930325153
2024-11-22 11:30:00+00:00,99147.44930325153
2024-11-22 11:45:00+00:00,99147.44930325153
2024-11-22 12:00:00+00:00,99147.44930325153
2024-11-22 12:15:00+00:00,99147.44930325153
2024-11-22 12:30:00+00:00,99147.44930325153
2024-11-22 12:45:00+00:00,99147.44930325153
2024-11-22 13:00:00+00:00,99147.44930325153
2024-11-22 13:15:00+00:00,99147.44930325153
2024-11-22 13:30:00+00:00,99147.44930325153
2024-11-22 13:45:00+00:00,99147.44930325153
2024-11-22 14:00:00+00:00,99147.44930325153
2024-11-22 14:15:00+00:00,99147.44930325153
2024-11-22 14:30:00+00:00,99147.44930325153
2024-11-22 14:45:00+00:00,99147.44930325153
2024-11-22 15:00:00+00:00,99147.44930325153
2024-11-22 15:15:00+00:00,99147.44930325153
2024-11-22 15:30:00+00:00,99147.44930325153
2024-11-22 15:45:00+00:00,99147.44930325153
2024-11-22 16:00:00+00:00,99147.44930325153
2024-11-22 16:15:00+00:00,99147.44930325153
2024-11-22 16:30:00+00:00,99147.44930325153
2024-11-22 16:45:00+00:00,99147.44930325153
2024-11-22 17:00:00+00:00,99147.44930325153
2024-11-22 17:15:00+00:00,99147.44930325153
2024-11-22 17:30:00+00:00,99147.44930325153
2024-11-22 17:45:00+00:00,99147.44930325153
2024-11-22 18:00:00+00:00,99147.44930325153
2024-11-22 18:15:00+00:00,99147.44930325153
2024-11-22 18:30:00+00:00,99147.44930325153
2024-11-22 18:45:00+00:00,99147.44930325153
2024-11-22 19:00:00+00:00,99147.44930325153
2024-11-22 19:15:00+00:00,99147.44930325153
2024-11-22 19:30:00+00:00,99147.44930325153
2024-11-22 19:45:00+00:00,99147.44930325153
2024-11-22 20:00:00+00:00,99147.44930325153
2024-11-22 20:15:00+00:00,99147.44930325153
2024-11-22 20:30:00+00:00,99147.44930325153
2024-11-22 20:45:00+00:00,99147.44930325153
2024-11-22 21:00:00+00:00,99147.44930325153
2024-11-22 21:15:00+00:00,99147.44930325153
2024-11-22 21:30:00+00:00,99147.44930325153
2024-11-22 21:45:00+00:00,99147.44930325153
2024-11-22 22:00:00+00:00,99147.44930325153
2024-11-22 22:15:00+00:00,99147.44930325153
2024-11-22 22:30:00+00:00,99147.44930325153
2024-11-22 22:45:00+00:00,99147.44930325153
2024-11-22 23:00:00+00:00,99147.44930325153
2024-11-22 23:15:00+00:00,99147.44930325153
2024-11-22 23:30:00+00:00,99147.44930325153
2024-11-22 23:45:00+00:00,99147.44930325153
2024-11-23 00:00:00+00:00,99147.44930325153
2024-11-23 00:15:00+00:00,99147.44930325153
2024-11-23 00:30:00+00:00,99147.44930325153
2024-11-23 00:45:00+00:00,99147.44930325153
2024-11-23 01:00:00+00:00,99147.44930325153
2024-11-23 01:15:00+00:00,99147.44930325153
2024-11-23 01:30:00+00:00,99147.44930325153
2024-11-23 01:45:00+00:00,99147.44930325153
2024-11-23 02:00:00+00:00,99147.44930325153
2024-11-23 02:15:00+00:00,99147.44930325153
2024-11-23 02:30:00+00:00,99147.44930325153
2024-11-23 02:45:00+00:00,99147.44930325153
2024-11-23 03:00:00+00:00,99147.44930325153
2024-11-23 03:15:00+00:00,99147.44930325153
2024-11-23 03:30:00+00:00,99147.44930325153
2024-11-23 03:45:00+00:00,99147.44930325153
2024-11-23 04:00:00+00:00,99147.44930325153
2024-11-23 04:15:00+00:00,99147.44930325153
2024-11-23 04:30:00+00:00,99147.44930325153
2024-11-23 04:45:00+00:00,99147.44930325153
2024-11-23 05:00:00+00:00,99147.44930325153
2024-11-23 05:15:00+00:00,99147.44930325153
2024-11-23 05:30:00+00:00,99147.44930325153
2024-11-23 05:45:00+00:00,99147.44930325153
2024-11-23 06:00:00+00:00,99147.44930325153
2024-11-23 06:15:00+00:00,99147.44930325153
2024-11-23 06:30:00+00:00,99147.44930325153
2024-11-23 06:45:00+00:00,99147.44930325153
2024-11-23 07:00:00+00:00,99147.44930325153
2024-11-23 07:15:00+00:00,99147.44930325153
2024-11-23 07:30:00+00:00,99147.44930325153
2024-11-23 07:45:00+00:00,99147.44930325153
2024-11-23 08:00:00+00:00,99147.44930325153
2024-11-23 08:15:00+00:00,99147.44930325153
2024-11-23 08:30:00+00:00,99147.44930325153
2024-11-23 08:45:00+00:00,99147.44930325153
2024-11-23 09:00:00+00:00,99147.44930325153
2024-11-23 09:15:00+00:00,99147.44930325153
2024-11-23 09:30:00+00:00,99147.44930325153
2024-11-23 09:45:00+00:00,99147.44930325153
2024-11-23 10:00:00+00:00,99147.44930325153
2024-11-23 10:15:00+00:00,99147.44930325153
2024-11-23 10:30:00+00:00,99147.44930325153
2024-11-23 10:45:00+00:00,99147.44930325153
2024-11-23 11:00:00+00:00,99147.44930325153
2024-11-23 11:15:00+00:00,99147.44930325153
2024-11-23 11:30:00+00:00,99147.44930325153
2024-11-23 11:45:00+00:00,99147.44930325153
2024-11-23 12:00:00+00:00,99147.44930325153
2024-11-23 12:15:00+00:00,99147.44930325153
2024-11-23 12:30:00+00:00,99147.44930325153
2024-11-23 12:45:00+00:00,99147.44930325153
2024-11-23 13:00:00+00:00,99147.44930325153
2024-11-23 13:15:00+00:00,99147.44930325153
2024-11-23 13:30:00+00:00,99147.44930325153
2024-11-23 13:45:00+00:00,99147.44930325153
2024-11-23 14:00:00+00:00,99147.44930325153
2024-11-23 14:15:00+00:00,99147.44930325153
2024-11-23 14:30:00+00:00,99147.44930325153
2024-11-23 14:45:00+00:00,99147.44930325153
2024-11-23 15:00:00+00:00,99147.44930325153
2024-11-23 15:15:00+00:00,99147.44930325153
2024-11-23 15:30:00+00:00,99147.44930325153
2024-11-23 15:45:00+00:00,99147.44930325153
2024-11-23 16:00:00+00:00,99147.44930325153
2024-11-23 16:15:00+00:00,99147.44930325153
2024-11-23 16:30:00+00:00,99147.44930325153
2024-11-23 16:45:00+00:00,99147.44930325153
2024-11-23 17:00:00+00:00,99147.44930325153
2024-11-23 17:15:00+00:00,99147.44930325153
2024-11-23 17:30:00+00:00,99147.44930325153
2024-11-23 17:45:00+00:00,99147.44930325153
2024-11-23 18:00:00+00:00,99147.44930325153
2024-11-23 18:15:00+00:00,99147.44930325153
2024-11-23 18:30:00+00:00,99147.44930325153
2024-11-23 18:45:00+00:00,99147.44930325153
2024-11-23 19:00:00+00:00,99147.44930325153
2024-11-23 19:15:00+00:00,99147.44930325153
2024-11-23 19:30:00+00:00,99147.44930325153
2024-11-23 19:45:00+00:00,99147.44930325153
2024-11-23 20:00:00+00:00,99147.44930325153
2024-11-23 20:15:00+00:00,99147.44930325153
2024-11-23 20:30:00+00:00,99147.44930325153
2024-11-23 20:45:00+00:00,99147.44930325153
2024-11-23 21:00:00+00:00,99147.44930325153
2024-11-23 21:15:00+00:00,99147.44930325153
2024-11-23 21:30:00+00:00,99147.44930325153
2024-11-23 21:45:00+00:00,99147.44930325153
2024-11-23 22:00:00+00:00,99147.44930325153
2024-11-23 22:15:00+00:00,99147.44930325153
2024-11-23 22:30:00+00:00,99147.44930325153
2024-11-23 22:45:00+00:00,99147.44930325153
2024-11-23 23:00:00+00:00,99147.44930325153
2024-11-23 23:15:00+00:00,99147.44930325153
2024-11-23 23:30:00+00:00,99147.44930325153
2024-11-23 23:45:00+00:00,99147.44930325153
2024-11-24 00:00:00+00:00,99147.44930325153
2024-11-24 00:15:00+00:00,99147.44930325153
2024-11-24 00:30:00+00:00,99147.44930325153
2024-11-24 00:45:00+00:00,99147.44930325153
2024-11-24 01:00:00+00:00,99147.44930325153
2024-11-24 01:15:00+00:00,99147.44930325153
2024-11-24 01:30:00+00:00,99147.44930325153
2024-11-24 01:45:00+00:00,99147.44930325153
2024-11-24 02:00:00+00:00,99147.44930325153
2024-11-24 02:15:00+00:00,99147.44930325153
2024-11-24 02:30:00+00:00,99147.44930325153
2024-11-24 02:45:00+00:00,99147.44930325153
2024-11-24 03:00:00+00:00,99147.44930325153
2024-11-24 03:15:00+00:00,99147.44930325153
2024-11-24 03:30:00+00:00,99147.44930325153
2024-11-24 03:45:00+00:00,99147.44930325153
2024-11-24 04:00:00+00:00,99147.44930325153
2024-11-24 04:15:00+00:00,99147.44930325153
2024-11-24 04:30:00+00:00,99147.44930325153
2024-11-24 04:45:00+00:00,99147.44930325153
2024-11-24 05:00:00+00:00,99147.44930325153
2024-11-24 05:15:00+00:00,99147.44930325153
2024-11-24 05:30:00+00:00,99147.44930325153
2024-11-24 05:45:00+00:00,99147.44930325153
2024-11-24 06:00:00+00:00,99147.44930325153
2024-11-24 06:15:00+00:00,99147.44930325153
2024-11-24 06:30:00+00:00,99147.44930325153
2024-11-24 06:45:00+00:00,99147.44930325153
2024-11-24 07:00:00+00:00,99147.44930325153
2024-11-24 07:15:00+00:00,99147.44930325153
2024-11-24 07:30:00+00:00,99147.44930325153
2024-11-24 07:45:00+00:00,99147.44930325153
2024-11-24 08:00:00+00:00,99147.44930325153
2024-11-24 08:15:00+00:00,99147.44930325153
2024-11-24 08:30:00+00:00,99147.44930325153
2024-11-24 08:45:00+00:00,99147.44930325153
2024-11-24 09:00:00+00:00,99147.44930325153
2024-11-24 09:15:00+00:00,99147.44930325153
2024-11-24 09:30:00+00:00,99147.44930325153
2024-11-24 09:45:00+00:00,99147.44930325153
2024-11-24 10:00:00+00:00,99147.44930325153
2024-11-24 10:15:00+00:00,99147.44930325153
2024-11-24 10:30:00+00:00,99147.44930325153
2024-11-24 10:45:00+00:00,99147.44930325153
2024-11-24 11:00:00+00:00,99147.44930325153
2024-11-24 11:15:00+00:00,99147.44930325153
2024-11-24 11:30:00+00:00,99147.44930325153
2024-11-24 11:45:00+00:00,99147.44930325153
2024-11-24 12:00:00+00:00,99147.44930325153
2024-11-24 12:15:00+00:00,99147.44930325153
2024-11-24 12:30:00+00:00,99147.44930325153
2024-11-24 12:45:00+00:00,99147.44930325153
2024-11-24 13:00:00+00:00,99147.44930325153
2024-11-24 13:15:00+00:00,99147.44930325153
2024-11-24 13:30:00+00:00,99147.44930325153
2024-11-24 13:45:00+00:00,99147.44930325153
2024-11-24 14:00:00+00:00,99147.44930325153
2024-11-24 14:15:00+00:00,99147.44930325153
2024-11-24 14:30:00+00:00,99147.44930325153
2024-11-24 14:45:00+00:00,99147.44930325153
2024-11-24 15:00:00+00:00,99147.44930325153
2024-11-24 15:15:00+00:00,99147.44930325153
2024-11-24 15:30:00+00:00,99147.44930325153
2024-11-24 15:45:00+00:00,99147.44930325153
2024-11-24 16:00:00+00:00,99147.44930325153
2024-11-24 16:15:00+00:00,99153.40511146767
2024-11-24 16:30:00+00:00,99153.29754928907
2024-11-24 16:45:00+00:00,99151.69478947457
2024-11-24 17:00:00+00:00,99143.68998940683
2024-11-24 17:15:00+00:00,99143.68998940683
2024-11-24 17:30:00+00:00,99143.68998940683
2024-11-24 17:45:00+00:00,99143.68998940683
2024-11-24 18:00:00+00:00,99143.68998940683
2024-11-24 18:15:00+00:00,99143.68998940683
2024-11-24 18:30:00+00:00,99143.68998940683
2024-11-24 18:45:00+00:00,99143.68998940683
2024-11-24 19:00:00+00:00,99143.68998940683
2024-11-24 19:15:00+00:00,99143.68998940683
2024-11-24 19:30:00+00:00,99143.68998940683
2024-11-24 19:45:00+00:00,99143.68998940683
2024-11-24 20:00:00+00:00,99143.68998940683
2024-11-24 20:15:00+00:00,99143.68998940683
2024-11-24 20:30:00+00:00,99143.68998940683
2024-11-24 20:45:00+00:00,99143.68998940683
2024-11-24 21:00:00+00:00,99143.68998940683
2024-11-24 21:15:00+00:00,99143.68998940683
2024-11-24 21:30:00+00:00,99143.68998940683
2024-11-24 21:45:00+00:00,99143.68998940683
2024-11-24 22:00:00+00:00,99143.68998940683
2024-11-24 22:15:00+00:00,99143.68998940683
2024-11-24 22:30:00+00:00,99143.68998940683
2024-11-24 22:45:00+00:00,99143.68998940683
2024-11-24 23:00:00+00:00,99143.68998940683
2024-11-24 23:15:00+00:00,99143.68998940683
2024-11-24 23:30:00+00:00,99143.68998940683
2024-11-24 23:45:00+00:00,99143.68998940683
2024-11-25 00:00:00+00:00,99143.68998940683
2024-11-25 00:15:00+00:00,99143.68998940683
2024-11-25 00:30:00+00:00,99143.68998940683
2024-11-25 00:45:00+00:00,99143.68998940683
2024-11-25 01:00:00+00:00,99143.68998940683
2024-11-25 01:15:00+00:00,99143.68998940683
2024-11-25 01:30:00+00:00,99143.68998940683
2024-11-25 01:45:00+00:00,99143.68998940683
2024-11-25 02:00:00+00:00,99143.68998940683
2024-11-25 02:15:00+00:00,99143.68998940683
2024-11-25 02:30:00+00:00,99143.68998940683
2024-11-25 02:45:00+00:00,99143.68998940683
2024-11-25 03:00:00+00:00,99143.68998940683
2024-11-25 03:15:00+00:00,99143.68998940683
2024-11-25 03:30:00+00:00,99143.68998940683
2024-11-25 03:45:00+00:00,99143.68998940683
2024-11-25 04:00:00+00:00,99143.68998940683
2024-11-25 04:15:00+00:00,99143.68998940683
2024-11-25 04:30:00+00:00,99143.68998940683
2024-11-25 04:45:00+00:00,99143.68998940683
2024-11-25 05:00:00+00:00,99143.68998940683
2024-11-25 05:15:00+00:00,99143.68998940683
2024-11-25 05:30:00+00:00,99143.68998940683
2024-11-25 05:45:00+00:00,99143.68998940683
2024-11-25 06:00:00+00:00,99143.68998940683
2024-11-25 06:15:00+00:00,99143.68998940683
2024-11-25 06:30:00+00:00,99143.68998940683
2024-11-25 06:45:00+00:00,99143.68998940683
2024-11-25 07:00:00+00:00,99143.68998940683
2024-11-25 07:15:00+00:00,99143.68998940683
2024-11-25 07:30:00+00:00,99143.68998940683
2024-11-25 07:45:00+00:00,99143.68998940683
2024-11-25 08:00:00+00:00,99143.68998940683
2024-11-25 08:15:00+00:00,99143.68998940683
2024-11-25 08:30:00+00:00,99143.68998940683
2024-11-25 08:45:00+00:00,99143.68998940683
2024-11-25 09:00:00+00:00,99143.68998940683
2024-11-25 09:15:00+00:00,99143.68998940683
2024-11-25 09:30:00+00:00,99143.68998940683
2024-11-25 09:45:00+00:00,99143.68998940683
2024-11-25 10:00:00+00:00,99143.68998940683
2024-11-25 10:15:00+00:00,99143.68998940683
2024-11-25 10:30:00+00:00,99143.68998940683
2024-11-25 10:45:00+00:00,99143.68998940683
2024-11-25 11:00:00+00:00,99143.68998940683
2024-11-25 11:15:00+00:00,99143.68998940683
2024-11-25 11:30:00+00:00,99143.68998940683
2024-11-25 11:45:00+00:00,99143.68998940683
2024-11-25 12:00:00+00:00,99143.68998940683
2024-11-25 12:15:00+00:00,99143.68998940683
2024-11-25 12:30:00+00:00,99143.68998940683
2024-11-25 12:45:00+00:00,99143.68998940683
2024-11-25 13:00:00+00:00,99143.68998940683
2024-11-25 13:15:00+00:00,99143.68998940683
2024-11-25 13:30:00+00:00,99143.68998940683
2024-11-25 13:45:00+00:00,99143.68998940683
2024-11-25 14:00:00+00:00,99143.68998940683
2024-11-25 14:15:00+00:00,99143.68998940683
2024-11-25 14:30:00+00:00,99143.68998940683
2024-11-25 14:45:00+00:00,99143.68998940683
2024-11-25 15:00:00+00:00,99143.68998940683
2024-11-25 15:15:00+00:00,99143.68998940683
2024-11-25 15:30:00+00:00,99143.68998940683
2024-11-25 15:45:00+00:00,99143.68998940683
2024-11-25 16:00:00+00:00,99143.68998940683
2024-11-25 16:15:00+00:00,99143.68998940683
2024-11-25 16:30:00+00:00,99143.68998940683
2024-11-25 16:45:00+00:00,99143.68998940683
2024-11-25 17:00:00+00:00,99130.35533262913
2024-11-25 17:15:00+00:00,99130.72952750657
2024-11-25 17:30:00+00:00,99128.7914531756
2024-11-25 17:45:00+00:00,99133.27157301719
2024-11-25 18:00:00+00:00,99140.00504720253
2024-11-25 18:15:00+00:00,99136.72678299386
2024-11-25 18:30:00+00:00,99129.64752063638
2024-11-25 18:45:00+00:00,99113.21804662248
2024-11-25 19:00:00+00:00,99113.21804662248
2024-11-25 19:15:00+00:00,99113.21804662248
2024-11-25 19:30:00+00:00,99113.21804662248
2024-11-25 19:45:00+00:00,99113.21804662248
2024-11-25 20:00:00+00:00,99113.21804662248
2024-11-25 20:15:00+00:00,99113.21804662248
2024-11-25 20:30:00+00:00,99113.21804662248
2024-11-25 20:45:00+00:00,99113.21804662248
2024-11-25 21:00:00+00:00,99113.21804662248
2024-11-25 21:15:00+00:00,99113.21804662248
2024-11-25 21:30:00+00:00,99113.21804662248
2024-11-25 21:45:00+00:00,99113.21804662248
2024-11-25 22:00:00+00:00,99113.21804662248
2024-11-25 22:15:00+00:00,99113.21804662248
2024-11-25 22:30:00+00:00,99113.21804662248
2024-11-25 22:45:00+00:00,99113.21804662248
2024-11-25 23:00:00+00:00,99113.21804662248
2024-11-25 23:15:00+00:00,99113.21804662248
2024-11-25 23:30:00+00:00,99113.21804662248
2024-11-25 23:45:00+00:00,99113.21804662248
2024-11-26 00:00:00+00:00,99113.21804662248
2024-11-26 00:15:00+00:00,99113.21804662248
2024-11-26 00:30:00+00:00,99113.21804662248
2024-11-26 00:45:00+00:00,99113.21804662248
2024-11-26 01:00:00+00:00,99113.21804662248
2024-11-26 01:15:00+00:00,99113.21804662248
2024-11-26 01:30:00+00:00,99113.21804662248
2024-11-26 01:45:00+00:00,99113.21804662248
2024-11-26 02:00:00+00:00,99113.21804662248
2024-11-26 02:15:00+00:00,99113.21804662248
2024-11-26 02:30:00+00:00,99113.21804662248
2024-11-26 02:45:00+00:00,99113.21804662248
2024-11-26 03:00:00+00:00,99113.21804662248
2024-11-26 03:15:00+00:00,99113.21804662248
2024-11-26 03:30:00+00:00,99113.21804662248
2024-11-26 03:45:00+00:00,99113.21804662248
2024-11-26 04:00:00+00:00,99113.21804662248
2024-11-26 04:15:00+00:00,99113.21804662248
2024-11-26 04:30:00+00:00,99113.21804662248
2024-11-26 04:45:00+00:00,99113.21804662248
2024-11-26 05:00:00+00:00,99113.21804662248
2024-11-26 05:15:00+00:00,99113.21804662248
2024-11-26 05:30:00+00:00,99113.21804662248
2024-11-26 05:45:00+00:00,99113.21804662248
2024-11-26 06:00:00+00:00,99113.21804662248
2024-11-26 06:15:00+00:00,99113.21804662248
2024-11-26 06:30:00+00:00,99113.21804662248
2024-11-26 06:45:00+00:00,99113.21804662248
2024-11-26 07:00:00+00:00,99113.21804662248
2024-11-26 07:15:00+00:00,99113.21804662248
2024-11-26 07:30:00+00:00,99113.21804662248
2024-11-26 07:45:00+00:00,99113.21804662248
2024-11-26 08:00:00+00:00,99113.21804662248
2024-11-26 08:15:00+00:00,99113.21804662248
2024-11-26 08:30:00+00:00,99113.21804662248
2024-11-26 08:45:00+00:00,99113.21804662248
2024-11-26 09:00:00+00:00,99113.21804662248
2024-11-26 09:15:00+00:00,99113.21804662248
2024-11-26 09:30:00+00:00,99113.21804662248
2024-11-26 09:45:00+00:00,99113.21804662248
2024-11-26 10:00:00+00:00,99113.21804662248
2024-11-26 10:15:00+00:00,99113.21804662248
2024-11-26 10:30:00+00:00,99113.21804662248
2024-11-26 10:45:00+00:00,99113.21804662248
2024-11-26 11:00:00+00:00,99113.21804662248
2024-11-26 11:15:00+00:00,99113.21804662248
2024-11-26 11:30:00+00:00,99113.21804662248
2024-11-26 11:45:00+00:00,99113.21804662248
2024-11-26 12:00:00+00:00,99113.21804662248
2024-11-26 12:15:00+00:00,99113.21804662248
2024-11-26 12:30:00+00:00,99113.21804662248
2024-11-26 12:45:00+00:00,99113.21804662248
2024-11-26 13:00:00+00:00,99113.21804662248
2024-11-26 13:15:00+00:00,99113.21804662248
2024-11-26 13:30:00+00:00,99113.21804662248
2024-11-26 13:45:00+00:00,99113.21804662248
2024-11-26 14:00:00+00:00,99113.21804662248
2024-11-26 14:15:00+00:00,99113.21804662248
2024-11-26 14:30:00+00:00,99113.21804662248
2024-11-26 14:45:00+00:00,99113.21804662248
2024-11-26 15:00:00+00:00,99113.21804662248
2024-11-26 15:15:00+00:00,99113.21804662248
2024-11-26 15:30:00+00:00,99113.21804662248
2024-11-26 15:45:00+00:00,99113.21804662248
2024-11-26 16:00:00+00:00,99113.21804662248
2024-11-26 16:15:00+00:00,99113.21804662248
2024-11-26 16:30:00+00:00,99113.21804662248
2024-11-26 16:45:00+00:00,99113.21804662248
2024-11-26 17:00:00+00:00,99113.21804662248
2024-11-26 17:15:00+00:00,99113.21804662248
2024-11-26 17:30:00+00:00,99113.21804662248
2024-11-26 17:45:00+00:00,99113.21804662248
2024-11-26 18:00:00+00:00,99113.21804662248
2024-11-26 18:15:00+00:00,99113.21804662248
2024-11-26 18:30:00+00:00,99113.21804662248
2024-11-26 18:45:00+00:00,99113.21804662248
2024-11-26 19:00:00+00:00,99113.21804662248
2024-11-26 19:15:00+00:00,99113.21804662248
2024-11-26 19:30:00+00:00,99113.21804662248
2024-11-26 19:45:00+00:00,99113.21804662248
2024-11-26 20:00:00+00:00,99113.21804662248
2024-11-26 20:15:00+00:00,99113.21804662248
2024-11-26 20:30:00+00:00,99113.21804662248
2024-11-26 20:45:00+00:00,99113.21804662248
2024-11-26 21:00:00+00:00,99113.21804662248
2024-11-26 21:15:00+00:00,99113.21804662248
2024-11-26 21:30:00+00:00,99113.21804662248
2024-11-26 21:45:00+00:00,99113.21804662248
2024-11-26 22:00:00+00:00,99113.21804662248
2024-11-26 22:15:00+00:00,99113.21804662248
2024-11-26 22:30:00+00:00,99113.21804662248
2024-11-26 22:45:00+00:00,99113.21804662248
2024-11-26 23:00:00+00:00,99113.21804662248
2024-11-26 23:15:00+00:00,99113.21804662248
2024-11-26 23:30:00+00:00,99113.21804662248
2024-11-26 23:45:00+00:00,99113.21804662248
2024-11-27 00:00:00+00:00,99113.21804662248
2024-11-27 00:15:00+00:00,99116.57095145716
2024-11-27 00:30:00+00:00,99121.74816011985
2024-11-27 00:45:00+00:00,99121.74816011985
2024-11-27 01:00:00+00:00,99121.74816011985
2024-11-27 01:15:00+00:00,99121.74816011985
2024-11-27 01:30:00+00:00,99121.74816011985
2024-11-27 01:45:00+00:00,99121.74816011985
2024-11-27 02:00:00+00:00,99121.74816011985
2024-11-27 02:15:00+00:00,99121.74816011985
2024-11-27 02:30:00+00:00,99121.74816011985
2024-11-27 02:45:00+00:00,99121.74816011985
2024-11-27 03:00:00+00:00,99121.74816011985
2024-11-27 03:15:00+00:00,99121.74816011985
2024-11-27 03:30:00+00:00,99121.74816011985
2024-11-27 03:45:00+00:00,99121.74816011985
2024-11-27 04:00:00+00:00,99121.74816011985
2024-11-27 04:15:00+00:00,99121.74816011985
2024-11-27 04:30:00+00:00,99121.74816011985
2024-11-27 04:45:00+00:00,99121.74816011985
2024-11-27 05:00:00+00:00,99121.74816011985
2024-11-27 05:15:00+00:00,99121.74816011985
2024-11-27 05:30:00+00:00,99121.74816011985
2024-11-27 05:45:00+00:00,99121.74816011985
2024-11-27 06:00:00+00:00,99121.74816011985
2024-11-27 06:15:00+00:00,99121.74816011985
2024-11-27 06:30:00+00:00,99121.74816011985
2024-11-27 06:45:00+00:00,99121.74816011985
2024-11-27 07:00:00+00:00,99121.74816011985
2024-11-27 07:15:00+00:00,99121.74816011985
2024-11-27 07:30:00+00:00,99121.74816011985
2024-11-27 07:45:00+00:00,99121.74816011985
2024-11-27 08:00:00+00:00,99121.74816011985
2024-11-27 08:15:00+00:00,99121.74816011985
2024-11-27 08:30:00+00:00,99121.74816011985
2024-11-27 08:45:00+00:00,99121.74816011985
2024-11-27 09:00:00+00:00,99121.74816011985
2024-11-27 09:15:00+00:00,99121.74816011985
2024-11-27 09:30:00+00:00,99121.74816011985
2024-11-27 09:45:00+00:00,99121.74816011985
2024-11-27 10:00:00+00:00,99121.74816011985
2024-11-27 10:15:00+00:00,99121.74816011985
2024-11-27 10:30:00+00:00,99121.74816011985
2024-11-27 10:45:00+00:00,99121.74816011985
2024-11-27 11:00:00+00:00,99121.74816011985
2024-11-27 11:15:00+00:00,99121.74816011985
2024-11-27 11:30:00+00:00,99121.74816011985
2024-11-27 11:45:00+00:00,99121.74816011985
2024-11-27 12:00:00+00:00,99121.74816011985
2024-11-27 12:15:00+00:00,99121.74816011985
2024-11-27 12:30:00+00:00,99121.74816011985
2024-11-27 12:45:00+00:00,99121.74816011985
2024-11-27 13:00:00+00:00,99121.74816011985
2024-11-27 13:15:00+00:00,99121.74816011985
2024-11-27 13:30:00+00:00,99121.74816011985
2024-11-27 13:45:00+00:00,99121.74816011985
2024-11-27 14:00:00+00:00,99121.74816011985
2024-11-27 14:15:00+00:00,99121.74816011985
2024-11-27 14:30:00+00:00,99121.74816011985
2024-11-27 14:45:00+00:00,99121.74816011985
2024-11-27 15:00:00+00:00,99121.74816011985
2024-11-27 15:15:00+00:00,99121.74816011985
2024-11-27 15:30:00+00:00,99121.74816011985
2024-11-27 15:45:00+00:00,99121.74816011985
2024-11-27 16:00:00+00:00,99121.74816011985
2024-11-27 16:15:00+00:00,99121.74816011985
2024-11-27 16:30:00+00:00,99121.74816011985
2024-11-27 16:45:00+00:00,99121.74816011985
2024-11-27 17:00:00+00:00,99121.74816011985
2024-11-27 17:15:00+00:00,99121.74816011985
2024-11-27 17:30:00+00:00,99121.74816011985
2024-11-27 17:45:00+00:00,99121.74816011985
2024-11-27 18:00:00+00:00,99121.74816011985
2024-11-27 18:15:00+00:00,99121.74816011985
2024-11-27 18:30:00+00:00,99121.74816011985
2024-11-27 18:45:00+00:00,99121.74816011985
2024-11-27 19:00:00+00:00,99121.74816011985
2024-11-27 19:15:00+00:00,99121.74816011985
2024-11-27 19:30:00+00:00,99121.74816011985
2024-11-27 19:45:00+00:00,99121.74816011985
2024-11-27 20:00:00+00:00,99121.74816011985
2024-11-27 20:15:00+00:00,99121.74816011985
2024-11-27 20:30:00+00:00,99121.74816011985
2024-11-27 20:45:00+00:00,99121.74816011985
2024-11-27 21:00:00+00:00,99121.74816011985
2024-11-27 21:15:00+00:00,99121.74816011985
2024-11-27 21:30:00+00:00,99121.74816011985
2024-11-27 21:45:00+00:00,99121.74816011985
2024-11-27 22:00:00+00:00,99121.74816011985
2024-11-27 22:15:00+00:00,99121.74816011985
2024-11-27 22:30:00+00:00,99121.74816011985
2024-11-27 22:45:00+00:00,99121.74816011985
2024-11-27 23:00:00+00:00,99121.74816011985
2024-11-27 23:15:00+00:00,99121.74816011985
2024-11-27 23:30:00+00:00,99121.74816011985
2024-11-27 23:45:00+00:00,99121.74816011985
2024-11-28 00:00:00+00:00,99121.74816011985
2024-11-28 00:15:00+00:00,99121.74816011985
2024-11-28 00:30:00+00:00,99121.74816011985
2024-11-28 00:45:00+00:00,99121.74816011985
2024-11-28 01:00:00+00:00,99121.74816011985
2024-11-28 01:15:00+00:00,99121.74816011985
2024-11-28 01:30:00+00:00,99121.74816011985
2024-11-28 01:45:00+00:00,99121.74816011985
2024-11-28 02:00:00+00:00,99121.74816011985
2024-11-28 02:15:00+00:00,99121.74816011985
2024-11-28 02:30:00+00:00,99121.74816011985
2024-11-28 02:45:00+00:00,99121.74816011985
2024-11-28 03:00:00+00:00,99121.74816011985
2024-11-28 03:15:00+00:00,99121.74816011985
2024-11-28 03:30:00+00:00,99121.74816011985
2024-11-28 03:45:00+00:00,99121.74816011985
2024-11-28 04:00:00+00:00,99121.74816011985
2024-11-28 04:15:00+00:00,99121.74816011985
2024-11-28 04:30:00+00:00,99121.74816011985
2024-11-28 04:45:00+00:00,99121.74816011985
2024-11-28 05:00:00+00:00,99121.74816011985
2024-11-28 05:15:00+00:00,99121.74816011985
2024-11-28 05:30:00+00:00,99121.74816011985
2024-11-28 05:45:00+00:00,99121.74816011985
2024-11-28 06:00:00+00:00,99121.74816011985
2024-11-28 06:15:00+00:00,99121.74816011985
2024-11-28 06:30:00+00:00,99121.74816011985
2024-11-28 06:45:00+00:00,99121.74816011985
2024-11-28 07:00:00+00:00,99121.74816011985
2024-11-28 07:15:00+00:00,99121.74816011985
2024-11-28 07:30:00+00:00,99121.74816011985
2024-11-28 07:45:00+00:00,99121.74816011985
2024-11-28 08:00:00+00:00,99121.74816011985
2024-11-28 08:15:00+00:00,99121.74816011985
2024-11-28 08:30:00+00:00,99121.74816011985
2024-11-28 08:45:00+00:00,99121.74816011985
2024-11-28 09:00:00+00:00,99121.74816011985
2024-11-28 09:15:00+00:00,99121.74816011985
2024-11-28 09:30:00+00:00,99121.74816011985
2024-11-28 09:45:00+00:00,99121.74816011985
2024-11-28 10:00:00+00:00,99121.74816011985
2024-11-28 10:15:00+00:00,99121.74816011985
2024-11-28 10:30:00+00:00,99121.74816011985
2024-11-28 10:45:00+00:00,99121.74816011985
2024-11-28 11:00:00+00:00,99121.74816011985
2024-11-28 11:15:00+00:00,99121.74816011985
2024-11-28 11:30:00+00:00,99121.74816011985
2024-11-28 11:45:00+00:00,99121.74816011985
2024-11-28 12:00:00+00:00,99121.74816011985
2024-11-28 12:15:00+00:00,99121.74816011985
2024-11-28 12:30:00+00:00,99121.74816011985
2024-11-28 12:45:00+00:00,99121.74816011985
2024-11-28 13:00:00+00:00,99121.74816011985
2024-11-28 13:15:00+00:00,99121.74816011985
2024-11-28 13:30:00+00:00,99121.74816011985
2024-11-28 13:45:00+00:00,99121.74816011985
2024-11-28 14:00:00+00:00,99121.74816011985
2024-11-28 14:15:00+00:00,99121.74816011985
2024-11-28 14:30:00+00:00,99121.74816011985
2024-11-28 14:45:00+00:00,99121.74816011985
2024-11-28 15:00:00+00:00,99121.74816011985
2024-11-28 15:15:00+00:00,99121.74816011985
2024-11-28 15:30:00+00:00,99121.74816011985
2024-11-28 15:45:00+00:00,99121.74816011985
2024-11-28 16:00:00+00:00,99121.74816011985
2024-11-28 16:15:00+00:00,99121.74816011985
2024-11-28 16:30:00+00:00,99121.74816011985
2024-11-28 16:45:00+00:00,99121.74816011985
2024-11-28 17:00:00+00:00,99121.74816011985
2024-11-28 17:15:00+00:00,99121.74816011985
2024-11-28 17:30:00+00:00,99121.74816011985
2024-11-28 17:45:00+00:00,99121.74816011985
2024-11-28 18:00:00+00:00,99121.74816011985
2024-11-28 18:15:00+00:00,99121.74816011985
2024-11-28 18:30:00+00:00,99121.74816011985
2024-11-28 18:45:00+00:00,99121.74816011985
2024-11-28 19:00:00+00:00,99121.74816011985
2024-11-28 19:15:00+00:00,99121.74816011985
2024-11-28 19:30:00+00:00,99121.74816011985
2024-11-28 19:45:00+00:00,99121.74816011985
2024-11-28 20:00:00+00:00,99121.74816011985
2024-11-28 20:15:00+00:00,99121.74816011985
2024-11-28 20:30:00+00:00,99121.74816011985
2024-11-28 20:45:00+00:00,99121.74816011985
2024-11-28 21:00:00+00:00,99121.74816011985
2024-11-28 21:15:00+00:00,99121.74816011985
2024-11-28 21:30:00+00:00,99121.74816011985
2024-11-28 21:45:00+00:00,99121.74816011985
2024-11-28 22:00:00+00:00,99121.74816011985
2024-11-28 22:15:00+00:00,99121.74816011985
2024-11-28 22:30:00+00:00,99121.74816011985
2024-11-28 22:45:00+00:00,99121.74816011985
2024-11-28 23:00:00+00:00,99121.74816011985
2024-11-28 23:15:00+00:00,99121.74816011985
2024-11-28 23:30:00+00:00,99121.74816011985
2024-11-28 23:45:00+00:00,99121.74816011985
2024-11-29 00:00:00+00:00,99121.74816011985
2024-11-29 00:15:00+00:00,99121.74816011985
2024-11-29 00:30:00+00:00,99121.74816011985
2024-11-29 00:45:00+00:00,99121.74816011985
2024-11-29 01:00:00+00:00,99121.74816011985
2024-11-29 01:15:00+00:00,99121.74816011985
2024-11-29 01:30:00+00:00,99121.74816011985
2024-11-29 01:45:00+00:00,99121.74816011985
2024-11-29 02:00:00+00:00,99121.74816011985
2024-11-29 02:15:00+00:00,99121.74816011985
2024-11-29 02:30:00+00:00,99121.74816011985
2024-11-29 02:45:00+00:00,99121.74816011985
2024-11-29 03:00:00+00:00,99121.74816011985
2024-11-29 03:15:00+00:00,99121.74816011985
2024-11-29 03:30:00+00:00,99121.74816011985
2024-11-29 03:45:00+00:00,99121.74816011985
2024-11-29 04:00:00+00:00,99121.74816011985
2024-11-29 04:15:00+00:00,99121.74816011985
2024-11-29 04:30:00+00:00,99121.74816011985
2024-11-29 04:45:00+00:00,99121.74816011985
2024-11-29 05:00:00+00:00,99121.74816011985
2024-11-29 05:15:00+00:00,99121.74816011985
2024-11-29 05:30:00+00:00,99121.74816011985
2024-11-29 05:45:00+00:00,99121.74816011985
2024-11-29 06:00:00+00:00,99121.74816011985
2024-11-29 06:15:00+00:00,99121.74816011985
2024-11-29 06:30:00+00:00,99121.74816011985
2024-11-29 06:45:00+00:00,99121.74816011985
2024-11-29 07:00:00+00:00,99121.74816011985
2024-11-29 07:15:00+00:00,99121.74816011985
2024-11-29 07:30:00+00:00,99121.74816011985
2024-11-29 07:45:00+00:00,99121.74816011985
2024-11-29 08:00:00+00:00,99121.74816011985
2024-11-29 08:15:00+00:00,99121.74816011985
2024-11-29 08:30:00+00:00,99121.74816011985
2024-11-29 08:45:00+00:00,99121.74816011985
2024-11-29 09:00:00+00:00,99121.74816011985
2024-11-29 09:15:00+00:00,99121.74816011985
2024-11-29 09:30:00+00:00,99121.74816011985
2024-11-29 09:45:00+00:00,99121.74816011985
2024-11-29 10:00:00+00:00,99121.74816011985
2024-11-29 10:15:00+00:00,99121.74816011985
2024-11-29 10:30:00+00:00,99121.74816011985
2024-11-29 10:45:00+00:00,99121.74816011985
2024-11-29 11:00:00+00:00,99121.74816011985
2024-11-29 11:15:00+00:00,99121.74816011985
2024-11-29 11:30:00+00:00,99121.74816011985
2024-11-29 11:45:00+00:00,99121.74816011985
2024-11-29 12:00:00+00:00,99121.74816011985
2024-11-29 12:15:00+00:00,99121.74816011985
2024-11-29 12:30:00+00:00,99121.74816011985
2024-11-29 12:45:00+00:00,99121.74816011985
2024-11-29 13:00:00+00:00,99121.74816011985
2024-11-29 13:15:00+00:00,99121.74816011985
2024-11-29 13:30:00+00:00,99121.74816011985
2024-11-29 13:45:00+00:00,99121.74816011985
2024-11-29 14:00:00+00:00,99121.74816011985
2024-11-29 14:15:00+00:00,99121.74816011985
2024-11-29 14:30:00+00:00,99121.74816011985
2024-11-29 14:45:00+00:00,99121.74816011985
2024-11-29 15:00:00+00:00,99121.74816011985
2024-11-29 15:15:00+00:00,99121.74816011985
2024-11-29 15:30:00+00:00,99121.74816011985
2024-11-29 15:45:00+00:00,99121.74816011985
2024-11-29 16:00:00+00:00,99121.74816011985
2024-11-29 16:15:00+00:00,99121.74816011985
2024-11-29 16:30:00+00:00,99121.74816011985
2024-11-29 16:45:00+00:00,99121.74816011985
2024-11-29 17:00:00+00:00,99121.74816011985
2024-11-29 17:15:00+00:00,99121.74816011985
2024-11-29 17:30:00+00:00,99121.74816011985
2024-11-29 17:45:00+00:00,99121.74816011985
2024-11-29 18:00:00+00:00,99121.74816011985
2024-11-29 18:15:00+00:00,99121.74816011985
2024-11-29 18:30:00+00:00,99121.74816011985
2024-11-29 18:45:00+00:00,99121.74816011985
2024-11-29 19:00:00+00:00,99121.74816011985
2024-11-29 19:15:00+00:00,99121.74816011985
2024-11-29 19:30:00+00:00,99121.74816011985
2024-11-29 19:45:00+00:00,99121.74816011985
2024-11-29 20:00:00+00:00,99121.74816011985
2024-11-29 20:15:00+00:00,99121.74816011985
2024-11-29 20:30:00+00:00,99121.74816011985
2024-11-29 20:45:00+00:00,99121.74816011985
2024-11-29 21:00:00+00:00,99121.74816011985
2024-11-29 21:15:00+00:00,99121.74816011985
2024-11-29 21:30:00+00:00,99121.74816011985
2024-11-29 21:45:00+00:00,99121.74816011985
2024-11-29 22:00:00+00:00,99121.74816011985
2024-11-29 22:15:00+00:00,99121.74816011985
2024-11-29 22:30:00+00:00,99121.74816011985
2024-11-29 22:45:00+00:00,99121.74816011985
2024-11-29 23:00:00+00:00,99121.74816011985
2024-11-29 23:15:00+00:00,99121.74816011985
2024-11-29 23:30:00+00:00,99121.74816011985
2024-11-29 23:45:00+00:00,99121.74816011985
2024-11-30 00:00:00+00:00,99121.74816011985
2024-11-30 00:15:00+00:00,99121.74816011985
2024-11-30 00:30:00+00:00,99121.74816011985
2024-11-30 00:45:00+00:00,99121.74816011985
2024-11-30 01:00:00+00:00,99121.74816011985
2024-11-30 01:15:00+00:00,99121.74816011985
2024-11-30 01:30:00+00:00,99121.74816011985
2024-11-30 01:45:00+00:00,99121.74816011985
2024-11-30 02:00:00+00:00,99121.74816011985
2024-11-30 02:15:00+00:00,99121.74816011985
2024-11-30 02:30:00+00:00,99121.74816011985
2024-11-30 02:45:00+00:00,99121.74816011985
2024-11-30 03:00:00+00:00,99121.74816011985
2024-11-30 03:15:00+00:00,99121.74816011985
2024-11-30 03:30:00+00:00,99121.74816011985
2024-11-30 03:45:00+00:00,99121.74816011985
2024-11-30 04:00:00+00:00,99121.74816011985
2024-11-30 04:15:00+00:00,99121.74816011985
2024-11-30 04:30:00+00:00,99121.74816011985
2024-11-30 04:45:00+00:00,99121.74816011985
2024-11-30 05:00:00+00:00,99121.74816011985
2024-11-30 05:15:00+00:00,99121.74816011985
2024-11-30 05:30:00+00:00,99121.74816011985
2024-11-30 05:45:00+00:00,99121.74816011985
2024-11-30 06:00:00+00:00,99121.74816011985
2024-11-30 06:15:00+00:00,99121.74816011985
2024-11-30 06:30:00+00:00,99121.74816011985
2024-11-30 06:45:00+00:00,99121.74816011985
2024-11-30 07:00:00+00:00,99121.74816011985
2024-11-30 07:15:00+00:00,99121.74816011985
2024-11-30 07:30:00+00:00,99121.74816011985
2024-11-30 07:45:00+00:00,99121.74816011985
2024-11-30 08:00:00+00:00,99121.74816011985
2024-11-30 08:15:00+00:00,99123.46434426635
2024-11-30 08:30:00+00:00,99122.68911981914
2024-11-30 08:45:00+00:00,99123.4716472565
2024-11-30 09:00:00+00:00,99120.74955604288
2024-11-30 09:15:00+00:00,99119.119803284
2024-11-30 09:30:00+00:00,99119.06443515063
2024-11-30 09:45:00+00:00,99120.81274809249
2024-11-30 10:00:00+00:00,99120.72564097463
2024-11-30 10:15:00+00:00,99111.02581880354
2024-11-30 10:30:00+00:00,99111.02581880354
2024-11-30 10:45:00+00:00,99111.02581880354
2024-11-30 11:00:00+00:00,99111.02581880354
2024-11-30 11:15:00+00:00,99111.02581880354
2024-11-30 11:30:00+00:00,99111.02581880354
2024-11-30 11:45:00+00:00,99111.02581880354
2024-11-30 12:00:00+00:00,99111.02581880354
2024-11-30 12:15:00+00:00,99112.83065625252
2024-11-30 12:30:00+00:00,99113.28090296625
2024-11-30 12:45:00+00:00,99113.91263161931
2024-11-30 13:00:00+00:00,99115.21759636706
2024-11-30 13:15:00+00:00,99114.44898609536
2024-11-30 13:30:00+00:00,99114.66694178974
2024-11-30 13:45:00+00:00,99110.8137133192
2024-11-30 14:00:00+00:00,99110.8137133192
2024-11-30 14:15:00+00:00,99110.8137133192
2024-11-30 14:30:00+00:00,99110.8137133192
2024-11-30 14:45:00+00:00,99110.8137133192
2024-11-30 15:00:00+00:00,99110.8137133192
2024-11-30 15:15:00+00:00,99110.8137133192
2024-11-30 15:30:00+00:00,99110.8137133192
2024-11-30 15:45:00+00:00,99110.8137133192
2024-11-30 16:00:00+00:00,99110.8137133192
2024-11-30 16:15:00+00:00,99110.8137133192
2024-11-30 16:30:00+00:00,99110.8137133192
2024-11-30 16:45:00+00:00,99110.8137133192
2024-11-30 17:00:00+00:00,99110.8137133192
2024-11-30 17:15:00+00:00,99110.8137133192
2024-11-30 17:30:00+00:00,99110.8137133192
2024-11-30 17:45:00+00:00,99110.8137133192
2024-11-30 18:00:00+00:00,99110.8137133192
2024-11-30 18:15:00+00:00,99110.8137133192
2024-11-30 18:30:00+00:00,99110.8137133192
2024-11-30 18:45:00+00:00,99110.8137133192
2024-11-30 19:00:00+00:00,99110.8137133192
2024-11-30 19:15:00+00:00,99110.8137133192
2024-11-30 19:30:00+00:00,99110.8137133192
2024-11-30 19:45:00+00:00,99110.8137133192
2024-11-30 20:00:00+00:00,99110.8137133192
2024-11-30 20:15:00+00:00,99110.8137133192
2024-11-30 20:30:00+00:00,99110.8137133192
2024-11-30 20:45:00+00:00,99110.8137133192
2024-11-30 21:00:00+00:00,99110.8137133192
2024-11-30 21:15:00+00:00,99110.8137133192
2024-11-30 21:30:00+00:00,99110.8137133192
2024-11-30 21:45:00+00:00,99110.8137133192
2024-11-30 22:00:00+00:00,99110.8137133192
2024-11-30 22:15:00+00:00,99110.8137133192
2024-11-30 22:30:00+00:00,99110.8137133192
2024-11-30 22:45:00+00:00,99110.8137133192
2024-11-30 23:00:00+00:00,99110.8137133192
2024-11-30 23:15:00+00:00,99110.8137133192
2024-11-30 23:30:00+00:00,99110.8137133192
2024-11-30 23:45:00+00:00,99110.8137133192
2024-12-01 00:00:00+00:00,99110.8137133192
2024-12-01 00:15:00+00:00,99110.8137133192
2024-12-01 00:30:00+00:00,99110.8137133192
2024-12-01 00:45:00+00:00,99110.8137133192
2024-12-01 01:00:00+00:00,99110.8137133192
2024-12-01 01:15:00+00:00,99110.8137133192
2024-12-01 01:30:00+00:00,99110.8137133192
2024-12-01 01:45:00+00:00,99110.8137133192
2024-12-01 02:00:00+00:00,99110.8137133192
2024-12-01 02:15:00+00:00,99110.8137133192
2024-12-01 02:30:00+00:00,99110.8137133192
2024-12-01 02:45:00+00:00,99110.8137133192
2024-12-01 03:00:00+00:00,99110.8137133192
2024-12-01 03:15:00+00:00,99110.8137133192
2024-12-01 03:30:00+00:00,99110.8137133192
2024-12-01 03:45:00+00:00,99110.8137133192
2024-12-01 04:00:00+00:00,99110.8137133192
2024-12-01 04:15:00+00:00,99110.8137133192
2024-12-01 04:30:00+00:00,99110.8137133192
2024-12-01 04:45:00+00:00,99110.8137133192
2024-12-01 05:00:00+00:00,99110.8137133192
2024-12-01 05:15:00+00:00,99110.8137133192
2024-12-01 05:30:00+00:00,99110.8137133192
2024-12-01 05:45:00+00:00,99110.8137133192
2024-12-01 06:00:00+00:00,99110.8137133192
2024-12-01 06:15:00+00:00,99110.8137133192
2024-12-01 06:30:00+00:00,99110.8137133192
2024-12-01 06:45:00+00:00,99110.8137133192
2024-12-01 07:00:00+00:00,99110.8137133192
2024-12-01 07:15:00+00:00,99110.8137133192
2024-12-01 07:30:00+00:00,99110.8137133192
2024-12-01 07:45:00+00:00,99110.8137133192
2024-12-01 08:00:00+00:00,99110.8137133192
2024-12-01 08:15:00+00:00,99110.8137133192
2024-12-01 08:30:00+00:00,99110.8137133192
2024-12-01 08:45:00+00:00,99110.8137133192
2024-12-01 09:00:00+00:00,99110.8137133192
2024-12-01 09:15:00+00:00,99110.8137133192
2024-12-01 09:30:00+00:00,99110.8137133192
2024-12-01 09:45:00+00:00,99110.8137133192
2024-12-01 10:00:00+00:00,99110.8137133192
2024-12-01 10:15:00+00:00,99110.8137133192
2024-12-01 10:30:00+00:00,99110.8137133192
2024-12-01 10:45:00+00:00,99110.8137133192
2024-12-01 11:00:00+00:00,99110.8137133192
2024-12-01 11:15:00+00:00,99110.8137133192
2024-12-01 11:30:00+00:00,99110.8137133192
2024-12-01 11:45:00+00:00,99110.8137133192
2024-12-01 12:00:00+00:00,99110.8137133192
2024-12-01 12:15:00+00:00,99110.8137133192
2024-12-01 12:30:00+00:00,99110.8137133192
2024-12-01 12:45:00+00:00,99110.8137133192
2024-12-01 13:00:00+00:00,99110.8137133192
2024-12-01 13:15:00+00:00,99106.89971014913
2024-12-01 13:30:00+00:00,99100.84662850907
2024-12-01 13:45:00+00:00,99100.84662850907
2024-12-01 14:00:00+00:00,99100.84662850907
2024-12-01 14:15:00+00:00,99100.84662850907
2024-12-01 14:30:00+00:00,99100.84662850907
2024-12-01 14:45:00+00:00,99100.84662850907
2024-12-01 15:00:00+00:00,99100.84662850907
2024-12-01 15:15:00+00:00,99100.84662850907
2024-12-01 15:30:00+00:00,99100.84662850907
2024-12-01 15:45:00+00:00,99100.84662850907
2024-12-01 16:00:00+00:00,99100.84662850907
2024-12-01 16:15:00+00:00,99100.84662850907
2024-12-01 16:30:00+00:00,99100.84662850907
2024-12-01 16:45:00+00:00,99100.84662850907
2024-12-01 17:00:00+00:00,99100.84662850907
2024-12-01 17:15:00+00:00,99100.84662850907
2024-12-01 17:30:00+00:00,99100.84662850907
2024-12-01 17:45:00+00:00,99100.84662850907
2024-12-01 18:00:00+00:00,99100.84662850907
2024-12-01 18:15:00+00:00,99100.84662850907
2024-12-01 18:30:00+00:00,99100.84662850907
2024-12-01 18:45:00+00:00,99100.84662850907
2024-12-01 19:00:00+00:00,99100.84662850907
2024-12-01 19:15:00+00:00,99100.84662850907
2024-12-01 19:30:00+00:00,99100.84662850907
2024-12-01 19:45:00+00:00,99100.84662850907
2024-12-01 20:00:00+00:00,99100.84662850907
2024-12-01 20:15:00+00:00,99100.84662850907
2024-12-01 20:30:00+00:00,99100.84662850907
2024-12-01 20:45:00+00:00,99100.84662850907
2024-12-01 21:00:00+00:00,99100.84662850907
2024-12-01 21:15:00+00:00,99100.84662850907
2024-12-01 21:30:00+00:00,99100.84662850907
2024-12-01 21:45:00+00:00,99100.84662850907
2024-12-01 22:00:00+00:00,99100.84662850907
2024-12-01 22:15:00+00:00,99100.84662850907
2024-12-01 22:30:00+00:00,99100.84662850907
2024-12-01 22:45:00+00:00,99100.84662850907
2024-12-01 23:00:00+00:00,99100.84662850907
2024-12-01 23:15:00+00:00,99100.84662850907
2024-12-01 23:30:00+00:00,99100.84662850907
2024-12-01 23:45:00+00:00,99100.84662850907
2024-12-02 00:00:00+00:00,99100.84662850907
2024-12-02 00:15:00+00:00,99100.84662850907
2024-12-02 00:30:00+00:00,99100.84662850907
2024-12-02 00:45:00+00:00,99100.84662850907
2024-12-02 01:00:00+00:00,99100.84662850907
2024-12-02 01:15:00+00:00,99100.84662850907
2024-12-02 01:30:00+00:00,99100.84662850907
2024-12-02 01:45:00+00:00,99100.84662850907
2024-12-02 02:00:00+00:00,99100.84662850907
2024-12-02 02:15:00+00:00,99100.84662850907
2024-12-02 02:30:00+00:00,99100.84662850907
2024-12-02 02:45:00+00:00,99100.84662850907
2024-12-02 03:00:00+00:00,99100.84662850907
2024-12-02 03:15:00+00:00,99100.84662850907
2024-12-02 03:30:00+00:00,99100.84662850907
2024-12-02 03:45:00+00:00,99100.84662850907
2024-12-02 04:00:00+00:00,99100.84662850907
2024-12-02 04:15:00+00:00,99100.84662850907
2024-12-02 04:30:00+00:00,99100.84662850907
2024-12-02 04:45:00+00:00,99100.84662850907
2024-12-02 05:00:00+00:00,99100.84662850907
2024-12-02 05:15:00+00:00,99100.84662850907
2024-12-02 05:30:00+00:00,99100.84662850907
2024-12-02 05:45:00+00:00,99100.84662850907
2024-12-02 06:00:00+00:00,99100.84662850907
2024-12-02 06:15:00+00:00,99100.84662850907
2024-12-02 06:30:00+00:00,99100.84662850907
2024-12-02 06:45:00+00:00,99100.84662850907
2024-12-02 07:00:00+00:00,99100.84662850907
2024-12-02 07:15:00+00:00,99100.84662850907
2024-12-02 07:30:00+00:00,99100.84662850907
2024-12-02 07:45:00+00:00,99100.84662850907
2024-12-02 08:00:00+00:00,99100.84662850907
2024-12-02 08:15:00+00:00,99100.84662850907
2024-12-02 08:30:00+00:00,99100.84662850907
2024-12-02 08:45:00+00:00,99100.84662850907
2024-12-02 09:00:00+00:00,99100.84662850907
2024-12-02 09:15:00+00:00,99100.84662850907
2024-12-02 09:30:00+00:00,99100.84662850907
2024-12-02 09:45:00+00:00,99100.84662850907
2024-12-02 10:00:00+00:00,99100.84662850907
2024-12-02 10:15:00+00:00,99100.84662850907
2024-12-02 10:30:00+00:00,99100.84662850907
2024-12-02 10:45:00+00:00,99100.84662850907
2024-12-02 11:00:00+00:00,99100.84662850907
2024-12-02 11:15:00+00:00,99100.84662850907
2024-12-02 11:30:00+00:00,99100.84662850907
2024-12-02 11:45:00+00:00,99100.84662850907
2024-12-02 12:00:00+00:00,99100.84662850907
2024-12-02 12:15:00+00:00,99100.84662850907
2024-12-02 12:30:00+00:00,99100.84662850907
2024-12-02 12:45:00+00:00,99100.84662850907
2024-12-02 13:00:00+00:00,99100.84662850907
2024-12-02 13:15:00+00:00,99100.84662850907
2024-12-02 13:30:00+00:00,99100.84662850907
2024-12-02 13:45:00+00:00,99100.84662850907
2024-12-02 14:00:00+00:00,99100.84662850907
2024-12-02 14:15:00+00:00,99100.84662850907
2024-12-02 14:30:00+00:00,99100.84662850907
2024-12-02 14:45:00+00:00,99100.84662850907
2024-12-02 15:00:00+00:00,99100.84662850907
2024-12-02 15:15:00+00:00,99100.84662850907
2024-12-02 15:30:00+00:00,99100.84662850907
2024-12-02 15:45:00+00:00,99100.84662850907
2024-12-02 16:00:00+00:00,99100.84662850907
2024-12-02 16:15:00+00:00,99100.84662850907
2024-12-02 16:30:00+00:00,99100.84662850907
2024-12-02 16:45:00+00:00,99100.84662850907
2024-12-02 17:00:00+00:00,99100.84662850907
2024-12-02 17:15:00+00:00,99100.84662850907
2024-12-02 17:30:00+00:00,99100.84662850907
2024-12-02 17:45:00+00:00,99100.84662850907
2024-12-02 18:00:00+00:00,99100.84662850907
2024-12-02 18:15:00+00:00,99100.84662850907
2024-12-02 18:30:00+00:00,99100.84662850907
2024-12-02 18:45:00+00:00,99100.84662850907
2024-12-02 19:00:00+00:00,99100.84662850907
2024-12-02 19:15:00+00:00,99100.84662850907
2024-12-02 19:30:00+00:00,99100.84662850907
2024-12-02 19:45:00+00:00,99100.84662850907
2024-12-02 20:00:00+00:00,99100.84662850907
2024-12-02 20:15:00+00:00,99100.84662850907
2024-12-02 20:30:00+00:00,99100.84662850907
2024-12-02 20:45:00+00:00,99100.84662850907
2024-12-02 21:00:00+00:00,99100.84662850907
2024-12-02 21:15:00+00:00,99100.84662850907
2024-12-02 21:30:00+00:00,99100.84662850907
2024-12-02 21:45:00+00:00,99100.84662850907
2024-12-02 22:00:00+00:00,99100.84662850907
2024-12-02 22:15:00+00:00,99100.84662850907
2024-12-02 22:30:00+00:00,99100.84662850907
2024-12-02 22:45:00+00:00,99100.84662850907
2024-12-02 23:00:00+00:00,99100.84662850907
2024-12-02 23:15:00+00:00,99100.84662850907
2024-12-02 23:30:00+00:00,99100.84662850907
2024-12-02 23:45:00+00:00,99100.84662850907
2024-12-03 00:00:00+00:00,99100.84662850907
2024-12-03 00:15:00+00:00,99100.84662850907
2024-12-03 00:30:00+00:00,99100.84662850907
2024-12-03 00:45:00+00:00,99100.84662850907
2024-12-03 01:00:00+00:00,99100.84662850907
2024-12-03 01:15:00+00:00,99100.84662850907
2024-12-03 01:30:00+00:00,99100.84662850907
2024-12-03 01:45:00+00:00,99100.84662850907
2024-12-03 02:00:00+00:00,99100.84662850907
2024-12-03 02:15:00+00:00,99100.84662850907
2024-12-03 02:30:00+00:00,99100.84662850907
2024-12-03 02:45:00+00:00,99100.84662850907
2024-12-03 03:00:00+00:00,99100.84662850907
2024-12-03 03:15:00+00:00,99100.84662850907
2024-12-03 03:30:00+00:00,99100.84662850907
2024-12-03 03:45:00+00:00,99100.84662850907
2024-12-03 04:00:00+00:00,99100.84662850907
2024-12-03 04:15:00+00:00,99100.84662850907
2024-12-03 04:30:00+00:00,99100.84662850907
2024-12-03 04:45:00+00:00,99100.84662850907
2024-12-03 05:00:00+00:00,99100.84662850907
2024-12-03 05:15:00+00:00,99100.84662850907
2024-12-03 05:30:00+00:00,99100.84662850907
2024-12-03 05:45:00+00:00,99100.84662850907
2024-12-03 06:00:00+00:00,99100.84662850907
2024-12-03 06:15:00+00:00,99100.84662850907
2024-12-03 06:30:00+00:00,99100.84662850907
2024-12-03 06:45:00+00:00,99100.84662850907
2024-12-03 07:00:00+00:00,99100.84662850907
2024-12-03 07:15:00+00:00,99100.84662850907
2024-12-03 07:30:00+00:00,99100.84662850907
2024-12-03 07:45:00+00:00,99100.84662850907
2024-12-03 08:00:00+00:00,99100.84662850907
2024-12-03 08:15:00+00:00,99100.84662850907
2024-12-03 08:30:00+00:00,99100.84662850907
2024-12-03 08:45:00+00:00,99100.84662850907
2024-12-03 09:00:00+00:00,99100.84662850907
2024-12-03 09:15:00+00:00,99100.84662850907
2024-12-03 09:30:00+00:00,99100.84662850907
2024-12-03 09:45:00+00:00,99100.84662850907
2024-12-03 10:00:00+00:00,99100.84662850907
2024-12-03 10:15:00+00:00,99100.84662850907
2024-12-03 10:30:00+00:00,99100.84662850907
2024-12-03 10:45:00+00:00,99100.84662850907
2024-12-03 11:00:00+00:00,99100.84662850907
2024-12-03 11:15:00+00:00,99100.84662850907
2024-12-03 11:30:00+00:00,99100.84662850907
2024-12-03 11:45:00+00:00,99100.84662850907
2024-12-03 12:00:00+00:00,99100.84662850907
2024-12-03 12:15:00+00:00,99100.84662850907
2024-12-03 12:30:00+00:00,99100.84662850907
2024-12-03 12:45:00+00:00,99100.84662850907
2024-12-03 13:00:00+00:00,99100.84662850907
2024-12-03 13:15:00+00:00,99100.84662850907
2024-12-03 13:30:00+00:00,99100.84662850907
2024-12-03 13:45:00+00:00,99100.84662850907
2024-12-03 14:00:00+00:00,99100.84662850907
2024-12-03 14:15:00+00:00,99100.84662850907
2024-12-03 14:30:00+00:00,99100.84662850907
2024-12-03 14:45:00+00:00,99100.84662850907
2024-12-03 15:00:00+00:00,99100.84662850907
2024-12-03 15:15:00+00:00,99100.84662850907
2024-12-03 15:30:00+00:00,99100.84662850907
2024-12-03 15:45:00+00:00,99100.84662850907
2024-12-03 16:00:00+00:00,99100.84662850907
2024-12-03 16:15:00+00:00,99099.48632864715
2024-12-03 16:30:00+00:00,99104.20211729118
2024-12-03 16:45:00+00:00,99104.20211729118
2024-12-03 17:00:00+00:00,99104.20211729118
2024-12-03 17:15:00+00:00,99104.20211729118
2024-12-03 17:30:00+00:00,99104.20211729118
2024-12-03 17:45:00+00:00,99104.20211729118
2024-12-03 18:00:00+00:00,99104.20211729118
2024-12-03 18:15:00+00:00,99104.20211729118
2024-12-03 18:30:00+00:00,99104.20211729118
2024-12-03 18:45:00+00:00,99104.20211729118
2024-12-03 19:00:00+00:00,99104.20211729118
2024-12-03 19:15:00+00:00,99104.20211729118
2024-12-03 19:30:00+00:00,99104.20211729118
2024-12-03 19:45:00+00:00,99104.20211729118
2024-12-03 20:00:00+00:00,99104.20211729118
2024-12-03 20:15:00+00:00,99104.20211729118
2024-12-03 20:30:00+00:00,99104.20211729118
2024-12-03 20:45:00+00:00,99104.20211729118
2024-12-03 21:00:00+00:00,99100.27003110763
2024-12-03 21:15:00+00:00,99099.29223898974
2024-12-03 21:30:00+00:00,99099.52327535735
2024-12-03 21:45:00+00:00,99089.07927347919
2024-12-03 22:00:00+00:00,99089.07927347919
2024-12-03 22:15:00+00:00,99089.07927347919
2024-12-03 22:30:00+00:00,99089.07927347919
2024-12-03 22:45:00+00:00,99089.07927347919
2024-12-03 23:00:00+00:00,99089.07927347919
2024-12-03 23:15:00+00:00,99089.07927347919
2024-12-03 23:30:00+00:00,99089.07927347919
2024-12-03 23:45:00+00:00,99089.07927347919
2024-12-04 00:00:00+00:00,99089.07927347919
2024-12-04 00:15:00+00:00,99089.07927347919
2024-12-04 00:30:00+00:00,99089.07927347919
2024-12-04 00:45:00+00:00,99089.07927347919
2024-12-04 01:00:00+00:00,99089.07927347919
2024-12-04 01:15:00+00:00,99089.07927347919
2024-12-04 01:30:00+00:00,99089.07927347919
2024-12-04 01:45:00+00:00,99089.07927347919
2024-12-04 02:00:00+00:00,99089.07927347919
2024-12-04 02:15:00+00:00,99089.07927347919
2024-12-04 02:30:00+00:00,99089.07927347919
2024-12-04 02:45:00+00:00,99089.07927347919
2024-12-04 03:00:00+00:00,99089.07927347919
2024-12-04 03:15:00+00:00,99089.07927347919
2024-12-04 03:30:00+00:00,99089.07927347919
2024-12-04 03:45:00+00:00,99089.07927347919
2024-12-04 04:00:00+00:00,99089.07927347919
2024-12-04 04:15:00+00:00,99089.07927347919
2024-12-04 04:30:00+00:00,99089.07927347919
2024-12-04 04:45:00+00:00,99089.07927347919
2024-12-04 05:00:00+00:00,99089.07927347919
2024-12-04 05:15:00+00:00,99089.07927347919
2024-12-04 05:30:00+00:00,99089.07927347919
2024-12-04 05:45:00+00:00,99089.07927347919
2024-12-04 06:00:00+00:00,99089.07927347919
2024-12-04 06:15:00+00:00,99089.07927347919
2024-12-04 06:30:00+00:00,99089.07927347919
2024-12-04 06:45:00+00:00,99089.07927347919
2024-12-04 07:00:00+00:00,99089.07927347919
2024-12-04 07:15:00+00:00,99089.07927347919
2024-12-04 07:30:00+00:00,99089.07927347919
2024-12-04 07:45:00+00:00,99089.07927347919
2024-12-04 08:00:00+00:00,99089.07927347919
2024-12-04 08:15:00+00:00,99089.07927347919
2024-12-04 08:30:00+00:00,99089.07927347919
2024-12-04 08:45:00+00:00,99089.07927347919
2024-12-04 09:00:00+00:00,99089.07927347919
2024-12-04 09:15:00+00:00,99089.07927347919
2024-12-04 09:30:00+00:00,99089.07927347919
2024-12-04 09:45:00+00:00,99089.07927347919
2024-12-04 10:00:00+00:00,99089.07927347919
2024-12-04 10:15:00+00:00,99089.07927347919
2024-12-04 10:30:00+00:00,99089.07927347919
2024-12-04 10:45:00+00:00,99089.07927347919
2024-12-04 11:00:00+00:00,99089.07927347919
2024-12-04 11:15:00+00:00,99089.07927347919
2024-12-04 11:30:00+00:00,99089.07927347919
2024-12-04 11:45:00+00:00,99089.07927347919
2024-12-04 12:00:00+00:00,99089.07927347919
2024-12-04 12:15:00+00:00,99089.07927347919
2024-12-04 12:30:00+00:00,99089.07927347919
2024-12-04 12:45:00+00:00,99089.07927347919
2024-12-04 13:00:00+00:00,99089.07927347919
2024-12-04 13:15:00+00:00,99089.07927347919
2024-12-04 13:30:00+00:00,99089.07927347919
2024-12-04 13:45:00+00:00,99089.07927347919
2024-12-04 14:00:00+00:00,99089.07927347919
2024-12-04 14:15:00+00:00,99089.07927347919
2024-12-04 14:30:00+00:00,99089.07927347919
2024-12-04 14:45:00+00:00,99089.07927347919
2024-12-04 15:00:00+00:00,99089.07927347919
2024-12-04 15:15:00+00:00,99089.07927347919
2024-12-04 15:30:00+00:00,99089.07927347919
2024-12-04 15:45:00+00:00,99089.07927347919
2024-12-04 16:00:00+00:00,99089.07927347919
2024-12-04 16:15:00+00:00,99085.96479547824
2024-12-04 16:30:00+00:00,99083.64409153888
2024-12-04 16:45:00+00:00,99083.52093641658
2024-12-04 17:00:00+00:00,99082.90981150237
2024-12-04 17:15:00+00:00,99085.85976235107
2024-12-04 17:30:00+00:00,99088.54267523576
2024-12-04 17:45:00+00:00,99094.44857018384
2024-12-04 18:00:00+00:00,99100.32521887337
2024-12-04 18:15:00+00:00,99104.45307620577
2024-12-04 18:30:00+00:00,99104.45307620577
2024-12-04 18:45:00+00:00,99104.45307620577
2024-12-04 19:00:00+00:00,99104.45307620577
2024-12-04 19:15:00+00:00,99104.45307620577
2024-12-04 19:30:00+00:00,99104.45307620577
2024-12-04 19:45:00+00:00,99104.45307620577
2024-12-04 20:00:00+00:00,99104.45307620577
2024-12-04 20:15:00+00:00,99104.45307620577
2024-12-04 20:30:00+00:00,99104.45307620577
2024-12-04 20:45:00+00:00,99104.45307620577
2024-12-04 21:00:00+00:00,99104.45307620577
2024-12-04 21:15:00+00:00,99104.45307620577
2024-12-04 21:30:00+00:00,99104.45307620577
2024-12-04 21:45:00+00:00,99104.45307620577
2024-12-04 22:00:00+00:00,99104.45307620577
2024-12-04 22:15:00+00:00,99104.45307620577
2024-12-04 22:30:00+00:00,99104.45307620577
2024-12-04 22:45:00+00:00,99104.45307620577
2024-12-04 23:00:00+00:00,99104.45307620577
2024-12-04 23:15:00+00:00,99104.45307620577
2024-12-04 23:30:00+00:00,99104.45307620577
2024-12-04 23:45:00+00:00,99104.45307620577
2024-12-05 00:00:00+00:00,99104.45307620577
2024-12-05 00:15:00+00:00,99105.3571306125
2024-12-05 00:30:00+00:00,99110.12127388835
2024-12-05 00:45:00+00:00,99109.93976092577
2024-12-05 01:00:00+00:00,99115.96772671262
2024-12-05 01:15:00+00:00,99115.96772671262
2024-12-05 01:30:00+00:00,99115.96772671262
2024-12-05 01:45:00+00:00,99115.96772671262
2024-12-05 02:00:00+00:00,99115.96772671262
2024-12-05 02:15:00+00:00,99115.96772671262
2024-12-05 02:30:00+00:00,99115.96772671262
2024-12-05 02:45:00+00:00,99115.96772671262
2024-12-05 03:00:00+00:00,99115.96772671262
2024-12-05 03:15:00+00:00,99115.96772671262
2024-12-05 03:30:00+00:00,99115.96772671262
2024-12-05 03:45:00+00:00,99115.96772671262
2024-12-05 04:00:00+00:00,99115.96772671262
2024-12-05 04:15:00+00:00,99115.96772671262
2024-12-05 04:30:00+00:00,99115.96772671262
2024-12-05 04:45:00+00:00,99115.96772671262
2024-12-05 05:00:00+00:00,99115.96772671262
2024-12-05 05:15:00+00:00,99115.96772671262
2024-12-05 05:30:00+00:00,99115.96772671262
2024-12-05 05:45:00+00:00,99115.96772671262
2024-12-05 06:00:00+00:00,99115.96772671262
2024-12-05 06:15:00+00:00,99115.96772671262
2024-12-05 06:30:00+00:00,99115.96772671262
2024-12-05 06:45:00+00:00,99115.96772671262
2024-12-05 07:00:00+00:00,99115.96772671262
2024-12-05 07:15:00+00:00,99115.96772671262
2024-12-05 07:30:00+00:00,99115.96772671262
2024-12-05 07:45:00+00:00,99115.96772671262
2024-12-05 08:00:00+00:00,99115.96772671262
2024-12-05 08:15:00+00:00,99115.96772671262
2024-12-05 08:30:00+00:00,99115.96772671262
2024-12-05 08:45:00+00:00,99115.96772671262
2024-12-05 09:00:00+00:00,99115.96772671262
2024-12-05 09:15:00+00:00,99115.96772671262
2024-12-05 09:30:00+00:00,99115.96772671262
2024-12-05 09:45:00+00:00,99115.96772671262
2024-12-05 10:00:00+00:00,99115.96772671262
2024-12-05 10:15:00+00:00,99115.96772671262
2024-12-05 10:30:00+00:00,99115.96772671262
2024-12-05 10:45:00+00:00,99115.96772671262
2024-12-05 11:00:00+00:00,99115.96772671262
2024-12-05 11:15:00+00:00,99115.96772671262
2024-12-05 11:30:00+00:00,99115.96772671262
2024-12-05 11:45:00+00:00,99115.96772671262
2024-12-05 12:00:00+00:00,99115.96772671262
2024-12-05 12:15:00+00:00,99115.96772671262
2024-12-05 12:30:00+00:00,99115.96772671262
2024-12-05 12:45:00+00:00,99115.96772671262
2024-12-05 13:00:00+00:00,99115.96772671262
2024-12-05 13:15:00+00:00,99115.96772671262
2024-12-05 13:30:00+00:00,99115.96772671262
2024-12-05 13:45:00+00:00,99115.96772671262
2024-12-05 14:00:00+00:00,99115.96772671262
2024-12-05 14:15:00+00:00,99115.96772671262
2024-12-05 14:30:00+00:00,99115.96772671262
2024-12-05 14:45:00+00:00,99115.96772671262
2024-12-05 15:00:00+00:00,99115.96772671262
2024-12-05 15:15:00+00:00,99115.96772671262
2024-12-05 15:30:00+00:00,99115.96772671262
2024-12-05 15:45:00+00:00,99115.96772671262
2024-12-05 16:00:00+00:00,99115.96772671262
2024-12-05 16:15:00+00:00,99115.96772671262
2024-12-05 16:30:00+00:00,99115.96772671262
2024-12-05 16:45:00+00:00,99115.96772671262
2024-12-05 17:00:00+00:00,99115.96772671262
2024-12-05 17:15:00+00:00,99115.96772671262
2024-12-05 17:30:00+00:00,99115.96772671262
2024-12-05 17:45:00+00:00,99115.96772671262
2024-12-05 18:00:00+00:00,99115.96772671262
2024-12-05 18:15:00+00:00,99115.96772671262
2024-12-05 18:30:00+00:00,99115.96772671262
2024-12-05 18:45:00+00:00,99115.96772671262
2024-12-05 19:00:00+00:00,99115.96772671262
2024-12-05 19:15:00+00:00,99115.96772671262
2024-12-05 19:30:00+00:00,99115.96772671262
2024-12-05 19:45:00+00:00,99115.96772671262
2024-12-05 20:00:00+00:00,99115.96772671262
2024-12-05 20:15:00+00:00,99111.89406078593
2024-12-05 20:30:00+00:00,99121.66513899535
2024-12-05 20:45:00+00:00,99123.36065451292
2024-12-05 21:00:00+00:00,99128.52058439788
2024-12-05 21:15:00+00:00,99125.54019756478
2024-12-05 21:30:00+00:00,99122.21253098323
2024-12-05 21:45:00+00:00,99120.90105234219
2024-12-05 22:00:00+00:00,99115.707188745
2024-12-05 22:15:00+00:00,99115.707188745
2024-12-05 22:30:00+00:00,99115.707188745
2024-12-05 22:45:00+00:00,99115.707188745
2024-12-05 23:00:00+00:00,99115.707188745
2024-12-05 23:15:00+00:00,99115.707188745
2024-12-05 23:30:00+00:00,99115.707188745
2024-12-05 23:45:00+00:00,99115.707188745
2024-12-06 00:00:00+00:00,99115.707188745
2024-12-06 00:15:00+00:00,99115.707188745
2024-12-06 00:30:00+00:00,99115.707188745
2024-12-06 00:45:00+00:00,99115.707188745
2024-12-06 01:00:00+00:00,99115.707188745
2024-12-06 01:15:00+00:00,99115.707188745
2024-12-06 01:30:00+00:00,99115.707188745
2024-12-06 01:45:00+00:00,99115.707188745
2024-12-06 02:00:00+00:00,99115.707188745
2024-12-06 02:15:00+00:00,99115.707188745
2024-12-06 02:30:00+00:00,99115.707188745
2024-12-06 02:45:00+00:00,99115.707188745
2024-12-06 03:00:00+00:00,99115.707188745
2024-12-06 03:15:00+00:00,99115.707188745
2024-12-06 03:30:00+00:00,99115.707188745
2024-12-06 03:45:00+00:00,99115.707188745
2024-12-06 04:00:00+00:00,99115.707188745
2024-12-06 04:15:00+00:00,99115.707188745
2024-12-06 04:30:00+00:00,99115.707188745
2024-12-06 04:45:00+00:00,99115.707188745
2024-12-06 05:00:00+00:00,99115.707188745
2024-12-06 05:15:00+00:00,99115.707188745
2024-12-06 05:30:00+00:00,99115.707188745
2024-12-06 05:45:00+00:00,99115.707188745
2024-12-06 06:00:00+00:00,99115.707188745
2024-12-06 06:15:00+00:00,99115.707188745
2024-12-06 06:30:00+00:00,99115.707188745
2024-12-06 06:45:00+00:00,99115.707188745
2024-12-06 07:00:00+00:00,99115.707188745
2024-12-06 07:15:00+00:00,99115.707188745
2024-12-06 07:30:00+00:00,99115.707188745
2024-12-06 07:45:00+00:00,99115.707188745
2024-12-06 08:00:00+00:00,99115.707188745
2024-12-06 08:15:00+00:00,99115.707188745
2024-12-06 08:30:00+00:00,99115.707188745
2024-12-06 08:45:00+00:00,99115.707188745
2024-12-06 09:00:00+00:00,99115.707188745
2024-12-06 09:15:00+00:00,99115.707188745
2024-12-06 09:30:00+00:00,99115.707188745
2024-12-06 09:45:00+00:00,99115.707188745
2024-12-06 10:00:00+00:00,99115.707188745
2024-12-06 10:15:00+00:00,99115.707188745
2024-12-06 10:30:00+00:00,99115.707188745
2024-12-06 10:45:00+00:00,99115.707188745
2024-12-06 11:00:00+00:00,99115.707188745
2024-12-06 11:15:00+00:00,99115.707188745
2024-12-06 11:30:00+00:00,99115.707188745
2024-12-06 11:45:00+00:00,99115.707188745
2024-12-06 12:00:00+00:00,99115.707188745
2024-12-06 12:15:00+00:00,99115.707188745
2024-12-06 12:30:00+00:00,99115.707188745
2024-12-06 12:45:00+00:00,99115.707188745
2024-12-06 13:00:00+00:00,99115.707188745
2024-12-06 13:15:00+00:00,99115.707188745
2024-12-06 13:30:00+00:00,99115.707188745
2024-12-06 13:45:00+00:00,99115.707188745
2024-12-06 14:00:00+00:00,99115.707188745
2024-12-06 14:15:00+00:00,99115.707188745
2024-12-06 14:30:00+00:00,99115.707188745
2024-12-06 14:45:00+00:00,99115.707188745
2024-12-06 15:00:00+00:00,99115.707188745
2024-12-06 15:15:00+00:00,99115.707188745
2024-12-06 15:30:00+00:00,99115.707188745
2024-12-06 15:45:00+00:00,99115.707188745
2024-12-06 16:00:00+00:00,99115.707188745
2024-12-06 16:15:00+00:00,99115.707188745
2024-12-06 16:30:00+00:00,99115.707188745
2024-12-06 16:45:00+00:00,99115.707188745
2024-12-06 17:00:00+00:00,99115.707188745
2024-12-06 17:15:00+00:00,99115.707188745
2024-12-06 17:30:00+00:00,99115.707188745
2024-12-06 17:45:00+00:00,99115.707188745
2024-12-06 18:00:00+00:00,99115.707188745
2024-12-06 18:15:00+00:00,99115.707188745
2024-12-06 18:30:00+00:00,99115.707188745
2024-12-06 18:45:00+00:00,99115.707188745
2024-12-06 19:00:00+00:00,99115.707188745
2024-12-06 19:15:00+00:00,99115.707188745
2024-12-06 19:30:00+00:00,99115.707188745
2024-12-06 19:45:00+00:00,99115.707188745
2024-12-06 20:00:00+00:00,99115.707188745
2024-12-06 20:15:00+00:00,99113.92572921551
2024-12-06 20:30:00+00:00,99113.29592112362
2024-12-06 20:45:00+00:00,99120.17367563485
2024-12-06 21:00:00+00:00,99124.98612826603
2024-12-06 21:15:00+00:00,99124.1609527217
2024-12-06 21:30:00+00:00,99134.68655228657
2024-12-06 21:45:00+00:00,99134.68655228657
2024-12-06 22:00:00+00:00,99134.68655228657
2024-12-06 22:15:00+00:00,99134.68655228657
2024-12-06 22:30:00+00:00,99134.68655228657
2024-12-06 22:45:00+00:00,99134.68655228657
2024-12-06 23:00:00+00:00,99134.68655228657
2024-12-06 23:15:00+00:00,99134.68655228657
2024-12-06 23:30:00+00:00,99134.68655228657
2024-12-06 23:45:00+00:00,99134.68655228657
2024-12-07 00:00:00+00:00,99134.68655228657
2024-12-07 00:15:00+00:00,99134.68655228657
2024-12-07 00:30:00+00:00,99134.68655228657
2024-12-07 00:45:00+00:00,99134.68655228657
2024-12-07 01:00:00+00:00,99134.68655228657
2024-12-07 01:15:00+00:00,99134.68655228657
2024-12-07 01:30:00+00:00,99134.68655228657
2024-12-07 01:45:00+00:00,99134.68655228657
2024-12-07 02:00:00+00:00,99134.68655228657
2024-12-07 02:15:00+00:00,99134.68655228657
2024-12-07 02:30:00+00:00,99134.68655228657
2024-12-07 02:45:00+00:00,99134.68655228657
2024-12-07 03:00:00+00:00,99134.68655228657
2024-12-07 03:15:00+00:00,99134.68655228657
2024-12-07 03:30:00+00:00,99134.68655228657
2024-12-07 03:45:00+00:00,99134.68655228657
2024-12-07 04:00:00+00:00,99134.68655228657
2024-12-07 04:15:00+00:00,99134.68655228657
2024-12-07 04:30:00+00:00,99134.68655228657
2024-12-07 04:45:00+00:00,99134.68655228657
2024-12-07 05:00:00+00:00,99134.68655228657
2024-12-07 05:15:00+00:00,99134.68655228657
2024-12-07 05:30:00+00:00,99134.68655228657
2024-12-07 05:45:00+00:00,99134.68655228657
2024-12-07 06:00:00+00:00,99134.68655228657
2024-12-07 06:15:00+00:00,99134.68655228657
2024-12-07 06:30:00+00:00,99134.68655228657
2024-12-07 06:45:00+00:00,99134.68655228657
2024-12-07 07:00:00+00:00,99134.68655228657
2024-12-07 07:15:00+00:00,99134.68655228657
2024-12-07 07:30:00+00:00,99134.68655228657
2024-12-07 07:45:00+00:00,99134.68655228657
2024-12-07 08:00:00+00:00,99134.68655228657
2024-12-07 08:15:00+00:00,99134.68655228657
2024-12-07 08:30:00+00:00,99134.68655228657
2024-12-07 08:45:00+00:00,99134.68655228657
2024-12-07 09:00:00+00:00,99134.68655228657
2024-12-07 09:15:00+00:00,99134.68655228657
2024-12-07 09:30:00+00:00,99134.68655228657
2024-12-07 09:45:00+00:00,99134.68655228657
2024-12-07 10:00:00+00:00,99134.68655228657
2024-12-07 10:15:00+00:00,99134.68655228657
2024-12-07 10:30:00+00:00,99134.68655228657
2024-12-07 10:45:00+00:00,99134.68655228657
2024-12-07 11:00:00+00:00,99134.68655228657
2024-12-07 11:15:00+00:00,99134.68655228657
2024-12-07 11:30:00+00:00,99134.68655228657
2024-12-07 11:45:00+00:00,99134.68655228657
2024-12-07 12:00:00+00:00,99134.68655228657
2024-12-07 12:15:00+00:00,99134.68655228657
2024-12-07 12:30:00+00:00,99134.68655228657
2024-12-07 12:45:00+00:00,99134.68655228657
2024-12-07 13:00:00+00:00,99134.68655228657
2024-12-07 13:15:00+00:00,99134.68655228657
2024-12-07 13:30:00+00:00,99134.68655228657
2024-12-07 13:45:00+00:00,99134.68655228657
2024-12-07 14:00:00+00:00,99134.68655228657
2024-12-07 14:15:00+00:00,99134.68655228657
2024-12-07 14:30:00+00:00,99134.68655228657
2024-12-07 14:45:00+00:00,99134.68655228657
2024-12-07 15:00:00+00:00,99134.68655228657
2024-12-07 15:15:00+00:00,99134.68655228657
2024-12-07 15:30:00+00:00,99134.68655228657
2024-12-07 15:45:00+00:00,99134.68655228657
2024-12-07 16:00:00+00:00,99134.68655228657
2024-12-07 16:15:00+00:00,99134.68655228657
2024-12-07 16:30:00+00:00,99134.68655228657
2024-12-07 16:45:00+00:00,99134.68655228657
2024-12-07 17:00:00+00:00,99134.68655228657
2024-12-07 17:15:00+00:00,99134.68655228657
2024-12-07 17:30:00+00:00,99134.68655228657
2024-12-07 17:45:00+00:00,99134.68655228657
2024-12-07 18:00:00+00:00,99134.68655228657
2024-12-07 18:15:00+00:00,99134.68655228657
2024-12-07 18:30:00+00:00,99134.68655228657
2024-12-07 18:45:00+00:00,99134.68655228657
2024-12-07 19:00:00+00:00,99134.68655228657
2024-12-07 19:15:00+00:00,99134.68655228657
2024-12-07 19:30:00+00:00,99134.68655228657
2024-12-07 19:45:00+00:00,99134.68655228657
2024-12-07 20:00:00+00:00,99134.68655228657
2024-12-07 20:15:00+00:00,99134.68655228657
2024-12-07 20:30:00+00:00,99134.68655228657
2024-12-07 20:45:00+00:00,99134.68655228657
2024-12-07 21:00:00+00:00,99134.68655228657
2024-12-07 21:15:00+00:00,99134.68655228657
2024-12-07 21:30:00+00:00,99134.68655228657
2024-12-07 21:45:00+00:00,99134.68655228657
2024-12-07 22:00:00+00:00,99134.68655228657
2024-12-07 22:15:00+00:00,99134.68655228657
2024-12-07 22:30:00+00:00,99134.68655228657
2024-12-07 22:45:00+00:00,99134.68655228657
2024-12-07 23:00:00+00:00,99134.68655228657
2024-12-07 23:15:00+00:00,99134.68655228657
2024-12-07 23:30:00+00:00,99134.68655228657
2024-12-07 23:45:00+00:00,99134.68655228657
2024-12-08 00:00:00+00:00,99134.68655228657
2024-12-08 00:15:00+00:00,99134.68655228657
2024-12-08 00:30:00+00:00,99134.68655228657
2024-12-08 00:45:00+00:00,99134.68655228657
2024-12-08 01:00:00+00:00,99134.68655228657
2024-12-08 01:15:00+00:00,99134.68655228657
2024-12-08 01:30:00+00:00,99134.68655228657
2024-12-08 01:45:00+00:00,99134.68655228657
2024-12-08 02:00:00+00:00,99134.68655228657
2024-12-08 02:15:00+00:00,99134.68655228657
2024-12-08 02:30:00+00:00,99134.68655228657
2024-12-08 02:45:00+00:00,99134.68655228657
2024-12-08 03:00:00+00:00,99134.68655228657
2024-12-08 03:15:00+00:00,99134.68655228657
2024-12-08 03:30:00+00:00,99134.68655228657
2024-12-08 03:45:00+00:00,99134.68655228657
2024-12-08 04:00:00+00:00,99134.68655228657
2024-12-08 04:15:00+00:00,99134.68655228657
2024-12-08 04:30:00+00:00,99134.68655228657
2024-12-08 04:45:00+00:00,99134.68655228657
2024-12-08 05:00:00+00:00,99134.68655228657
2024-12-08 05:15:00+00:00,99134.68655228657
2024-12-08 05:30:00+00:00,99134.68655228657
2024-12-08 05:45:00+00:00,99134.68655228657
2024-12-08 06:00:00+00:00,99134.68655228657
2024-12-08 06:15:00+00:00,99134.68655228657
2024-12-08 06:30:00+00:00,99134.68655228657
2024-12-08 06:45:00+00:00,99134.68655228657
2024-12-08 07:00:00+00:00,99134.68655228657
2024-12-08 07:15:00+00:00,99134.68655228657
2024-12-08 07:30:00+00:00,99134.68655228657
2024-12-08 07:45:00+00:00,99134.68655228657
2024-12-08 08:00:00+00:00,99134.68655228657
2024-12-08 08:15:00+00:00,99134.68655228657
2024-12-08 08:30:00+00:00,99134.68655228657
2024-12-08 08:45:00+00:00,99134.68655228657
2024-12-08 09:00:00+00:00,99134.68655228657
2024-12-08 09:15:00+00:00,99134.68655228657
2024-12-08 09:30:00+00:00,99134.68655228657
2024-12-08 09:45:00+00:00,99134.68655228657
2024-12-08 10:00:00+00:00,99134.68655228657
2024-12-08 10:15:00+00:00,99134.68655228657
2024-12-08 10:30:00+00:00,99134.68655228657
2024-12-08 10:45:00+00:00,99134.68655228657
2024-12-08 11:00:00+00:00,99134.68655228657
2024-12-08 11:15:00+00:00,99134.68655228657
2024-12-08 11:30:00+00:00,99134.68655228657
2024-12-08 11:45:00+00:00,99134.68655228657
2024-12-08 12:00:00+00:00,99134.68655228657
2024-12-08 12:15:00+00:00,99134.68655228657
2024-12-08 12:30:00+00:00,99134.68655228657
2024-12-08 12:45:00+00:00,99134.68655228657
2024-12-08 13:00:00+00:00,99134.68655228657
2024-12-08 13:15:00+00:00,99134.68655228657
2024-12-08 13:30:00+00:00,99134.68655228657
2024-12-08 13:45:00+00:00,99134.68655228657
2024-12-08 14:00:00+00:00,99134.68655228657
2024-12-08 14:15:00+00:00,99134.68655228657
2024-12-08 14:30:00+00:00,99134.68655228657
2024-12-08 14:45:00+00:00,99134.68655228657
2024-12-08 15:00:00+00:00,99134.68655228657
2024-12-08 15:15:00+00:00,99134.68655228657
2024-12-08 15:30:00+00:00,99134.68655228657
2024-12-08 15:45:00+00:00,99134.68655228657
2024-12-08 16:00:00+00:00,99134.68655228657
2024-12-08 16:15:00+00:00,99134.68655228657
2024-12-08 16:30:00+00:00,99134.68655228657
2024-12-08 16:45:00+00:00,99134.68655228657
2024-12-08 17:00:00+00:00,99134.68655228657
2024-12-08 17:15:00+00:00,99134.68655228657
2024-12-08 17:30:00+00:00,99134.68655228657
2024-12-08 17:45:00+00:00,99134.68655228657
2024-12-08 18:00:00+00:00,99134.68655228657
2024-12-08 18:15:00+00:00,99134.68655228657
2024-12-08 18:30:00+00:00,99134.68655228657
2024-12-08 18:45:00+00:00,99134.68655228657
2024-12-08 19:00:00+00:00,99134.68655228657
2024-12-08 19:15:00+00:00,99134.68655228657
2024-12-08 19:30:00+00:00,99134.68655228657
2024-12-08 19:45:00+00:00,99134.68655228657
2024-12-08 20:00:00+00:00,99134.68655228657
2024-12-08 20:15:00+00:00,99134.68655228657
2024-12-08 20:30:00+00:00,99134.68655228657
2024-12-08 20:45:00+00:00,99134.68655228657
2024-12-08 21:00:00+00:00,99134.68655228657
2024-12-08 21:15:00+00:00,99134.68655228657
2024-12-08 21:30:00+00:00,99134.68655228657
2024-12-08 21:45:00+00:00,99134.68655228657
2024-12-08 22:00:00+00:00,99134.68655228657
2024-12-08 22:15:00+00:00,99134.68655228657
2024-12-08 22:30:00+00:00,99134.68655228657
2024-12-08 22:45:00+00:00,99134.68655228657
2024-12-08 23:00:00+00:00,99134.68655228657
2024-12-08 23:15:00+00:00,99134.68655228657
2024-12-08 23:30:00+00:00,99134.68655228657
2024-12-08 23:45:00+00:00,99134.68655228657
2024-12-09 00:00:00+00:00,99134.68655228657
2024-12-09 00:15:00+00:00,99134.68655228657
2024-12-09 00:30:00+00:00,99134.68655228657
2024-12-09 00:45:00+00:00,99134.68655228657
2024-12-09 01:00:00+00:00,99134.68655228657
2024-12-09 01:15:00+00:00,99134.68655228657
2024-12-09 01:30:00+00:00,99134.68655228657
2024-12-09 01:45:00+00:00,99134.68655228657
2024-12-09 02:00:00+00:00,99134.68655228657
2024-12-09 02:15:00+00:00,99134.68655228657
2024-12-09 02:30:00+00:00,99134.68655228657
2024-12-09 02:45:00+00:00,99134.68655228657
2024-12-09 03:00:00+00:00,99134.68655228657
2024-12-09 03:15:00+00:00,99134.68655228657
2024-12-09 03:30:00+00:00,99134.68655228657
2024-12-09 03:45:00+00:00,99134.68655228657
2024-12-09 04:00:00+00:00,99134.68655228657
2024-12-09 04:15:00+00:00,99134.68655228657
2024-12-09 04:30:00+00:00,99134.68655228657
2024-12-09 04:45:00+00:00,99134.68655228657
2024-12-09 05:00:00+00:00,99134.68655228657
2024-12-09 05:15:00+00:00,99134.68655228657
2024-12-09 05:30:00+00:00,99134.68655228657
2024-12-09 05:45:00+00:00,99134.68655228657
2024-12-09 06:00:00+00:00,99134.68655228657
2024-12-09 06:15:00+00:00,99134.68655228657
2024-12-09 06:30:00+00:00,99134.68655228657
2024-12-09 06:45:00+00:00,99134.68655228657
2024-12-09 07:00:00+00:00,99134.68655228657
2024-12-09 07:15:00+00:00,99134.68655228657
2024-12-09 07:30:00+00:00,99134.68655228657
2024-12-09 07:45:00+00:00,99134.68655228657
2024-12-09 08:00:00+00:00,99134.68655228657
2024-12-09 08:15:00+00:00,99134.68655228657
2024-12-09 08:30:00+00:00,99134.68655228657
2024-12-09 08:45:00+00:00,99126.48778591857
2024-12-09 09:00:00+00:00,99115.52149041356
2024-12-09 09:15:00+00:00,99115.52149041356
2024-12-09 09:30:00+00:00,99115.52149041356
2024-12-09 09:45:00+00:00,99115.52149041356
2024-12-09 10:00:00+00:00,99115.52149041356
2024-12-09 10:15:00+00:00,99115.52149041356
2024-12-09 10:30:00+00:00,99115.52149041356
2024-12-09 10:45:00+00:00,99115.52149041356
2024-12-09 11:00:00+00:00,99115.52149041356
2024-12-09 11:15:00+00:00,99115.52149041356
2024-12-09 11:30:00+00:00,99115.52149041356
2024-12-09 11:45:00+00:00,99115.52149041356
2024-12-09 12:00:00+00:00,99115.52149041356
2024-12-09 12:15:00+00:00,99115.52149041356
2024-12-09 12:30:00+00:00,99115.52149041356
2024-12-09 12:45:00+00:00,99115.52149041356
2024-12-09 13:00:00+00:00,99115.52149041356
2024-12-09 13:15:00+00:00,99115.52149041356
2024-12-09 13:30:00+00:00,99115.52149041356
2024-12-09 13:45:00+00:00,99115.52149041356
2024-12-09 14:00:00+00:00,99115.52149041356
2024-12-09 14:15:00+00:00,99115.52149041356
2024-12-09 14:30:00+00:00,99115.52149041356
2024-12-09 14:45:00+00:00,99115.52149041356
2024-12-09 15:00:00+00:00,99115.52149041356
2024-12-09 15:15:00+00:00,99115.52149041356
2024-12-09 15:30:00+00:00,99115.52149041356
2024-12-09 15:45:00+00:00,99115.52149041356
2024-12-09 16:00:00+00:00,99115.52149041356
2024-12-09 16:15:00+00:00,99115.52149041356
2024-12-09 16:30:00+00:00,99115.52149041356
2024-12-09 16:45:00+00:00,99110.97800511804
2024-12-09 17:00:00+00:00,99116.42665423061
2024-12-09 17:15:00+00:00,99110.86104417995
2024-12-09 17:30:00+00:00,99107.63668812026
2024-12-09 17:45:00+00:00,99103.75640544496
2024-12-09 18:00:00+00:00,99110.70917721697
2024-12-09 18:15:00+00:00,99116.85393654692
2024-12-09 18:30:00+00:00,99112.8063292746
2024-12-09 18:45:00+00:00,99102.78191219586
2024-12-09 19:00:00+00:00,99102.78191219586
2024-12-09 19:15:00+00:00,99102.78191219586
2024-12-09 19:30:00+00:00,99102.78191219586
2024-12-09 19:45:00+00:00,99102.78191219586
2024-12-09 20:00:00+00:00,99102.78191219586
2024-12-09 20:15:00+00:00,99097.28144504325
2024-12-09 20:30:00+00:00,99101.86895725378
2024-12-09 20:45:00+00:00,99086.75706958903
2024-12-09 21:00:00+00:00,99086.75706958903
2024-12-09 21:15:00+00:00,99086.75706958903
2024-12-09 21:30:00+00:00,99086.75706958903
2024-12-09 21:45:00+00:00,99086.75706958903
2024-12-09 22:00:00+00:00,99086.75706958903
2024-12-09 22:15:00+00:00,99086.75706958903
2024-12-09 22:30:00+00:00,99086.75706958903
2024-12-09 22:45:00+00:00,99086.75706958903
2024-12-09 23:00:00+00:00,99086.75706958903
2024-12-09 23:15:00+00:00,99086.75706958903
2024-12-09 23:30:00+00:00,99086.75706958903
2024-12-09 23:45:00+00:00,99086.75706958903
2024-12-10 00:00:00+00:00,99086.75706958903
2024-12-10 00:15:00+00:00,99086.75706958903
2024-12-10 00:30:00+00:00,99086.75706958903
2024-12-10 00:45:00+00:00,99086.75706958903
2024-12-10 01:00:00+00:00,99086.75706958903
2024-12-10 01:15:00+00:00,99086.75706958903
2024-12-10 01:30:00+00:00,99086.75706958903
2024-12-10 01:45:00+00:00,99086.75706958903
2024-12-10 02:00:00+00:00,99086.75706958903
2024-12-10 02:15:00+00:00,99086.75706958903
2024-12-10 02:30:00+00:00,99086.75706958903
2024-12-10 02:45:00+00:00,99086.75706958903
2024-12-10 03:00:00+00:00,99086.75706958903
2024-12-10 03:15:00+00:00,99086.75706958903
2024-12-10 03:30:00+00:00,99086.75706958903
2024-12-10 03:45:00+00:00,99086.75706958903
2024-12-10 04:00:00+00:00,99086.75706958903
2024-12-10 04:15:00+00:00,99086.75706958903
2024-12-10 04:30:00+00:00,99086.75706958903
2024-12-10 04:45:00+00:00,99086.75706958903
2024-12-10 05:00:00+00:00,99086.75706958903
2024-12-10 05:15:00+00:00,99086.75706958903
2024-12-10 05:30:00+00:00,99086.75706958903
2024-12-10 05:45:00+00:00,99086.75706958903
2024-12-10 06:00:00+00:00,99086.75706958903
2024-12-10 06:15:00+00:00,99086.75706958903
2024-12-10 06:30:00+00:00,99086.75706958903
2024-12-10 06:45:00+00:00,99086.75706958903
2024-12-10 07:00:00+00:00,99086.75706958903
2024-12-10 07:15:00+00:00,99086.75706958903
2024-12-10 07:30:00+00:00,99086.75706958903
2024-12-10 07:45:00+00:00,99086.75706958903
2024-12-10 08:00:00+00:00,99086.75706958903
2024-12-10 08:15:00+00:00,99086.75706958903
2024-12-10 08:30:00+00:00,99086.75706958903
2024-12-10 08:45:00+00:00,99086.75706958903
2024-12-10 09:00:00+00:00,99086.75706958903
2024-12-10 09:15:00+00:00,99086.75706958903
2024-12-10 09:30:00+00:00,99086.75706958903
2024-12-10 09:45:00+00:00,99086.75706958903
2024-12-10 10:00:00+00:00,99086.75706958903
2024-12-10 10:15:00+00:00,99086.75706958903
2024-12-10 10:30:00+00:00,99086.75706958903
2024-12-10 10:45:00+00:00,99086.75706958903
2024-12-10 11:00:00+00:00,99086.75706958903
2024-12-10 11:15:00+00:00,99086.75706958903
2024-12-10 11:30:00+00:00,99086.75706958903
2024-12-10 11:45:00+00:00,99086.75706958903
2024-12-10 12:00:00+00:00,99086.75706958903
2024-12-10 12:15:00+00:00,99090.66608015724
2024-12-10 12:30:00+00:00,99092.28932889858
2024-12-10 12:45:00+00:00,99092.28932889858
2024-12-10 13:00:00+00:00,99092.28932889858
2024-12-10 13:15:00+00:00,99092.28932889858
2024-12-10 13:30:00+00:00,99092.28932889858
2024-12-10 13:45:00+00:00,99092.28932889858
2024-12-10 14:00:00+00:00,99092.28932889858
2024-12-10 14:15:00+00:00,99092.28932889858
2024-12-10 14:30:00+00:00,99092.28932889858
2024-12-10 14:45:00+00:00,99092.28932889858
2024-12-10 15:00:00+00:00,99092.28932889858
2024-12-10 15:15:00+00:00,99092.28932889858
2024-12-10 15:30:00+00:00,99092.28932889858
2024-12-10 15:45:00+00:00,99092.28932889858
2024-12-10 16:00:00+00:00,99092.28932889858
2024-12-10 16:15:00+00:00,99092.28932889858
2024-12-10 16:30:00+00:00,99092.28932889858
2024-12-10 16:45:00+00:00,99092.28932889858
2024-12-10 17:00:00+00:00,99092.28932889858
2024-12-10 17:15:00+00:00,99092.28932889858
2024-12-10 17:30:00+00:00,99092.28932889858
2024-12-10 17:45:00+00:00,99092.28932889858
2024-12-10 18:00:00+00:00,99092.28932889858
2024-12-10 18:15:00+00:00,99092.28932889858
2024-12-10 18:30:00+00:00,99092.28932889858
2024-12-10 18:45:00+00:00,99092.28932889858
2024-12-10 19:00:00+00:00,99092.28932889858
2024-12-10 19:15:00+00:00,99092.28932889858
2024-12-10 19:30:00+00:00,99092.28932889858
2024-12-10 19:45:00+00:00,99092.28932889858
2024-12-10 20:00:00+00:00,99092.28932889858
2024-12-10 20:15:00+00:00,99092.28932889858
2024-12-10 20:30:00+00:00,99092.28932889858
2024-12-10 20:45:00+00:00,99092.28932889858
2024-12-10 21:00:00+00:00,99092.28932889858
2024-12-10 21:15:00+00:00,99092.28932889858
2024-12-10 21:30:00+00:00,99092.28932889858
2024-12-10 21:45:00+00:00,99092.28932889858
2024-12-10 22:00:00+00:00,99092.28932889858
2024-12-10 22:15:00+00:00,99092.28932889858
2024-12-10 22:30:00+00:00,99092.28932889858
2024-12-10 22:45:00+00:00,99092.28932889858
2024-12-10 23:00:00+00:00,99092.28932889858
2024-12-10 23:15:00+00:00,99092.28932889858
2024-12-10 23:30:00+00:00,99092.28932889858
2024-12-10 23:45:00+00:00,99092.28932889858
2024-12-11 00:00:00+00:00,99092.28932889858
2024-12-11 00:15:00+00:00,99092.28932889858
2024-12-11 00:30:00+00:00,99092.28932889858
2024-12-11 00:45:00+00:00,99092.28932889858
2024-12-11 01:00:00+00:00,99092.28932889858
2024-12-11 01:15:00+00:00,99092.28932889858
2024-12-11 01:30:00+00:00,99092.28932889858
2024-12-11 01:45:00+00:00,99092.28932889858
2024-12-11 02:00:00+00:00,99092.28932889858
2024-12-11 02:15:00+00:00,99092.28932889858
2024-12-11 02:30:00+00:00,99092.28932889858
2024-12-11 02:45:00+00:00,99092.28932889858
2024-12-11 03:00:00+00:00,99092.28932889858
2024-12-11 03:15:00+00:00,99092.28932889858
2024-12-11 03:30:00+00:00,99092.28932889858
2024-12-11 03:45:00+00:00,99092.28932889858
2024-12-11 04:00:00+00:00,99092.28932889858
2024-12-11 04:15:00+00:00,99092.28932889858
2024-12-11 04:30:00+00:00,99092.28932889858
2024-12-11 04:45:00+00:00,99092.28932889858
2024-12-11 05:00:00+00:00,99092.28932889858
2024-12-11 05:15:00+00:00,99092.28932889858
2024-12-11 05:30:00+00:00,99092.28932889858
2024-12-11 05:45:00+00:00,99092.28932889858
2024-12-11 06:00:00+00:00,99092.28932889858
2024-12-11 06:15:00+00:00,99092.28932889858
2024-12-11 06:30:00+00:00,99092.28932889858
2024-12-11 06:45:00+00:00,99092.28932889858
2024-12-11 07:00:00+00:00,99092.28932889858
2024-12-11 07:15:00+00:00,99092.28932889858
2024-12-11 07:30:00+00:00,99092.28932889858
2024-12-11 07:45:00+00:00,99092.28932889858
2024-12-11 08:00:00+00:00,99092.28932889858
2024-12-11 08:15:00+00:00,99092.28932889858
2024-12-11 08:30:00+00:00,99092.28932889858
2024-12-11 08:45:00+00:00,99092.28932889858
2024-12-11 09:00:00+00:00,99092.28932889858
2024-12-11 09:15:00+00:00,99092.28932889858
2024-12-11 09:30:00+00:00,99092.28932889858
2024-12-11 09:45:00+00:00,99092.28932889858
2024-12-11 10:00:00+00:00,99092.28932889858
2024-12-11 10:15:00+00:00,99092.28932889858
2024-12-11 10:30:00+00:00,99092.28932889858
2024-12-11 10:45:00+00:00,99092.28932889858
2024-12-11 11:00:00+00:00,99092.28932889858
2024-12-11 11:15:00+00:00,99092.28932889858
2024-12-11 11:30:00+00:00,99092.28932889858
2024-12-11 11:45:00+00:00,99092.28932889858
2024-12-11 12:00:00+00:00,99092.28932889858
2024-12-11 12:15:00+00:00,99092.28932889858
2024-12-11 12:30:00+00:00,99092.28932889858
2024-12-11 12:45:00+00:00,99092.28932889858
2024-12-11 13:00:00+00:00,99092.28932889858
2024-12-11 13:15:00+00:00,99092.28932889858
2024-12-11 13:30:00+00:00,99092.28932889858
2024-12-11 13:45:00+00:00,99092.28932889858
2024-12-11 14:00:00+00:00,99092.28932889858
2024-12-11 14:15:00+00:00,99092.28932889858
2024-12-11 14:30:00+00:00,99092.28932889858
2024-12-11 14:45:00+00:00,99092.28932889858
2024-12-11 15:00:00+00:00,99092.28932889858
2024-12-11 15:15:00+00:00,99092.28932889858
2024-12-11 15:30:00+00:00,99092.28932889858
2024-12-11 15:45:00+00:00,99092.28932889858
2024-12-11 16:00:00+00:00,99092.28932889858
2024-12-11 16:15:00+00:00,99092.28932889858
2024-12-11 16:30:00+00:00,99092.28932889858
2024-12-11 16:45:00+00:00,99092.28932889858
2024-12-11 17:00:00+00:00,99092.28932889858
2024-12-11 17:15:00+00:00,99092.28932889858
2024-12-11 17:30:00+00:00,99092.28932889858
2024-12-11 17:45:00+00:00,99092.28932889858
2024-12-11 18:00:00+00:00,99092.28932889858
2024-12-11 18:15:00+00:00,99092.28932889858
2024-12-11 18:30:00+00:00,99092.28932889858
2024-12-11 18:45:00+00:00,99092.28932889858
2024-12-11 19:00:00+00:00,99092.28932889858
2024-12-11 19:15:00+00:00,99092.28932889858
2024-12-11 19:30:00+00:00,99092.28932889858
2024-12-11 19:45:00+00:00,99092.28932889858
2024-12-11 20:00:00+00:00,99092.28932889858
2024-12-11 20:15:00+00:00,99089.88013644057
2024-12-11 20:30:00+00:00,99086.3171615421
2024-12-11 20:45:00+00:00,99090.96131190572
2024-12-11 21:00:00+00:00,99095.66881837609
2024-12-11 21:15:00+00:00,99095.54233622445
2024-12-11 21:30:00+00:00,99089.70331124376
2024-12-11 21:45:00+00:00,99087.29655652166
2024-12-11 22:00:00+00:00,99077.61846435447
2024-12-11 22:15:00+00:00,99077.61846435447
2024-12-11 22:30:00+00:00,99077.61846435447
2024-12-11 22:45:00+00:00,99077.61846435447
2024-12-11 23:00:00+00:00,99077.61846435447
2024-12-11 23:15:00+00:00,99077.61846435447
2024-12-11 23:30:00+00:00,99077.61846435447
2024-12-11 23:45:00+00:00,99077.61846435447
2024-12-12 00:00:00+00:00,99077.61846435447
2024-12-12 00:15:00+00:00,99077.61846435447
2024-12-12 00:30:00+00:00,99077.61846435447
2024-12-12 00:45:00+00:00,99077.61846435447
2024-12-12 01:00:00+00:00,99077.61846435447
2024-12-12 01:15:00+00:00,99077.61846435447
2024-12-12 01:30:00+00:00,99077.61846435447
2024-12-12 01:45:00+00:00,99077.61846435447
2024-12-12 02:00:00+00:00,99077.61846435447
2024-12-12 02:15:00+00:00,99077.61846435447
2024-12-12 02:30:00+00:00,99077.61846435447
2024-12-12 02:45:00+00:00,99077.61846435447
2024-12-12 03:00:00+00:00,99077.61846435447
2024-12-12 03:15:00+00:00,99077.61846435447
2024-12-12 03:30:00+00:00,99077.61846435447
2024-12-12 03:45:00+00:00,99077.61846435447
2024-12-12 04:00:00+00:00,99077.61846435447
2024-12-12 04:15:00+00:00,99077.61846435447
2024-12-12 04:30:00+00:00,99077.61846435447
2024-12-12 04:45:00+00:00,99077.61846435447
2024-12-12 05:00:00+00:00,99077.61846435447
2024-12-12 05:15:00+00:00,99077.61846435447
2024-12-12 05:30:00+00:00,99077.61846435447
2024-12-12 05:45:00+00:00,99077.61846435447
2024-12-12 06:00:00+00:00,99077.61846435447
2024-12-12 06:15:00+00:00,99077.61846435447
2024-12-12 06:30:00+00:00,99077.61846435447
2024-12-12 06:45:00+00:00,99077.61846435447
2024-12-12 07:00:00+00:00,99077.61846435447
2024-12-12 07:15:00+00:00,99077.61846435447
2024-12-12 07:30:00+00:00,99077.61846435447
2024-12-12 07:45:00+00:00,99077.61846435447
2024-12-12 08:00:00+00:00,99077.61846435447
2024-12-12 08:15:00+00:00,99077.61846435447
2024-12-12 08:30:00+00:00,99077.61846435447
2024-12-12 08:45:00+00:00,99077.61846435447
2024-12-12 09:00:00+00:00,99077.61846435447
2024-12-12 09:15:00+00:00,99077.61846435447
2024-12-12 09:30:00+00:00,99077.61846435447
2024-12-12 09:45:00+00:00,99077.61846435447
2024-12-12 10:00:00+00:00,99077.61846435447
2024-12-12 10:15:00+00:00,99077.61846435447
2024-12-12 10:30:00+00:00,99077.61846435447
2024-12-12 10:45:00+00:00,99077.61846435447
2024-12-12 11:00:00+00:00,99077.61846435447
2024-12-12 11:15:00+00:00,99077.61846435447
2024-12-12 11:30:00+00:00,99077.61846435447
2024-12-12 11:45:00+00:00,99077.61846435447
2024-12-12 12:00:00+00:00,99077.61846435447
2024-12-12 12:15:00+00:00,99079.93544146701
2024-12-12 12:30:00+00:00,99081.15804290619
2024-12-12 12:45:00+00:00,99081.63533399798
2024-12-12 13:00:00+00:00,99082.12338190322
2024-12-12 13:15:00+00:00,99087.98211152424
2024-12-12 13:30:00+00:00,99087.98211152424
2024-12-12 13:45:00+00:00,99087.98211152424
2024-12-12 14:00:00+00:00,99087.98211152424
2024-12-12 14:15:00+00:00,99087.98211152424
2024-12-12 14:30:00+00:00,99087.98211152424
2024-12-12 14:45:00+00:00,99087.98211152424
2024-12-12 15:00:00+00:00,99087.98211152424
2024-12-12 15:15:00+00:00,99087.98211152424
2024-12-12 15:30:00+00:00,99087.98211152424
2024-12-12 15:45:00+00:00,99087.98211152424
2024-12-12 16:00:00+00:00,99087.98211152424
2024-12-12 16:15:00+00:00,99087.98211152424
2024-12-12 16:30:00+00:00,99087.98211152424
2024-12-12 16:45:00+00:00,99087.98211152424
2024-12-12 17:00:00+00:00,99087.98211152424
2024-12-12 17:15:00+00:00,99087.98211152424
2024-12-12 17:30:00+00:00,99087.98211152424
2024-12-12 17:45:00+00:00,99087.98211152424
2024-12-12 18:00:00+00:00,99087.98211152424
2024-12-12 18:15:00+00:00,99087.98211152424
2024-12-12 18:30:00+00:00,99087.98211152424
2024-12-12 18:45:00+00:00,99087.98211152424
2024-12-12 19:00:00+00:00,99087.98211152424
2024-12-12 19:15:00+00:00,99087.98211152424
2024-12-12 19:30:00+00:00,99087.98211152424
2024-12-12 19:45:00+00:00,99087.98211152424
2024-12-12 20:00:00+00:00,99087.98211152424
2024-12-12 20:15:00+00:00,99087.98211152424
2024-12-12 20:30:00+00:00,99087.98211152424
2024-12-12 20:45:00+00:00,99087.98211152424
2024-12-12 21:00:00+00:00,99087.98211152424
2024-12-12 21:15:00+00:00,99087.98211152424
2024-12-12 21:30:00+00:00,99087.98211152424
2024-12-12 21:45:00+00:00,99087.98211152424
2024-12-12 22:00:00+00:00,99087.98211152424
2024-12-12 22:15:00+00:00,99087.98211152424
2024-12-12 22:30:00+00:00,99087.98211152424
2024-12-12 22:45:00+00:00,99087.98211152424
2024-12-12 23:00:00+00:00,99087.98211152424
2024-12-12 23:15:00+00:00,99087.98211152424
2024-12-12 23:30:00+00:00,99087.98211152424
2024-12-12 23:45:00+00:00,99087.98211152424
2024-12-13 00:00:00+00:00,99087.98211152424
2024-12-13 00:15:00+00:00,99087.98211152424
2024-12-13 00:30:00+00:00,99087.98211152424
2024-12-13 00:45:00+00:00,99087.98211152424
2024-12-13 01:00:00+00:00,99087.98211152424
2024-12-13 01:15:00+00:00,99087.98211152424
2024-12-13 01:30:00+00:00,99087.98211152424
2024-12-13 01:45:00+00:00,99087.98211152424
2024-12-13 02:00:00+00:00,99087.98211152424
2024-12-13 02:15:00+00:00,99087.98211152424
2024-12-13 02:30:00+00:00,99087.98211152424
2024-12-13 02:45:00+00:00,99087.98211152424
2024-12-13 03:00:00+00:00,99087.98211152424
2024-12-13 03:15:00+00:00,99087.98211152424
2024-12-13 03:30:00+00:00,99087.98211152424
2024-12-13 03:45:00+00:00,99087.98211152424
2024-12-13 04:00:00+00:00,99087.98211152424
2024-12-13 04:15:00+00:00,99087.98211152424
2024-12-13 04:30:00+00:00,99087.98211152424
2024-12-13 04:45:00+00:00,99087.98211152424
2024-12-13 05:00:00+00:00,99087.98211152424
2024-12-13 05:15:00+00:00,99087.98211152424
2024-12-13 05:30:00+00:00,99087.98211152424
2024-12-13 05:45:00+00:00,99087.98211152424
2024-12-13 06:00:00+00:00,99087.98211152424
2024-12-13 06:15:00+00:00,99087.98211152424
2024-12-13 06:30:00+00:00,99087.98211152424
2024-12-13 06:45:00+00:00,99087.98211152424
2024-12-13 07:00:00+00:00,99087.98211152424
2024-12-13 07:15:00+00:00,99087.98211152424
2024-12-13 07:30:00+00:00,99087.98211152424
2024-12-13 07:45:00+00:00,99087.98211152424
2024-12-13 08:00:00+00:00,99087.98211152424
2024-12-13 08:15:00+00:00,99087.98211152424
2024-12-13 08:30:00+00:00,99087.98211152424
2024-12-13 08:45:00+00:00,99087.98211152424
2024-12-13 09:00:00+00:00,99087.98211152424
2024-12-13 09:15:00+00:00,99087.98211152424
2024-12-13 09:30:00+00:00,99087.98211152424
2024-12-13 09:45:00+00:00,99087.98211152424
2024-12-13 10:00:00+00:00,99087.98211152424
2024-12-13 10:15:00+00:00,99087.98211152424
2024-12-13 10:30:00+00:00,99087.98211152424
2024-12-13 10:45:00+00:00,99087.98211152424
2024-12-13 11:00:00+00:00,99087.98211152424
2024-12-13 11:15:00+00:00,99087.98211152424
2024-12-13 11:30:00+00:00,99087.98211152424
2024-12-13 11:45:00+00:00,99087.98211152424
2024-12-13 12:00:00+00:00,99087.98211152424
2024-12-13 12:15:00+00:00,99087.98211152424
2024-12-13 12:30:00+00:00,99087.98211152424
2024-12-13 12:45:00+00:00,99087.98211152424
2024-12-13 13:00:00+00:00,99087.98211152424
2024-12-13 13:15:00+00:00,99087.98211152424
2024-12-13 13:30:00+00:00,99087.98211152424
2024-12-13 13:45:00+00:00,99087.98211152424
2024-12-13 14:00:00+00:00,99087.98211152424
2024-12-13 14:15:00+00:00,99087.98211152424
2024-12-13 14:30:00+00:00,99087.98211152424
2024-12-13 14:45:00+00:00,99087.98211152424
2024-12-13 15:00:00+00:00,99087.98211152424
2024-12-13 15:15:00+00:00,99087.98211152424
2024-12-13 15:30:00+00:00,99087.98211152424
2024-12-13 15:45:00+00:00,99087.98211152424
2024-12-13 16:00:00+00:00,99087.98211152424
2024-12-13 16:15:00+00:00,99087.98211152424
2024-12-13 16:30:00+00:00,99087.98211152424
2024-12-13 16:45:00+00:00,99087.98211152424
2024-12-13 17:00:00+00:00,99087.98211152424
2024-12-13 17:15:00+00:00,99087.98211152424
2024-12-13 17:30:00+00:00,99087.98211152424
2024-12-13 17:45:00+00:00,99087.98211152424
2024-12-13 18:00:00+00:00,99087.98211152424
2024-12-13 18:15:00+00:00,99087.98211152424
2024-12-13 18:30:00+00:00,99087.98211152424
2024-12-13 18:45:00+00:00,99087.98211152424
2024-12-13 19:00:00+00:00,99087.98211152424
2024-12-13 19:15:00+00:00,99087.98211152424
2024-12-13 19:30:00+00:00,99087.98211152424
2024-12-13 19:45:00+00:00,99087.98211152424
2024-12-13 20:00:00+00:00,99087.98211152424
2024-12-13 20:15:00+00:00,99087.98211152424
2024-12-13 20:30:00+00:00,99087.98211152424
2024-12-13 20:45:00+00:00,99087.98211152424
2024-12-13 21:00:00+00:00,99087.98211152424
2024-12-13 21:15:00+00:00,99087.98211152424
2024-12-13 21:30:00+00:00,99087.98211152424
2024-12-13 21:45:00+00:00,99087.98211152424
2024-12-13 22:00:00+00:00,99087.98211152424
2024-12-13 22:15:00+00:00,99087.98211152424
2024-12-13 22:30:00+00:00,99087.98211152424
2024-12-13 22:45:00+00:00,99087.98211152424
2024-12-13 23:00:00+00:00,99087.98211152424
2024-12-13 23:15:00+00:00,99087.98211152424
2024-12-13 23:30:00+00:00,99087.98211152424
2024-12-13 23:45:00+00:00,99087.98211152424
2024-12-14 00:00:00+00:00,99087.98211152424
2024-12-14 00:15:00+00:00,99087.98211152424
2024-12-14 00:30:00+00:00,99087.98211152424
2024-12-14 00:45:00+00:00,99087.98211152424
2024-12-14 01:00:00+00:00,99087.98211152424
2024-12-14 01:15:00+00:00,99078.32850855442
2024-12-14 01:30:00+00:00,99071.54955907843
2024-12-14 01:45:00+00:00,99071.54955907843
2024-12-14 02:00:00+00:00,99071.54955907843
2024-12-14 02:15:00+00:00,99071.54955907843
2024-12-14 02:30:00+00:00,99071.54955907843
2024-12-14 02:45:00+00:00,99071.54955907843
2024-12-14 03:00:00+00:00,99071.54955907843
2024-12-14 03:15:00+00:00,99071.54955907843
2024-12-14 03:30:00+00:00,99071.54955907843
2024-12-14 03:45:00+00:00,99071.54955907843
2024-12-14 04:00:00+00:00,99071.54955907843
2024-12-14 04:15:00+00:00,99071.54955907843
2024-12-14 04:30:00+00:00,99071.54955907843
2024-12-14 04:45:00+00:00,99071.54955907843
2024-12-14 05:00:00+00:00,99071.54955907843
2024-12-14 05:15:00+00:00,99071.54955907843
2024-12-14 05:30:00+00:00,99071.54955907843
2024-12-14 05:45:00+00:00,99071.54955907843
2024-12-14 06:00:00+00:00,99071.54955907843
2024-12-14 06:15:00+00:00,99071.54955907843
2024-12-14 06:30:00+00:00,99071.54955907843
2024-12-14 06:45:00+00:00,99071.54955907843
2024-12-14 07:00:00+00:00,99071.54955907843
2024-12-14 07:15:00+00:00,99071.54955907843
2024-12-14 07:30:00+00:00,99071.54955907843
2024-12-14 07:45:00+00:00,99071.54955907843
2024-12-14 08:00:00+00:00,99071.54955907843
2024-12-14 08:15:00+00:00,99071.54955907843
2024-12-14 08:30:00+00:00,99071.54955907843
2024-12-14 08:45:00+00:00,99071.54955907843
2024-12-14 09:00:00+00:00,99071.54955907843
2024-12-14 09:15:00+00:00,99071.54955907843
2024-12-14 09:30:00+00:00,99071.54955907843
2024-12-14 09:45:00+00:00,99071.54955907843
2024-12-14 10:00:00+00:00,99071.54955907843
2024-12-14 10:15:00+00:00,99071.54955907843
2024-12-14 10:30:00+00:00,99071.54955907843
2024-12-14 10:45:00+00:00,99071.54955907843
2024-12-14 11:00:00+00:00,99071.54955907843
2024-12-14 11:15:00+00:00,99071.54955907843
2024-12-14 11:30:00+00:00,99071.54955907843
2024-12-14 11:45:00+00:00,99071.54955907843
2024-12-14 12:00:00+00:00,99071.54955907843
2024-12-14 12:15:00+00:00,99071.54955907843
2024-12-14 12:30:00+00:00,99071.54955907843
2024-12-14 12:45:00+00:00,99071.54955907843
2024-12-14 13:00:00+00:00,99071.54955907843
2024-12-14 13:15:00+00:00,99071.54955907843
2024-12-14 13:30:00+00:00,99071.54955907843
2024-12-14 13:45:00+00:00,99071.54955907843
2024-12-14 14:00:00+00:00,99071.54955907843
2024-12-14 14:15:00+00:00,99071.54955907843
2024-12-14 14:30:00+00:00,99071.54955907843
2024-12-14 14:45:00+00:00,99071.54955907843
2024-12-14 15:00:00+00:00,99071.54955907843
2024-12-14 15:15:00+00:00,99071.54955907843
2024-12-14 15:30:00+00:00,99071.54955907843
2024-12-14 15:45:00+00:00,99071.54955907843
2024-12-14 16:00:00+00:00,99071.54955907843
2024-12-14 16:15:00+00:00,99071.54955907843
2024-12-14 16:30:00+00:00,99071.54955907843
2024-12-14 16:45:00+00:00,99071.54955907843
2024-12-14 17:00:00+00:00,99071.54955907843
2024-12-14 17:15:00+00:00,99071.54955907843
2024-12-14 17:30:00+00:00,99071.54955907843
2024-12-14 17:45:00+00:00,99071.54955907843
2024-12-14 18:00:00+00:00,99071.54955907843
2024-12-14 18:15:00+00:00,99071.54955907843
2024-12-14 18:30:00+00:00,99071.54955907843
2024-12-14 18:45:00+00:00,99071.54955907843
2024-12-14 19:00:00+00:00,99071.54955907843
2024-12-14 19:15:00+00:00,99071.54955907843
2024-12-14 19:30:00+00:00,99071.54955907843
2024-12-14 19:45:00+00:00,99071.54955907843
2024-12-14 20:00:00+00:00,99071.54955907843
2024-12-14 20:15:00+00:00,99071.54955907843
2024-12-14 20:30:00+00:00,99071.54955907843
2024-12-14 20:45:00+00:00,99071.54955907843
2024-12-14 21:00:00+00:00,99071.54955907843
2024-12-14 21:15:00+00:00,99071.54955907843
2024-12-14 21:30:00+00:00,99071.54955907843
2024-12-14 21:45:00+00:00,99071.54955907843
2024-12-14 22:00:00+00:00,99071.54955907843
2024-12-14 22:15:00+00:00,99071.54955907843
2024-12-14 22:30:00+00:00,99071.54955907843
2024-12-14 22:45:00+00:00,99071.54955907843
2024-12-14 23:00:00+00:00,99071.54955907843
2024-12-14 23:15:00+00:00,99071.54955907843
2024-12-14 23:30:00+00:00,99071.54955907843
2024-12-14 23:45:00+00:00,99071.54955907843
2024-12-15 00:00:00+00:00,99071.54955907843
2024-12-15 00:15:00+00:00,99071.54955907843
2024-12-15 00:30:00+00:00,99071.54955907843
2024-12-15 00:45:00+00:00,99071.54955907843
2024-12-15 01:00:00+00:00,99071.54955907843
2024-12-15 01:15:00+00:00,99071.54955907843
2024-12-15 01:30:00+00:00,99071.54955907843
2024-12-15 01:45:00+00:00,99071.54955907843
2024-12-15 02:00:00+00:00,99071.54955907843
2024-12-15 02:15:00+00:00,99071.54955907843
2024-12-15 02:30:00+00:00,99071.54955907843
2024-12-15 02:45:00+00:00,99071.54955907843
2024-12-15 03:00:00+00:00,99071.54955907843
2024-12-15 03:15:00+00:00,99071.54955907843
2024-12-15 03:30:00+00:00,99071.54955907843
2024-12-15 03:45:00+00:00,99071.54955907843
2024-12-15 04:00:00+00:00,99071.54955907843
2024-12-15 04:15:00+00:00,99071.54955907843
2024-12-15 04:30:00+00:00,99071.54955907843
2024-12-15 04:45:00+00:00,99071.54955907843
2024-12-15 05:00:00+00:00,99071.54955907843
2024-12-15 05:15:00+00:00,99071.54955907843
2024-12-15 05:30:00+00:00,99071.54955907843
2024-12-15 05:45:00+00:00,99071.54955907843
2024-12-15 06:00:00+00:00,99071.54955907843
2024-12-15 06:15:00+00:00,99071.54955907843
2024-12-15 06:30:00+00:00,99071.54955907843
2024-12-15 06:45:00+00:00,99071.54955907843
2024-12-15 07:00:00+00:00,99071.54955907843
2024-12-15 07:15:00+00:00,99071.54955907843
2024-12-15 07:30:00+00:00,99071.54955907843
2024-12-15 07:45:00+00:00,99071.54955907843
2024-12-15 08:00:00+00:00,99071.54955907843
2024-12-15 08:15:00+00:00,99071.54955907843
2024-12-15 08:30:00+00:00,99071.54955907843
2024-12-15 08:45:00+00:00,99071.54955907843
2024-12-15 09:00:00+00:00,99071.54955907843
2024-12-15 09:15:00+00:00,99071.54955907843
2024-12-15 09:30:00+00:00,99071.54955907843
2024-12-15 09:45:00+00:00,99071.54955907843
2024-12-15 10:00:00+00:00,99071.54955907843
2024-12-15 10:15:00+00:00,99071.54955907843
2024-12-15 10:30:00+00:00,99071.54955907843
2024-12-15 10:45:00+00:00,99071.54955907843
2024-12-15 11:00:00+00:00,99071.54955907843
2024-12-15 11:15:00+00:00,99071.54955907843
2024-12-15 11:30:00+00:00,99071.54955907843
2024-12-15 11:45:00+00:00,99071.54955907843
2024-12-15 12:00:00+00:00,99071.54955907843
2024-12-15 12:15:00+00:00,99071.54955907843
2024-12-15 12:30:00+00:00,99071.54955907843
2024-12-15 12:45:00+00:00,99071.54955907843
2024-12-15 13:00:00+00:00,99071.54955907843
2024-12-15 13:15:00+00:00,99071.54955907843
2024-12-15 13:30:00+00:00,99071.54955907843
2024-12-15 13:45:00+00:00,99071.54955907843
2024-12-15 14:00:00+00:00,99071.54955907843
2024-12-15 14:15:00+00:00,99071.54955907843
2024-12-15 14:30:00+00:00,99071.54955907843
2024-12-15 14:45:00+00:00,99071.54955907843
2024-12-15 15:00:00+00:00,99071.54955907843
2024-12-15 15:15:00+00:00,99071.54955907843
2024-12-15 15:30:00+00:00,99071.54955907843
2024-12-15 15:45:00+00:00,99071.54955907843
2024-12-15 16:00:00+00:00,99071.54955907843
2024-12-15 16:15:00+00:00,99071.54955907843
2024-12-15 16:30:00+00:00,99071.54955907843
2024-12-15 16:45:00+00:00,99071.54955907843
2024-12-15 17:00:00+00:00,99071.54955907843
2024-12-15 17:15:00+00:00,99071.54955907843
2024-12-15 17:30:00+00:00,99071.54955907843
2024-12-15 17:45:00+00:00,99071.54955907843
2024-12-15 18:00:00+00:00,99071.54955907843
2024-12-15 18:15:00+00:00,99071.54955907843
2024-12-15 18:30:00+00:00,99071.54955907843
2024-12-15 18:45:00+00:00,99071.54955907843
2024-12-15 19:00:00+00:00,99071.54955907843
2024-12-15 19:15:00+00:00,99071.54955907843
2024-12-15 19:30:00+00:00,99071.54955907843
2024-12-15 19:45:00+00:00,99071.54955907843
2024-12-15 20:00:00+00:00,99071.54955907843
2024-12-15 20:15:00+00:00,99071.54955907843
2024-12-15 20:30:00+00:00,99071.54955907843
2024-12-15 20:45:00+00:00,99071.54955907843
2024-12-15 21:00:00+00:00,99071.54955907843
2024-12-15 21:15:00+00:00,99071.54955907843
2024-12-15 21:30:00+00:00,99071.54955907843
2024-12-15 21:45:00+00:00,99071.54955907843
2024-12-15 22:00:00+00:00,99071.54955907843
2024-12-15 22:15:00+00:00,99071.54955907843
2024-12-15 22:30:00+00:00,99071.54955907843
2024-12-15 22:45:00+00:00,99071.54955907843
2024-12-15 23:00:00+00:00,99071.54955907843
2024-12-15 23:15:00+00:00,99071.54955907843
2024-12-15 23:30:00+00:00,99071.54955907843
2024-12-15 23:45:00+00:00,99071.54955907843
2024-12-16 00:00:00+00:00,99071.54955907843
2024-12-16 00:15:00+00:00,99071.54955907843
2024-12-16 00:30:00+00:00,99071.54955907843
2024-12-16 00:45:00+00:00,99071.54955907843
2024-12-16 01:00:00+00:00,99071.54955907843
2024-12-16 01:15:00+00:00,99071.54955907843
2024-12-16 01:30:00+00:00,99071.54955907843
2024-12-16 01:45:00+00:00,99071.54955907843
2024-12-16 02:00:00+00:00,99071.54955907843
2024-12-16 02:15:00+00:00,99071.54955907843
2024-12-16 02:30:00+00:00,99071.54955907843
2024-12-16 02:45:00+00:00,99071.54955907843
2024-12-16 03:00:00+00:00,99071.54955907843
2024-12-16 03:15:00+00:00,99071.54955907843
2024-12-16 03:30:00+00:00,99071.54955907843
2024-12-16 03:45:00+00:00,99071.54955907843
2024-12-16 04:00:00+00:00,99071.54955907843
2024-12-16 04:15:00+00:00,99071.54955907843
2024-12-16 04:30:00+00:00,99071.54955907843
2024-12-16 04:45:00+00:00,99071.54955907843
2024-12-16 05:00:00+00:00,99071.54955907843
2024-12-16 05:15:00+00:00,99071.54955907843
2024-12-16 05:30:00+00:00,99071.54955907843
2024-12-16 05:45:00+00:00,99071.54955907843
2024-12-16 06:00:00+00:00,99071.54955907843
2024-12-16 06:15:00+00:00,99071.54955907843
2024-12-16 06:30:00+00:00,99071.54955907843
2024-12-16 06:45:00+00:00,99071.54955907843
2024-12-16 07:00:00+00:00,99071.54955907843
2024-12-16 07:15:00+00:00,99071.54955907843
2024-12-16 07:30:00+00:00,99071.54955907843
2024-12-16 07:45:00+00:00,99071.54955907843
2024-12-16 08:00:00+00:00,99071.54955907843
2024-12-16 08:15:00+00:00,99071.54955907843
2024-12-16 08:30:00+00:00,99071.54955907843
2024-12-16 08:45:00+00:00,99071.54955907843
2024-12-16 09:00:00+00:00,99071.54955907843
2024-12-16 09:15:00+00:00,99071.54955907843
2024-12-16 09:30:00+00:00,99071.54955907843
2024-12-16 09:45:00+00:00,99071.54955907843
2024-12-16 10:00:00+00:00,99071.54955907843
2024-12-16 10:15:00+00:00,99071.54955907843
2024-12-16 10:30:00+00:00,99071.54955907843
2024-12-16 10:45:00+00:00,99071.54955907843
2024-12-16 11:00:00+00:00,99071.54955907843
2024-12-16 11:15:00+00:00,99071.54955907843
2024-12-16 11:30:00+00:00,99071.54955907843
2024-12-16 11:45:00+00:00,99071.54955907843
2024-12-16 12:00:00+00:00,99071.54955907843
2024-12-16 12:15:00+00:00,99071.54955907843
2024-12-16 12:30:00+00:00,99071.54955907843
2024-12-16 12:45:00+00:00,99071.54955907843
2024-12-16 13:00:00+00:00,99071.54955907843
2024-12-16 13:15:00+00:00,99071.54955907843
2024-12-16 13:30:00+00:00,99071.54955907843
2024-12-16 13:45:00+00:00,99071.54955907843
2024-12-16 14:00:00+00:00,99071.54955907843
2024-12-16 14:15:00+00:00,99071.54955907843
2024-12-16 14:30:00+00:00,99071.54955907843
2024-12-16 14:45:00+00:00,99071.54955907843
2024-12-16 15:00:00+00:00,99071.54955907843
2024-12-16 15:15:00+00:00,99071.54955907843
2024-12-16 15:30:00+00:00,99071.54955907843
2024-12-16 15:45:00+00:00,99071.54955907843
2024-12-16 16:00:00+00:00,99071.54955907843
2024-12-16 16:15:00+00:00,99071.54955907843
2024-12-16 16:30:00+00:00,99071.54955907843
2024-12-16 16:45:00+00:00,99071.54955907843
2024-12-16 17:00:00+00:00,99071.54955907843
2024-12-16 17:15:00+00:00,99071.54955907843
2024-12-16 17:30:00+00:00,99071.54955907843
2024-12-16 17:45:00+00:00,99071.54955907843
2024-12-16 18:00:00+00:00,99071.54955907843
2024-12-16 18:15:00+00:00,99071.54955907843
2024-12-16 18:30:00+00:00,99071.54955907843
2024-12-16 18:45:00+00:00,99071.54955907843
2024-12-16 19:00:00+00:00,99071.54955907843
2024-12-16 19:15:00+00:00,99071.54955907843
2024-12-16 19:30:00+00:00,99071.54955907843
2024-12-16 19:45:00+00:00,99071.54955907843
2024-12-16 20:00:00+00:00,99071.54955907843
2024-12-16 20:15:00+00:00,99071.54955907843
2024-12-16 20:30:00+00:00,99071.54955907843
2024-12-16 20:45:00+00:00,99071.54955907843
2024-12-16 21:00:00+00:00,99071.54955907843
2024-12-16 21:15:00+00:00,99071.54955907843
2024-12-16 21:30:00+00:00,99071.54955907843
2024-12-16 21:45:00+00:00,99071.54955907843
2024-12-16 22:00:00+00:00,99071.54955907843
2024-12-16 22:15:00+00:00,99071.54955907843
2024-12-16 22:30:00+00:00,99071.54955907843
2024-12-16 22:45:00+00:00,99071.54955907843
2024-12-16 23:00:00+00:00,99071.54955907843
2024-12-16 23:15:00+00:00,99071.54955907843
2024-12-16 23:30:00+00:00,99071.54955907843
2024-12-16 23:45:00+00:00,99071.54955907843
2024-12-17 00:00:00+00:00,99071.54955907843
2024-12-17 00:15:00+00:00,99071.54955907843
2024-12-17 00:30:00+00:00,99071.54955907843
2024-12-17 00:45:00+00:00,99071.54955907843
2024-12-17 01:00:00+00:00,99071.54955907843
2024-12-17 01:15:00+00:00,99071.54955907843
2024-12-17 01:30:00+00:00,99071.54955907843
2024-12-17 01:45:00+00:00,99071.54955907843
2024-12-17 02:00:00+00:00,99071.54955907843
2024-12-17 02:15:00+00:00,99071.54955907843
2024-12-17 02:30:00+00:00,99071.54955907843
2024-12-17 02:45:00+00:00,99071.54955907843
2024-12-17 03:00:00+00:00,99071.54955907843
2024-12-17 03:15:00+00:00,99071.54955907843
2024-12-17 03:30:00+00:00,99071.54955907843
2024-12-17 03:45:00+00:00,99071.54955907843
2024-12-17 04:00:00+00:00,99071.54955907843
2024-12-17 04:15:00+00:00,99071.54955907843
2024-12-17 04:30:00+00:00,99071.54955907843
2024-12-17 04:45:00+00:00,99071.54955907843
2024-12-17 05:00:00+00:00,99071.54955907843
2024-12-17 05:15:00+00:00,99071.54955907843
2024-12-17 05:30:00+00:00,99071.54955907843
2024-12-17 05:45:00+00:00,99071.54955907843
2024-12-17 06:00:00+00:00,99071.54955907843
2024-12-17 06:15:00+00:00,99071.54955907843
2024-12-17 06:30:00+00:00,99071.54955907843
2024-12-17 06:45:00+00:00,99071.54955907843
2024-12-17 07:00:00+00:00,99071.54955907843
2024-12-17 07:15:00+00:00,99071.54955907843
2024-12-17 07:30:00+00:00,99071.54955907843
2024-12-17 07:45:00+00:00,99071.54955907843
2024-12-17 08:00:00+00:00,99071.54955907843
2024-12-17 08:15:00+00:00,99071.54955907843
2024-12-17 08:30:00+00:00,99071.54955907843
2024-12-17 08:45:00+00:00,99071.54955907843
2024-12-17 09:00:00+00:00,99071.54955907843
2024-12-17 09:15:00+00:00,99071.54955907843
2024-12-17 09:30:00+00:00,99071.54955907843
2024-12-17 09:45:00+00:00,99071.54955907843
2024-12-17 10:00:00+00:00,99071.54955907843
2024-12-17 10:15:00+00:00,99071.54955907843
2024-12-17 10:30:00+00:00,99071.54955907843
2024-12-17 10:45:00+00:00,99071.54955907843
2024-12-17 11:00:00+00:00,99071.54955907843
2024-12-17 11:15:00+00:00,99071.54955907843
2024-12-17 11:30:00+00:00,99071.54955907843
2024-12-17 11:45:00+00:00,99071.54955907843
2024-12-17 12:00:00+00:00,99071.54955907843
2024-12-17 12:15:00+00:00,99071.54955907843
2024-12-17 12:30:00+00:00,99071.54955907843
2024-12-17 12:45:00+00:00,99071.54955907843
2024-12-17 13:00:00+00:00,99071.54955907843
2024-12-17 13:15:00+00:00,99071.54955907843
2024-12-17 13:30:00+00:00,99071.54955907843
2024-12-17 13:45:00+00:00,99071.54955907843
2024-12-17 14:00:00+00:00,99071.54955907843
2024-12-17 14:15:00+00:00,99071.54955907843
2024-12-17 14:30:00+00:00,99071.54955907843
2024-12-17 14:45:00+00:00,99071.54955907843
2024-12-17 15:00:00+00:00,99071.54955907843
2024-12-17 15:15:00+00:00,99071.54955907843
2024-12-17 15:30:00+00:00,99071.54955907843
2024-12-17 15:45:00+00:00,99071.54955907843
2024-12-17 16:00:00+00:00,99071.54955907843
2024-12-17 16:15:00+00:00,99071.54955907843
2024-12-17 16:30:00+00:00,99071.54955907843
2024-12-17 16:45:00+00:00,99071.54955907843
2024-12-17 17:00:00+00:00,99071.54955907843
2024-12-17 17:15:00+00:00,99071.54955907843
2024-12-17 17:30:00+00:00,99071.54955907843
2024-12-17 17:45:00+00:00,99071.54955907843
2024-12-17 18:00:00+00:00,99071.54955907843
2024-12-17 18:15:00+00:00,99071.54955907843
2024-12-17 18:30:00+00:00,99071.54955907843
2024-12-17 18:45:00+00:00,99071.54955907843
2024-12-17 19:00:00+00:00,99071.54955907843
2024-12-17 19:15:00+00:00,99071.54955907843
2024-12-17 19:30:00+00:00,99071.54955907843
2024-12-17 19:45:00+00:00,99071.54955907843
2024-12-17 20:00:00+00:00,99071.54955907843
2024-12-17 20:15:00+00:00,99071.54955907843
2024-12-17 20:30:00+00:00,99071.54955907843
2024-12-17 20:45:00+00:00,99071.54955907843
2024-12-17 21:00:00+00:00,99071.54955907843
2024-12-17 21:15:00+00:00,99071.54955907843
2024-12-17 21:30:00+00:00,99071.54955907843
2024-12-17 21:45:00+00:00,99071.54955907843
2024-12-17 22:00:00+00:00,99071.54955907843
2024-12-17 22:15:00+00:00,99071.54955907843
2024-12-17 22:30:00+00:00,99071.54955907843
2024-12-17 22:45:00+00:00,99071.54955907843
2024-12-17 23:00:00+00:00,99071.54955907843
2024-12-17 23:15:00+00:00,99071.54955907843
2024-12-17 23:30:00+00:00,99071.54955907843
2024-12-17 23:45:00+00:00,99071.54955907843
2024-12-18 00:00:00+00:00,99071.54955907843
2024-12-18 00:15:00+00:00,99066.90931521777
2024-12-18 00:30:00+00:00,99055.80404783902
2024-12-18 00:45:00+00:00,99055.80404783902
2024-12-18 01:00:00+00:00,99055.80404783902
2024-12-18 01:15:00+00:00,99055.80404783902
2024-12-18 01:30:00+00:00,99055.80404783902
2024-12-18 01:45:00+00:00,99055.80404783902
2024-12-18 02:00:00+00:00,99055.80404783902
2024-12-18 02:15:00+00:00,99055.80404783902
2024-12-18 02:30:00+00:00,99055.80404783902
2024-12-18 02:45:00+00:00,99055.80404783902
2024-12-18 03:00:00+00:00,99055.80404783902
2024-12-18 03:15:00+00:00,99055.80404783902
2024-12-18 03:30:00+00:00,99055.80404783902
2024-12-18 03:45:00+00:00,99055.80404783902
2024-12-18 04:00:00+00:00,99055.80404783902
2024-12-18 04:15:00+00:00,99055.80404783902
2024-12-18 04:30:00+00:00,99055.80404783902
2024-12-18 04:45:00+00:00,99055.80404783902
2024-12-18 05:00:00+00:00,99055.80404783902
2024-12-18 05:15:00+00:00,99055.80404783902
2024-12-18 05:30:00+00:00,99055.80404783902
2024-12-18 05:45:00+00:00,99055.80404783902
2024-12-18 06:00:00+00:00,99055.80404783902
2024-12-18 06:15:00+00:00,99055.80404783902
2024-12-18 06:30:00+00:00,99055.80404783902
2024-12-18 06:45:00+00:00,99055.80404783902
2024-12-18 07:00:00+00:00,99055.80404783902
2024-12-18 07:15:00+00:00,99055.80404783902
2024-12-18 07:30:00+00:00,99055.80404783902
2024-12-18 07:45:00+00:00,99055.80404783902
2024-12-18 08:00:00+00:00,99055.80404783902
2024-12-18 08:15:00+00:00,99055.80404783902
2024-12-18 08:30:00+00:00,99055.80404783902
2024-12-18 08:45:00+00:00,99055.80404783902
2024-12-18 09:00:00+00:00,99055.80404783902
2024-12-18 09:15:00+00:00,99055.80404783902
2024-12-18 09:30:00+00:00,99055.80404783902
2024-12-18 09:45:00+00:00,99055.80404783902
2024-12-18 10:00:00+00:00,99055.80404783902
2024-12-18 10:15:00+00:00,99055.80404783902
2024-12-18 10:30:00+00:00,99055.80404783902
2024-12-18 10:45:00+00:00,99055.80404783902
2024-12-18 11:00:00+00:00,99055.80404783902
2024-12-18 11:15:00+00:00,99055.80404783902
2024-12-18 11:30:00+00:00,99055.80404783902
2024-12-18 11:45:00+00:00,99055.80404783902
2024-12-18 12:00:00+00:00,99055.80404783902
2024-12-18 12:15:00+00:00,99055.80404783902
2024-12-18 12:30:00+00:00,99055.80404783902
2024-12-18 12:45:00+00:00,99055.80404783902
2024-12-18 13:00:00+00:00,99055.80404783902
2024-12-18 13:15:00+00:00,99055.80404783902
2024-12-18 13:30:00+00:00,99055.80404783902
2024-12-18 13:45:00+00:00,99055.80404783902
2024-12-18 14:00:00+00:00,99055.80404783902
2024-12-18 14:15:00+00:00,99055.80404783902
2024-12-18 14:30:00+00:00,99055.80404783902
2024-12-18 14:45:00+00:00,99055.80404783902
2024-12-18 15:00:00+00:00,99055.80404783902
2024-12-18 15:15:00+00:00,99055.80404783902
2024-12-18 15:30:00+00:00,99055.80404783902
2024-12-18 15:45:00+00:00,99055.80404783902
2024-12-18 16:00:00+00:00,99055.80404783902
2024-12-18 16:15:00+00:00,99055.80404783902
2024-12-18 16:30:00+00:00,99055.80404783902
2024-12-18 16:45:00+00:00,99055.80404783902
2024-12-18 17:00:00+00:00,99055.80404783902
2024-12-18 17:15:00+00:00,99055.80404783902
2024-12-18 17:30:00+00:00,99055.80404783902
2024-12-18 17:45:00+00:00,99055.80404783902
2024-12-18 18:00:00+00:00,99055.80404783902
2024-12-18 18:15:00+00:00,99055.80404783902
2024-12-18 18:30:00+00:00,99055.80404783902
2024-12-18 18:45:00+00:00,99055.80404783902
2024-12-18 19:00:00+00:00,99055.80404783902
2024-12-18 19:15:00+00:00,99055.80404783902
2024-12-18 19:30:00+00:00,99055.80404783902
2024-12-18 19:45:00+00:00,99055.80404783902
2024-12-18 20:00:00+00:00,99055.80404783902
2024-12-18 20:15:00+00:00,99055.80404783902
2024-12-18 20:30:00+00:00,99055.80404783902
2024-12-18 20:45:00+00:00,99055.80404783902
2024-12-18 21:00:00+00:00,99055.80404783902
2024-12-18 21:15:00+00:00,99055.80404783902
2024-12-18 21:30:00+00:00,99055.80404783902
2024-12-18 21:45:00+00:00,99055.80404783902
2024-12-18 22:00:00+00:00,99055.80404783902
2024-12-18 22:15:00+00:00,99055.80404783902
2024-12-18 22:30:00+00:00,99055.80404783902
2024-12-18 22:45:00+00:00,99055.80404783902
2024-12-18 23:00:00+00:00,99055.80404783902
2024-12-18 23:15:00+00:00,99055.80404783902
2024-12-18 23:30:00+00:00,99055.80404783902
2024-12-18 23:45:00+00:00,99055.80404783902
2024-12-19 00:00:00+00:00,99055.80404783902
2024-12-19 00:15:00+00:00,99055.80404783902
2024-12-19 00:30:00+00:00,99055.80404783902
2024-12-19 00:45:00+00:00,99055.80404783902
2024-12-19 01:00:00+00:00,99055.80404783902
2024-12-19 01:15:00+00:00,99055.80404783902
2024-12-19 01:30:00+00:00,99055.80404783902
2024-12-19 01:45:00+00:00,99055.80404783902
2024-12-19 02:00:00+00:00,99055.80404783902
2024-12-19 02:15:00+00:00,99055.80404783902
2024-12-19 02:30:00+00:00,99055.80404783902
2024-12-19 02:45:00+00:00,99055.80404783902
2024-12-19 03:00:00+00:00,99055.80404783902
2024-12-19 03:15:00+00:00,99055.80404783902
2024-12-19 03:30:00+00:00,99055.80404783902
2024-12-19 03:45:00+00:00,99055.80404783902
2024-12-19 04:00:00+00:00,99055.80404783902
2024-12-19 04:15:00+00:00,99055.80404783902
2024-12-19 04:30:00+00:00,99055.80404783902
2024-12-19 04:45:00+00:00,99055.80404783902
2024-12-19 05:00:00+00:00,99055.80404783902
2024-12-19 05:15:00+00:00,99055.80404783902
2024-12-19 05:30:00+00:00,99055.80404783902
2024-12-19 05:45:00+00:00,99055.80404783902
2024-12-19 06:00:00+00:00,99055.80404783902
2024-12-19 06:15:00+00:00,99055.80404783902
2024-12-19 06:30:00+00:00,99055.80404783902
2024-12-19 06:45:00+00:00,99055.80404783902
2024-12-19 07:00:00+00:00,99055.80404783902
2024-12-19 07:15:00+00:00,99055.80404783902
2024-12-19 07:30:00+00:00,99055.80404783902
2024-12-19 07:45:00+00:00,99055.80404783902
2024-12-19 08:00:00+00:00,99055.80404783902
2024-12-19 08:15:00+00:00,99055.80404783902
2024-12-19 08:30:00+00:00,99055.80404783902
2024-12-19 08:45:00+00:00,99055.80404783902
2024-12-19 09:00:00+00:00,99055.80404783902
2024-12-19 09:15:00+00:00,99055.80404783902
2024-12-19 09:30:00+00:00,99055.80404783902
2024-12-19 09:45:00+00:00,99055.80404783902
2024-12-19 10:00:00+00:00,99055.80404783902
2024-12-19 10:15:00+00:00,99055.80404783902
2024-12-19 10:30:00+00:00,99055.80404783902
2024-12-19 10:45:00+00:00,99055.80404783902
2024-12-19 11:00:00+00:00,99055.80404783902
2024-12-19 11:15:00+00:00,99055.80404783902
2024-12-19 11:30:00+00:00,99055.80404783902
2024-12-19 11:45:00+00:00,99055.80404783902
2024-12-19 12:00:00+00:00,99055.80404783902
2024-12-19 12:15:00+00:00,99055.80404783902
2024-12-19 12:30:00+00:00,99055.80404783902
2024-12-19 12:45:00+00:00,99055.80404783902
2024-12-19 13:00:00+00:00,99055.80404783902
2024-12-19 13:15:00+00:00,99055.80404783902
2024-12-19 13:30:00+00:00,99055.80404783902
2024-12-19 13:45:00+00:00,99055.80404783902
2024-12-19 14:00:00+00:00,99055.80404783902
2024-12-19 14:15:00+00:00,99055.80404783902
2024-12-19 14:30:00+00:00,99055.80404783902
2024-12-19 14:45:00+00:00,99055.80404783902
2024-12-19 15:00:00+00:00,99055.80404783902
2024-12-19 15:15:00+00:00,99055.80404783902
2024-12-19 15:30:00+00:00,99055.80404783902
2024-12-19 15:45:00+00:00,99055.80404783902
2024-12-19 16:00:00+00:00,99055.80404783902
2024-12-19 16:15:00+00:00,99055.80404783902
2024-12-19 16:30:00+00:00,99055.80404783902
2024-12-19 16:45:00+00:00,99055.80404783902
2024-12-19 17:00:00+00:00,99055.80404783902
2024-12-19 17:15:00+00:00,99055.80404783902
2024-12-19 17:30:00+00:00,99055.80404783902
2024-12-19 17:45:00+00:00,99055.80404783902
2024-12-19 18:00:00+00:00,99055.80404783902
2024-12-19 18:15:00+00:00,99055.80404783902
2024-12-19 18:30:00+00:00,99055.80404783902
2024-12-19 18:45:00+00:00,99055.80404783902
2024-12-19 19:00:00+00:00,99055.80404783902
2024-12-19 19:15:00+00:00,99055.80404783902
2024-12-19 19:30:00+00:00,99055.80404783902
2024-12-19 19:45:00+00:00,99055.80404783902
2024-12-19 20:00:00+00:00,99055.80404783902
2024-12-19 20:15:00+00:00,99055.80404783902
2024-12-19 20:30:00+00:00,99055.80404783902
2024-12-19 20:45:00+00:00,99055.80404783902
2024-12-19 21:00:00+00:00,99055.80404783902
2024-12-19 21:15:00+00:00,99055.80404783902
2024-12-19 21:30:00+00:00,99055.80404783902
2024-12-19 21:45:00+00:00,99055.80404783902
2024-12-19 22:00:00+00:00,99055.80404783902
2024-12-19 22:15:00+00:00,99055.80404783902
2024-12-19 22:30:00+00:00,99055.80404783902
2024-12-19 22:45:00+00:00,99055.80404783902
2024-12-19 23:00:00+00:00,99055.80404783902
2024-12-19 23:15:00+00:00,99055.80404783902
2024-12-19 23:30:00+00:00,99055.80404783902
2024-12-19 23:45:00+00:00,99055.80404783902
2024-12-20 00:00:00+00:00,99055.80404783902
2024-12-20 00:15:00+00:00,99055.80404783902
2024-12-20 00:30:00+00:00,99055.80404783902
2024-12-20 00:45:00+00:00,99055.80404783902
2024-12-20 01:00:00+00:00,99055.80404783902
2024-12-20 01:15:00+00:00,99055.80404783902
2024-12-20 01:30:00+00:00,99055.80404783902
2024-12-20 01:45:00+00:00,99055.80404783902
2024-12-20 02:00:00+00:00,99055.80404783902
2024-12-20 02:15:00+00:00,99055.80404783902
2024-12-20 02:30:00+00:00,99055.80404783902
2024-12-20 02:45:00+00:00,99055.80404783902
2024-12-20 03:00:00+00:00,99055.80404783902
2024-12-20 03:15:00+00:00,99055.80404783902
2024-12-20 03:30:00+00:00,99055.80404783902
2024-12-20 03:45:00+00:00,99055.80404783902
2024-12-20 04:00:00+00:00,99055.80404783902
2024-12-20 04:15:00+00:00,99055.80404783902
2024-12-20 04:30:00+00:00,99055.80404783902
2024-12-20 04:45:00+00:00,99055.80404783902
2024-12-20 05:00:00+00:00,99055.80404783902
2024-12-20 05:15:00+00:00,99055.80404783902
2024-12-20 05:30:00+00:00,99055.80404783902
2024-12-20 05:45:00+00:00,99055.80404783902
2024-12-20 06:00:00+00:00,99055.80404783902
2024-12-20 06:15:00+00:00,99055.80404783902
2024-12-20 06:30:00+00:00,99055.80404783902
2024-12-20 06:45:00+00:00,99055.80404783902
2024-12-20 07:00:00+00:00,99055.80404783902
2024-12-20 07:15:00+00:00,99055.80404783902
2024-12-20 07:30:00+00:00,99055.80404783902
2024-12-20 07:45:00+00:00,99055.80404783902
2024-12-20 08:00:00+00:00,99055.80404783902
2024-12-20 08:15:00+00:00,99055.80404783902
2024-12-20 08:30:00+00:00,99055.80404783902
2024-12-20 08:45:00+00:00,99055.80404783902
2024-12-20 09:00:00+00:00,99055.80404783902
2024-12-20 09:15:00+00:00,99055.80404783902
2024-12-20 09:30:00+00:00,99055.80404783902
2024-12-20 09:45:00+00:00,99055.80404783902
2024-12-20 10:00:00+00:00,99055.80404783902
2024-12-20 10:15:00+00:00,99055.80404783902
2024-12-20 10:30:00+00:00,99055.80404783902
2024-12-20 10:45:00+00:00,99055.80404783902
2024-12-20 11:00:00+00:00,99055.80404783902
2024-12-20 11:15:00+00:00,99055.80404783902
2024-12-20 11:30:00+00:00,99055.80404783902
2024-12-20 11:45:00+00:00,99055.80404783902
2024-12-20 12:00:00+00:00,99055.80404783902
2024-12-20 12:15:00+00:00,99055.80404783902
2024-12-20 12:30:00+00:00,99055.80404783902
2024-12-20 12:45:00+00:00,99055.80404783902
2024-12-20 13:00:00+00:00,99055.80404783902
2024-12-20 13:15:00+00:00,99055.80404783902
2024-12-20 13:30:00+00:00,99055.80404783902
2024-12-20 13:45:00+00:00,99055.80404783902
2024-12-20 14:00:00+00:00,99055.80404783902
2024-12-20 14:15:00+00:00,99055.80404783902
2024-12-20 14:30:00+00:00,99055.80404783902
2024-12-20 14:45:00+00:00,99055.80404783902
2024-12-20 15:00:00+00:00,99055.80404783902
2024-12-20 15:15:00+00:00,99055.80404783902
2024-12-20 15:30:00+00:00,99055.80404783902
2024-12-20 15:45:00+00:00,99055.80404783902
2024-12-20 16:00:00+00:00,99055.80404783902
2024-12-20 16:15:00+00:00,99055.80404783902
2024-12-20 16:30:00+00:00,99055.80404783902
2024-12-20 16:45:00+00:00,99055.80404783902
2024-12-20 17:00:00+00:00,99055.80404783902
2024-12-20 17:15:00+00:00,99055.80404783902
2024-12-20 17:30:00+00:00,99055.80404783902
2024-12-20 17:45:00+00:00,99055.80404783902
2024-12-20 18:00:00+00:00,99055.80404783902
2024-12-20 18:15:00+00:00,99055.80404783902
2024-12-20 18:30:00+00:00,99055.80404783902
2024-12-20 18:45:00+00:00,99055.80404783902
2024-12-20 19:00:00+00:00,99055.80404783902
2024-12-20 19:15:00+00:00,99055.80404783902
2024-12-20 19:30:00+00:00,99055.80404783902
2024-12-20 19:45:00+00:00,99055.80404783902
2024-12-20 20:00:00+00:00,99055.80404783902
2024-12-20 20:15:00+00:00,99055.80404783902
2024-12-20 20:30:00+00:00,99055.80404783902
2024-12-20 20:45:00+00:00,99055.80404783902
2024-12-20 21:00:00+00:00,99055.80404783902
2024-12-20 21:15:00+00:00,99055.80404783902
2024-12-20 21:30:00+00:00,99055.80404783902
2024-12-20 21:45:00+00:00,99055.80404783902
2024-12-20 22:00:00+00:00,99055.80404783902
2024-12-20 22:15:00+00:00,99055.80404783902
2024-12-20 22:30:00+00:00,99055.80404783902
2024-12-20 22:45:00+00:00,99055.80404783902
2024-12-20 23:00:00+00:00,99055.80404783902
2024-12-20 23:15:00+00:00,99055.80404783902
2024-12-20 23:30:00+00:00,99055.80404783902
2024-12-20 23:45:00+00:00,99055.80404783902
2024-12-21 00:00:00+00:00,99055.80404783902
2024-12-21 00:15:00+00:00,99058.59855482355
2024-12-21 00:30:00+00:00,99057.86508933995
2024-12-21 00:45:00+00:00,99054.23380969865
2024-12-21 01:00:00+00:00,99053.24870902862
2024-12-21 01:15:00+00:00,99054.95389116413
2024-12-21 01:30:00+00:00,99056.25393216047
2024-12-21 01:45:00+00:00,99056.80178030644
2024-12-21 02:00:00+00:00,99057.66331207874
2024-12-21 02:15:00+00:00,99053.44089761552
2024-12-21 02:30:00+00:00,99053.44089761552
2024-12-21 02:45:00+00:00,99053.44089761552
2024-12-21 03:00:00+00:00,99053.44089761552
2024-12-21 03:15:00+00:00,99053.44089761552
2024-12-21 03:30:00+00:00,99053.44089761552
2024-12-21 03:45:00+00:00,99053.44089761552
2024-12-21 04:00:00+00:00,99053.44089761552
2024-12-21 04:15:00+00:00,99053.44089761552
2024-12-21 04:30:00+00:00,99053.44089761552
2024-12-21 04:45:00+00:00,99053.44089761552
2024-12-21 05:00:00+00:00,99053.44089761552
2024-12-21 05:15:00+00:00,99053.44089761552
2024-12-21 05:30:00+00:00,99053.44089761552
2024-12-21 05:45:00+00:00,99053.44089761552
2024-12-21 06:00:00+00:00,99053.44089761552
2024-12-21 06:15:00+00:00,99053.44089761552
2024-12-21 06:30:00+00:00,99053.44089761552
2024-12-21 06:45:00+00:00,99053.44089761552
2024-12-21 07:00:00+00:00,99053.44089761552
2024-12-21 07:15:00+00:00,99053.44089761552
2024-12-21 07:30:00+00:00,99053.44089761552
2024-12-21 07:45:00+00:00,99053.44089761552
2024-12-21 08:00:00+00:00,99053.44089761552
2024-12-21 08:15:00+00:00,99053.44089761552
2024-12-21 08:30:00+00:00,99053.44089761552
2024-12-21 08:45:00+00:00,99053.44089761552
2024-12-21 09:00:00+00:00,99053.44089761552
2024-12-21 09:15:00+00:00,99053.44089761552
2024-12-21 09:30:00+00:00,99053.44089761552
2024-12-21 09:45:00+00:00,99053.44089761552
2024-12-21 10:00:00+00:00,99053.44089761552
2024-12-21 10:15:00+00:00,99053.44089761552
2024-12-21 10:30:00+00:00,99053.44089761552
2024-12-21 10:45:00+00:00,99053.44089761552
2024-12-21 11:00:00+00:00,99053.44089761552
2024-12-21 11:15:00+00:00,99053.44089761552
2024-12-21 11:30:00+00:00,99053.44089761552
2024-12-21 11:45:00+00:00,99053.44089761552
2024-12-21 12:00:00+00:00,99053.44089761552
2024-12-21 12:15:00+00:00,99053.44089761552
2024-12-21 12:30:00+00:00,99053.44089761552
2024-12-21 12:45:00+00:00,99053.44089761552
2024-12-21 13:00:00+00:00,99053.44089761552
2024-12-21 13:15:00+00:00,99053.44089761552
2024-12-21 13:30:00+00:00,99053.44089761552
2024-12-21 13:45:00+00:00,99053.44089761552
2024-12-21 14:00:00+00:00,99053.44089761552
2024-12-21 14:15:00+00:00,99053.44089761552
2024-12-21 14:30:00+00:00,99053.44089761552
2024-12-21 14:45:00+00:00,99053.44089761552
2024-12-21 15:00:00+00:00,99053.44089761552
2024-12-21 15:15:00+00:00,99053.44089761552
2024-12-21 15:30:00+00:00,99053.44089761552
2024-12-21 15:45:00+00:00,99053.44089761552
2024-12-21 16:00:00+00:00,99053.44089761552
2024-12-21 16:15:00+00:00,99053.44089761552
2024-12-21 16:30:00+00:00,99053.44089761552
2024-12-21 16:45:00+00:00,99053.44089761552
2024-12-21 17:00:00+00:00,99053.44089761552
2024-12-21 17:15:00+00:00,99053.44089761552
2024-12-21 17:30:00+00:00,99053.44089761552
2024-12-21 17:45:00+00:00,99053.44089761552
2024-12-21 18:00:00+00:00,99053.44089761552
2024-12-21 18:15:00+00:00,99053.44089761552
2024-12-21 18:30:00+00:00,99053.44089761552
2024-12-21 18:45:00+00:00,99053.44089761552
2024-12-21 19:00:00+00:00,99053.44089761552
2024-12-21 19:15:00+00:00,99053.44089761552
2024-12-21 19:30:00+00:00,99053.44089761552
2024-12-21 19:45:00+00:00,99053.44089761552
2024-12-21 20:00:00+00:00,99053.44089761552
2024-12-21 20:15:00+00:00,99053.44089761552
2024-12-21 20:30:00+00:00,99053.44089761552
2024-12-21 20:45:00+00:00,99053.44089761552
2024-12-21 21:00:00+00:00,99053.44089761552
2024-12-21 21:15:00+00:00,99053.44089761552
2024-12-21 21:30:00+00:00,99053.44089761552
2024-12-21 21:45:00+00:00,99053.44089761552
2024-12-21 22:00:00+00:00,99053.44089761552
2024-12-21 22:15:00+00:00,99053.44089761552
2024-12-21 22:30:00+00:00,99053.44089761552
2024-12-21 22:45:00+00:00,99053.44089761552
2024-12-21 23:00:00+00:00,99053.44089761552
2024-12-21 23:15:00+00:00,99053.44089761552
2024-12-21 23:30:00+00:00,99053.44089761552
2024-12-21 23:45:00+00:00,99053.44089761552
2024-12-22 00:00:00+00:00,99053.44089761552
2024-12-22 00:15:00+00:00,99053.44089761552
2024-12-22 00:30:00+00:00,99053.44089761552
2024-12-22 00:45:00+00:00,99053.44089761552
2024-12-22 01:00:00+00:00,99053.44089761552
2024-12-22 01:15:00+00:00,99053.44089761552
2024-12-22 01:30:00+00:00,99053.44089761552
2024-12-22 01:45:00+00:00,99053.44089761552
2024-12-22 02:00:00+00:00,99053.44089761552
2024-12-22 02:15:00+00:00,99053.44089761552
2024-12-22 02:30:00+00:00,99053.44089761552
2024-12-22 02:45:00+00:00,99053.44089761552
2024-12-22 03:00:00+00:00,99053.44089761552
2024-12-22 03:15:00+00:00,99053.44089761552
2024-12-22 03:30:00+00:00,99053.44089761552
2024-12-22 03:45:00+00:00,99053.44089761552
2024-12-22 04:00:00+00:00,99053.44089761552
2024-12-22 04:15:00+00:00,99053.44089761552
2024-12-22 04:30:00+00:00,99053.44089761552
2024-12-22 04:45:00+00:00,99053.44089761552
2024-12-22 05:00:00+00:00,99053.44089761552
2024-12-22 05:15:00+00:00,99053.44089761552
2024-12-22 05:30:00+00:00,99053.44089761552
2024-12-22 05:45:00+00:00,99053.44089761552
2024-12-22 06:00:00+00:00,99053.44089761552
2024-12-22 06:15:00+00:00,99053.44089761552
2024-12-22 06:30:00+00:00,99053.44089761552
2024-12-22 06:45:00+00:00,99053.44089761552
2024-12-22 07:00:00+00:00,99053.44089761552
2024-12-22 07:15:00+00:00,99053.44089761552
2024-12-22 07:30:00+00:00,99053.44089761552
2024-12-22 07:45:00+00:00,99053.44089761552
2024-12-22 08:00:00+00:00,99053.44089761552
2024-12-22 08:15:00+00:00,99053.44089761552
2024-12-22 08:30:00+00:00,99053.44089761552
2024-12-22 08:45:00+00:00,99053.44089761552
2024-12-22 09:00:00+00:00,99053.44089761552
2024-12-22 09:15:00+00:00,99053.44089761552
2024-12-22 09:30:00+00:00,99053.44089761552
2024-12-22 09:45:00+00:00,99053.44089761552
2024-12-22 10:00:00+00:00,99053.44089761552
2024-12-22 10:15:00+00:00,99053.44089761552
2024-12-22 10:30:00+00:00,99053.44089761552
2024-12-22 10:45:00+00:00,99053.44089761552
2024-12-22 11:00:00+00:00,99053.44089761552
2024-12-22 11:15:00+00:00,99053.44089761552
2024-12-22 11:30:00+00:00,99053.44089761552
2024-12-22 11:45:00+00:00,99053.44089761552
2024-12-22 12:00:00+00:00,99053.44089761552
2024-12-22 12:15:00+00:00,99053.44089761552
2024-12-22 12:30:00+00:00,99053.44089761552
2024-12-22 12:45:00+00:00,99053.44089761552
2024-12-22 13:00:00+00:00,99053.44089761552
2024-12-22 13:15:00+00:00,99053.44089761552
2024-12-22 13:30:00+00:00,99053.44089761552
2024-12-22 13:45:00+00:00,99053.44089761552
2024-12-22 14:00:00+00:00,99053.44089761552
2024-12-22 14:15:00+00:00,99053.44089761552
2024-12-22 14:30:00+00:00,99053.44089761552
2024-12-22 14:45:00+00:00,99053.44089761552
2024-12-22 15:00:00+00:00,99053.44089761552
2024-12-22 15:15:00+00:00,99053.44089761552
2024-12-22 15:30:00+00:00,99053.44089761552
2024-12-22 15:45:00+00:00,99053.44089761552
2024-12-22 16:00:00+00:00,99053.44089761552
2024-12-22 16:15:00+00:00,99053.44089761552
2024-12-22 16:30:00+00:00,99053.44089761552
2024-12-22 16:45:00+00:00,99053.44089761552
2024-12-22 17:00:00+00:00,99053.44089761552
2024-12-22 17:15:00+00:00,99053.44089761552
2024-12-22 17:30:00+00:00,99053.44089761552
2024-12-22 17:45:00+00:00,99053.44089761552
2024-12-22 18:00:00+00:00,99053.44089761552
2024-12-22 18:15:00+00:00,99053.44089761552
2024-12-22 18:30:00+00:00,99053.44089761552
2024-12-22 18:45:00+00:00,99053.44089761552
2024-12-22 19:00:00+00:00,99053.44089761552
2024-12-22 19:15:00+00:00,99053.44089761552
2024-12-22 19:30:00+00:00,99053.44089761552
2024-12-22 19:45:00+00:00,99053.44089761552
2024-12-22 20:00:00+00:00,99053.44089761552
2024-12-22 20:15:00+00:00,99060.22824882463
2024-12-22 20:30:00+00:00,99064.13836416988
2024-12-22 20:45:00+00:00,99069.48143137436
2024-12-22 21:00:00+00:00,99068.1961215046
2024-12-22 21:15:00+00:00,99067.83344467827
2024-12-22 21:30:00+00:00,99067.40064897707
2024-12-22 21:45:00+00:00,99072.92237117673
2024-12-22 22:00:00+00:00,99072.92237117673
2024-12-22 22:15:00+00:00,99072.92237117673
2024-12-22 22:30:00+00:00,99072.92237117673
2024-12-22 22:45:00+00:00,99072.92237117673
2024-12-22 23:00:00+00:00,99072.92237117673
2024-12-22 23:15:00+00:00,99072.92237117673
2024-12-22 23:30:00+00:00,99072.92237117673
2024-12-22 23:45:00+00:00,99072.92237117673
2024-12-23 00:00:00+00:00,99072.92237117673
2024-12-23 00:15:00+00:00,99072.92237117673
2024-12-23 00:30:00+00:00,99072.92237117673
2024-12-23 00:45:00+00:00,99072.92237117673
2024-12-23 01:00:00+00:00,99072.92237117673
2024-12-23 01:15:00+00:00,99072.92237117673
2024-12-23 01:30:00+00:00,99072.92237117673
2024-12-23 01:45:00+00:00,99072.92237117673
2024-12-23 02:00:00+00:00,99072.92237117673
2024-12-23 02:15:00+00:00,99072.92237117673
2024-12-23 02:30:00+00:00,99072.92237117673
2024-12-23 02:45:00+00:00,99072.92237117673
2024-12-23 03:00:00+00:00,99072.92237117673
2024-12-23 03:15:00+00:00,99072.92237117673
2024-12-23 03:30:00+00:00,99072.92237117673
2024-12-23 03:45:00+00:00,99072.92237117673
2024-12-23 04:00:00+00:00,99072.92237117673
2024-12-23 04:15:00+00:00,99072.92237117673
2024-12-23 04:30:00+00:00,99072.92237117673
2024-12-23 04:45:00+00:00,99072.92237117673
2024-12-23 05:00:00+00:00,99072.92237117673
2024-12-23 05:15:00+00:00,99072.92237117673
2024-12-23 05:30:00+00:00,99072.92237117673
2024-12-23 05:45:00+00:00,99072.92237117673
2024-12-23 06:00:00+00:00,99072.92237117673
2024-12-23 06:15:00+00:00,99072.92237117673
2024-12-23 06:30:00+00:00,99072.92237117673
2024-12-23 06:45:00+00:00,99072.92237117673
2024-12-23 07:00:00+00:00,99072.92237117673
2024-12-23 07:15:00+00:00,99072.92237117673
2024-12-23 07:30:00+00:00,99072.92237117673
2024-12-23 07:45:00+00:00,99072.92237117673
2024-12-23 08:00:00+00:00,99072.92237117673
2024-12-23 08:15:00+00:00,99072.92237117673
2024-12-23 08:30:00+00:00,99072.92237117673
2024-12-23 08:45:00+00:00,99072.92237117673
2024-12-23 09:00:00+00:00,99072.92237117673
2024-12-23 09:15:00+00:00,99072.92237117673
2024-12-23 09:30:00+00:00,99072.92237117673
2024-12-23 09:45:00+00:00,99072.92237117673
2024-12-23 10:00:00+00:00,99072.92237117673
2024-12-23 10:15:00+00:00,99072.92237117673
2024-12-23 10:30:00+00:00,99072.92237117673
2024-12-23 10:45:00+00:00,99072.92237117673
2024-12-23 11:00:00+00:00,99072.92237117673
2024-12-23 11:15:00+00:00,99072.92237117673
2024-12-23 11:30:00+00:00,99072.92237117673
2024-12-23 11:45:00+00:00,99072.92237117673
2024-12-23 12:00:00+00:00,99072.92237117673
2024-12-23 12:15:00+00:00,99072.92237117673
2024-12-23 12:30:00+00:00,99072.92237117673
2024-12-23 12:45:00+00:00,99072.92237117673
2024-12-23 13:00:00+00:00,99072.92237117673
2024-12-23 13:15:00+00:00,99072.92237117673
2024-12-23 13:30:00+00:00,99072.92237117673
2024-12-23 13:45:00+00:00,99072.92237117673
2024-12-23 14:00:00+00:00,99072.92237117673
2024-12-23 14:15:00+00:00,99072.92237117673
2024-12-23 14:30:00+00:00,99072.92237117673
2024-12-23 14:45:00+00:00,99072.92237117673
2024-12-23 15:00:00+00:00,99072.92237117673
2024-12-23 15:15:00+00:00,99072.92237117673
2024-12-23 15:30:00+00:00,99072.92237117673
2024-12-23 15:45:00+00:00,99072.92237117673
2024-12-23 16:00:00+00:00,99072.92237117673
2024-12-23 16:15:00+00:00,99072.92237117673
2024-12-23 16:30:00+00:00,99072.92237117673
2024-12-23 16:45:00+00:00,99072.92237117673
2024-12-23 17:00:00+00:00,99072.92237117673
2024-12-23 17:15:00+00:00,99072.92237117673
2024-12-23 17:30:00+00:00,99072.92237117673
2024-12-23 17:45:00+00:00,99072.92237117673
2024-12-23 18:00:00+00:00,99072.92237117673
2024-12-23 18:15:00+00:00,99072.92237117673
2024-12-23 18:30:00+00:00,99072.92237117673
2024-12-23 18:45:00+00:00,99072.92237117673
2024-12-23 19:00:00+00:00,99072.92237117673
2024-12-23 19:15:00+00:00,99072.92237117673
2024-12-23 19:30:00+00:00,99072.92237117673
2024-12-23 19:45:00+00:00,99072.92237117673
2024-12-23 20:00:00+00:00,99072.92237117673
2024-12-23 20:15:00+00:00,99072.92237117673
2024-12-23 20:30:00+00:00,99072.92237117673
2024-12-23 20:45:00+00:00,99072.92237117673
2024-12-23 21:00:00+00:00,99072.92237117673
2024-12-23 21:15:00+00:00,99072.92237117673
2024-12-23 21:30:00+00:00,99072.92237117673
2024-12-23 21:45:00+00:00,99072.92237117673
2024-12-23 22:00:00+00:00,99072.92237117673
2024-12-23 22:15:00+00:00,99072.92237117673
2024-12-23 22:30:00+00:00,99072.92237117673
2024-12-23 22:45:00+00:00,99072.92237117673
2024-12-23 23:00:00+00:00,99072.92237117673
2024-12-23 23:15:00+00:00,99072.92237117673
2024-12-23 23:30:00+00:00,99072.92237117673
2024-12-23 23:45:00+00:00,99072.92237117673
2024-12-24 00:00:00+00:00,99072.92237117673
2024-12-24 00:15:00+00:00,99072.92237117673
2024-12-24 00:30:00+00:00,99072.92237117673
2024-12-24 00:45:00+00:00,99072.92237117673
2024-12-24 01:00:00+00:00,99072.92237117673
2024-12-24 01:15:00+00:00,99072.92237117673
2024-12-24 01:30:00+00:00,99072.92237117673
2024-12-24 01:45:00+00:00,99072.92237117673
2024-12-24 02:00:00+00:00,99072.92237117673
2024-12-24 02:15:00+00:00,99072.92237117673
2024-12-24 02:30:00+00:00,99072.92237117673
2024-12-24 02:45:00+00:00,99072.92237117673
2024-12-24 03:00:00+00:00,99072.92237117673
2024-12-24 03:15:00+00:00,99072.92237117673
2024-12-24 03:30:00+00:00,99072.92237117673
2024-12-24 03:45:00+00:00,99072.92237117673
2024-12-24 04:00:00+00:00,99072.92237117673
2024-12-24 04:15:00+00:00,99072.92237117673
2024-12-24 04:30:00+00:00,99072.92237117673
2024-12-24 04:45:00+00:00,99072.92237117673
2024-12-24 05:00:00+00:00,99072.92237117673
2024-12-24 05:15:00+00:00,99072.92237117673
2024-12-24 05:30:00+00:00,99072.92237117673
2024-12-24 05:45:00+00:00,99072.92237117673
2024-12-24 06:00:00+00:00,99072.92237117673
2024-12-24 06:15:00+00:00,99072.92237117673
2024-12-24 06:30:00+00:00,99072.92237117673
2024-12-24 06:45:00+00:00,99072.92237117673
2024-12-24 07:00:00+00:00,99072.92237117673
2024-12-24 07:15:00+00:00,99072.92237117673
2024-12-24 07:30:00+00:00,99072.92237117673
2024-12-24 07:45:00+00:00,99072.92237117673
2024-12-24 08:00:00+00:00,99072.92237117673
2024-12-24 08:15:00+00:00,99072.92237117673
2024-12-24 08:30:00+00:00,99072.92237117673
2024-12-24 08:45:00+00:00,99072.92237117673
2024-12-24 09:00:00+00:00,99072.92237117673
2024-12-24 09:15:00+00:00,99072.92237117673
2024-12-24 09:30:00+00:00,99072.92237117673
2024-12-24 09:45:00+00:00,99072.92237117673
2024-12-24 10:00:00+00:00,99072.92237117673
2024-12-24 10:15:00+00:00,99072.92237117673
2024-12-24 10:30:00+00:00,99072.92237117673
2024-12-24 10:45:00+00:00,99072.92237117673
2024-12-24 11:00:00+00:00,99072.92237117673
2024-12-24 11:15:00+00:00,99072.92237117673
2024-12-24 11:30:00+00:00,99072.92237117673
2024-12-24 11:45:00+00:00,99072.92237117673
2024-12-24 12:00:00+00:00,99072.92237117673
2024-12-24 12:15:00+00:00,99072.92237117673
2024-12-24 12:30:00+00:00,99072.92237117673
2024-12-24 12:45:00+00:00,99072.92237117673
2024-12-24 13:00:00+00:00,99072.92237117673
2024-12-24 13:15:00+00:00,99072.92237117673
2024-12-24 13:30:00+00:00,99072.92237117673
2024-12-24 13:45:00+00:00,99072.92237117673
2024-12-24 14:00:00+00:00,99072.92237117673
2024-12-24 14:15:00+00:00,99072.92237117673
2024-12-24 14:30:00+00:00,99072.92237117673
2024-12-24 14:45:00+00:00,99072.92237117673
2024-12-24 15:00:00+00:00,99072.92237117673
2024-12-24 15:15:00+00:00,99072.92237117673
2024-12-24 15:30:00+00:00,99072.92237117673
2024-12-24 15:45:00+00:00,99072.92237117673
2024-12-24 16:00:00+00:00,99072.92237117673
2024-12-24 16:15:00+00:00,99072.92237117673
2024-12-24 16:30:00+00:00,99072.92237117673
2024-12-24 16:45:00+00:00,99072.92237117673
2024-12-24 17:00:00+00:00,99072.92237117673
2024-12-24 17:15:00+00:00,99072.92237117673
2024-12-24 17:30:00+00:00,99072.92237117673
2024-12-24 17:45:00+00:00,99072.92237117673
2024-12-24 18:00:00+00:00,99072.92237117673
2024-12-24 18:15:00+00:00,99072.92237117673
2024-12-24 18:30:00+00:00,99072.92237117673
2024-12-24 18:45:00+00:00,99072.92237117673
2024-12-24 19:00:00+00:00,99072.92237117673
2024-12-24 19:15:00+00:00,99072.92237117673
2024-12-24 19:30:00+00:00,99072.92237117673
2024-12-24 19:45:00+00:00,99072.92237117673
2024-12-24 20:00:00+00:00,99072.92237117673
2024-12-24 20:15:00+00:00,99069.61766799925
2024-12-24 20:30:00+00:00,99071.4083430529
2024-12-24 20:45:00+00:00,99077.52298513238
2024-12-24 21:00:00+00:00,99067.08327951917
2024-12-24 21:15:00+00:00,99064.85369739408
2024-12-24 21:30:00+00:00,99063.17205261151
2024-12-24 21:45:00+00:00,99046.57826374825
2024-12-24 22:00:00+00:00,99046.57826374825
2024-12-24 22:15:00+00:00,99046.57826374825
2024-12-24 22:30:00+00:00,99046.57826374825
2024-12-24 22:45:00+00:00,99046.57826374825
2024-12-24 23:00:00+00:00,99046.57826374825
2024-12-24 23:15:00+00:00,99046.57826374825
2024-12-24 23:30:00+00:00,99046.57826374825
2024-12-24 23:45:00+00:00,99046.57826374825
2024-12-25 00:00:00+00:00,99046.57826374825
2024-12-25 00:15:00+00:00,99046.57826374825
2024-12-25 00:30:00+00:00,99046.57826374825
2024-12-25 00:45:00+00:00,99046.57826374825
2024-12-25 01:00:00+00:00,99046.57826374825
2024-12-25 01:15:00+00:00,99046.57826374825
2024-12-25 01:30:00+00:00,99046.57826374825
2024-12-25 01:45:00+00:00,99046.57826374825
2024-12-25 02:00:00+00:00,99046.57826374825
2024-12-25 02:15:00+00:00,99046.57826374825
2024-12-25 02:30:00+00:00,99046.57826374825
2024-12-25 02:45:00+00:00,99046.57826374825
2024-12-25 03:00:00+00:00,99046.57826374825
2024-12-25 03:15:00+00:00,99046.57826374825
2024-12-25 03:30:00+00:00,99046.57826374825
2024-12-25 03:45:00+00:00,99046.57826374825
2024-12-25 04:00:00+00:00,99046.57826374825
2024-12-25 04:15:00+00:00,99046.57826374825
2024-12-25 04:30:00+00:00,99046.57826374825
2024-12-25 04:45:00+00:00,99046.57826374825
2024-12-25 05:00:00+00:00,99046.57826374825
2024-12-25 05:15:00+00:00,99046.57826374825
2024-12-25 05:30:00+00:00,99046.57826374825
2024-12-25 05:45:00+00:00,99046.57826374825
2024-12-25 06:00:00+00:00,99046.57826374825
2024-12-25 06:15:00+00:00,99046.57826374825
2024-12-25 06:30:00+00:00,99046.57826374825
2024-12-25 06:45:00+00:00,99046.57826374825
2024-12-25 07:00:00+00:00,99046.57826374825
2024-12-25 07:15:00+00:00,99046.57826374825
2024-12-25 07:30:00+00:00,99046.57826374825
2024-12-25 07:45:00+00:00,99046.57826374825
2024-12-25 08:00:00+00:00,99046.57826374825
2024-12-25 08:15:00+00:00,99046.57826374825
2024-12-25 08:30:00+00:00,99046.57826374825
2024-12-25 08:45:00+00:00,99046.57826374825
2024-12-25 09:00:00+00:00,99046.57826374825
2024-12-25 09:15:00+00:00,99046.57826374825
2024-12-25 09:30:00+00:00,99046.57826374825
2024-12-25 09:45:00+00:00,99046.57826374825
2024-12-25 10:00:00+00:00,99046.57826374825
2024-12-25 10:15:00+00:00,99046.57826374825
2024-12-25 10:30:00+00:00,99046.57826374825
2024-12-25 10:45:00+00:00,99046.57826374825
2024-12-25 11:00:00+00:00,99046.57826374825
2024-12-25 11:15:00+00:00,99046.57826374825
2024-12-25 11:30:00+00:00,99046.57826374825
2024-12-25 11:45:00+00:00,99046.57826374825
2024-12-25 12:00:00+00:00,99046.57826374825
2024-12-25 12:15:00+00:00,99046.57826374825
2024-12-25 12:30:00+00:00,99046.57826374825
2024-12-25 12:45:00+00:00,99046.57826374825
2024-12-25 13:00:00+00:00,99046.57826374825
2024-12-25 13:15:00+00:00,99046.57826374825
2024-12-25 13:30:00+00:00,99046.57826374825
2024-12-25 13:45:00+00:00,99046.57826374825
2024-12-25 14:00:00+00:00,99046.57826374825
2024-12-25 14:15:00+00:00,99046.57826374825
2024-12-25 14:30:00+00:00,99046.57826374825
2024-12-25 14:45:00+00:00,99046.57826374825
2024-12-25 15:00:00+00:00,99046.57826374825
2024-12-25 15:15:00+00:00,99046.57826374825
2024-12-25 15:30:00+00:00,99046.57826374825
2024-12-25 15:45:00+00:00,99046.57826374825
2024-12-25 16:00:00+00:00,99046.57826374825
2024-12-25 16:15:00+00:00,99045.87678968713
2024-12-25 16:30:00+00:00,99044.8093706779
2024-12-25 16:45:00+00:00,99045.994318259
2024-12-25 17:00:00+00:00,99043.55624468403
2024-12-25 17:15:00+00:00,99047.12448006343
2024-12-25 17:30:00+00:00,99048.59404777986
2024-12-25 17:45:00+00:00,99048.19307134148
2024-12-25 18:00:00+00:00,99050.88564849725
2024-12-25 18:15:00+00:00,99053.74081569388
2024-12-25 18:30:00+00:00,99053.74081569388
2024-12-25 18:45:00+00:00,99053.74081569388
2024-12-25 19:00:00+00:00,99053.74081569388
2024-12-25 19:15:00+00:00,99053.74081569388
2024-12-25 19:30:00+00:00,99053.74081569388
2024-12-25 19:45:00+00:00,99053.74081569388
2024-12-25 20:00:00+00:00,99053.74081569388
2024-12-25 20:15:00+00:00,99053.74081569388
2024-12-25 20:30:00+00:00,99053.74081569388
2024-12-25 20:45:00+00:00,99053.74081569388
2024-12-25 21:00:00+00:00,99053.74081569388
2024-12-25 21:15:00+00:00,99053.74081569388
2024-12-25 21:30:00+00:00,99053.74081569388
2024-12-25 21:45:00+00:00,99053.74081569388
2024-12-25 22:00:00+00:00,99053.74081569388
2024-12-25 22:15:00+00:00,99053.74081569388
2024-12-25 22:30:00+00:00,99053.74081569388
2024-12-25 22:45:00+00:00,99053.74081569388
2024-12-25 23:00:00+00:00,99053.74081569388
2024-12-25 23:15:00+00:00,99053.74081569388
2024-12-25 23:30:00+00:00,99053.74081569388
2024-12-25 23:45:00+00:00,99053.74081569388
2024-12-26 00:00:00+00:00,99053.74081569388
2024-12-26 00:15:00+00:00,99053.74081569388
2024-12-26 00:30:00+00:00,99053.74081569388
2024-12-26 00:45:00+00:00,99053.74081569388
2024-12-26 01:00:00+00:00,99053.74081569388
2024-12-26 01:15:00+00:00,99053.74081569388
2024-12-26 01:30:00+00:00,99053.74081569388
2024-12-26 01:45:00+00:00,99053.74081569388
2024-12-26 02:00:00+00:00,99053.74081569388
2024-12-26 02:15:00+00:00,99053.74081569388
2024-12-26 02:30:00+00:00,99053.74081569388
2024-12-26 02:45:00+00:00,99053.74081569388
2024-12-26 03:00:00+00:00,99053.74081569388
2024-12-26 03:15:00+00:00,99053.74081569388
2024-12-26 03:30:00+00:00,99053.74081569388
2024-12-26 03:45:00+00:00,99053.74081569388
2024-12-26 04:00:00+00:00,99053.74081569388
2024-12-26 04:15:00+00:00,99053.74081569388
2024-12-26 04:30:00+00:00,99053.74081569388
2024-12-26 04:45:00+00:00,99053.74081569388
2024-12-26 05:00:00+00:00,99053.74081569388
2024-12-26 05:15:00+00:00,99053.74081569388
2024-12-26 05:30:00+00:00,99053.74081569388
2024-12-26 05:45:00+00:00,99053.74081569388
2024-12-26 06:00:00+00:00,99053.74081569388
2024-12-26 06:15:00+00:00,99053.74081569388
2024-12-26 06:30:00+00:00,99053.74081569388
2024-12-26 06:45:00+00:00,99053.74081569388
2024-12-26 07:00:00+00:00,99053.74081569388
2024-12-26 07:15:00+00:00,99053.74081569388
2024-12-26 07:30:00+00:00,99053.74081569388
2024-12-26 07:45:00+00:00,99053.74081569388
2024-12-26 08:00:00+00:00,99053.74081569388
2024-12-26 08:15:00+00:00,99053.74081569388
2024-12-26 08:30:00+00:00,99053.74081569388
2024-12-26 08:45:00+00:00,99053.74081569388
2024-12-26 09:00:00+00:00,99053.74081569388
2024-12-26 09:15:00+00:00,99053.74081569388
2024-12-26 09:30:00+00:00,99053.74081569388
2024-12-26 09:45:00+00:00,99053.74081569388
2024-12-26 10:00:00+00:00,99053.74081569388
2024-12-26 10:15:00+00:00,99053.74081569388
2024-12-26 10:30:00+00:00,99053.74081569388
2024-12-26 10:45:00+00:00,99053.74081569388
2024-12-26 11:00:00+00:00,99053.74081569388
2024-12-26 11:15:00+00:00,99053.74081569388
2024-12-26 11:30:00+00:00,99053.74081569388
2024-12-26 11:45:00+00:00,99053.74081569388
2024-12-26 12:00:00+00:00,99053.74081569388
2024-12-26 12:15:00+00:00,99053.74081569388
2024-12-26 12:30:00+00:00,99053.74081569388
2024-12-26 12:45:00+00:00,99053.74081569388
2024-12-26 13:00:00+00:00,99053.74081569388
2024-12-26 13:15:00+00:00,99053.74081569388
2024-12-26 13:30:00+00:00,99053.74081569388
2024-12-26 13:45:00+00:00,99053.74081569388
2024-12-26 14:00:00+00:00,99053.74081569388
2024-12-26 14:15:00+00:00,99053.74081569388
2024-12-26 14:30:00+00:00,99053.74081569388
2024-12-26 14:45:00+00:00,99053.74081569388
2024-12-26 15:00:00+00:00,99053.74081569388
2024-12-26 15:15:00+00:00,99053.74081569388
2024-12-26 15:30:00+00:00,99053.74081569388
2024-12-26 15:45:00+00:00,99053.74081569388
2024-12-26 16:00:00+00:00,99053.74081569388
2024-12-26 16:15:00+00:00,99053.74081569388
2024-12-26 16:30:00+00:00,99053.74081569388
2024-12-26 16:45:00+00:00,99053.74081569388
2024-12-26 17:00:00+00:00,99053.74081569388
2024-12-26 17:15:00+00:00,99053.74081569388
2024-12-26 17:30:00+00:00,99053.74081569388
2024-12-26 17:45:00+00:00,99053.74081569388
2024-12-26 18:00:00+00:00,99053.74081569388
2024-12-26 18:15:00+00:00,99053.74081569388
2024-12-26 18:30:00+00:00,99053.74081569388
2024-12-26 18:45:00+00:00,99053.74081569388
2024-12-26 19:00:00+00:00,99053.74081569388
2024-12-26 19:15:00+00:00,99053.74081569388
2024-12-26 19:30:00+00:00,99053.74081569388
2024-12-26 19:45:00+00:00,99053.74081569388
2024-12-26 20:00:00+00:00,99053.74081569388
2024-12-26 20:15:00+00:00,99053.74081569388
2024-12-26 20:30:00+00:00,99053.74081569388
2024-12-26 20:45:00+00:00,99053.74081569388
2024-12-26 21:00:00+00:00,99053.74081569388
2024-12-26 21:15:00+00:00,99053.74081569388
2024-12-26 21:30:00+00:00,99053.74081569388
2024-12-26 21:45:00+00:00,99053.74081569388
2024-12-26 22:00:00+00:00,99053.74081569388
2024-12-26 22:15:00+00:00,99053.74081569388
2024-12-26 22:30:00+00:00,99053.74081569388
2024-12-26 22:45:00+00:00,99053.74081569388
2024-12-26 23:00:00+00:00,99053.74081569388
2024-12-26 23:15:00+00:00,99053.74081569388
2024-12-26 23:30:00+00:00,99053.74081569388
2024-12-26 23:45:00+00:00,99053.74081569388
2024-12-27 00:00:00+00:00,99053.74081569388
2024-12-27 00:15:00+00:00,99053.74081569388
2024-12-27 00:30:00+00:00,99053.74081569388
2024-12-27 00:45:00+00:00,99053.74081569388
2024-12-27 01:00:00+00:00,99053.74081569388
2024-12-27 01:15:00+00:00,99053.74081569388
2024-12-27 01:30:00+00:00,99053.74081569388
2024-12-27 01:45:00+00:00,99053.74081569388
2024-12-27 02:00:00+00:00,99053.74081569388
2024-12-27 02:15:00+00:00,99053.74081569388
2024-12-27 02:30:00+00:00,99053.74081569388
2024-12-27 02:45:00+00:00,99053.74081569388
2024-12-27 03:00:00+00:00,99053.74081569388
2024-12-27 03:15:00+00:00,99053.74081569388
2024-12-27 03:30:00+00:00,99053.74081569388
2024-12-27 03:45:00+00:00,99053.74081569388
2024-12-27 04:00:00+00:00,99053.74081569388
2024-12-27 04:15:00+00:00,99055.37428635242
2024-12-27 04:30:00+00:00,99054.36060978632
2024-12-27 04:45:00+00:00,99056.53338362697
2024-12-27 05:00:00+00:00,99059.63669212529
2024-12-27 05:15:00+00:00,99060.8353175154
2024-12-27 05:30:00+00:00,99058.38039302496
2024-12-27 05:45:00+00:00,99057.65680801647
2024-12-27 06:00:00+00:00,99057.65680801647
2024-12-27 06:15:00+00:00,99057.65680801647
2024-12-27 06:30:00+00:00,99057.65680801647
2024-12-27 06:45:00+00:00,99057.65680801647
2024-12-27 07:00:00+00:00,99057.65680801647
2024-12-27 07:15:00+00:00,99057.65680801647
2024-12-27 07:30:00+00:00,99057.65680801647
2024-12-27 07:45:00+00:00,99057.65680801647
2024-12-27 08:00:00+00:00,99057.65680801647
2024-12-27 08:15:00+00:00,99057.65680801647
2024-12-27 08:30:00+00:00,99057.65680801647
2024-12-27 08:45:00+00:00,99057.65680801647
2024-12-27 09:00:00+00:00,99057.65680801647
2024-12-27 09:15:00+00:00,99057.65680801647
2024-12-27 09:30:00+00:00,99057.65680801647
2024-12-27 09:45:00+00:00,99057.65680801647
2024-12-27 10:00:00+00:00,99057.65680801647
2024-12-27 10:15:00+00:00,99057.65680801647
2024-12-27 10:30:00+00:00,99057.65680801647
2024-12-27 10:45:00+00:00,99057.65680801647
2024-12-27 11:00:00+00:00,99057.65680801647
2024-12-27 11:15:00+00:00,99057.65680801647
2024-12-27 11:30:00+00:00,99057.65680801647
2024-12-27 11:45:00+00:00,99057.65680801647
2024-12-27 12:00:00+00:00,99057.65680801647
2024-12-27 12:15:00+00:00,99057.65680801647
2024-12-27 12:30:00+00:00,99057.65680801647
2024-12-27 12:45:00+00:00,99057.65680801647
2024-12-27 13:00:00+00:00,99057.65680801647
2024-12-27 13:15:00+00:00,99057.65680801647
2024-12-27 13:30:00+00:00,99057.65680801647
2024-12-27 13:45:00+00:00,99057.65680801647
2024-12-27 14:00:00+00:00,99057.65680801647
2024-12-27 14:15:00+00:00,99057.65680801647
2024-12-27 14:30:00+00:00,99057.65680801647
2024-12-27 14:45:00+00:00,99057.65680801647
2024-12-27 15:00:00+00:00,99057.65680801647
2024-12-27 15:15:00+00:00,99057.65680801647
2024-12-27 15:30:00+00:00,99057.65680801647
2024-12-27 15:45:00+00:00,99057.65680801647
2024-12-27 16:00:00+00:00,99057.65680801647
2024-12-27 16:15:00+00:00,99057.65680801647
2024-12-27 16:30:00+00:00,99057.65680801647
2024-12-27 16:45:00+00:00,99057.65680801647
2024-12-27 17:00:00+00:00,99057.65680801647
2024-12-27 17:15:00+00:00,99057.65680801647
2024-12-27 17:30:00+00:00,99057.65680801647
2024-12-27 17:45:00+00:00,99057.65680801647
2024-12-27 18:00:00+00:00,99057.65680801647
2024-12-27 18:15:00+00:00,99057.65680801647
2024-12-27 18:30:00+00:00,99057.65680801647
2024-12-27 18:45:00+00:00,99057.65680801647
2024-12-27 19:00:00+00:00,99057.65680801647
2024-12-27 19:15:00+00:00,99057.65680801647
2024-12-27 19:30:00+00:00,99057.65680801647
2024-12-27 19:45:00+00:00,99057.65680801647
2024-12-27 20:00:00+00:00,99057.65680801647
2024-12-27 20:15:00+00:00,99057.65680801647
2024-12-27 20:30:00+00:00,99057.65680801647
2024-12-27 20:45:00+00:00,99057.65680801647
2024-12-27 21:00:00+00:00,99057.65680801647
2024-12-27 21:15:00+00:00,99057.65680801647
2024-12-27 21:30:00+00:00,99057.65680801647
2024-12-27 21:45:00+00:00,99057.65680801647
2024-12-27 22:00:00+00:00,99057.65680801647
2024-12-27 22:15:00+00:00,99057.65680801647
2024-12-27 22:30:00+00:00,99057.65680801647
2024-12-27 22:45:00+00:00,99057.65680801647
2024-12-27 23:00:00+00:00,99057.65680801647
2024-12-27 23:15:00+00:00,99057.65680801647
2024-12-27 23:30:00+00:00,99057.65680801647
2024-12-27 23:45:00+00:00,99057.65680801647
2024-12-28 00:00:00+00:00,99057.65680801647
2024-12-28 00:15:00+00:00,99057.65680801647
2024-12-28 00:30:00+00:00,99057.65680801647
2024-12-28 00:45:00+00:00,99057.65680801647
2024-12-28 01:00:00+00:00,99057.65680801647
2024-12-28 01:15:00+00:00,99057.65680801647
2024-12-28 01:30:00+00:00,99057.65680801647
2024-12-28 01:45:00+00:00,99057.65680801647
2024-12-28 02:00:00+00:00,99057.65680801647
2024-12-28 02:15:00+00:00,99057.65680801647
2024-12-28 02:30:00+00:00,99057.65680801647
2024-12-28 02:45:00+00:00,99057.65680801647
2024-12-28 03:00:00+00:00,99057.65680801647
2024-12-28 03:15:00+00:00,99057.65680801647
2024-12-28 03:30:00+00:00,99057.65680801647
2024-12-28 03:45:00+00:00,99057.65680801647
2024-12-28 04:00:00+00:00,99057.65680801647
2024-12-28 04:15:00+00:00,99057.65680801647
2024-12-28 04:30:00+00:00,99057.65680801647
2024-12-28 04:45:00+00:00,99057.65680801647
2024-12-28 05:00:00+00:00,99057.65680801647
2024-12-28 05:15:00+00:00,99057.65680801647
2024-12-28 05:30:00+00:00,99057.65680801647
2024-12-28 05:45:00+00:00,99057.65680801647
2024-12-28 06:00:00+00:00,99057.65680801647
2024-12-28 06:15:00+00:00,99057.65680801647
2024-12-28 06:30:00+00:00,99057.65680801647
2024-12-28 06:45:00+00:00,99057.65680801647
2024-12-28 07:00:00+00:00,99057.65680801647
2024-12-28 07:15:00+00:00,99057.65680801647
2024-12-28 07:30:00+00:00,99057.65680801647
2024-12-28 07:45:00+00:00,99057.65680801647
2024-12-28 08:00:00+00:00,99057.65680801647
2024-12-28 08:15:00+00:00,99057.65680801647
2024-12-28 08:30:00+00:00,99057.65680801647
2024-12-28 08:45:00+00:00,99057.65680801647
2024-12-28 09:00:00+00:00,99057.65680801647
2024-12-28 09:15:00+00:00,99057.65680801647
2024-12-28 09:30:00+00:00,99057.65680801647
2024-12-28 09:45:00+00:00,99057.65680801647
2024-12-28 10:00:00+00:00,99057.65680801647
2024-12-28 10:15:00+00:00,99057.65680801647
2024-12-28 10:30:00+00:00,99057.65680801647
2024-12-28 10:45:00+00:00,99057.65680801647
2024-12-28 11:00:00+00:00,99057.65680801647
2024-12-28 11:15:00+00:00,99057.65680801647
2024-12-28 11:30:00+00:00,99057.65680801647
2024-12-28 11:45:00+00:00,99057.65680801647
2024-12-28 12:00:00+00:00,99057.65680801647
2024-12-28 12:15:00+00:00,99057.65680801647
2024-12-28 12:30:00+00:00,99057.65680801647
2024-12-28 12:45:00+00:00,99057.65680801647
2024-12-28 13:00:00+00:00,99057.65680801647
2024-12-28 13:15:00+00:00,99057.65680801647
2024-12-28 13:30:00+00:00,99057.65680801647
2024-12-28 13:45:00+00:00,99057.65680801647
2024-12-28 14:00:00+00:00,99057.65680801647
2024-12-28 14:15:00+00:00,99057.65680801647
2024-12-28 14:30:00+00:00,99057.65680801647
2024-12-28 14:45:00+00:00,99057.65680801647
2024-12-28 15:00:00+00:00,99057.65680801647
2024-12-28 15:15:00+00:00,99057.65680801647
2024-12-28 15:30:00+00:00,99057.65680801647
2024-12-28 15:45:00+00:00,99057.65680801647
2024-12-28 16:00:00+00:00,99057.65680801647
2024-12-28 16:15:00+00:00,99055.47728388874
2024-12-28 16:30:00+00:00,99053.6948171944
2024-12-28 16:45:00+00:00,99042.5217957617
2024-12-28 17:00:00+00:00,99042.5217957617
2024-12-28 17:15:00+00:00,99042.5217957617
2024-12-28 17:30:00+00:00,99042.5217957617
2024-12-28 17:45:00+00:00,99042.5217957617
2024-12-28 18:00:00+00:00,99042.5217957617
2024-12-28 18:15:00+00:00,99042.5217957617
2024-12-28 18:30:00+00:00,99042.5217957617
2024-12-28 18:45:00+00:00,99042.5217957617
2024-12-28 19:00:00+00:00,99042.5217957617
2024-12-28 19:15:00+00:00,99042.5217957617
2024-12-28 19:30:00+00:00,99042.5217957617
2024-12-28 19:45:00+00:00,99042.5217957617
2024-12-28 20:00:00+00:00,99042.5217957617
2024-12-28 20:15:00+00:00,99042.5217957617
2024-12-28 20:30:00+00:00,99042.5217957617
2024-12-28 20:45:00+00:00,99042.5217957617
2024-12-28 21:00:00+00:00,99042.5217957617
2024-12-28 21:15:00+00:00,99042.5217957617
2024-12-28 21:30:00+00:00,99042.5217957617
2024-12-28 21:45:00+00:00,99042.5217957617
2024-12-28 22:00:00+00:00,99042.5217957617
2024-12-28 22:15:00+00:00,99042.5217957617
2024-12-28 22:30:00+00:00,99042.5217957617
2024-12-28 22:45:00+00:00,99042.5217957617
2024-12-28 23:00:00+00:00,99042.5217957617
2024-12-28 23:15:00+00:00,99042.5217957617
2024-12-28 23:30:00+00:00,99042.5217957617
2024-12-28 23:45:00+00:00,99042.5217957617
2024-12-29 00:00:00+00:00,99042.5217957617
2024-12-29 00:15:00+00:00,99042.5217957617
2024-12-29 00:30:00+00:00,99042.5217957617
2024-12-29 00:45:00+00:00,99042.5217957617
2024-12-29 01:00:00+00:00,99042.5217957617
2024-12-29 01:15:00+00:00,99042.5217957617
2024-12-29 01:30:00+00:00,99042.5217957617
2024-12-29 01:45:00+00:00,99042.5217957617
2024-12-29 02:00:00+00:00,99042.5217957617
2024-12-29 02:15:00+00:00,99042.5217957617
2024-12-29 02:30:00+00:00,99042.5217957617
2024-12-29 02:45:00+00:00,99042.5217957617
2024-12-29 03:00:00+00:00,99042.5217957617
2024-12-29 03:15:00+00:00,99042.5217957617
2024-12-29 03:30:00+00:00,99042.5217957617
2024-12-29 03:45:00+00:00,99042.5217957617
2024-12-29 04:00:00+00:00,99042.5217957617
2024-12-29 04:15:00+00:00,99042.5217957617
2024-12-29 04:30:00+00:00,99042.5217957617
2024-12-29 04:45:00+00:00,99042.5217957617
2024-12-29 05:00:00+00:00,99042.5217957617
2024-12-29 05:15:00+00:00,99042.5217957617
2024-12-29 05:30:00+00:00,99042.5217957617
2024-12-29 05:45:00+00:00,99042.5217957617
2024-12-29 06:00:00+00:00,99042.5217957617
2024-12-29 06:15:00+00:00,99042.5217957617
2024-12-29 06:30:00+00:00,99042.5217957617
2024-12-29 06:45:00+00:00,99042.5217957617
2024-12-29 07:00:00+00:00,99042.5217957617
2024-12-29 07:15:00+00:00,99042.5217957617
2024-12-29 07:30:00+00:00,99042.5217957617
2024-12-29 07:45:00+00:00,99042.5217957617
2024-12-29 08:00:00+00:00,99042.5217957617
2024-12-29 08:15:00+00:00,99042.5217957617
2024-12-29 08:30:00+00:00,99042.5217957617
2024-12-29 08:45:00+00:00,99042.5217957617
2024-12-29 09:00:00+00:00,99042.5217957617
2024-12-29 09:15:00+00:00,99042.5217957617
2024-12-29 09:30:00+00:00,99042.5217957617
2024-12-29 09:45:00+00:00,99042.5217957617
2024-12-29 10:00:00+00:00,99042.5217957617
2024-12-29 10:15:00+00:00,99042.5217957617
2024-12-29 10:30:00+00:00,99042.5217957617
2024-12-29 10:45:00+00:00,99042.5217957617
2024-12-29 11:00:00+00:00,99042.5217957617
2024-12-29 11:15:00+00:00,99042.5217957617
2024-12-29 11:30:00+00:00,99042.5217957617
2024-12-29 11:45:00+00:00,99042.5217957617
2024-12-29 12:00:00+00:00,99042.5217957617
2024-12-29 12:15:00+00:00,99042.5217957617
2024-12-29 12:30:00+00:00,99042.5217957617
2024-12-29 12:45:00+00:00,99042.5217957617
2024-12-29 13:00:00+00:00,99042.5217957617
2024-12-29 13:15:00+00:00,99042.5217957617
2024-12-29 13:30:00+00:00,99042.5217957617
2024-12-29 13:45:00+00:00,99042.5217957617
2024-12-29 14:00:00+00:00,99042.5217957617
2024-12-29 14:15:00+00:00,99042.5217957617
2024-12-29 14:30:00+00:00,99042.5217957617
2024-12-29 14:45:00+00:00,99042.5217957617
2024-12-29 15:00:00+00:00,99042.5217957617
2024-12-29 15:15:00+00:00,99042.5217957617
2024-12-29 15:30:00+00:00,99042.5217957617
2024-12-29 15:45:00+00:00,99042.5217957617
2024-12-29 16:00:00+00:00,99042.5217957617
2024-12-29 16:15:00+00:00,99042.5217957617
2024-12-29 16:30:00+00:00,99042.5217957617
2024-12-29 16:45:00+00:00,99042.5217957617
2024-12-29 17:00:00+00:00,99042.5217957617
2024-12-29 17:15:00+00:00,99042.5217957617
2024-12-29 17:30:00+00:00,99042.5217957617
2024-12-29 17:45:00+00:00,99042.5217957617
2024-12-29 18:00:00+00:00,99042.5217957617
2024-12-29 18:15:00+00:00,99042.5217957617
2024-12-29 18:30:00+00:00,99042.5217957617
2024-12-29 18:45:00+00:00,99042.5217957617
2024-12-29 19:00:00+00:00,99042.5217957617
2024-12-29 19:15:00+00:00,99042.5217957617
2024-12-29 19:30:00+00:00,99042.5217957617
2024-12-29 19:45:00+00:00,99042.5217957617
2024-12-29 20:00:00+00:00,99042.5217957617
2024-12-29 20:15:00+00:00,99042.52910491884
2024-12-29 20:30:00+00:00,99045.40556209841
2024-12-29 20:45:00+00:00,99048.24133677638
2024-12-29 21:00:00+00:00,99047.77233632625
2024-12-29 21:15:00+00:00,99047.77233632625
2024-12-29 21:30:00+00:00,99047.77233632625
2024-12-29 21:45:00+00:00,99047.77233632625
2024-12-29 22:00:00+00:00,99047.77233632625
2024-12-29 22:15:00+00:00,99047.77233632625
2024-12-29 22:30:00+00:00,99047.77233632625
2024-12-29 22:45:00+00:00,99047.77233632625
2024-12-29 23:00:00+00:00,99047.77233632625
2024-12-29 23:15:00+00:00,99047.77233632625
2024-12-29 23:30:00+00:00,99047.77233632625
2024-12-29 23:45:00+00:00,99047.77233632625
2024-12-30 00:00:00+00:00,99047.77233632625
2024-12-30 00:15:00+00:00,99047.77233632625
2024-12-30 00:30:00+00:00,99047.77233632625
2024-12-30 00:45:00+00:00,99047.77233632625
2024-12-30 01:00:00+00:00,99047.77233632625
2024-12-30 01:15:00+00:00,99047.77233632625
2024-12-30 01:30:00+00:00,99047.77233632625
2024-12-30 01:45:00+00:00,99047.77233632625
2024-12-30 02:00:00+00:00,99047.77233632625
2024-12-30 02:15:00+00:00,99047.77233632625
2024-12-30 02:30:00+00:00,99047.77233632625
2024-12-30 02:45:00+00:00,99047.77233632625
2024-12-30 03:00:00+00:00,99047.77233632625
2024-12-30 03:15:00+00:00,99047.77233632625
2024-12-30 03:30:00+00:00,99047.77233632625
2024-12-30 03:45:00+00:00,99047.77233632625
2024-12-30 04:00:00+00:00,99047.77233632625
2024-12-30 04:15:00+00:00,99047.77233632625
2024-12-30 04:30:00+00:00,99047.77233632625
2024-12-30 04:45:00+00:00,99042.43913040943
2024-12-30 05:00:00+00:00,99044.65945651689
2024-12-30 05:15:00+00:00,99041.96036869049
2024-12-30 05:30:00+00:00,99044.67576613442
2024-12-30 05:45:00+00:00,99047.23838534199
2024-12-30 06:00:00+00:00,99049.1881276703
2024-12-30 06:15:00+00:00,99049.01420440893
2024-12-30 06:30:00+00:00,99049.01420440893
2024-12-30 06:45:00+00:00,99049.01420440893
2024-12-30 07:00:00+00:00,99049.01420440893
2024-12-30 07:15:00+00:00,99049.01420440893
2024-12-30 07:30:00+00:00,99049.01420440893
2024-12-30 07:45:00+00:00,99049.01420440893
2024-12-30 08:00:00+00:00,99049.01420440893
2024-12-30 08:15:00+00:00,99049.01420440893
2024-12-30 08:30:00+00:00,99049.01420440893
2024-12-30 08:45:00+00:00,99049.01420440893
2024-12-30 09:00:00+00:00,99049.01420440893
2024-12-30 09:15:00+00:00,99049.01420440893
2024-12-30 09:30:00+00:00,99049.01420440893
2024-12-30 09:45:00+00:00,99049.01420440893
2024-12-30 10:00:00+00:00,99049.01420440893
2024-12-30 10:15:00+00:00,99049.01420440893
2024-12-30 10:30:00+00:00,99049.01420440893
2024-12-30 10:45:00+00:00,99049.01420440893
2024-12-30 11:00:00+00:00,99049.01420440893
2024-12-30 11:15:00+00:00,99049.01420440893
2024-12-30 11:30:00+00:00,99049.01420440893
2024-12-30 11:45:00+00:00,99049.01420440893
2024-12-30 12:00:00+00:00,99049.01420440893
2024-12-30 12:15:00+00:00,99046.65181119181
2024-12-30 12:30:00+00:00,99050.54958785871
2024-12-30 12:45:00+00:00,99049.58963262923
2024-12-30 13:00:00+00:00,99049.58963262923
2024-12-30 13:15:00+00:00,99049.58963262923
2024-12-30 13:30:00+00:00,99049.58963262923
2024-12-30 13:45:00+00:00,99049.58963262923
2024-12-30 14:00:00+00:00,99049.58963262923
2024-12-30 14:15:00+00:00,99049.58963262923
2024-12-30 14:30:00+00:00,99049.58963262923
2024-12-30 14:45:00+00:00,99049.58963262923
2024-12-30 15:00:00+00:00,99049.58963262923
2024-12-30 15:15:00+00:00,99049.58963262923
2024-12-30 15:30:00+00:00,99049.58963262923
2024-12-30 15:45:00+00:00,99049.58963262923
2024-12-30 16:00:00+00:00,99049.58963262923
2024-12-30 16:15:00+00:00,99049.58963262923
2024-12-30 16:30:00+00:00,99049.58963262923
2024-12-30 16:45:00+00:00,99049.58963262923
2024-12-30 17:00:00+00:00,99049.58963262923
2024-12-30 17:15:00+00:00,99049.58963262923
2024-12-30 17:30:00+00:00,99049.58963262923
2024-12-30 17:45:00+00:00,99049.58963262923
2024-12-30 18:00:00+00:00,99049.58963262923
2024-12-30 18:15:00+00:00,99049.58963262923
2024-12-30 18:30:00+00:00,99049.58963262923
2024-12-30 18:45:00+00:00,99049.58963262923
2024-12-30 19:00:00+00:00,99049.58963262923
2024-12-30 19:15:00+00:00,99049.58963262923
2024-12-30 19:30:00+00:00,99049.58963262923
2024-12-30 19:45:00+00:00,99049.58963262923
2024-12-30 20:00:00+00:00,99049.58963262923
2024-12-30 20:15:00+00:00,99051.81257315671
2024-12-30 20:30:00+00:00,99054.5398953668
2024-12-30 20:45:00+00:00,99056.43328406064
2024-12-30 21:00:00+00:00,99059.57480104773
2024-12-30 21:15:00+00:00,99068.37630462296
2024-12-30 21:30:00+00:00,99068.37630462296
2024-12-30 21:45:00+00:00,99068.37630462296
2024-12-30 22:00:00+00:00,99068.37630462296
2024-12-30 22:15:00+00:00,99068.37630462296
2024-12-30 22:30:00+00:00,99068.37630462296
2024-12-30 22:45:00+00:00,99068.37630462296
2024-12-30 23:00:00+00:00,99068.37630462296
2024-12-30 23:15:00+00:00,99068.37630462296
2024-12-30 23:30:00+00:00,99068.37630462296
2024-12-30 23:45:00+00:00,99068.37630462296
2024-12-31 00:00:00+00:00,99068.37630462296
