timestamp,equity
2025-01-01 00:00:00+00:00,100000.0
2025-01-01 00:15:00+00:00,100000.0
2025-01-01 00:30:00+00:00,100000.0
2025-01-01 00:45:00+00:00,100000.0
2025-01-01 01:00:00+00:00,100000.0
2025-01-01 01:15:00+00:00,100000.0
2025-01-01 01:30:00+00:00,100000.0
2025-01-01 01:45:00+00:00,100000.0
2025-01-01 02:00:00+00:00,100000.0
2025-01-01 02:15:00+00:00,100000.0
2025-01-01 02:30:00+00:00,100000.0
2025-01-01 02:45:00+00:00,100000.0
2025-01-01 03:00:00+00:00,100000.0
2025-01-01 03:15:00+00:00,100000.0
2025-01-01 03:30:00+00:00,100000.0
2025-01-01 03:45:00+00:00,100000.0
2025-01-01 04:00:00+00:00,100000.0
2025-01-01 04:15:00+00:00,100000.0
2025-01-01 04:30:00+00:00,100000.0
2025-01-01 04:45:00+00:00,100000.0
2025-01-01 05:00:00+00:00,100000.0
2025-01-01 05:15:00+00:00,100000.0
2025-01-01 05:30:00+00:00,100000.0
2025-01-01 05:45:00+00:00,100000.0
2025-01-01 06:00:00+00:00,100000.0
2025-01-01 06:15:00+00:00,100000.0
2025-01-01 06:30:00+00:00,100000.0
2025-01-01 06:45:00+00:00,100000.0
2025-01-01 07:00:00+00:00,100000.0
2025-01-01 07:15:00+00:00,100000.0
2025-01-01 07:30:00+00:00,100000.0
2025-01-01 07:45:00+00:00,100000.0
2025-01-01 08:00:00+00:00,100000.0
2025-01-01 08:15:00+00:00,100000.0
2025-01-01 08:30:00+00:00,100000.0
2025-01-01 08:45:00+00:00,100000.0
2025-01-01 09:00:00+00:00,100000.0
2025-01-01 09:15:00+00:00,100000.0
2025-01-01 09:30:00+00:00,100000.0
2025-01-01 09:45:00+00:00,100000.0
2025-01-01 10:00:00+00:00,100000.0
2025-01-01 10:15:00+00:00,100000.0
2025-01-01 10:30:00+00:00,100000.0
2025-01-01 10:45:00+00:00,100000.0
2025-01-01 11:00:00+00:00,100000.0
2025-01-01 11:15:00+00:00,100000.0
2025-01-01 11:30:00+00:00,100000.0
2025-01-01 11:45:00+00:00,100000.0
2025-01-01 12:00:00+00:00,100000.0
2025-01-01 12:15:00+00:00,100000.0
2025-01-01 12:30:00+00:00,100000.0
2025-01-01 12:45:00+00:00,100000.0
2025-01-01 13:00:00+00:00,100000.0
2025-01-01 13:15:00+00:00,100000.0
2025-01-01 13:30:00+00:00,100000.0
2025-01-01 13:45:00+00:00,100000.0
2025-01-01 14:00:00+00:00,100000.0
2025-01-01 14:15:00+00:00,100000.0
2025-01-01 14:30:00+00:00,100000.0
2025-01-01 14:45:00+00:00,100000.0
2025-01-01 15:00:00+00:00,100000.0
2025-01-01 15:15:00+00:00,100000.0
2025-01-01 15:30:00+00:00,100000.0
2025-01-01 15:45:00+00:00,100000.0
2025-01-01 16:00:00+00:00,100000.0
2025-01-01 16:15:00+00:00,100000.0
2025-01-01 16:30:00+00:00,100000.0
2025-01-01 16:45:00+00:00,100000.0
2025-01-01 17:00:00+00:00,100000.0
2025-01-01 17:15:00+00:00,100000.0
2025-01-01 17:30:00+00:00,100000.0
2025-01-01 17:45:00+00:00,100000.0
2025-01-01 18:00:00+00:00,100000.0
2025-01-01 18:15:00+00:00,100000.0
2025-01-01 18:30:00+00:00,100000.0
2025-01-01 18:45:00+00:00,100000.0
2025-01-01 19:00:00+00:00,100000.0
2025-01-01 19:15:00+00:00,100000.0
2025-01-01 19:30:00+00:00,100000.0
2025-01-01 19:45:00+00:00,100000.0
2025-01-01 20:00:00+00:00,100000.0
2025-01-01 20:15:00+00:00,100000.0
2025-01-01 20:30:00+00:00,100000.0
2025-01-01 20:45:00+00:00,100000.0
2025-01-01 21:00:00+00:00,100000.0
2025-01-01 21:15:00+00:00,100000.0
2025-01-01 21:30:00+00:00,100000.0
2025-01-01 21:45:00+00:00,100000.0
2025-01-01 22:00:00+00:00,100000.0
2025-01-01 22:15:00+00:00,100000.0
2025-01-01 22:30:00+00:00,100000.0
2025-01-01 22:45:00+00:00,100000.0
2025-01-01 23:00:00+00:00,100000.0
2025-01-01 23:15:00+00:00,100000.0
2025-01-01 23:30:00+00:00,100000.0
2025-01-01 23:45:00+00:00,100000.0
2025-01-02 00:00:00+00:00,100000.0
2025-01-02 00:15:00+00:00,100000.0
2025-01-02 00:30:00+00:00,100000.0
2025-01-02 00:45:00+00:00,100000.0
2025-01-02 01:00:00+00:00,100000.0
2025-01-02 01:15:00+00:00,100000.0
2025-01-02 01:30:00+00:00,100000.0
2025-01-02 01:45:00+00:00,100000.0
2025-01-02 02:00:00+00:00,100000.0
2025-01-02 02:15:00+00:00,100000.0
2025-01-02 02:30:00+00:00,100000.0
2025-01-02 02:45:00+00:00,100000.0
2025-01-02 03:00:00+00:00,100000.0
2025-01-02 03:15:00+00:00,100000.0
2025-01-02 03:30:00+00:00,100000.0
2025-01-02 03:45:00+00:00,100000.0
2025-01-02 04:00:00+00:00,100000.0
2025-01-02 04:15:00+00:00,100000.0
2025-01-02 04:30:00+00:00,99989.93037795664
2025-01-02 04:45:00+00:00,99977.01235118415
2025-01-02 05:00:00+00:00,99977.01235118415
2025-01-02 05:15:00+00:00,99977.01235118415
2025-01-02 05:30:00+00:00,99977.01235118415
2025-01-02 05:45:00+00:00,99977.01235118415
2025-01-02 06:00:00+00:00,99977.01235118415
2025-01-02 06:15:00+00:00,99977.01235118415
2025-01-02 06:30:00+00:00,99977.01235118415
2025-01-02 06:45:00+00:00,99977.01235118415
2025-01-02 07:00:00+00:00,99977.01235118415
2025-01-02 07:15:00+00:00,99977.01235118415
2025-01-02 07:30:00+00:00,99977.01235118415
2025-01-02 07:45:00+00:00,99977.01235118415
2025-01-02 08:00:00+00:00,99977.01235118415
2025-01-02 08:15:00+00:00,99977.01235118415
2025-01-02 08:30:00+00:00,99977.01235118415
2025-01-02 08:45:00+00:00,99977.01235118415
2025-01-02 09:00:00+00:00,99977.01235118415
2025-01-02 09:15:00+00:00,99977.01235118415
2025-01-02 09:30:00+00:00,99977.01235118415
2025-01-02 09:45:00+00:00,99977.01235118415
2025-01-02 10:00:00+00:00,99977.01235118415
2025-01-02 10:15:00+00:00,99977.01235118415
2025-01-02 10:30:00+00:00,99977.01235118415
2025-01-02 10:45:00+00:00,99977.01235118415
2025-01-02 11:00:00+00:00,99977.01235118415
2025-01-02 11:15:00+00:00,99977.01235118415
2025-01-02 11:30:00+00:00,99977.01235118415
2025-01-02 11:45:00+00:00,99977.01235118415
2025-01-02 12:00:00+00:00,99977.01235118415
2025-01-02 12:15:00+00:00,99977.01235118415
2025-01-02 12:30:00+00:00,99977.01235118415
2025-01-02 12:45:00+00:00,99977.01235118415
2025-01-02 13:00:00+00:00,99977.01235118415
2025-01-02 13:15:00+00:00,99977.01235118415
2025-01-02 13:30:00+00:00,99977.01235118415
2025-01-02 13:45:00+00:00,99977.01235118415
2025-01-02 14:00:00+00:00,99977.01235118415
2025-01-02 14:15:00+00:00,99977.01235118415
2025-01-02 14:30:00+00:00,99977.01235118415
2025-01-02 14:45:00+00:00,99977.01235118415
2025-01-02 15:00:00+00:00,99977.01235118415
2025-01-02 15:15:00+00:00,99977.01235118415
2025-01-02 15:30:00+00:00,99977.01235118415
2025-01-02 15:45:00+00:00,99977.01235118415
2025-01-02 16:00:00+00:00,99977.01235118415
2025-01-02 16:15:00+00:00,99977.01235118415
2025-01-02 16:30:00+00:00,99977.01235118415
2025-01-02 16:45:00+00:00,99977.01235118415
2025-01-02 17:00:00+00:00,99977.01235118415
2025-01-02 17:15:00+00:00,99977.01235118415
2025-01-02 17:30:00+00:00,99977.01235118415
2025-01-02 17:45:00+00:00,99977.01235118415
2025-01-02 18:00:00+00:00,99977.01235118415
2025-01-02 18:15:00+00:00,99977.01235118415
2025-01-02 18:30:00+00:00,99977.01235118415
2025-01-02 18:45:00+00:00,99977.01235118415
2025-01-02 19:00:00+00:00,99977.01235118415
2025-01-02 19:15:00+00:00,99977.01235118415
2025-01-02 19:30:00+00:00,99977.01235118415
2025-01-02 19:45:00+00:00,99977.01235118415
2025-01-02 20:00:00+00:00,99977.01235118415
2025-01-02 20:15:00+00:00,99977.01235118415
2025-01-02 20:30:00+00:00,99977.01235118415
2025-01-02 20:45:00+00:00,99977.01235118415
2025-01-02 21:00:00+00:00,99975.6756969248
2025-01-02 21:15:00+00:00,99974.20644529602
2025-01-02 21:30:00+00:00,99975.37248274672
2025-01-02 21:45:00+00:00,99975.56811356817
2025-01-02 22:00:00+00:00,99972.2946493112
2025-01-02 22:15:00+00:00,99961.26689545668
2025-01-02 22:30:00+00:00,99961.26689545668
2025-01-02 22:45:00+00:00,99961.26689545668
2025-01-02 23:00:00+00:00,99961.26689545668
2025-01-02 23:15:00+00:00,99961.26689545668
2025-01-02 23:30:00+00:00,99961.26689545668
2025-01-02 23:45:00+00:00,99961.26689545668
2025-01-03 00:00:00+00:00,99961.26689545668
2025-01-03 00:15:00+00:00,99961.26689545668
2025-01-03 00:30:00+00:00,99961.26689545668
2025-01-03 00:45:00+00:00,99961.26689545668
2025-01-03 01:00:00+00:00,99961.26689545668
2025-01-03 01:15:00+00:00,99961.26689545668
2025-01-03 01:30:00+00:00,99961.26689545668
2025-01-03 01:45:00+00:00,99961.26689545668
2025-01-03 02:00:00+00:00,99961.26689545668
2025-01-03 02:15:00+00:00,99961.26689545668
2025-01-03 02:30:00+00:00,99961.26689545668
2025-01-03 02:45:00+00:00,99961.26689545668
2025-01-03 03:00:00+00:00,99961.26689545668
2025-01-03 03:15:00+00:00,99961.26689545668
2025-01-03 03:30:00+00:00,99961.26689545668
2025-01-03 03:45:00+00:00,99961.26689545668
2025-01-03 04:00:00+00:00,99961.26689545668
2025-01-03 04:15:00+00:00,99961.26689545668
2025-01-03 04:30:00+00:00,99961.26689545668
2025-01-03 04:45:00+00:00,99961.26689545668
2025-01-03 05:00:00+00:00,99961.26689545668
2025-01-03 05:15:00+00:00,99961.26689545668
2025-01-03 05:30:00+00:00,99961.26689545668
2025-01-03 05:45:00+00:00,99961.26689545668
2025-01-03 06:00:00+00:00,99961.26689545668
2025-01-03 06:15:00+00:00,99961.26689545668
2025-01-03 06:30:00+00:00,99961.26689545668
2025-01-03 06:45:00+00:00,99961.26689545668
2025-01-03 07:00:00+00:00,99961.26689545668
2025-01-03 07:15:00+00:00,99961.26689545668
2025-01-03 07:30:00+00:00,99961.26689545668
2025-01-03 07:45:00+00:00,99961.26689545668
2025-01-03 08:00:00+00:00,99961.26689545668
2025-01-03 08:15:00+00:00,99961.26689545668
2025-01-03 08:30:00+00:00,99961.26689545668
2025-01-03 08:45:00+00:00,99961.26689545668
2025-01-03 09:00:00+00:00,99961.26689545668
2025-01-03 09:15:00+00:00,99961.26689545668
2025-01-03 09:30:00+00:00,99961.26689545668
2025-01-03 09:45:00+00:00,99961.26689545668
2025-01-03 10:00:00+00:00,99961.26689545668
2025-01-03 10:15:00+00:00,99961.26689545668
2025-01-03 10:30:00+00:00,99961.26689545668
2025-01-03 10:45:00+00:00,99961.26689545668
2025-01-03 11:00:00+00:00,99961.26689545668
2025-01-03 11:15:00+00:00,99961.26689545668
2025-01-03 11:30:00+00:00,99961.26689545668
2025-01-03 11:45:00+00:00,99961.26689545668
2025-01-03 12:00:00+00:00,99961.26689545668
2025-01-03 12:15:00+00:00,99961.26689545668
2025-01-03 12:30:00+00:00,99961.26689545668
2025-01-03 12:45:00+00:00,99961.26689545668
2025-01-03 13:00:00+00:00,99961.26689545668
2025-01-03 13:15:00+00:00,99961.26689545668
2025-01-03 13:30:00+00:00,99961.26689545668
2025-01-03 13:45:00+00:00,99961.26689545668
2025-01-03 14:00:00+00:00,99961.26689545668
2025-01-03 14:15:00+00:00,99961.26689545668
2025-01-03 14:30:00+00:00,99961.26689545668
2025-01-03 14:45:00+00:00,99961.26689545668
2025-01-03 15:00:00+00:00,99961.26689545668
2025-01-03 15:15:00+00:00,99961.26689545668
2025-01-03 15:30:00+00:00,99961.26689545668
2025-01-03 15:45:00+00:00,99961.26689545668
2025-01-03 16:00:00+00:00,99961.26689545668
2025-01-03 16:15:00+00:00,99961.26689545668
2025-01-03 16:30:00+00:00,99961.26689545668
2025-01-03 16:45:00+00:00,99961.26689545668
2025-01-03 17:00:00+00:00,99961.26689545668
2025-01-03 17:15:00+00:00,99961.26689545668
2025-01-03 17:30:00+00:00,99961.26689545668
2025-01-03 17:45:00+00:00,99961.26689545668
2025-01-03 18:00:00+00:00,99961.26689545668
2025-01-03 18:15:00+00:00,99961.26689545668
2025-01-03 18:30:00+00:00,99961.26689545668
2025-01-03 18:45:00+00:00,99961.26689545668
2025-01-03 19:00:00+00:00,99961.26689545668
2025-01-03 19:15:00+00:00,99961.26689545668
2025-01-03 19:30:00+00:00,99961.26689545668
2025-01-03 19:45:00+00:00,99961.26689545668
2025-01-03 20:00:00+00:00,99961.26689545668
2025-01-03 20:15:00+00:00,99961.26689545668
2025-01-03 20:30:00+00:00,99961.26689545668
2025-01-03 20:45:00+00:00,99961.26689545668
2025-01-03 21:00:00+00:00,99961.26689545668
2025-01-03 21:15:00+00:00,99961.26689545668
2025-01-03 21:30:00+00:00,99961.26689545668
2025-01-03 21:45:00+00:00,99961.26689545668
2025-01-03 22:00:00+00:00,99961.26689545668
2025-01-03 22:15:00+00:00,99961.26689545668
2025-01-03 22:30:00+00:00,99961.26689545668
2025-01-03 22:45:00+00:00,99961.26689545668
2025-01-03 23:00:00+00:00,99961.26689545668
2025-01-03 23:15:00+00:00,99961.26689545668
2025-01-03 23:30:00+00:00,99961.26689545668
2025-01-03 23:45:00+00:00,99961.26689545668
2025-01-04 00:00:00+00:00,99961.26689545668
2025-01-04 00:15:00+00:00,99961.26689545668
2025-01-04 00:30:00+00:00,99961.26689545668
2025-01-04 00:45:00+00:00,99961.26689545668
2025-01-04 01:00:00+00:00,99961.26689545668
2025-01-04 01:15:00+00:00,99961.26689545668
2025-01-04 01:30:00+00:00,99961.26689545668
2025-01-04 01:45:00+00:00,99961.26689545668
2025-01-04 02:00:00+00:00,99961.26689545668
2025-01-04 02:15:00+00:00,99961.26689545668
2025-01-04 02:30:00+00:00,99961.26689545668
2025-01-04 02:45:00+00:00,99961.26689545668
2025-01-04 03:00:00+00:00,99961.26689545668
2025-01-04 03:15:00+00:00,99961.26689545668
2025-01-04 03:30:00+00:00,99961.26689545668
2025-01-04 03:45:00+00:00,99961.26689545668
2025-01-04 04:00:00+00:00,99961.26689545668
2025-01-04 04:15:00+00:00,99961.26689545668
2025-01-04 04:30:00+00:00,99961.26689545668
2025-01-04 04:45:00+00:00,99961.26689545668
2025-01-04 05:00:00+00:00,99961.26689545668
2025-01-04 05:15:00+00:00,99961.26689545668
2025-01-04 05:30:00+00:00,99961.26689545668
2025-01-04 05:45:00+00:00,99961.26689545668
2025-01-04 06:00:00+00:00,99961.26689545668
2025-01-04 06:15:00+00:00,99961.26689545668
2025-01-04 06:30:00+00:00,99961.26689545668
2025-01-04 06:45:00+00:00,99961.26689545668
2025-01-04 07:00:00+00:00,99961.26689545668
2025-01-04 07:15:00+00:00,99961.26689545668
2025-01-04 07:30:00+00:00,99961.26689545668
2025-01-04 07:45:00+00:00,99961.26689545668
2025-01-04 08:00:00+00:00,99961.26689545668
2025-01-04 08:15:00+00:00,99961.26689545668
2025-01-04 08:30:00+00:00,99961.26689545668
2025-01-04 08:45:00+00:00,99961.26689545668
2025-01-04 09:00:00+00:00,99961.26689545668
2025-01-04 09:15:00+00:00,99961.26689545668
2025-01-04 09:30:00+00:00,99961.26689545668
2025-01-04 09:45:00+00:00,99961.26689545668
2025-01-04 10:00:00+00:00,99961.26689545668
2025-01-04 10:15:00+00:00,99961.26689545668
2025-01-04 10:30:00+00:00,99961.26689545668
2025-01-04 10:45:00+00:00,99961.26689545668
2025-01-04 11:00:00+00:00,99961.26689545668
2025-01-04 11:15:00+00:00,99961.26689545668
2025-01-04 11:30:00+00:00,99961.26689545668
2025-01-04 11:45:00+00:00,99961.26689545668
2025-01-04 12:00:00+00:00,99961.26689545668
2025-01-04 12:15:00+00:00,99961.26689545668
2025-01-04 12:30:00+00:00,99961.26689545668
2025-01-04 12:45:00+00:00,99961.26689545668
2025-01-04 13:00:00+00:00,99961.26689545668
2025-01-04 13:15:00+00:00,99961.26689545668
2025-01-04 13:30:00+00:00,99961.26689545668
2025-01-04 13:45:00+00:00,99961.26689545668
2025-01-04 14:00:00+00:00,99961.26689545668
2025-01-04 14:15:00+00:00,99961.26689545668
2025-01-04 14:30:00+00:00,99961.26689545668
2025-01-04 14:45:00+00:00,99961.26689545668
2025-01-04 15:00:00+00:00,99961.26689545668
2025-01-04 15:15:00+00:00,99961.26689545668
2025-01-04 15:30:00+00:00,99961.26689545668
2025-01-04 15:45:00+00:00,99961.26689545668
2025-01-04 16:00:00+00:00,99961.26689545668
2025-01-04 16:15:00+00:00,99961.26689545668
2025-01-04 16:30:00+00:00,99961.26689545668
2025-01-04 16:45:00+00:00,99961.26689545668
2025-01-04 17:00:00+00:00,99961.26689545668
2025-01-04 17:15:00+00:00,99961.26689545668
2025-01-04 17:30:00+00:00,99961.26689545668
2025-01-04 17:45:00+00:00,99961.26689545668
2025-01-04 18:00:00+00:00,99961.26689545668
2025-01-04 18:15:00+00:00,99961.26689545668
2025-01-04 18:30:00+00:00,99961.26689545668
2025-01-04 18:45:00+00:00,99961.26689545668
2025-01-04 19:00:00+00:00,99961.26689545668
2025-01-04 19:15:00+00:00,99961.26689545668
2025-01-04 19:30:00+00:00,99961.26689545668
2025-01-04 19:45:00+00:00,99961.26689545668
2025-01-04 20:00:00+00:00,99961.26689545668
2025-01-04 20:15:00+00:00,99963.76667715001
2025-01-04 20:30:00+00:00,99963.1047988897
2025-01-04 20:45:00+00:00,99963.1047988897
2025-01-04 21:00:00+00:00,99963.1047988897
2025-01-04 21:15:00+00:00,99963.1047988897
2025-01-04 21:30:00+00:00,99963.1047988897
2025-01-04 21:45:00+00:00,99963.1047988897
2025-01-04 22:00:00+00:00,99963.1047988897
2025-01-04 22:15:00+00:00,99963.1047988897
2025-01-04 22:30:00+00:00,99963.1047988897
2025-01-04 22:45:00+00:00,99963.1047988897
2025-01-04 23:00:00+00:00,99963.1047988897
2025-01-04 23:15:00+00:00,99963.1047988897
2025-01-04 23:30:00+00:00,99963.1047988897
2025-01-04 23:45:00+00:00,99963.1047988897
2025-01-05 00:00:00+00:00,99963.1047988897
2025-01-05 00:15:00+00:00,99963.1047988897
2025-01-05 00:30:00+00:00,99963.1047988897
2025-01-05 00:45:00+00:00,99963.1047988897
2025-01-05 01:00:00+00:00,99963.1047988897
2025-01-05 01:15:00+00:00,99963.1047988897
2025-01-05 01:30:00+00:00,99963.1047988897
2025-01-05 01:45:00+00:00,99963.1047988897
2025-01-05 02:00:00+00:00,99963.1047988897
2025-01-05 02:15:00+00:00,99963.1047988897
2025-01-05 02:30:00+00:00,99963.1047988897
2025-01-05 02:45:00+00:00,99963.1047988897
2025-01-05 03:00:00+00:00,99963.1047988897
2025-01-05 03:15:00+00:00,99963.1047988897
2025-01-05 03:30:00+00:00,99963.1047988897
2025-01-05 03:45:00+00:00,99963.1047988897
2025-01-05 04:00:00+00:00,99963.1047988897
2025-01-05 04:15:00+00:00,99963.1047988897
2025-01-05 04:30:00+00:00,99963.1047988897
2025-01-05 04:45:00+00:00,99963.1047988897
2025-01-05 05:00:00+00:00,99963.1047988897
2025-01-05 05:15:00+00:00,99963.1047988897
2025-01-05 05:30:00+00:00,99963.1047988897
2025-01-05 05:45:00+00:00,99963.1047988897
2025-01-05 06:00:00+00:00,99963.1047988897
2025-01-05 06:15:00+00:00,99963.1047988897
2025-01-05 06:30:00+00:00,99963.1047988897
2025-01-05 06:45:00+00:00,99963.1047988897
2025-01-05 07:00:00+00:00,99963.1047988897
2025-01-05 07:15:00+00:00,99963.1047988897
2025-01-05 07:30:00+00:00,99963.1047988897
2025-01-05 07:45:00+00:00,99963.1047988897
2025-01-05 08:00:00+00:00,99963.1047988897
2025-01-05 08:15:00+00:00,99963.1047988897
2025-01-05 08:30:00+00:00,99963.1047988897
2025-01-05 08:45:00+00:00,99963.1047988897
2025-01-05 09:00:00+00:00,99963.1047988897
2025-01-05 09:15:00+00:00,99963.1047988897
2025-01-05 09:30:00+00:00,99963.1047988897
2025-01-05 09:45:00+00:00,99963.1047988897
2025-01-05 10:00:00+00:00,99963.1047988897
2025-01-05 10:15:00+00:00,99963.1047988897
2025-01-05 10:30:00+00:00,99963.1047988897
2025-01-05 10:45:00+00:00,99963.1047988897
2025-01-05 11:00:00+00:00,99963.1047988897
2025-01-05 11:15:00+00:00,99963.1047988897
2025-01-05 11:30:00+00:00,99963.1047988897
2025-01-05 11:45:00+00:00,99963.1047988897
2025-01-05 12:00:00+00:00,99963.1047988897
2025-01-05 12:15:00+00:00,99963.1047988897
2025-01-05 12:30:00+00:00,99963.1047988897
2025-01-05 12:45:00+00:00,99963.1047988897
2025-01-05 13:00:00+00:00,99963.1047988897
2025-01-05 13:15:00+00:00,99963.1047988897
2025-01-05 13:30:00+00:00,99963.1047988897
2025-01-05 13:45:00+00:00,99963.1047988897
2025-01-05 14:00:00+00:00,99963.1047988897
2025-01-05 14:15:00+00:00,99963.1047988897
2025-01-05 14:30:00+00:00,99963.1047988897
2025-01-05 14:45:00+00:00,99963.1047988897
2025-01-05 15:00:00+00:00,99963.1047988897
2025-01-05 15:15:00+00:00,99963.1047988897
2025-01-05 15:30:00+00:00,99963.1047988897
2025-01-05 15:45:00+00:00,99963.1047988897
2025-01-05 16:00:00+00:00,99963.1047988897
2025-01-05 16:15:00+00:00,99963.1047988897
2025-01-05 16:30:00+00:00,99963.1047988897
2025-01-05 16:45:00+00:00,99963.1047988897
2025-01-05 17:00:00+00:00,99963.1047988897
2025-01-05 17:15:00+00:00,99963.1047988897
2025-01-05 17:30:00+00:00,99963.1047988897
2025-01-05 17:45:00+00:00,99963.1047988897
2025-01-05 18:00:00+00:00,99963.1047988897
2025-01-05 18:15:00+00:00,99963.1047988897
2025-01-05 18:30:00+00:00,99963.1047988897
2025-01-05 18:45:00+00:00,99963.1047988897
2025-01-05 19:00:00+00:00,99963.1047988897
2025-01-05 19:15:00+00:00,99963.1047988897
2025-01-05 19:30:00+00:00,99963.1047988897
2025-01-05 19:45:00+00:00,99963.1047988897
2025-01-05 20:00:00+00:00,99963.1047988897
2025-01-05 20:15:00+00:00,99963.1047988897
2025-01-05 20:30:00+00:00,99963.1047988897
2025-01-05 20:45:00+00:00,99963.1047988897
2025-01-05 21:00:00+00:00,99963.1047988897
2025-01-05 21:15:00+00:00,99963.1047988897
2025-01-05 21:30:00+00:00,99963.1047988897
2025-01-05 21:45:00+00:00,99963.1047988897
2025-01-05 22:00:00+00:00,99963.1047988897
2025-01-05 22:15:00+00:00,99963.1047988897
2025-01-05 22:30:00+00:00,99963.1047988897
2025-01-05 22:45:00+00:00,99963.1047988897
2025-01-05 23:00:00+00:00,99963.1047988897
2025-01-05 23:15:00+00:00,99963.1047988897
2025-01-05 23:30:00+00:00,99963.1047988897
2025-01-05 23:45:00+00:00,99963.1047988897
2025-01-06 00:00:00+00:00,99963.1047988897
2025-01-06 00:15:00+00:00,99963.1047988897
2025-01-06 00:30:00+00:00,99963.1047988897
2025-01-06 00:45:00+00:00,99963.1047988897
2025-01-06 01:00:00+00:00,99963.1047988897
2025-01-06 01:15:00+00:00,99963.1047988897
2025-01-06 01:30:00+00:00,99963.1047988897
2025-01-06 01:45:00+00:00,99963.1047988897
2025-01-06 02:00:00+00:00,99963.1047988897
2025-01-06 02:15:00+00:00,99963.1047988897
2025-01-06 02:30:00+00:00,99963.1047988897
2025-01-06 02:45:00+00:00,99963.1047988897
2025-01-06 03:00:00+00:00,99963.1047988897
2025-01-06 03:15:00+00:00,99963.1047988897
2025-01-06 03:30:00+00:00,99963.1047988897
2025-01-06 03:45:00+00:00,99963.1047988897
2025-01-06 04:00:00+00:00,99963.1047988897
2025-01-06 04:15:00+00:00,99963.1047988897
2025-01-06 04:30:00+00:00,99963.1047988897
2025-01-06 04:45:00+00:00,99963.1047988897
2025-01-06 05:00:00+00:00,99963.1047988897
2025-01-06 05:15:00+00:00,99963.1047988897
2025-01-06 05:30:00+00:00,99963.1047988897
2025-01-06 05:45:00+00:00,99963.1047988897
2025-01-06 06:00:00+00:00,99963.1047988897
2025-01-06 06:15:00+00:00,99963.1047988897
2025-01-06 06:30:00+00:00,99963.1047988897
2025-01-06 06:45:00+00:00,99963.1047988897
2025-01-06 07:00:00+00:00,99963.1047988897
2025-01-06 07:15:00+00:00,99963.1047988897
2025-01-06 07:30:00+00:00,99963.1047988897
2025-01-06 07:45:00+00:00,99963.1047988897
2025-01-06 08:00:00+00:00,99963.1047988897
2025-01-06 08:15:00+00:00,99963.1047988897
2025-01-06 08:30:00+00:00,99963.1047988897
2025-01-06 08:45:00+00:00,99963.1047988897
2025-01-06 09:00:00+00:00,99963.1047988897
2025-01-06 09:15:00+00:00,99963.1047988897
2025-01-06 09:30:00+00:00,99963.1047988897
2025-01-06 09:45:00+00:00,99963.1047988897
2025-01-06 10:00:00+00:00,99963.1047988897
2025-01-06 10:15:00+00:00,99963.1047988897
2025-01-06 10:30:00+00:00,99963.1047988897
2025-01-06 10:45:00+00:00,99963.1047988897
2025-01-06 11:00:00+00:00,99963.1047988897
2025-01-06 11:15:00+00:00,99963.1047988897
2025-01-06 11:30:00+00:00,99963.1047988897
2025-01-06 11:45:00+00:00,99963.1047988897
2025-01-06 12:00:00+00:00,99963.1047988897
2025-01-06 12:15:00+00:00,99963.1047988897
2025-01-06 12:30:00+00:00,99963.1047988897
2025-01-06 12:45:00+00:00,99963.1047988897
2025-01-06 13:00:00+00:00,99963.1047988897
2025-01-06 13:15:00+00:00,99963.1047988897
2025-01-06 13:30:00+00:00,99963.1047988897
2025-01-06 13:45:00+00:00,99963.1047988897
2025-01-06 14:00:00+00:00,99963.1047988897
2025-01-06 14:15:00+00:00,99963.1047988897
2025-01-06 14:30:00+00:00,99963.1047988897
2025-01-06 14:45:00+00:00,99963.1047988897
2025-01-06 15:00:00+00:00,99963.1047988897
2025-01-06 15:15:00+00:00,99963.1047988897
2025-01-06 15:30:00+00:00,99963.1047988897
2025-01-06 15:45:00+00:00,99963.1047988897
2025-01-06 16:00:00+00:00,99963.1047988897
2025-01-06 16:15:00+00:00,99963.1047988897
2025-01-06 16:30:00+00:00,99963.1047988897
2025-01-06 16:45:00+00:00,99963.1047988897
2025-01-06 17:00:00+00:00,99963.1047988897
2025-01-06 17:15:00+00:00,99963.1047988897
2025-01-06 17:30:00+00:00,99963.1047988897
2025-01-06 17:45:00+00:00,99963.1047988897
2025-01-06 18:00:00+00:00,99963.1047988897
2025-01-06 18:15:00+00:00,99963.1047988897
2025-01-06 18:30:00+00:00,99963.1047988897
2025-01-06 18:45:00+00:00,99963.1047988897
2025-01-06 19:00:00+00:00,99963.1047988897
2025-01-06 19:15:00+00:00,99963.1047988897
2025-01-06 19:30:00+00:00,99963.1047988897
2025-01-06 19:45:00+00:00,99963.1047988897
2025-01-06 20:00:00+00:00,99963.1047988897
2025-01-06 20:15:00+00:00,99963.1047988897
2025-01-06 20:30:00+00:00,99963.1047988897
2025-01-06 20:45:00+00:00,99963.1047988897
2025-01-06 21:00:00+00:00,99963.1047988897
2025-01-06 21:15:00+00:00,99963.1047988897
2025-01-06 21:30:00+00:00,99963.1047988897
2025-01-06 21:45:00+00:00,99963.1047988897
2025-01-06 22:00:00+00:00,99963.1047988897
2025-01-06 22:15:00+00:00,99963.1047988897
2025-01-06 22:30:00+00:00,99963.1047988897
2025-01-06 22:45:00+00:00,99963.1047988897
2025-01-06 23:00:00+00:00,99963.1047988897
2025-01-06 23:15:00+00:00,99963.1047988897
2025-01-06 23:30:00+00:00,99963.1047988897
2025-01-06 23:45:00+00:00,99963.1047988897
2025-01-07 00:00:00+00:00,99963.1047988897
2025-01-07 00:15:00+00:00,99963.1047988897
2025-01-07 00:30:00+00:00,99963.1047988897
2025-01-07 00:45:00+00:00,99963.1047988897
2025-01-07 01:00:00+00:00,99963.1047988897
2025-01-07 01:15:00+00:00,99963.1047988897
2025-01-07 01:30:00+00:00,99963.1047988897
2025-01-07 01:45:00+00:00,99963.1047988897
2025-01-07 02:00:00+00:00,99963.1047988897
2025-01-07 02:15:00+00:00,99963.1047988897
2025-01-07 02:30:00+00:00,99963.1047988897
2025-01-07 02:45:00+00:00,99963.1047988897
2025-01-07 03:00:00+00:00,99963.1047988897
2025-01-07 03:15:00+00:00,99963.1047988897
2025-01-07 03:30:00+00:00,99963.1047988897
2025-01-07 03:45:00+00:00,99963.1047988897
2025-01-07 04:00:00+00:00,99963.1047988897
2025-01-07 04:15:00+00:00,99963.1047988897
2025-01-07 04:30:00+00:00,99963.1047988897
2025-01-07 04:45:00+00:00,99963.1047988897
2025-01-07 05:00:00+00:00,99963.1047988897
2025-01-07 05:15:00+00:00,99963.1047988897
2025-01-07 05:30:00+00:00,99963.1047988897
2025-01-07 05:45:00+00:00,99963.1047988897
2025-01-07 06:00:00+00:00,99963.1047988897
2025-01-07 06:15:00+00:00,99963.1047988897
2025-01-07 06:30:00+00:00,99963.1047988897
2025-01-07 06:45:00+00:00,99963.1047988897
2025-01-07 07:00:00+00:00,99963.1047988897
2025-01-07 07:15:00+00:00,99963.1047988897
2025-01-07 07:30:00+00:00,99963.1047988897
2025-01-07 07:45:00+00:00,99963.1047988897
2025-01-07 08:00:00+00:00,99963.1047988897
2025-01-07 08:15:00+00:00,99963.1047988897
2025-01-07 08:30:00+00:00,99963.1047988897
2025-01-07 08:45:00+00:00,99963.1047988897
2025-01-07 09:00:00+00:00,99963.1047988897
2025-01-07 09:15:00+00:00,99963.1047988897
2025-01-07 09:30:00+00:00,99963.1047988897
2025-01-07 09:45:00+00:00,99963.1047988897
2025-01-07 10:00:00+00:00,99963.1047988897
2025-01-07 10:15:00+00:00,99963.1047988897
2025-01-07 10:30:00+00:00,99963.1047988897
2025-01-07 10:45:00+00:00,99963.1047988897
2025-01-07 11:00:00+00:00,99963.1047988897
2025-01-07 11:15:00+00:00,99963.1047988897
2025-01-07 11:30:00+00:00,99963.1047988897
2025-01-07 11:45:00+00:00,99963.1047988897
2025-01-07 12:00:00+00:00,99963.1047988897
2025-01-07 12:15:00+00:00,99963.1047988897
2025-01-07 12:30:00+00:00,99963.1047988897
2025-01-07 12:45:00+00:00,99963.1047988897
2025-01-07 13:00:00+00:00,99963.1047988897
2025-01-07 13:15:00+00:00,99963.1047988897
2025-01-07 13:30:00+00:00,99963.1047988897
2025-01-07 13:45:00+00:00,99963.1047988897
2025-01-07 14:00:00+00:00,99963.1047988897
2025-01-07 14:15:00+00:00,99963.1047988897
2025-01-07 14:30:00+00:00,99963.1047988897
2025-01-07 14:45:00+00:00,99963.1047988897
2025-01-07 15:00:00+00:00,99963.1047988897
2025-01-07 15:15:00+00:00,99963.1047988897
2025-01-07 15:30:00+00:00,99963.1047988897
2025-01-07 15:45:00+00:00,99963.1047988897
2025-01-07 16:00:00+00:00,99963.1047988897
2025-01-07 16:15:00+00:00,99963.1047988897
2025-01-07 16:30:00+00:00,99963.1047988897
2025-01-07 16:45:00+00:00,99963.1047988897
2025-01-07 17:00:00+00:00,99963.1047988897
2025-01-07 17:15:00+00:00,99963.1047988897
2025-01-07 17:30:00+00:00,99963.1047988897
2025-01-07 17:45:00+00:00,99963.1047988897
2025-01-07 18:00:00+00:00,99963.1047988897
2025-01-07 18:15:00+00:00,99963.1047988897
2025-01-07 18:30:00+00:00,99963.1047988897
2025-01-07 18:45:00+00:00,99963.1047988897
2025-01-07 19:00:00+00:00,99963.1047988897
2025-01-07 19:15:00+00:00,99963.1047988897
2025-01-07 19:30:00+00:00,99963.1047988897
2025-01-07 19:45:00+00:00,99963.1047988897
2025-01-07 20:00:00+00:00,99963.1047988897
2025-01-07 20:15:00+00:00,99963.1047988897
2025-01-07 20:30:00+00:00,99963.1047988897
2025-01-07 20:45:00+00:00,99963.1047988897
2025-01-07 21:00:00+00:00,99963.1047988897
2025-01-07 21:15:00+00:00,99963.1047988897
2025-01-07 21:30:00+00:00,99963.1047988897
2025-01-07 21:45:00+00:00,99963.1047988897
2025-01-07 22:00:00+00:00,99963.1047988897
2025-01-07 22:15:00+00:00,99963.1047988897
2025-01-07 22:30:00+00:00,99963.1047988897
2025-01-07 22:45:00+00:00,99963.1047988897
2025-01-07 23:00:00+00:00,99963.1047988897
2025-01-07 23:15:00+00:00,99963.1047988897
2025-01-07 23:30:00+00:00,99963.1047988897
2025-01-07 23:45:00+00:00,99963.1047988897
2025-01-08 00:00:00+00:00,99963.1047988897
2025-01-08 00:15:00+00:00,99963.1047988897
2025-01-08 00:30:00+00:00,99963.1047988897
2025-01-08 00:45:00+00:00,99963.1047988897
2025-01-08 01:00:00+00:00,99963.1047988897
2025-01-08 01:15:00+00:00,99963.1047988897
2025-01-08 01:30:00+00:00,99963.1047988897
2025-01-08 01:45:00+00:00,99963.1047988897
2025-01-08 02:00:00+00:00,99963.1047988897
2025-01-08 02:15:00+00:00,99963.1047988897
2025-01-08 02:30:00+00:00,99963.1047988897
2025-01-08 02:45:00+00:00,99963.1047988897
2025-01-08 03:00:00+00:00,99963.1047988897
2025-01-08 03:15:00+00:00,99963.1047988897
2025-01-08 03:30:00+00:00,99963.1047988897
2025-01-08 03:45:00+00:00,99963.1047988897
2025-01-08 04:00:00+00:00,99963.1047988897
2025-01-08 04:15:00+00:00,99963.1047988897
2025-01-08 04:30:00+00:00,99963.1047988897
2025-01-08 04:45:00+00:00,99963.1047988897
2025-01-08 05:00:00+00:00,99963.1047988897
2025-01-08 05:15:00+00:00,99963.1047988897
2025-01-08 05:30:00+00:00,99963.1047988897
2025-01-08 05:45:00+00:00,99963.1047988897
2025-01-08 06:00:00+00:00,99963.1047988897
2025-01-08 06:15:00+00:00,99963.1047988897
2025-01-08 06:30:00+00:00,99963.1047988897
2025-01-08 06:45:00+00:00,99963.1047988897
2025-01-08 07:00:00+00:00,99963.1047988897
2025-01-08 07:15:00+00:00,99963.1047988897
2025-01-08 07:30:00+00:00,99963.1047988897
2025-01-08 07:45:00+00:00,99963.1047988897
2025-01-08 08:00:00+00:00,99963.1047988897
2025-01-08 08:15:00+00:00,99963.1047988897
2025-01-08 08:30:00+00:00,99963.1047988897
2025-01-08 08:45:00+00:00,99963.1047988897
2025-01-08 09:00:00+00:00,99963.1047988897
2025-01-08 09:15:00+00:00,99963.1047988897
2025-01-08 09:30:00+00:00,99963.1047988897
2025-01-08 09:45:00+00:00,99963.1047988897
2025-01-08 10:00:00+00:00,99963.1047988897
2025-01-08 10:15:00+00:00,99963.1047988897
2025-01-08 10:30:00+00:00,99963.1047988897
2025-01-08 10:45:00+00:00,99963.1047988897
2025-01-08 11:00:00+00:00,99963.1047988897
2025-01-08 11:15:00+00:00,99963.1047988897
2025-01-08 11:30:00+00:00,99963.1047988897
2025-01-08 11:45:00+00:00,99963.1047988897
2025-01-08 12:00:00+00:00,99963.1047988897
2025-01-08 12:15:00+00:00,99963.1047988897
2025-01-08 12:30:00+00:00,99963.1047988897
2025-01-08 12:45:00+00:00,99963.1047988897
2025-01-08 13:00:00+00:00,99963.1047988897
2025-01-08 13:15:00+00:00,99963.1047988897
2025-01-08 13:30:00+00:00,99963.1047988897
2025-01-08 13:45:00+00:00,99963.1047988897
2025-01-08 14:00:00+00:00,99963.1047988897
2025-01-08 14:15:00+00:00,99963.1047988897
2025-01-08 14:30:00+00:00,99963.1047988897
2025-01-08 14:45:00+00:00,99963.1047988897
2025-01-08 15:00:00+00:00,99963.1047988897
2025-01-08 15:15:00+00:00,99963.1047988897
2025-01-08 15:30:00+00:00,99963.1047988897
2025-01-08 15:45:00+00:00,99963.1047988897
2025-01-08 16:00:00+00:00,99963.1047988897
2025-01-08 16:15:00+00:00,99963.1047988897
2025-01-08 16:30:00+00:00,99963.1047988897
2025-01-08 16:45:00+00:00,99963.1047988897
2025-01-08 17:00:00+00:00,99963.1047988897
2025-01-08 17:15:00+00:00,99963.1047988897
2025-01-08 17:30:00+00:00,99963.1047988897
2025-01-08 17:45:00+00:00,99963.1047988897
2025-01-08 18:00:00+00:00,99963.1047988897
2025-01-08 18:15:00+00:00,99963.1047988897
2025-01-08 18:30:00+00:00,99963.1047988897
2025-01-08 18:45:00+00:00,99963.1047988897
2025-01-08 19:00:00+00:00,99963.1047988897
2025-01-08 19:15:00+00:00,99963.1047988897
2025-01-08 19:30:00+00:00,99963.1047988897
2025-01-08 19:45:00+00:00,99963.1047988897
2025-01-08 20:00:00+00:00,99963.1047988897
2025-01-08 20:15:00+00:00,99963.1047988897
2025-01-08 20:30:00+00:00,99963.1047988897
2025-01-08 20:45:00+00:00,99963.1047988897
2025-01-08 21:00:00+00:00,99963.1047988897
2025-01-08 21:15:00+00:00,99963.1047988897
2025-01-08 21:30:00+00:00,99963.1047988897
2025-01-08 21:45:00+00:00,99963.1047988897
2025-01-08 22:00:00+00:00,99963.1047988897
2025-01-08 22:15:00+00:00,99963.1047988897
2025-01-08 22:30:00+00:00,99963.1047988897
2025-01-08 22:45:00+00:00,99963.1047988897
2025-01-08 23:00:00+00:00,99963.1047988897
2025-01-08 23:15:00+00:00,99963.1047988897
2025-01-08 23:30:00+00:00,99963.1047988897
2025-01-08 23:45:00+00:00,99963.1047988897
2025-01-09 00:00:00+00:00,99963.1047988897
2025-01-09 00:15:00+00:00,99963.1047988897
2025-01-09 00:30:00+00:00,99963.1047988897
2025-01-09 00:45:00+00:00,99963.1047988897
2025-01-09 01:00:00+00:00,99963.1047988897
2025-01-09 01:15:00+00:00,99963.1047988897
2025-01-09 01:30:00+00:00,99963.1047988897
2025-01-09 01:45:00+00:00,99963.1047988897
2025-01-09 02:00:00+00:00,99963.1047988897
2025-01-09 02:15:00+00:00,99963.1047988897
2025-01-09 02:30:00+00:00,99963.1047988897
2025-01-09 02:45:00+00:00,99963.1047988897
2025-01-09 03:00:00+00:00,99963.1047988897
2025-01-09 03:15:00+00:00,99963.1047988897
2025-01-09 03:30:00+00:00,99963.1047988897
2025-01-09 03:45:00+00:00,99963.1047988897
2025-01-09 04:00:00+00:00,99963.1047988897
2025-01-09 04:15:00+00:00,99963.1047988897
2025-01-09 04:30:00+00:00,99963.1047988897
2025-01-09 04:45:00+00:00,99963.1047988897
2025-01-09 05:00:00+00:00,99963.1047988897
2025-01-09 05:15:00+00:00,99963.1047988897
2025-01-09 05:30:00+00:00,99963.1047988897
2025-01-09 05:45:00+00:00,99963.1047988897
2025-01-09 06:00:00+00:00,99963.1047988897
2025-01-09 06:15:00+00:00,99963.1047988897
2025-01-09 06:30:00+00:00,99963.1047988897
2025-01-09 06:45:00+00:00,99963.1047988897
2025-01-09 07:00:00+00:00,99963.1047988897
2025-01-09 07:15:00+00:00,99963.1047988897
2025-01-09 07:30:00+00:00,99963.1047988897
2025-01-09 07:45:00+00:00,99963.1047988897
2025-01-09 08:00:00+00:00,99963.1047988897
2025-01-09 08:15:00+00:00,99963.1047988897
2025-01-09 08:30:00+00:00,99963.1047988897
2025-01-09 08:45:00+00:00,99963.1047988897
2025-01-09 09:00:00+00:00,99963.1047988897
2025-01-09 09:15:00+00:00,99963.1047988897
2025-01-09 09:30:00+00:00,99963.1047988897
2025-01-09 09:45:00+00:00,99963.1047988897
2025-01-09 10:00:00+00:00,99963.1047988897
2025-01-09 10:15:00+00:00,99963.1047988897
2025-01-09 10:30:00+00:00,99963.1047988897
2025-01-09 10:45:00+00:00,99963.1047988897
2025-01-09 11:00:00+00:00,99963.1047988897
2025-01-09 11:15:00+00:00,99963.1047988897
2025-01-09 11:30:00+00:00,99963.1047988897
2025-01-09 11:45:00+00:00,99963.1047988897
2025-01-09 12:00:00+00:00,99963.1047988897
2025-01-09 12:15:00+00:00,99963.1047988897
2025-01-09 12:30:00+00:00,99963.1047988897
2025-01-09 12:45:00+00:00,99963.1047988897
2025-01-09 13:00:00+00:00,99963.1047988897
2025-01-09 13:15:00+00:00,99963.1047988897
2025-01-09 13:30:00+00:00,99963.1047988897
2025-01-09 13:45:00+00:00,99963.1047988897
2025-01-09 14:00:00+00:00,99963.1047988897
2025-01-09 14:15:00+00:00,99963.1047988897
2025-01-09 14:30:00+00:00,99963.1047988897
2025-01-09 14:45:00+00:00,99963.1047988897
2025-01-09 15:00:00+00:00,99963.1047988897
2025-01-09 15:15:00+00:00,99963.1047988897
2025-01-09 15:30:00+00:00,99963.1047988897
2025-01-09 15:45:00+00:00,99963.1047988897
2025-01-09 16:00:00+00:00,99963.1047988897
2025-01-09 16:15:00+00:00,99963.1047988897
2025-01-09 16:30:00+00:00,99963.1047988897
2025-01-09 16:45:00+00:00,99963.1047988897
2025-01-09 17:00:00+00:00,99963.1047988897
2025-01-09 17:15:00+00:00,99963.1047988897
2025-01-09 17:30:00+00:00,99963.1047988897
2025-01-09 17:45:00+00:00,99963.1047988897
2025-01-09 18:00:00+00:00,99963.1047988897
2025-01-09 18:15:00+00:00,99963.1047988897
2025-01-09 18:30:00+00:00,99963.1047988897
2025-01-09 18:45:00+00:00,99963.1047988897
2025-01-09 19:00:00+00:00,99963.1047988897
2025-01-09 19:15:00+00:00,99963.1047988897
2025-01-09 19:30:00+00:00,99963.1047988897
2025-01-09 19:45:00+00:00,99963.1047988897
2025-01-09 20:00:00+00:00,99963.1047988897
2025-01-09 20:15:00+00:00,99963.1047988897
2025-01-09 20:30:00+00:00,99963.1047988897
2025-01-09 20:45:00+00:00,99963.1047988897
2025-01-09 21:00:00+00:00,99963.1047988897
2025-01-09 21:15:00+00:00,99963.1047988897
2025-01-09 21:30:00+00:00,99963.1047988897
2025-01-09 21:45:00+00:00,99963.1047988897
2025-01-09 22:00:00+00:00,99963.1047988897
2025-01-09 22:15:00+00:00,99963.1047988897
2025-01-09 22:30:00+00:00,99963.1047988897
2025-01-09 22:45:00+00:00,99963.1047988897
2025-01-09 23:00:00+00:00,99963.1047988897
2025-01-09 23:15:00+00:00,99963.1047988897
2025-01-09 23:30:00+00:00,99963.1047988897
2025-01-09 23:45:00+00:00,99963.1047988897
2025-01-10 00:00:00+00:00,99963.1047988897
2025-01-10 00:15:00+00:00,99963.1047988897
2025-01-10 00:30:00+00:00,99963.1047988897
2025-01-10 00:45:00+00:00,99963.1047988897
2025-01-10 01:00:00+00:00,99963.1047988897
2025-01-10 01:15:00+00:00,99963.1047988897
2025-01-10 01:30:00+00:00,99963.1047988897
2025-01-10 01:45:00+00:00,99963.1047988897
2025-01-10 02:00:00+00:00,99963.1047988897
2025-01-10 02:15:00+00:00,99963.1047988897
2025-01-10 02:30:00+00:00,99963.1047988897
2025-01-10 02:45:00+00:00,99963.1047988897
2025-01-10 03:00:00+00:00,99963.1047988897
2025-01-10 03:15:00+00:00,99963.1047988897
2025-01-10 03:30:00+00:00,99963.1047988897
2025-01-10 03:45:00+00:00,99963.1047988897
2025-01-10 04:00:00+00:00,99963.1047988897
2025-01-10 04:15:00+00:00,99963.1047988897
2025-01-10 04:30:00+00:00,99963.1047988897
2025-01-10 04:45:00+00:00,99963.1047988897
2025-01-10 05:00:00+00:00,99963.1047988897
2025-01-10 05:15:00+00:00,99963.1047988897
2025-01-10 05:30:00+00:00,99963.1047988897
2025-01-10 05:45:00+00:00,99963.1047988897
2025-01-10 06:00:00+00:00,99963.1047988897
2025-01-10 06:15:00+00:00,99963.1047988897
2025-01-10 06:30:00+00:00,99963.1047988897
2025-01-10 06:45:00+00:00,99963.1047988897
2025-01-10 07:00:00+00:00,99963.1047988897
2025-01-10 07:15:00+00:00,99963.1047988897
2025-01-10 07:30:00+00:00,99963.1047988897
2025-01-10 07:45:00+00:00,99963.1047988897
2025-01-10 08:00:00+00:00,99963.1047988897
2025-01-10 08:15:00+00:00,99963.1047988897
2025-01-10 08:30:00+00:00,99963.1047988897
2025-01-10 08:45:00+00:00,99963.1047988897
2025-01-10 09:00:00+00:00,99963.1047988897
2025-01-10 09:15:00+00:00,99963.1047988897
2025-01-10 09:30:00+00:00,99963.1047988897
2025-01-10 09:45:00+00:00,99963.1047988897
2025-01-10 10:00:00+00:00,99963.1047988897
2025-01-10 10:15:00+00:00,99963.1047988897
2025-01-10 10:30:00+00:00,99963.1047988897
2025-01-10 10:45:00+00:00,99963.1047988897
2025-01-10 11:00:00+00:00,99963.1047988897
2025-01-10 11:15:00+00:00,99963.1047988897
2025-01-10 11:30:00+00:00,99963.1047988897
2025-01-10 11:45:00+00:00,99963.1047988897
2025-01-10 12:00:00+00:00,99963.1047988897
2025-01-10 12:15:00+00:00,99963.1047988897
2025-01-10 12:30:00+00:00,99963.1047988897
2025-01-10 12:45:00+00:00,99963.1047988897
2025-01-10 13:00:00+00:00,99963.1047988897
2025-01-10 13:15:00+00:00,99963.1047988897
2025-01-10 13:30:00+00:00,99963.1047988897
2025-01-10 13:45:00+00:00,99963.1047988897
2025-01-10 14:00:00+00:00,99963.1047988897
2025-01-10 14:15:00+00:00,99963.1047988897
2025-01-10 14:30:00+00:00,99963.1047988897
2025-01-10 14:45:00+00:00,99963.1047988897
2025-01-10 15:00:00+00:00,99963.1047988897
2025-01-10 15:15:00+00:00,99963.1047988897
2025-01-10 15:30:00+00:00,99963.1047988897
2025-01-10 15:45:00+00:00,99963.1047988897
2025-01-10 16:00:00+00:00,99963.1047988897
2025-01-10 16:15:00+00:00,99963.1047988897
2025-01-10 16:30:00+00:00,99963.1047988897
2025-01-10 16:45:00+00:00,99963.1047988897
2025-01-10 17:00:00+00:00,99963.1047988897
2025-01-10 17:15:00+00:00,99963.1047988897
2025-01-10 17:30:00+00:00,99963.1047988897
2025-01-10 17:45:00+00:00,99963.1047988897
2025-01-10 18:00:00+00:00,99963.1047988897
2025-01-10 18:15:00+00:00,99963.1047988897
2025-01-10 18:30:00+00:00,99963.1047988897
2025-01-10 18:45:00+00:00,99963.1047988897
2025-01-10 19:00:00+00:00,99963.1047988897
2025-01-10 19:15:00+00:00,99963.1047988897
2025-01-10 19:30:00+00:00,99963.1047988897
2025-01-10 19:45:00+00:00,99963.1047988897
2025-01-10 20:00:00+00:00,99963.1047988897
2025-01-10 20:15:00+00:00,99963.1047988897
2025-01-10 20:30:00+00:00,99963.1047988897
2025-01-10 20:45:00+00:00,99963.1047988897
2025-01-10 21:00:00+00:00,99963.1047988897
2025-01-10 21:15:00+00:00,99963.1047988897
2025-01-10 21:30:00+00:00,99963.1047988897
2025-01-10 21:45:00+00:00,99963.1047988897
2025-01-10 22:00:00+00:00,99963.1047988897
2025-01-10 22:15:00+00:00,99963.1047988897
2025-01-10 22:30:00+00:00,99963.1047988897
2025-01-10 22:45:00+00:00,99963.1047988897
2025-01-10 23:00:00+00:00,99963.1047988897
2025-01-10 23:15:00+00:00,99963.1047988897
2025-01-10 23:30:00+00:00,99963.1047988897
2025-01-10 23:45:00+00:00,99963.1047988897
2025-01-11 00:00:00+00:00,99963.1047988897
2025-01-11 00:15:00+00:00,99963.1047988897
2025-01-11 00:30:00+00:00,99963.1047988897
2025-01-11 00:45:00+00:00,99963.1047988897
2025-01-11 01:00:00+00:00,99963.1047988897
2025-01-11 01:15:00+00:00,99963.1047988897
2025-01-11 01:30:00+00:00,99963.1047988897
2025-01-11 01:45:00+00:00,99963.1047988897
2025-01-11 02:00:00+00:00,99963.1047988897
2025-01-11 02:15:00+00:00,99963.1047988897
2025-01-11 02:30:00+00:00,99963.1047988897
2025-01-11 02:45:00+00:00,99963.1047988897
2025-01-11 03:00:00+00:00,99963.1047988897
2025-01-11 03:15:00+00:00,99963.1047988897
2025-01-11 03:30:00+00:00,99963.1047988897
2025-01-11 03:45:00+00:00,99963.1047988897
2025-01-11 04:00:00+00:00,99963.1047988897
2025-01-11 04:15:00+00:00,99963.1047988897
2025-01-11 04:30:00+00:00,99963.1047988897
2025-01-11 04:45:00+00:00,99963.1047988897
2025-01-11 05:00:00+00:00,99963.1047988897
2025-01-11 05:15:00+00:00,99963.1047988897
2025-01-11 05:30:00+00:00,99963.1047988897
2025-01-11 05:45:00+00:00,99963.1047988897
2025-01-11 06:00:00+00:00,99963.1047988897
2025-01-11 06:15:00+00:00,99963.1047988897
2025-01-11 06:30:00+00:00,99963.1047988897
2025-01-11 06:45:00+00:00,99963.1047988897
2025-01-11 07:00:00+00:00,99963.1047988897
2025-01-11 07:15:00+00:00,99963.1047988897
2025-01-11 07:30:00+00:00,99963.1047988897
2025-01-11 07:45:00+00:00,99963.1047988897
2025-01-11 08:00:00+00:00,99963.1047988897
2025-01-11 08:15:00+00:00,99963.1047988897
2025-01-11 08:30:00+00:00,99963.1047988897
2025-01-11 08:45:00+00:00,99963.1047988897
2025-01-11 09:00:00+00:00,99963.1047988897
2025-01-11 09:15:00+00:00,99963.1047988897
2025-01-11 09:30:00+00:00,99963.1047988897
2025-01-11 09:45:00+00:00,99963.1047988897
2025-01-11 10:00:00+00:00,99963.1047988897
2025-01-11 10:15:00+00:00,99963.1047988897
2025-01-11 10:30:00+00:00,99963.1047988897
2025-01-11 10:45:00+00:00,99963.1047988897
2025-01-11 11:00:00+00:00,99963.1047988897
2025-01-11 11:15:00+00:00,99963.1047988897
2025-01-11 11:30:00+00:00,99963.1047988897
2025-01-11 11:45:00+00:00,99963.1047988897
2025-01-11 12:00:00+00:00,99963.1047988897
2025-01-11 12:15:00+00:00,99963.1047988897
2025-01-11 12:30:00+00:00,99963.1047988897
2025-01-11 12:45:00+00:00,99963.1047988897
2025-01-11 13:00:00+00:00,99963.1047988897
2025-01-11 13:15:00+00:00,99963.1047988897
2025-01-11 13:30:00+00:00,99963.1047988897
2025-01-11 13:45:00+00:00,99963.1047988897
2025-01-11 14:00:00+00:00,99963.1047988897
2025-01-11 14:15:00+00:00,99963.1047988897
2025-01-11 14:30:00+00:00,99963.1047988897
2025-01-11 14:45:00+00:00,99963.1047988897
2025-01-11 15:00:00+00:00,99963.1047988897
2025-01-11 15:15:00+00:00,99963.1047988897
2025-01-11 15:30:00+00:00,99963.1047988897
2025-01-11 15:45:00+00:00,99963.1047988897
2025-01-11 16:00:00+00:00,99963.1047988897
2025-01-11 16:15:00+00:00,99963.1047988897
2025-01-11 16:30:00+00:00,99963.1047988897
2025-01-11 16:45:00+00:00,99963.1047988897
2025-01-11 17:00:00+00:00,99963.1047988897
2025-01-11 17:15:00+00:00,99963.1047988897
2025-01-11 17:30:00+00:00,99963.1047988897
2025-01-11 17:45:00+00:00,99963.1047988897
2025-01-11 18:00:00+00:00,99963.1047988897
2025-01-11 18:15:00+00:00,99963.1047988897
2025-01-11 18:30:00+00:00,99963.1047988897
2025-01-11 18:45:00+00:00,99963.1047988897
2025-01-11 19:00:00+00:00,99963.1047988897
2025-01-11 19:15:00+00:00,99963.1047988897
2025-01-11 19:30:00+00:00,99963.1047988897
2025-01-11 19:45:00+00:00,99963.1047988897
2025-01-11 20:00:00+00:00,99963.1047988897
2025-01-11 20:15:00+00:00,99963.1047988897
2025-01-11 20:30:00+00:00,99963.1047988897
2025-01-11 20:45:00+00:00,99963.1047988897
2025-01-11 21:00:00+00:00,99963.1047988897
2025-01-11 21:15:00+00:00,99963.1047988897
2025-01-11 21:30:00+00:00,99963.1047988897
2025-01-11 21:45:00+00:00,99963.1047988897
2025-01-11 22:00:00+00:00,99963.1047988897
2025-01-11 22:15:00+00:00,99963.1047988897
2025-01-11 22:30:00+00:00,99963.1047988897
2025-01-11 22:45:00+00:00,99963.1047988897
2025-01-11 23:00:00+00:00,99963.1047988897
2025-01-11 23:15:00+00:00,99963.1047988897
2025-01-11 23:30:00+00:00,99963.1047988897
2025-01-11 23:45:00+00:00,99963.1047988897
2025-01-12 00:00:00+00:00,99963.1047988897
2025-01-12 00:15:00+00:00,99963.1047988897
2025-01-12 00:30:00+00:00,99963.1047988897
2025-01-12 00:45:00+00:00,99963.1047988897
2025-01-12 01:00:00+00:00,99963.1047988897
2025-01-12 01:15:00+00:00,99963.1047988897
2025-01-12 01:30:00+00:00,99963.1047988897
2025-01-12 01:45:00+00:00,99963.1047988897
2025-01-12 02:00:00+00:00,99963.1047988897
2025-01-12 02:15:00+00:00,99963.1047988897
2025-01-12 02:30:00+00:00,99963.1047988897
2025-01-12 02:45:00+00:00,99963.1047988897
2025-01-12 03:00:00+00:00,99963.1047988897
2025-01-12 03:15:00+00:00,99963.1047988897
2025-01-12 03:30:00+00:00,99963.1047988897
2025-01-12 03:45:00+00:00,99963.1047988897
2025-01-12 04:00:00+00:00,99963.1047988897
2025-01-12 04:15:00+00:00,99963.1047988897
2025-01-12 04:30:00+00:00,99963.1047988897
2025-01-12 04:45:00+00:00,99963.1047988897
2025-01-12 05:00:00+00:00,99963.1047988897
2025-01-12 05:15:00+00:00,99963.1047988897
2025-01-12 05:30:00+00:00,99963.1047988897
2025-01-12 05:45:00+00:00,99963.1047988897
2025-01-12 06:00:00+00:00,99963.1047988897
2025-01-12 06:15:00+00:00,99963.1047988897
2025-01-12 06:30:00+00:00,99963.1047988897
2025-01-12 06:45:00+00:00,99963.1047988897
2025-01-12 07:00:00+00:00,99963.1047988897
2025-01-12 07:15:00+00:00,99963.1047988897
2025-01-12 07:30:00+00:00,99963.1047988897
2025-01-12 07:45:00+00:00,99963.1047988897
2025-01-12 08:00:00+00:00,99963.1047988897
2025-01-12 08:15:00+00:00,99963.1047988897
2025-01-12 08:30:00+00:00,99963.1047988897
2025-01-12 08:45:00+00:00,99963.1047988897
2025-01-12 09:00:00+00:00,99963.1047988897
2025-01-12 09:15:00+00:00,99963.1047988897
2025-01-12 09:30:00+00:00,99963.1047988897
2025-01-12 09:45:00+00:00,99963.1047988897
2025-01-12 10:00:00+00:00,99963.1047988897
2025-01-12 10:15:00+00:00,99963.1047988897
2025-01-12 10:30:00+00:00,99963.1047988897
2025-01-12 10:45:00+00:00,99963.1047988897
2025-01-12 11:00:00+00:00,99963.1047988897
2025-01-12 11:15:00+00:00,99963.1047988897
2025-01-12 11:30:00+00:00,99963.1047988897
2025-01-12 11:45:00+00:00,99963.1047988897
2025-01-12 12:00:00+00:00,99963.1047988897
2025-01-12 12:15:00+00:00,99963.1047988897
2025-01-12 12:30:00+00:00,99963.1047988897
2025-01-12 12:45:00+00:00,99963.1047988897
2025-01-12 13:00:00+00:00,99963.1047988897
2025-01-12 13:15:00+00:00,99963.1047988897
2025-01-12 13:30:00+00:00,99963.1047988897
2025-01-12 13:45:00+00:00,99963.1047988897
2025-01-12 14:00:00+00:00,99963.1047988897
2025-01-12 14:15:00+00:00,99963.1047988897
2025-01-12 14:30:00+00:00,99963.1047988897
2025-01-12 14:45:00+00:00,99963.1047988897
2025-01-12 15:00:00+00:00,99963.1047988897
2025-01-12 15:15:00+00:00,99963.1047988897
2025-01-12 15:30:00+00:00,99963.1047988897
2025-01-12 15:45:00+00:00,99963.1047988897
2025-01-12 16:00:00+00:00,99963.1047988897
2025-01-12 16:15:00+00:00,99963.1047988897
2025-01-12 16:30:00+00:00,99963.1047988897
2025-01-12 16:45:00+00:00,99963.1047988897
2025-01-12 17:00:00+00:00,99963.1047988897
2025-01-12 17:15:00+00:00,99963.1047988897
2025-01-12 17:30:00+00:00,99963.1047988897
2025-01-12 17:45:00+00:00,99963.1047988897
2025-01-12 18:00:00+00:00,99963.1047988897
2025-01-12 18:15:00+00:00,99963.1047988897
2025-01-12 18:30:00+00:00,99963.1047988897
2025-01-12 18:45:00+00:00,99963.1047988897
2025-01-12 19:00:00+00:00,99963.1047988897
2025-01-12 19:15:00+00:00,99963.1047988897
2025-01-12 19:30:00+00:00,99963.1047988897
2025-01-12 19:45:00+00:00,99963.1047988897
2025-01-12 20:00:00+00:00,99963.1047988897
2025-01-12 20:15:00+00:00,99963.1047988897
2025-01-12 20:30:00+00:00,99963.1047988897
2025-01-12 20:45:00+00:00,99963.1047988897
2025-01-12 21:00:00+00:00,99963.1047988897
2025-01-12 21:15:00+00:00,99963.1047988897
2025-01-12 21:30:00+00:00,99963.1047988897
2025-01-12 21:45:00+00:00,99963.1047988897
2025-01-12 22:00:00+00:00,99963.1047988897
2025-01-12 22:15:00+00:00,99963.1047988897
2025-01-12 22:30:00+00:00,99963.1047988897
2025-01-12 22:45:00+00:00,99963.1047988897
2025-01-12 23:00:00+00:00,99963.1047988897
2025-01-12 23:15:00+00:00,99963.1047988897
2025-01-12 23:30:00+00:00,99963.1047988897
2025-01-12 23:45:00+00:00,99963.1047988897
2025-01-13 00:00:00+00:00,99963.1047988897
2025-01-13 00:15:00+00:00,99963.1047988897
2025-01-13 00:30:00+00:00,99963.1047988897
2025-01-13 00:45:00+00:00,99963.1047988897
2025-01-13 01:00:00+00:00,99963.1047988897
2025-01-13 01:15:00+00:00,99963.1047988897
2025-01-13 01:30:00+00:00,99963.1047988897
2025-01-13 01:45:00+00:00,99963.1047988897
2025-01-13 02:00:00+00:00,99963.1047988897
2025-01-13 02:15:00+00:00,99963.1047988897
2025-01-13 02:30:00+00:00,99963.1047988897
2025-01-13 02:45:00+00:00,99963.1047988897
2025-01-13 03:00:00+00:00,99963.1047988897
2025-01-13 03:15:00+00:00,99963.1047988897
2025-01-13 03:30:00+00:00,99963.1047988897
2025-01-13 03:45:00+00:00,99963.1047988897
2025-01-13 04:00:00+00:00,99963.1047988897
2025-01-13 04:15:00+00:00,99963.1047988897
2025-01-13 04:30:00+00:00,99963.1047988897
2025-01-13 04:45:00+00:00,99963.1047988897
2025-01-13 05:00:00+00:00,99963.1047988897
2025-01-13 05:15:00+00:00,99963.1047988897
2025-01-13 05:30:00+00:00,99963.1047988897
2025-01-13 05:45:00+00:00,99963.1047988897
2025-01-13 06:00:00+00:00,99963.1047988897
2025-01-13 06:15:00+00:00,99963.1047988897
2025-01-13 06:30:00+00:00,99963.1047988897
2025-01-13 06:45:00+00:00,99963.1047988897
2025-01-13 07:00:00+00:00,99963.1047988897
2025-01-13 07:15:00+00:00,99963.1047988897
2025-01-13 07:30:00+00:00,99963.1047988897
2025-01-13 07:45:00+00:00,99963.1047988897
2025-01-13 08:00:00+00:00,99963.1047988897
2025-01-13 08:15:00+00:00,99963.1047988897
2025-01-13 08:30:00+00:00,99963.1047988897
2025-01-13 08:45:00+00:00,99963.1047988897
2025-01-13 09:00:00+00:00,99963.1047988897
2025-01-13 09:15:00+00:00,99963.1047988897
2025-01-13 09:30:00+00:00,99963.1047988897
2025-01-13 09:45:00+00:00,99963.1047988897
2025-01-13 10:00:00+00:00,99963.1047988897
2025-01-13 10:15:00+00:00,99963.1047988897
2025-01-13 10:30:00+00:00,99963.1047988897
2025-01-13 10:45:00+00:00,99963.1047988897
2025-01-13 11:00:00+00:00,99963.1047988897
2025-01-13 11:15:00+00:00,99963.1047988897
2025-01-13 11:30:00+00:00,99963.1047988897
2025-01-13 11:45:00+00:00,99963.1047988897
2025-01-13 12:00:00+00:00,99963.1047988897
2025-01-13 12:15:00+00:00,99963.1047988897
2025-01-13 12:30:00+00:00,99963.1047988897
2025-01-13 12:45:00+00:00,99963.1047988897
2025-01-13 13:00:00+00:00,99963.1047988897
2025-01-13 13:15:00+00:00,99963.1047988897
2025-01-13 13:30:00+00:00,99963.1047988897
2025-01-13 13:45:00+00:00,99963.1047988897
2025-01-13 14:00:00+00:00,99963.1047988897
2025-01-13 14:15:00+00:00,99963.1047988897
2025-01-13 14:30:00+00:00,99963.1047988897
2025-01-13 14:45:00+00:00,99963.1047988897
2025-01-13 15:00:00+00:00,99963.1047988897
2025-01-13 15:15:00+00:00,99963.1047988897
2025-01-13 15:30:00+00:00,99963.1047988897
2025-01-13 15:45:00+00:00,99963.1047988897
2025-01-13 16:00:00+00:00,99963.1047988897
2025-01-13 16:15:00+00:00,99963.1047988897
2025-01-13 16:30:00+00:00,99963.1047988897
2025-01-13 16:45:00+00:00,99963.1047988897
2025-01-13 17:00:00+00:00,99963.1047988897
2025-01-13 17:15:00+00:00,99963.1047988897
2025-01-13 17:30:00+00:00,99963.1047988897
2025-01-13 17:45:00+00:00,99963.1047988897
2025-01-13 18:00:00+00:00,99963.1047988897
2025-01-13 18:15:00+00:00,99963.1047988897
2025-01-13 18:30:00+00:00,99963.1047988897
2025-01-13 18:45:00+00:00,99963.1047988897
2025-01-13 19:00:00+00:00,99963.1047988897
2025-01-13 19:15:00+00:00,99963.1047988897
2025-01-13 19:30:00+00:00,99963.1047988897
2025-01-13 19:45:00+00:00,99963.1047988897
2025-01-13 20:00:00+00:00,99963.1047988897
2025-01-13 20:15:00+00:00,99963.1047988897
2025-01-13 20:30:00+00:00,99949.50209938067
2025-01-13 20:45:00+00:00,99921.47001471402
2025-01-13 21:00:00+00:00,99921.47001471402
2025-01-13 21:15:00+00:00,99921.47001471402
2025-01-13 21:30:00+00:00,99921.47001471402
2025-01-13 21:45:00+00:00,99921.47001471402
2025-01-13 22:00:00+00:00,99921.47001471402
2025-01-13 22:15:00+00:00,99921.47001471402
2025-01-13 22:30:00+00:00,99921.47001471402
2025-01-13 22:45:00+00:00,99921.47001471402
2025-01-13 23:00:00+00:00,99921.47001471402
2025-01-13 23:15:00+00:00,99921.47001471402
2025-01-13 23:30:00+00:00,99921.47001471402
2025-01-13 23:45:00+00:00,99921.47001471402
2025-01-14 00:00:00+00:00,99921.47001471402
2025-01-14 00:15:00+00:00,99921.47001471402
2025-01-14 00:30:00+00:00,99921.47001471402
2025-01-14 00:45:00+00:00,99921.47001471402
2025-01-14 01:00:00+00:00,99921.47001471402
2025-01-14 01:15:00+00:00,99921.47001471402
2025-01-14 01:30:00+00:00,99921.47001471402
2025-01-14 01:45:00+00:00,99921.47001471402
2025-01-14 02:00:00+00:00,99921.47001471402
2025-01-14 02:15:00+00:00,99921.47001471402
2025-01-14 02:30:00+00:00,99921.47001471402
2025-01-14 02:45:00+00:00,99921.47001471402
2025-01-14 03:00:00+00:00,99921.47001471402
2025-01-14 03:15:00+00:00,99921.47001471402
2025-01-14 03:30:00+00:00,99921.47001471402
2025-01-14 03:45:00+00:00,99921.47001471402
2025-01-14 04:00:00+00:00,99921.47001471402
2025-01-14 04:15:00+00:00,99921.47001471402
2025-01-14 04:30:00+00:00,99921.47001471402
2025-01-14 04:45:00+00:00,99921.47001471402
2025-01-14 05:00:00+00:00,99921.47001471402
2025-01-14 05:15:00+00:00,99921.47001471402
2025-01-14 05:30:00+00:00,99921.47001471402
2025-01-14 05:45:00+00:00,99921.47001471402
2025-01-14 06:00:00+00:00,99921.47001471402
2025-01-14 06:15:00+00:00,99921.47001471402
2025-01-14 06:30:00+00:00,99921.47001471402
2025-01-14 06:45:00+00:00,99921.47001471402
2025-01-14 07:00:00+00:00,99921.47001471402
2025-01-14 07:15:00+00:00,99921.47001471402
2025-01-14 07:30:00+00:00,99921.47001471402
2025-01-14 07:45:00+00:00,99921.47001471402
2025-01-14 08:00:00+00:00,99921.47001471402
2025-01-14 08:15:00+00:00,99921.47001471402
2025-01-14 08:30:00+00:00,99921.47001471402
2025-01-14 08:45:00+00:00,99921.47001471402
2025-01-14 09:00:00+00:00,99921.47001471402
2025-01-14 09:15:00+00:00,99921.47001471402
2025-01-14 09:30:00+00:00,99921.47001471402
2025-01-14 09:45:00+00:00,99921.47001471402
2025-01-14 10:00:00+00:00,99921.47001471402
2025-01-14 10:15:00+00:00,99921.47001471402
2025-01-14 10:30:00+00:00,99921.47001471402
2025-01-14 10:45:00+00:00,99921.47001471402
2025-01-14 11:00:00+00:00,99921.47001471402
2025-01-14 11:15:00+00:00,99921.47001471402
2025-01-14 11:30:00+00:00,99921.47001471402
2025-01-14 11:45:00+00:00,99921.47001471402
2025-01-14 12:00:00+00:00,99921.47001471402
2025-01-14 12:15:00+00:00,99921.47001471402
2025-01-14 12:30:00+00:00,99921.47001471402
2025-01-14 12:45:00+00:00,99921.47001471402
2025-01-14 13:00:00+00:00,99921.47001471402
2025-01-14 13:15:00+00:00,99921.47001471402
2025-01-14 13:30:00+00:00,99921.47001471402
2025-01-14 13:45:00+00:00,99921.47001471402
2025-01-14 14:00:00+00:00,99921.47001471402
2025-01-14 14:15:00+00:00,99921.47001471402
2025-01-14 14:30:00+00:00,99921.47001471402
2025-01-14 14:45:00+00:00,99921.47001471402
2025-01-14 15:00:00+00:00,99921.47001471402
2025-01-14 15:15:00+00:00,99921.47001471402
2025-01-14 15:30:00+00:00,99921.47001471402
2025-01-14 15:45:00+00:00,99921.47001471402
2025-01-14 16:00:00+00:00,99921.47001471402
2025-01-14 16:15:00+00:00,99921.47001471402
2025-01-14 16:30:00+00:00,99921.47001471402
2025-01-14 16:45:00+00:00,99921.47001471402
2025-01-14 17:00:00+00:00,99921.47001471402
2025-01-14 17:15:00+00:00,99921.47001471402
2025-01-14 17:30:00+00:00,99921.47001471402
2025-01-14 17:45:00+00:00,99921.47001471402
2025-01-14 18:00:00+00:00,99921.47001471402
2025-01-14 18:15:00+00:00,99921.47001471402
2025-01-14 18:30:00+00:00,99921.47001471402
2025-01-14 18:45:00+00:00,99921.47001471402
2025-01-14 19:00:00+00:00,99921.47001471402
2025-01-14 19:15:00+00:00,99921.47001471402
2025-01-14 19:30:00+00:00,99921.47001471402
2025-01-14 19:45:00+00:00,99921.47001471402
2025-01-14 20:00:00+00:00,99921.47001471402
2025-01-14 20:15:00+00:00,99921.47001471402
2025-01-14 20:30:00+00:00,99921.47001471402
2025-01-14 20:45:00+00:00,99921.47001471402
2025-01-14 21:00:00+00:00,99921.47001471402
2025-01-14 21:15:00+00:00,99921.47001471402
2025-01-14 21:30:00+00:00,99921.47001471402
2025-01-14 21:45:00+00:00,99921.47001471402
2025-01-14 22:00:00+00:00,99921.47001471402
2025-01-14 22:15:00+00:00,99921.47001471402
2025-01-14 22:30:00+00:00,99921.47001471402
2025-01-14 22:45:00+00:00,99921.47001471402
2025-01-14 23:00:00+00:00,99921.47001471402
2025-01-14 23:15:00+00:00,99921.47001471402
2025-01-14 23:30:00+00:00,99921.47001471402
2025-01-14 23:45:00+00:00,99921.47001471402
2025-01-15 00:00:00+00:00,99921.47001471402
2025-01-15 00:15:00+00:00,99926.96013508411
2025-01-15 00:30:00+00:00,99922.53538529029
2025-01-15 00:45:00+00:00,99922.53538529029
2025-01-15 01:00:00+00:00,99922.53538529029
2025-01-15 01:15:00+00:00,99922.53538529029
2025-01-15 01:30:00+00:00,99922.53538529029
2025-01-15 01:45:00+00:00,99922.53538529029
2025-01-15 02:00:00+00:00,99922.53538529029
2025-01-15 02:15:00+00:00,99922.53538529029
2025-01-15 02:30:00+00:00,99922.53538529029
2025-01-15 02:45:00+00:00,99922.53538529029
2025-01-15 03:00:00+00:00,99922.53538529029
2025-01-15 03:15:00+00:00,99922.53538529029
2025-01-15 03:30:00+00:00,99922.53538529029
2025-01-15 03:45:00+00:00,99922.53538529029
2025-01-15 04:00:00+00:00,99922.53538529029
2025-01-15 04:15:00+00:00,99922.53538529029
2025-01-15 04:30:00+00:00,99922.53538529029
2025-01-15 04:45:00+00:00,99922.53538529029
2025-01-15 05:00:00+00:00,99922.53538529029
2025-01-15 05:15:00+00:00,99922.53538529029
2025-01-15 05:30:00+00:00,99922.53538529029
2025-01-15 05:45:00+00:00,99922.53538529029
2025-01-15 06:00:00+00:00,99922.53538529029
2025-01-15 06:15:00+00:00,99922.53538529029
2025-01-15 06:30:00+00:00,99922.53538529029
2025-01-15 06:45:00+00:00,99922.53538529029
2025-01-15 07:00:00+00:00,99922.53538529029
2025-01-15 07:15:00+00:00,99922.53538529029
2025-01-15 07:30:00+00:00,99922.53538529029
2025-01-15 07:45:00+00:00,99922.53538529029
2025-01-15 08:00:00+00:00,99922.53538529029
2025-01-15 08:15:00+00:00,99922.53538529029
2025-01-15 08:30:00+00:00,99922.53538529029
2025-01-15 08:45:00+00:00,99922.53538529029
2025-01-15 09:00:00+00:00,99922.53538529029
2025-01-15 09:15:00+00:00,99922.53538529029
2025-01-15 09:30:00+00:00,99922.53538529029
2025-01-15 09:45:00+00:00,99922.53538529029
2025-01-15 10:00:00+00:00,99922.53538529029
2025-01-15 10:15:00+00:00,99922.53538529029
2025-01-15 10:30:00+00:00,99922.53538529029
2025-01-15 10:45:00+00:00,99922.53538529029
2025-01-15 11:00:00+00:00,99922.53538529029
2025-01-15 11:15:00+00:00,99922.53538529029
2025-01-15 11:30:00+00:00,99922.53538529029
2025-01-15 11:45:00+00:00,99922.53538529029
2025-01-15 12:00:00+00:00,99922.53538529029
2025-01-15 12:15:00+00:00,99922.53538529029
2025-01-15 12:30:00+00:00,99922.53538529029
2025-01-15 12:45:00+00:00,99922.53538529029
2025-01-15 13:00:00+00:00,99922.53538529029
2025-01-15 13:15:00+00:00,99922.53538529029
2025-01-15 13:30:00+00:00,99922.53538529029
2025-01-15 13:45:00+00:00,99922.53538529029
2025-01-15 14:00:00+00:00,99922.53538529029
2025-01-15 14:15:00+00:00,99922.53538529029
2025-01-15 14:30:00+00:00,99922.53538529029
2025-01-15 14:45:00+00:00,99922.53538529029
2025-01-15 15:00:00+00:00,99922.53538529029
2025-01-15 15:15:00+00:00,99922.53538529029
2025-01-15 15:30:00+00:00,99922.53538529029
2025-01-15 15:45:00+00:00,99922.53538529029
2025-01-15 16:00:00+00:00,99922.53538529029
2025-01-15 16:15:00+00:00,99922.53538529029
2025-01-15 16:30:00+00:00,99922.53538529029
2025-01-15 16:45:00+00:00,99922.53538529029
2025-01-15 17:00:00+00:00,99922.53538529029
2025-01-15 17:15:00+00:00,99922.53538529029
2025-01-15 17:30:00+00:00,99922.53538529029
2025-01-15 17:45:00+00:00,99922.53538529029
2025-01-15 18:00:00+00:00,99922.53538529029
2025-01-15 18:15:00+00:00,99922.53538529029
2025-01-15 18:30:00+00:00,99922.53538529029
2025-01-15 18:45:00+00:00,99922.53538529029
2025-01-15 19:00:00+00:00,99922.53538529029
2025-01-15 19:15:00+00:00,99922.53538529029
2025-01-15 19:30:00+00:00,99922.53538529029
2025-01-15 19:45:00+00:00,99922.53538529029
2025-01-15 20:00:00+00:00,99922.53538529029
2025-01-15 20:15:00+00:00,99922.53538529029
2025-01-15 20:30:00+00:00,99922.53538529029
2025-01-15 20:45:00+00:00,99922.53538529029
2025-01-15 21:00:00+00:00,99922.53538529029
2025-01-15 21:15:00+00:00,99922.53538529029
2025-01-15 21:30:00+00:00,99922.53538529029
2025-01-15 21:45:00+00:00,99922.53538529029
2025-01-15 22:00:00+00:00,99922.53538529029
2025-01-15 22:15:00+00:00,99922.53538529029
2025-01-15 22:30:00+00:00,99922.53538529029
2025-01-15 22:45:00+00:00,99922.53538529029
2025-01-15 23:00:00+00:00,99922.53538529029
2025-01-15 23:15:00+00:00,99922.53538529029
2025-01-15 23:30:00+00:00,99922.53538529029
2025-01-15 23:45:00+00:00,99922.53538529029
2025-01-16 00:00:00+00:00,99922.53538529029
2025-01-16 00:15:00+00:00,99922.53538529029
2025-01-16 00:30:00+00:00,99922.53538529029
2025-01-16 00:45:00+00:00,99922.53538529029
2025-01-16 01:00:00+00:00,99922.53538529029
2025-01-16 01:15:00+00:00,99922.53538529029
2025-01-16 01:30:00+00:00,99922.53538529029
2025-01-16 01:45:00+00:00,99922.53538529029
2025-01-16 02:00:00+00:00,99922.53538529029
2025-01-16 02:15:00+00:00,99922.53538529029
2025-01-16 02:30:00+00:00,99922.53538529029
2025-01-16 02:45:00+00:00,99922.53538529029
2025-01-16 03:00:00+00:00,99922.53538529029
2025-01-16 03:15:00+00:00,99922.53538529029
2025-01-16 03:30:00+00:00,99922.53538529029
2025-01-16 03:45:00+00:00,99922.53538529029
2025-01-16 04:00:00+00:00,99922.53538529029
2025-01-16 04:15:00+00:00,99922.53538529029
2025-01-16 04:30:00+00:00,99922.53538529029
2025-01-16 04:45:00+00:00,99922.53538529029
2025-01-16 05:00:00+00:00,99922.53538529029
2025-01-16 05:15:00+00:00,99922.53538529029
2025-01-16 05:30:00+00:00,99922.53538529029
2025-01-16 05:45:00+00:00,99922.53538529029
2025-01-16 06:00:00+00:00,99922.53538529029
2025-01-16 06:15:00+00:00,99922.53538529029
2025-01-16 06:30:00+00:00,99922.53538529029
2025-01-16 06:45:00+00:00,99922.53538529029
2025-01-16 07:00:00+00:00,99922.53538529029
2025-01-16 07:15:00+00:00,99922.53538529029
2025-01-16 07:30:00+00:00,99922.53538529029
2025-01-16 07:45:00+00:00,99922.53538529029
2025-01-16 08:00:00+00:00,99922.53538529029
2025-01-16 08:15:00+00:00,99922.53538529029
2025-01-16 08:30:00+00:00,99922.53538529029
2025-01-16 08:45:00+00:00,99922.53538529029
2025-01-16 09:00:00+00:00,99922.53538529029
2025-01-16 09:15:00+00:00,99922.53538529029
2025-01-16 09:30:00+00:00,99922.53538529029
2025-01-16 09:45:00+00:00,99922.53538529029
2025-01-16 10:00:00+00:00,99922.53538529029
2025-01-16 10:15:00+00:00,99922.53538529029
2025-01-16 10:30:00+00:00,99922.53538529029
2025-01-16 10:45:00+00:00,99922.53538529029
2025-01-16 11:00:00+00:00,99922.53538529029
2025-01-16 11:15:00+00:00,99922.53538529029
2025-01-16 11:30:00+00:00,99922.53538529029
2025-01-16 11:45:00+00:00,99922.53538529029
2025-01-16 12:00:00+00:00,99922.53538529029
2025-01-16 12:15:00+00:00,99922.53538529029
2025-01-16 12:30:00+00:00,99922.53538529029
2025-01-16 12:45:00+00:00,99922.53538529029
2025-01-16 13:00:00+00:00,99922.53538529029
2025-01-16 13:15:00+00:00,99922.53538529029
2025-01-16 13:30:00+00:00,99922.53538529029
2025-01-16 13:45:00+00:00,99922.53538529029
2025-01-16 14:00:00+00:00,99922.53538529029
2025-01-16 14:15:00+00:00,99922.53538529029
2025-01-16 14:30:00+00:00,99922.53538529029
2025-01-16 14:45:00+00:00,99922.53538529029
2025-01-16 15:00:00+00:00,99922.53538529029
2025-01-16 15:15:00+00:00,99922.53538529029
2025-01-16 15:30:00+00:00,99922.53538529029
2025-01-16 15:45:00+00:00,99922.53538529029
2025-01-16 16:00:00+00:00,99922.53538529029
2025-01-16 16:15:00+00:00,99926.99833327394
2025-01-16 16:30:00+00:00,99920.92393712935
2025-01-16 16:45:00+00:00,99921.46182175857
2025-01-16 17:00:00+00:00,99922.18614038485
2025-01-16 17:15:00+00:00,99929.34173603724
2025-01-16 17:30:00+00:00,99931.24878912658
2025-01-16 17:45:00+00:00,99928.88871788034
2025-01-16 18:00:00+00:00,99927.84047073981
2025-01-16 18:15:00+00:00,99927.84047073981
2025-01-16 18:30:00+00:00,99927.84047073981
2025-01-16 18:45:00+00:00,99927.84047073981
2025-01-16 19:00:00+00:00,99927.84047073981
2025-01-16 19:15:00+00:00,99927.84047073981
2025-01-16 19:30:00+00:00,99927.84047073981
2025-01-16 19:45:00+00:00,99927.84047073981
2025-01-16 20:00:00+00:00,99927.84047073981
2025-01-16 20:15:00+00:00,99927.84047073981
2025-01-16 20:30:00+00:00,99927.84047073981
2025-01-16 20:45:00+00:00,99927.84047073981
2025-01-16 21:00:00+00:00,99927.84047073981
2025-01-16 21:15:00+00:00,99927.84047073981
2025-01-16 21:30:00+00:00,99927.84047073981
2025-01-16 21:45:00+00:00,99927.84047073981
2025-01-16 22:00:00+00:00,99927.84047073981
2025-01-16 22:15:00+00:00,99927.84047073981
2025-01-16 22:30:00+00:00,99927.84047073981
2025-01-16 22:45:00+00:00,99927.84047073981
2025-01-16 23:00:00+00:00,99927.84047073981
2025-01-16 23:15:00+00:00,99927.84047073981
2025-01-16 23:30:00+00:00,99927.84047073981
2025-01-16 23:45:00+00:00,99927.84047073981
2025-01-17 00:00:00+00:00,99927.84047073981
2025-01-17 00:15:00+00:00,99927.84047073981
2025-01-17 00:30:00+00:00,99927.84047073981
2025-01-17 00:45:00+00:00,99927.84047073981
2025-01-17 01:00:00+00:00,99927.84047073981
2025-01-17 01:15:00+00:00,99927.84047073981
2025-01-17 01:30:00+00:00,99927.84047073981
2025-01-17 01:45:00+00:00,99927.84047073981
2025-01-17 02:00:00+00:00,99927.84047073981
2025-01-17 02:15:00+00:00,99927.84047073981
2025-01-17 02:30:00+00:00,99927.84047073981
2025-01-17 02:45:00+00:00,99927.84047073981
2025-01-17 03:00:00+00:00,99927.84047073981
2025-01-17 03:15:00+00:00,99927.84047073981
2025-01-17 03:30:00+00:00,99927.84047073981
2025-01-17 03:45:00+00:00,99927.84047073981
2025-01-17 04:00:00+00:00,99927.84047073981
2025-01-17 04:15:00+00:00,99927.84047073981
2025-01-17 04:30:00+00:00,99927.84047073981
2025-01-17 04:45:00+00:00,99927.84047073981
2025-01-17 05:00:00+00:00,99927.84047073981
2025-01-17 05:15:00+00:00,99927.84047073981
2025-01-17 05:30:00+00:00,99927.84047073981
2025-01-17 05:45:00+00:00,99927.84047073981
2025-01-17 06:00:00+00:00,99927.84047073981
2025-01-17 06:15:00+00:00,99927.84047073981
2025-01-17 06:30:00+00:00,99927.84047073981
2025-01-17 06:45:00+00:00,99927.84047073981
2025-01-17 07:00:00+00:00,99927.84047073981
2025-01-17 07:15:00+00:00,99927.84047073981
2025-01-17 07:30:00+00:00,99927.84047073981
2025-01-17 07:45:00+00:00,99927.84047073981
2025-01-17 08:00:00+00:00,99927.84047073981
2025-01-17 08:15:00+00:00,99927.84047073981
2025-01-17 08:30:00+00:00,99927.84047073981
2025-01-17 08:45:00+00:00,99927.84047073981
2025-01-17 09:00:00+00:00,99927.84047073981
2025-01-17 09:15:00+00:00,99927.84047073981
2025-01-17 09:30:00+00:00,99927.84047073981
2025-01-17 09:45:00+00:00,99927.84047073981
2025-01-17 10:00:00+00:00,99927.84047073981
2025-01-17 10:15:00+00:00,99927.84047073981
2025-01-17 10:30:00+00:00,99927.84047073981
2025-01-17 10:45:00+00:00,99927.84047073981
2025-01-17 11:00:00+00:00,99927.84047073981
2025-01-17 11:15:00+00:00,99927.84047073981
2025-01-17 11:30:00+00:00,99927.84047073981
2025-01-17 11:45:00+00:00,99927.84047073981
2025-01-17 12:00:00+00:00,99927.84047073981
2025-01-17 12:15:00+00:00,99927.84047073981
2025-01-17 12:30:00+00:00,99927.84047073981
2025-01-17 12:45:00+00:00,99927.84047073981
2025-01-17 13:00:00+00:00,99927.84047073981
2025-01-17 13:15:00+00:00,99927.84047073981
2025-01-17 13:30:00+00:00,99927.84047073981
2025-01-17 13:45:00+00:00,99927.84047073981
2025-01-17 14:00:00+00:00,99927.84047073981
2025-01-17 14:15:00+00:00,99927.84047073981
2025-01-17 14:30:00+00:00,99927.84047073981
2025-01-17 14:45:00+00:00,99927.84047073981
2025-01-17 15:00:00+00:00,99927.84047073981
2025-01-17 15:15:00+00:00,99927.84047073981
2025-01-17 15:30:00+00:00,99927.84047073981
2025-01-17 15:45:00+00:00,99927.84047073981
2025-01-17 16:00:00+00:00,99927.84047073981
2025-01-17 16:15:00+00:00,99925.66895475853
2025-01-17 16:30:00+00:00,99922.68671634569
2025-01-17 16:45:00+00:00,99920.35944692831
2025-01-17 17:00:00+00:00,99923.49304713697
2025-01-17 17:15:00+00:00,99910.89627839225
2025-01-17 17:30:00+00:00,99910.89627839225
2025-01-17 17:45:00+00:00,99910.89627839225
2025-01-17 18:00:00+00:00,99910.89627839225
2025-01-17 18:15:00+00:00,99910.89627839225
2025-01-17 18:30:00+00:00,99910.89627839225
2025-01-17 18:45:00+00:00,99910.89627839225
2025-01-17 19:00:00+00:00,99910.89627839225
2025-01-17 19:15:00+00:00,99910.89627839225
2025-01-17 19:30:00+00:00,99910.89627839225
2025-01-17 19:45:00+00:00,99910.89627839225
2025-01-17 20:00:00+00:00,99910.89627839225
2025-01-17 20:15:00+00:00,99910.89627839225
2025-01-17 20:30:00+00:00,99910.89627839225
2025-01-17 20:45:00+00:00,99910.89627839225
2025-01-17 21:00:00+00:00,99910.89627839225
2025-01-17 21:15:00+00:00,99910.89627839225
2025-01-17 21:30:00+00:00,99910.89627839225
2025-01-17 21:45:00+00:00,99910.89627839225
2025-01-17 22:00:00+00:00,99910.89627839225
2025-01-17 22:15:00+00:00,99910.89627839225
2025-01-17 22:30:00+00:00,99910.89627839225
2025-01-17 22:45:00+00:00,99910.89627839225
2025-01-17 23:00:00+00:00,99910.89627839225
2025-01-17 23:15:00+00:00,99910.89627839225
2025-01-17 23:30:00+00:00,99910.89627839225
2025-01-17 23:45:00+00:00,99910.89627839225
2025-01-18 00:00:00+00:00,99910.89627839225
2025-01-18 00:15:00+00:00,99910.89627839225
2025-01-18 00:30:00+00:00,99910.89627839225
2025-01-18 00:45:00+00:00,99910.89627839225
2025-01-18 01:00:00+00:00,99910.89627839225
2025-01-18 01:15:00+00:00,99910.89627839225
2025-01-18 01:30:00+00:00,99910.89627839225
2025-01-18 01:45:00+00:00,99910.89627839225
2025-01-18 02:00:00+00:00,99910.89627839225
2025-01-18 02:15:00+00:00,99910.89627839225
2025-01-18 02:30:00+00:00,99910.89627839225
2025-01-18 02:45:00+00:00,99910.89627839225
2025-01-18 03:00:00+00:00,99910.89627839225
2025-01-18 03:15:00+00:00,99910.89627839225
2025-01-18 03:30:00+00:00,99910.89627839225
2025-01-18 03:45:00+00:00,99910.89627839225
2025-01-18 04:00:00+00:00,99910.89627839225
2025-01-18 04:15:00+00:00,99910.89627839225
2025-01-18 04:30:00+00:00,99910.89627839225
2025-01-18 04:45:00+00:00,99910.89627839225
2025-01-18 05:00:00+00:00,99910.89627839225
2025-01-18 05:15:00+00:00,99910.89627839225
2025-01-18 05:30:00+00:00,99910.89627839225
2025-01-18 05:45:00+00:00,99910.89627839225
2025-01-18 06:00:00+00:00,99910.89627839225
2025-01-18 06:15:00+00:00,99910.89627839225
2025-01-18 06:30:00+00:00,99910.89627839225
2025-01-18 06:45:00+00:00,99910.89627839225
2025-01-18 07:00:00+00:00,99910.89627839225
2025-01-18 07:15:00+00:00,99910.89627839225
2025-01-18 07:30:00+00:00,99910.89627839225
2025-01-18 07:45:00+00:00,99910.89627839225
2025-01-18 08:00:00+00:00,99910.89627839225
2025-01-18 08:15:00+00:00,99910.89627839225
2025-01-18 08:30:00+00:00,99910.89627839225
2025-01-18 08:45:00+00:00,99910.89627839225
2025-01-18 09:00:00+00:00,99910.89627839225
2025-01-18 09:15:00+00:00,99910.89627839225
2025-01-18 09:30:00+00:00,99910.89627839225
2025-01-18 09:45:00+00:00,99910.89627839225
2025-01-18 10:00:00+00:00,99910.89627839225
2025-01-18 10:15:00+00:00,99910.89627839225
2025-01-18 10:30:00+00:00,99910.89627839225
2025-01-18 10:45:00+00:00,99910.89627839225
2025-01-18 11:00:00+00:00,99910.89627839225
2025-01-18 11:15:00+00:00,99910.89627839225
2025-01-18 11:30:00+00:00,99910.89627839225
2025-01-18 11:45:00+00:00,99910.89627839225
2025-01-18 12:00:00+00:00,99910.89627839225
2025-01-18 12:15:00+00:00,99910.89627839225
2025-01-18 12:30:00+00:00,99910.89627839225
2025-01-18 12:45:00+00:00,99910.89627839225
2025-01-18 13:00:00+00:00,99910.89627839225
2025-01-18 13:15:00+00:00,99910.89627839225
2025-01-18 13:30:00+00:00,99910.89627839225
2025-01-18 13:45:00+00:00,99910.89627839225
2025-01-18 14:00:00+00:00,99910.89627839225
2025-01-18 14:15:00+00:00,99910.89627839225
2025-01-18 14:30:00+00:00,99910.89627839225
2025-01-18 14:45:00+00:00,99910.89627839225
2025-01-18 15:00:00+00:00,99910.89627839225
2025-01-18 15:15:00+00:00,99910.89627839225
2025-01-18 15:30:00+00:00,99910.89627839225
2025-01-18 15:45:00+00:00,99910.89627839225
2025-01-18 16:00:00+00:00,99910.89627839225
2025-01-18 16:15:00+00:00,99910.89627839225
2025-01-18 16:30:00+00:00,99910.89627839225
2025-01-18 16:45:00+00:00,99910.89627839225
2025-01-18 17:00:00+00:00,99910.89627839225
2025-01-18 17:15:00+00:00,99910.89627839225
2025-01-18 17:30:00+00:00,99910.89627839225
2025-01-18 17:45:00+00:00,99910.89627839225
2025-01-18 18:00:00+00:00,99910.89627839225
2025-01-18 18:15:00+00:00,99910.89627839225
2025-01-18 18:30:00+00:00,99910.89627839225
2025-01-18 18:45:00+00:00,99910.89627839225
2025-01-18 19:00:00+00:00,99910.89627839225
2025-01-18 19:15:00+00:00,99910.89627839225
2025-01-18 19:30:00+00:00,99910.89627839225
2025-01-18 19:45:00+00:00,99910.89627839225
2025-01-18 20:00:00+00:00,99910.89627839225
2025-01-18 20:15:00+00:00,99910.89627839225
2025-01-18 20:30:00+00:00,99910.89627839225
2025-01-18 20:45:00+00:00,99910.89627839225
2025-01-18 21:00:00+00:00,99910.89627839225
2025-01-18 21:15:00+00:00,99910.89627839225
2025-01-18 21:30:00+00:00,99910.89627839225
2025-01-18 21:45:00+00:00,99910.89627839225
2025-01-18 22:00:00+00:00,99910.89627839225
2025-01-18 22:15:00+00:00,99910.89627839225
2025-01-18 22:30:00+00:00,99910.89627839225
2025-01-18 22:45:00+00:00,99910.89627839225
2025-01-18 23:00:00+00:00,99910.89627839225
2025-01-18 23:15:00+00:00,99910.89627839225
2025-01-18 23:30:00+00:00,99910.89627839225
2025-01-18 23:45:00+00:00,99910.89627839225
2025-01-19 00:00:00+00:00,99910.89627839225
2025-01-19 00:15:00+00:00,99910.89627839225
2025-01-19 00:30:00+00:00,99910.89627839225
2025-01-19 00:45:00+00:00,99910.89627839225
2025-01-19 01:00:00+00:00,99910.89627839225
2025-01-19 01:15:00+00:00,99910.89627839225
2025-01-19 01:30:00+00:00,99910.89627839225
2025-01-19 01:45:00+00:00,99910.89627839225
2025-01-19 02:00:00+00:00,99910.89627839225
2025-01-19 02:15:00+00:00,99910.89627839225
2025-01-19 02:30:00+00:00,99910.89627839225
2025-01-19 02:45:00+00:00,99910.89627839225
2025-01-19 03:00:00+00:00,99910.89627839225
2025-01-19 03:15:00+00:00,99910.89627839225
2025-01-19 03:30:00+00:00,99910.89627839225
2025-01-19 03:45:00+00:00,99910.89627839225
2025-01-19 04:00:00+00:00,99910.89627839225
2025-01-19 04:15:00+00:00,99910.89627839225
2025-01-19 04:30:00+00:00,99910.89627839225
2025-01-19 04:45:00+00:00,99910.89627839225
2025-01-19 05:00:00+00:00,99910.89627839225
2025-01-19 05:15:00+00:00,99910.89627839225
2025-01-19 05:30:00+00:00,99910.89627839225
2025-01-19 05:45:00+00:00,99910.89627839225
2025-01-19 06:00:00+00:00,99910.89627839225
2025-01-19 06:15:00+00:00,99910.89627839225
2025-01-19 06:30:00+00:00,99910.89627839225
2025-01-19 06:45:00+00:00,99910.89627839225
2025-01-19 07:00:00+00:00,99910.89627839225
2025-01-19 07:15:00+00:00,99910.89627839225
2025-01-19 07:30:00+00:00,99910.89627839225
2025-01-19 07:45:00+00:00,99910.89627839225
2025-01-19 08:00:00+00:00,99910.89627839225
2025-01-19 08:15:00+00:00,99910.89627839225
2025-01-19 08:30:00+00:00,99910.89627839225
2025-01-19 08:45:00+00:00,99910.89627839225
2025-01-19 09:00:00+00:00,99910.89627839225
2025-01-19 09:15:00+00:00,99910.89627839225
2025-01-19 09:30:00+00:00,99910.89627839225
2025-01-19 09:45:00+00:00,99910.89627839225
2025-01-19 10:00:00+00:00,99910.89627839225
2025-01-19 10:15:00+00:00,99910.89627839225
2025-01-19 10:30:00+00:00,99910.89627839225
2025-01-19 10:45:00+00:00,99910.89627839225
2025-01-19 11:00:00+00:00,99910.89627839225
2025-01-19 11:15:00+00:00,99910.89627839225
2025-01-19 11:30:00+00:00,99910.89627839225
2025-01-19 11:45:00+00:00,99910.89627839225
2025-01-19 12:00:00+00:00,99910.89627839225
2025-01-19 12:15:00+00:00,99910.89627839225
2025-01-19 12:30:00+00:00,99910.89627839225
2025-01-19 12:45:00+00:00,99910.89627839225
2025-01-19 13:00:00+00:00,99910.89627839225
2025-01-19 13:15:00+00:00,99910.89627839225
2025-01-19 13:30:00+00:00,99910.89627839225
2025-01-19 13:45:00+00:00,99910.89627839225
2025-01-19 14:00:00+00:00,99910.89627839225
2025-01-19 14:15:00+00:00,99910.89627839225
2025-01-19 14:30:00+00:00,99910.89627839225
2025-01-19 14:45:00+00:00,99910.89627839225
2025-01-19 15:00:00+00:00,99910.89627839225
2025-01-19 15:15:00+00:00,99910.89627839225
2025-01-19 15:30:00+00:00,99910.89627839225
2025-01-19 15:45:00+00:00,99910.89627839225
2025-01-19 16:00:00+00:00,99910.89627839225
2025-01-19 16:15:00+00:00,99910.89627839225
2025-01-19 16:30:00+00:00,99910.89627839225
2025-01-19 16:45:00+00:00,99910.89627839225
2025-01-19 17:00:00+00:00,99910.89627839225
2025-01-19 17:15:00+00:00,99910.89627839225
2025-01-19 17:30:00+00:00,99910.89627839225
2025-01-19 17:45:00+00:00,99910.89627839225
2025-01-19 18:00:00+00:00,99910.89627839225
2025-01-19 18:15:00+00:00,99910.89627839225
2025-01-19 18:30:00+00:00,99910.89627839225
2025-01-19 18:45:00+00:00,99910.89627839225
2025-01-19 19:00:00+00:00,99910.89627839225
2025-01-19 19:15:00+00:00,99910.89627839225
2025-01-19 19:30:00+00:00,99910.89627839225
2025-01-19 19:45:00+00:00,99910.89627839225
2025-01-19 20:00:00+00:00,99910.89627839225
2025-01-19 20:15:00+00:00,99910.89627839225
2025-01-19 20:30:00+00:00,99910.89627839225
2025-01-19 20:45:00+00:00,99910.89627839225
2025-01-19 21:00:00+00:00,99910.89627839225
2025-01-19 21:15:00+00:00,99910.89627839225
2025-01-19 21:30:00+00:00,99910.89627839225
2025-01-19 21:45:00+00:00,99910.89627839225
2025-01-19 22:00:00+00:00,99910.89627839225
2025-01-19 22:15:00+00:00,99910.89627839225
2025-01-19 22:30:00+00:00,99910.89627839225
2025-01-19 22:45:00+00:00,99910.89627839225
2025-01-19 23:00:00+00:00,99910.89627839225
2025-01-19 23:15:00+00:00,99910.89627839225
2025-01-19 23:30:00+00:00,99910.89627839225
2025-01-19 23:45:00+00:00,99910.89627839225
2025-01-20 00:00:00+00:00,99910.89627839225
2025-01-20 00:15:00+00:00,99906.16714161672
2025-01-20 00:30:00+00:00,99901.34483672744
2025-01-20 00:45:00+00:00,99886.94598589202
2025-01-20 01:00:00+00:00,99893.252872323
2025-01-20 01:15:00+00:00,99894.82910205693
2025-01-20 01:30:00+00:00,99891.27811571263
2025-01-20 01:45:00+00:00,99900.41903920392
2025-01-20 02:00:00+00:00,99905.23469188852
2025-01-20 02:15:00+00:00,99905.25487869253
2025-01-20 02:30:00+00:00,99905.25487869253
2025-01-20 02:45:00+00:00,99905.25487869253
2025-01-20 03:00:00+00:00,99905.25487869253
2025-01-20 03:15:00+00:00,99905.25487869253
2025-01-20 03:30:00+00:00,99905.25487869253
2025-01-20 03:45:00+00:00,99905.25487869253
2025-01-20 04:00:00+00:00,99905.25487869253
2025-01-20 04:15:00+00:00,99905.25487869253
2025-01-20 04:30:00+00:00,99905.25487869253
2025-01-20 04:45:00+00:00,99905.25487869253
2025-01-20 05:00:00+00:00,99905.25487869253
2025-01-20 05:15:00+00:00,99905.25487869253
2025-01-20 05:30:00+00:00,99905.25487869253
2025-01-20 05:45:00+00:00,99905.25487869253
2025-01-20 06:00:00+00:00,99905.25487869253
2025-01-20 06:15:00+00:00,99905.25487869253
2025-01-20 06:30:00+00:00,99905.25487869253
2025-01-20 06:45:00+00:00,99905.25487869253
2025-01-20 07:00:00+00:00,99905.25487869253
2025-01-20 07:15:00+00:00,99905.25487869253
2025-01-20 07:30:00+00:00,99905.25487869253
2025-01-20 07:45:00+00:00,99905.25487869253
2025-01-20 08:00:00+00:00,99905.25487869253
2025-01-20 08:15:00+00:00,99905.25487869253
2025-01-20 08:30:00+00:00,99905.25487869253
2025-01-20 08:45:00+00:00,99905.25487869253
2025-01-20 09:00:00+00:00,99905.25487869253
2025-01-20 09:15:00+00:00,99905.25487869253
2025-01-20 09:30:00+00:00,99905.25487869253
2025-01-20 09:45:00+00:00,99905.25487869253
2025-01-20 10:00:00+00:00,99905.25487869253
2025-01-20 10:15:00+00:00,99905.25487869253
2025-01-20 10:30:00+00:00,99905.25487869253
2025-01-20 10:45:00+00:00,99905.25487869253
2025-01-20 11:00:00+00:00,99905.25487869253
2025-01-20 11:15:00+00:00,99905.25487869253
2025-01-20 11:30:00+00:00,99905.25487869253
2025-01-20 11:45:00+00:00,99905.25487869253
2025-01-20 12:00:00+00:00,99905.25487869253
2025-01-20 12:15:00+00:00,99905.25487869253
2025-01-20 12:30:00+00:00,99905.25487869253
2025-01-20 12:45:00+00:00,99905.25487869253
2025-01-20 13:00:00+00:00,99905.25487869253
2025-01-20 13:15:00+00:00,99905.25487869253
2025-01-20 13:30:00+00:00,99905.25487869253
2025-01-20 13:45:00+00:00,99905.25487869253
2025-01-20 14:00:00+00:00,99905.25487869253
2025-01-20 14:15:00+00:00,99905.25487869253
2025-01-20 14:30:00+00:00,99905.25487869253
2025-01-20 14:45:00+00:00,99905.25487869253
2025-01-20 15:00:00+00:00,99905.25487869253
2025-01-20 15:15:00+00:00,99905.25487869253
2025-01-20 15:30:00+00:00,99905.25487869253
2025-01-20 15:45:00+00:00,99905.25487869253
2025-01-20 16:00:00+00:00,99905.25487869253
2025-01-20 16:15:00+00:00,99905.25487869253
2025-01-20 16:30:00+00:00,99905.25487869253
2025-01-20 16:45:00+00:00,99905.25487869253
2025-01-20 17:00:00+00:00,99905.25487869253
2025-01-20 17:15:00+00:00,99905.25487869253
2025-01-20 17:30:00+00:00,99905.25487869253
2025-01-20 17:45:00+00:00,99905.25487869253
2025-01-20 18:00:00+00:00,99905.25487869253
2025-01-20 18:15:00+00:00,99905.25487869253
2025-01-20 18:30:00+00:00,99905.25487869253
2025-01-20 18:45:00+00:00,99905.25487869253
2025-01-20 19:00:00+00:00,99905.25487869253
2025-01-20 19:15:00+00:00,99905.25487869253
2025-01-20 19:30:00+00:00,99905.25487869253
2025-01-20 19:45:00+00:00,99905.25487869253
2025-01-20 20:00:00+00:00,99905.25487869253
2025-01-20 20:15:00+00:00,99905.25487869253
2025-01-20 20:30:00+00:00,99905.25487869253
2025-01-20 20:45:00+00:00,99905.25487869253
2025-01-20 21:00:00+00:00,99905.25487869253
2025-01-20 21:15:00+00:00,99905.25487869253
2025-01-20 21:30:00+00:00,99905.25487869253
2025-01-20 21:45:00+00:00,99905.25487869253
2025-01-20 22:00:00+00:00,99905.25487869253
2025-01-20 22:15:00+00:00,99905.25487869253
2025-01-20 22:30:00+00:00,99905.25487869253
2025-01-20 22:45:00+00:00,99905.25487869253
2025-01-20 23:00:00+00:00,99905.25487869253
2025-01-20 23:15:00+00:00,99905.25487869253
2025-01-20 23:30:00+00:00,99905.25487869253
2025-01-20 23:45:00+00:00,99905.25487869253
2025-01-21 00:00:00+00:00,99905.25487869253
2025-01-21 00:15:00+00:00,99905.25487869253
2025-01-21 00:30:00+00:00,99905.25487869253
2025-01-21 00:45:00+00:00,99905.25487869253
2025-01-21 01:00:00+00:00,99905.25487869253
2025-01-21 01:15:00+00:00,99905.25487869253
2025-01-21 01:30:00+00:00,99905.25487869253
2025-01-21 01:45:00+00:00,99905.25487869253
2025-01-21 02:00:00+00:00,99905.25487869253
2025-01-21 02:15:00+00:00,99905.25487869253
2025-01-21 02:30:00+00:00,99905.25487869253
2025-01-21 02:45:00+00:00,99905.25487869253
2025-01-21 03:00:00+00:00,99905.25487869253
2025-01-21 03:15:00+00:00,99905.25487869253
2025-01-21 03:30:00+00:00,99905.25487869253
2025-01-21 03:45:00+00:00,99905.25487869253
2025-01-21 04:00:00+00:00,99905.25487869253
2025-01-21 04:15:00+00:00,99905.25487869253
2025-01-21 04:30:00+00:00,99905.25487869253
2025-01-21 04:45:00+00:00,99905.25487869253
2025-01-21 05:00:00+00:00,99905.25487869253
2025-01-21 05:15:00+00:00,99905.25487869253
2025-01-21 05:30:00+00:00,99905.25487869253
2025-01-21 05:45:00+00:00,99905.25487869253
2025-01-21 06:00:00+00:00,99905.25487869253
2025-01-21 06:15:00+00:00,99905.25487869253
2025-01-21 06:30:00+00:00,99905.25487869253
2025-01-21 06:45:00+00:00,99905.25487869253
2025-01-21 07:00:00+00:00,99905.25487869253
2025-01-21 07:15:00+00:00,99905.25487869253
2025-01-21 07:30:00+00:00,99905.25487869253
2025-01-21 07:45:00+00:00,99905.25487869253
2025-01-21 08:00:00+00:00,99905.25487869253
2025-01-21 08:15:00+00:00,99905.25487869253
2025-01-21 08:30:00+00:00,99905.25487869253
2025-01-21 08:45:00+00:00,99905.25487869253
2025-01-21 09:00:00+00:00,99905.25487869253
2025-01-21 09:15:00+00:00,99905.25487869253
2025-01-21 09:30:00+00:00,99905.25487869253
2025-01-21 09:45:00+00:00,99905.25487869253
2025-01-21 10:00:00+00:00,99905.25487869253
2025-01-21 10:15:00+00:00,99905.25487869253
2025-01-21 10:30:00+00:00,99905.25487869253
2025-01-21 10:45:00+00:00,99905.25487869253
2025-01-21 11:00:00+00:00,99905.25487869253
2025-01-21 11:15:00+00:00,99905.25487869253
2025-01-21 11:30:00+00:00,99905.25487869253
2025-01-21 11:45:00+00:00,99905.25487869253
2025-01-21 12:00:00+00:00,99905.25487869253
2025-01-21 12:15:00+00:00,99905.25487869253
2025-01-21 12:30:00+00:00,99905.25487869253
2025-01-21 12:45:00+00:00,99905.25487869253
2025-01-21 13:00:00+00:00,99905.25487869253
2025-01-21 13:15:00+00:00,99905.25487869253
2025-01-21 13:30:00+00:00,99905.25487869253
2025-01-21 13:45:00+00:00,99905.25487869253
2025-01-21 14:00:00+00:00,99905.25487869253
2025-01-21 14:15:00+00:00,99905.25487869253
2025-01-21 14:30:00+00:00,99905.25487869253
2025-01-21 14:45:00+00:00,99905.25487869253
2025-01-21 15:00:00+00:00,99905.25487869253
2025-01-21 15:15:00+00:00,99905.25487869253
2025-01-21 15:30:00+00:00,99905.25487869253
2025-01-21 15:45:00+00:00,99905.25487869253
2025-01-21 16:00:00+00:00,99905.25487869253
2025-01-21 16:15:00+00:00,99905.25487869253
2025-01-21 16:30:00+00:00,99905.25487869253
2025-01-21 16:45:00+00:00,99905.25487869253
2025-01-21 17:00:00+00:00,99905.25487869253
2025-01-21 17:15:00+00:00,99905.25487869253
2025-01-21 17:30:00+00:00,99905.25487869253
2025-01-21 17:45:00+00:00,99905.25487869253
2025-01-21 18:00:00+00:00,99905.25487869253
2025-01-21 18:15:00+00:00,99905.25487869253
2025-01-21 18:30:00+00:00,99905.25487869253
2025-01-21 18:45:00+00:00,99905.25487869253
2025-01-21 19:00:00+00:00,99905.25487869253
2025-01-21 19:15:00+00:00,99905.25487869253
2025-01-21 19:30:00+00:00,99905.25487869253
2025-01-21 19:45:00+00:00,99905.25487869253
2025-01-21 20:00:00+00:00,99905.25487869253
2025-01-21 20:15:00+00:00,99905.25487869253
2025-01-21 20:30:00+00:00,99905.25487869253
2025-01-21 20:45:00+00:00,99905.25487869253
2025-01-21 21:00:00+00:00,99905.25487869253
2025-01-21 21:15:00+00:00,99905.25487869253
2025-01-21 21:30:00+00:00,99905.25487869253
2025-01-21 21:45:00+00:00,99905.25487869253
2025-01-21 22:00:00+00:00,99905.25487869253
2025-01-21 22:15:00+00:00,99905.25487869253
2025-01-21 22:30:00+00:00,99905.25487869253
2025-01-21 22:45:00+00:00,99905.25487869253
2025-01-21 23:00:00+00:00,99905.25487869253
2025-01-21 23:15:00+00:00,99905.25487869253
2025-01-21 23:30:00+00:00,99905.25487869253
2025-01-21 23:45:00+00:00,99905.25487869253
2025-01-22 00:00:00+00:00,99905.25487869253
2025-01-22 00:15:00+00:00,99905.25487869253
2025-01-22 00:30:00+00:00,99905.25487869253
2025-01-22 00:45:00+00:00,99905.25487869253
2025-01-22 01:00:00+00:00,99905.25487869253
2025-01-22 01:15:00+00:00,99905.25487869253
2025-01-22 01:30:00+00:00,99905.25487869253
2025-01-22 01:45:00+00:00,99905.25487869253
2025-01-22 02:00:00+00:00,99905.25487869253
2025-01-22 02:15:00+00:00,99905.25487869253
2025-01-22 02:30:00+00:00,99905.25487869253
2025-01-22 02:45:00+00:00,99905.25487869253
2025-01-22 03:00:00+00:00,99905.25487869253
2025-01-22 03:15:00+00:00,99905.25487869253
2025-01-22 03:30:00+00:00,99905.25487869253
2025-01-22 03:45:00+00:00,99905.25487869253
2025-01-22 04:00:00+00:00,99905.25487869253
2025-01-22 04:15:00+00:00,99905.25487869253
2025-01-22 04:30:00+00:00,99905.25487869253
2025-01-22 04:45:00+00:00,99905.25487869253
2025-01-22 05:00:00+00:00,99905.25487869253
2025-01-22 05:15:00+00:00,99905.25487869253
2025-01-22 05:30:00+00:00,99905.25487869253
2025-01-22 05:45:00+00:00,99905.25487869253
2025-01-22 06:00:00+00:00,99905.25487869253
2025-01-22 06:15:00+00:00,99905.25487869253
2025-01-22 06:30:00+00:00,99905.25487869253
2025-01-22 06:45:00+00:00,99905.25487869253
2025-01-22 07:00:00+00:00,99905.25487869253
2025-01-22 07:15:00+00:00,99905.25487869253
2025-01-22 07:30:00+00:00,99905.25487869253
2025-01-22 07:45:00+00:00,99905.25487869253
2025-01-22 08:00:00+00:00,99905.25487869253
2025-01-22 08:15:00+00:00,99905.25487869253
2025-01-22 08:30:00+00:00,99905.25487869253
2025-01-22 08:45:00+00:00,99905.25487869253
2025-01-22 09:00:00+00:00,99905.25487869253
2025-01-22 09:15:00+00:00,99905.25487869253
2025-01-22 09:30:00+00:00,99905.25487869253
2025-01-22 09:45:00+00:00,99905.25487869253
2025-01-22 10:00:00+00:00,99905.25487869253
2025-01-22 10:15:00+00:00,99905.25487869253
2025-01-22 10:30:00+00:00,99905.25487869253
2025-01-22 10:45:00+00:00,99905.25487869253
2025-01-22 11:00:00+00:00,99905.25487869253
2025-01-22 11:15:00+00:00,99905.25487869253
2025-01-22 11:30:00+00:00,99905.25487869253
2025-01-22 11:45:00+00:00,99905.25487869253
2025-01-22 12:00:00+00:00,99905.25487869253
2025-01-22 12:15:00+00:00,99905.25487869253
2025-01-22 12:30:00+00:00,99905.25487869253
2025-01-22 12:45:00+00:00,99905.25487869253
2025-01-22 13:00:00+00:00,99905.25487869253
2025-01-22 13:15:00+00:00,99905.25487869253
2025-01-22 13:30:00+00:00,99905.25487869253
2025-01-22 13:45:00+00:00,99905.25487869253
2025-01-22 14:00:00+00:00,99905.25487869253
2025-01-22 14:15:00+00:00,99905.25487869253
2025-01-22 14:30:00+00:00,99905.25487869253
2025-01-22 14:45:00+00:00,99905.25487869253
2025-01-22 15:00:00+00:00,99905.25487869253
2025-01-22 15:15:00+00:00,99905.25487869253
2025-01-22 15:30:00+00:00,99905.25487869253
2025-01-22 15:45:00+00:00,99905.25487869253
2025-01-22 16:00:00+00:00,99905.25487869253
2025-01-22 16:15:00+00:00,99905.25487869253
2025-01-22 16:30:00+00:00,99905.25487869253
2025-01-22 16:45:00+00:00,99905.25487869253
2025-01-22 17:00:00+00:00,99905.25487869253
2025-01-22 17:15:00+00:00,99905.25487869253
2025-01-22 17:30:00+00:00,99905.25487869253
2025-01-22 17:45:00+00:00,99905.25487869253
2025-01-22 18:00:00+00:00,99905.25487869253
2025-01-22 18:15:00+00:00,99905.25487869253
2025-01-22 18:30:00+00:00,99905.25487869253
2025-01-22 18:45:00+00:00,99905.25487869253
2025-01-22 19:00:00+00:00,99905.25487869253
2025-01-22 19:15:00+00:00,99905.25487869253
2025-01-22 19:30:00+00:00,99905.25487869253
2025-01-22 19:45:00+00:00,99905.25487869253
2025-01-22 20:00:00+00:00,99905.25487869253
2025-01-22 20:15:00+00:00,99905.25487869253
2025-01-22 20:30:00+00:00,99905.25487869253
2025-01-22 20:45:00+00:00,99905.25487869253
2025-01-22 21:00:00+00:00,99905.25487869253
2025-01-22 21:15:00+00:00,99905.25487869253
2025-01-22 21:30:00+00:00,99905.25487869253
2025-01-22 21:45:00+00:00,99905.25487869253
2025-01-22 22:00:00+00:00,99905.25487869253
2025-01-22 22:15:00+00:00,99905.25487869253
2025-01-22 22:30:00+00:00,99905.25487869253
2025-01-22 22:45:00+00:00,99905.25487869253
2025-01-22 23:00:00+00:00,99905.25487869253
2025-01-22 23:15:00+00:00,99905.25487869253
2025-01-22 23:30:00+00:00,99905.25487869253
2025-01-22 23:45:00+00:00,99905.25487869253
2025-01-23 00:00:00+00:00,99905.25487869253
2025-01-23 00:15:00+00:00,99905.25487869253
2025-01-23 00:30:00+00:00,99905.25487869253
2025-01-23 00:45:00+00:00,99905.25487869253
2025-01-23 01:00:00+00:00,99905.25487869253
2025-01-23 01:15:00+00:00,99905.25487869253
2025-01-23 01:30:00+00:00,99905.25487869253
2025-01-23 01:45:00+00:00,99905.25487869253
2025-01-23 02:00:00+00:00,99905.25487869253
2025-01-23 02:15:00+00:00,99905.25487869253
2025-01-23 02:30:00+00:00,99905.25487869253
2025-01-23 02:45:00+00:00,99905.25487869253
2025-01-23 03:00:00+00:00,99905.25487869253
2025-01-23 03:15:00+00:00,99905.25487869253
2025-01-23 03:30:00+00:00,99905.25487869253
2025-01-23 03:45:00+00:00,99905.25487869253
2025-01-23 04:00:00+00:00,99905.25487869253
2025-01-23 04:15:00+00:00,99898.7135670016
2025-01-23 04:30:00+00:00,99887.97017749978
2025-01-23 04:45:00+00:00,99887.97017749978
2025-01-23 05:00:00+00:00,99887.97017749978
2025-01-23 05:15:00+00:00,99887.97017749978
2025-01-23 05:30:00+00:00,99887.97017749978
2025-01-23 05:45:00+00:00,99887.97017749978
2025-01-23 06:00:00+00:00,99887.97017749978
2025-01-23 06:15:00+00:00,99887.97017749978
2025-01-23 06:30:00+00:00,99887.97017749978
2025-01-23 06:45:00+00:00,99887.97017749978
2025-01-23 07:00:00+00:00,99887.97017749978
2025-01-23 07:15:00+00:00,99887.97017749978
2025-01-23 07:30:00+00:00,99887.97017749978
2025-01-23 07:45:00+00:00,99887.97017749978
2025-01-23 08:00:00+00:00,99887.97017749978
2025-01-23 08:15:00+00:00,99887.97017749978
2025-01-23 08:30:00+00:00,99887.97017749978
2025-01-23 08:45:00+00:00,99887.97017749978
2025-01-23 09:00:00+00:00,99887.97017749978
2025-01-23 09:15:00+00:00,99887.97017749978
2025-01-23 09:30:00+00:00,99887.97017749978
2025-01-23 09:45:00+00:00,99887.97017749978
2025-01-23 10:00:00+00:00,99887.97017749978
2025-01-23 10:15:00+00:00,99887.97017749978
2025-01-23 10:30:00+00:00,99887.97017749978
2025-01-23 10:45:00+00:00,99887.97017749978
2025-01-23 11:00:00+00:00,99887.97017749978
2025-01-23 11:15:00+00:00,99887.97017749978
2025-01-23 11:30:00+00:00,99887.97017749978
2025-01-23 11:45:00+00:00,99887.97017749978
2025-01-23 12:00:00+00:00,99887.97017749978
2025-01-23 12:15:00+00:00,99887.97017749978
2025-01-23 12:30:00+00:00,99887.97017749978
2025-01-23 12:45:00+00:00,99887.97017749978
2025-01-23 13:00:00+00:00,99887.97017749978
2025-01-23 13:15:00+00:00,99887.97017749978
2025-01-23 13:30:00+00:00,99887.97017749978
2025-01-23 13:45:00+00:00,99887.97017749978
2025-01-23 14:00:00+00:00,99887.97017749978
2025-01-23 14:15:00+00:00,99887.97017749978
2025-01-23 14:30:00+00:00,99887.97017749978
2025-01-23 14:45:00+00:00,99887.97017749978
2025-01-23 15:00:00+00:00,99887.97017749978
2025-01-23 15:15:00+00:00,99887.97017749978
2025-01-23 15:30:00+00:00,99887.97017749978
2025-01-23 15:45:00+00:00,99887.97017749978
2025-01-23 16:00:00+00:00,99887.97017749978
2025-01-23 16:15:00+00:00,99887.97017749978
2025-01-23 16:30:00+00:00,99887.97017749978
2025-01-23 16:45:00+00:00,99887.97017749978
2025-01-23 17:00:00+00:00,99887.97017749978
2025-01-23 17:15:00+00:00,99887.97017749978
2025-01-23 17:30:00+00:00,99887.97017749978
2025-01-23 17:45:00+00:00,99887.97017749978
2025-01-23 18:00:00+00:00,99887.97017749978
2025-01-23 18:15:00+00:00,99887.97017749978
2025-01-23 18:30:00+00:00,99887.97017749978
2025-01-23 18:45:00+00:00,99887.97017749978
2025-01-23 19:00:00+00:00,99887.97017749978
2025-01-23 19:15:00+00:00,99887.97017749978
2025-01-23 19:30:00+00:00,99887.97017749978
2025-01-23 19:45:00+00:00,99887.97017749978
2025-01-23 20:00:00+00:00,99887.97017749978
2025-01-23 20:15:00+00:00,99887.97017749978
2025-01-23 20:30:00+00:00,99887.97017749978
2025-01-23 20:45:00+00:00,99887.97017749978
2025-01-23 21:00:00+00:00,99887.97017749978
2025-01-23 21:15:00+00:00,99887.97017749978
2025-01-23 21:30:00+00:00,99887.97017749978
2025-01-23 21:45:00+00:00,99887.97017749978
2025-01-23 22:00:00+00:00,99887.97017749978
2025-01-23 22:15:00+00:00,99887.97017749978
2025-01-23 22:30:00+00:00,99887.97017749978
2025-01-23 22:45:00+00:00,99887.97017749978
2025-01-23 23:00:00+00:00,99887.97017749978
2025-01-23 23:15:00+00:00,99887.97017749978
2025-01-23 23:30:00+00:00,99887.97017749978
2025-01-23 23:45:00+00:00,99887.97017749978
2025-01-24 00:00:00+00:00,99887.97017749978
2025-01-24 00:15:00+00:00,99887.97017749978
2025-01-24 00:30:00+00:00,99887.97017749978
2025-01-24 00:45:00+00:00,99887.97017749978
2025-01-24 01:00:00+00:00,99887.97017749978
2025-01-24 01:15:00+00:00,99887.97017749978
2025-01-24 01:30:00+00:00,99887.97017749978
2025-01-24 01:45:00+00:00,99887.97017749978
2025-01-24 02:00:00+00:00,99887.97017749978
2025-01-24 02:15:00+00:00,99887.97017749978
2025-01-24 02:30:00+00:00,99887.97017749978
2025-01-24 02:45:00+00:00,99887.97017749978
2025-01-24 03:00:00+00:00,99887.97017749978
2025-01-24 03:15:00+00:00,99887.97017749978
2025-01-24 03:30:00+00:00,99887.97017749978
2025-01-24 03:45:00+00:00,99887.97017749978
2025-01-24 04:00:00+00:00,99887.97017749978
2025-01-24 04:15:00+00:00,99887.97017749978
2025-01-24 04:30:00+00:00,99887.97017749978
2025-01-24 04:45:00+00:00,99887.97017749978
2025-01-24 05:00:00+00:00,99887.97017749978
2025-01-24 05:15:00+00:00,99887.97017749978
2025-01-24 05:30:00+00:00,99887.97017749978
2025-01-24 05:45:00+00:00,99887.97017749978
2025-01-24 06:00:00+00:00,99887.97017749978
2025-01-24 06:15:00+00:00,99887.97017749978
2025-01-24 06:30:00+00:00,99887.97017749978
2025-01-24 06:45:00+00:00,99887.97017749978
2025-01-24 07:00:00+00:00,99887.97017749978
2025-01-24 07:15:00+00:00,99887.97017749978
2025-01-24 07:30:00+00:00,99887.97017749978
2025-01-24 07:45:00+00:00,99887.97017749978
2025-01-24 08:00:00+00:00,99887.97017749978
2025-01-24 08:15:00+00:00,99887.97017749978
2025-01-24 08:30:00+00:00,99887.97017749978
2025-01-24 08:45:00+00:00,99887.97017749978
2025-01-24 09:00:00+00:00,99887.97017749978
2025-01-24 09:15:00+00:00,99887.97017749978
2025-01-24 09:30:00+00:00,99887.97017749978
2025-01-24 09:45:00+00:00,99887.97017749978
2025-01-24 10:00:00+00:00,99887.97017749978
2025-01-24 10:15:00+00:00,99887.97017749978
2025-01-24 10:30:00+00:00,99887.97017749978
2025-01-24 10:45:00+00:00,99887.97017749978
2025-01-24 11:00:00+00:00,99887.97017749978
2025-01-24 11:15:00+00:00,99887.97017749978
2025-01-24 11:30:00+00:00,99887.97017749978
2025-01-24 11:45:00+00:00,99887.97017749978
2025-01-24 12:00:00+00:00,99887.97017749978
2025-01-24 12:15:00+00:00,99887.97017749978
2025-01-24 12:30:00+00:00,99887.97017749978
2025-01-24 12:45:00+00:00,99887.97017749978
2025-01-24 13:00:00+00:00,99887.97017749978
2025-01-24 13:15:00+00:00,99887.97017749978
2025-01-24 13:30:00+00:00,99887.97017749978
2025-01-24 13:45:00+00:00,99887.97017749978
2025-01-24 14:00:00+00:00,99887.97017749978
2025-01-24 14:15:00+00:00,99887.97017749978
2025-01-24 14:30:00+00:00,99887.97017749978
2025-01-24 14:45:00+00:00,99887.97017749978
2025-01-24 15:00:00+00:00,99887.97017749978
2025-01-24 15:15:00+00:00,99887.97017749978
2025-01-24 15:30:00+00:00,99887.97017749978
2025-01-24 15:45:00+00:00,99887.97017749978
2025-01-24 16:00:00+00:00,99887.97017749978
2025-01-24 16:15:00+00:00,99887.97017749978
2025-01-24 16:30:00+00:00,99887.97017749978
2025-01-24 16:45:00+00:00,99887.97017749978
2025-01-24 17:00:00+00:00,99887.97017749978
2025-01-24 17:15:00+00:00,99887.97017749978
2025-01-24 17:30:00+00:00,99887.97017749978
2025-01-24 17:45:00+00:00,99887.97017749978
2025-01-24 18:00:00+00:00,99887.97017749978
2025-01-24 18:15:00+00:00,99887.97017749978
2025-01-24 18:30:00+00:00,99887.97017749978
2025-01-24 18:45:00+00:00,99887.97017749978
2025-01-24 19:00:00+00:00,99887.97017749978
2025-01-24 19:15:00+00:00,99887.97017749978
2025-01-24 19:30:00+00:00,99887.97017749978
2025-01-24 19:45:00+00:00,99887.97017749978
2025-01-24 20:00:00+00:00,99887.97017749978
2025-01-24 20:15:00+00:00,99887.97017749978
2025-01-24 20:30:00+00:00,99887.97017749978
2025-01-24 20:45:00+00:00,99887.97017749978
2025-01-24 21:00:00+00:00,99887.97017749978
2025-01-24 21:15:00+00:00,99887.97017749978
2025-01-24 21:30:00+00:00,99887.97017749978
2025-01-24 21:45:00+00:00,99887.97017749978
2025-01-24 22:00:00+00:00,99887.97017749978
2025-01-24 22:15:00+00:00,99887.97017749978
2025-01-24 22:30:00+00:00,99887.97017749978
2025-01-24 22:45:00+00:00,99887.97017749978
2025-01-24 23:00:00+00:00,99887.97017749978
2025-01-24 23:15:00+00:00,99887.97017749978
2025-01-24 23:30:00+00:00,99887.97017749978
2025-01-24 23:45:00+00:00,99887.97017749978
2025-01-25 00:00:00+00:00,99887.97017749978
2025-01-25 00:15:00+00:00,99887.97017749978
2025-01-25 00:30:00+00:00,99887.97017749978
2025-01-25 00:45:00+00:00,99887.97017749978
2025-01-25 01:00:00+00:00,99887.97017749978
2025-01-25 01:15:00+00:00,99887.97017749978
2025-01-25 01:30:00+00:00,99887.97017749978
2025-01-25 01:45:00+00:00,99887.97017749978
2025-01-25 02:00:00+00:00,99887.97017749978
2025-01-25 02:15:00+00:00,99887.97017749978
2025-01-25 02:30:00+00:00,99887.97017749978
2025-01-25 02:45:00+00:00,99887.97017749978
2025-01-25 03:00:00+00:00,99887.97017749978
2025-01-25 03:15:00+00:00,99887.97017749978
2025-01-25 03:30:00+00:00,99887.97017749978
2025-01-25 03:45:00+00:00,99887.97017749978
2025-01-25 04:00:00+00:00,99887.97017749978
2025-01-25 04:15:00+00:00,99887.97017749978
2025-01-25 04:30:00+00:00,99887.97017749978
2025-01-25 04:45:00+00:00,99887.97017749978
2025-01-25 05:00:00+00:00,99887.97017749978
2025-01-25 05:15:00+00:00,99887.97017749978
2025-01-25 05:30:00+00:00,99887.97017749978
2025-01-25 05:45:00+00:00,99887.97017749978
2025-01-25 06:00:00+00:00,99887.97017749978
2025-01-25 06:15:00+00:00,99887.97017749978
2025-01-25 06:30:00+00:00,99887.97017749978
2025-01-25 06:45:00+00:00,99887.97017749978
2025-01-25 07:00:00+00:00,99887.97017749978
2025-01-25 07:15:00+00:00,99887.97017749978
2025-01-25 07:30:00+00:00,99887.97017749978
2025-01-25 07:45:00+00:00,99887.97017749978
2025-01-25 08:00:00+00:00,99887.97017749978
2025-01-25 08:15:00+00:00,99887.97017749978
2025-01-25 08:30:00+00:00,99887.97017749978
2025-01-25 08:45:00+00:00,99887.97017749978
2025-01-25 09:00:00+00:00,99887.97017749978
2025-01-25 09:15:00+00:00,99887.97017749978
2025-01-25 09:30:00+00:00,99887.97017749978
2025-01-25 09:45:00+00:00,99887.97017749978
2025-01-25 10:00:00+00:00,99887.97017749978
2025-01-25 10:15:00+00:00,99887.97017749978
2025-01-25 10:30:00+00:00,99887.97017749978
2025-01-25 10:45:00+00:00,99887.97017749978
2025-01-25 11:00:00+00:00,99887.97017749978
2025-01-25 11:15:00+00:00,99887.97017749978
2025-01-25 11:30:00+00:00,99887.97017749978
2025-01-25 11:45:00+00:00,99887.97017749978
2025-01-25 12:00:00+00:00,99887.97017749978
2025-01-25 12:15:00+00:00,99887.97017749978
2025-01-25 12:30:00+00:00,99887.97017749978
2025-01-25 12:45:00+00:00,99887.97017749978
2025-01-25 13:00:00+00:00,99887.97017749978
2025-01-25 13:15:00+00:00,99887.97017749978
2025-01-25 13:30:00+00:00,99887.97017749978
2025-01-25 13:45:00+00:00,99887.97017749978
2025-01-25 14:00:00+00:00,99887.97017749978
2025-01-25 14:15:00+00:00,99887.97017749978
2025-01-25 14:30:00+00:00,99887.97017749978
2025-01-25 14:45:00+00:00,99887.97017749978
2025-01-25 15:00:00+00:00,99887.97017749978
2025-01-25 15:15:00+00:00,99887.97017749978
2025-01-25 15:30:00+00:00,99887.97017749978
2025-01-25 15:45:00+00:00,99887.97017749978
2025-01-25 16:00:00+00:00,99887.97017749978
2025-01-25 16:15:00+00:00,99887.97017749978
2025-01-25 16:30:00+00:00,99887.97017749978
2025-01-25 16:45:00+00:00,99887.97017749978
2025-01-25 17:00:00+00:00,99887.97017749978
2025-01-25 17:15:00+00:00,99887.97017749978
2025-01-25 17:30:00+00:00,99887.97017749978
2025-01-25 17:45:00+00:00,99887.97017749978
2025-01-25 18:00:00+00:00,99887.97017749978
2025-01-25 18:15:00+00:00,99887.97017749978
2025-01-25 18:30:00+00:00,99887.97017749978
2025-01-25 18:45:00+00:00,99887.97017749978
2025-01-25 19:00:00+00:00,99887.97017749978
2025-01-25 19:15:00+00:00,99887.97017749978
2025-01-25 19:30:00+00:00,99887.97017749978
2025-01-25 19:45:00+00:00,99887.97017749978
2025-01-25 20:00:00+00:00,99887.97017749978
2025-01-25 20:15:00+00:00,99888.52460469915
2025-01-25 20:30:00+00:00,99888.94592807497
2025-01-25 20:45:00+00:00,99890.2536156989
2025-01-25 21:00:00+00:00,99890.89440688938
2025-01-25 21:15:00+00:00,99890.14137519433
2025-01-25 21:30:00+00:00,99890.33535363291
2025-01-25 21:45:00+00:00,99886.16824926
2025-01-25 22:00:00+00:00,99886.16824926
2025-01-25 22:15:00+00:00,99886.16824926
2025-01-25 22:30:00+00:00,99886.16824926
2025-01-25 22:45:00+00:00,99886.16824926
2025-01-25 23:00:00+00:00,99886.16824926
2025-01-25 23:15:00+00:00,99886.16824926
2025-01-25 23:30:00+00:00,99886.16824926
2025-01-25 23:45:00+00:00,99886.16824926
2025-01-26 00:00:00+00:00,99886.16824926
2025-01-26 00:15:00+00:00,99886.16824926
2025-01-26 00:30:00+00:00,99886.16824926
2025-01-26 00:45:00+00:00,99886.16824926
2025-01-26 01:00:00+00:00,99886.16824926
2025-01-26 01:15:00+00:00,99886.16824926
2025-01-26 01:30:00+00:00,99886.16824926
2025-01-26 01:45:00+00:00,99886.16824926
2025-01-26 02:00:00+00:00,99886.16824926
2025-01-26 02:15:00+00:00,99886.16824926
2025-01-26 02:30:00+00:00,99886.16824926
2025-01-26 02:45:00+00:00,99886.16824926
2025-01-26 03:00:00+00:00,99886.16824926
2025-01-26 03:15:00+00:00,99886.16824926
2025-01-26 03:30:00+00:00,99886.16824926
2025-01-26 03:45:00+00:00,99886.16824926
2025-01-26 04:00:00+00:00,99886.16824926
2025-01-26 04:15:00+00:00,99886.16824926
2025-01-26 04:30:00+00:00,99886.16824926
2025-01-26 04:45:00+00:00,99886.16824926
2025-01-26 05:00:00+00:00,99886.16824926
2025-01-26 05:15:00+00:00,99886.16824926
2025-01-26 05:30:00+00:00,99886.16824926
2025-01-26 05:45:00+00:00,99886.16824926
2025-01-26 06:00:00+00:00,99886.16824926
2025-01-26 06:15:00+00:00,99886.16824926
2025-01-26 06:30:00+00:00,99886.16824926
2025-01-26 06:45:00+00:00,99886.16824926
2025-01-26 07:00:00+00:00,99886.16824926
2025-01-26 07:15:00+00:00,99886.16824926
2025-01-26 07:30:00+00:00,99886.16824926
2025-01-26 07:45:00+00:00,99886.16824926
2025-01-26 08:00:00+00:00,99886.16824926
2025-01-26 08:15:00+00:00,99886.16824926
2025-01-26 08:30:00+00:00,99886.16824926
2025-01-26 08:45:00+00:00,99886.16824926
2025-01-26 09:00:00+00:00,99886.16824926
2025-01-26 09:15:00+00:00,99886.16824926
2025-01-26 09:30:00+00:00,99886.16824926
2025-01-26 09:45:00+00:00,99886.16824926
2025-01-26 10:00:00+00:00,99886.16824926
2025-01-26 10:15:00+00:00,99886.16824926
2025-01-26 10:30:00+00:00,99886.16824926
2025-01-26 10:45:00+00:00,99886.16824926
2025-01-26 11:00:00+00:00,99886.16824926
2025-01-26 11:15:00+00:00,99886.16824926
2025-01-26 11:30:00+00:00,99886.16824926
2025-01-26 11:45:00+00:00,99886.16824926
2025-01-26 12:00:00+00:00,99886.16824926
2025-01-26 12:15:00+00:00,99886.16824926
2025-01-26 12:30:00+00:00,99886.16824926
2025-01-26 12:45:00+00:00,99886.16824926
2025-01-26 13:00:00+00:00,99886.16824926
2025-01-26 13:15:00+00:00,99886.16824926
2025-01-26 13:30:00+00:00,99886.16824926
2025-01-26 13:45:00+00:00,99886.16824926
2025-01-26 14:00:00+00:00,99886.16824926
2025-01-26 14:15:00+00:00,99886.16824926
2025-01-26 14:30:00+00:00,99886.16824926
2025-01-26 14:45:00+00:00,99886.16824926
2025-01-26 15:00:00+00:00,99886.16824926
2025-01-26 15:15:00+00:00,99886.16824926
2025-01-26 15:30:00+00:00,99886.16824926
2025-01-26 15:45:00+00:00,99886.16824926
2025-01-26 16:00:00+00:00,99886.16824926
2025-01-26 16:15:00+00:00,99886.16824926
2025-01-26 16:30:00+00:00,99886.16824926
2025-01-26 16:45:00+00:00,99886.16824926
2025-01-26 17:00:00+00:00,99886.16824926
2025-01-26 17:15:00+00:00,99886.16824926
2025-01-26 17:30:00+00:00,99886.16824926
2025-01-26 17:45:00+00:00,99886.16824926
2025-01-26 18:00:00+00:00,99886.16824926
2025-01-26 18:15:00+00:00,99886.16824926
2025-01-26 18:30:00+00:00,99886.16824926
2025-01-26 18:45:00+00:00,99886.16824926
2025-01-26 19:00:00+00:00,99886.16824926
2025-01-26 19:15:00+00:00,99886.16824926
2025-01-26 19:30:00+00:00,99886.16824926
2025-01-26 19:45:00+00:00,99886.16824926
2025-01-26 20:00:00+00:00,99886.16824926
2025-01-26 20:15:00+00:00,99886.16824926
2025-01-26 20:30:00+00:00,99886.16824926
2025-01-26 20:45:00+00:00,99886.16824926
2025-01-26 21:00:00+00:00,99886.16824926
2025-01-26 21:15:00+00:00,99886.16824926
2025-01-26 21:30:00+00:00,99886.16824926
2025-01-26 21:45:00+00:00,99886.16824926
2025-01-26 22:00:00+00:00,99886.16824926
2025-01-26 22:15:00+00:00,99886.16824926
2025-01-26 22:30:00+00:00,99886.16824926
2025-01-26 22:45:00+00:00,99886.16824926
2025-01-26 23:00:00+00:00,99886.16824926
2025-01-26 23:15:00+00:00,99886.16824926
2025-01-26 23:30:00+00:00,99886.16824926
2025-01-26 23:45:00+00:00,99886.16824926
2025-01-27 00:00:00+00:00,99886.16824926
2025-01-27 00:15:00+00:00,99886.16824926
2025-01-27 00:30:00+00:00,99886.16824926
2025-01-27 00:45:00+00:00,99886.16824926
2025-01-27 01:00:00+00:00,99886.16824926
2025-01-27 01:15:00+00:00,99886.16824926
2025-01-27 01:30:00+00:00,99886.16824926
2025-01-27 01:45:00+00:00,99886.16824926
2025-01-27 02:00:00+00:00,99886.16824926
2025-01-27 02:15:00+00:00,99886.16824926
2025-01-27 02:30:00+00:00,99886.16824926
2025-01-27 02:45:00+00:00,99886.16824926
2025-01-27 03:00:00+00:00,99886.16824926
2025-01-27 03:15:00+00:00,99886.16824926
2025-01-27 03:30:00+00:00,99886.16824926
2025-01-27 03:45:00+00:00,99886.16824926
2025-01-27 04:00:00+00:00,99886.16824926
2025-01-27 04:15:00+00:00,99884.45728565005
2025-01-27 04:30:00+00:00,99879.62517721065
2025-01-27 04:45:00+00:00,99865.81358547903
2025-01-27 05:00:00+00:00,99865.81358547903
2025-01-27 05:15:00+00:00,99865.81358547903
2025-01-27 05:30:00+00:00,99865.81358547903
2025-01-27 05:45:00+00:00,99865.81358547903
2025-01-27 06:00:00+00:00,99865.81358547903
2025-01-27 06:15:00+00:00,99865.81358547903
2025-01-27 06:30:00+00:00,99865.81358547903
2025-01-27 06:45:00+00:00,99865.81358547903
2025-01-27 07:00:00+00:00,99865.81358547903
2025-01-27 07:15:00+00:00,99865.81358547903
2025-01-27 07:30:00+00:00,99865.81358547903
2025-01-27 07:45:00+00:00,99865.81358547903
2025-01-27 08:00:00+00:00,99865.81358547903
2025-01-27 08:15:00+00:00,99865.81358547903
2025-01-27 08:30:00+00:00,99865.81358547903
2025-01-27 08:45:00+00:00,99865.81358547903
2025-01-27 09:00:00+00:00,99865.81358547903
2025-01-27 09:15:00+00:00,99865.81358547903
2025-01-27 09:30:00+00:00,99865.81358547903
2025-01-27 09:45:00+00:00,99865.81358547903
2025-01-27 10:00:00+00:00,99865.81358547903
2025-01-27 10:15:00+00:00,99865.81358547903
2025-01-27 10:30:00+00:00,99865.81358547903
2025-01-27 10:45:00+00:00,99865.81358547903
2025-01-27 11:00:00+00:00,99865.81358547903
2025-01-27 11:15:00+00:00,99865.81358547903
2025-01-27 11:30:00+00:00,99865.81358547903
2025-01-27 11:45:00+00:00,99865.81358547903
2025-01-27 12:00:00+00:00,99865.81358547903
2025-01-27 12:15:00+00:00,99865.81358547903
2025-01-27 12:30:00+00:00,99865.81358547903
2025-01-27 12:45:00+00:00,99865.81358547903
2025-01-27 13:00:00+00:00,99865.81358547903
2025-01-27 13:15:00+00:00,99865.81358547903
2025-01-27 13:30:00+00:00,99865.81358547903
2025-01-27 13:45:00+00:00,99865.81358547903
2025-01-27 14:00:00+00:00,99865.81358547903
2025-01-27 14:15:00+00:00,99865.81358547903
2025-01-27 14:30:00+00:00,99865.81358547903
2025-01-27 14:45:00+00:00,99865.81358547903
2025-01-27 15:00:00+00:00,99865.81358547903
2025-01-27 15:15:00+00:00,99865.81358547903
2025-01-27 15:30:00+00:00,99865.81358547903
2025-01-27 15:45:00+00:00,99865.81358547903
2025-01-27 16:00:00+00:00,99865.81358547903
2025-01-27 16:15:00+00:00,99865.81358547903
2025-01-27 16:30:00+00:00,99865.81358547903
2025-01-27 16:45:00+00:00,99865.81358547903
2025-01-27 17:00:00+00:00,99865.81358547903
2025-01-27 17:15:00+00:00,99865.81358547903
2025-01-27 17:30:00+00:00,99865.81358547903
2025-01-27 17:45:00+00:00,99865.81358547903
2025-01-27 18:00:00+00:00,99865.81358547903
2025-01-27 18:15:00+00:00,99865.81358547903
2025-01-27 18:30:00+00:00,99865.81358547903
2025-01-27 18:45:00+00:00,99865.81358547903
2025-01-27 19:00:00+00:00,99865.81358547903
2025-01-27 19:15:00+00:00,99865.81358547903
2025-01-27 19:30:00+00:00,99865.81358547903
2025-01-27 19:45:00+00:00,99865.81358547903
2025-01-27 20:00:00+00:00,99865.81358547903
2025-01-27 20:15:00+00:00,99856.8687004773
2025-01-27 20:30:00+00:00,99834.52961682281
2025-01-27 20:45:00+00:00,99834.52961682281
2025-01-27 21:00:00+00:00,99834.52961682281
2025-01-27 21:15:00+00:00,99834.52961682281
2025-01-27 21:30:00+00:00,99834.52961682281
2025-01-27 21:45:00+00:00,99834.52961682281
2025-01-27 22:00:00+00:00,99834.52961682281
2025-01-27 22:15:00+00:00,99834.52961682281
2025-01-27 22:30:00+00:00,99834.52961682281
2025-01-27 22:45:00+00:00,99834.52961682281
2025-01-27 23:00:00+00:00,99834.52961682281
2025-01-27 23:15:00+00:00,99834.52961682281
2025-01-27 23:30:00+00:00,99834.52961682281
2025-01-27 23:45:00+00:00,99834.52961682281
2025-01-28 00:00:00+00:00,99834.52961682281
2025-01-28 00:15:00+00:00,99834.52961682281
2025-01-28 00:30:00+00:00,99834.52961682281
2025-01-28 00:45:00+00:00,99834.52961682281
2025-01-28 01:00:00+00:00,99834.52961682281
2025-01-28 01:15:00+00:00,99834.52961682281
2025-01-28 01:30:00+00:00,99834.52961682281
2025-01-28 01:45:00+00:00,99834.52961682281
2025-01-28 02:00:00+00:00,99834.52961682281
2025-01-28 02:15:00+00:00,99834.52961682281
2025-01-28 02:30:00+00:00,99834.52961682281
2025-01-28 02:45:00+00:00,99834.52961682281
2025-01-28 03:00:00+00:00,99834.52961682281
2025-01-28 03:15:00+00:00,99834.52961682281
2025-01-28 03:30:00+00:00,99834.52961682281
2025-01-28 03:45:00+00:00,99834.52961682281
2025-01-28 04:00:00+00:00,99834.52961682281
2025-01-28 04:15:00+00:00,99834.52961682281
2025-01-28 04:30:00+00:00,99834.52961682281
2025-01-28 04:45:00+00:00,99834.52961682281
2025-01-28 05:00:00+00:00,99834.52961682281
2025-01-28 05:15:00+00:00,99834.52961682281
2025-01-28 05:30:00+00:00,99834.52961682281
2025-01-28 05:45:00+00:00,99834.52961682281
2025-01-28 06:00:00+00:00,99834.52961682281
2025-01-28 06:15:00+00:00,99834.52961682281
2025-01-28 06:30:00+00:00,99834.52961682281
2025-01-28 06:45:00+00:00,99834.52961682281
2025-01-28 07:00:00+00:00,99834.52961682281
2025-01-28 07:15:00+00:00,99834.52961682281
2025-01-28 07:30:00+00:00,99834.52961682281
2025-01-28 07:45:00+00:00,99834.52961682281
2025-01-28 08:00:00+00:00,99834.52961682281
2025-01-28 08:15:00+00:00,99834.52961682281
2025-01-28 08:30:00+00:00,99834.52961682281
2025-01-28 08:45:00+00:00,99834.52961682281
2025-01-28 09:00:00+00:00,99834.52961682281
2025-01-28 09:15:00+00:00,99834.52961682281
2025-01-28 09:30:00+00:00,99834.52961682281
2025-01-28 09:45:00+00:00,99834.52961682281
2025-01-28 10:00:00+00:00,99834.52961682281
2025-01-28 10:15:00+00:00,99834.52961682281
2025-01-28 10:30:00+00:00,99834.52961682281
2025-01-28 10:45:00+00:00,99834.52961682281
2025-01-28 11:00:00+00:00,99834.52961682281
2025-01-28 11:15:00+00:00,99834.52961682281
2025-01-28 11:30:00+00:00,99834.52961682281
2025-01-28 11:45:00+00:00,99834.52961682281
2025-01-28 12:00:00+00:00,99834.52961682281
2025-01-28 12:15:00+00:00,99834.52961682281
2025-01-28 12:30:00+00:00,99834.52961682281
2025-01-28 12:45:00+00:00,99834.52961682281
2025-01-28 13:00:00+00:00,99834.52961682281
2025-01-28 13:15:00+00:00,99834.52961682281
2025-01-28 13:30:00+00:00,99834.52961682281
2025-01-28 13:45:00+00:00,99834.52961682281
2025-01-28 14:00:00+00:00,99834.52961682281
2025-01-28 14:15:00+00:00,99834.52961682281
2025-01-28 14:30:00+00:00,99834.52961682281
2025-01-28 14:45:00+00:00,99834.52961682281
2025-01-28 15:00:00+00:00,99834.52961682281
2025-01-28 15:15:00+00:00,99834.52961682281
2025-01-28 15:30:00+00:00,99834.52961682281
2025-01-28 15:45:00+00:00,99834.52961682281
2025-01-28 16:00:00+00:00,99834.52961682281
2025-01-28 16:15:00+00:00,99834.52961682281
2025-01-28 16:30:00+00:00,99834.52961682281
2025-01-28 16:45:00+00:00,99834.52961682281
2025-01-28 17:00:00+00:00,99834.52961682281
2025-01-28 17:15:00+00:00,99834.52961682281
2025-01-28 17:30:00+00:00,99834.52961682281
2025-01-28 17:45:00+00:00,99834.52961682281
2025-01-28 18:00:00+00:00,99834.52961682281
2025-01-28 18:15:00+00:00,99834.52961682281
2025-01-28 18:30:00+00:00,99834.52961682281
2025-01-28 18:45:00+00:00,99834.52961682281
2025-01-28 19:00:00+00:00,99834.52961682281
2025-01-28 19:15:00+00:00,99834.52961682281
2025-01-28 19:30:00+00:00,99834.52961682281
2025-01-28 19:45:00+00:00,99834.52961682281
2025-01-28 20:00:00+00:00,99834.52961682281
2025-01-28 20:15:00+00:00,99834.52961682281
2025-01-28 20:30:00+00:00,99834.52961682281
2025-01-28 20:45:00+00:00,99834.52961682281
2025-01-28 21:00:00+00:00,99834.52961682281
2025-01-28 21:15:00+00:00,99834.52961682281
2025-01-28 21:30:00+00:00,99834.52961682281
2025-01-28 21:45:00+00:00,99834.52961682281
2025-01-28 22:00:00+00:00,99834.52961682281
2025-01-28 22:15:00+00:00,99834.52961682281
2025-01-28 22:30:00+00:00,99834.52961682281
2025-01-28 22:45:00+00:00,99834.52961682281
2025-01-28 23:00:00+00:00,99834.52961682281
2025-01-28 23:15:00+00:00,99834.52961682281
2025-01-28 23:30:00+00:00,99834.52961682281
2025-01-28 23:45:00+00:00,99834.52961682281
2025-01-29 00:00:00+00:00,99834.52961682281
2025-01-29 00:15:00+00:00,99833.69070498996
2025-01-29 00:30:00+00:00,99837.98202444782
2025-01-29 00:45:00+00:00,99837.00757001978
2025-01-29 01:00:00+00:00,99837.88958837648
2025-01-29 01:15:00+00:00,99835.49526616946
2025-01-29 01:30:00+00:00,99835.49526616946
2025-01-29 01:45:00+00:00,99835.49526616946
2025-01-29 02:00:00+00:00,99835.49526616946
2025-01-29 02:15:00+00:00,99835.49526616946
2025-01-29 02:30:00+00:00,99835.49526616946
2025-01-29 02:45:00+00:00,99835.49526616946
2025-01-29 03:00:00+00:00,99835.49526616946
2025-01-29 03:15:00+00:00,99835.49526616946
2025-01-29 03:30:00+00:00,99835.49526616946
2025-01-29 03:45:00+00:00,99835.49526616946
2025-01-29 04:00:00+00:00,99835.49526616946
2025-01-29 04:15:00+00:00,99835.49526616946
2025-01-29 04:30:00+00:00,99835.49526616946
2025-01-29 04:45:00+00:00,99835.49526616946
2025-01-29 05:00:00+00:00,99835.49526616946
2025-01-29 05:15:00+00:00,99835.49526616946
2025-01-29 05:30:00+00:00,99835.49526616946
2025-01-29 05:45:00+00:00,99835.49526616946
2025-01-29 06:00:00+00:00,99835.49526616946
2025-01-29 06:15:00+00:00,99835.49526616946
2025-01-29 06:30:00+00:00,99835.49526616946
2025-01-29 06:45:00+00:00,99835.49526616946
2025-01-29 07:00:00+00:00,99835.49526616946
2025-01-29 07:15:00+00:00,99835.49526616946
2025-01-29 07:30:00+00:00,99835.49526616946
2025-01-29 07:45:00+00:00,99835.49526616946
2025-01-29 08:00:00+00:00,99835.49526616946
2025-01-29 08:15:00+00:00,99835.49526616946
2025-01-29 08:30:00+00:00,99835.49526616946
2025-01-29 08:45:00+00:00,99835.49526616946
2025-01-29 09:00:00+00:00,99835.49526616946
2025-01-29 09:15:00+00:00,99835.49526616946
2025-01-29 09:30:00+00:00,99835.49526616946
2025-01-29 09:45:00+00:00,99835.49526616946
2025-01-29 10:00:00+00:00,99835.49526616946
2025-01-29 10:15:00+00:00,99835.49526616946
2025-01-29 10:30:00+00:00,99835.49526616946
2025-01-29 10:45:00+00:00,99835.49526616946
2025-01-29 11:00:00+00:00,99835.49526616946
2025-01-29 11:15:00+00:00,99835.49526616946
2025-01-29 11:30:00+00:00,99835.49526616946
2025-01-29 11:45:00+00:00,99835.49526616946
2025-01-29 12:00:00+00:00,99835.49526616946
2025-01-29 12:15:00+00:00,99835.49526616946
2025-01-29 12:30:00+00:00,99835.49526616946
2025-01-29 12:45:00+00:00,99835.49526616946
2025-01-29 13:00:00+00:00,99835.49526616946
2025-01-29 13:15:00+00:00,99835.49526616946
2025-01-29 13:30:00+00:00,99835.49526616946
2025-01-29 13:45:00+00:00,99835.49526616946
2025-01-29 14:00:00+00:00,99835.49526616946
2025-01-29 14:15:00+00:00,99835.49526616946
2025-01-29 14:30:00+00:00,99835.49526616946
2025-01-29 14:45:00+00:00,99835.49526616946
2025-01-29 15:00:00+00:00,99835.49526616946
2025-01-29 15:15:00+00:00,99835.49526616946
2025-01-29 15:30:00+00:00,99835.49526616946
2025-01-29 15:45:00+00:00,99835.49526616946
2025-01-29 16:00:00+00:00,99835.49526616946
2025-01-29 16:15:00+00:00,99835.49526616946
2025-01-29 16:30:00+00:00,99835.49526616946
2025-01-29 16:45:00+00:00,99835.49526616946
2025-01-29 17:00:00+00:00,99835.49526616946
2025-01-29 17:15:00+00:00,99835.49526616946
2025-01-29 17:30:00+00:00,99835.49526616946
2025-01-29 17:45:00+00:00,99835.49526616946
2025-01-29 18:00:00+00:00,99835.49526616946
2025-01-29 18:15:00+00:00,99835.49526616946
2025-01-29 18:30:00+00:00,99835.49526616946
2025-01-29 18:45:00+00:00,99835.49526616946
2025-01-29 19:00:00+00:00,99835.49526616946
2025-01-29 19:15:00+00:00,99835.49526616946
2025-01-29 19:30:00+00:00,99835.49526616946
2025-01-29 19:45:00+00:00,99835.49526616946
2025-01-29 20:00:00+00:00,99835.49526616946
2025-01-29 20:15:00+00:00,99835.49526616946
2025-01-29 20:30:00+00:00,99835.49526616946
2025-01-29 20:45:00+00:00,99835.49526616946
2025-01-29 21:00:00+00:00,99835.49526616946
2025-01-29 21:15:00+00:00,99835.49526616946
2025-01-29 21:30:00+00:00,99835.49526616946
2025-01-29 21:45:00+00:00,99835.49526616946
2025-01-29 22:00:00+00:00,99835.49526616946
2025-01-29 22:15:00+00:00,99835.49526616946
2025-01-29 22:30:00+00:00,99835.49526616946
2025-01-29 22:45:00+00:00,99835.49526616946
2025-01-29 23:00:00+00:00,99835.49526616946
2025-01-29 23:15:00+00:00,99835.49526616946
2025-01-29 23:30:00+00:00,99835.49526616946
2025-01-29 23:45:00+00:00,99835.49526616946
2025-01-30 00:00:00+00:00,99835.49526616946
2025-01-30 00:15:00+00:00,99835.49526616946
2025-01-30 00:30:00+00:00,99835.49526616946
2025-01-30 00:45:00+00:00,99835.49526616946
2025-01-30 01:00:00+00:00,99835.49526616946
2025-01-30 01:15:00+00:00,99835.49526616946
2025-01-30 01:30:00+00:00,99835.49526616946
2025-01-30 01:45:00+00:00,99835.49526616946
2025-01-30 02:00:00+00:00,99835.49526616946
2025-01-30 02:15:00+00:00,99835.49526616946
2025-01-30 02:30:00+00:00,99835.49526616946
2025-01-30 02:45:00+00:00,99835.49526616946
2025-01-30 03:00:00+00:00,99835.49526616946
2025-01-30 03:15:00+00:00,99835.49526616946
2025-01-30 03:30:00+00:00,99835.49526616946
2025-01-30 03:45:00+00:00,99835.49526616946
2025-01-30 04:00:00+00:00,99835.49526616946
2025-01-30 04:15:00+00:00,99835.49526616946
2025-01-30 04:30:00+00:00,99835.49526616946
2025-01-30 04:45:00+00:00,99835.49526616946
2025-01-30 05:00:00+00:00,99835.49526616946
2025-01-30 05:15:00+00:00,99835.49526616946
2025-01-30 05:30:00+00:00,99835.49526616946
2025-01-30 05:45:00+00:00,99835.49526616946
2025-01-30 06:00:00+00:00,99835.49526616946
2025-01-30 06:15:00+00:00,99835.49526616946
2025-01-30 06:30:00+00:00,99835.49526616946
2025-01-30 06:45:00+00:00,99835.49526616946
2025-01-30 07:00:00+00:00,99835.49526616946
2025-01-30 07:15:00+00:00,99835.49526616946
2025-01-30 07:30:00+00:00,99835.49526616946
2025-01-30 07:45:00+00:00,99835.49526616946
2025-01-30 08:00:00+00:00,99835.49526616946
2025-01-30 08:15:00+00:00,99835.49526616946
2025-01-30 08:30:00+00:00,99835.49526616946
2025-01-30 08:45:00+00:00,99835.49526616946
2025-01-30 09:00:00+00:00,99835.49526616946
2025-01-30 09:15:00+00:00,99835.49526616946
2025-01-30 09:30:00+00:00,99835.49526616946
2025-01-30 09:45:00+00:00,99835.49526616946
2025-01-30 10:00:00+00:00,99835.49526616946
2025-01-30 10:15:00+00:00,99835.49526616946
2025-01-30 10:30:00+00:00,99835.49526616946
2025-01-30 10:45:00+00:00,99835.49526616946
2025-01-30 11:00:00+00:00,99835.49526616946
2025-01-30 11:15:00+00:00,99835.49526616946
2025-01-30 11:30:00+00:00,99835.49526616946
2025-01-30 11:45:00+00:00,99835.49526616946
2025-01-30 12:00:00+00:00,99835.49526616946
2025-01-30 12:15:00+00:00,99835.49526616946
2025-01-30 12:30:00+00:00,99835.49526616946
2025-01-30 12:45:00+00:00,99835.49526616946
2025-01-30 13:00:00+00:00,99835.49526616946
2025-01-30 13:15:00+00:00,99835.49526616946
2025-01-30 13:30:00+00:00,99835.49526616946
2025-01-30 13:45:00+00:00,99835.49526616946
2025-01-30 14:00:00+00:00,99835.49526616946
2025-01-30 14:15:00+00:00,99835.49526616946
2025-01-30 14:30:00+00:00,99835.49526616946
2025-01-30 14:45:00+00:00,99835.49526616946
2025-01-30 15:00:00+00:00,99835.49526616946
2025-01-30 15:15:00+00:00,99835.49526616946
2025-01-30 15:30:00+00:00,99835.49526616946
2025-01-30 15:45:00+00:00,99835.49526616946
2025-01-30 16:00:00+00:00,99835.49526616946
2025-01-30 16:15:00+00:00,99835.49526616946
2025-01-30 16:30:00+00:00,99835.49526616946
2025-01-30 16:45:00+00:00,99835.49526616946
2025-01-30 17:00:00+00:00,99835.49526616946
2025-01-30 17:15:00+00:00,99835.49526616946
2025-01-30 17:30:00+00:00,99835.49526616946
2025-01-30 17:45:00+00:00,99835.49526616946
2025-01-30 18:00:00+00:00,99835.49526616946
2025-01-30 18:15:00+00:00,99835.49526616946
2025-01-30 18:30:00+00:00,99835.49526616946
2025-01-30 18:45:00+00:00,99835.49526616946
2025-01-30 19:00:00+00:00,99835.49526616946
2025-01-30 19:15:00+00:00,99835.49526616946
2025-01-30 19:30:00+00:00,99835.49526616946
2025-01-30 19:45:00+00:00,99835.49526616946
2025-01-30 20:00:00+00:00,99835.49526616946
2025-01-30 20:15:00+00:00,99835.49526616946
2025-01-30 20:30:00+00:00,99835.49526616946
2025-01-30 20:45:00+00:00,99835.49526616946
2025-01-30 21:00:00+00:00,99835.49526616946
2025-01-30 21:15:00+00:00,99835.49526616946
2025-01-30 21:30:00+00:00,99835.49526616946
2025-01-30 21:45:00+00:00,99835.49526616946
2025-01-30 22:00:00+00:00,99835.49526616946
2025-01-30 22:15:00+00:00,99835.49526616946
2025-01-30 22:30:00+00:00,99835.49526616946
2025-01-30 22:45:00+00:00,99835.49526616946
2025-01-30 23:00:00+00:00,99835.49526616946
2025-01-30 23:15:00+00:00,99835.49526616946
2025-01-30 23:30:00+00:00,99835.49526616946
2025-01-30 23:45:00+00:00,99835.49526616946
2025-01-31 00:00:00+00:00,99835.49526616946
2025-01-31 00:15:00+00:00,99838.34010018929
2025-01-31 00:30:00+00:00,99839.66565784655
2025-01-31 00:45:00+00:00,99840.26837331899
2025-01-31 01:00:00+00:00,99838.56367170779
2025-01-31 01:15:00+00:00,99838.56367170779
2025-01-31 01:30:00+00:00,99838.56367170779
2025-01-31 01:45:00+00:00,99838.56367170779
2025-01-31 02:00:00+00:00,99838.56367170779
2025-01-31 02:15:00+00:00,99838.56367170779
2025-01-31 02:30:00+00:00,99838.56367170779
2025-01-31 02:45:00+00:00,99838.56367170779
2025-01-31 03:00:00+00:00,99838.56367170779
2025-01-31 03:15:00+00:00,99838.56367170779
2025-01-31 03:30:00+00:00,99838.56367170779
2025-01-31 03:45:00+00:00,99838.56367170779
2025-01-31 04:00:00+00:00,99838.56367170779
2025-01-31 04:15:00+00:00,99838.56367170779
2025-01-31 04:30:00+00:00,99838.56367170779
2025-01-31 04:45:00+00:00,99838.56367170779
2025-01-31 05:00:00+00:00,99838.56367170779
2025-01-31 05:15:00+00:00,99838.56367170779
2025-01-31 05:30:00+00:00,99838.56367170779
2025-01-31 05:45:00+00:00,99838.56367170779
2025-01-31 06:00:00+00:00,99838.56367170779
2025-01-31 06:15:00+00:00,99838.56367170779
2025-01-31 06:30:00+00:00,99838.56367170779
2025-01-31 06:45:00+00:00,99838.56367170779
2025-01-31 07:00:00+00:00,99838.56367170779
2025-01-31 07:15:00+00:00,99838.56367170779
2025-01-31 07:30:00+00:00,99838.56367170779
2025-01-31 07:45:00+00:00,99838.56367170779
2025-01-31 08:00:00+00:00,99838.56367170779
2025-01-31 08:15:00+00:00,99838.56367170779
2025-01-31 08:30:00+00:00,99838.56367170779
2025-01-31 08:45:00+00:00,99838.56367170779
2025-01-31 09:00:00+00:00,99838.56367170779
2025-01-31 09:15:00+00:00,99838.56367170779
2025-01-31 09:30:00+00:00,99838.56367170779
2025-01-31 09:45:00+00:00,99838.56367170779
2025-01-31 10:00:00+00:00,99838.56367170779
2025-01-31 10:15:00+00:00,99838.56367170779
2025-01-31 10:30:00+00:00,99838.56367170779
2025-01-31 10:45:00+00:00,99838.56367170779
2025-01-31 11:00:00+00:00,99838.56367170779
2025-01-31 11:15:00+00:00,99838.56367170779
2025-01-31 11:30:00+00:00,99838.56367170779
2025-01-31 11:45:00+00:00,99838.56367170779
2025-01-31 12:00:00+00:00,99838.56367170779
2025-01-31 12:15:00+00:00,99838.56367170779
2025-01-31 12:30:00+00:00,99838.56367170779
2025-01-31 12:45:00+00:00,99838.56367170779
2025-01-31 13:00:00+00:00,99838.56367170779
2025-01-31 13:15:00+00:00,99838.56367170779
2025-01-31 13:30:00+00:00,99838.56367170779
2025-01-31 13:45:00+00:00,99838.56367170779
2025-01-31 14:00:00+00:00,99838.56367170779
2025-01-31 14:15:00+00:00,99838.56367170779
2025-01-31 14:30:00+00:00,99838.56367170779
2025-01-31 14:45:00+00:00,99838.56367170779
2025-01-31 15:00:00+00:00,99838.56367170779
2025-01-31 15:15:00+00:00,99838.56367170779
2025-01-31 15:30:00+00:00,99838.56367170779
2025-01-31 15:45:00+00:00,99838.56367170779
2025-01-31 16:00:00+00:00,99838.56367170779
2025-01-31 16:15:00+00:00,99838.56367170779
2025-01-31 16:30:00+00:00,99838.56367170779
2025-01-31 16:45:00+00:00,99838.56367170779
2025-01-31 17:00:00+00:00,99838.56367170779
2025-01-31 17:15:00+00:00,99838.56367170779
2025-01-31 17:30:00+00:00,99838.56367170779
2025-01-31 17:45:00+00:00,99838.56367170779
2025-01-31 18:00:00+00:00,99838.56367170779
2025-01-31 18:15:00+00:00,99838.56367170779
2025-01-31 18:30:00+00:00,99838.56367170779
2025-01-31 18:45:00+00:00,99838.56367170779
2025-01-31 19:00:00+00:00,99838.56367170779
2025-01-31 19:15:00+00:00,99838.56367170779
2025-01-31 19:30:00+00:00,99838.56367170779
2025-01-31 19:45:00+00:00,99838.56367170779
2025-01-31 20:00:00+00:00,99838.56367170779
2025-01-31 20:15:00+00:00,99838.56367170779
2025-01-31 20:30:00+00:00,99838.56367170779
2025-01-31 20:45:00+00:00,99838.56367170779
2025-01-31 21:00:00+00:00,99838.56367170779
2025-01-31 21:15:00+00:00,99838.56367170779
2025-01-31 21:30:00+00:00,99838.56367170779
2025-01-31 21:45:00+00:00,99838.56367170779
2025-01-31 22:00:00+00:00,99838.56367170779
2025-01-31 22:15:00+00:00,99838.56367170779
2025-01-31 22:30:00+00:00,99838.56367170779
2025-01-31 22:45:00+00:00,99838.56367170779
2025-01-31 23:00:00+00:00,99838.56367170779
2025-01-31 23:15:00+00:00,99838.56367170779
2025-01-31 23:30:00+00:00,99838.56367170779
2025-01-31 23:45:00+00:00,99838.56367170779
2025-02-01 00:00:00+00:00,99838.56367170779
2025-02-01 00:15:00+00:00,99838.56367170779
2025-02-01 00:30:00+00:00,99838.56367170779
2025-02-01 00:45:00+00:00,99838.56367170779
2025-02-01 01:00:00+00:00,99838.56367170779
2025-02-01 01:15:00+00:00,99838.56367170779
2025-02-01 01:30:00+00:00,99838.56367170779
2025-02-01 01:45:00+00:00,99838.56367170779
2025-02-01 02:00:00+00:00,99838.56367170779
2025-02-01 02:15:00+00:00,99838.56367170779
2025-02-01 02:30:00+00:00,99838.56367170779
2025-02-01 02:45:00+00:00,99838.56367170779
2025-02-01 03:00:00+00:00,99838.56367170779
2025-02-01 03:15:00+00:00,99838.56367170779
2025-02-01 03:30:00+00:00,99838.56367170779
2025-02-01 03:45:00+00:00,99838.56367170779
2025-02-01 04:00:00+00:00,99838.56367170779
2025-02-01 04:15:00+00:00,99838.56367170779
2025-02-01 04:30:00+00:00,99838.56367170779
2025-02-01 04:45:00+00:00,99838.56367170779
2025-02-01 05:00:00+00:00,99838.56367170779
2025-02-01 05:15:00+00:00,99838.56367170779
2025-02-01 05:30:00+00:00,99838.56367170779
2025-02-01 05:45:00+00:00,99838.56367170779
2025-02-01 06:00:00+00:00,99838.56367170779
2025-02-01 06:15:00+00:00,99838.56367170779
2025-02-01 06:30:00+00:00,99838.56367170779
2025-02-01 06:45:00+00:00,99838.56367170779
2025-02-01 07:00:00+00:00,99838.56367170779
2025-02-01 07:15:00+00:00,99838.56367170779
2025-02-01 07:30:00+00:00,99838.56367170779
2025-02-01 07:45:00+00:00,99838.56367170779
2025-02-01 08:00:00+00:00,99838.56367170779
2025-02-01 08:15:00+00:00,99838.56367170779
2025-02-01 08:30:00+00:00,99838.56367170779
2025-02-01 08:45:00+00:00,99838.56367170779
2025-02-01 09:00:00+00:00,99838.56367170779
2025-02-01 09:15:00+00:00,99838.56367170779
2025-02-01 09:30:00+00:00,99838.56367170779
2025-02-01 09:45:00+00:00,99838.56367170779
2025-02-01 10:00:00+00:00,99838.56367170779
2025-02-01 10:15:00+00:00,99838.56367170779
2025-02-01 10:30:00+00:00,99838.56367170779
2025-02-01 10:45:00+00:00,99838.56367170779
2025-02-01 11:00:00+00:00,99838.56367170779
2025-02-01 11:15:00+00:00,99838.56367170779
2025-02-01 11:30:00+00:00,99838.56367170779
2025-02-01 11:45:00+00:00,99838.56367170779
2025-02-01 12:00:00+00:00,99838.56367170779
2025-02-01 12:15:00+00:00,99838.56367170779
2025-02-01 12:30:00+00:00,99838.56367170779
2025-02-01 12:45:00+00:00,99838.56367170779
2025-02-01 13:00:00+00:00,99838.56367170779
2025-02-01 13:15:00+00:00,99838.56367170779
2025-02-01 13:30:00+00:00,99838.56367170779
2025-02-01 13:45:00+00:00,99838.56367170779
2025-02-01 14:00:00+00:00,99838.56367170779
2025-02-01 14:15:00+00:00,99838.56367170779
2025-02-01 14:30:00+00:00,99838.56367170779
2025-02-01 14:45:00+00:00,99838.56367170779
2025-02-01 15:00:00+00:00,99838.56367170779
2025-02-01 15:15:00+00:00,99838.56367170779
2025-02-01 15:30:00+00:00,99838.56367170779
2025-02-01 15:45:00+00:00,99838.56367170779
2025-02-01 16:00:00+00:00,99838.56367170779
2025-02-01 16:15:00+00:00,99838.56367170779
2025-02-01 16:30:00+00:00,99838.56367170779
2025-02-01 16:45:00+00:00,99838.56367170779
2025-02-01 17:00:00+00:00,99838.56367170779
2025-02-01 17:15:00+00:00,99838.56367170779
2025-02-01 17:30:00+00:00,99838.56367170779
2025-02-01 17:45:00+00:00,99838.56367170779
2025-02-01 18:00:00+00:00,99838.56367170779
2025-02-01 18:15:00+00:00,99838.56367170779
2025-02-01 18:30:00+00:00,99838.56367170779
2025-02-01 18:45:00+00:00,99838.56367170779
2025-02-01 19:00:00+00:00,99838.56367170779
2025-02-01 19:15:00+00:00,99838.56367170779
2025-02-01 19:30:00+00:00,99838.56367170779
2025-02-01 19:45:00+00:00,99838.56367170779
2025-02-01 20:00:00+00:00,99838.56367170779
2025-02-01 20:15:00+00:00,99837.4267325661
2025-02-01 20:30:00+00:00,99838.65048562032
2025-02-01 20:45:00+00:00,99839.16348379661
2025-02-01 21:00:00+00:00,99841.2384304854
2025-02-01 21:15:00+00:00,99841.34085573276
2025-02-01 21:30:00+00:00,99837.99827282535
2025-02-01 21:45:00+00:00,99837.99827282535
2025-02-01 22:00:00+00:00,99837.99827282535
2025-02-01 22:15:00+00:00,99837.99827282535
2025-02-01 22:30:00+00:00,99837.99827282535
2025-02-01 22:45:00+00:00,99837.99827282535
2025-02-01 23:00:00+00:00,99837.99827282535
2025-02-01 23:15:00+00:00,99837.99827282535
2025-02-01 23:30:00+00:00,99837.99827282535
2025-02-01 23:45:00+00:00,99837.99827282535
2025-02-02 00:00:00+00:00,99837.99827282535
2025-02-02 00:15:00+00:00,99837.99827282535
2025-02-02 00:30:00+00:00,99837.99827282535
2025-02-02 00:45:00+00:00,99837.99827282535
2025-02-02 01:00:00+00:00,99837.99827282535
2025-02-02 01:15:00+00:00,99837.99827282535
2025-02-02 01:30:00+00:00,99837.99827282535
2025-02-02 01:45:00+00:00,99837.99827282535
2025-02-02 02:00:00+00:00,99837.99827282535
2025-02-02 02:15:00+00:00,99837.99827282535
2025-02-02 02:30:00+00:00,99837.99827282535
2025-02-02 02:45:00+00:00,99837.99827282535
2025-02-02 03:00:00+00:00,99837.99827282535
2025-02-02 03:15:00+00:00,99837.99827282535
2025-02-02 03:30:00+00:00,99837.99827282535
2025-02-02 03:45:00+00:00,99837.99827282535
2025-02-02 04:00:00+00:00,99837.99827282535
2025-02-02 04:15:00+00:00,99837.99827282535
2025-02-02 04:30:00+00:00,99837.99827282535
2025-02-02 04:45:00+00:00,99837.99827282535
2025-02-02 05:00:00+00:00,99837.99827282535
2025-02-02 05:15:00+00:00,99837.99827282535
2025-02-02 05:30:00+00:00,99837.99827282535
2025-02-02 05:45:00+00:00,99837.99827282535
2025-02-02 06:00:00+00:00,99837.99827282535
2025-02-02 06:15:00+00:00,99837.99827282535
2025-02-02 06:30:00+00:00,99837.99827282535
2025-02-02 06:45:00+00:00,99837.99827282535
2025-02-02 07:00:00+00:00,99837.99827282535
2025-02-02 07:15:00+00:00,99837.99827282535
2025-02-02 07:30:00+00:00,99837.99827282535
2025-02-02 07:45:00+00:00,99837.99827282535
2025-02-02 08:00:00+00:00,99837.99827282535
2025-02-02 08:15:00+00:00,99837.99827282535
2025-02-02 08:30:00+00:00,99837.99827282535
2025-02-02 08:45:00+00:00,99837.99827282535
2025-02-02 09:00:00+00:00,99837.99827282535
2025-02-02 09:15:00+00:00,99837.99827282535
2025-02-02 09:30:00+00:00,99837.99827282535
2025-02-02 09:45:00+00:00,99837.99827282535
2025-02-02 10:00:00+00:00,99837.99827282535
2025-02-02 10:15:00+00:00,99837.99827282535
2025-02-02 10:30:00+00:00,99837.99827282535
2025-02-02 10:45:00+00:00,99837.99827282535
2025-02-02 11:00:00+00:00,99837.99827282535
2025-02-02 11:15:00+00:00,99837.99827282535
2025-02-02 11:30:00+00:00,99837.99827282535
2025-02-02 11:45:00+00:00,99837.99827282535
2025-02-02 12:00:00+00:00,99837.99827282535
2025-02-02 12:15:00+00:00,99837.99827282535
2025-02-02 12:30:00+00:00,99837.99827282535
2025-02-02 12:45:00+00:00,99837.99827282535
2025-02-02 13:00:00+00:00,99837.99827282535
2025-02-02 13:15:00+00:00,99837.99827282535
2025-02-02 13:30:00+00:00,99837.99827282535
2025-02-02 13:45:00+00:00,99837.99827282535
2025-02-02 14:00:00+00:00,99837.99827282535
2025-02-02 14:15:00+00:00,99837.99827282535
2025-02-02 14:30:00+00:00,99837.99827282535
2025-02-02 14:45:00+00:00,99837.99827282535
2025-02-02 15:00:00+00:00,99837.99827282535
2025-02-02 15:15:00+00:00,99837.99827282535
2025-02-02 15:30:00+00:00,99837.99827282535
2025-02-02 15:45:00+00:00,99837.99827282535
2025-02-02 16:00:00+00:00,99837.99827282535
2025-02-02 16:15:00+00:00,99837.99827282535
2025-02-02 16:30:00+00:00,99837.99827282535
2025-02-02 16:45:00+00:00,99837.99827282535
2025-02-02 17:00:00+00:00,99837.99827282535
2025-02-02 17:15:00+00:00,99837.99827282535
2025-02-02 17:30:00+00:00,99837.99827282535
2025-02-02 17:45:00+00:00,99837.99827282535
2025-02-02 18:00:00+00:00,99837.99827282535
2025-02-02 18:15:00+00:00,99837.99827282535
2025-02-02 18:30:00+00:00,99837.99827282535
2025-02-02 18:45:00+00:00,99837.99827282535
2025-02-02 19:00:00+00:00,99837.99827282535
2025-02-02 19:15:00+00:00,99837.99827282535
2025-02-02 19:30:00+00:00,99837.99827282535
2025-02-02 19:45:00+00:00,99837.99827282535
2025-02-02 20:00:00+00:00,99837.99827282535
2025-02-02 20:15:00+00:00,99837.99827282535
2025-02-02 20:30:00+00:00,99837.99827282535
2025-02-02 20:45:00+00:00,99837.99827282535
2025-02-02 21:00:00+00:00,99837.99827282535
2025-02-02 21:15:00+00:00,99828.60912804434
2025-02-02 21:30:00+00:00,99812.17346008428
2025-02-02 21:45:00+00:00,99812.17346008428
2025-02-02 22:00:00+00:00,99812.17346008428
2025-02-02 22:15:00+00:00,99812.17346008428
2025-02-02 22:30:00+00:00,99812.17346008428
2025-02-02 22:45:00+00:00,99812.17346008428
2025-02-02 23:00:00+00:00,99812.17346008428
2025-02-02 23:15:00+00:00,99812.17346008428
2025-02-02 23:30:00+00:00,99812.17346008428
2025-02-02 23:45:00+00:00,99812.17346008428
2025-02-03 00:00:00+00:00,99812.17346008428
2025-02-03 00:15:00+00:00,99812.17346008428
2025-02-03 00:30:00+00:00,99812.17346008428
2025-02-03 00:45:00+00:00,99812.17346008428
2025-02-03 01:00:00+00:00,99812.17346008428
2025-02-03 01:15:00+00:00,99812.17346008428
2025-02-03 01:30:00+00:00,99812.17346008428
2025-02-03 01:45:00+00:00,99812.17346008428
2025-02-03 02:00:00+00:00,99812.17346008428
2025-02-03 02:15:00+00:00,99812.17346008428
2025-02-03 02:30:00+00:00,99812.17346008428
2025-02-03 02:45:00+00:00,99812.17346008428
2025-02-03 03:00:00+00:00,99812.17346008428
2025-02-03 03:15:00+00:00,99812.17346008428
2025-02-03 03:30:00+00:00,99812.17346008428
2025-02-03 03:45:00+00:00,99812.17346008428
2025-02-03 04:00:00+00:00,99812.17346008428
2025-02-03 04:15:00+00:00,99812.17346008428
2025-02-03 04:30:00+00:00,99812.17346008428
2025-02-03 04:45:00+00:00,99812.17346008428
2025-02-03 05:00:00+00:00,99812.17346008428
2025-02-03 05:15:00+00:00,99812.17346008428
2025-02-03 05:30:00+00:00,99812.17346008428
2025-02-03 05:45:00+00:00,99812.17346008428
2025-02-03 06:00:00+00:00,99812.17346008428
2025-02-03 06:15:00+00:00,99812.17346008428
2025-02-03 06:30:00+00:00,99812.17346008428
2025-02-03 06:45:00+00:00,99812.17346008428
2025-02-03 07:00:00+00:00,99812.17346008428
2025-02-03 07:15:00+00:00,99812.17346008428
2025-02-03 07:30:00+00:00,99812.17346008428
2025-02-03 07:45:00+00:00,99812.17346008428
2025-02-03 08:00:00+00:00,99812.17346008428
2025-02-03 08:15:00+00:00,99812.17346008428
2025-02-03 08:30:00+00:00,99812.17346008428
2025-02-03 08:45:00+00:00,99812.17346008428
2025-02-03 09:00:00+00:00,99812.17346008428
2025-02-03 09:15:00+00:00,99812.17346008428
2025-02-03 09:30:00+00:00,99812.17346008428
2025-02-03 09:45:00+00:00,99812.17346008428
2025-02-03 10:00:00+00:00,99812.17346008428
2025-02-03 10:15:00+00:00,99812.17346008428
2025-02-03 10:30:00+00:00,99812.17346008428
2025-02-03 10:45:00+00:00,99812.17346008428
2025-02-03 11:00:00+00:00,99812.17346008428
2025-02-03 11:15:00+00:00,99812.17346008428
2025-02-03 11:30:00+00:00,99812.17346008428
2025-02-03 11:45:00+00:00,99812.17346008428
2025-02-03 12:00:00+00:00,99812.17346008428
2025-02-03 12:15:00+00:00,99811.2468219108
2025-02-03 12:30:00+00:00,99813.53080136118
2025-02-03 12:45:00+00:00,99817.63148677575
2025-02-03 13:00:00+00:00,99817.63148677575
2025-02-03 13:15:00+00:00,99817.63148677575
2025-02-03 13:30:00+00:00,99817.63148677575
2025-02-03 13:45:00+00:00,99817.63148677575
2025-02-03 14:00:00+00:00,99817.63148677575
2025-02-03 14:15:00+00:00,99817.63148677575
2025-02-03 14:30:00+00:00,99817.63148677575
2025-02-03 14:45:00+00:00,99817.63148677575
2025-02-03 15:00:00+00:00,99817.63148677575
2025-02-03 15:15:00+00:00,99817.63148677575
2025-02-03 15:30:00+00:00,99817.63148677575
2025-02-03 15:45:00+00:00,99817.63148677575
2025-02-03 16:00:00+00:00,99817.63148677575
2025-02-03 16:15:00+00:00,99814.30286605637
2025-02-03 16:30:00+00:00,99813.31698013273
2025-02-03 16:45:00+00:00,99816.63543351232
2025-02-03 17:00:00+00:00,99817.04840256367
2025-02-03 17:15:00+00:00,99816.91329134401
2025-02-03 17:30:00+00:00,99821.94796485717
2025-02-03 17:45:00+00:00,99806.50264569081
2025-02-03 18:00:00+00:00,99808.56072060959
2025-02-03 18:15:00+00:00,99788.9893598442
2025-02-03 18:30:00+00:00,99788.9893598442
2025-02-03 18:45:00+00:00,99788.9893598442
2025-02-03 19:00:00+00:00,99788.9893598442
2025-02-03 19:15:00+00:00,99788.9893598442
2025-02-03 19:30:00+00:00,99788.9893598442
2025-02-03 19:45:00+00:00,99788.9893598442
2025-02-03 20:00:00+00:00,99788.9893598442
2025-02-03 20:15:00+00:00,99788.9893598442
2025-02-03 20:30:00+00:00,99788.9893598442
2025-02-03 20:45:00+00:00,99788.9893598442
2025-02-03 21:00:00+00:00,99788.9893598442
2025-02-03 21:15:00+00:00,99788.9893598442
2025-02-03 21:30:00+00:00,99788.9893598442
2025-02-03 21:45:00+00:00,99788.9893598442
2025-02-03 22:00:00+00:00,99788.9893598442
2025-02-03 22:15:00+00:00,99788.9893598442
2025-02-03 22:30:00+00:00,99788.9893598442
2025-02-03 22:45:00+00:00,99788.9893598442
2025-02-03 23:00:00+00:00,99788.9893598442
2025-02-03 23:15:00+00:00,99788.9893598442
2025-02-03 23:30:00+00:00,99788.9893598442
2025-02-03 23:45:00+00:00,99788.9893598442
2025-02-04 00:00:00+00:00,99788.9893598442
2025-02-04 00:15:00+00:00,99788.9893598442
2025-02-04 00:30:00+00:00,99788.9893598442
2025-02-04 00:45:00+00:00,99788.9893598442
2025-02-04 01:00:00+00:00,99788.9893598442
2025-02-04 01:15:00+00:00,99788.9893598442
2025-02-04 01:30:00+00:00,99788.9893598442
2025-02-04 01:45:00+00:00,99788.9893598442
2025-02-04 02:00:00+00:00,99788.9893598442
2025-02-04 02:15:00+00:00,99788.9893598442
2025-02-04 02:30:00+00:00,99788.9893598442
2025-02-04 02:45:00+00:00,99788.9893598442
2025-02-04 03:00:00+00:00,99788.9893598442
2025-02-04 03:15:00+00:00,99788.9893598442
2025-02-04 03:30:00+00:00,99788.9893598442
2025-02-04 03:45:00+00:00,99788.9893598442
2025-02-04 04:00:00+00:00,99788.9893598442
2025-02-04 04:15:00+00:00,99788.9893598442
2025-02-04 04:30:00+00:00,99788.9893598442
2025-02-04 04:45:00+00:00,99788.9893598442
2025-02-04 05:00:00+00:00,99788.9893598442
2025-02-04 05:15:00+00:00,99788.9893598442
2025-02-04 05:30:00+00:00,99788.9893598442
2025-02-04 05:45:00+00:00,99788.9893598442
2025-02-04 06:00:00+00:00,99788.9893598442
2025-02-04 06:15:00+00:00,99788.9893598442
2025-02-04 06:30:00+00:00,99788.9893598442
2025-02-04 06:45:00+00:00,99788.9893598442
2025-02-04 07:00:00+00:00,99788.9893598442
2025-02-04 07:15:00+00:00,99788.9893598442
2025-02-04 07:30:00+00:00,99788.9893598442
2025-02-04 07:45:00+00:00,99788.9893598442
2025-02-04 08:00:00+00:00,99788.9893598442
2025-02-04 08:15:00+00:00,99788.9893598442
2025-02-04 08:30:00+00:00,99788.9893598442
2025-02-04 08:45:00+00:00,99788.9893598442
2025-02-04 09:00:00+00:00,99788.9893598442
2025-02-04 09:15:00+00:00,99788.9893598442
2025-02-04 09:30:00+00:00,99788.9893598442
2025-02-04 09:45:00+00:00,99788.9893598442
2025-02-04 10:00:00+00:00,99788.9893598442
2025-02-04 10:15:00+00:00,99788.9893598442
2025-02-04 10:30:00+00:00,99788.9893598442
2025-02-04 10:45:00+00:00,99788.9893598442
2025-02-04 11:00:00+00:00,99788.9893598442
2025-02-04 11:15:00+00:00,99788.9893598442
2025-02-04 11:30:00+00:00,99788.9893598442
2025-02-04 11:45:00+00:00,99788.9893598442
2025-02-04 12:00:00+00:00,99788.9893598442
2025-02-04 12:15:00+00:00,99788.9893598442
2025-02-04 12:30:00+00:00,99788.9893598442
2025-02-04 12:45:00+00:00,99788.9893598442
2025-02-04 13:00:00+00:00,99788.9893598442
2025-02-04 13:15:00+00:00,99788.9893598442
2025-02-04 13:30:00+00:00,99788.9893598442
2025-02-04 13:45:00+00:00,99788.9893598442
2025-02-04 14:00:00+00:00,99788.9893598442
2025-02-04 14:15:00+00:00,99788.9893598442
2025-02-04 14:30:00+00:00,99788.9893598442
2025-02-04 14:45:00+00:00,99788.9893598442
2025-02-04 15:00:00+00:00,99788.9893598442
2025-02-04 15:15:00+00:00,99788.9893598442
2025-02-04 15:30:00+00:00,99788.9893598442
2025-02-04 15:45:00+00:00,99788.9893598442
2025-02-04 16:00:00+00:00,99788.9893598442
2025-02-04 16:15:00+00:00,99788.9893598442
2025-02-04 16:30:00+00:00,99788.9893598442
2025-02-04 16:45:00+00:00,99788.9893598442
2025-02-04 17:00:00+00:00,99788.9893598442
2025-02-04 17:15:00+00:00,99788.9893598442
2025-02-04 17:30:00+00:00,99788.9893598442
2025-02-04 17:45:00+00:00,99788.9893598442
2025-02-04 18:00:00+00:00,99788.9893598442
2025-02-04 18:15:00+00:00,99788.9893598442
2025-02-04 18:30:00+00:00,99788.9893598442
2025-02-04 18:45:00+00:00,99788.9893598442
2025-02-04 19:00:00+00:00,99788.9893598442
2025-02-04 19:15:00+00:00,99788.9893598442
2025-02-04 19:30:00+00:00,99788.9893598442
2025-02-04 19:45:00+00:00,99788.9893598442
2025-02-04 20:00:00+00:00,99788.9893598442
2025-02-04 20:15:00+00:00,99788.9893598442
2025-02-04 20:30:00+00:00,99788.9893598442
2025-02-04 20:45:00+00:00,99788.9893598442
2025-02-04 21:00:00+00:00,99788.9893598442
2025-02-04 21:15:00+00:00,99788.9893598442
2025-02-04 21:30:00+00:00,99788.9893598442
2025-02-04 21:45:00+00:00,99788.9893598442
2025-02-04 22:00:00+00:00,99788.9893598442
2025-02-04 22:15:00+00:00,99788.9893598442
2025-02-04 22:30:00+00:00,99788.9893598442
2025-02-04 22:45:00+00:00,99788.9893598442
2025-02-04 23:00:00+00:00,99788.9893598442
2025-02-04 23:15:00+00:00,99788.9893598442
2025-02-04 23:30:00+00:00,99788.9893598442
2025-02-04 23:45:00+00:00,99788.9893598442
2025-02-05 00:00:00+00:00,99788.9893598442
2025-02-05 00:15:00+00:00,99788.9893598442
2025-02-05 00:30:00+00:00,99788.9893598442
2025-02-05 00:45:00+00:00,99788.9893598442
2025-02-05 01:00:00+00:00,99788.9893598442
2025-02-05 01:15:00+00:00,99788.9893598442
2025-02-05 01:30:00+00:00,99788.9893598442
2025-02-05 01:45:00+00:00,99788.9893598442
2025-02-05 02:00:00+00:00,99788.9893598442
2025-02-05 02:15:00+00:00,99788.9893598442
2025-02-05 02:30:00+00:00,99788.9893598442
2025-02-05 02:45:00+00:00,99788.9893598442
2025-02-05 03:00:00+00:00,99788.9893598442
2025-02-05 03:15:00+00:00,99788.9893598442
2025-02-05 03:30:00+00:00,99788.9893598442
2025-02-05 03:45:00+00:00,99788.9893598442
2025-02-05 04:00:00+00:00,99788.9893598442
2025-02-05 04:15:00+00:00,99788.9893598442
2025-02-05 04:30:00+00:00,99788.9893598442
2025-02-05 04:45:00+00:00,99788.9893598442
2025-02-05 05:00:00+00:00,99788.9893598442
2025-02-05 05:15:00+00:00,99788.9893598442
2025-02-05 05:30:00+00:00,99788.9893598442
2025-02-05 05:45:00+00:00,99788.9893598442
2025-02-05 06:00:00+00:00,99788.9893598442
2025-02-05 06:15:00+00:00,99788.9893598442
2025-02-05 06:30:00+00:00,99788.9893598442
2025-02-05 06:45:00+00:00,99788.9893598442
2025-02-05 07:00:00+00:00,99788.9893598442
2025-02-05 07:15:00+00:00,99788.9893598442
2025-02-05 07:30:00+00:00,99788.9893598442
2025-02-05 07:45:00+00:00,99788.9893598442
2025-02-05 08:00:00+00:00,99788.9893598442
2025-02-05 08:15:00+00:00,99788.9893598442
2025-02-05 08:30:00+00:00,99788.9893598442
2025-02-05 08:45:00+00:00,99788.9893598442
2025-02-05 09:00:00+00:00,99788.9893598442
2025-02-05 09:15:00+00:00,99788.9893598442
2025-02-05 09:30:00+00:00,99788.9893598442
2025-02-05 09:45:00+00:00,99788.9893598442
2025-02-05 10:00:00+00:00,99788.9893598442
2025-02-05 10:15:00+00:00,99788.9893598442
2025-02-05 10:30:00+00:00,99788.9893598442
2025-02-05 10:45:00+00:00,99788.9893598442
2025-02-05 11:00:00+00:00,99788.9893598442
2025-02-05 11:15:00+00:00,99788.9893598442
2025-02-05 11:30:00+00:00,99788.9893598442
2025-02-05 11:45:00+00:00,99788.9893598442
2025-02-05 12:00:00+00:00,99788.9893598442
2025-02-05 12:15:00+00:00,99788.9893598442
2025-02-05 12:30:00+00:00,99788.9893598442
2025-02-05 12:45:00+00:00,99788.9893598442
2025-02-05 13:00:00+00:00,99788.9893598442
2025-02-05 13:15:00+00:00,99788.9893598442
2025-02-05 13:30:00+00:00,99788.9893598442
2025-02-05 13:45:00+00:00,99788.9893598442
2025-02-05 14:00:00+00:00,99788.9893598442
2025-02-05 14:15:00+00:00,99788.9893598442
2025-02-05 14:30:00+00:00,99788.9893598442
2025-02-05 14:45:00+00:00,99788.9893598442
2025-02-05 15:00:00+00:00,99788.9893598442
2025-02-05 15:15:00+00:00,99788.9893598442
2025-02-05 15:30:00+00:00,99788.9893598442
2025-02-05 15:45:00+00:00,99788.9893598442
2025-02-05 16:00:00+00:00,99788.9893598442
2025-02-05 16:15:00+00:00,99788.9893598442
2025-02-05 16:30:00+00:00,99788.9893598442
2025-02-05 16:45:00+00:00,99788.9893598442
2025-02-05 17:00:00+00:00,99788.9893598442
2025-02-05 17:15:00+00:00,99788.9893598442
2025-02-05 17:30:00+00:00,99788.9893598442
2025-02-05 17:45:00+00:00,99788.9893598442
2025-02-05 18:00:00+00:00,99788.9893598442
2025-02-05 18:15:00+00:00,99788.9893598442
2025-02-05 18:30:00+00:00,99788.9893598442
2025-02-05 18:45:00+00:00,99788.9893598442
2025-02-05 19:00:00+00:00,99788.9893598442
2025-02-05 19:15:00+00:00,99788.9893598442
2025-02-05 19:30:00+00:00,99788.9893598442
2025-02-05 19:45:00+00:00,99788.9893598442
2025-02-05 20:00:00+00:00,99788.9893598442
2025-02-05 20:15:00+00:00,99788.9893598442
2025-02-05 20:30:00+00:00,99788.9893598442
2025-02-05 20:45:00+00:00,99788.9893598442
2025-02-05 21:00:00+00:00,99788.9893598442
2025-02-05 21:15:00+00:00,99788.9893598442
2025-02-05 21:30:00+00:00,99788.9893598442
2025-02-05 21:45:00+00:00,99788.9893598442
2025-02-05 22:00:00+00:00,99788.9893598442
2025-02-05 22:15:00+00:00,99788.9893598442
2025-02-05 22:30:00+00:00,99788.9893598442
2025-02-05 22:45:00+00:00,99788.9893598442
2025-02-05 23:00:00+00:00,99788.9893598442
2025-02-05 23:15:00+00:00,99788.9893598442
2025-02-05 23:30:00+00:00,99788.9893598442
2025-02-05 23:45:00+00:00,99788.9893598442
2025-02-06 00:00:00+00:00,99788.9893598442
2025-02-06 00:15:00+00:00,99788.308348328
2025-02-06 00:30:00+00:00,99791.82809834063
2025-02-06 00:45:00+00:00,99790.46073634179
2025-02-06 01:00:00+00:00,99793.48786292567
2025-02-06 01:15:00+00:00,99793.48786292567
2025-02-06 01:30:00+00:00,99793.48786292567
2025-02-06 01:45:00+00:00,99793.48786292567
2025-02-06 02:00:00+00:00,99793.48786292567
2025-02-06 02:15:00+00:00,99793.48786292567
2025-02-06 02:30:00+00:00,99793.48786292567
2025-02-06 02:45:00+00:00,99793.48786292567
2025-02-06 03:00:00+00:00,99793.48786292567
2025-02-06 03:15:00+00:00,99793.48786292567
2025-02-06 03:30:00+00:00,99793.48786292567
2025-02-06 03:45:00+00:00,99793.48786292567
2025-02-06 04:00:00+00:00,99793.48786292567
2025-02-06 04:15:00+00:00,99793.48786292567
2025-02-06 04:30:00+00:00,99793.48786292567
2025-02-06 04:45:00+00:00,99793.48786292567
2025-02-06 05:00:00+00:00,99793.48786292567
2025-02-06 05:15:00+00:00,99793.48786292567
2025-02-06 05:30:00+00:00,99793.48786292567
2025-02-06 05:45:00+00:00,99793.48786292567
2025-02-06 06:00:00+00:00,99793.48786292567
2025-02-06 06:15:00+00:00,99793.48786292567
2025-02-06 06:30:00+00:00,99793.48786292567
2025-02-06 06:45:00+00:00,99793.48786292567
2025-02-06 07:00:00+00:00,99793.48786292567
2025-02-06 07:15:00+00:00,99793.48786292567
2025-02-06 07:30:00+00:00,99793.48786292567
2025-02-06 07:45:00+00:00,99793.48786292567
2025-02-06 08:00:00+00:00,99793.48786292567
2025-02-06 08:15:00+00:00,99794.93819877118
2025-02-06 08:30:00+00:00,99791.90052891972
2025-02-06 08:45:00+00:00,99791.90052891972
2025-02-06 09:00:00+00:00,99791.90052891972
2025-02-06 09:15:00+00:00,99791.90052891972
2025-02-06 09:30:00+00:00,99791.90052891972
2025-02-06 09:45:00+00:00,99791.90052891972
2025-02-06 10:00:00+00:00,99791.90052891972
2025-02-06 10:15:00+00:00,99791.90052891972
2025-02-06 10:30:00+00:00,99791.90052891972
2025-02-06 10:45:00+00:00,99791.90052891972
2025-02-06 11:00:00+00:00,99791.90052891972
2025-02-06 11:15:00+00:00,99791.90052891972
2025-02-06 11:30:00+00:00,99791.90052891972
2025-02-06 11:45:00+00:00,99791.90052891972
2025-02-06 12:00:00+00:00,99791.90052891972
2025-02-06 12:15:00+00:00,99791.90052891972
2025-02-06 12:30:00+00:00,99791.90052891972
2025-02-06 12:45:00+00:00,99791.90052891972
2025-02-06 13:00:00+00:00,99791.90052891972
2025-02-06 13:15:00+00:00,99791.90052891972
2025-02-06 13:30:00+00:00,99791.90052891972
2025-02-06 13:45:00+00:00,99791.90052891972
2025-02-06 14:00:00+00:00,99791.90052891972
2025-02-06 14:15:00+00:00,99791.90052891972
2025-02-06 14:30:00+00:00,99791.90052891972
2025-02-06 14:45:00+00:00,99791.90052891972
2025-02-06 15:00:00+00:00,99791.90052891972
2025-02-06 15:15:00+00:00,99791.90052891972
2025-02-06 15:30:00+00:00,99791.90052891972
2025-02-06 15:45:00+00:00,99791.90052891972
2025-02-06 16:00:00+00:00,99791.90052891972
2025-02-06 16:15:00+00:00,99791.90052891972
2025-02-06 16:30:00+00:00,99791.90052891972
2025-02-06 16:45:00+00:00,99791.90052891972
2025-02-06 17:00:00+00:00,99791.90052891972
2025-02-06 17:15:00+00:00,99791.90052891972
2025-02-06 17:30:00+00:00,99791.90052891972
2025-02-06 17:45:00+00:00,99791.90052891972
2025-02-06 18:00:00+00:00,99791.90052891972
2025-02-06 18:15:00+00:00,99791.90052891972
2025-02-06 18:30:00+00:00,99791.90052891972
2025-02-06 18:45:00+00:00,99791.90052891972
2025-02-06 19:00:00+00:00,99791.90052891972
2025-02-06 19:15:00+00:00,99791.90052891972
2025-02-06 19:30:00+00:00,99791.90052891972
2025-02-06 19:45:00+00:00,99791.90052891972
2025-02-06 20:00:00+00:00,99791.90052891972
2025-02-06 20:15:00+00:00,99791.90052891972
2025-02-06 20:30:00+00:00,99791.90052891972
2025-02-06 20:45:00+00:00,99791.90052891972
2025-02-06 21:00:00+00:00,99791.90052891972
2025-02-06 21:15:00+00:00,99791.90052891972
2025-02-06 21:30:00+00:00,99791.90052891972
2025-02-06 21:45:00+00:00,99791.90052891972
2025-02-06 22:00:00+00:00,99791.90052891972
2025-02-06 22:15:00+00:00,99791.90052891972
2025-02-06 22:30:00+00:00,99791.90052891972
2025-02-06 22:45:00+00:00,99791.90052891972
2025-02-06 23:00:00+00:00,99791.90052891972
2025-02-06 23:15:00+00:00,99791.90052891972
2025-02-06 23:30:00+00:00,99791.90052891972
2025-02-06 23:45:00+00:00,99791.90052891972
2025-02-07 00:00:00+00:00,99791.90052891972
2025-02-07 00:15:00+00:00,99791.90052891972
2025-02-07 00:30:00+00:00,99791.90052891972
2025-02-07 00:45:00+00:00,99791.90052891972
2025-02-07 01:00:00+00:00,99791.90052891972
2025-02-07 01:15:00+00:00,99791.90052891972
2025-02-07 01:30:00+00:00,99791.90052891972
2025-02-07 01:45:00+00:00,99791.90052891972
2025-02-07 02:00:00+00:00,99791.90052891972
2025-02-07 02:15:00+00:00,99791.90052891972
2025-02-07 02:30:00+00:00,99791.90052891972
2025-02-07 02:45:00+00:00,99791.90052891972
2025-02-07 03:00:00+00:00,99791.90052891972
2025-02-07 03:15:00+00:00,99791.90052891972
2025-02-07 03:30:00+00:00,99791.90052891972
2025-02-07 03:45:00+00:00,99791.90052891972
2025-02-07 04:00:00+00:00,99791.90052891972
2025-02-07 04:15:00+00:00,99791.90052891972
2025-02-07 04:30:00+00:00,99791.90052891972
2025-02-07 04:45:00+00:00,99791.90052891972
2025-02-07 05:00:00+00:00,99791.90052891972
2025-02-07 05:15:00+00:00,99791.90052891972
2025-02-07 05:30:00+00:00,99791.90052891972
2025-02-07 05:45:00+00:00,99791.90052891972
2025-02-07 06:00:00+00:00,99791.90052891972
2025-02-07 06:15:00+00:00,99791.90052891972
2025-02-07 06:30:00+00:00,99791.90052891972
2025-02-07 06:45:00+00:00,99791.90052891972
2025-02-07 07:00:00+00:00,99791.90052891972
2025-02-07 07:15:00+00:00,99791.90052891972
2025-02-07 07:30:00+00:00,99791.90052891972
2025-02-07 07:45:00+00:00,99791.90052891972
2025-02-07 08:00:00+00:00,99791.90052891972
2025-02-07 08:15:00+00:00,99791.90052891972
2025-02-07 08:30:00+00:00,99791.90052891972
2025-02-07 08:45:00+00:00,99791.90052891972
2025-02-07 09:00:00+00:00,99791.90052891972
2025-02-07 09:15:00+00:00,99791.90052891972
2025-02-07 09:30:00+00:00,99791.90052891972
2025-02-07 09:45:00+00:00,99791.90052891972
2025-02-07 10:00:00+00:00,99791.90052891972
2025-02-07 10:15:00+00:00,99791.90052891972
2025-02-07 10:30:00+00:00,99791.90052891972
2025-02-07 10:45:00+00:00,99791.90052891972
2025-02-07 11:00:00+00:00,99791.90052891972
2025-02-07 11:15:00+00:00,99791.90052891972
2025-02-07 11:30:00+00:00,99791.90052891972
2025-02-07 11:45:00+00:00,99791.90052891972
2025-02-07 12:00:00+00:00,99791.90052891972
2025-02-07 12:15:00+00:00,99791.90052891972
2025-02-07 12:30:00+00:00,99791.90052891972
2025-02-07 12:45:00+00:00,99791.90052891972
2025-02-07 13:00:00+00:00,99791.90052891972
2025-02-07 13:15:00+00:00,99791.90052891972
2025-02-07 13:30:00+00:00,99791.90052891972
2025-02-07 13:45:00+00:00,99791.90052891972
2025-02-07 14:00:00+00:00,99791.90052891972
2025-02-07 14:15:00+00:00,99791.90052891972
2025-02-07 14:30:00+00:00,99791.90052891972
2025-02-07 14:45:00+00:00,99791.90052891972
2025-02-07 15:00:00+00:00,99791.90052891972
2025-02-07 15:15:00+00:00,99791.90052891972
2025-02-07 15:30:00+00:00,99791.90052891972
2025-02-07 15:45:00+00:00,99791.90052891972
2025-02-07 16:00:00+00:00,99791.90052891972
2025-02-07 16:15:00+00:00,99791.90052891972
2025-02-07 16:30:00+00:00,99791.90052891972
2025-02-07 16:45:00+00:00,99791.90052891972
2025-02-07 17:00:00+00:00,99791.90052891972
2025-02-07 17:15:00+00:00,99791.90052891972
2025-02-07 17:30:00+00:00,99791.90052891972
2025-02-07 17:45:00+00:00,99791.90052891972
2025-02-07 18:00:00+00:00,99791.90052891972
2025-02-07 18:15:00+00:00,99791.90052891972
2025-02-07 18:30:00+00:00,99791.90052891972
2025-02-07 18:45:00+00:00,99791.90052891972
2025-02-07 19:00:00+00:00,99791.90052891972
2025-02-07 19:15:00+00:00,99791.90052891972
2025-02-07 19:30:00+00:00,99791.90052891972
2025-02-07 19:45:00+00:00,99791.90052891972
2025-02-07 20:00:00+00:00,99791.90052891972
2025-02-07 20:15:00+00:00,99791.90052891972
2025-02-07 20:30:00+00:00,99791.90052891972
2025-02-07 20:45:00+00:00,99791.90052891972
2025-02-07 21:00:00+00:00,99791.90052891972
2025-02-07 21:15:00+00:00,99791.90052891972
2025-02-07 21:30:00+00:00,99791.90052891972
2025-02-07 21:45:00+00:00,99791.90052891972
2025-02-07 22:00:00+00:00,99791.90052891972
2025-02-07 22:15:00+00:00,99791.90052891972
2025-02-07 22:30:00+00:00,99791.90052891972
2025-02-07 22:45:00+00:00,99791.90052891972
2025-02-07 23:00:00+00:00,99791.90052891972
2025-02-07 23:15:00+00:00,99791.90052891972
2025-02-07 23:30:00+00:00,99791.90052891972
2025-02-07 23:45:00+00:00,99791.90052891972
2025-02-08 00:00:00+00:00,99791.90052891972
2025-02-08 00:15:00+00:00,99791.90052891972
2025-02-08 00:30:00+00:00,99791.90052891972
2025-02-08 00:45:00+00:00,99791.90052891972
2025-02-08 01:00:00+00:00,99791.90052891972
2025-02-08 01:15:00+00:00,99791.90052891972
2025-02-08 01:30:00+00:00,99791.90052891972
2025-02-08 01:45:00+00:00,99791.90052891972
2025-02-08 02:00:00+00:00,99791.90052891972
2025-02-08 02:15:00+00:00,99791.90052891972
2025-02-08 02:30:00+00:00,99791.90052891972
2025-02-08 02:45:00+00:00,99791.90052891972
2025-02-08 03:00:00+00:00,99791.90052891972
2025-02-08 03:15:00+00:00,99791.90052891972
2025-02-08 03:30:00+00:00,99791.90052891972
2025-02-08 03:45:00+00:00,99791.90052891972
2025-02-08 04:00:00+00:00,99791.90052891972
2025-02-08 04:15:00+00:00,99791.90052891972
2025-02-08 04:30:00+00:00,99791.90052891972
2025-02-08 04:45:00+00:00,99791.90052891972
2025-02-08 05:00:00+00:00,99791.90052891972
2025-02-08 05:15:00+00:00,99791.90052891972
2025-02-08 05:30:00+00:00,99791.90052891972
2025-02-08 05:45:00+00:00,99791.90052891972
2025-02-08 06:00:00+00:00,99791.90052891972
2025-02-08 06:15:00+00:00,99791.90052891972
2025-02-08 06:30:00+00:00,99791.90052891972
2025-02-08 06:45:00+00:00,99791.90052891972
2025-02-08 07:00:00+00:00,99791.90052891972
2025-02-08 07:15:00+00:00,99791.90052891972
2025-02-08 07:30:00+00:00,99791.90052891972
2025-02-08 07:45:00+00:00,99791.90052891972
2025-02-08 08:00:00+00:00,99791.90052891972
2025-02-08 08:15:00+00:00,99791.90052891972
2025-02-08 08:30:00+00:00,99791.90052891972
2025-02-08 08:45:00+00:00,99791.90052891972
2025-02-08 09:00:00+00:00,99791.90052891972
2025-02-08 09:15:00+00:00,99791.90052891972
2025-02-08 09:30:00+00:00,99791.90052891972
2025-02-08 09:45:00+00:00,99791.90052891972
2025-02-08 10:00:00+00:00,99791.90052891972
2025-02-08 10:15:00+00:00,99791.90052891972
2025-02-08 10:30:00+00:00,99791.90052891972
2025-02-08 10:45:00+00:00,99791.90052891972
2025-02-08 11:00:00+00:00,99791.90052891972
2025-02-08 11:15:00+00:00,99791.90052891972
2025-02-08 11:30:00+00:00,99791.90052891972
2025-02-08 11:45:00+00:00,99791.90052891972
2025-02-08 12:00:00+00:00,99791.90052891972
2025-02-08 12:15:00+00:00,99791.90052891972
2025-02-08 12:30:00+00:00,99791.90052891972
2025-02-08 12:45:00+00:00,99791.90052891972
2025-02-08 13:00:00+00:00,99791.90052891972
2025-02-08 13:15:00+00:00,99791.90052891972
2025-02-08 13:30:00+00:00,99791.90052891972
2025-02-08 13:45:00+00:00,99791.90052891972
2025-02-08 14:00:00+00:00,99791.90052891972
2025-02-08 14:15:00+00:00,99791.90052891972
2025-02-08 14:30:00+00:00,99791.90052891972
2025-02-08 14:45:00+00:00,99791.90052891972
2025-02-08 15:00:00+00:00,99791.90052891972
2025-02-08 15:15:00+00:00,99791.90052891972
2025-02-08 15:30:00+00:00,99791.90052891972
2025-02-08 15:45:00+00:00,99791.90052891972
2025-02-08 16:00:00+00:00,99791.90052891972
2025-02-08 16:15:00+00:00,99791.90052891972
2025-02-08 16:30:00+00:00,99791.90052891972
2025-02-08 16:45:00+00:00,99791.90052891972
2025-02-08 17:00:00+00:00,99791.90052891972
2025-02-08 17:15:00+00:00,99791.90052891972
2025-02-08 17:30:00+00:00,99791.90052891972
2025-02-08 17:45:00+00:00,99791.90052891972
2025-02-08 18:00:00+00:00,99791.90052891972
2025-02-08 18:15:00+00:00,99791.90052891972
2025-02-08 18:30:00+00:00,99791.90052891972
2025-02-08 18:45:00+00:00,99791.90052891972
2025-02-08 19:00:00+00:00,99791.90052891972
2025-02-08 19:15:00+00:00,99791.90052891972
2025-02-08 19:30:00+00:00,99791.90052891972
2025-02-08 19:45:00+00:00,99791.90052891972
2025-02-08 20:00:00+00:00,99791.90052891972
2025-02-08 20:15:00+00:00,99791.14494828774
2025-02-08 20:30:00+00:00,99792.03467106163
2025-02-08 20:45:00+00:00,99791.34221221764
2025-02-08 21:00:00+00:00,99792.17323840693
2025-02-08 21:15:00+00:00,99791.96625755119
2025-02-08 21:30:00+00:00,99790.39339274261
2025-02-08 21:45:00+00:00,99790.2328774244
2025-02-08 22:00:00+00:00,99782.52273098615
2025-02-08 22:15:00+00:00,99782.52273098615
2025-02-08 22:30:00+00:00,99782.52273098615
2025-02-08 22:45:00+00:00,99782.52273098615
2025-02-08 23:00:00+00:00,99782.52273098615
2025-02-08 23:15:00+00:00,99782.52273098615
2025-02-08 23:30:00+00:00,99782.52273098615
2025-02-08 23:45:00+00:00,99782.52273098615
2025-02-09 00:00:00+00:00,99782.52273098615
2025-02-09 00:15:00+00:00,99782.52273098615
2025-02-09 00:30:00+00:00,99782.52273098615
2025-02-09 00:45:00+00:00,99782.52273098615
2025-02-09 01:00:00+00:00,99782.52273098615
2025-02-09 01:15:00+00:00,99782.52273098615
2025-02-09 01:30:00+00:00,99782.52273098615
2025-02-09 01:45:00+00:00,99782.52273098615
2025-02-09 02:00:00+00:00,99782.52273098615
2025-02-09 02:15:00+00:00,99782.52273098615
2025-02-09 02:30:00+00:00,99782.52273098615
2025-02-09 02:45:00+00:00,99782.52273098615
2025-02-09 03:00:00+00:00,99782.52273098615
2025-02-09 03:15:00+00:00,99782.52273098615
2025-02-09 03:30:00+00:00,99782.52273098615
2025-02-09 03:45:00+00:00,99782.52273098615
2025-02-09 04:00:00+00:00,99782.52273098615
2025-02-09 04:15:00+00:00,99782.52273098615
2025-02-09 04:30:00+00:00,99782.52273098615
2025-02-09 04:45:00+00:00,99782.52273098615
2025-02-09 05:00:00+00:00,99782.52273098615
2025-02-09 05:15:00+00:00,99782.52273098615
2025-02-09 05:30:00+00:00,99782.52273098615
2025-02-09 05:45:00+00:00,99782.52273098615
2025-02-09 06:00:00+00:00,99782.52273098615
2025-02-09 06:15:00+00:00,99782.52273098615
2025-02-09 06:30:00+00:00,99782.52273098615
2025-02-09 06:45:00+00:00,99782.52273098615
2025-02-09 07:00:00+00:00,99782.52273098615
2025-02-09 07:15:00+00:00,99782.52273098615
2025-02-09 07:30:00+00:00,99782.52273098615
2025-02-09 07:45:00+00:00,99782.52273098615
2025-02-09 08:00:00+00:00,99782.52273098615
2025-02-09 08:15:00+00:00,99782.52273098615
2025-02-09 08:30:00+00:00,99782.52273098615
2025-02-09 08:45:00+00:00,99782.52273098615
2025-02-09 09:00:00+00:00,99782.52273098615
2025-02-09 09:15:00+00:00,99782.52273098615
2025-02-09 09:30:00+00:00,99782.52273098615
2025-02-09 09:45:00+00:00,99782.52273098615
2025-02-09 10:00:00+00:00,99782.52273098615
2025-02-09 10:15:00+00:00,99782.52273098615
2025-02-09 10:30:00+00:00,99782.52273098615
2025-02-09 10:45:00+00:00,99782.52273098615
2025-02-09 11:00:00+00:00,99782.52273098615
2025-02-09 11:15:00+00:00,99782.52273098615
2025-02-09 11:30:00+00:00,99782.52273098615
2025-02-09 11:45:00+00:00,99782.52273098615
2025-02-09 12:00:00+00:00,99782.52273098615
2025-02-09 12:15:00+00:00,99782.52273098615
2025-02-09 12:30:00+00:00,99782.52273098615
2025-02-09 12:45:00+00:00,99782.52273098615
2025-02-09 13:00:00+00:00,99782.52273098615
2025-02-09 13:15:00+00:00,99782.52273098615
2025-02-09 13:30:00+00:00,99782.52273098615
2025-02-09 13:45:00+00:00,99782.52273098615
2025-02-09 14:00:00+00:00,99782.52273098615
2025-02-09 14:15:00+00:00,99782.52273098615
2025-02-09 14:30:00+00:00,99782.52273098615
2025-02-09 14:45:00+00:00,99782.52273098615
2025-02-09 15:00:00+00:00,99782.52273098615
2025-02-09 15:15:00+00:00,99782.52273098615
2025-02-09 15:30:00+00:00,99782.52273098615
2025-02-09 15:45:00+00:00,99782.52273098615
2025-02-09 16:00:00+00:00,99782.52273098615
2025-02-09 16:15:00+00:00,99782.52273098615
2025-02-09 16:30:00+00:00,99782.52273098615
2025-02-09 16:45:00+00:00,99782.52273098615
2025-02-09 17:00:00+00:00,99782.52273098615
2025-02-09 17:15:00+00:00,99782.52273098615
2025-02-09 17:30:00+00:00,99782.52273098615
2025-02-09 17:45:00+00:00,99782.52273098615
2025-02-09 18:00:00+00:00,99782.52273098615
2025-02-09 18:15:00+00:00,99782.52273098615
2025-02-09 18:30:00+00:00,99782.52273098615
2025-02-09 18:45:00+00:00,99782.52273098615
2025-02-09 19:00:00+00:00,99782.52273098615
2025-02-09 19:15:00+00:00,99782.52273098615
2025-02-09 19:30:00+00:00,99782.52273098615
2025-02-09 19:45:00+00:00,99782.52273098615
2025-02-09 20:00:00+00:00,99782.52273098615
2025-02-09 20:15:00+00:00,99782.52273098615
2025-02-09 20:30:00+00:00,99782.52273098615
2025-02-09 20:45:00+00:00,99782.52273098615
2025-02-09 21:00:00+00:00,99782.52273098615
2025-02-09 21:15:00+00:00,99782.52273098615
2025-02-09 21:30:00+00:00,99782.52273098615
2025-02-09 21:45:00+00:00,99782.52273098615
2025-02-09 22:00:00+00:00,99782.52273098615
2025-02-09 22:15:00+00:00,99782.52273098615
2025-02-09 22:30:00+00:00,99782.52273098615
2025-02-09 22:45:00+00:00,99782.52273098615
2025-02-09 23:00:00+00:00,99782.52273098615
2025-02-09 23:15:00+00:00,99782.52273098615
2025-02-09 23:30:00+00:00,99782.52273098615
2025-02-09 23:45:00+00:00,99782.52273098615
2025-02-10 00:00:00+00:00,99782.52273098615
2025-02-10 00:15:00+00:00,99782.52273098615
2025-02-10 00:30:00+00:00,99782.52273098615
2025-02-10 00:45:00+00:00,99782.52273098615
2025-02-10 01:00:00+00:00,99782.52273098615
2025-02-10 01:15:00+00:00,99782.52273098615
2025-02-10 01:30:00+00:00,99782.52273098615
2025-02-10 01:45:00+00:00,99782.52273098615
2025-02-10 02:00:00+00:00,99782.52273098615
2025-02-10 02:15:00+00:00,99782.52273098615
2025-02-10 02:30:00+00:00,99782.52273098615
2025-02-10 02:45:00+00:00,99782.52273098615
2025-02-10 03:00:00+00:00,99782.52273098615
2025-02-10 03:15:00+00:00,99782.52273098615
2025-02-10 03:30:00+00:00,99782.52273098615
2025-02-10 03:45:00+00:00,99782.52273098615
2025-02-10 04:00:00+00:00,99782.52273098615
2025-02-10 04:15:00+00:00,99782.52273098615
2025-02-10 04:30:00+00:00,99782.52273098615
2025-02-10 04:45:00+00:00,99782.52273098615
2025-02-10 05:00:00+00:00,99782.52273098615
2025-02-10 05:15:00+00:00,99782.52273098615
2025-02-10 05:30:00+00:00,99782.52273098615
2025-02-10 05:45:00+00:00,99782.52273098615
2025-02-10 06:00:00+00:00,99782.52273098615
2025-02-10 06:15:00+00:00,99782.52273098615
2025-02-10 06:30:00+00:00,99782.52273098615
2025-02-10 06:45:00+00:00,99782.52273098615
2025-02-10 07:00:00+00:00,99782.52273098615
2025-02-10 07:15:00+00:00,99782.52273098615
2025-02-10 07:30:00+00:00,99782.52273098615
2025-02-10 07:45:00+00:00,99782.52273098615
2025-02-10 08:00:00+00:00,99782.52273098615
2025-02-10 08:15:00+00:00,99782.52273098615
2025-02-10 08:30:00+00:00,99782.52273098615
2025-02-10 08:45:00+00:00,99782.52273098615
2025-02-10 09:00:00+00:00,99782.52273098615
2025-02-10 09:15:00+00:00,99782.52273098615
2025-02-10 09:30:00+00:00,99782.52273098615
2025-02-10 09:45:00+00:00,99782.52273098615
2025-02-10 10:00:00+00:00,99782.52273098615
2025-02-10 10:15:00+00:00,99782.52273098615
2025-02-10 10:30:00+00:00,99782.52273098615
2025-02-10 10:45:00+00:00,99782.52273098615
2025-02-10 11:00:00+00:00,99782.52273098615
2025-02-10 11:15:00+00:00,99782.52273098615
2025-02-10 11:30:00+00:00,99782.52273098615
2025-02-10 11:45:00+00:00,99782.52273098615
2025-02-10 12:00:00+00:00,99782.52273098615
2025-02-10 12:15:00+00:00,99782.52273098615
2025-02-10 12:30:00+00:00,99782.52273098615
2025-02-10 12:45:00+00:00,99782.52273098615
2025-02-10 13:00:00+00:00,99782.52273098615
2025-02-10 13:15:00+00:00,99782.52273098615
2025-02-10 13:30:00+00:00,99782.52273098615
2025-02-10 13:45:00+00:00,99782.52273098615
2025-02-10 14:00:00+00:00,99782.52273098615
2025-02-10 14:15:00+00:00,99782.52273098615
2025-02-10 14:30:00+00:00,99782.52273098615
2025-02-10 14:45:00+00:00,99782.52273098615
2025-02-10 15:00:00+00:00,99782.52273098615
2025-02-10 15:15:00+00:00,99782.52273098615
2025-02-10 15:30:00+00:00,99782.52273098615
2025-02-10 15:45:00+00:00,99782.52273098615
2025-02-10 16:00:00+00:00,99782.52273098615
2025-02-10 16:15:00+00:00,99782.52273098615
2025-02-10 16:30:00+00:00,99782.52273098615
2025-02-10 16:45:00+00:00,99782.52273098615
2025-02-10 17:00:00+00:00,99782.52273098615
2025-02-10 17:15:00+00:00,99782.52273098615
2025-02-10 17:30:00+00:00,99782.52273098615
2025-02-10 17:45:00+00:00,99782.52273098615
2025-02-10 18:00:00+00:00,99782.52273098615
2025-02-10 18:15:00+00:00,99782.52273098615
2025-02-10 18:30:00+00:00,99782.52273098615
2025-02-10 18:45:00+00:00,99782.52273098615
2025-02-10 19:00:00+00:00,99782.52273098615
2025-02-10 19:15:00+00:00,99782.52273098615
2025-02-10 19:30:00+00:00,99782.52273098615
2025-02-10 19:45:00+00:00,99782.52273098615
2025-02-10 20:00:00+00:00,99782.52273098615
2025-02-10 20:15:00+00:00,99782.52273098615
2025-02-10 20:30:00+00:00,99782.52273098615
2025-02-10 20:45:00+00:00,99782.52273098615
2025-02-10 21:00:00+00:00,99782.52273098615
2025-02-10 21:15:00+00:00,99782.52273098615
2025-02-10 21:30:00+00:00,99782.52273098615
2025-02-10 21:45:00+00:00,99782.52273098615
2025-02-10 22:00:00+00:00,99782.52273098615
2025-02-10 22:15:00+00:00,99782.52273098615
2025-02-10 22:30:00+00:00,99782.52273098615
2025-02-10 22:45:00+00:00,99782.52273098615
2025-02-10 23:00:00+00:00,99782.52273098615
2025-02-10 23:15:00+00:00,99782.52273098615
2025-02-10 23:30:00+00:00,99782.52273098615
2025-02-10 23:45:00+00:00,99782.52273098615
2025-02-11 00:00:00+00:00,99782.52273098615
2025-02-11 00:15:00+00:00,99782.52273098615
2025-02-11 00:30:00+00:00,99782.52273098615
2025-02-11 00:45:00+00:00,99782.52273098615
2025-02-11 01:00:00+00:00,99782.52273098615
2025-02-11 01:15:00+00:00,99782.52273098615
2025-02-11 01:30:00+00:00,99782.52273098615
2025-02-11 01:45:00+00:00,99782.52273098615
2025-02-11 02:00:00+00:00,99782.52273098615
2025-02-11 02:15:00+00:00,99782.52273098615
2025-02-11 02:30:00+00:00,99782.52273098615
2025-02-11 02:45:00+00:00,99782.52273098615
2025-02-11 03:00:00+00:00,99782.52273098615
2025-02-11 03:15:00+00:00,99782.52273098615
2025-02-11 03:30:00+00:00,99782.52273098615
2025-02-11 03:45:00+00:00,99782.52273098615
2025-02-11 04:00:00+00:00,99782.52273098615
2025-02-11 04:15:00+00:00,99782.52273098615
2025-02-11 04:30:00+00:00,99782.52273098615
2025-02-11 04:45:00+00:00,99782.52273098615
2025-02-11 05:00:00+00:00,99782.52273098615
2025-02-11 05:15:00+00:00,99782.52273098615
2025-02-11 05:30:00+00:00,99782.52273098615
2025-02-11 05:45:00+00:00,99782.52273098615
2025-02-11 06:00:00+00:00,99782.52273098615
2025-02-11 06:15:00+00:00,99782.52273098615
2025-02-11 06:30:00+00:00,99782.52273098615
2025-02-11 06:45:00+00:00,99782.52273098615
2025-02-11 07:00:00+00:00,99782.52273098615
2025-02-11 07:15:00+00:00,99782.52273098615
2025-02-11 07:30:00+00:00,99782.52273098615
2025-02-11 07:45:00+00:00,99782.52273098615
2025-02-11 08:00:00+00:00,99782.52273098615
2025-02-11 08:15:00+00:00,99782.52273098615
2025-02-11 08:30:00+00:00,99782.52273098615
2025-02-11 08:45:00+00:00,99782.52273098615
2025-02-11 09:00:00+00:00,99782.52273098615
2025-02-11 09:15:00+00:00,99782.52273098615
2025-02-11 09:30:00+00:00,99782.52273098615
2025-02-11 09:45:00+00:00,99782.52273098615
2025-02-11 10:00:00+00:00,99782.52273098615
2025-02-11 10:15:00+00:00,99782.52273098615
2025-02-11 10:30:00+00:00,99782.52273098615
2025-02-11 10:45:00+00:00,99782.52273098615
2025-02-11 11:00:00+00:00,99782.52273098615
2025-02-11 11:15:00+00:00,99782.52273098615
2025-02-11 11:30:00+00:00,99782.52273098615
2025-02-11 11:45:00+00:00,99782.52273098615
2025-02-11 12:00:00+00:00,99782.52273098615
2025-02-11 12:15:00+00:00,99782.52273098615
2025-02-11 12:30:00+00:00,99782.52273098615
2025-02-11 12:45:00+00:00,99782.52273098615
2025-02-11 13:00:00+00:00,99782.52273098615
2025-02-11 13:15:00+00:00,99782.52273098615
2025-02-11 13:30:00+00:00,99782.52273098615
2025-02-11 13:45:00+00:00,99782.52273098615
2025-02-11 14:00:00+00:00,99782.52273098615
2025-02-11 14:15:00+00:00,99782.52273098615
2025-02-11 14:30:00+00:00,99782.52273098615
2025-02-11 14:45:00+00:00,99782.52273098615
2025-02-11 15:00:00+00:00,99782.52273098615
2025-02-11 15:15:00+00:00,99782.52273098615
2025-02-11 15:30:00+00:00,99782.52273098615
2025-02-11 15:45:00+00:00,99782.52273098615
2025-02-11 16:00:00+00:00,99782.52273098615
2025-02-11 16:15:00+00:00,99782.52273098615
2025-02-11 16:30:00+00:00,99782.52273098615
2025-02-11 16:45:00+00:00,99782.52273098615
2025-02-11 17:00:00+00:00,99782.52273098615
2025-02-11 17:15:00+00:00,99782.52273098615
2025-02-11 17:30:00+00:00,99782.52273098615
2025-02-11 17:45:00+00:00,99782.52273098615
2025-02-11 18:00:00+00:00,99782.52273098615
2025-02-11 18:15:00+00:00,99782.52273098615
2025-02-11 18:30:00+00:00,99782.52273098615
2025-02-11 18:45:00+00:00,99782.52273098615
2025-02-11 19:00:00+00:00,99782.52273098615
2025-02-11 19:15:00+00:00,99782.52273098615
2025-02-11 19:30:00+00:00,99782.52273098615
2025-02-11 19:45:00+00:00,99782.52273098615
2025-02-11 20:00:00+00:00,99782.52273098615
2025-02-11 20:15:00+00:00,99782.52273098615
2025-02-11 20:30:00+00:00,99782.52273098615
2025-02-11 20:45:00+00:00,99782.52273098615
2025-02-11 21:00:00+00:00,99782.52273098615
2025-02-11 21:15:00+00:00,99782.52273098615
2025-02-11 21:30:00+00:00,99782.52273098615
2025-02-11 21:45:00+00:00,99782.52273098615
2025-02-11 22:00:00+00:00,99782.52273098615
2025-02-11 22:15:00+00:00,99782.52273098615
2025-02-11 22:30:00+00:00,99782.52273098615
2025-02-11 22:45:00+00:00,99782.52273098615
2025-02-11 23:00:00+00:00,99782.52273098615
2025-02-11 23:15:00+00:00,99782.52273098615
2025-02-11 23:30:00+00:00,99782.52273098615
2025-02-11 23:45:00+00:00,99782.52273098615
2025-02-12 00:00:00+00:00,99782.52273098615
2025-02-12 00:15:00+00:00,99782.52273098615
2025-02-12 00:30:00+00:00,99782.52273098615
2025-02-12 00:45:00+00:00,99782.52273098615
2025-02-12 01:00:00+00:00,99782.52273098615
2025-02-12 01:15:00+00:00,99782.52273098615
2025-02-12 01:30:00+00:00,99782.52273098615
2025-02-12 01:45:00+00:00,99782.52273098615
2025-02-12 02:00:00+00:00,99782.52273098615
2025-02-12 02:15:00+00:00,99782.52273098615
2025-02-12 02:30:00+00:00,99782.52273098615
2025-02-12 02:45:00+00:00,99782.52273098615
2025-02-12 03:00:00+00:00,99782.52273098615
2025-02-12 03:15:00+00:00,99782.52273098615
2025-02-12 03:30:00+00:00,99782.52273098615
2025-02-12 03:45:00+00:00,99782.52273098615
2025-02-12 04:00:00+00:00,99782.52273098615
2025-02-12 04:15:00+00:00,99782.52273098615
2025-02-12 04:30:00+00:00,99782.52273098615
2025-02-12 04:45:00+00:00,99782.52273098615
2025-02-12 05:00:00+00:00,99782.52273098615
2025-02-12 05:15:00+00:00,99782.52273098615
2025-02-12 05:30:00+00:00,99782.52273098615
2025-02-12 05:45:00+00:00,99782.52273098615
2025-02-12 06:00:00+00:00,99782.52273098615
2025-02-12 06:15:00+00:00,99782.52273098615
2025-02-12 06:30:00+00:00,99782.52273098615
2025-02-12 06:45:00+00:00,99782.52273098615
2025-02-12 07:00:00+00:00,99782.52273098615
2025-02-12 07:15:00+00:00,99782.52273098615
2025-02-12 07:30:00+00:00,99782.52273098615
2025-02-12 07:45:00+00:00,99782.52273098615
2025-02-12 08:00:00+00:00,99782.52273098615
2025-02-12 08:15:00+00:00,99782.52273098615
2025-02-12 08:30:00+00:00,99782.52273098615
2025-02-12 08:45:00+00:00,99782.52273098615
2025-02-12 09:00:00+00:00,99782.52273098615
2025-02-12 09:15:00+00:00,99782.52273098615
2025-02-12 09:30:00+00:00,99782.52273098615
2025-02-12 09:45:00+00:00,99782.52273098615
2025-02-12 10:00:00+00:00,99782.52273098615
2025-02-12 10:15:00+00:00,99782.52273098615
2025-02-12 10:30:00+00:00,99782.52273098615
2025-02-12 10:45:00+00:00,99782.52273098615
2025-02-12 11:00:00+00:00,99782.52273098615
2025-02-12 11:15:00+00:00,99782.52273098615
2025-02-12 11:30:00+00:00,99782.52273098615
2025-02-12 11:45:00+00:00,99782.52273098615
2025-02-12 12:00:00+00:00,99782.52273098615
2025-02-12 12:15:00+00:00,99782.52273098615
2025-02-12 12:30:00+00:00,99782.52273098615
2025-02-12 12:45:00+00:00,99782.52273098615
2025-02-12 13:00:00+00:00,99782.52273098615
2025-02-12 13:15:00+00:00,99782.52273098615
2025-02-12 13:30:00+00:00,99782.52273098615
2025-02-12 13:45:00+00:00,99782.52273098615
2025-02-12 14:00:00+00:00,99782.52273098615
2025-02-12 14:15:00+00:00,99782.52273098615
2025-02-12 14:30:00+00:00,99782.52273098615
2025-02-12 14:45:00+00:00,99782.52273098615
2025-02-12 15:00:00+00:00,99782.52273098615
2025-02-12 15:15:00+00:00,99782.52273098615
2025-02-12 15:30:00+00:00,99782.52273098615
2025-02-12 15:45:00+00:00,99782.52273098615
2025-02-12 16:00:00+00:00,99782.52273098615
2025-02-12 16:15:00+00:00,99782.52273098615
2025-02-12 16:30:00+00:00,99782.52273098615
2025-02-12 16:45:00+00:00,99766.5174937193
2025-02-12 17:00:00+00:00,99744.69679098757
2025-02-12 17:15:00+00:00,99744.69679098757
2025-02-12 17:30:00+00:00,99744.69679098757
2025-02-12 17:45:00+00:00,99744.69679098757
2025-02-12 18:00:00+00:00,99744.69679098757
2025-02-12 18:15:00+00:00,99744.69679098757
2025-02-12 18:30:00+00:00,99744.69679098757
2025-02-12 18:45:00+00:00,99744.69679098757
2025-02-12 19:00:00+00:00,99744.69679098757
2025-02-12 19:15:00+00:00,99744.69679098757
2025-02-12 19:30:00+00:00,99744.69679098757
2025-02-12 19:45:00+00:00,99744.69679098757
2025-02-12 20:00:00+00:00,99744.69679098757
2025-02-12 20:15:00+00:00,99744.69679098757
2025-02-12 20:30:00+00:00,99744.69679098757
2025-02-12 20:45:00+00:00,99744.69679098757
2025-02-12 21:00:00+00:00,99744.69679098757
2025-02-12 21:15:00+00:00,99744.69679098757
2025-02-12 21:30:00+00:00,99744.69679098757
2025-02-12 21:45:00+00:00,99744.69679098757
2025-02-12 22:00:00+00:00,99744.69679098757
2025-02-12 22:15:00+00:00,99744.69679098757
2025-02-12 22:30:00+00:00,99744.69679098757
2025-02-12 22:45:00+00:00,99744.69679098757
2025-02-12 23:00:00+00:00,99744.69679098757
2025-02-12 23:15:00+00:00,99744.69679098757
2025-02-12 23:30:00+00:00,99744.69679098757
2025-02-12 23:45:00+00:00,99744.69679098757
2025-02-13 00:00:00+00:00,99744.69679098757
2025-02-13 00:15:00+00:00,99744.69679098757
2025-02-13 00:30:00+00:00,99744.69679098757
2025-02-13 00:45:00+00:00,99744.69679098757
2025-02-13 01:00:00+00:00,99744.69679098757
2025-02-13 01:15:00+00:00,99744.69679098757
2025-02-13 01:30:00+00:00,99744.69679098757
2025-02-13 01:45:00+00:00,99744.69679098757
2025-02-13 02:00:00+00:00,99744.69679098757
2025-02-13 02:15:00+00:00,99744.69679098757
2025-02-13 02:30:00+00:00,99744.69679098757
2025-02-13 02:45:00+00:00,99744.69679098757
2025-02-13 03:00:00+00:00,99744.69679098757
2025-02-13 03:15:00+00:00,99744.69679098757
2025-02-13 03:30:00+00:00,99744.69679098757
2025-02-13 03:45:00+00:00,99744.69679098757
2025-02-13 04:00:00+00:00,99744.69679098757
2025-02-13 04:15:00+00:00,99744.69679098757
2025-02-13 04:30:00+00:00,99744.69679098757
2025-02-13 04:45:00+00:00,99744.69679098757
2025-02-13 05:00:00+00:00,99744.69679098757
2025-02-13 05:15:00+00:00,99744.69679098757
2025-02-13 05:30:00+00:00,99744.69679098757
2025-02-13 05:45:00+00:00,99744.69679098757
2025-02-13 06:00:00+00:00,99744.69679098757
2025-02-13 06:15:00+00:00,99744.69679098757
2025-02-13 06:30:00+00:00,99744.69679098757
2025-02-13 06:45:00+00:00,99744.69679098757
2025-02-13 07:00:00+00:00,99744.69679098757
2025-02-13 07:15:00+00:00,99744.69679098757
2025-02-13 07:30:00+00:00,99744.69679098757
2025-02-13 07:45:00+00:00,99744.69679098757
2025-02-13 08:00:00+00:00,99744.69679098757
2025-02-13 08:15:00+00:00,99744.69679098757
2025-02-13 08:30:00+00:00,99744.69679098757
2025-02-13 08:45:00+00:00,99744.69679098757
2025-02-13 09:00:00+00:00,99744.69679098757
2025-02-13 09:15:00+00:00,99744.69679098757
2025-02-13 09:30:00+00:00,99744.69679098757
2025-02-13 09:45:00+00:00,99744.69679098757
2025-02-13 10:00:00+00:00,99744.69679098757
2025-02-13 10:15:00+00:00,99744.69679098757
2025-02-13 10:30:00+00:00,99744.69679098757
2025-02-13 10:45:00+00:00,99744.69679098757
2025-02-13 11:00:00+00:00,99744.69679098757
2025-02-13 11:15:00+00:00,99744.69679098757
2025-02-13 11:30:00+00:00,99744.69679098757
2025-02-13 11:45:00+00:00,99744.69679098757
2025-02-13 12:00:00+00:00,99744.69679098757
2025-02-13 12:15:00+00:00,99744.69679098757
2025-02-13 12:30:00+00:00,99744.69679098757
2025-02-13 12:45:00+00:00,99744.69679098757
2025-02-13 13:00:00+00:00,99744.69679098757
2025-02-13 13:15:00+00:00,99744.69679098757
2025-02-13 13:30:00+00:00,99744.69679098757
2025-02-13 13:45:00+00:00,99744.69679098757
2025-02-13 14:00:00+00:00,99744.69679098757
2025-02-13 14:15:00+00:00,99744.69679098757
2025-02-13 14:30:00+00:00,99744.69679098757
2025-02-13 14:45:00+00:00,99744.69679098757
2025-02-13 15:00:00+00:00,99744.69679098757
2025-02-13 15:15:00+00:00,99744.69679098757
2025-02-13 15:30:00+00:00,99744.69679098757
2025-02-13 15:45:00+00:00,99744.69679098757
2025-02-13 16:00:00+00:00,99744.69679098757
2025-02-13 16:15:00+00:00,99744.69679098757
2025-02-13 16:30:00+00:00,99744.69679098757
2025-02-13 16:45:00+00:00,99744.69679098757
2025-02-13 17:00:00+00:00,99744.69679098757
2025-02-13 17:15:00+00:00,99744.69679098757
2025-02-13 17:30:00+00:00,99744.69679098757
2025-02-13 17:45:00+00:00,99744.69679098757
2025-02-13 18:00:00+00:00,99744.69679098757
2025-02-13 18:15:00+00:00,99744.69679098757
2025-02-13 18:30:00+00:00,99744.69679098757
2025-02-13 18:45:00+00:00,99744.69679098757
2025-02-13 19:00:00+00:00,99744.69679098757
2025-02-13 19:15:00+00:00,99744.69679098757
2025-02-13 19:30:00+00:00,99744.69679098757
2025-02-13 19:45:00+00:00,99744.69679098757
2025-02-13 20:00:00+00:00,99744.69679098757
2025-02-13 20:15:00+00:00,99744.69679098757
2025-02-13 20:30:00+00:00,99744.69679098757
2025-02-13 20:45:00+00:00,99744.69679098757
2025-02-13 21:00:00+00:00,99744.69679098757
2025-02-13 21:15:00+00:00,99744.69679098757
2025-02-13 21:30:00+00:00,99744.69679098757
2025-02-13 21:45:00+00:00,99744.69679098757
2025-02-13 22:00:00+00:00,99744.69679098757
2025-02-13 22:15:00+00:00,99744.69679098757
2025-02-13 22:30:00+00:00,99744.69679098757
2025-02-13 22:45:00+00:00,99744.69679098757
2025-02-13 23:00:00+00:00,99744.69679098757
2025-02-13 23:15:00+00:00,99744.69679098757
2025-02-13 23:30:00+00:00,99744.69679098757
2025-02-13 23:45:00+00:00,99744.69679098757
2025-02-14 00:00:00+00:00,99744.69679098757
2025-02-14 00:15:00+00:00,99744.69679098757
2025-02-14 00:30:00+00:00,99744.69679098757
2025-02-14 00:45:00+00:00,99744.69679098757
2025-02-14 01:00:00+00:00,99744.69679098757
2025-02-14 01:15:00+00:00,99744.69679098757
2025-02-14 01:30:00+00:00,99744.69679098757
2025-02-14 01:45:00+00:00,99744.69679098757
2025-02-14 02:00:00+00:00,99744.69679098757
2025-02-14 02:15:00+00:00,99744.69679098757
2025-02-14 02:30:00+00:00,99744.69679098757
2025-02-14 02:45:00+00:00,99744.69679098757
2025-02-14 03:00:00+00:00,99744.69679098757
2025-02-14 03:15:00+00:00,99744.69679098757
2025-02-14 03:30:00+00:00,99744.69679098757
2025-02-14 03:45:00+00:00,99744.69679098757
2025-02-14 04:00:00+00:00,99744.69679098757
2025-02-14 04:15:00+00:00,99744.69679098757
2025-02-14 04:30:00+00:00,99744.69679098757
2025-02-14 04:45:00+00:00,99744.69679098757
2025-02-14 05:00:00+00:00,99744.69679098757
2025-02-14 05:15:00+00:00,99744.69679098757
2025-02-14 05:30:00+00:00,99744.69679098757
2025-02-14 05:45:00+00:00,99744.69679098757
2025-02-14 06:00:00+00:00,99744.69679098757
2025-02-14 06:15:00+00:00,99744.69679098757
2025-02-14 06:30:00+00:00,99744.69679098757
2025-02-14 06:45:00+00:00,99744.69679098757
2025-02-14 07:00:00+00:00,99744.69679098757
2025-02-14 07:15:00+00:00,99744.69679098757
2025-02-14 07:30:00+00:00,99744.69679098757
2025-02-14 07:45:00+00:00,99744.69679098757
2025-02-14 08:00:00+00:00,99744.69679098757
2025-02-14 08:15:00+00:00,99744.69679098757
2025-02-14 08:30:00+00:00,99744.69679098757
2025-02-14 08:45:00+00:00,99744.69679098757
2025-02-14 09:00:00+00:00,99744.69679098757
2025-02-14 09:15:00+00:00,99744.69679098757
2025-02-14 09:30:00+00:00,99744.69679098757
2025-02-14 09:45:00+00:00,99744.69679098757
2025-02-14 10:00:00+00:00,99744.69679098757
2025-02-14 10:15:00+00:00,99744.69679098757
2025-02-14 10:30:00+00:00,99744.69679098757
2025-02-14 10:45:00+00:00,99744.69679098757
2025-02-14 11:00:00+00:00,99744.69679098757
2025-02-14 11:15:00+00:00,99744.69679098757
2025-02-14 11:30:00+00:00,99744.69679098757
2025-02-14 11:45:00+00:00,99744.69679098757
2025-02-14 12:00:00+00:00,99744.69679098757
2025-02-14 12:15:00+00:00,99744.69679098757
2025-02-14 12:30:00+00:00,99744.69679098757
2025-02-14 12:45:00+00:00,99744.69679098757
2025-02-14 13:00:00+00:00,99744.69679098757
2025-02-14 13:15:00+00:00,99744.69679098757
2025-02-14 13:30:00+00:00,99744.69679098757
2025-02-14 13:45:00+00:00,99744.69679098757
2025-02-14 14:00:00+00:00,99744.69679098757
2025-02-14 14:15:00+00:00,99744.69679098757
2025-02-14 14:30:00+00:00,99744.69679098757
2025-02-14 14:45:00+00:00,99744.69679098757
2025-02-14 15:00:00+00:00,99744.69679098757
2025-02-14 15:15:00+00:00,99744.69679098757
2025-02-14 15:30:00+00:00,99744.69679098757
2025-02-14 15:45:00+00:00,99744.69679098757
2025-02-14 16:00:00+00:00,99744.69679098757
2025-02-14 16:15:00+00:00,99744.69679098757
2025-02-14 16:30:00+00:00,99744.69679098757
2025-02-14 16:45:00+00:00,99744.69679098757
2025-02-14 17:00:00+00:00,99744.69679098757
2025-02-14 17:15:00+00:00,99744.69679098757
2025-02-14 17:30:00+00:00,99744.69679098757
2025-02-14 17:45:00+00:00,99744.69679098757
2025-02-14 18:00:00+00:00,99744.69679098757
2025-02-14 18:15:00+00:00,99744.69679098757
2025-02-14 18:30:00+00:00,99744.69679098757
2025-02-14 18:45:00+00:00,99744.69679098757
2025-02-14 19:00:00+00:00,99744.69679098757
2025-02-14 19:15:00+00:00,99744.69679098757
2025-02-14 19:30:00+00:00,99744.69679098757
2025-02-14 19:45:00+00:00,99744.69679098757
2025-02-14 20:00:00+00:00,99744.69679098757
2025-02-14 20:15:00+00:00,99744.69679098757
2025-02-14 20:30:00+00:00,99744.69679098757
2025-02-14 20:45:00+00:00,99744.69679098757
2025-02-14 21:00:00+00:00,99744.69679098757
2025-02-14 21:15:00+00:00,99744.69679098757
2025-02-14 21:30:00+00:00,99744.69679098757
2025-02-14 21:45:00+00:00,99744.69679098757
2025-02-14 22:00:00+00:00,99744.69679098757
2025-02-14 22:15:00+00:00,99744.69679098757
2025-02-14 22:30:00+00:00,99744.69679098757
2025-02-14 22:45:00+00:00,99744.69679098757
2025-02-14 23:00:00+00:00,99744.69679098757
2025-02-14 23:15:00+00:00,99744.69679098757
2025-02-14 23:30:00+00:00,99744.69679098757
2025-02-14 23:45:00+00:00,99744.69679098757
2025-02-15 00:00:00+00:00,99744.69679098757
2025-02-15 00:15:00+00:00,99744.69679098757
2025-02-15 00:30:00+00:00,99744.69679098757
2025-02-15 00:45:00+00:00,99744.69679098757
2025-02-15 01:00:00+00:00,99744.69679098757
2025-02-15 01:15:00+00:00,99744.69679098757
2025-02-15 01:30:00+00:00,99744.69679098757
2025-02-15 01:45:00+00:00,99744.69679098757
2025-02-15 02:00:00+00:00,99744.69679098757
2025-02-15 02:15:00+00:00,99744.69679098757
2025-02-15 02:30:00+00:00,99744.69679098757
2025-02-15 02:45:00+00:00,99744.69679098757
2025-02-15 03:00:00+00:00,99744.69679098757
2025-02-15 03:15:00+00:00,99744.69679098757
2025-02-15 03:30:00+00:00,99744.69679098757
2025-02-15 03:45:00+00:00,99744.69679098757
2025-02-15 04:00:00+00:00,99744.69679098757
2025-02-15 04:15:00+00:00,99744.69679098757
2025-02-15 04:30:00+00:00,99744.69679098757
2025-02-15 04:45:00+00:00,99744.69679098757
2025-02-15 05:00:00+00:00,99744.69679098757
2025-02-15 05:15:00+00:00,99744.69679098757
2025-02-15 05:30:00+00:00,99744.69679098757
2025-02-15 05:45:00+00:00,99744.69679098757
2025-02-15 06:00:00+00:00,99744.69679098757
2025-02-15 06:15:00+00:00,99744.69679098757
2025-02-15 06:30:00+00:00,99744.69679098757
2025-02-15 06:45:00+00:00,99744.69679098757
2025-02-15 07:00:00+00:00,99744.69679098757
2025-02-15 07:15:00+00:00,99744.69679098757
2025-02-15 07:30:00+00:00,99744.69679098757
2025-02-15 07:45:00+00:00,99744.69679098757
2025-02-15 08:00:00+00:00,99744.69679098757
2025-02-15 08:15:00+00:00,99744.69679098757
2025-02-15 08:30:00+00:00,99744.69679098757
2025-02-15 08:45:00+00:00,99744.69679098757
2025-02-15 09:00:00+00:00,99744.69679098757
2025-02-15 09:15:00+00:00,99744.69679098757
2025-02-15 09:30:00+00:00,99744.69679098757
2025-02-15 09:45:00+00:00,99744.69679098757
2025-02-15 10:00:00+00:00,99744.69679098757
2025-02-15 10:15:00+00:00,99744.69679098757
2025-02-15 10:30:00+00:00,99744.69679098757
2025-02-15 10:45:00+00:00,99744.69679098757
2025-02-15 11:00:00+00:00,99744.69679098757
2025-02-15 11:15:00+00:00,99744.69679098757
2025-02-15 11:30:00+00:00,99744.69679098757
2025-02-15 11:45:00+00:00,99744.69679098757
2025-02-15 12:00:00+00:00,99744.69679098757
2025-02-15 12:15:00+00:00,99744.69679098757
2025-02-15 12:30:00+00:00,99744.69679098757
2025-02-15 12:45:00+00:00,99744.69679098757
2025-02-15 13:00:00+00:00,99744.69679098757
2025-02-15 13:15:00+00:00,99744.69679098757
2025-02-15 13:30:00+00:00,99744.69679098757
2025-02-15 13:45:00+00:00,99744.69679098757
2025-02-15 14:00:00+00:00,99744.69679098757
2025-02-15 14:15:00+00:00,99744.69679098757
2025-02-15 14:30:00+00:00,99744.69679098757
2025-02-15 14:45:00+00:00,99744.69679098757
2025-02-15 15:00:00+00:00,99744.69679098757
2025-02-15 15:15:00+00:00,99744.69679098757
2025-02-15 15:30:00+00:00,99744.69679098757
2025-02-15 15:45:00+00:00,99744.69679098757
2025-02-15 16:00:00+00:00,99744.69679098757
2025-02-15 16:15:00+00:00,99744.69679098757
2025-02-15 16:30:00+00:00,99744.69679098757
2025-02-15 16:45:00+00:00,99744.69679098757
2025-02-15 17:00:00+00:00,99744.69679098757
2025-02-15 17:15:00+00:00,99744.69679098757
2025-02-15 17:30:00+00:00,99744.69679098757
2025-02-15 17:45:00+00:00,99744.69679098757
2025-02-15 18:00:00+00:00,99744.69679098757
2025-02-15 18:15:00+00:00,99744.69679098757
2025-02-15 18:30:00+00:00,99744.69679098757
2025-02-15 18:45:00+00:00,99744.69679098757
2025-02-15 19:00:00+00:00,99744.69679098757
2025-02-15 19:15:00+00:00,99744.69679098757
2025-02-15 19:30:00+00:00,99744.69679098757
2025-02-15 19:45:00+00:00,99744.69679098757
2025-02-15 20:00:00+00:00,99744.69679098757
2025-02-15 20:15:00+00:00,99744.69679098757
2025-02-15 20:30:00+00:00,99744.69679098757
2025-02-15 20:45:00+00:00,99744.69679098757
2025-02-15 21:00:00+00:00,99744.69679098757
2025-02-15 21:15:00+00:00,99744.69679098757
2025-02-15 21:30:00+00:00,99744.69679098757
2025-02-15 21:45:00+00:00,99744.69679098757
2025-02-15 22:00:00+00:00,99744.69679098757
2025-02-15 22:15:00+00:00,99744.69679098757
2025-02-15 22:30:00+00:00,99744.69679098757
2025-02-15 22:45:00+00:00,99744.69679098757
2025-02-15 23:00:00+00:00,99744.69679098757
2025-02-15 23:15:00+00:00,99744.69679098757
2025-02-15 23:30:00+00:00,99744.69679098757
2025-02-15 23:45:00+00:00,99744.69679098757
2025-02-16 00:00:00+00:00,99744.69679098757
2025-02-16 00:15:00+00:00,99744.69679098757
2025-02-16 00:30:00+00:00,99744.69679098757
2025-02-16 00:45:00+00:00,99744.69679098757
2025-02-16 01:00:00+00:00,99744.69679098757
2025-02-16 01:15:00+00:00,99744.69679098757
2025-02-16 01:30:00+00:00,99744.69679098757
2025-02-16 01:45:00+00:00,99744.69679098757
2025-02-16 02:00:00+00:00,99744.69679098757
2025-02-16 02:15:00+00:00,99744.69679098757
2025-02-16 02:30:00+00:00,99744.69679098757
2025-02-16 02:45:00+00:00,99744.69679098757
2025-02-16 03:00:00+00:00,99744.69679098757
2025-02-16 03:15:00+00:00,99744.69679098757
2025-02-16 03:30:00+00:00,99744.69679098757
2025-02-16 03:45:00+00:00,99744.69679098757
2025-02-16 04:00:00+00:00,99744.69679098757
2025-02-16 04:15:00+00:00,99744.69679098757
2025-02-16 04:30:00+00:00,99744.69679098757
2025-02-16 04:45:00+00:00,99744.69679098757
2025-02-16 05:00:00+00:00,99744.69679098757
2025-02-16 05:15:00+00:00,99744.69679098757
2025-02-16 05:30:00+00:00,99744.69679098757
2025-02-16 05:45:00+00:00,99744.69679098757
2025-02-16 06:00:00+00:00,99744.69679098757
2025-02-16 06:15:00+00:00,99744.69679098757
2025-02-16 06:30:00+00:00,99744.69679098757
2025-02-16 06:45:00+00:00,99744.69679098757
2025-02-16 07:00:00+00:00,99744.69679098757
2025-02-16 07:15:00+00:00,99744.69679098757
2025-02-16 07:30:00+00:00,99744.69679098757
2025-02-16 07:45:00+00:00,99744.69679098757
2025-02-16 08:00:00+00:00,99744.69679098757
2025-02-16 08:15:00+00:00,99744.69679098757
2025-02-16 08:30:00+00:00,99744.69679098757
2025-02-16 08:45:00+00:00,99744.69679098757
2025-02-16 09:00:00+00:00,99744.69679098757
2025-02-16 09:15:00+00:00,99744.69679098757
2025-02-16 09:30:00+00:00,99744.69679098757
2025-02-16 09:45:00+00:00,99744.69679098757
2025-02-16 10:00:00+00:00,99744.69679098757
2025-02-16 10:15:00+00:00,99744.69679098757
2025-02-16 10:30:00+00:00,99744.69679098757
2025-02-16 10:45:00+00:00,99744.69679098757
2025-02-16 11:00:00+00:00,99744.69679098757
2025-02-16 11:15:00+00:00,99744.69679098757
2025-02-16 11:30:00+00:00,99744.69679098757
2025-02-16 11:45:00+00:00,99744.69679098757
2025-02-16 12:00:00+00:00,99744.69679098757
2025-02-16 12:15:00+00:00,99744.69679098757
2025-02-16 12:30:00+00:00,99744.69679098757
2025-02-16 12:45:00+00:00,99744.69679098757
2025-02-16 13:00:00+00:00,99744.69679098757
2025-02-16 13:15:00+00:00,99744.69679098757
2025-02-16 13:30:00+00:00,99744.69679098757
2025-02-16 13:45:00+00:00,99744.69679098757
2025-02-16 14:00:00+00:00,99744.69679098757
2025-02-16 14:15:00+00:00,99744.69679098757
2025-02-16 14:30:00+00:00,99744.69679098757
2025-02-16 14:45:00+00:00,99744.69679098757
2025-02-16 15:00:00+00:00,99744.69679098757
2025-02-16 15:15:00+00:00,99744.69679098757
2025-02-16 15:30:00+00:00,99744.69679098757
2025-02-16 15:45:00+00:00,99744.69679098757
2025-02-16 16:00:00+00:00,99744.69679098757
2025-02-16 16:15:00+00:00,99744.69679098757
2025-02-16 16:30:00+00:00,99744.69679098757
2025-02-16 16:45:00+00:00,99744.69679098757
2025-02-16 17:00:00+00:00,99744.69679098757
2025-02-16 17:15:00+00:00,99744.69679098757
2025-02-16 17:30:00+00:00,99744.69679098757
2025-02-16 17:45:00+00:00,99744.69679098757
2025-02-16 18:00:00+00:00,99744.69679098757
2025-02-16 18:15:00+00:00,99744.69679098757
2025-02-16 18:30:00+00:00,99744.69679098757
2025-02-16 18:45:00+00:00,99744.69679098757
2025-02-16 19:00:00+00:00,99744.69679098757
2025-02-16 19:15:00+00:00,99744.69679098757
2025-02-16 19:30:00+00:00,99744.69679098757
2025-02-16 19:45:00+00:00,99744.69679098757
2025-02-16 20:00:00+00:00,99744.69679098757
2025-02-16 20:15:00+00:00,99744.69679098757
2025-02-16 20:30:00+00:00,99744.69679098757
2025-02-16 20:45:00+00:00,99744.69679098757
2025-02-16 21:00:00+00:00,99744.69679098757
2025-02-16 21:15:00+00:00,99744.69679098757
2025-02-16 21:30:00+00:00,99744.69679098757
2025-02-16 21:45:00+00:00,99744.69679098757
2025-02-16 22:00:00+00:00,99744.69679098757
2025-02-16 22:15:00+00:00,99744.69679098757
2025-02-16 22:30:00+00:00,99744.69679098757
2025-02-16 22:45:00+00:00,99744.69679098757
2025-02-16 23:00:00+00:00,99744.69679098757
2025-02-16 23:15:00+00:00,99744.69679098757
2025-02-16 23:30:00+00:00,99744.69679098757
2025-02-16 23:45:00+00:00,99744.69679098757
2025-02-17 00:00:00+00:00,99744.69679098757
2025-02-17 00:15:00+00:00,99744.69679098757
2025-02-17 00:30:00+00:00,99744.69679098757
2025-02-17 00:45:00+00:00,99744.69679098757
2025-02-17 01:00:00+00:00,99744.69679098757
2025-02-17 01:15:00+00:00,99744.69679098757
2025-02-17 01:30:00+00:00,99744.69679098757
2025-02-17 01:45:00+00:00,99744.69679098757
2025-02-17 02:00:00+00:00,99744.69679098757
2025-02-17 02:15:00+00:00,99744.69679098757
2025-02-17 02:30:00+00:00,99744.69679098757
2025-02-17 02:45:00+00:00,99744.69679098757
2025-02-17 03:00:00+00:00,99744.69679098757
2025-02-17 03:15:00+00:00,99744.69679098757
2025-02-17 03:30:00+00:00,99744.69679098757
2025-02-17 03:45:00+00:00,99744.69679098757
2025-02-17 04:00:00+00:00,99744.69679098757
2025-02-17 04:15:00+00:00,99744.69679098757
2025-02-17 04:30:00+00:00,99744.69679098757
2025-02-17 04:45:00+00:00,99744.69679098757
2025-02-17 05:00:00+00:00,99744.69679098757
2025-02-17 05:15:00+00:00,99744.69679098757
2025-02-17 05:30:00+00:00,99744.69679098757
2025-02-17 05:45:00+00:00,99744.69679098757
2025-02-17 06:00:00+00:00,99744.69679098757
2025-02-17 06:15:00+00:00,99744.69679098757
2025-02-17 06:30:00+00:00,99744.69679098757
2025-02-17 06:45:00+00:00,99744.69679098757
2025-02-17 07:00:00+00:00,99744.69679098757
2025-02-17 07:15:00+00:00,99744.69679098757
2025-02-17 07:30:00+00:00,99744.69679098757
2025-02-17 07:45:00+00:00,99744.69679098757
2025-02-17 08:00:00+00:00,99744.69679098757
2025-02-17 08:15:00+00:00,99744.69679098757
2025-02-17 08:30:00+00:00,99744.69679098757
2025-02-17 08:45:00+00:00,99744.69679098757
2025-02-17 09:00:00+00:00,99744.69679098757
2025-02-17 09:15:00+00:00,99744.69679098757
2025-02-17 09:30:00+00:00,99744.69679098757
2025-02-17 09:45:00+00:00,99744.69679098757
2025-02-17 10:00:00+00:00,99744.69679098757
2025-02-17 10:15:00+00:00,99744.69679098757
2025-02-17 10:30:00+00:00,99744.69679098757
2025-02-17 10:45:00+00:00,99744.69679098757
2025-02-17 11:00:00+00:00,99744.69679098757
2025-02-17 11:15:00+00:00,99744.69679098757
2025-02-17 11:30:00+00:00,99744.69679098757
2025-02-17 11:45:00+00:00,99744.69679098757
2025-02-17 12:00:00+00:00,99744.69679098757
2025-02-17 12:15:00+00:00,99744.69679098757
2025-02-17 12:30:00+00:00,99744.69679098757
2025-02-17 12:45:00+00:00,99744.69679098757
2025-02-17 13:00:00+00:00,99744.69679098757
2025-02-17 13:15:00+00:00,99744.69679098757
2025-02-17 13:30:00+00:00,99744.69679098757
2025-02-17 13:45:00+00:00,99744.69679098757
2025-02-17 14:00:00+00:00,99744.69679098757
2025-02-17 14:15:00+00:00,99744.69679098757
2025-02-17 14:30:00+00:00,99744.69679098757
2025-02-17 14:45:00+00:00,99744.69679098757
2025-02-17 15:00:00+00:00,99744.69679098757
2025-02-17 15:15:00+00:00,99744.69679098757
2025-02-17 15:30:00+00:00,99744.69679098757
2025-02-17 15:45:00+00:00,99744.69679098757
2025-02-17 16:00:00+00:00,99744.69679098757
2025-02-17 16:15:00+00:00,99744.69679098757
2025-02-17 16:30:00+00:00,99744.69679098757
2025-02-17 16:45:00+00:00,99744.69679098757
2025-02-17 17:00:00+00:00,99744.69679098757
2025-02-17 17:15:00+00:00,99744.69679098757
2025-02-17 17:30:00+00:00,99744.69679098757
2025-02-17 17:45:00+00:00,99744.69679098757
2025-02-17 18:00:00+00:00,99744.69679098757
2025-02-17 18:15:00+00:00,99744.69679098757
2025-02-17 18:30:00+00:00,99744.69679098757
2025-02-17 18:45:00+00:00,99744.69679098757
2025-02-17 19:00:00+00:00,99744.69679098757
2025-02-17 19:15:00+00:00,99744.69679098757
2025-02-17 19:30:00+00:00,99744.69679098757
2025-02-17 19:45:00+00:00,99744.69679098757
2025-02-17 20:00:00+00:00,99744.69679098757
2025-02-17 20:15:00+00:00,99744.69679098757
2025-02-17 20:30:00+00:00,99741.1136018812
2025-02-17 20:45:00+00:00,99733.73943556688
2025-02-17 21:00:00+00:00,99733.73943556688
2025-02-17 21:15:00+00:00,99733.73943556688
2025-02-17 21:30:00+00:00,99733.73943556688
2025-02-17 21:45:00+00:00,99733.73943556688
2025-02-17 22:00:00+00:00,99733.73943556688
2025-02-17 22:15:00+00:00,99733.73943556688
2025-02-17 22:30:00+00:00,99733.73943556688
2025-02-17 22:45:00+00:00,99733.73943556688
2025-02-17 23:00:00+00:00,99733.73943556688
2025-02-17 23:15:00+00:00,99733.73943556688
2025-02-17 23:30:00+00:00,99733.73943556688
2025-02-17 23:45:00+00:00,99733.73943556688
2025-02-18 00:00:00+00:00,99733.73943556688
2025-02-18 00:15:00+00:00,99733.73943556688
2025-02-18 00:30:00+00:00,99733.73943556688
2025-02-18 00:45:00+00:00,99733.73943556688
2025-02-18 01:00:00+00:00,99733.73943556688
2025-02-18 01:15:00+00:00,99733.73943556688
2025-02-18 01:30:00+00:00,99733.73943556688
2025-02-18 01:45:00+00:00,99733.73943556688
2025-02-18 02:00:00+00:00,99733.73943556688
2025-02-18 02:15:00+00:00,99733.73943556688
2025-02-18 02:30:00+00:00,99733.73943556688
2025-02-18 02:45:00+00:00,99733.73943556688
2025-02-18 03:00:00+00:00,99733.73943556688
2025-02-18 03:15:00+00:00,99733.73943556688
2025-02-18 03:30:00+00:00,99733.73943556688
2025-02-18 03:45:00+00:00,99733.73943556688
2025-02-18 04:00:00+00:00,99733.73943556688
2025-02-18 04:15:00+00:00,99733.73943556688
2025-02-18 04:30:00+00:00,99733.73943556688
2025-02-18 04:45:00+00:00,99733.73943556688
2025-02-18 05:00:00+00:00,99733.73943556688
2025-02-18 05:15:00+00:00,99733.73943556688
2025-02-18 05:30:00+00:00,99733.73943556688
2025-02-18 05:45:00+00:00,99733.73943556688
2025-02-18 06:00:00+00:00,99733.73943556688
2025-02-18 06:15:00+00:00,99733.73943556688
2025-02-18 06:30:00+00:00,99733.73943556688
2025-02-18 06:45:00+00:00,99733.73943556688
2025-02-18 07:00:00+00:00,99733.73943556688
2025-02-18 07:15:00+00:00,99733.73943556688
2025-02-18 07:30:00+00:00,99733.73943556688
2025-02-18 07:45:00+00:00,99733.73943556688
2025-02-18 08:00:00+00:00,99733.73943556688
2025-02-18 08:15:00+00:00,99733.73943556688
2025-02-18 08:30:00+00:00,99733.73943556688
2025-02-18 08:45:00+00:00,99733.73943556688
2025-02-18 09:00:00+00:00,99733.73943556688
2025-02-18 09:15:00+00:00,99733.73943556688
2025-02-18 09:30:00+00:00,99733.73943556688
2025-02-18 09:45:00+00:00,99733.73943556688
2025-02-18 10:00:00+00:00,99733.73943556688
2025-02-18 10:15:00+00:00,99733.73943556688
2025-02-18 10:30:00+00:00,99733.73943556688
2025-02-18 10:45:00+00:00,99733.73943556688
2025-02-18 11:00:00+00:00,99733.73943556688
2025-02-18 11:15:00+00:00,99733.73943556688
2025-02-18 11:30:00+00:00,99733.73943556688
2025-02-18 11:45:00+00:00,99733.73943556688
2025-02-18 12:00:00+00:00,99733.73943556688
2025-02-18 12:15:00+00:00,99733.73943556688
2025-02-18 12:30:00+00:00,99733.73943556688
2025-02-18 12:45:00+00:00,99733.73943556688
2025-02-18 13:00:00+00:00,99733.73943556688
2025-02-18 13:15:00+00:00,99733.73943556688
2025-02-18 13:30:00+00:00,99733.73943556688
2025-02-18 13:45:00+00:00,99733.73943556688
2025-02-18 14:00:00+00:00,99733.73943556688
2025-02-18 14:15:00+00:00,99733.73943556688
2025-02-18 14:30:00+00:00,99733.73943556688
2025-02-18 14:45:00+00:00,99733.73943556688
2025-02-18 15:00:00+00:00,99733.73943556688
2025-02-18 15:15:00+00:00,99733.73943556688
2025-02-18 15:30:00+00:00,99733.73943556688
2025-02-18 15:45:00+00:00,99733.73943556688
2025-02-18 16:00:00+00:00,99733.73943556688
2025-02-18 16:15:00+00:00,99733.73943556688
2025-02-18 16:30:00+00:00,99724.39406727384
2025-02-18 16:45:00+00:00,99710.06454192425
2025-02-18 17:00:00+00:00,99710.06454192425
2025-02-18 17:15:00+00:00,99710.06454192425
2025-02-18 17:30:00+00:00,99710.06454192425
2025-02-18 17:45:00+00:00,99710.06454192425
2025-02-18 18:00:00+00:00,99710.06454192425
2025-02-18 18:15:00+00:00,99710.06454192425
2025-02-18 18:30:00+00:00,99710.06454192425
2025-02-18 18:45:00+00:00,99710.06454192425
2025-02-18 19:00:00+00:00,99710.06454192425
2025-02-18 19:15:00+00:00,99710.06454192425
2025-02-18 19:30:00+00:00,99710.06454192425
2025-02-18 19:45:00+00:00,99710.06454192425
2025-02-18 20:00:00+00:00,99710.06454192425
2025-02-18 20:15:00+00:00,99710.06454192425
2025-02-18 20:30:00+00:00,99710.06454192425
2025-02-18 20:45:00+00:00,99710.06454192425
2025-02-18 21:00:00+00:00,99710.06454192425
2025-02-18 21:15:00+00:00,99710.06454192425
2025-02-18 21:30:00+00:00,99710.06454192425
2025-02-18 21:45:00+00:00,99710.06454192425
2025-02-18 22:00:00+00:00,99710.06454192425
2025-02-18 22:15:00+00:00,99710.06454192425
2025-02-18 22:30:00+00:00,99710.06454192425
2025-02-18 22:45:00+00:00,99710.06454192425
2025-02-18 23:00:00+00:00,99710.06454192425
2025-02-18 23:15:00+00:00,99710.06454192425
2025-02-18 23:30:00+00:00,99710.06454192425
2025-02-18 23:45:00+00:00,99710.06454192425
2025-02-19 00:00:00+00:00,99710.06454192425
2025-02-19 00:15:00+00:00,99710.06454192425
2025-02-19 00:30:00+00:00,99710.06454192425
2025-02-19 00:45:00+00:00,99710.06454192425
2025-02-19 01:00:00+00:00,99710.06454192425
2025-02-19 01:15:00+00:00,99710.06454192425
2025-02-19 01:30:00+00:00,99710.06454192425
2025-02-19 01:45:00+00:00,99710.06454192425
2025-02-19 02:00:00+00:00,99710.06454192425
2025-02-19 02:15:00+00:00,99710.06454192425
2025-02-19 02:30:00+00:00,99710.06454192425
2025-02-19 02:45:00+00:00,99710.06454192425
2025-02-19 03:00:00+00:00,99710.06454192425
2025-02-19 03:15:00+00:00,99710.06454192425
2025-02-19 03:30:00+00:00,99710.06454192425
2025-02-19 03:45:00+00:00,99710.06454192425
2025-02-19 04:00:00+00:00,99710.06454192425
2025-02-19 04:15:00+00:00,99710.06454192425
2025-02-19 04:30:00+00:00,99710.06454192425
2025-02-19 04:45:00+00:00,99710.06454192425
2025-02-19 05:00:00+00:00,99710.06454192425
2025-02-19 05:15:00+00:00,99710.06454192425
2025-02-19 05:30:00+00:00,99710.06454192425
2025-02-19 05:45:00+00:00,99710.06454192425
2025-02-19 06:00:00+00:00,99710.06454192425
2025-02-19 06:15:00+00:00,99710.06454192425
2025-02-19 06:30:00+00:00,99710.06454192425
2025-02-19 06:45:00+00:00,99710.06454192425
2025-02-19 07:00:00+00:00,99710.06454192425
2025-02-19 07:15:00+00:00,99710.06454192425
2025-02-19 07:30:00+00:00,99710.06454192425
2025-02-19 07:45:00+00:00,99710.06454192425
2025-02-19 08:00:00+00:00,99710.06454192425
2025-02-19 08:15:00+00:00,99710.06454192425
2025-02-19 08:30:00+00:00,99710.06454192425
2025-02-19 08:45:00+00:00,99710.06454192425
2025-02-19 09:00:00+00:00,99710.06454192425
2025-02-19 09:15:00+00:00,99710.06454192425
2025-02-19 09:30:00+00:00,99710.06454192425
2025-02-19 09:45:00+00:00,99710.06454192425
2025-02-19 10:00:00+00:00,99710.06454192425
2025-02-19 10:15:00+00:00,99710.06454192425
2025-02-19 10:30:00+00:00,99710.06454192425
2025-02-19 10:45:00+00:00,99710.06454192425
2025-02-19 11:00:00+00:00,99710.06454192425
2025-02-19 11:15:00+00:00,99710.06454192425
2025-02-19 11:30:00+00:00,99710.06454192425
2025-02-19 11:45:00+00:00,99710.06454192425
2025-02-19 12:00:00+00:00,99710.06454192425
2025-02-19 12:15:00+00:00,99710.06454192425
2025-02-19 12:30:00+00:00,99710.06454192425
2025-02-19 12:45:00+00:00,99710.06454192425
2025-02-19 13:00:00+00:00,99710.06454192425
2025-02-19 13:15:00+00:00,99710.06454192425
2025-02-19 13:30:00+00:00,99710.06454192425
2025-02-19 13:45:00+00:00,99710.06454192425
2025-02-19 14:00:00+00:00,99710.06454192425
2025-02-19 14:15:00+00:00,99710.06454192425
2025-02-19 14:30:00+00:00,99710.06454192425
2025-02-19 14:45:00+00:00,99710.06454192425
2025-02-19 15:00:00+00:00,99710.06454192425
2025-02-19 15:15:00+00:00,99710.06454192425
2025-02-19 15:30:00+00:00,99710.06454192425
2025-02-19 15:45:00+00:00,99710.06454192425
2025-02-19 16:00:00+00:00,99710.06454192425
2025-02-19 16:15:00+00:00,99710.06454192425
2025-02-19 16:30:00+00:00,99710.06454192425
2025-02-19 16:45:00+00:00,99710.06454192425
2025-02-19 17:00:00+00:00,99710.06454192425
2025-02-19 17:15:00+00:00,99710.06454192425
2025-02-19 17:30:00+00:00,99710.06454192425
2025-02-19 17:45:00+00:00,99710.06454192425
2025-02-19 18:00:00+00:00,99710.06454192425
2025-02-19 18:15:00+00:00,99710.06454192425
2025-02-19 18:30:00+00:00,99710.06454192425
2025-02-19 18:45:00+00:00,99710.06454192425
2025-02-19 19:00:00+00:00,99710.06454192425
2025-02-19 19:15:00+00:00,99710.06454192425
2025-02-19 19:30:00+00:00,99710.06454192425
2025-02-19 19:45:00+00:00,99710.06454192425
2025-02-19 20:00:00+00:00,99710.06454192425
2025-02-19 20:15:00+00:00,99710.06454192425
2025-02-19 20:30:00+00:00,99710.06454192425
2025-02-19 20:45:00+00:00,99710.06454192425
2025-02-19 21:00:00+00:00,99710.06454192425
2025-02-19 21:15:00+00:00,99710.06454192425
2025-02-19 21:30:00+00:00,99710.06454192425
2025-02-19 21:45:00+00:00,99710.06454192425
2025-02-19 22:00:00+00:00,99710.06454192425
2025-02-19 22:15:00+00:00,99710.06454192425
2025-02-19 22:30:00+00:00,99710.06454192425
2025-02-19 22:45:00+00:00,99710.06454192425
2025-02-19 23:00:00+00:00,99710.06454192425
2025-02-19 23:15:00+00:00,99710.06454192425
2025-02-19 23:30:00+00:00,99710.06454192425
2025-02-19 23:45:00+00:00,99710.06454192425
2025-02-20 00:00:00+00:00,99710.06454192425
2025-02-20 00:15:00+00:00,99710.06454192425
2025-02-20 00:30:00+00:00,99710.06454192425
2025-02-20 00:45:00+00:00,99710.06454192425
2025-02-20 01:00:00+00:00,99710.06454192425
2025-02-20 01:15:00+00:00,99710.06454192425
2025-02-20 01:30:00+00:00,99710.06454192425
2025-02-20 01:45:00+00:00,99710.06454192425
2025-02-20 02:00:00+00:00,99710.06454192425
2025-02-20 02:15:00+00:00,99710.06454192425
2025-02-20 02:30:00+00:00,99710.06454192425
2025-02-20 02:45:00+00:00,99710.06454192425
2025-02-20 03:00:00+00:00,99710.06454192425
2025-02-20 03:15:00+00:00,99710.06454192425
2025-02-20 03:30:00+00:00,99710.06454192425
2025-02-20 03:45:00+00:00,99710.06454192425
2025-02-20 04:00:00+00:00,99710.06454192425
2025-02-20 04:15:00+00:00,99710.06454192425
2025-02-20 04:30:00+00:00,99710.06454192425
2025-02-20 04:45:00+00:00,99710.06454192425
2025-02-20 05:00:00+00:00,99710.06454192425
2025-02-20 05:15:00+00:00,99710.06454192425
2025-02-20 05:30:00+00:00,99710.06454192425
2025-02-20 05:45:00+00:00,99710.06454192425
2025-02-20 06:00:00+00:00,99710.06454192425
2025-02-20 06:15:00+00:00,99710.06454192425
2025-02-20 06:30:00+00:00,99710.06454192425
2025-02-20 06:45:00+00:00,99710.06454192425
2025-02-20 07:00:00+00:00,99710.06454192425
2025-02-20 07:15:00+00:00,99710.06454192425
2025-02-20 07:30:00+00:00,99710.06454192425
2025-02-20 07:45:00+00:00,99710.06454192425
2025-02-20 08:00:00+00:00,99710.06454192425
2025-02-20 08:15:00+00:00,99710.06454192425
2025-02-20 08:30:00+00:00,99710.06454192425
2025-02-20 08:45:00+00:00,99710.06454192425
2025-02-20 09:00:00+00:00,99710.06454192425
2025-02-20 09:15:00+00:00,99710.06454192425
2025-02-20 09:30:00+00:00,99710.06454192425
2025-02-20 09:45:00+00:00,99710.06454192425
2025-02-20 10:00:00+00:00,99710.06454192425
2025-02-20 10:15:00+00:00,99710.06454192425
2025-02-20 10:30:00+00:00,99710.06454192425
2025-02-20 10:45:00+00:00,99710.06454192425
2025-02-20 11:00:00+00:00,99710.06454192425
2025-02-20 11:15:00+00:00,99710.06454192425
2025-02-20 11:30:00+00:00,99710.06454192425
2025-02-20 11:45:00+00:00,99710.06454192425
2025-02-20 12:00:00+00:00,99710.06454192425
2025-02-20 12:15:00+00:00,99710.06454192425
2025-02-20 12:30:00+00:00,99710.06454192425
2025-02-20 12:45:00+00:00,99710.06454192425
2025-02-20 13:00:00+00:00,99710.06454192425
2025-02-20 13:15:00+00:00,99710.06454192425
2025-02-20 13:30:00+00:00,99710.06454192425
2025-02-20 13:45:00+00:00,99710.06454192425
2025-02-20 14:00:00+00:00,99710.06454192425
2025-02-20 14:15:00+00:00,99710.06454192425
2025-02-20 14:30:00+00:00,99710.06454192425
2025-02-20 14:45:00+00:00,99710.06454192425
2025-02-20 15:00:00+00:00,99710.06454192425
2025-02-20 15:15:00+00:00,99710.06454192425
2025-02-20 15:30:00+00:00,99710.06454192425
2025-02-20 15:45:00+00:00,99710.06454192425
2025-02-20 16:00:00+00:00,99710.06454192425
2025-02-20 16:15:00+00:00,99710.06454192425
2025-02-20 16:30:00+00:00,99710.06454192425
2025-02-20 16:45:00+00:00,99710.06454192425
2025-02-20 17:00:00+00:00,99710.06454192425
2025-02-20 17:15:00+00:00,99710.06454192425
2025-02-20 17:30:00+00:00,99710.06454192425
2025-02-20 17:45:00+00:00,99710.06454192425
2025-02-20 18:00:00+00:00,99710.06454192425
2025-02-20 18:15:00+00:00,99710.06454192425
2025-02-20 18:30:00+00:00,99710.06454192425
2025-02-20 18:45:00+00:00,99710.06454192425
2025-02-20 19:00:00+00:00,99710.06454192425
2025-02-20 19:15:00+00:00,99710.06454192425
2025-02-20 19:30:00+00:00,99710.06454192425
2025-02-20 19:45:00+00:00,99710.06454192425
2025-02-20 20:00:00+00:00,99710.06454192425
2025-02-20 20:15:00+00:00,99707.69897354665
2025-02-20 20:30:00+00:00,99707.29998376168
2025-02-20 20:45:00+00:00,99709.70222272513
2025-02-20 21:00:00+00:00,99711.96968709039
2025-02-20 21:15:00+00:00,99713.77324769887
2025-02-20 21:30:00+00:00,99714.86700792542
2025-02-20 21:45:00+00:00,99715.2412664006
2025-02-20 22:00:00+00:00,99715.10343949756
2025-02-20 22:15:00+00:00,99715.10343949756
2025-02-20 22:30:00+00:00,99715.10343949756
2025-02-20 22:45:00+00:00,99715.10343949756
2025-02-20 23:00:00+00:00,99715.10343949756
2025-02-20 23:15:00+00:00,99715.10343949756
2025-02-20 23:30:00+00:00,99715.10343949756
2025-02-20 23:45:00+00:00,99715.10343949756
2025-02-21 00:00:00+00:00,99715.10343949756
2025-02-21 00:15:00+00:00,99715.10343949756
2025-02-21 00:30:00+00:00,99715.10343949756
2025-02-21 00:45:00+00:00,99715.10343949756
2025-02-21 01:00:00+00:00,99715.10343949756
2025-02-21 01:15:00+00:00,99715.10343949756
2025-02-21 01:30:00+00:00,99715.10343949756
2025-02-21 01:45:00+00:00,99715.10343949756
2025-02-21 02:00:00+00:00,99715.10343949756
2025-02-21 02:15:00+00:00,99715.10343949756
2025-02-21 02:30:00+00:00,99715.10343949756
2025-02-21 02:45:00+00:00,99715.10343949756
2025-02-21 03:00:00+00:00,99715.10343949756
2025-02-21 03:15:00+00:00,99715.10343949756
2025-02-21 03:30:00+00:00,99715.10343949756
2025-02-21 03:45:00+00:00,99715.10343949756
2025-02-21 04:00:00+00:00,99715.10343949756
2025-02-21 04:15:00+00:00,99715.10343949756
2025-02-21 04:30:00+00:00,99715.10343949756
2025-02-21 04:45:00+00:00,99715.10343949756
2025-02-21 05:00:00+00:00,99715.10343949756
2025-02-21 05:15:00+00:00,99715.10343949756
2025-02-21 05:30:00+00:00,99715.10343949756
2025-02-21 05:45:00+00:00,99715.10343949756
2025-02-21 06:00:00+00:00,99715.10343949756
2025-02-21 06:15:00+00:00,99715.10343949756
2025-02-21 06:30:00+00:00,99715.10343949756
2025-02-21 06:45:00+00:00,99715.10343949756
2025-02-21 07:00:00+00:00,99715.10343949756
2025-02-21 07:15:00+00:00,99715.10343949756
2025-02-21 07:30:00+00:00,99715.10343949756
2025-02-21 07:45:00+00:00,99715.10343949756
2025-02-21 08:00:00+00:00,99715.10343949756
2025-02-21 08:15:00+00:00,99715.10343949756
2025-02-21 08:30:00+00:00,99715.10343949756
2025-02-21 08:45:00+00:00,99715.10343949756
2025-02-21 09:00:00+00:00,99715.10343949756
2025-02-21 09:15:00+00:00,99715.10343949756
2025-02-21 09:30:00+00:00,99715.10343949756
2025-02-21 09:45:00+00:00,99715.10343949756
2025-02-21 10:00:00+00:00,99715.10343949756
2025-02-21 10:15:00+00:00,99715.10343949756
2025-02-21 10:30:00+00:00,99715.10343949756
2025-02-21 10:45:00+00:00,99715.10343949756
2025-02-21 11:00:00+00:00,99715.10343949756
2025-02-21 11:15:00+00:00,99715.10343949756
2025-02-21 11:30:00+00:00,99715.10343949756
2025-02-21 11:45:00+00:00,99715.10343949756
2025-02-21 12:00:00+00:00,99715.10343949756
2025-02-21 12:15:00+00:00,99718.65377133811
2025-02-21 12:30:00+00:00,99717.52205808656
2025-02-21 12:45:00+00:00,99719.27858178958
2025-02-21 13:00:00+00:00,99725.22745106691
2025-02-21 13:15:00+00:00,99725.22745106691
2025-02-21 13:30:00+00:00,99725.22745106691
2025-02-21 13:45:00+00:00,99725.22745106691
2025-02-21 14:00:00+00:00,99725.22745106691
2025-02-21 14:15:00+00:00,99725.22745106691
2025-02-21 14:30:00+00:00,99725.22745106691
2025-02-21 14:45:00+00:00,99725.22745106691
2025-02-21 15:00:00+00:00,99725.22745106691
2025-02-21 15:15:00+00:00,99725.22745106691
2025-02-21 15:30:00+00:00,99725.22745106691
2025-02-21 15:45:00+00:00,99725.22745106691
2025-02-21 16:00:00+00:00,99725.22745106691
2025-02-21 16:15:00+00:00,99720.88644752676
2025-02-21 16:30:00+00:00,99721.86258769035
2025-02-21 16:45:00+00:00,99719.57807739345
2025-02-21 17:00:00+00:00,99715.88640712274
2025-02-21 17:15:00+00:00,99714.94856895287
2025-02-21 17:30:00+00:00,99688.3729593499
2025-02-21 17:45:00+00:00,99688.3729593499
2025-02-21 18:00:00+00:00,99688.3729593499
2025-02-21 18:15:00+00:00,99688.3729593499
2025-02-21 18:30:00+00:00,99688.3729593499
2025-02-21 18:45:00+00:00,99688.3729593499
2025-02-21 19:00:00+00:00,99688.3729593499
2025-02-21 19:15:00+00:00,99688.3729593499
2025-02-21 19:30:00+00:00,99688.3729593499
2025-02-21 19:45:00+00:00,99688.3729593499
2025-02-21 20:00:00+00:00,99688.3729593499
2025-02-21 20:15:00+00:00,99688.3729593499
2025-02-21 20:30:00+00:00,99688.3729593499
2025-02-21 20:45:00+00:00,99688.3729593499
2025-02-21 21:00:00+00:00,99688.3729593499
2025-02-21 21:15:00+00:00,99688.3729593499
2025-02-21 21:30:00+00:00,99688.3729593499
2025-02-21 21:45:00+00:00,99688.3729593499
2025-02-21 22:00:00+00:00,99688.3729593499
2025-02-21 22:15:00+00:00,99688.3729593499
2025-02-21 22:30:00+00:00,99688.3729593499
2025-02-21 22:45:00+00:00,99688.3729593499
2025-02-21 23:00:00+00:00,99688.3729593499
2025-02-21 23:15:00+00:00,99688.3729593499
2025-02-21 23:30:00+00:00,99688.3729593499
2025-02-21 23:45:00+00:00,99688.3729593499
2025-02-22 00:00:00+00:00,99688.3729593499
2025-02-22 00:15:00+00:00,99688.3729593499
2025-02-22 00:30:00+00:00,99688.3729593499
2025-02-22 00:45:00+00:00,99688.3729593499
2025-02-22 01:00:00+00:00,99688.3729593499
2025-02-22 01:15:00+00:00,99688.3729593499
2025-02-22 01:30:00+00:00,99688.3729593499
2025-02-22 01:45:00+00:00,99688.3729593499
2025-02-22 02:00:00+00:00,99688.3729593499
2025-02-22 02:15:00+00:00,99688.3729593499
2025-02-22 02:30:00+00:00,99688.3729593499
2025-02-22 02:45:00+00:00,99688.3729593499
2025-02-22 03:00:00+00:00,99688.3729593499
2025-02-22 03:15:00+00:00,99688.3729593499
2025-02-22 03:30:00+00:00,99688.3729593499
2025-02-22 03:45:00+00:00,99688.3729593499
2025-02-22 04:00:00+00:00,99688.3729593499
2025-02-22 04:15:00+00:00,99688.3729593499
2025-02-22 04:30:00+00:00,99688.3729593499
2025-02-22 04:45:00+00:00,99688.3729593499
2025-02-22 05:00:00+00:00,99688.3729593499
2025-02-22 05:15:00+00:00,99688.3729593499
2025-02-22 05:30:00+00:00,99688.3729593499
2025-02-22 05:45:00+00:00,99688.3729593499
2025-02-22 06:00:00+00:00,99688.3729593499
2025-02-22 06:15:00+00:00,99688.3729593499
2025-02-22 06:30:00+00:00,99688.3729593499
2025-02-22 06:45:00+00:00,99688.3729593499
2025-02-22 07:00:00+00:00,99688.3729593499
2025-02-22 07:15:00+00:00,99688.3729593499
2025-02-22 07:30:00+00:00,99688.3729593499
2025-02-22 07:45:00+00:00,99688.3729593499
2025-02-22 08:00:00+00:00,99688.3729593499
2025-02-22 08:15:00+00:00,99688.3729593499
2025-02-22 08:30:00+00:00,99688.3729593499
2025-02-22 08:45:00+00:00,99688.3729593499
2025-02-22 09:00:00+00:00,99688.3729593499
2025-02-22 09:15:00+00:00,99688.3729593499
2025-02-22 09:30:00+00:00,99688.3729593499
2025-02-22 09:45:00+00:00,99688.3729593499
2025-02-22 10:00:00+00:00,99688.3729593499
2025-02-22 10:15:00+00:00,99688.3729593499
2025-02-22 10:30:00+00:00,99688.3729593499
2025-02-22 10:45:00+00:00,99688.3729593499
2025-02-22 11:00:00+00:00,99688.3729593499
2025-02-22 11:15:00+00:00,99688.3729593499
2025-02-22 11:30:00+00:00,99688.3729593499
2025-02-22 11:45:00+00:00,99688.3729593499
2025-02-22 12:00:00+00:00,99688.3729593499
2025-02-22 12:15:00+00:00,99688.3729593499
2025-02-22 12:30:00+00:00,99688.3729593499
2025-02-22 12:45:00+00:00,99688.3729593499
2025-02-22 13:00:00+00:00,99688.3729593499
2025-02-22 13:15:00+00:00,99688.3729593499
2025-02-22 13:30:00+00:00,99688.3729593499
2025-02-22 13:45:00+00:00,99688.3729593499
2025-02-22 14:00:00+00:00,99688.3729593499
2025-02-22 14:15:00+00:00,99688.3729593499
2025-02-22 14:30:00+00:00,99688.3729593499
2025-02-22 14:45:00+00:00,99688.3729593499
2025-02-22 15:00:00+00:00,99688.3729593499
2025-02-22 15:15:00+00:00,99688.3729593499
2025-02-22 15:30:00+00:00,99688.3729593499
2025-02-22 15:45:00+00:00,99688.3729593499
2025-02-22 16:00:00+00:00,99688.3729593499
2025-02-22 16:15:00+00:00,99688.3729593499
2025-02-22 16:30:00+00:00,99688.3729593499
2025-02-22 16:45:00+00:00,99688.3729593499
2025-02-22 17:00:00+00:00,99688.3729593499
2025-02-22 17:15:00+00:00,99688.3729593499
2025-02-22 17:30:00+00:00,99688.3729593499
2025-02-22 17:45:00+00:00,99688.3729593499
2025-02-22 18:00:00+00:00,99688.3729593499
2025-02-22 18:15:00+00:00,99688.3729593499
2025-02-22 18:30:00+00:00,99688.3729593499
2025-02-22 18:45:00+00:00,99688.3729593499
2025-02-22 19:00:00+00:00,99688.3729593499
2025-02-22 19:15:00+00:00,99688.3729593499
2025-02-22 19:30:00+00:00,99688.3729593499
2025-02-22 19:45:00+00:00,99688.3729593499
2025-02-22 20:00:00+00:00,99688.3729593499
2025-02-22 20:15:00+00:00,99688.3729593499
2025-02-22 20:30:00+00:00,99688.3729593499
2025-02-22 20:45:00+00:00,99688.3729593499
2025-02-22 21:00:00+00:00,99688.3729593499
2025-02-22 21:15:00+00:00,99688.3729593499
2025-02-22 21:30:00+00:00,99688.3729593499
2025-02-22 21:45:00+00:00,99688.3729593499
2025-02-22 22:00:00+00:00,99688.3729593499
2025-02-22 22:15:00+00:00,99688.3729593499
2025-02-22 22:30:00+00:00,99688.3729593499
2025-02-22 22:45:00+00:00,99688.3729593499
2025-02-22 23:00:00+00:00,99688.3729593499
2025-02-22 23:15:00+00:00,99688.3729593499
2025-02-22 23:30:00+00:00,99688.3729593499
2025-02-22 23:45:00+00:00,99688.3729593499
2025-02-23 00:00:00+00:00,99688.3729593499
2025-02-23 00:15:00+00:00,99688.3729593499
2025-02-23 00:30:00+00:00,99688.3729593499
2025-02-23 00:45:00+00:00,99688.3729593499
2025-02-23 01:00:00+00:00,99688.3729593499
2025-02-23 01:15:00+00:00,99688.3729593499
2025-02-23 01:30:00+00:00,99688.3729593499
2025-02-23 01:45:00+00:00,99688.3729593499
2025-02-23 02:00:00+00:00,99688.3729593499
2025-02-23 02:15:00+00:00,99688.3729593499
2025-02-23 02:30:00+00:00,99688.3729593499
2025-02-23 02:45:00+00:00,99688.3729593499
2025-02-23 03:00:00+00:00,99688.3729593499
2025-02-23 03:15:00+00:00,99688.3729593499
2025-02-23 03:30:00+00:00,99688.3729593499
2025-02-23 03:45:00+00:00,99688.3729593499
2025-02-23 04:00:00+00:00,99688.3729593499
2025-02-23 04:15:00+00:00,99688.24969930478
2025-02-23 04:30:00+00:00,99688.57417942016
2025-02-23 04:45:00+00:00,99689.13753152524
2025-02-23 05:00:00+00:00,99689.78253953886
2025-02-23 05:15:00+00:00,99690.00462004615
2025-02-23 05:30:00+00:00,99688.18041020475
2025-02-23 05:45:00+00:00,99688.18041020475
2025-02-23 06:00:00+00:00,99688.18041020475
2025-02-23 06:15:00+00:00,99688.18041020475
2025-02-23 06:30:00+00:00,99688.18041020475
2025-02-23 06:45:00+00:00,99688.18041020475
2025-02-23 07:00:00+00:00,99688.18041020475
2025-02-23 07:15:00+00:00,99688.18041020475
2025-02-23 07:30:00+00:00,99688.18041020475
2025-02-23 07:45:00+00:00,99688.18041020475
2025-02-23 08:00:00+00:00,99688.18041020475
2025-02-23 08:15:00+00:00,99688.18041020475
2025-02-23 08:30:00+00:00,99688.18041020475
2025-02-23 08:45:00+00:00,99688.18041020475
2025-02-23 09:00:00+00:00,99688.18041020475
2025-02-23 09:15:00+00:00,99688.18041020475
2025-02-23 09:30:00+00:00,99688.18041020475
2025-02-23 09:45:00+00:00,99688.18041020475
2025-02-23 10:00:00+00:00,99688.18041020475
2025-02-23 10:15:00+00:00,99688.18041020475
2025-02-23 10:30:00+00:00,99688.18041020475
2025-02-23 10:45:00+00:00,99688.18041020475
2025-02-23 11:00:00+00:00,99688.18041020475
2025-02-23 11:15:00+00:00,99688.18041020475
2025-02-23 11:30:00+00:00,99688.18041020475
2025-02-23 11:45:00+00:00,99688.18041020475
2025-02-23 12:00:00+00:00,99688.18041020475
2025-02-23 12:15:00+00:00,99688.18041020475
2025-02-23 12:30:00+00:00,99688.18041020475
2025-02-23 12:45:00+00:00,99688.18041020475
2025-02-23 13:00:00+00:00,99688.18041020475
2025-02-23 13:15:00+00:00,99688.18041020475
2025-02-23 13:30:00+00:00,99688.18041020475
2025-02-23 13:45:00+00:00,99688.18041020475
2025-02-23 14:00:00+00:00,99688.18041020475
2025-02-23 14:15:00+00:00,99688.18041020475
2025-02-23 14:30:00+00:00,99688.18041020475
2025-02-23 14:45:00+00:00,99688.18041020475
2025-02-23 15:00:00+00:00,99688.18041020475
2025-02-23 15:15:00+00:00,99688.18041020475
2025-02-23 15:30:00+00:00,99688.18041020475
2025-02-23 15:45:00+00:00,99688.18041020475
2025-02-23 16:00:00+00:00,99688.18041020475
2025-02-23 16:15:00+00:00,99688.18041020475
2025-02-23 16:30:00+00:00,99688.18041020475
2025-02-23 16:45:00+00:00,99688.18041020475
2025-02-23 17:00:00+00:00,99688.18041020475
2025-02-23 17:15:00+00:00,99688.18041020475
2025-02-23 17:30:00+00:00,99688.18041020475
2025-02-23 17:45:00+00:00,99688.18041020475
2025-02-23 18:00:00+00:00,99688.18041020475
2025-02-23 18:15:00+00:00,99688.18041020475
2025-02-23 18:30:00+00:00,99688.18041020475
2025-02-23 18:45:00+00:00,99688.18041020475
2025-02-23 19:00:00+00:00,99688.18041020475
2025-02-23 19:15:00+00:00,99688.18041020475
2025-02-23 19:30:00+00:00,99688.18041020475
2025-02-23 19:45:00+00:00,99688.18041020475
2025-02-23 20:00:00+00:00,99688.18041020475
2025-02-23 20:15:00+00:00,99688.18041020475
2025-02-23 20:30:00+00:00,99688.18041020475
2025-02-23 20:45:00+00:00,99688.18041020475
2025-02-23 21:00:00+00:00,99688.18041020475
2025-02-23 21:15:00+00:00,99688.18041020475
2025-02-23 21:30:00+00:00,99688.18041020475
2025-02-23 21:45:00+00:00,99688.18041020475
2025-02-23 22:00:00+00:00,99688.18041020475
2025-02-23 22:15:00+00:00,99688.18041020475
2025-02-23 22:30:00+00:00,99688.18041020475
2025-02-23 22:45:00+00:00,99688.18041020475
2025-02-23 23:00:00+00:00,99688.18041020475
2025-02-23 23:15:00+00:00,99688.18041020475
2025-02-23 23:30:00+00:00,99688.18041020475
2025-02-23 23:45:00+00:00,99688.18041020475
2025-02-24 00:00:00+00:00,99688.18041020475
2025-02-24 00:15:00+00:00,99688.18041020475
2025-02-24 00:30:00+00:00,99688.18041020475
2025-02-24 00:45:00+00:00,99688.18041020475
2025-02-24 01:00:00+00:00,99688.18041020475
2025-02-24 01:15:00+00:00,99688.18041020475
2025-02-24 01:30:00+00:00,99688.18041020475
2025-02-24 01:45:00+00:00,99688.18041020475
2025-02-24 02:00:00+00:00,99688.18041020475
2025-02-24 02:15:00+00:00,99688.18041020475
2025-02-24 02:30:00+00:00,99688.18041020475
2025-02-24 02:45:00+00:00,99688.18041020475
2025-02-24 03:00:00+00:00,99688.18041020475
2025-02-24 03:15:00+00:00,99688.18041020475
2025-02-24 03:30:00+00:00,99688.18041020475
2025-02-24 03:45:00+00:00,99688.18041020475
2025-02-24 04:00:00+00:00,99688.18041020475
2025-02-24 04:15:00+00:00,99688.18041020475
2025-02-24 04:30:00+00:00,99688.18041020475
2025-02-24 04:45:00+00:00,99688.18041020475
2025-02-24 05:00:00+00:00,99688.18041020475
2025-02-24 05:15:00+00:00,99688.18041020475
2025-02-24 05:30:00+00:00,99688.18041020475
2025-02-24 05:45:00+00:00,99688.18041020475
2025-02-24 06:00:00+00:00,99688.18041020475
2025-02-24 06:15:00+00:00,99688.18041020475
2025-02-24 06:30:00+00:00,99688.18041020475
2025-02-24 06:45:00+00:00,99688.18041020475
2025-02-24 07:00:00+00:00,99688.18041020475
2025-02-24 07:15:00+00:00,99688.18041020475
2025-02-24 07:30:00+00:00,99688.18041020475
2025-02-24 07:45:00+00:00,99688.18041020475
2025-02-24 08:00:00+00:00,99688.18041020475
2025-02-24 08:15:00+00:00,99688.18041020475
2025-02-24 08:30:00+00:00,99688.18041020475
2025-02-24 08:45:00+00:00,99688.18041020475
2025-02-24 09:00:00+00:00,99688.18041020475
2025-02-24 09:15:00+00:00,99688.18041020475
2025-02-24 09:30:00+00:00,99688.18041020475
2025-02-24 09:45:00+00:00,99688.18041020475
2025-02-24 10:00:00+00:00,99688.18041020475
2025-02-24 10:15:00+00:00,99688.18041020475
2025-02-24 10:30:00+00:00,99688.18041020475
2025-02-24 10:45:00+00:00,99688.18041020475
2025-02-24 11:00:00+00:00,99688.18041020475
2025-02-24 11:15:00+00:00,99688.18041020475
2025-02-24 11:30:00+00:00,99688.18041020475
2025-02-24 11:45:00+00:00,99688.18041020475
2025-02-24 12:00:00+00:00,99688.18041020475
2025-02-24 12:15:00+00:00,99688.18041020475
2025-02-24 12:30:00+00:00,99688.18041020475
2025-02-24 12:45:00+00:00,99688.18041020475
2025-02-24 13:00:00+00:00,99688.18041020475
2025-02-24 13:15:00+00:00,99688.18041020475
2025-02-24 13:30:00+00:00,99688.18041020475
2025-02-24 13:45:00+00:00,99688.18041020475
2025-02-24 14:00:00+00:00,99688.18041020475
2025-02-24 14:15:00+00:00,99688.18041020475
2025-02-24 14:30:00+00:00,99688.18041020475
2025-02-24 14:45:00+00:00,99688.18041020475
2025-02-24 15:00:00+00:00,99688.18041020475
2025-02-24 15:15:00+00:00,99688.18041020475
2025-02-24 15:30:00+00:00,99688.18041020475
2025-02-24 15:45:00+00:00,99688.18041020475
2025-02-24 16:00:00+00:00,99688.18041020475
2025-02-24 16:15:00+00:00,99688.18041020475
2025-02-24 16:30:00+00:00,99688.18041020475
2025-02-24 16:45:00+00:00,99688.18041020475
2025-02-24 17:00:00+00:00,99688.18041020475
2025-02-24 17:15:00+00:00,99688.18041020475
2025-02-24 17:30:00+00:00,99688.18041020475
2025-02-24 17:45:00+00:00,99688.18041020475
2025-02-24 18:00:00+00:00,99688.18041020475
2025-02-24 18:15:00+00:00,99688.18041020475
2025-02-24 18:30:00+00:00,99688.18041020475
2025-02-24 18:45:00+00:00,99688.18041020475
2025-02-24 19:00:00+00:00,99688.18041020475
2025-02-24 19:15:00+00:00,99688.18041020475
2025-02-24 19:30:00+00:00,99688.18041020475
2025-02-24 19:45:00+00:00,99688.18041020475
2025-02-24 20:00:00+00:00,99688.18041020475
2025-02-24 20:15:00+00:00,99688.18041020475
2025-02-24 20:30:00+00:00,99688.18041020475
2025-02-24 20:45:00+00:00,99688.18041020475
2025-02-24 21:00:00+00:00,99685.6611683769
2025-02-24 21:15:00+00:00,99689.46511091151
2025-02-24 21:30:00+00:00,99691.73814866484
2025-02-24 21:45:00+00:00,99687.54953395255
2025-02-24 22:00:00+00:00,99669.48267505446
2025-02-24 22:15:00+00:00,99669.48267505446
2025-02-24 22:30:00+00:00,99669.48267505446
2025-02-24 22:45:00+00:00,99669.48267505446
2025-02-24 23:00:00+00:00,99669.48267505446
2025-02-24 23:15:00+00:00,99669.48267505446
2025-02-24 23:30:00+00:00,99669.48267505446
2025-02-24 23:45:00+00:00,99669.48267505446
2025-02-25 00:00:00+00:00,99669.48267505446
2025-02-25 00:15:00+00:00,99669.48267505446
2025-02-25 00:30:00+00:00,99669.48267505446
2025-02-25 00:45:00+00:00,99669.48267505446
2025-02-25 01:00:00+00:00,99669.48267505446
2025-02-25 01:15:00+00:00,99669.48267505446
2025-02-25 01:30:00+00:00,99669.48267505446
2025-02-25 01:45:00+00:00,99669.48267505446
2025-02-25 02:00:00+00:00,99669.48267505446
2025-02-25 02:15:00+00:00,99669.48267505446
2025-02-25 02:30:00+00:00,99669.48267505446
2025-02-25 02:45:00+00:00,99669.48267505446
2025-02-25 03:00:00+00:00,99669.48267505446
2025-02-25 03:15:00+00:00,99669.48267505446
2025-02-25 03:30:00+00:00,99669.48267505446
2025-02-25 03:45:00+00:00,99669.48267505446
2025-02-25 04:00:00+00:00,99669.48267505446
2025-02-25 04:15:00+00:00,99669.48267505446
2025-02-25 04:30:00+00:00,99669.48267505446
2025-02-25 04:45:00+00:00,99669.48267505446
2025-02-25 05:00:00+00:00,99669.48267505446
2025-02-25 05:15:00+00:00,99669.48267505446
2025-02-25 05:30:00+00:00,99669.48267505446
2025-02-25 05:45:00+00:00,99669.48267505446
2025-02-25 06:00:00+00:00,99669.48267505446
2025-02-25 06:15:00+00:00,99669.48267505446
2025-02-25 06:30:00+00:00,99669.48267505446
2025-02-25 06:45:00+00:00,99669.48267505446
2025-02-25 07:00:00+00:00,99669.48267505446
2025-02-25 07:15:00+00:00,99669.48267505446
2025-02-25 07:30:00+00:00,99669.48267505446
2025-02-25 07:45:00+00:00,99669.48267505446
2025-02-25 08:00:00+00:00,99669.48267505446
2025-02-25 08:15:00+00:00,99669.48267505446
2025-02-25 08:30:00+00:00,99669.48267505446
2025-02-25 08:45:00+00:00,99669.48267505446
2025-02-25 09:00:00+00:00,99669.48267505446
2025-02-25 09:15:00+00:00,99669.48267505446
2025-02-25 09:30:00+00:00,99669.48267505446
2025-02-25 09:45:00+00:00,99669.48267505446
2025-02-25 10:00:00+00:00,99669.48267505446
2025-02-25 10:15:00+00:00,99669.48267505446
2025-02-25 10:30:00+00:00,99669.48267505446
2025-02-25 10:45:00+00:00,99669.48267505446
2025-02-25 11:00:00+00:00,99669.48267505446
2025-02-25 11:15:00+00:00,99669.48267505446
2025-02-25 11:30:00+00:00,99669.48267505446
2025-02-25 11:45:00+00:00,99669.48267505446
2025-02-25 12:00:00+00:00,99669.48267505446
2025-02-25 12:15:00+00:00,99669.48267505446
2025-02-25 12:30:00+00:00,99669.48267505446
2025-02-25 12:45:00+00:00,99669.48267505446
2025-02-25 13:00:00+00:00,99669.48267505446
2025-02-25 13:15:00+00:00,99669.48267505446
2025-02-25 13:30:00+00:00,99669.48267505446
2025-02-25 13:45:00+00:00,99669.48267505446
2025-02-25 14:00:00+00:00,99669.48267505446
2025-02-25 14:15:00+00:00,99669.48267505446
2025-02-25 14:30:00+00:00,99669.48267505446
2025-02-25 14:45:00+00:00,99669.48267505446
2025-02-25 15:00:00+00:00,99669.48267505446
2025-02-25 15:15:00+00:00,99669.48267505446
2025-02-25 15:30:00+00:00,99669.48267505446
2025-02-25 15:45:00+00:00,99669.48267505446
2025-02-25 16:00:00+00:00,99669.48267505446
2025-02-25 16:15:00+00:00,99669.48267505446
2025-02-25 16:30:00+00:00,99669.48267505446
2025-02-25 16:45:00+00:00,99669.48267505446
2025-02-25 17:00:00+00:00,99669.48267505446
2025-02-25 17:15:00+00:00,99669.48267505446
2025-02-25 17:30:00+00:00,99669.48267505446
2025-02-25 17:45:00+00:00,99669.48267505446
2025-02-25 18:00:00+00:00,99669.48267505446
2025-02-25 18:15:00+00:00,99669.48267505446
2025-02-25 18:30:00+00:00,99669.48267505446
2025-02-25 18:45:00+00:00,99669.48267505446
2025-02-25 19:00:00+00:00,99669.48267505446
2025-02-25 19:15:00+00:00,99669.48267505446
2025-02-25 19:30:00+00:00,99669.48267505446
2025-02-25 19:45:00+00:00,99669.48267505446
2025-02-25 20:00:00+00:00,99669.48267505446
2025-02-25 20:15:00+00:00,99655.08298763372
2025-02-25 20:30:00+00:00,99643.38498507165
2025-02-25 20:45:00+00:00,99643.38498507165
2025-02-25 21:00:00+00:00,99643.38498507165
2025-02-25 21:15:00+00:00,99643.38498507165
2025-02-25 21:30:00+00:00,99643.38498507165
2025-02-25 21:45:00+00:00,99643.38498507165
2025-02-25 22:00:00+00:00,99643.38498507165
2025-02-25 22:15:00+00:00,99643.38498507165
2025-02-25 22:30:00+00:00,99643.38498507165
2025-02-25 22:45:00+00:00,99643.38498507165
2025-02-25 23:00:00+00:00,99643.38498507165
2025-02-25 23:15:00+00:00,99643.38498507165
2025-02-25 23:30:00+00:00,99643.38498507165
2025-02-25 23:45:00+00:00,99643.38498507165
2025-02-26 00:00:00+00:00,99643.38498507165
2025-02-26 00:15:00+00:00,99643.7128340762
2025-02-26 00:30:00+00:00,99648.20406476989
2025-02-26 00:45:00+00:00,99649.12220828015
2025-02-26 01:00:00+00:00,99646.03591161538
2025-02-26 01:15:00+00:00,99645.62980093219
2025-02-26 01:30:00+00:00,99643.26439916555
2025-02-26 01:45:00+00:00,99643.26439916555
2025-02-26 02:00:00+00:00,99643.26439916555
2025-02-26 02:15:00+00:00,99643.26439916555
2025-02-26 02:30:00+00:00,99643.26439916555
2025-02-26 02:45:00+00:00,99643.26439916555
2025-02-26 03:00:00+00:00,99643.26439916555
2025-02-26 03:15:00+00:00,99643.26439916555
2025-02-26 03:30:00+00:00,99643.26439916555
2025-02-26 03:45:00+00:00,99643.26439916555
2025-02-26 04:00:00+00:00,99643.26439916555
2025-02-26 04:15:00+00:00,99643.26439916555
2025-02-26 04:30:00+00:00,99643.26439916555
2025-02-26 04:45:00+00:00,99643.26439916555
2025-02-26 05:00:00+00:00,99643.26439916555
2025-02-26 05:15:00+00:00,99643.26439916555
2025-02-26 05:30:00+00:00,99643.26439916555
2025-02-26 05:45:00+00:00,99643.26439916555
2025-02-26 06:00:00+00:00,99643.26439916555
2025-02-26 06:15:00+00:00,99643.26439916555
2025-02-26 06:30:00+00:00,99643.26439916555
2025-02-26 06:45:00+00:00,99643.26439916555
2025-02-26 07:00:00+00:00,99643.26439916555
2025-02-26 07:15:00+00:00,99643.26439916555
2025-02-26 07:30:00+00:00,99643.26439916555
2025-02-26 07:45:00+00:00,99643.26439916555
2025-02-26 08:00:00+00:00,99643.26439916555
2025-02-26 08:15:00+00:00,99643.26439916555
2025-02-26 08:30:00+00:00,99643.26439916555
2025-02-26 08:45:00+00:00,99643.26439916555
2025-02-26 09:00:00+00:00,99643.26439916555
2025-02-26 09:15:00+00:00,99643.26439916555
2025-02-26 09:30:00+00:00,99643.26439916555
2025-02-26 09:45:00+00:00,99643.26439916555
2025-02-26 10:00:00+00:00,99643.26439916555
2025-02-26 10:15:00+00:00,99643.26439916555
2025-02-26 10:30:00+00:00,99643.26439916555
2025-02-26 10:45:00+00:00,99643.26439916555
2025-02-26 11:00:00+00:00,99643.26439916555
2025-02-26 11:15:00+00:00,99643.26439916555
2025-02-26 11:30:00+00:00,99643.26439916555
2025-02-26 11:45:00+00:00,99643.26439916555
2025-02-26 12:00:00+00:00,99643.26439916555
2025-02-26 12:15:00+00:00,99643.26439916555
2025-02-26 12:30:00+00:00,99643.26439916555
2025-02-26 12:45:00+00:00,99643.26439916555
2025-02-26 13:00:00+00:00,99643.26439916555
2025-02-26 13:15:00+00:00,99643.26439916555
2025-02-26 13:30:00+00:00,99643.26439916555
2025-02-26 13:45:00+00:00,99643.26439916555
2025-02-26 14:00:00+00:00,99643.26439916555
2025-02-26 14:15:00+00:00,99643.26439916555
2025-02-26 14:30:00+00:00,99643.26439916555
2025-02-26 14:45:00+00:00,99643.26439916555
2025-02-26 15:00:00+00:00,99643.26439916555
2025-02-26 15:15:00+00:00,99643.26439916555
2025-02-26 15:30:00+00:00,99643.26439916555
2025-02-26 15:45:00+00:00,99643.26439916555
2025-02-26 16:00:00+00:00,99643.26439916555
2025-02-26 16:15:00+00:00,99643.26439916555
2025-02-26 16:30:00+00:00,99643.26439916555
2025-02-26 16:45:00+00:00,99643.26439916555
2025-02-26 17:00:00+00:00,99643.26439916555
2025-02-26 17:15:00+00:00,99643.26439916555
2025-02-26 17:30:00+00:00,99643.26439916555
2025-02-26 17:45:00+00:00,99643.26439916555
2025-02-26 18:00:00+00:00,99643.26439916555
2025-02-26 18:15:00+00:00,99643.26439916555
2025-02-26 18:30:00+00:00,99643.26439916555
2025-02-26 18:45:00+00:00,99643.26439916555
2025-02-26 19:00:00+00:00,99643.26439916555
2025-02-26 19:15:00+00:00,99643.26439916555
2025-02-26 19:30:00+00:00,99643.26439916555
2025-02-26 19:45:00+00:00,99643.26439916555
2025-02-26 20:00:00+00:00,99643.26439916555
2025-02-26 20:15:00+00:00,99649.74045037238
2025-02-26 20:30:00+00:00,99660.96506911666
2025-02-26 20:45:00+00:00,99665.19036559091
2025-02-26 21:00:00+00:00,99666.5121540771
2025-02-26 21:15:00+00:00,99685.25915910104
2025-02-26 21:30:00+00:00,99685.25915910104
2025-02-26 21:45:00+00:00,99685.25915910104
2025-02-26 22:00:00+00:00,99685.25915910104
2025-02-26 22:15:00+00:00,99685.25915910104
2025-02-26 22:30:00+00:00,99685.25915910104
2025-02-26 22:45:00+00:00,99685.25915910104
2025-02-26 23:00:00+00:00,99685.25915910104
2025-02-26 23:15:00+00:00,99685.25915910104
2025-02-26 23:30:00+00:00,99685.25915910104
2025-02-26 23:45:00+00:00,99685.25915910104
2025-02-27 00:00:00+00:00,99685.25915910104
2025-02-27 00:15:00+00:00,99685.25915910104
2025-02-27 00:30:00+00:00,99685.25915910104
2025-02-27 00:45:00+00:00,99685.25915910104
2025-02-27 01:00:00+00:00,99685.25915910104
2025-02-27 01:15:00+00:00,99685.25915910104
2025-02-27 01:30:00+00:00,99685.25915910104
2025-02-27 01:45:00+00:00,99685.25915910104
2025-02-27 02:00:00+00:00,99685.25915910104
2025-02-27 02:15:00+00:00,99685.25915910104
2025-02-27 02:30:00+00:00,99685.25915910104
2025-02-27 02:45:00+00:00,99685.25915910104
2025-02-27 03:00:00+00:00,99685.25915910104
2025-02-27 03:15:00+00:00,99685.25915910104
2025-02-27 03:30:00+00:00,99685.25915910104
2025-02-27 03:45:00+00:00,99685.25915910104
2025-02-27 04:00:00+00:00,99685.25915910104
2025-02-27 04:15:00+00:00,99685.25915910104
2025-02-27 04:30:00+00:00,99685.25915910104
2025-02-27 04:45:00+00:00,99685.25915910104
2025-02-27 05:00:00+00:00,99685.25915910104
2025-02-27 05:15:00+00:00,99685.25915910104
2025-02-27 05:30:00+00:00,99685.25915910104
2025-02-27 05:45:00+00:00,99685.25915910104
2025-02-27 06:00:00+00:00,99685.25915910104
2025-02-27 06:15:00+00:00,99685.25915910104
2025-02-27 06:30:00+00:00,99685.25915910104
2025-02-27 06:45:00+00:00,99685.25915910104
2025-02-27 07:00:00+00:00,99685.25915910104
2025-02-27 07:15:00+00:00,99685.25915910104
2025-02-27 07:30:00+00:00,99685.25915910104
2025-02-27 07:45:00+00:00,99685.25915910104
2025-02-27 08:00:00+00:00,99685.25915910104
2025-02-27 08:15:00+00:00,99685.25915910104
2025-02-27 08:30:00+00:00,99685.25915910104
2025-02-27 08:45:00+00:00,99685.25915910104
2025-02-27 09:00:00+00:00,99685.25915910104
2025-02-27 09:15:00+00:00,99685.25915910104
2025-02-27 09:30:00+00:00,99685.25915910104
2025-02-27 09:45:00+00:00,99685.25915910104
2025-02-27 10:00:00+00:00,99685.25915910104
2025-02-27 10:15:00+00:00,99685.25915910104
2025-02-27 10:30:00+00:00,99685.25915910104
2025-02-27 10:45:00+00:00,99685.25915910104
2025-02-27 11:00:00+00:00,99685.25915910104
2025-02-27 11:15:00+00:00,99685.25915910104
2025-02-27 11:30:00+00:00,99685.25915910104
2025-02-27 11:45:00+00:00,99685.25915910104
2025-02-27 12:00:00+00:00,99685.25915910104
2025-02-27 12:15:00+00:00,99685.25915910104
2025-02-27 12:30:00+00:00,99685.25915910104
2025-02-27 12:45:00+00:00,99685.25915910104
2025-02-27 13:00:00+00:00,99685.25915910104
2025-02-27 13:15:00+00:00,99685.25915910104
2025-02-27 13:30:00+00:00,99685.25915910104
2025-02-27 13:45:00+00:00,99685.25915910104
2025-02-27 14:00:00+00:00,99685.25915910104
2025-02-27 14:15:00+00:00,99685.25915910104
2025-02-27 14:30:00+00:00,99685.25915910104
2025-02-27 14:45:00+00:00,99685.25915910104
2025-02-27 15:00:00+00:00,99685.25915910104
2025-02-27 15:15:00+00:00,99685.25915910104
2025-02-27 15:30:00+00:00,99685.25915910104
2025-02-27 15:45:00+00:00,99685.25915910104
2025-02-27 16:00:00+00:00,99685.25915910104
2025-02-27 16:15:00+00:00,99685.25915910104
2025-02-27 16:30:00+00:00,99685.25915910104
2025-02-27 16:45:00+00:00,99685.25915910104
2025-02-27 17:00:00+00:00,99685.25915910104
2025-02-27 17:15:00+00:00,99685.25915910104
2025-02-27 17:30:00+00:00,99685.25915910104
2025-02-27 17:45:00+00:00,99685.25915910104
2025-02-27 18:00:00+00:00,99685.25915910104
2025-02-27 18:15:00+00:00,99685.25915910104
2025-02-27 18:30:00+00:00,99685.25915910104
2025-02-27 18:45:00+00:00,99685.25915910104
2025-02-27 19:00:00+00:00,99685.25915910104
2025-02-27 19:15:00+00:00,99685.25915910104
2025-02-27 19:30:00+00:00,99685.25915910104
2025-02-27 19:45:00+00:00,99685.25915910104
2025-02-27 20:00:00+00:00,99685.25915910104
2025-02-27 20:15:00+00:00,99685.25915910104
2025-02-27 20:30:00+00:00,99685.25915910104
2025-02-27 20:45:00+00:00,99685.25915910104
2025-02-27 21:00:00+00:00,99685.25915910104
2025-02-27 21:15:00+00:00,99685.25915910104
2025-02-27 21:30:00+00:00,99685.25915910104
2025-02-27 21:45:00+00:00,99685.25915910104
2025-02-27 22:00:00+00:00,99685.25915910104
2025-02-27 22:15:00+00:00,99685.25915910104
2025-02-27 22:30:00+00:00,99685.25915910104
2025-02-27 22:45:00+00:00,99685.25915910104
2025-02-27 23:00:00+00:00,99685.25915910104
2025-02-27 23:15:00+00:00,99685.25915910104
2025-02-27 23:30:00+00:00,99685.25915910104
2025-02-27 23:45:00+00:00,99685.25915910104
2025-02-28 00:00:00+00:00,99685.25915910104
2025-02-28 00:15:00+00:00,99685.49646403287
2025-02-28 00:30:00+00:00,99686.83103296987
2025-02-28 00:45:00+00:00,99690.60240480531
2025-02-28 01:00:00+00:00,99690.19297582725
2025-02-28 01:15:00+00:00,99710.16927970297
2025-02-28 01:30:00+00:00,99710.16927970297
2025-02-28 01:45:00+00:00,99710.16927970297
2025-02-28 02:00:00+00:00,99710.16927970297
2025-02-28 02:15:00+00:00,99710.16927970297
2025-02-28 02:30:00+00:00,99710.16927970297
2025-02-28 02:45:00+00:00,99710.16927970297
2025-02-28 03:00:00+00:00,99710.16927970297
2025-02-28 03:15:00+00:00,99710.16927970297
2025-02-28 03:30:00+00:00,99710.16927970297
2025-02-28 03:45:00+00:00,99710.16927970297
2025-02-28 04:00:00+00:00,99710.16927970297
2025-02-28 04:15:00+00:00,99710.16927970297
2025-02-28 04:30:00+00:00,99710.16927970297
2025-02-28 04:45:00+00:00,99710.16927970297
2025-02-28 05:00:00+00:00,99710.16927970297
2025-02-28 05:15:00+00:00,99710.16927970297
2025-02-28 05:30:00+00:00,99710.16927970297
2025-02-28 05:45:00+00:00,99710.16927970297
2025-02-28 06:00:00+00:00,99710.16927970297
2025-02-28 06:15:00+00:00,99710.16927970297
2025-02-28 06:30:00+00:00,99710.16927970297
2025-02-28 06:45:00+00:00,99710.16927970297
2025-02-28 07:00:00+00:00,99710.16927970297
2025-02-28 07:15:00+00:00,99710.16927970297
2025-02-28 07:30:00+00:00,99710.16927970297
2025-02-28 07:45:00+00:00,99710.16927970297
2025-02-28 08:00:00+00:00,99710.16927970297
2025-02-28 08:15:00+00:00,99711.61185335313
2025-02-28 08:30:00+00:00,99704.49971131323
2025-02-28 08:45:00+00:00,99713.81720976337
2025-02-28 09:00:00+00:00,99717.22618642151
2025-02-28 09:15:00+00:00,99743.74476398661
2025-02-28 09:30:00+00:00,99743.74476398661
2025-02-28 09:45:00+00:00,99743.74476398661
2025-02-28 10:00:00+00:00,99743.74476398661
2025-02-28 10:15:00+00:00,99743.74476398661
2025-02-28 10:30:00+00:00,99743.74476398661
2025-02-28 10:45:00+00:00,99743.74476398661
2025-02-28 11:00:00+00:00,99743.74476398661
2025-02-28 11:15:00+00:00,99743.74476398661
2025-02-28 11:30:00+00:00,99743.74476398661
2025-02-28 11:45:00+00:00,99743.74476398661
2025-02-28 12:00:00+00:00,99743.74476398661
2025-02-28 12:15:00+00:00,99743.74476398661
2025-02-28 12:30:00+00:00,99743.74476398661
2025-02-28 12:45:00+00:00,99743.74476398661
2025-02-28 13:00:00+00:00,99743.74476398661
2025-02-28 13:15:00+00:00,99743.74476398661
2025-02-28 13:30:00+00:00,99743.74476398661
2025-02-28 13:45:00+00:00,99743.74476398661
2025-02-28 14:00:00+00:00,99743.74476398661
2025-02-28 14:15:00+00:00,99743.74476398661
2025-02-28 14:30:00+00:00,99743.74476398661
2025-02-28 14:45:00+00:00,99743.74476398661
2025-02-28 15:00:00+00:00,99743.74476398661
2025-02-28 15:15:00+00:00,99743.74476398661
2025-02-28 15:30:00+00:00,99743.74476398661
2025-02-28 15:45:00+00:00,99743.74476398661
2025-02-28 16:00:00+00:00,99743.74476398661
2025-02-28 16:15:00+00:00,99743.74476398661
2025-02-28 16:30:00+00:00,99724.8264668769
2025-02-28 16:45:00+00:00,99730.33699607998
2025-02-28 17:00:00+00:00,99733.56940147815
2025-02-28 17:15:00+00:00,99733.5967691087
2025-02-28 17:30:00+00:00,99742.74376975537
2025-02-28 17:45:00+00:00,99743.81743428957
2025-02-28 18:00:00+00:00,99738.27035934544
2025-02-28 18:15:00+00:00,99739.59483318648
2025-02-28 18:30:00+00:00,99720.94078554549
2025-02-28 18:45:00+00:00,99720.94078554549
2025-02-28 19:00:00+00:00,99720.94078554549
2025-02-28 19:15:00+00:00,99720.94078554549
2025-02-28 19:30:00+00:00,99720.94078554549
2025-02-28 19:45:00+00:00,99720.94078554549
2025-02-28 20:00:00+00:00,99720.94078554549
2025-02-28 20:15:00+00:00,99720.94078554549
2025-02-28 20:30:00+00:00,99720.94078554549
2025-02-28 20:45:00+00:00,99720.94078554549
2025-02-28 21:00:00+00:00,99720.94078554549
2025-02-28 21:15:00+00:00,99720.94078554549
2025-02-28 21:30:00+00:00,99720.94078554549
2025-02-28 21:45:00+00:00,99720.94078554549
2025-02-28 22:00:00+00:00,99720.94078554549
2025-02-28 22:15:00+00:00,99720.94078554549
2025-02-28 22:30:00+00:00,99720.94078554549
2025-02-28 22:45:00+00:00,99720.94078554549
2025-02-28 23:00:00+00:00,99720.94078554549
2025-02-28 23:15:00+00:00,99720.94078554549
2025-02-28 23:30:00+00:00,99720.94078554549
2025-02-28 23:45:00+00:00,99720.94078554549
2025-03-01 00:00:00+00:00,99720.94078554549
2025-03-01 00:15:00+00:00,99720.94078554549
2025-03-01 00:30:00+00:00,99720.94078554549
2025-03-01 00:45:00+00:00,99720.94078554549
2025-03-01 01:00:00+00:00,99720.94078554549
2025-03-01 01:15:00+00:00,99720.94078554549
2025-03-01 01:30:00+00:00,99720.94078554549
2025-03-01 01:45:00+00:00,99720.94078554549
2025-03-01 02:00:00+00:00,99720.94078554549
2025-03-01 02:15:00+00:00,99720.94078554549
2025-03-01 02:30:00+00:00,99720.94078554549
2025-03-01 02:45:00+00:00,99720.94078554549
2025-03-01 03:00:00+00:00,99720.94078554549
2025-03-01 03:15:00+00:00,99720.94078554549
2025-03-01 03:30:00+00:00,99720.94078554549
2025-03-01 03:45:00+00:00,99720.94078554549
2025-03-01 04:00:00+00:00,99720.94078554549
2025-03-01 04:15:00+00:00,99719.70859563496
2025-03-01 04:30:00+00:00,99703.81048744847
2025-03-01 04:45:00+00:00,99703.81048744847
2025-03-01 05:00:00+00:00,99703.81048744847
2025-03-01 05:15:00+00:00,99703.81048744847
2025-03-01 05:30:00+00:00,99703.81048744847
2025-03-01 05:45:00+00:00,99703.81048744847
2025-03-01 06:00:00+00:00,99703.81048744847
2025-03-01 06:15:00+00:00,99703.81048744847
2025-03-01 06:30:00+00:00,99703.81048744847
2025-03-01 06:45:00+00:00,99703.81048744847
2025-03-01 07:00:00+00:00,99703.81048744847
2025-03-01 07:15:00+00:00,99703.81048744847
2025-03-01 07:30:00+00:00,99703.81048744847
2025-03-01 07:45:00+00:00,99703.81048744847
2025-03-01 08:00:00+00:00,99703.81048744847
2025-03-01 08:15:00+00:00,99703.81048744847
2025-03-01 08:30:00+00:00,99703.81048744847
2025-03-01 08:45:00+00:00,99703.81048744847
2025-03-01 09:00:00+00:00,99703.81048744847
2025-03-01 09:15:00+00:00,99703.81048744847
2025-03-01 09:30:00+00:00,99703.81048744847
2025-03-01 09:45:00+00:00,99703.81048744847
2025-03-01 10:00:00+00:00,99703.81048744847
2025-03-01 10:15:00+00:00,99703.81048744847
2025-03-01 10:30:00+00:00,99703.81048744847
2025-03-01 10:45:00+00:00,99703.81048744847
2025-03-01 11:00:00+00:00,99703.81048744847
2025-03-01 11:15:00+00:00,99703.81048744847
2025-03-01 11:30:00+00:00,99703.81048744847
2025-03-01 11:45:00+00:00,99703.81048744847
2025-03-01 12:00:00+00:00,99703.81048744847
2025-03-01 12:15:00+00:00,99703.81048744847
2025-03-01 12:30:00+00:00,99703.81048744847
2025-03-01 12:45:00+00:00,99703.81048744847
2025-03-01 13:00:00+00:00,99703.81048744847
2025-03-01 13:15:00+00:00,99703.81048744847
2025-03-01 13:30:00+00:00,99703.81048744847
2025-03-01 13:45:00+00:00,99703.81048744847
2025-03-01 14:00:00+00:00,99703.81048744847
2025-03-01 14:15:00+00:00,99703.81048744847
2025-03-01 14:30:00+00:00,99703.81048744847
2025-03-01 14:45:00+00:00,99703.81048744847
2025-03-01 15:00:00+00:00,99703.81048744847
2025-03-01 15:15:00+00:00,99703.81048744847
2025-03-01 15:30:00+00:00,99703.81048744847
2025-03-01 15:45:00+00:00,99703.81048744847
2025-03-01 16:00:00+00:00,99703.81048744847
2025-03-01 16:15:00+00:00,99703.81048744847
2025-03-01 16:30:00+00:00,99703.81048744847
2025-03-01 16:45:00+00:00,99703.81048744847
2025-03-01 17:00:00+00:00,99703.81048744847
2025-03-01 17:15:00+00:00,99703.81048744847
2025-03-01 17:30:00+00:00,99703.81048744847
2025-03-01 17:45:00+00:00,99703.81048744847
2025-03-01 18:00:00+00:00,99703.81048744847
2025-03-01 18:15:00+00:00,99703.81048744847
2025-03-01 18:30:00+00:00,99703.81048744847
2025-03-01 18:45:00+00:00,99703.81048744847
2025-03-01 19:00:00+00:00,99703.81048744847
2025-03-01 19:15:00+00:00,99703.81048744847
2025-03-01 19:30:00+00:00,99703.81048744847
2025-03-01 19:45:00+00:00,99703.81048744847
2025-03-01 20:00:00+00:00,99703.81048744847
2025-03-01 20:15:00+00:00,99703.81048744847
2025-03-01 20:30:00+00:00,99703.81048744847
2025-03-01 20:45:00+00:00,99703.81048744847
2025-03-01 21:00:00+00:00,99703.81048744847
2025-03-01 21:15:00+00:00,99703.81048744847
2025-03-01 21:30:00+00:00,99703.81048744847
2025-03-01 21:45:00+00:00,99703.81048744847
2025-03-01 22:00:00+00:00,99703.81048744847
2025-03-01 22:15:00+00:00,99703.81048744847
2025-03-01 22:30:00+00:00,99703.81048744847
2025-03-01 22:45:00+00:00,99703.81048744847
2025-03-01 23:00:00+00:00,99703.81048744847
2025-03-01 23:15:00+00:00,99703.81048744847
2025-03-01 23:30:00+00:00,99703.81048744847
2025-03-01 23:45:00+00:00,99703.81048744847
2025-03-02 00:00:00+00:00,99703.81048744847
2025-03-02 00:15:00+00:00,99703.81048744847
2025-03-02 00:30:00+00:00,99703.81048744847
2025-03-02 00:45:00+00:00,99703.81048744847
2025-03-02 01:00:00+00:00,99703.81048744847
2025-03-02 01:15:00+00:00,99703.81048744847
2025-03-02 01:30:00+00:00,99703.81048744847
2025-03-02 01:45:00+00:00,99703.81048744847
2025-03-02 02:00:00+00:00,99703.81048744847
2025-03-02 02:15:00+00:00,99703.81048744847
2025-03-02 02:30:00+00:00,99703.81048744847
2025-03-02 02:45:00+00:00,99703.81048744847
2025-03-02 03:00:00+00:00,99703.81048744847
2025-03-02 03:15:00+00:00,99703.81048744847
2025-03-02 03:30:00+00:00,99703.81048744847
2025-03-02 03:45:00+00:00,99703.81048744847
2025-03-02 04:00:00+00:00,99703.81048744847
2025-03-02 04:15:00+00:00,99703.81048744847
2025-03-02 04:30:00+00:00,99703.81048744847
2025-03-02 04:45:00+00:00,99703.81048744847
2025-03-02 05:00:00+00:00,99703.81048744847
2025-03-02 05:15:00+00:00,99703.81048744847
2025-03-02 05:30:00+00:00,99703.81048744847
2025-03-02 05:45:00+00:00,99703.81048744847
2025-03-02 06:00:00+00:00,99703.81048744847
2025-03-02 06:15:00+00:00,99703.81048744847
2025-03-02 06:30:00+00:00,99703.81048744847
2025-03-02 06:45:00+00:00,99703.81048744847
2025-03-02 07:00:00+00:00,99703.81048744847
2025-03-02 07:15:00+00:00,99703.81048744847
2025-03-02 07:30:00+00:00,99703.81048744847
2025-03-02 07:45:00+00:00,99703.81048744847
2025-03-02 08:00:00+00:00,99703.81048744847
2025-03-02 08:15:00+00:00,99703.81048744847
2025-03-02 08:30:00+00:00,99703.81048744847
2025-03-02 08:45:00+00:00,99703.81048744847
2025-03-02 09:00:00+00:00,99703.81048744847
2025-03-02 09:15:00+00:00,99703.81048744847
2025-03-02 09:30:00+00:00,99703.81048744847
2025-03-02 09:45:00+00:00,99703.81048744847
2025-03-02 10:00:00+00:00,99703.81048744847
2025-03-02 10:15:00+00:00,99703.81048744847
2025-03-02 10:30:00+00:00,99703.81048744847
2025-03-02 10:45:00+00:00,99703.81048744847
2025-03-02 11:00:00+00:00,99703.81048744847
2025-03-02 11:15:00+00:00,99703.81048744847
2025-03-02 11:30:00+00:00,99703.81048744847
2025-03-02 11:45:00+00:00,99703.81048744847
2025-03-02 12:00:00+00:00,99703.81048744847
2025-03-02 12:15:00+00:00,99703.81048744847
2025-03-02 12:30:00+00:00,99703.81048744847
2025-03-02 12:45:00+00:00,99703.81048744847
2025-03-02 13:00:00+00:00,99703.81048744847
2025-03-02 13:15:00+00:00,99703.81048744847
2025-03-02 13:30:00+00:00,99703.81048744847
2025-03-02 13:45:00+00:00,99703.81048744847
2025-03-02 14:00:00+00:00,99703.81048744847
2025-03-02 14:15:00+00:00,99703.81048744847
2025-03-02 14:30:00+00:00,99703.81048744847
2025-03-02 14:45:00+00:00,99703.81048744847
2025-03-02 15:00:00+00:00,99703.81048744847
2025-03-02 15:15:00+00:00,99703.81048744847
2025-03-02 15:30:00+00:00,99703.81048744847
2025-03-02 15:45:00+00:00,99703.81048744847
2025-03-02 16:00:00+00:00,99703.81048744847
2025-03-02 16:15:00+00:00,99690.02535347537
2025-03-02 16:30:00+00:00,99627.22526685824
2025-03-02 16:45:00+00:00,99627.22526685824
2025-03-02 17:00:00+00:00,99627.22526685824
2025-03-02 17:15:00+00:00,99627.22526685824
2025-03-02 17:30:00+00:00,99627.22526685824
2025-03-02 17:45:00+00:00,99627.22526685824
2025-03-02 18:00:00+00:00,99627.22526685824
2025-03-02 18:15:00+00:00,99627.22526685824
2025-03-02 18:30:00+00:00,99627.22526685824
2025-03-02 18:45:00+00:00,99627.22526685824
2025-03-02 19:00:00+00:00,99627.22526685824
2025-03-02 19:15:00+00:00,99627.22526685824
2025-03-02 19:30:00+00:00,99627.22526685824
2025-03-02 19:45:00+00:00,99627.22526685824
2025-03-02 20:00:00+00:00,99627.22526685824
2025-03-02 20:15:00+00:00,99627.22526685824
2025-03-02 20:30:00+00:00,99627.22526685824
2025-03-02 20:45:00+00:00,99627.22526685824
2025-03-02 21:00:00+00:00,99627.22526685824
2025-03-02 21:15:00+00:00,99627.22526685824
2025-03-02 21:30:00+00:00,99627.22526685824
2025-03-02 21:45:00+00:00,99627.22526685824
2025-03-02 22:00:00+00:00,99627.22526685824
2025-03-02 22:15:00+00:00,99627.22526685824
2025-03-02 22:30:00+00:00,99627.22526685824
2025-03-02 22:45:00+00:00,99627.22526685824
2025-03-02 23:00:00+00:00,99627.22526685824
2025-03-02 23:15:00+00:00,99627.22526685824
2025-03-02 23:30:00+00:00,99627.22526685824
2025-03-02 23:45:00+00:00,99627.22526685824
2025-03-03 00:00:00+00:00,99627.22526685824
2025-03-03 00:15:00+00:00,99627.22526685824
2025-03-03 00:30:00+00:00,99627.22526685824
2025-03-03 00:45:00+00:00,99627.22526685824
2025-03-03 01:00:00+00:00,99627.22526685824
2025-03-03 01:15:00+00:00,99627.22526685824
2025-03-03 01:30:00+00:00,99627.22526685824
2025-03-03 01:45:00+00:00,99627.22526685824
2025-03-03 02:00:00+00:00,99627.22526685824
2025-03-03 02:15:00+00:00,99627.22526685824
2025-03-03 02:30:00+00:00,99627.22526685824
2025-03-03 02:45:00+00:00,99627.22526685824
2025-03-03 03:00:00+00:00,99627.22526685824
2025-03-03 03:15:00+00:00,99627.22526685824
2025-03-03 03:30:00+00:00,99627.22526685824
2025-03-03 03:45:00+00:00,99627.22526685824
2025-03-03 04:00:00+00:00,99627.22526685824
2025-03-03 04:15:00+00:00,99627.22526685824
2025-03-03 04:30:00+00:00,99627.22526685824
2025-03-03 04:45:00+00:00,99627.22526685824
2025-03-03 05:00:00+00:00,99627.22526685824
2025-03-03 05:15:00+00:00,99627.22526685824
2025-03-03 05:30:00+00:00,99627.22526685824
2025-03-03 05:45:00+00:00,99627.22526685824
2025-03-03 06:00:00+00:00,99627.22526685824
2025-03-03 06:15:00+00:00,99627.22526685824
2025-03-03 06:30:00+00:00,99627.22526685824
2025-03-03 06:45:00+00:00,99627.22526685824
2025-03-03 07:00:00+00:00,99627.22526685824
2025-03-03 07:15:00+00:00,99627.22526685824
2025-03-03 07:30:00+00:00,99627.22526685824
2025-03-03 07:45:00+00:00,99627.22526685824
2025-03-03 08:00:00+00:00,99627.22526685824
2025-03-03 08:15:00+00:00,99627.22526685824
2025-03-03 08:30:00+00:00,99627.22526685824
2025-03-03 08:45:00+00:00,99627.22526685824
2025-03-03 09:00:00+00:00,99627.22526685824
2025-03-03 09:15:00+00:00,99627.22526685824
2025-03-03 09:30:00+00:00,99627.22526685824
2025-03-03 09:45:00+00:00,99627.22526685824
2025-03-03 10:00:00+00:00,99627.22526685824
2025-03-03 10:15:00+00:00,99627.22526685824
2025-03-03 10:30:00+00:00,99627.22526685824
2025-03-03 10:45:00+00:00,99627.22526685824
2025-03-03 11:00:00+00:00,99627.22526685824
2025-03-03 11:15:00+00:00,99627.22526685824
2025-03-03 11:30:00+00:00,99627.22526685824
2025-03-03 11:45:00+00:00,99627.22526685824
2025-03-03 12:00:00+00:00,99627.22526685824
2025-03-03 12:15:00+00:00,99627.22526685824
2025-03-03 12:30:00+00:00,99627.22526685824
2025-03-03 12:45:00+00:00,99627.22526685824
2025-03-03 13:00:00+00:00,99627.22526685824
2025-03-03 13:15:00+00:00,99627.22526685824
2025-03-03 13:30:00+00:00,99627.22526685824
2025-03-03 13:45:00+00:00,99627.22526685824
2025-03-03 14:00:00+00:00,99627.22526685824
2025-03-03 14:15:00+00:00,99627.22526685824
2025-03-03 14:30:00+00:00,99627.22526685824
2025-03-03 14:45:00+00:00,99627.22526685824
2025-03-03 15:00:00+00:00,99627.22526685824
2025-03-03 15:15:00+00:00,99627.22526685824
2025-03-03 15:30:00+00:00,99627.22526685824
2025-03-03 15:45:00+00:00,99627.22526685824
2025-03-03 16:00:00+00:00,99627.22526685824
2025-03-03 16:15:00+00:00,99627.22526685824
2025-03-03 16:30:00+00:00,99627.22526685824
2025-03-03 16:45:00+00:00,99627.22526685824
2025-03-03 17:00:00+00:00,99627.22526685824
2025-03-03 17:15:00+00:00,99627.22526685824
2025-03-03 17:30:00+00:00,99627.22526685824
2025-03-03 17:45:00+00:00,99627.22526685824
2025-03-03 18:00:00+00:00,99627.22526685824
2025-03-03 18:15:00+00:00,99627.22526685824
2025-03-03 18:30:00+00:00,99627.22526685824
2025-03-03 18:45:00+00:00,99627.22526685824
2025-03-03 19:00:00+00:00,99627.22526685824
2025-03-03 19:15:00+00:00,99627.22526685824
2025-03-03 19:30:00+00:00,99627.22526685824
2025-03-03 19:45:00+00:00,99627.22526685824
2025-03-03 20:00:00+00:00,99627.22526685824
2025-03-03 20:15:00+00:00,99627.22526685824
2025-03-03 20:30:00+00:00,99627.22526685824
2025-03-03 20:45:00+00:00,99627.22526685824
2025-03-03 21:00:00+00:00,99627.22526685824
2025-03-03 21:15:00+00:00,99627.22526685824
2025-03-03 21:30:00+00:00,99627.22526685824
2025-03-03 21:45:00+00:00,99627.22526685824
2025-03-03 22:00:00+00:00,99627.22526685824
2025-03-03 22:15:00+00:00,99627.22526685824
2025-03-03 22:30:00+00:00,99627.22526685824
2025-03-03 22:45:00+00:00,99627.22526685824
2025-03-03 23:00:00+00:00,99627.22526685824
2025-03-03 23:15:00+00:00,99627.22526685824
2025-03-03 23:30:00+00:00,99627.22526685824
2025-03-03 23:45:00+00:00,99627.22526685824
2025-03-04 00:00:00+00:00,99627.22526685824
2025-03-04 00:15:00+00:00,99627.22526685824
2025-03-04 00:30:00+00:00,99627.22526685824
2025-03-04 00:45:00+00:00,99627.22526685824
2025-03-04 01:00:00+00:00,99627.22526685824
2025-03-04 01:15:00+00:00,99627.22526685824
2025-03-04 01:30:00+00:00,99627.22526685824
2025-03-04 01:45:00+00:00,99627.22526685824
2025-03-04 02:00:00+00:00,99627.22526685824
2025-03-04 02:15:00+00:00,99627.22526685824
2025-03-04 02:30:00+00:00,99627.22526685824
2025-03-04 02:45:00+00:00,99627.22526685824
2025-03-04 03:00:00+00:00,99627.22526685824
2025-03-04 03:15:00+00:00,99627.22526685824
2025-03-04 03:30:00+00:00,99627.22526685824
2025-03-04 03:45:00+00:00,99627.22526685824
2025-03-04 04:00:00+00:00,99627.22526685824
2025-03-04 04:15:00+00:00,99627.22526685824
2025-03-04 04:30:00+00:00,99627.22526685824
2025-03-04 04:45:00+00:00,99627.22526685824
2025-03-04 05:00:00+00:00,99627.22526685824
2025-03-04 05:15:00+00:00,99627.22526685824
2025-03-04 05:30:00+00:00,99627.22526685824
2025-03-04 05:45:00+00:00,99627.22526685824
2025-03-04 06:00:00+00:00,99627.22526685824
2025-03-04 06:15:00+00:00,99627.22526685824
2025-03-04 06:30:00+00:00,99627.22526685824
2025-03-04 06:45:00+00:00,99627.22526685824
2025-03-04 07:00:00+00:00,99627.22526685824
2025-03-04 07:15:00+00:00,99627.22526685824
2025-03-04 07:30:00+00:00,99627.22526685824
2025-03-04 07:45:00+00:00,99627.22526685824
2025-03-04 08:00:00+00:00,99627.22526685824
2025-03-04 08:15:00+00:00,99627.22526685824
2025-03-04 08:30:00+00:00,99627.22526685824
2025-03-04 08:45:00+00:00,99627.22526685824
2025-03-04 09:00:00+00:00,99627.22526685824
2025-03-04 09:15:00+00:00,99627.22526685824
2025-03-04 09:30:00+00:00,99627.22526685824
2025-03-04 09:45:00+00:00,99627.22526685824
2025-03-04 10:00:00+00:00,99627.22526685824
2025-03-04 10:15:00+00:00,99627.22526685824
2025-03-04 10:30:00+00:00,99627.22526685824
2025-03-04 10:45:00+00:00,99627.22526685824
2025-03-04 11:00:00+00:00,99627.22526685824
2025-03-04 11:15:00+00:00,99627.22526685824
2025-03-04 11:30:00+00:00,99627.22526685824
2025-03-04 11:45:00+00:00,99627.22526685824
2025-03-04 12:00:00+00:00,99627.22526685824
2025-03-04 12:15:00+00:00,99627.22526685824
2025-03-04 12:30:00+00:00,99627.22526685824
2025-03-04 12:45:00+00:00,99627.22526685824
2025-03-04 13:00:00+00:00,99627.22526685824
2025-03-04 13:15:00+00:00,99627.22526685824
2025-03-04 13:30:00+00:00,99627.22526685824
2025-03-04 13:45:00+00:00,99627.22526685824
2025-03-04 14:00:00+00:00,99627.22526685824
2025-03-04 14:15:00+00:00,99627.22526685824
2025-03-04 14:30:00+00:00,99627.22526685824
2025-03-04 14:45:00+00:00,99627.22526685824
2025-03-04 15:00:00+00:00,99627.22526685824
2025-03-04 15:15:00+00:00,99627.22526685824
2025-03-04 15:30:00+00:00,99627.22526685824
2025-03-04 15:45:00+00:00,99627.22526685824
2025-03-04 16:00:00+00:00,99627.22526685824
2025-03-04 16:15:00+00:00,99627.22526685824
2025-03-04 16:30:00+00:00,99627.22526685824
2025-03-04 16:45:00+00:00,99627.22526685824
2025-03-04 17:00:00+00:00,99627.22526685824
2025-03-04 17:15:00+00:00,99627.22526685824
2025-03-04 17:30:00+00:00,99627.22526685824
2025-03-04 17:45:00+00:00,99627.22526685824
2025-03-04 18:00:00+00:00,99627.22526685824
2025-03-04 18:15:00+00:00,99627.22526685824
2025-03-04 18:30:00+00:00,99627.22526685824
2025-03-04 18:45:00+00:00,99627.22526685824
2025-03-04 19:00:00+00:00,99627.22526685824
2025-03-04 19:15:00+00:00,99627.22526685824
2025-03-04 19:30:00+00:00,99627.22526685824
2025-03-04 19:45:00+00:00,99627.22526685824
2025-03-04 20:00:00+00:00,99627.22526685824
2025-03-04 20:15:00+00:00,99624.71828872395
2025-03-04 20:30:00+00:00,99632.22035318708
2025-03-04 20:45:00+00:00,99652.00565478529
2025-03-04 21:00:00+00:00,99652.00565478529
2025-03-04 21:15:00+00:00,99652.00565478529
2025-03-04 21:30:00+00:00,99652.00565478529
2025-03-04 21:45:00+00:00,99652.00565478529
2025-03-04 22:00:00+00:00,99652.00565478529
2025-03-04 22:15:00+00:00,99652.00565478529
2025-03-04 22:30:00+00:00,99652.00565478529
2025-03-04 22:45:00+00:00,99652.00565478529
2025-03-04 23:00:00+00:00,99652.00565478529
2025-03-04 23:15:00+00:00,99652.00565478529
2025-03-04 23:30:00+00:00,99652.00565478529
2025-03-04 23:45:00+00:00,99652.00565478529
2025-03-05 00:00:00+00:00,99652.00565478529
2025-03-05 00:15:00+00:00,99653.37792556758
2025-03-05 00:30:00+00:00,99658.2921629597
2025-03-05 00:45:00+00:00,99658.2921629597
2025-03-05 01:00:00+00:00,99658.2921629597
2025-03-05 01:15:00+00:00,99658.2921629597
2025-03-05 01:30:00+00:00,99658.2921629597
2025-03-05 01:45:00+00:00,99658.2921629597
2025-03-05 02:00:00+00:00,99658.2921629597
2025-03-05 02:15:00+00:00,99658.2921629597
2025-03-05 02:30:00+00:00,99658.2921629597
2025-03-05 02:45:00+00:00,99658.2921629597
2025-03-05 03:00:00+00:00,99658.2921629597
2025-03-05 03:15:00+00:00,99658.2921629597
2025-03-05 03:30:00+00:00,99658.2921629597
2025-03-05 03:45:00+00:00,99658.2921629597
2025-03-05 04:00:00+00:00,99658.2921629597
2025-03-05 04:15:00+00:00,99658.2921629597
2025-03-05 04:30:00+00:00,99658.2921629597
2025-03-05 04:45:00+00:00,99658.2921629597
2025-03-05 05:00:00+00:00,99658.2921629597
2025-03-05 05:15:00+00:00,99658.2921629597
2025-03-05 05:30:00+00:00,99658.2921629597
2025-03-05 05:45:00+00:00,99658.2921629597
2025-03-05 06:00:00+00:00,99658.2921629597
2025-03-05 06:15:00+00:00,99658.2921629597
2025-03-05 06:30:00+00:00,99658.2921629597
2025-03-05 06:45:00+00:00,99658.2921629597
2025-03-05 07:00:00+00:00,99658.2921629597
2025-03-05 07:15:00+00:00,99658.2921629597
2025-03-05 07:30:00+00:00,99658.2921629597
2025-03-05 07:45:00+00:00,99658.2921629597
2025-03-05 08:00:00+00:00,99658.2921629597
2025-03-05 08:15:00+00:00,99658.2921629597
2025-03-05 08:30:00+00:00,99658.2921629597
2025-03-05 08:45:00+00:00,99658.2921629597
2025-03-05 09:00:00+00:00,99658.2921629597
2025-03-05 09:15:00+00:00,99658.2921629597
2025-03-05 09:30:00+00:00,99658.2921629597
2025-03-05 09:45:00+00:00,99658.2921629597
2025-03-05 10:00:00+00:00,99658.2921629597
2025-03-05 10:15:00+00:00,99658.2921629597
2025-03-05 10:30:00+00:00,99658.2921629597
2025-03-05 10:45:00+00:00,99658.2921629597
2025-03-05 11:00:00+00:00,99658.2921629597
2025-03-05 11:15:00+00:00,99658.2921629597
2025-03-05 11:30:00+00:00,99658.2921629597
2025-03-05 11:45:00+00:00,99658.2921629597
2025-03-05 12:00:00+00:00,99658.2921629597
2025-03-05 12:15:00+00:00,99658.2921629597
2025-03-05 12:30:00+00:00,99658.2921629597
2025-03-05 12:45:00+00:00,99658.2921629597
2025-03-05 13:00:00+00:00,99658.2921629597
2025-03-05 13:15:00+00:00,99658.2921629597
2025-03-05 13:30:00+00:00,99658.2921629597
2025-03-05 13:45:00+00:00,99658.2921629597
2025-03-05 14:00:00+00:00,99658.2921629597
2025-03-05 14:15:00+00:00,99658.2921629597
2025-03-05 14:30:00+00:00,99658.2921629597
2025-03-05 14:45:00+00:00,99658.2921629597
2025-03-05 15:00:00+00:00,99658.2921629597
2025-03-05 15:15:00+00:00,99658.2921629597
2025-03-05 15:30:00+00:00,99658.2921629597
2025-03-05 15:45:00+00:00,99658.2921629597
2025-03-05 16:00:00+00:00,99658.2921629597
2025-03-05 16:15:00+00:00,99658.2921629597
2025-03-05 16:30:00+00:00,99658.2921629597
2025-03-05 16:45:00+00:00,99658.2921629597
2025-03-05 17:00:00+00:00,99658.2921629597
2025-03-05 17:15:00+00:00,99658.2921629597
2025-03-05 17:30:00+00:00,99658.2921629597
2025-03-05 17:45:00+00:00,99658.2921629597
2025-03-05 18:00:00+00:00,99658.2921629597
2025-03-05 18:15:00+00:00,99658.2921629597
2025-03-05 18:30:00+00:00,99658.2921629597
2025-03-05 18:45:00+00:00,99658.2921629597
2025-03-05 19:00:00+00:00,99658.2921629597
2025-03-05 19:15:00+00:00,99658.2921629597
2025-03-05 19:30:00+00:00,99658.2921629597
2025-03-05 19:45:00+00:00,99658.2921629597
2025-03-05 20:00:00+00:00,99658.2921629597
2025-03-05 20:15:00+00:00,99658.2921629597
2025-03-05 20:30:00+00:00,99658.2921629597
2025-03-05 20:45:00+00:00,99658.2921629597
2025-03-05 21:00:00+00:00,99658.2921629597
2025-03-05 21:15:00+00:00,99658.2921629597
2025-03-05 21:30:00+00:00,99658.2921629597
2025-03-05 21:45:00+00:00,99658.2921629597
2025-03-05 22:00:00+00:00,99658.2921629597
2025-03-05 22:15:00+00:00,99658.2921629597
2025-03-05 22:30:00+00:00,99658.2921629597
2025-03-05 22:45:00+00:00,99658.2921629597
2025-03-05 23:00:00+00:00,99658.2921629597
2025-03-05 23:15:00+00:00,99658.2921629597
2025-03-05 23:30:00+00:00,99658.2921629597
2025-03-05 23:45:00+00:00,99658.2921629597
2025-03-06 00:00:00+00:00,99658.2921629597
2025-03-06 00:15:00+00:00,99658.2921629597
2025-03-06 00:30:00+00:00,99658.2921629597
2025-03-06 00:45:00+00:00,99658.2921629597
2025-03-06 01:00:00+00:00,99658.2921629597
2025-03-06 01:15:00+00:00,99658.2921629597
2025-03-06 01:30:00+00:00,99658.2921629597
2025-03-06 01:45:00+00:00,99658.2921629597
2025-03-06 02:00:00+00:00,99658.2921629597
2025-03-06 02:15:00+00:00,99658.2921629597
2025-03-06 02:30:00+00:00,99658.2921629597
2025-03-06 02:45:00+00:00,99658.2921629597
2025-03-06 03:00:00+00:00,99658.2921629597
2025-03-06 03:15:00+00:00,99658.2921629597
2025-03-06 03:30:00+00:00,99658.2921629597
2025-03-06 03:45:00+00:00,99658.2921629597
2025-03-06 04:00:00+00:00,99658.2921629597
2025-03-06 04:15:00+00:00,99658.2921629597
2025-03-06 04:30:00+00:00,99658.2921629597
2025-03-06 04:45:00+00:00,99658.2921629597
2025-03-06 05:00:00+00:00,99658.2921629597
2025-03-06 05:15:00+00:00,99658.2921629597
2025-03-06 05:30:00+00:00,99658.2921629597
2025-03-06 05:45:00+00:00,99658.2921629597
2025-03-06 06:00:00+00:00,99658.2921629597
2025-03-06 06:15:00+00:00,99658.2921629597
2025-03-06 06:30:00+00:00,99658.2921629597
2025-03-06 06:45:00+00:00,99658.2921629597
2025-03-06 07:00:00+00:00,99658.2921629597
2025-03-06 07:15:00+00:00,99658.2921629597
2025-03-06 07:30:00+00:00,99658.2921629597
2025-03-06 07:45:00+00:00,99658.2921629597
2025-03-06 08:00:00+00:00,99658.2921629597
2025-03-06 08:15:00+00:00,99658.2921629597
2025-03-06 08:30:00+00:00,99658.2921629597
2025-03-06 08:45:00+00:00,99658.2921629597
2025-03-06 09:00:00+00:00,99658.2921629597
2025-03-06 09:15:00+00:00,99658.2921629597
2025-03-06 09:30:00+00:00,99658.2921629597
2025-03-06 09:45:00+00:00,99658.2921629597
2025-03-06 10:00:00+00:00,99658.2921629597
2025-03-06 10:15:00+00:00,99658.2921629597
2025-03-06 10:30:00+00:00,99658.2921629597
2025-03-06 10:45:00+00:00,99658.2921629597
2025-03-06 11:00:00+00:00,99658.2921629597
2025-03-06 11:15:00+00:00,99658.2921629597
2025-03-06 11:30:00+00:00,99658.2921629597
2025-03-06 11:45:00+00:00,99658.2921629597
2025-03-06 12:00:00+00:00,99658.2921629597
2025-03-06 12:15:00+00:00,99658.2921629597
2025-03-06 12:30:00+00:00,99658.2921629597
2025-03-06 12:45:00+00:00,99658.2921629597
2025-03-06 13:00:00+00:00,99658.2921629597
2025-03-06 13:15:00+00:00,99658.2921629597
2025-03-06 13:30:00+00:00,99658.2921629597
2025-03-06 13:45:00+00:00,99658.2921629597
2025-03-06 14:00:00+00:00,99658.2921629597
2025-03-06 14:15:00+00:00,99658.2921629597
2025-03-06 14:30:00+00:00,99658.2921629597
2025-03-06 14:45:00+00:00,99658.2921629597
2025-03-06 15:00:00+00:00,99658.2921629597
2025-03-06 15:15:00+00:00,99658.2921629597
2025-03-06 15:30:00+00:00,99658.2921629597
2025-03-06 15:45:00+00:00,99658.2921629597
2025-03-06 16:00:00+00:00,99658.2921629597
2025-03-06 16:15:00+00:00,99658.2921629597
2025-03-06 16:30:00+00:00,99658.2921629597
2025-03-06 16:45:00+00:00,99658.2921629597
2025-03-06 17:00:00+00:00,99658.2921629597
2025-03-06 17:15:00+00:00,99658.2921629597
2025-03-06 17:30:00+00:00,99658.2921629597
2025-03-06 17:45:00+00:00,99658.2921629597
2025-03-06 18:00:00+00:00,99658.2921629597
2025-03-06 18:15:00+00:00,99658.2921629597
2025-03-06 18:30:00+00:00,99658.2921629597
2025-03-06 18:45:00+00:00,99658.2921629597
2025-03-06 19:00:00+00:00,99658.2921629597
2025-03-06 19:15:00+00:00,99658.2921629597
2025-03-06 19:30:00+00:00,99658.2921629597
2025-03-06 19:45:00+00:00,99658.2921629597
2025-03-06 20:00:00+00:00,99658.2921629597
2025-03-06 20:15:00+00:00,99658.2921629597
2025-03-06 20:30:00+00:00,99658.2921629597
2025-03-06 20:45:00+00:00,99658.2921629597
2025-03-06 21:00:00+00:00,99658.2921629597
2025-03-06 21:15:00+00:00,99658.2921629597
2025-03-06 21:30:00+00:00,99658.2921629597
2025-03-06 21:45:00+00:00,99658.2921629597
2025-03-06 22:00:00+00:00,99658.2921629597
2025-03-06 22:15:00+00:00,99658.2921629597
2025-03-06 22:30:00+00:00,99658.2921629597
2025-03-06 22:45:00+00:00,99658.2921629597
2025-03-06 23:00:00+00:00,99658.2921629597
2025-03-06 23:15:00+00:00,99658.2921629597
2025-03-06 23:30:00+00:00,99658.2921629597
2025-03-06 23:45:00+00:00,99658.2921629597
2025-03-07 00:00:00+00:00,99658.2921629597
2025-03-07 00:15:00+00:00,99658.2921629597
2025-03-07 00:30:00+00:00,99658.2921629597
2025-03-07 00:45:00+00:00,99658.2921629597
2025-03-07 01:00:00+00:00,99658.2921629597
2025-03-07 01:15:00+00:00,99658.2921629597
2025-03-07 01:30:00+00:00,99658.2921629597
2025-03-07 01:45:00+00:00,99658.2921629597
2025-03-07 02:00:00+00:00,99658.2921629597
2025-03-07 02:15:00+00:00,99658.2921629597
2025-03-07 02:30:00+00:00,99658.2921629597
2025-03-07 02:45:00+00:00,99658.2921629597
2025-03-07 03:00:00+00:00,99658.2921629597
2025-03-07 03:15:00+00:00,99658.2921629597
2025-03-07 03:30:00+00:00,99658.2921629597
2025-03-07 03:45:00+00:00,99658.2921629597
2025-03-07 04:00:00+00:00,99658.2921629597
2025-03-07 04:15:00+00:00,99658.2921629597
2025-03-07 04:30:00+00:00,99658.2921629597
2025-03-07 04:45:00+00:00,99658.2921629597
2025-03-07 05:00:00+00:00,99658.2921629597
2025-03-07 05:15:00+00:00,99658.2921629597
2025-03-07 05:30:00+00:00,99658.2921629597
2025-03-07 05:45:00+00:00,99658.2921629597
2025-03-07 06:00:00+00:00,99658.2921629597
2025-03-07 06:15:00+00:00,99658.2921629597
2025-03-07 06:30:00+00:00,99658.2921629597
2025-03-07 06:45:00+00:00,99658.2921629597
2025-03-07 07:00:00+00:00,99658.2921629597
2025-03-07 07:15:00+00:00,99658.2921629597
2025-03-07 07:30:00+00:00,99658.2921629597
2025-03-07 07:45:00+00:00,99658.2921629597
2025-03-07 08:00:00+00:00,99658.2921629597
2025-03-07 08:15:00+00:00,99658.2921629597
2025-03-07 08:30:00+00:00,99658.2921629597
2025-03-07 08:45:00+00:00,99658.2921629597
2025-03-07 09:00:00+00:00,99658.2921629597
2025-03-07 09:15:00+00:00,99658.2921629597
2025-03-07 09:30:00+00:00,99658.2921629597
2025-03-07 09:45:00+00:00,99658.2921629597
2025-03-07 10:00:00+00:00,99658.2921629597
2025-03-07 10:15:00+00:00,99658.2921629597
2025-03-07 10:30:00+00:00,99658.2921629597
2025-03-07 10:45:00+00:00,99658.2921629597
2025-03-07 11:00:00+00:00,99658.2921629597
2025-03-07 11:15:00+00:00,99658.2921629597
2025-03-07 11:30:00+00:00,99658.2921629597
2025-03-07 11:45:00+00:00,99658.2921629597
2025-03-07 12:00:00+00:00,99658.2921629597
2025-03-07 12:15:00+00:00,99658.2921629597
2025-03-07 12:30:00+00:00,99658.2921629597
2025-03-07 12:45:00+00:00,99658.2921629597
2025-03-07 13:00:00+00:00,99658.2921629597
2025-03-07 13:15:00+00:00,99658.2921629597
2025-03-07 13:30:00+00:00,99658.2921629597
2025-03-07 13:45:00+00:00,99658.2921629597
2025-03-07 14:00:00+00:00,99658.2921629597
2025-03-07 14:15:00+00:00,99658.2921629597
2025-03-07 14:30:00+00:00,99658.2921629597
2025-03-07 14:45:00+00:00,99658.2921629597
2025-03-07 15:00:00+00:00,99658.2921629597
2025-03-07 15:15:00+00:00,99658.2921629597
2025-03-07 15:30:00+00:00,99658.2921629597
2025-03-07 15:45:00+00:00,99658.2921629597
2025-03-07 16:00:00+00:00,99658.2921629597
2025-03-07 16:15:00+00:00,99658.2921629597
2025-03-07 16:30:00+00:00,99658.2921629597
2025-03-07 16:45:00+00:00,99658.2921629597
2025-03-07 17:00:00+00:00,99658.2921629597
2025-03-07 17:15:00+00:00,99658.2921629597
2025-03-07 17:30:00+00:00,99658.2921629597
2025-03-07 17:45:00+00:00,99658.2921629597
2025-03-07 18:00:00+00:00,99658.2921629597
2025-03-07 18:15:00+00:00,99658.2921629597
2025-03-07 18:30:00+00:00,99658.2921629597
2025-03-07 18:45:00+00:00,99658.2921629597
2025-03-07 19:00:00+00:00,99658.2921629597
2025-03-07 19:15:00+00:00,99658.2921629597
2025-03-07 19:30:00+00:00,99658.2921629597
2025-03-07 19:45:00+00:00,99658.2921629597
2025-03-07 20:00:00+00:00,99658.2921629597
2025-03-07 20:15:00+00:00,99658.2921629597
2025-03-07 20:30:00+00:00,99658.2921629597
2025-03-07 20:45:00+00:00,99658.2921629597
2025-03-07 21:00:00+00:00,99658.2921629597
2025-03-07 21:15:00+00:00,99658.2921629597
2025-03-07 21:30:00+00:00,99658.2921629597
2025-03-07 21:45:00+00:00,99658.2921629597
2025-03-07 22:00:00+00:00,99658.2921629597
2025-03-07 22:15:00+00:00,99658.2921629597
2025-03-07 22:30:00+00:00,99658.2921629597
2025-03-07 22:45:00+00:00,99658.2921629597
2025-03-07 23:00:00+00:00,99658.2921629597
2025-03-07 23:15:00+00:00,99658.2921629597
2025-03-07 23:30:00+00:00,99658.2921629597
2025-03-07 23:45:00+00:00,99658.2921629597
2025-03-08 00:00:00+00:00,99658.2921629597
2025-03-08 00:15:00+00:00,99658.2921629597
2025-03-08 00:30:00+00:00,99658.2921629597
2025-03-08 00:45:00+00:00,99658.2921629597
2025-03-08 01:00:00+00:00,99658.2921629597
2025-03-08 01:15:00+00:00,99658.2921629597
2025-03-08 01:30:00+00:00,99658.2921629597
2025-03-08 01:45:00+00:00,99658.2921629597
2025-03-08 02:00:00+00:00,99658.2921629597
2025-03-08 02:15:00+00:00,99658.2921629597
2025-03-08 02:30:00+00:00,99658.2921629597
2025-03-08 02:45:00+00:00,99658.2921629597
2025-03-08 03:00:00+00:00,99658.2921629597
2025-03-08 03:15:00+00:00,99658.2921629597
2025-03-08 03:30:00+00:00,99658.2921629597
2025-03-08 03:45:00+00:00,99658.2921629597
2025-03-08 04:00:00+00:00,99658.2921629597
2025-03-08 04:15:00+00:00,99658.2921629597
2025-03-08 04:30:00+00:00,99658.2921629597
2025-03-08 04:45:00+00:00,99658.2921629597
2025-03-08 05:00:00+00:00,99658.2921629597
2025-03-08 05:15:00+00:00,99658.2921629597
2025-03-08 05:30:00+00:00,99658.2921629597
2025-03-08 05:45:00+00:00,99658.2921629597
2025-03-08 06:00:00+00:00,99658.2921629597
2025-03-08 06:15:00+00:00,99658.2921629597
2025-03-08 06:30:00+00:00,99658.2921629597
2025-03-08 06:45:00+00:00,99658.2921629597
2025-03-08 07:00:00+00:00,99658.2921629597
2025-03-08 07:15:00+00:00,99658.2921629597
2025-03-08 07:30:00+00:00,99658.2921629597
2025-03-08 07:45:00+00:00,99658.2921629597
2025-03-08 08:00:00+00:00,99658.2921629597
2025-03-08 08:15:00+00:00,99658.2921629597
2025-03-08 08:30:00+00:00,99658.2921629597
2025-03-08 08:45:00+00:00,99658.2921629597
2025-03-08 09:00:00+00:00,99658.2921629597
2025-03-08 09:15:00+00:00,99658.2921629597
2025-03-08 09:30:00+00:00,99658.2921629597
2025-03-08 09:45:00+00:00,99658.2921629597
2025-03-08 10:00:00+00:00,99658.2921629597
2025-03-08 10:15:00+00:00,99658.2921629597
2025-03-08 10:30:00+00:00,99658.2921629597
2025-03-08 10:45:00+00:00,99658.2921629597
2025-03-08 11:00:00+00:00,99658.2921629597
2025-03-08 11:15:00+00:00,99658.2921629597
2025-03-08 11:30:00+00:00,99658.2921629597
2025-03-08 11:45:00+00:00,99658.2921629597
2025-03-08 12:00:00+00:00,99658.2921629597
2025-03-08 12:15:00+00:00,99658.2921629597
2025-03-08 12:30:00+00:00,99658.2921629597
2025-03-08 12:45:00+00:00,99658.2921629597
2025-03-08 13:00:00+00:00,99658.2921629597
2025-03-08 13:15:00+00:00,99658.2921629597
2025-03-08 13:30:00+00:00,99658.2921629597
2025-03-08 13:45:00+00:00,99658.2921629597
2025-03-08 14:00:00+00:00,99658.2921629597
2025-03-08 14:15:00+00:00,99658.2921629597
2025-03-08 14:30:00+00:00,99658.2921629597
2025-03-08 14:45:00+00:00,99658.2921629597
2025-03-08 15:00:00+00:00,99658.2921629597
2025-03-08 15:15:00+00:00,99658.2921629597
2025-03-08 15:30:00+00:00,99658.2921629597
2025-03-08 15:45:00+00:00,99658.2921629597
2025-03-08 16:00:00+00:00,99658.2921629597
2025-03-08 16:15:00+00:00,99658.2921629597
2025-03-08 16:30:00+00:00,99658.2921629597
2025-03-08 16:45:00+00:00,99658.2921629597
2025-03-08 17:00:00+00:00,99658.2921629597
2025-03-08 17:15:00+00:00,99658.2921629597
2025-03-08 17:30:00+00:00,99658.2921629597
2025-03-08 17:45:00+00:00,99658.2921629597
2025-03-08 18:00:00+00:00,99658.2921629597
2025-03-08 18:15:00+00:00,99658.2921629597
2025-03-08 18:30:00+00:00,99658.2921629597
2025-03-08 18:45:00+00:00,99658.2921629597
2025-03-08 19:00:00+00:00,99658.2921629597
2025-03-08 19:15:00+00:00,99658.2921629597
2025-03-08 19:30:00+00:00,99658.2921629597
2025-03-08 19:45:00+00:00,99658.2921629597
2025-03-08 20:00:00+00:00,99658.2921629597
2025-03-08 20:15:00+00:00,99658.2921629597
2025-03-08 20:30:00+00:00,99658.2921629597
2025-03-08 20:45:00+00:00,99658.2921629597
2025-03-08 21:00:00+00:00,99658.2921629597
2025-03-08 21:15:00+00:00,99658.2921629597
2025-03-08 21:30:00+00:00,99658.2921629597
2025-03-08 21:45:00+00:00,99658.2921629597
2025-03-08 22:00:00+00:00,99658.2921629597
2025-03-08 22:15:00+00:00,99658.2921629597
2025-03-08 22:30:00+00:00,99658.2921629597
2025-03-08 22:45:00+00:00,99658.2921629597
2025-03-08 23:00:00+00:00,99658.2921629597
2025-03-08 23:15:00+00:00,99658.2921629597
2025-03-08 23:30:00+00:00,99658.2921629597
2025-03-08 23:45:00+00:00,99658.2921629597
2025-03-09 00:00:00+00:00,99658.2921629597
2025-03-09 00:15:00+00:00,99656.94123082088
2025-03-09 00:30:00+00:00,99658.31099471626
2025-03-09 00:45:00+00:00,99656.66079502727
2025-03-09 01:00:00+00:00,99656.3383551589
2025-03-09 01:15:00+00:00,99658.71790401074
2025-03-09 01:30:00+00:00,99659.5639338022
2025-03-09 01:45:00+00:00,99657.21971417607
2025-03-09 02:00:00+00:00,99657.21971417607
2025-03-09 02:15:00+00:00,99657.21971417607
2025-03-09 02:30:00+00:00,99657.21971417607
2025-03-09 02:45:00+00:00,99657.21971417607
2025-03-09 03:00:00+00:00,99657.21971417607
2025-03-09 03:15:00+00:00,99657.21971417607
2025-03-09 03:30:00+00:00,99657.21971417607
2025-03-09 03:45:00+00:00,99657.21971417607
2025-03-09 04:00:00+00:00,99657.21971417607
2025-03-09 04:15:00+00:00,99657.21971417607
2025-03-09 04:30:00+00:00,99657.21971417607
2025-03-09 04:45:00+00:00,99657.21971417607
2025-03-09 05:00:00+00:00,99657.21971417607
2025-03-09 05:15:00+00:00,99657.21971417607
2025-03-09 05:30:00+00:00,99657.21971417607
2025-03-09 05:45:00+00:00,99657.21971417607
2025-03-09 06:00:00+00:00,99657.21971417607
2025-03-09 06:15:00+00:00,99657.21971417607
2025-03-09 06:30:00+00:00,99657.21971417607
2025-03-09 06:45:00+00:00,99657.21971417607
2025-03-09 07:00:00+00:00,99657.21971417607
2025-03-09 07:15:00+00:00,99657.21971417607
2025-03-09 07:30:00+00:00,99657.21971417607
2025-03-09 07:45:00+00:00,99657.21971417607
2025-03-09 08:00:00+00:00,99657.21971417607
2025-03-09 08:15:00+00:00,99657.21971417607
2025-03-09 08:30:00+00:00,99657.21971417607
2025-03-09 08:45:00+00:00,99657.21971417607
2025-03-09 09:00:00+00:00,99657.21971417607
2025-03-09 09:15:00+00:00,99657.21971417607
2025-03-09 09:30:00+00:00,99657.21971417607
2025-03-09 09:45:00+00:00,99657.21971417607
2025-03-09 10:00:00+00:00,99657.21971417607
2025-03-09 10:15:00+00:00,99657.21971417607
2025-03-09 10:30:00+00:00,99657.21971417607
2025-03-09 10:45:00+00:00,99657.21971417607
2025-03-09 11:00:00+00:00,99657.21971417607
2025-03-09 11:15:00+00:00,99657.21971417607
2025-03-09 11:30:00+00:00,99657.21971417607
2025-03-09 11:45:00+00:00,99657.21971417607
2025-03-09 12:00:00+00:00,99657.21971417607
2025-03-09 12:15:00+00:00,99657.21971417607
2025-03-09 12:30:00+00:00,99657.21971417607
2025-03-09 12:45:00+00:00,99657.21971417607
2025-03-09 13:00:00+00:00,99657.21971417607
2025-03-09 13:15:00+00:00,99657.21971417607
2025-03-09 13:30:00+00:00,99657.21971417607
2025-03-09 13:45:00+00:00,99657.21971417607
2025-03-09 14:00:00+00:00,99657.21971417607
2025-03-09 14:15:00+00:00,99657.21971417607
2025-03-09 14:30:00+00:00,99657.21971417607
2025-03-09 14:45:00+00:00,99657.21971417607
2025-03-09 15:00:00+00:00,99657.21971417607
2025-03-09 15:15:00+00:00,99657.21971417607
2025-03-09 15:30:00+00:00,99657.21971417607
2025-03-09 15:45:00+00:00,99657.21971417607
2025-03-09 16:00:00+00:00,99657.21971417607
2025-03-09 16:15:00+00:00,99657.21971417607
2025-03-09 16:30:00+00:00,99657.21971417607
2025-03-09 16:45:00+00:00,99657.21971417607
2025-03-09 17:00:00+00:00,99657.21971417607
2025-03-09 17:15:00+00:00,99657.21971417607
2025-03-09 17:30:00+00:00,99657.21971417607
2025-03-09 17:45:00+00:00,99657.21971417607
2025-03-09 18:00:00+00:00,99657.21971417607
2025-03-09 18:15:00+00:00,99657.21971417607
2025-03-09 18:30:00+00:00,99657.21971417607
2025-03-09 18:45:00+00:00,99657.21971417607
2025-03-09 19:00:00+00:00,99657.21971417607
2025-03-09 19:15:00+00:00,99657.21971417607
2025-03-09 19:30:00+00:00,99657.21971417607
2025-03-09 19:45:00+00:00,99657.21971417607
2025-03-09 20:00:00+00:00,99657.21971417607
2025-03-09 20:15:00+00:00,99657.21971417607
2025-03-09 20:30:00+00:00,99657.21971417607
2025-03-09 20:45:00+00:00,99657.21971417607
2025-03-09 21:00:00+00:00,99657.21971417607
2025-03-09 21:15:00+00:00,99647.47363027013
2025-03-09 21:30:00+00:00,99650.06454734712
2025-03-09 21:45:00+00:00,99632.27813467602
2025-03-09 22:00:00+00:00,99632.27813467602
2025-03-09 22:15:00+00:00,99632.27813467602
2025-03-09 22:30:00+00:00,99632.27813467602
2025-03-09 22:45:00+00:00,99632.27813467602
2025-03-09 23:00:00+00:00,99632.27813467602
2025-03-09 23:15:00+00:00,99632.27813467602
2025-03-09 23:30:00+00:00,99632.27813467602
2025-03-09 23:45:00+00:00,99632.27813467602
2025-03-10 00:00:00+00:00,99632.27813467602
2025-03-10 00:15:00+00:00,99632.27813467602
2025-03-10 00:30:00+00:00,99632.27813467602
2025-03-10 00:45:00+00:00,99632.27813467602
2025-03-10 01:00:00+00:00,99632.27813467602
2025-03-10 01:15:00+00:00,99632.27813467602
2025-03-10 01:30:00+00:00,99632.27813467602
2025-03-10 01:45:00+00:00,99632.27813467602
2025-03-10 02:00:00+00:00,99632.27813467602
2025-03-10 02:15:00+00:00,99632.27813467602
2025-03-10 02:30:00+00:00,99632.27813467602
2025-03-10 02:45:00+00:00,99632.27813467602
2025-03-10 03:00:00+00:00,99632.27813467602
2025-03-10 03:15:00+00:00,99632.27813467602
2025-03-10 03:30:00+00:00,99632.27813467602
2025-03-10 03:45:00+00:00,99632.27813467602
2025-03-10 04:00:00+00:00,99632.27813467602
2025-03-10 04:15:00+00:00,99632.27813467602
2025-03-10 04:30:00+00:00,99632.27813467602
2025-03-10 04:45:00+00:00,99632.27813467602
2025-03-10 05:00:00+00:00,99632.27813467602
2025-03-10 05:15:00+00:00,99632.27813467602
2025-03-10 05:30:00+00:00,99632.27813467602
2025-03-10 05:45:00+00:00,99632.27813467602
2025-03-10 06:00:00+00:00,99632.27813467602
2025-03-10 06:15:00+00:00,99632.27813467602
2025-03-10 06:30:00+00:00,99632.27813467602
2025-03-10 06:45:00+00:00,99632.27813467602
2025-03-10 07:00:00+00:00,99632.27813467602
2025-03-10 07:15:00+00:00,99632.27813467602
2025-03-10 07:30:00+00:00,99632.27813467602
2025-03-10 07:45:00+00:00,99632.27813467602
2025-03-10 08:00:00+00:00,99632.27813467602
2025-03-10 08:15:00+00:00,99632.27813467602
2025-03-10 08:30:00+00:00,99632.27813467602
2025-03-10 08:45:00+00:00,99632.27813467602
2025-03-10 09:00:00+00:00,99632.27813467602
2025-03-10 09:15:00+00:00,99632.27813467602
2025-03-10 09:30:00+00:00,99632.27813467602
2025-03-10 09:45:00+00:00,99632.27813467602
2025-03-10 10:00:00+00:00,99632.27813467602
2025-03-10 10:15:00+00:00,99632.27813467602
2025-03-10 10:30:00+00:00,99632.27813467602
2025-03-10 10:45:00+00:00,99632.27813467602
2025-03-10 11:00:00+00:00,99632.27813467602
2025-03-10 11:15:00+00:00,99632.27813467602
2025-03-10 11:30:00+00:00,99632.27813467602
2025-03-10 11:45:00+00:00,99632.27813467602
2025-03-10 12:00:00+00:00,99632.27813467602
2025-03-10 12:15:00+00:00,99638.48082886952
2025-03-10 12:30:00+00:00,99632.51787842916
2025-03-10 12:45:00+00:00,99630.8574309182
2025-03-10 13:00:00+00:00,99635.70265176293
2025-03-10 13:15:00+00:00,99641.2473930929
2025-03-10 13:30:00+00:00,99645.21831816505
2025-03-10 13:45:00+00:00,99645.21831816505
2025-03-10 14:00:00+00:00,99645.21831816505
2025-03-10 14:15:00+00:00,99645.21831816505
2025-03-10 14:30:00+00:00,99645.21831816505
2025-03-10 14:45:00+00:00,99645.21831816505
2025-03-10 15:00:00+00:00,99645.21831816505
2025-03-10 15:15:00+00:00,99645.21831816505
2025-03-10 15:30:00+00:00,99645.21831816505
2025-03-10 15:45:00+00:00,99645.21831816505
2025-03-10 16:00:00+00:00,99645.21831816505
2025-03-10 16:15:00+00:00,99645.21831816505
2025-03-10 16:30:00+00:00,99645.21831816505
2025-03-10 16:45:00+00:00,99645.21831816505
2025-03-10 17:00:00+00:00,99645.21831816505
2025-03-10 17:15:00+00:00,99645.21831816505
2025-03-10 17:30:00+00:00,99645.21831816505
2025-03-10 17:45:00+00:00,99645.21831816505
2025-03-10 18:00:00+00:00,99645.21831816505
2025-03-10 18:15:00+00:00,99645.21831816505
2025-03-10 18:30:00+00:00,99645.21831816505
2025-03-10 18:45:00+00:00,99645.21831816505
2025-03-10 19:00:00+00:00,99645.21831816505
2025-03-10 19:15:00+00:00,99645.21831816505
2025-03-10 19:30:00+00:00,99645.21831816505
2025-03-10 19:45:00+00:00,99645.21831816505
2025-03-10 20:00:00+00:00,99645.21831816505
2025-03-10 20:15:00+00:00,99645.21831816505
2025-03-10 20:30:00+00:00,99645.21831816505
2025-03-10 20:45:00+00:00,99645.21831816505
2025-03-10 21:00:00+00:00,99645.21831816505
2025-03-10 21:15:00+00:00,99645.21831816505
2025-03-10 21:30:00+00:00,99645.21831816505
2025-03-10 21:45:00+00:00,99645.21831816505
2025-03-10 22:00:00+00:00,99645.21831816505
2025-03-10 22:15:00+00:00,99645.21831816505
2025-03-10 22:30:00+00:00,99645.21831816505
2025-03-10 22:45:00+00:00,99645.21831816505
2025-03-10 23:00:00+00:00,99645.21831816505
2025-03-10 23:15:00+00:00,99645.21831816505
2025-03-10 23:30:00+00:00,99645.21831816505
2025-03-10 23:45:00+00:00,99645.21831816505
2025-03-11 00:00:00+00:00,99645.21831816505
2025-03-11 00:15:00+00:00,99645.21831816505
2025-03-11 00:30:00+00:00,99645.21831816505
2025-03-11 00:45:00+00:00,99645.21831816505
2025-03-11 01:00:00+00:00,99645.21831816505
2025-03-11 01:15:00+00:00,99645.21831816505
2025-03-11 01:30:00+00:00,99645.21831816505
2025-03-11 01:45:00+00:00,99645.21831816505
2025-03-11 02:00:00+00:00,99645.21831816505
2025-03-11 02:15:00+00:00,99645.21831816505
2025-03-11 02:30:00+00:00,99645.21831816505
2025-03-11 02:45:00+00:00,99645.21831816505
2025-03-11 03:00:00+00:00,99645.21831816505
2025-03-11 03:15:00+00:00,99645.21831816505
2025-03-11 03:30:00+00:00,99645.21831816505
2025-03-11 03:45:00+00:00,99645.21831816505
2025-03-11 04:00:00+00:00,99645.21831816505
2025-03-11 04:15:00+00:00,99645.21831816505
2025-03-11 04:30:00+00:00,99645.21831816505
2025-03-11 04:45:00+00:00,99645.21831816505
2025-03-11 05:00:00+00:00,99645.21831816505
2025-03-11 05:15:00+00:00,99645.21831816505
2025-03-11 05:30:00+00:00,99645.21831816505
2025-03-11 05:45:00+00:00,99645.21831816505
2025-03-11 06:00:00+00:00,99645.21831816505
2025-03-11 06:15:00+00:00,99645.21831816505
2025-03-11 06:30:00+00:00,99645.21831816505
2025-03-11 06:45:00+00:00,99645.21831816505
2025-03-11 07:00:00+00:00,99645.21831816505
2025-03-11 07:15:00+00:00,99645.21831816505
2025-03-11 07:30:00+00:00,99645.21831816505
2025-03-11 07:45:00+00:00,99645.21831816505
2025-03-11 08:00:00+00:00,99645.21831816505
2025-03-11 08:15:00+00:00,99645.21831816505
2025-03-11 08:30:00+00:00,99645.21831816505
2025-03-11 08:45:00+00:00,99645.21831816505
2025-03-11 09:00:00+00:00,99645.21831816505
2025-03-11 09:15:00+00:00,99645.21831816505
2025-03-11 09:30:00+00:00,99645.21831816505
2025-03-11 09:45:00+00:00,99645.21831816505
2025-03-11 10:00:00+00:00,99645.21831816505
2025-03-11 10:15:00+00:00,99645.21831816505
2025-03-11 10:30:00+00:00,99645.21831816505
2025-03-11 10:45:00+00:00,99645.21831816505
2025-03-11 11:00:00+00:00,99645.21831816505
2025-03-11 11:15:00+00:00,99645.21831816505
2025-03-11 11:30:00+00:00,99645.21831816505
2025-03-11 11:45:00+00:00,99645.21831816505
2025-03-11 12:00:00+00:00,99645.21831816505
2025-03-11 12:15:00+00:00,99645.21831816505
2025-03-11 12:30:00+00:00,99645.21831816505
2025-03-11 12:45:00+00:00,99645.21831816505
2025-03-11 13:00:00+00:00,99645.21831816505
2025-03-11 13:15:00+00:00,99645.21831816505
2025-03-11 13:30:00+00:00,99645.21831816505
2025-03-11 13:45:00+00:00,99645.21831816505
2025-03-11 14:00:00+00:00,99645.21831816505
2025-03-11 14:15:00+00:00,99645.21831816505
2025-03-11 14:30:00+00:00,99645.21831816505
2025-03-11 14:45:00+00:00,99645.21831816505
2025-03-11 15:00:00+00:00,99645.21831816505
2025-03-11 15:15:00+00:00,99645.21831816505
2025-03-11 15:30:00+00:00,99645.21831816505
2025-03-11 15:45:00+00:00,99645.21831816505
2025-03-11 16:00:00+00:00,99645.21831816505
2025-03-11 16:15:00+00:00,99645.21831816505
2025-03-11 16:30:00+00:00,99645.21831816505
2025-03-11 16:45:00+00:00,99645.21831816505
2025-03-11 17:00:00+00:00,99645.21831816505
2025-03-11 17:15:00+00:00,99645.21831816505
2025-03-11 17:30:00+00:00,99645.21831816505
2025-03-11 17:45:00+00:00,99645.21831816505
2025-03-11 18:00:00+00:00,99645.21831816505
2025-03-11 18:15:00+00:00,99645.21831816505
2025-03-11 18:30:00+00:00,99645.21831816505
2025-03-11 18:45:00+00:00,99645.21831816505
2025-03-11 19:00:00+00:00,99645.21831816505
2025-03-11 19:15:00+00:00,99645.21831816505
2025-03-11 19:30:00+00:00,99645.21831816505
2025-03-11 19:45:00+00:00,99645.21831816505
2025-03-11 20:00:00+00:00,99645.21831816505
2025-03-11 20:15:00+00:00,99648.92748468435
2025-03-11 20:30:00+00:00,99643.70457273052
2025-03-11 20:45:00+00:00,99645.97218208786
2025-03-11 21:00:00+00:00,99641.20016858254
2025-03-11 21:15:00+00:00,99638.4831403047
2025-03-11 21:30:00+00:00,99642.4168324353
2025-03-11 21:45:00+00:00,99640.35107379795
2025-03-11 22:00:00+00:00,99638.17023863469
2025-03-11 22:15:00+00:00,99627.82801115286
2025-03-11 22:30:00+00:00,99627.82801115286
2025-03-11 22:45:00+00:00,99627.82801115286
2025-03-11 23:00:00+00:00,99627.82801115286
2025-03-11 23:15:00+00:00,99627.82801115286
2025-03-11 23:30:00+00:00,99627.82801115286
2025-03-11 23:45:00+00:00,99627.82801115286
2025-03-12 00:00:00+00:00,99627.82801115286
2025-03-12 00:15:00+00:00,99627.82801115286
2025-03-12 00:30:00+00:00,99627.82801115286
2025-03-12 00:45:00+00:00,99627.82801115286
2025-03-12 01:00:00+00:00,99627.82801115286
2025-03-12 01:15:00+00:00,99627.82801115286
2025-03-12 01:30:00+00:00,99627.82801115286
2025-03-12 01:45:00+00:00,99627.82801115286
2025-03-12 02:00:00+00:00,99627.82801115286
2025-03-12 02:15:00+00:00,99627.82801115286
2025-03-12 02:30:00+00:00,99627.82801115286
2025-03-12 02:45:00+00:00,99627.82801115286
2025-03-12 03:00:00+00:00,99627.82801115286
2025-03-12 03:15:00+00:00,99627.82801115286
2025-03-12 03:30:00+00:00,99627.82801115286
2025-03-12 03:45:00+00:00,99627.82801115286
2025-03-12 04:00:00+00:00,99627.82801115286
2025-03-12 04:15:00+00:00,99627.82801115286
2025-03-12 04:30:00+00:00,99627.82801115286
2025-03-12 04:45:00+00:00,99627.82801115286
2025-03-12 05:00:00+00:00,99627.82801115286
2025-03-12 05:15:00+00:00,99627.82801115286
2025-03-12 05:30:00+00:00,99627.82801115286
2025-03-12 05:45:00+00:00,99627.82801115286
2025-03-12 06:00:00+00:00,99627.82801115286
2025-03-12 06:15:00+00:00,99627.82801115286
2025-03-12 06:30:00+00:00,99627.82801115286
2025-03-12 06:45:00+00:00,99627.82801115286
2025-03-12 07:00:00+00:00,99627.82801115286
2025-03-12 07:15:00+00:00,99627.82801115286
2025-03-12 07:30:00+00:00,99627.82801115286
2025-03-12 07:45:00+00:00,99627.82801115286
2025-03-12 08:00:00+00:00,99627.82801115286
2025-03-12 08:15:00+00:00,99627.82801115286
2025-03-12 08:30:00+00:00,99627.82801115286
2025-03-12 08:45:00+00:00,99627.82801115286
2025-03-12 09:00:00+00:00,99627.82801115286
2025-03-12 09:15:00+00:00,99627.82801115286
2025-03-12 09:30:00+00:00,99627.82801115286
2025-03-12 09:45:00+00:00,99627.82801115286
2025-03-12 10:00:00+00:00,99627.82801115286
2025-03-12 10:15:00+00:00,99627.82801115286
2025-03-12 10:30:00+00:00,99627.82801115286
2025-03-12 10:45:00+00:00,99627.82801115286
2025-03-12 11:00:00+00:00,99627.82801115286
2025-03-12 11:15:00+00:00,99627.82801115286
2025-03-12 11:30:00+00:00,99627.82801115286
2025-03-12 11:45:00+00:00,99627.82801115286
2025-03-12 12:00:00+00:00,99627.82801115286
2025-03-12 12:15:00+00:00,99627.82801115286
2025-03-12 12:30:00+00:00,99627.82801115286
2025-03-12 12:45:00+00:00,99627.82801115286
2025-03-12 13:00:00+00:00,99627.82801115286
2025-03-12 13:15:00+00:00,99627.82801115286
2025-03-12 13:30:00+00:00,99627.82801115286
2025-03-12 13:45:00+00:00,99627.82801115286
2025-03-12 14:00:00+00:00,99627.82801115286
2025-03-12 14:15:00+00:00,99627.82801115286
2025-03-12 14:30:00+00:00,99627.82801115286
2025-03-12 14:45:00+00:00,99627.82801115286
2025-03-12 15:00:00+00:00,99627.82801115286
2025-03-12 15:15:00+00:00,99627.82801115286
2025-03-12 15:30:00+00:00,99627.82801115286
2025-03-12 15:45:00+00:00,99627.82801115286
2025-03-12 16:00:00+00:00,99627.82801115286
2025-03-12 16:15:00+00:00,99627.82801115286
2025-03-12 16:30:00+00:00,99627.82801115286
2025-03-12 16:45:00+00:00,99627.82801115286
2025-03-12 17:00:00+00:00,99627.82801115286
2025-03-12 17:15:00+00:00,99627.82801115286
2025-03-12 17:30:00+00:00,99627.82801115286
2025-03-12 17:45:00+00:00,99627.82801115286
2025-03-12 18:00:00+00:00,99627.82801115286
2025-03-12 18:15:00+00:00,99627.82801115286
2025-03-12 18:30:00+00:00,99627.82801115286
2025-03-12 18:45:00+00:00,99627.82801115286
2025-03-12 19:00:00+00:00,99627.82801115286
2025-03-12 19:15:00+00:00,99627.82801115286
2025-03-12 19:30:00+00:00,99627.82801115286
2025-03-12 19:45:00+00:00,99627.82801115286
2025-03-12 20:00:00+00:00,99627.82801115286
2025-03-12 20:15:00+00:00,99627.82801115286
2025-03-12 20:30:00+00:00,99627.82801115286
2025-03-12 20:45:00+00:00,99627.82801115286
2025-03-12 21:00:00+00:00,99627.82801115286
2025-03-12 21:15:00+00:00,99627.82801115286
2025-03-12 21:30:00+00:00,99627.82801115286
2025-03-12 21:45:00+00:00,99627.82801115286
2025-03-12 22:00:00+00:00,99627.82801115286
2025-03-12 22:15:00+00:00,99627.82801115286
2025-03-12 22:30:00+00:00,99627.82801115286
2025-03-12 22:45:00+00:00,99627.82801115286
2025-03-12 23:00:00+00:00,99627.82801115286
2025-03-12 23:15:00+00:00,99627.82801115286
2025-03-12 23:30:00+00:00,99627.82801115286
2025-03-12 23:45:00+00:00,99627.82801115286
2025-03-13 00:00:00+00:00,99627.82801115286
2025-03-13 00:15:00+00:00,99627.82801115286
2025-03-13 00:30:00+00:00,99627.82801115286
2025-03-13 00:45:00+00:00,99627.82801115286
2025-03-13 01:00:00+00:00,99627.82801115286
2025-03-13 01:15:00+00:00,99627.82801115286
2025-03-13 01:30:00+00:00,99627.82801115286
2025-03-13 01:45:00+00:00,99627.82801115286
2025-03-13 02:00:00+00:00,99627.82801115286
2025-03-13 02:15:00+00:00,99627.82801115286
2025-03-13 02:30:00+00:00,99627.82801115286
2025-03-13 02:45:00+00:00,99627.82801115286
2025-03-13 03:00:00+00:00,99627.82801115286
2025-03-13 03:15:00+00:00,99627.82801115286
2025-03-13 03:30:00+00:00,99627.82801115286
2025-03-13 03:45:00+00:00,99627.82801115286
2025-03-13 04:00:00+00:00,99627.82801115286
2025-03-13 04:15:00+00:00,99627.82801115286
2025-03-13 04:30:00+00:00,99627.82801115286
2025-03-13 04:45:00+00:00,99627.82801115286
2025-03-13 05:00:00+00:00,99627.82801115286
2025-03-13 05:15:00+00:00,99627.82801115286
2025-03-13 05:30:00+00:00,99627.82801115286
2025-03-13 05:45:00+00:00,99627.82801115286
2025-03-13 06:00:00+00:00,99627.82801115286
2025-03-13 06:15:00+00:00,99627.82801115286
2025-03-13 06:30:00+00:00,99627.82801115286
2025-03-13 06:45:00+00:00,99627.82801115286
2025-03-13 07:00:00+00:00,99627.82801115286
2025-03-13 07:15:00+00:00,99627.82801115286
2025-03-13 07:30:00+00:00,99627.82801115286
2025-03-13 07:45:00+00:00,99627.82801115286
2025-03-13 08:00:00+00:00,99627.82801115286
2025-03-13 08:15:00+00:00,99627.82801115286
2025-03-13 08:30:00+00:00,99627.82801115286
2025-03-13 08:45:00+00:00,99627.82801115286
2025-03-13 09:00:00+00:00,99627.82801115286
2025-03-13 09:15:00+00:00,99627.82801115286
2025-03-13 09:30:00+00:00,99627.82801115286
2025-03-13 09:45:00+00:00,99627.82801115286
2025-03-13 10:00:00+00:00,99627.82801115286
2025-03-13 10:15:00+00:00,99627.82801115286
2025-03-13 10:30:00+00:00,99627.82801115286
2025-03-13 10:45:00+00:00,99627.82801115286
2025-03-13 11:00:00+00:00,99627.82801115286
2025-03-13 11:15:00+00:00,99627.82801115286
2025-03-13 11:30:00+00:00,99627.82801115286
2025-03-13 11:45:00+00:00,99627.82801115286
2025-03-13 12:00:00+00:00,99627.82801115286
2025-03-13 12:15:00+00:00,99627.82801115286
2025-03-13 12:30:00+00:00,99622.97961710961
2025-03-13 12:45:00+00:00,99604.86959293991
2025-03-13 13:00:00+00:00,99604.86959293991
2025-03-13 13:15:00+00:00,99604.86959293991
2025-03-13 13:30:00+00:00,99604.86959293991
2025-03-13 13:45:00+00:00,99604.86959293991
2025-03-13 14:00:00+00:00,99604.86959293991
2025-03-13 14:15:00+00:00,99604.86959293991
2025-03-13 14:30:00+00:00,99604.86959293991
2025-03-13 14:45:00+00:00,99604.86959293991
2025-03-13 15:00:00+00:00,99604.86959293991
2025-03-13 15:15:00+00:00,99604.86959293991
2025-03-13 15:30:00+00:00,99604.86959293991
2025-03-13 15:45:00+00:00,99604.86959293991
2025-03-13 16:00:00+00:00,99604.86959293991
2025-03-13 16:15:00+00:00,99604.83323315905
2025-03-13 16:30:00+00:00,99606.18799046364
2025-03-13 16:45:00+00:00,99603.51298051633
2025-03-13 17:00:00+00:00,99598.12524461414
2025-03-13 17:15:00+00:00,99583.38355196285
2025-03-13 17:30:00+00:00,99583.38355196285
2025-03-13 17:45:00+00:00,99583.38355196285
2025-03-13 18:00:00+00:00,99583.38355196285
2025-03-13 18:15:00+00:00,99583.38355196285
2025-03-13 18:30:00+00:00,99583.38355196285
2025-03-13 18:45:00+00:00,99583.38355196285
2025-03-13 19:00:00+00:00,99583.38355196285
2025-03-13 19:15:00+00:00,99583.38355196285
2025-03-13 19:30:00+00:00,99583.38355196285
2025-03-13 19:45:00+00:00,99583.38355196285
2025-03-13 20:00:00+00:00,99583.38355196285
2025-03-13 20:15:00+00:00,99583.38355196285
2025-03-13 20:30:00+00:00,99583.38355196285
2025-03-13 20:45:00+00:00,99583.38355196285
2025-03-13 21:00:00+00:00,99583.38355196285
2025-03-13 21:15:00+00:00,99583.38355196285
2025-03-13 21:30:00+00:00,99583.38355196285
2025-03-13 21:45:00+00:00,99583.38355196285
2025-03-13 22:00:00+00:00,99583.38355196285
2025-03-13 22:15:00+00:00,99583.38355196285
2025-03-13 22:30:00+00:00,99583.38355196285
2025-03-13 22:45:00+00:00,99583.38355196285
2025-03-13 23:00:00+00:00,99583.38355196285
2025-03-13 23:15:00+00:00,99583.38355196285
2025-03-13 23:30:00+00:00,99583.38355196285
2025-03-13 23:45:00+00:00,99583.38355196285
2025-03-14 00:00:00+00:00,99583.38355196285
2025-03-14 00:15:00+00:00,99583.38355196285
2025-03-14 00:30:00+00:00,99583.38355196285
2025-03-14 00:45:00+00:00,99583.38355196285
2025-03-14 01:00:00+00:00,99583.38355196285
2025-03-14 01:15:00+00:00,99583.38355196285
2025-03-14 01:30:00+00:00,99583.38355196285
2025-03-14 01:45:00+00:00,99583.38355196285
2025-03-14 02:00:00+00:00,99583.38355196285
2025-03-14 02:15:00+00:00,99583.38355196285
2025-03-14 02:30:00+00:00,99583.38355196285
2025-03-14 02:45:00+00:00,99583.38355196285
2025-03-14 03:00:00+00:00,99583.38355196285
2025-03-14 03:15:00+00:00,99583.38355196285
2025-03-14 03:30:00+00:00,99583.38355196285
2025-03-14 03:45:00+00:00,99583.38355196285
2025-03-14 04:00:00+00:00,99583.38355196285
2025-03-14 04:15:00+00:00,99583.38355196285
2025-03-14 04:30:00+00:00,99583.38355196285
2025-03-14 04:45:00+00:00,99583.38355196285
2025-03-14 05:00:00+00:00,99583.38355196285
2025-03-14 05:15:00+00:00,99583.38355196285
2025-03-14 05:30:00+00:00,99583.38355196285
2025-03-14 05:45:00+00:00,99583.38355196285
2025-03-14 06:00:00+00:00,99583.38355196285
2025-03-14 06:15:00+00:00,99583.38355196285
2025-03-14 06:30:00+00:00,99583.38355196285
2025-03-14 06:45:00+00:00,99583.38355196285
2025-03-14 07:00:00+00:00,99583.38355196285
2025-03-14 07:15:00+00:00,99583.38355196285
2025-03-14 07:30:00+00:00,99583.38355196285
2025-03-14 07:45:00+00:00,99583.38355196285
2025-03-14 08:00:00+00:00,99583.38355196285
2025-03-14 08:15:00+00:00,99583.38355196285
2025-03-14 08:30:00+00:00,99583.38355196285
2025-03-14 08:45:00+00:00,99583.38355196285
2025-03-14 09:00:00+00:00,99583.38355196285
2025-03-14 09:15:00+00:00,99583.38355196285
2025-03-14 09:30:00+00:00,99583.38355196285
2025-03-14 09:45:00+00:00,99583.38355196285
2025-03-14 10:00:00+00:00,99583.38355196285
2025-03-14 10:15:00+00:00,99583.38355196285
2025-03-14 10:30:00+00:00,99583.38355196285
2025-03-14 10:45:00+00:00,99583.38355196285
2025-03-14 11:00:00+00:00,99583.38355196285
2025-03-14 11:15:00+00:00,99583.38355196285
2025-03-14 11:30:00+00:00,99583.38355196285
2025-03-14 11:45:00+00:00,99583.38355196285
2025-03-14 12:00:00+00:00,99583.38355196285
2025-03-14 12:15:00+00:00,99583.34271683538
2025-03-14 12:30:00+00:00,99585.7315055088
2025-03-14 12:45:00+00:00,99580.92113049548
2025-03-14 13:00:00+00:00,99580.92113049548
2025-03-14 13:15:00+00:00,99580.92113049548
2025-03-14 13:30:00+00:00,99580.92113049548
2025-03-14 13:45:00+00:00,99580.92113049548
2025-03-14 14:00:00+00:00,99580.92113049548
2025-03-14 14:15:00+00:00,99580.92113049548
2025-03-14 14:30:00+00:00,99580.92113049548
2025-03-14 14:45:00+00:00,99580.92113049548
2025-03-14 15:00:00+00:00,99580.92113049548
2025-03-14 15:15:00+00:00,99580.92113049548
2025-03-14 15:30:00+00:00,99580.92113049548
2025-03-14 15:45:00+00:00,99580.92113049548
2025-03-14 16:00:00+00:00,99580.92113049548
2025-03-14 16:15:00+00:00,99580.92113049548
2025-03-14 16:30:00+00:00,99580.92113049548
2025-03-14 16:45:00+00:00,99580.92113049548
2025-03-14 17:00:00+00:00,99580.92113049548
2025-03-14 17:15:00+00:00,99580.92113049548
2025-03-14 17:30:00+00:00,99580.92113049548
2025-03-14 17:45:00+00:00,99580.92113049548
2025-03-14 18:00:00+00:00,99580.92113049548
2025-03-14 18:15:00+00:00,99580.92113049548
2025-03-14 18:30:00+00:00,99580.92113049548
2025-03-14 18:45:00+00:00,99580.92113049548
2025-03-14 19:00:00+00:00,99580.92113049548
2025-03-14 19:15:00+00:00,99580.92113049548
2025-03-14 19:30:00+00:00,99580.92113049548
2025-03-14 19:45:00+00:00,99580.92113049548
2025-03-14 20:00:00+00:00,99580.92113049548
2025-03-14 20:15:00+00:00,99580.92113049548
2025-03-14 20:30:00+00:00,99580.92113049548
2025-03-14 20:45:00+00:00,99580.92113049548
2025-03-14 21:00:00+00:00,99580.92113049548
2025-03-14 21:15:00+00:00,99580.92113049548
2025-03-14 21:30:00+00:00,99580.92113049548
2025-03-14 21:45:00+00:00,99580.92113049548
2025-03-14 22:00:00+00:00,99580.92113049548
2025-03-14 22:15:00+00:00,99580.92113049548
2025-03-14 22:30:00+00:00,99580.92113049548
2025-03-14 22:45:00+00:00,99580.92113049548
2025-03-14 23:00:00+00:00,99580.92113049548
2025-03-14 23:15:00+00:00,99580.92113049548
2025-03-14 23:30:00+00:00,99580.92113049548
2025-03-14 23:45:00+00:00,99580.92113049548
2025-03-15 00:00:00+00:00,99580.92113049548
2025-03-15 00:15:00+00:00,99580.92113049548
2025-03-15 00:30:00+00:00,99580.92113049548
2025-03-15 00:45:00+00:00,99580.92113049548
2025-03-15 01:00:00+00:00,99580.92113049548
2025-03-15 01:15:00+00:00,99580.92113049548
2025-03-15 01:30:00+00:00,99580.92113049548
2025-03-15 01:45:00+00:00,99580.92113049548
2025-03-15 02:00:00+00:00,99580.92113049548
2025-03-15 02:15:00+00:00,99580.92113049548
2025-03-15 02:30:00+00:00,99580.92113049548
2025-03-15 02:45:00+00:00,99580.92113049548
2025-03-15 03:00:00+00:00,99580.92113049548
2025-03-15 03:15:00+00:00,99580.92113049548
2025-03-15 03:30:00+00:00,99580.92113049548
2025-03-15 03:45:00+00:00,99580.92113049548
2025-03-15 04:00:00+00:00,99580.92113049548
2025-03-15 04:15:00+00:00,99580.92113049548
2025-03-15 04:30:00+00:00,99580.92113049548
2025-03-15 04:45:00+00:00,99580.92113049548
2025-03-15 05:00:00+00:00,99580.92113049548
2025-03-15 05:15:00+00:00,99580.92113049548
2025-03-15 05:30:00+00:00,99580.92113049548
2025-03-15 05:45:00+00:00,99580.92113049548
2025-03-15 06:00:00+00:00,99580.92113049548
2025-03-15 06:15:00+00:00,99580.92113049548
2025-03-15 06:30:00+00:00,99580.92113049548
2025-03-15 06:45:00+00:00,99580.92113049548
2025-03-15 07:00:00+00:00,99580.92113049548
2025-03-15 07:15:00+00:00,99580.92113049548
2025-03-15 07:30:00+00:00,99580.92113049548
2025-03-15 07:45:00+00:00,99580.92113049548
2025-03-15 08:00:00+00:00,99580.92113049548
2025-03-15 08:15:00+00:00,99580.92113049548
2025-03-15 08:30:00+00:00,99580.92113049548
2025-03-15 08:45:00+00:00,99580.92113049548
2025-03-15 09:00:00+00:00,99580.92113049548
2025-03-15 09:15:00+00:00,99580.92113049548
2025-03-15 09:30:00+00:00,99580.92113049548
2025-03-15 09:45:00+00:00,99580.92113049548
2025-03-15 10:00:00+00:00,99580.92113049548
2025-03-15 10:15:00+00:00,99580.92113049548
2025-03-15 10:30:00+00:00,99580.92113049548
2025-03-15 10:45:00+00:00,99580.92113049548
2025-03-15 11:00:00+00:00,99580.92113049548
2025-03-15 11:15:00+00:00,99580.92113049548
2025-03-15 11:30:00+00:00,99580.92113049548
2025-03-15 11:45:00+00:00,99580.92113049548
2025-03-15 12:00:00+00:00,99580.92113049548
2025-03-15 12:15:00+00:00,99580.92113049548
2025-03-15 12:30:00+00:00,99580.92113049548
2025-03-15 12:45:00+00:00,99580.92113049548
2025-03-15 13:00:00+00:00,99580.92113049548
2025-03-15 13:15:00+00:00,99580.92113049548
2025-03-15 13:30:00+00:00,99580.92113049548
2025-03-15 13:45:00+00:00,99580.92113049548
2025-03-15 14:00:00+00:00,99580.92113049548
2025-03-15 14:15:00+00:00,99580.92113049548
2025-03-15 14:30:00+00:00,99580.92113049548
2025-03-15 14:45:00+00:00,99580.92113049548
2025-03-15 15:00:00+00:00,99580.92113049548
2025-03-15 15:15:00+00:00,99580.92113049548
2025-03-15 15:30:00+00:00,99580.92113049548
2025-03-15 15:45:00+00:00,99580.92113049548
2025-03-15 16:00:00+00:00,99580.92113049548
2025-03-15 16:15:00+00:00,99580.92113049548
2025-03-15 16:30:00+00:00,99580.92113049548
2025-03-15 16:45:00+00:00,99580.92113049548
2025-03-15 17:00:00+00:00,99580.92113049548
2025-03-15 17:15:00+00:00,99580.92113049548
2025-03-15 17:30:00+00:00,99580.92113049548
2025-03-15 17:45:00+00:00,99580.92113049548
2025-03-15 18:00:00+00:00,99580.92113049548
2025-03-15 18:15:00+00:00,99580.92113049548
2025-03-15 18:30:00+00:00,99580.92113049548
2025-03-15 18:45:00+00:00,99580.92113049548
2025-03-15 19:00:00+00:00,99580.92113049548
2025-03-15 19:15:00+00:00,99580.92113049548
2025-03-15 19:30:00+00:00,99580.92113049548
2025-03-15 19:45:00+00:00,99580.92113049548
2025-03-15 20:00:00+00:00,99580.92113049548
2025-03-15 20:15:00+00:00,99580.92113049548
2025-03-15 20:30:00+00:00,99580.92113049548
2025-03-15 20:45:00+00:00,99580.92113049548
2025-03-15 21:00:00+00:00,99580.92113049548
2025-03-15 21:15:00+00:00,99580.92113049548
2025-03-15 21:30:00+00:00,99580.92113049548
2025-03-15 21:45:00+00:00,99580.92113049548
2025-03-15 22:00:00+00:00,99580.92113049548
2025-03-15 22:15:00+00:00,99580.92113049548
2025-03-15 22:30:00+00:00,99580.92113049548
2025-03-15 22:45:00+00:00,99580.92113049548
2025-03-15 23:00:00+00:00,99580.92113049548
2025-03-15 23:15:00+00:00,99580.92113049548
2025-03-15 23:30:00+00:00,99580.92113049548
2025-03-15 23:45:00+00:00,99580.92113049548
2025-03-16 00:00:00+00:00,99580.92113049548
2025-03-16 00:15:00+00:00,99580.92113049548
2025-03-16 00:30:00+00:00,99580.92113049548
2025-03-16 00:45:00+00:00,99580.92113049548
2025-03-16 01:00:00+00:00,99580.92113049548
2025-03-16 01:15:00+00:00,99580.92113049548
2025-03-16 01:30:00+00:00,99580.92113049548
2025-03-16 01:45:00+00:00,99580.92113049548
2025-03-16 02:00:00+00:00,99580.92113049548
2025-03-16 02:15:00+00:00,99580.92113049548
2025-03-16 02:30:00+00:00,99580.92113049548
2025-03-16 02:45:00+00:00,99580.92113049548
2025-03-16 03:00:00+00:00,99580.92113049548
2025-03-16 03:15:00+00:00,99580.92113049548
2025-03-16 03:30:00+00:00,99580.92113049548
2025-03-16 03:45:00+00:00,99580.92113049548
2025-03-16 04:00:00+00:00,99580.92113049548
2025-03-16 04:15:00+00:00,99580.92113049548
2025-03-16 04:30:00+00:00,99580.92113049548
2025-03-16 04:45:00+00:00,99580.92113049548
2025-03-16 05:00:00+00:00,99580.92113049548
2025-03-16 05:15:00+00:00,99580.92113049548
2025-03-16 05:30:00+00:00,99580.92113049548
2025-03-16 05:45:00+00:00,99580.92113049548
2025-03-16 06:00:00+00:00,99580.92113049548
2025-03-16 06:15:00+00:00,99580.92113049548
2025-03-16 06:30:00+00:00,99580.92113049548
2025-03-16 06:45:00+00:00,99580.92113049548
2025-03-16 07:00:00+00:00,99580.92113049548
2025-03-16 07:15:00+00:00,99580.92113049548
2025-03-16 07:30:00+00:00,99580.92113049548
2025-03-16 07:45:00+00:00,99580.92113049548
2025-03-16 08:00:00+00:00,99580.92113049548
2025-03-16 08:15:00+00:00,99580.92113049548
2025-03-16 08:30:00+00:00,99580.92113049548
2025-03-16 08:45:00+00:00,99580.92113049548
2025-03-16 09:00:00+00:00,99580.92113049548
2025-03-16 09:15:00+00:00,99580.92113049548
2025-03-16 09:30:00+00:00,99580.92113049548
2025-03-16 09:45:00+00:00,99580.92113049548
2025-03-16 10:00:00+00:00,99580.92113049548
2025-03-16 10:15:00+00:00,99580.92113049548
2025-03-16 10:30:00+00:00,99580.92113049548
2025-03-16 10:45:00+00:00,99580.92113049548
2025-03-16 11:00:00+00:00,99580.92113049548
2025-03-16 11:15:00+00:00,99580.92113049548
2025-03-16 11:30:00+00:00,99580.92113049548
2025-03-16 11:45:00+00:00,99580.92113049548
2025-03-16 12:00:00+00:00,99580.92113049548
2025-03-16 12:15:00+00:00,99585.49824179219
2025-03-16 12:30:00+00:00,99581.00554937229
2025-03-16 12:45:00+00:00,99583.14478512523
2025-03-16 13:00:00+00:00,99585.52493506283
2025-03-16 13:15:00+00:00,99585.52493506283
2025-03-16 13:30:00+00:00,99585.52493506283
2025-03-16 13:45:00+00:00,99585.52493506283
2025-03-16 14:00:00+00:00,99585.52493506283
2025-03-16 14:15:00+00:00,99585.52493506283
2025-03-16 14:30:00+00:00,99585.52493506283
2025-03-16 14:45:00+00:00,99585.52493506283
2025-03-16 15:00:00+00:00,99585.52493506283
2025-03-16 15:15:00+00:00,99585.52493506283
2025-03-16 15:30:00+00:00,99585.52493506283
2025-03-16 15:45:00+00:00,99585.52493506283
2025-03-16 16:00:00+00:00,99585.52493506283
2025-03-16 16:15:00+00:00,99585.52493506283
2025-03-16 16:30:00+00:00,99585.52493506283
2025-03-16 16:45:00+00:00,99585.52493506283
2025-03-16 17:00:00+00:00,99585.52493506283
2025-03-16 17:15:00+00:00,99585.52493506283
2025-03-16 17:30:00+00:00,99585.52493506283
2025-03-16 17:45:00+00:00,99585.52493506283
2025-03-16 18:00:00+00:00,99585.52493506283
2025-03-16 18:15:00+00:00,99585.52493506283
2025-03-16 18:30:00+00:00,99585.52493506283
2025-03-16 18:45:00+00:00,99585.52493506283
2025-03-16 19:00:00+00:00,99585.52493506283
2025-03-16 19:15:00+00:00,99585.52493506283
2025-03-16 19:30:00+00:00,99585.52493506283
2025-03-16 19:45:00+00:00,99585.52493506283
2025-03-16 20:00:00+00:00,99585.52493506283
2025-03-16 20:15:00+00:00,99585.52493506283
2025-03-16 20:30:00+00:00,99585.52493506283
2025-03-16 20:45:00+00:00,99585.52493506283
2025-03-16 21:00:00+00:00,99585.52493506283
2025-03-16 21:15:00+00:00,99585.52493506283
2025-03-16 21:30:00+00:00,99585.52493506283
2025-03-16 21:45:00+00:00,99585.52493506283
2025-03-16 22:00:00+00:00,99585.52493506283
2025-03-16 22:15:00+00:00,99585.52493506283
2025-03-16 22:30:00+00:00,99585.52493506283
2025-03-16 22:45:00+00:00,99585.52493506283
2025-03-16 23:00:00+00:00,99585.52493506283
2025-03-16 23:15:00+00:00,99585.52493506283
2025-03-16 23:30:00+00:00,99585.52493506283
2025-03-16 23:45:00+00:00,99585.52493506283
2025-03-17 00:00:00+00:00,99585.52493506283
2025-03-17 00:15:00+00:00,99585.52493506283
2025-03-17 00:30:00+00:00,99585.52493506283
2025-03-17 00:45:00+00:00,99585.52493506283
2025-03-17 01:00:00+00:00,99585.52493506283
2025-03-17 01:15:00+00:00,99585.52493506283
2025-03-17 01:30:00+00:00,99585.52493506283
2025-03-17 01:45:00+00:00,99585.52493506283
2025-03-17 02:00:00+00:00,99585.52493506283
2025-03-17 02:15:00+00:00,99585.52493506283
2025-03-17 02:30:00+00:00,99585.52493506283
2025-03-17 02:45:00+00:00,99585.52493506283
2025-03-17 03:00:00+00:00,99585.52493506283
2025-03-17 03:15:00+00:00,99585.52493506283
2025-03-17 03:30:00+00:00,99585.52493506283
2025-03-17 03:45:00+00:00,99585.52493506283
2025-03-17 04:00:00+00:00,99585.52493506283
2025-03-17 04:15:00+00:00,99585.52493506283
2025-03-17 04:30:00+00:00,99585.52493506283
2025-03-17 04:45:00+00:00,99585.52493506283
2025-03-17 05:00:00+00:00,99585.52493506283
2025-03-17 05:15:00+00:00,99585.52493506283
2025-03-17 05:30:00+00:00,99585.52493506283
2025-03-17 05:45:00+00:00,99585.52493506283
2025-03-17 06:00:00+00:00,99585.52493506283
2025-03-17 06:15:00+00:00,99585.52493506283
2025-03-17 06:30:00+00:00,99585.52493506283
2025-03-17 06:45:00+00:00,99585.52493506283
2025-03-17 07:00:00+00:00,99585.52493506283
2025-03-17 07:15:00+00:00,99585.52493506283
2025-03-17 07:30:00+00:00,99585.52493506283
2025-03-17 07:45:00+00:00,99585.52493506283
2025-03-17 08:00:00+00:00,99585.52493506283
2025-03-17 08:15:00+00:00,99585.52493506283
2025-03-17 08:30:00+00:00,99585.52493506283
2025-03-17 08:45:00+00:00,99585.52493506283
2025-03-17 09:00:00+00:00,99585.52493506283
2025-03-17 09:15:00+00:00,99585.52493506283
2025-03-17 09:30:00+00:00,99585.52493506283
2025-03-17 09:45:00+00:00,99585.52493506283
2025-03-17 10:00:00+00:00,99585.52493506283
2025-03-17 10:15:00+00:00,99585.52493506283
2025-03-17 10:30:00+00:00,99585.52493506283
2025-03-17 10:45:00+00:00,99585.52493506283
2025-03-17 11:00:00+00:00,99585.52493506283
2025-03-17 11:15:00+00:00,99585.52493506283
2025-03-17 11:30:00+00:00,99585.52493506283
2025-03-17 11:45:00+00:00,99585.52493506283
2025-03-17 12:00:00+00:00,99585.52493506283
2025-03-17 12:15:00+00:00,99585.52493506283
2025-03-17 12:30:00+00:00,99585.52493506283
2025-03-17 12:45:00+00:00,99585.52493506283
2025-03-17 13:00:00+00:00,99585.52493506283
2025-03-17 13:15:00+00:00,99585.52493506283
2025-03-17 13:30:00+00:00,99585.52493506283
2025-03-17 13:45:00+00:00,99585.52493506283
2025-03-17 14:00:00+00:00,99585.52493506283
2025-03-17 14:15:00+00:00,99585.52493506283
2025-03-17 14:30:00+00:00,99585.52493506283
2025-03-17 14:45:00+00:00,99585.52493506283
2025-03-17 15:00:00+00:00,99585.52493506283
2025-03-17 15:15:00+00:00,99585.52493506283
2025-03-17 15:30:00+00:00,99585.52493506283
2025-03-17 15:45:00+00:00,99585.52493506283
2025-03-17 16:00:00+00:00,99585.52493506283
2025-03-17 16:15:00+00:00,99585.52493506283
2025-03-17 16:30:00+00:00,99585.52493506283
2025-03-17 16:45:00+00:00,99585.52493506283
2025-03-17 17:00:00+00:00,99585.52493506283
2025-03-17 17:15:00+00:00,99585.52493506283
2025-03-17 17:30:00+00:00,99585.52493506283
2025-03-17 17:45:00+00:00,99585.52493506283
2025-03-17 18:00:00+00:00,99585.52493506283
2025-03-17 18:15:00+00:00,99585.52493506283
2025-03-17 18:30:00+00:00,99585.52493506283
2025-03-17 18:45:00+00:00,99585.52493506283
2025-03-17 19:00:00+00:00,99585.52493506283
2025-03-17 19:15:00+00:00,99585.52493506283
2025-03-17 19:30:00+00:00,99585.52493506283
2025-03-17 19:45:00+00:00,99585.52493506283
2025-03-17 20:00:00+00:00,99585.52493506283
2025-03-17 20:15:00+00:00,99588.10490706681
2025-03-17 20:30:00+00:00,99589.88236302274
2025-03-17 20:45:00+00:00,99591.03623424306
2025-03-17 21:00:00+00:00,99591.03623424306
2025-03-17 21:15:00+00:00,99591.03623424306
2025-03-17 21:30:00+00:00,99591.03623424306
2025-03-17 21:45:00+00:00,99591.03623424306
2025-03-17 22:00:00+00:00,99591.03623424306
2025-03-17 22:15:00+00:00,99591.03623424306
2025-03-17 22:30:00+00:00,99591.03623424306
2025-03-17 22:45:00+00:00,99591.03623424306
2025-03-17 23:00:00+00:00,99591.03623424306
2025-03-17 23:15:00+00:00,99591.03623424306
2025-03-17 23:30:00+00:00,99591.03623424306
2025-03-17 23:45:00+00:00,99591.03623424306
2025-03-18 00:00:00+00:00,99591.03623424306
2025-03-18 00:15:00+00:00,99591.03623424306
2025-03-18 00:30:00+00:00,99591.03623424306
2025-03-18 00:45:00+00:00,99591.03623424306
2025-03-18 01:00:00+00:00,99591.03623424306
2025-03-18 01:15:00+00:00,99591.03623424306
2025-03-18 01:30:00+00:00,99591.03623424306
2025-03-18 01:45:00+00:00,99591.03623424306
2025-03-18 02:00:00+00:00,99591.03623424306
2025-03-18 02:15:00+00:00,99591.03623424306
2025-03-18 02:30:00+00:00,99591.03623424306
2025-03-18 02:45:00+00:00,99591.03623424306
2025-03-18 03:00:00+00:00,99591.03623424306
2025-03-18 03:15:00+00:00,99591.03623424306
2025-03-18 03:30:00+00:00,99591.03623424306
2025-03-18 03:45:00+00:00,99591.03623424306
2025-03-18 04:00:00+00:00,99591.03623424306
2025-03-18 04:15:00+00:00,99591.03623424306
2025-03-18 04:30:00+00:00,99591.03623424306
2025-03-18 04:45:00+00:00,99591.03623424306
2025-03-18 05:00:00+00:00,99591.03623424306
2025-03-18 05:15:00+00:00,99591.03623424306
2025-03-18 05:30:00+00:00,99591.03623424306
2025-03-18 05:45:00+00:00,99591.03623424306
2025-03-18 06:00:00+00:00,99591.03623424306
2025-03-18 06:15:00+00:00,99591.03623424306
2025-03-18 06:30:00+00:00,99591.03623424306
2025-03-18 06:45:00+00:00,99591.03623424306
2025-03-18 07:00:00+00:00,99591.03623424306
2025-03-18 07:15:00+00:00,99591.03623424306
2025-03-18 07:30:00+00:00,99591.03623424306
2025-03-18 07:45:00+00:00,99591.03623424306
2025-03-18 08:00:00+00:00,99591.03623424306
2025-03-18 08:15:00+00:00,99591.03623424306
2025-03-18 08:30:00+00:00,99591.03623424306
2025-03-18 08:45:00+00:00,99591.03623424306
2025-03-18 09:00:00+00:00,99591.03623424306
2025-03-18 09:15:00+00:00,99591.03623424306
2025-03-18 09:30:00+00:00,99591.03623424306
2025-03-18 09:45:00+00:00,99591.03623424306
2025-03-18 10:00:00+00:00,99591.03623424306
2025-03-18 10:15:00+00:00,99591.03623424306
2025-03-18 10:30:00+00:00,99591.03623424306
2025-03-18 10:45:00+00:00,99591.03623424306
2025-03-18 11:00:00+00:00,99591.03623424306
2025-03-18 11:15:00+00:00,99591.03623424306
2025-03-18 11:30:00+00:00,99591.03623424306
2025-03-18 11:45:00+00:00,99591.03623424306
2025-03-18 12:00:00+00:00,99591.03623424306
2025-03-18 12:15:00+00:00,99591.03623424306
2025-03-18 12:30:00+00:00,99591.03623424306
2025-03-18 12:45:00+00:00,99591.03623424306
2025-03-18 13:00:00+00:00,99591.03623424306
2025-03-18 13:15:00+00:00,99591.03623424306
2025-03-18 13:30:00+00:00,99591.03623424306
2025-03-18 13:45:00+00:00,99591.03623424306
2025-03-18 14:00:00+00:00,99591.03623424306
2025-03-18 14:15:00+00:00,99591.03623424306
2025-03-18 14:30:00+00:00,99591.03623424306
2025-03-18 14:45:00+00:00,99591.03623424306
2025-03-18 15:00:00+00:00,99591.03623424306
2025-03-18 15:15:00+00:00,99591.03623424306
2025-03-18 15:30:00+00:00,99591.03623424306
2025-03-18 15:45:00+00:00,99591.03623424306
2025-03-18 16:00:00+00:00,99591.03623424306
2025-03-18 16:15:00+00:00,99591.03623424306
2025-03-18 16:30:00+00:00,99591.03623424306
2025-03-18 16:45:00+00:00,99591.03623424306
2025-03-18 17:00:00+00:00,99591.03623424306
2025-03-18 17:15:00+00:00,99591.03623424306
2025-03-18 17:30:00+00:00,99591.03623424306
2025-03-18 17:45:00+00:00,99591.03623424306
2025-03-18 18:00:00+00:00,99591.03623424306
2025-03-18 18:15:00+00:00,99591.03623424306
2025-03-18 18:30:00+00:00,99591.03623424306
2025-03-18 18:45:00+00:00,99591.03623424306
2025-03-18 19:00:00+00:00,99591.03623424306
2025-03-18 19:15:00+00:00,99591.03623424306
2025-03-18 19:30:00+00:00,99591.03623424306
2025-03-18 19:45:00+00:00,99591.03623424306
2025-03-18 20:00:00+00:00,99591.03623424306
2025-03-18 20:15:00+00:00,99591.03623424306
2025-03-18 20:30:00+00:00,99591.03623424306
2025-03-18 20:45:00+00:00,99591.03623424306
2025-03-18 21:00:00+00:00,99591.03623424306
2025-03-18 21:15:00+00:00,99591.03623424306
2025-03-18 21:30:00+00:00,99591.03623424306
2025-03-18 21:45:00+00:00,99591.03623424306
2025-03-18 22:00:00+00:00,99591.03623424306
2025-03-18 22:15:00+00:00,99591.03623424306
2025-03-18 22:30:00+00:00,99591.03623424306
2025-03-18 22:45:00+00:00,99591.03623424306
2025-03-18 23:00:00+00:00,99591.03623424306
2025-03-18 23:15:00+00:00,99591.03623424306
2025-03-18 23:30:00+00:00,99591.03623424306
2025-03-18 23:45:00+00:00,99591.03623424306
2025-03-19 00:00:00+00:00,99591.03623424306
2025-03-19 00:15:00+00:00,99591.03623424306
2025-03-19 00:30:00+00:00,99591.03623424306
2025-03-19 00:45:00+00:00,99591.03623424306
2025-03-19 01:00:00+00:00,99591.03623424306
2025-03-19 01:15:00+00:00,99591.03623424306
2025-03-19 01:30:00+00:00,99591.03623424306
2025-03-19 01:45:00+00:00,99591.03623424306
2025-03-19 02:00:00+00:00,99591.03623424306
2025-03-19 02:15:00+00:00,99591.03623424306
2025-03-19 02:30:00+00:00,99591.03623424306
2025-03-19 02:45:00+00:00,99591.03623424306
2025-03-19 03:00:00+00:00,99591.03623424306
2025-03-19 03:15:00+00:00,99591.03623424306
2025-03-19 03:30:00+00:00,99591.03623424306
2025-03-19 03:45:00+00:00,99591.03623424306
2025-03-19 04:00:00+00:00,99591.03623424306
2025-03-19 04:15:00+00:00,99591.03623424306
2025-03-19 04:30:00+00:00,99591.03623424306
2025-03-19 04:45:00+00:00,99591.03623424306
2025-03-19 05:00:00+00:00,99591.03623424306
2025-03-19 05:15:00+00:00,99591.03623424306
2025-03-19 05:30:00+00:00,99591.03623424306
2025-03-19 05:45:00+00:00,99591.03623424306
2025-03-19 06:00:00+00:00,99591.03623424306
2025-03-19 06:15:00+00:00,99591.03623424306
2025-03-19 06:30:00+00:00,99591.03623424306
2025-03-19 06:45:00+00:00,99591.03623424306
2025-03-19 07:00:00+00:00,99591.03623424306
2025-03-19 07:15:00+00:00,99591.03623424306
2025-03-19 07:30:00+00:00,99591.03623424306
2025-03-19 07:45:00+00:00,99591.03623424306
2025-03-19 08:00:00+00:00,99591.03623424306
2025-03-19 08:15:00+00:00,99591.03623424306
2025-03-19 08:30:00+00:00,99591.03623424306
2025-03-19 08:45:00+00:00,99591.03623424306
2025-03-19 09:00:00+00:00,99591.03623424306
2025-03-19 09:15:00+00:00,99591.03623424306
2025-03-19 09:30:00+00:00,99591.03623424306
2025-03-19 09:45:00+00:00,99591.03623424306
2025-03-19 10:00:00+00:00,99591.03623424306
2025-03-19 10:15:00+00:00,99591.03623424306
2025-03-19 10:30:00+00:00,99591.03623424306
2025-03-19 10:45:00+00:00,99591.03623424306
2025-03-19 11:00:00+00:00,99591.03623424306
2025-03-19 11:15:00+00:00,99591.03623424306
2025-03-19 11:30:00+00:00,99591.03623424306
2025-03-19 11:45:00+00:00,99591.03623424306
2025-03-19 12:00:00+00:00,99591.03623424306
2025-03-19 12:15:00+00:00,99591.03623424306
2025-03-19 12:30:00+00:00,99591.03623424306
2025-03-19 12:45:00+00:00,99591.03623424306
2025-03-19 13:00:00+00:00,99591.03623424306
2025-03-19 13:15:00+00:00,99591.03623424306
2025-03-19 13:30:00+00:00,99591.03623424306
2025-03-19 13:45:00+00:00,99591.03623424306
2025-03-19 14:00:00+00:00,99591.03623424306
2025-03-19 14:15:00+00:00,99591.03623424306
2025-03-19 14:30:00+00:00,99591.03623424306
2025-03-19 14:45:00+00:00,99591.03623424306
2025-03-19 15:00:00+00:00,99591.03623424306
2025-03-19 15:15:00+00:00,99591.03623424306
2025-03-19 15:30:00+00:00,99591.03623424306
2025-03-19 15:45:00+00:00,99591.03623424306
2025-03-19 16:00:00+00:00,99591.03623424306
2025-03-19 16:15:00+00:00,99591.03623424306
2025-03-19 16:30:00+00:00,99591.03623424306
2025-03-19 16:45:00+00:00,99591.03623424306
2025-03-19 17:00:00+00:00,99591.03623424306
2025-03-19 17:15:00+00:00,99591.03623424306
2025-03-19 17:30:00+00:00,99591.03623424306
2025-03-19 17:45:00+00:00,99591.03623424306
2025-03-19 18:00:00+00:00,99591.03623424306
2025-03-19 18:15:00+00:00,99591.03623424306
2025-03-19 18:30:00+00:00,99591.03623424306
2025-03-19 18:45:00+00:00,99591.03623424306
2025-03-19 19:00:00+00:00,99591.03623424306
2025-03-19 19:15:00+00:00,99591.03623424306
2025-03-19 19:30:00+00:00,99591.03623424306
2025-03-19 19:45:00+00:00,99591.03623424306
2025-03-19 20:00:00+00:00,99591.03623424306
2025-03-19 20:15:00+00:00,99589.52125231919
2025-03-19 20:30:00+00:00,99594.95221492123
2025-03-19 20:45:00+00:00,99595.32510411135
2025-03-19 21:00:00+00:00,99591.8821374027
2025-03-19 21:15:00+00:00,99590.23879748359
2025-03-19 21:30:00+00:00,99591.28359902564
2025-03-19 21:45:00+00:00,99590.39200678711
2025-03-19 22:00:00+00:00,99586.34616117625
2025-03-19 22:15:00+00:00,99578.17618385909
2025-03-19 22:30:00+00:00,99578.17618385909
2025-03-19 22:45:00+00:00,99578.17618385909
2025-03-19 23:00:00+00:00,99578.17618385909
2025-03-19 23:15:00+00:00,99578.17618385909
2025-03-19 23:30:00+00:00,99578.17618385909
2025-03-19 23:45:00+00:00,99578.17618385909
2025-03-20 00:00:00+00:00,99578.17618385909
2025-03-20 00:15:00+00:00,99586.62738759741
2025-03-20 00:30:00+00:00,99598.76997017898
2025-03-20 00:45:00+00:00,99598.76997017898
2025-03-20 01:00:00+00:00,99598.76997017898
2025-03-20 01:15:00+00:00,99598.76997017898
2025-03-20 01:30:00+00:00,99598.76997017898
2025-03-20 01:45:00+00:00,99598.76997017898
2025-03-20 02:00:00+00:00,99598.76997017898
2025-03-20 02:15:00+00:00,99598.76997017898
2025-03-20 02:30:00+00:00,99598.76997017898
2025-03-20 02:45:00+00:00,99598.76997017898
2025-03-20 03:00:00+00:00,99598.76997017898
2025-03-20 03:15:00+00:00,99598.76997017898
2025-03-20 03:30:00+00:00,99598.76997017898
2025-03-20 03:45:00+00:00,99598.76997017898
2025-03-20 04:00:00+00:00,99598.76997017898
2025-03-20 04:15:00+00:00,99598.76997017898
2025-03-20 04:30:00+00:00,99598.76997017898
2025-03-20 04:45:00+00:00,99598.76997017898
2025-03-20 05:00:00+00:00,99598.76997017898
2025-03-20 05:15:00+00:00,99598.76997017898
2025-03-20 05:30:00+00:00,99598.76997017898
2025-03-20 05:45:00+00:00,99598.76997017898
2025-03-20 06:00:00+00:00,99598.76997017898
2025-03-20 06:15:00+00:00,99598.76997017898
2025-03-20 06:30:00+00:00,99598.76997017898
2025-03-20 06:45:00+00:00,99598.76997017898
2025-03-20 07:00:00+00:00,99598.76997017898
2025-03-20 07:15:00+00:00,99598.76997017898
2025-03-20 07:30:00+00:00,99598.76997017898
2025-03-20 07:45:00+00:00,99598.76997017898
2025-03-20 08:00:00+00:00,99598.76997017898
2025-03-20 08:15:00+00:00,99598.76997017898
2025-03-20 08:30:00+00:00,99598.76997017898
2025-03-20 08:45:00+00:00,99598.76997017898
2025-03-20 09:00:00+00:00,99598.76997017898
2025-03-20 09:15:00+00:00,99598.76997017898
2025-03-20 09:30:00+00:00,99598.76997017898
2025-03-20 09:45:00+00:00,99598.76997017898
2025-03-20 10:00:00+00:00,99598.76997017898
2025-03-20 10:15:00+00:00,99598.76997017898
2025-03-20 10:30:00+00:00,99598.76997017898
2025-03-20 10:45:00+00:00,99598.76997017898
2025-03-20 11:00:00+00:00,99598.76997017898
2025-03-20 11:15:00+00:00,99598.76997017898
2025-03-20 11:30:00+00:00,99598.76997017898
2025-03-20 11:45:00+00:00,99598.76997017898
2025-03-20 12:00:00+00:00,99598.76997017898
2025-03-20 12:15:00+00:00,99598.32193717045
2025-03-20 12:30:00+00:00,99597.14526239061
2025-03-20 12:45:00+00:00,99598.04701766731
2025-03-20 13:00:00+00:00,99597.21615948254
2025-03-20 13:15:00+00:00,99594.4315129156
2025-03-20 13:30:00+00:00,99593.88322049835
2025-03-20 13:45:00+00:00,99593.88322049835
2025-03-20 14:00:00+00:00,99593.88322049835
2025-03-20 14:15:00+00:00,99593.88322049835
2025-03-20 14:30:00+00:00,99593.88322049835
2025-03-20 14:45:00+00:00,99593.88322049835
2025-03-20 15:00:00+00:00,99593.88322049835
2025-03-20 15:15:00+00:00,99593.88322049835
2025-03-20 15:30:00+00:00,99593.88322049835
2025-03-20 15:45:00+00:00,99593.88322049835
2025-03-20 16:00:00+00:00,99593.88322049835
2025-03-20 16:15:00+00:00,99593.88322049835
2025-03-20 16:30:00+00:00,99593.88322049835
2025-03-20 16:45:00+00:00,99593.88322049835
2025-03-20 17:00:00+00:00,99593.88322049835
2025-03-20 17:15:00+00:00,99593.88322049835
2025-03-20 17:30:00+00:00,99593.88322049835
2025-03-20 17:45:00+00:00,99593.88322049835
2025-03-20 18:00:00+00:00,99593.88322049835
2025-03-20 18:15:00+00:00,99593.88322049835
2025-03-20 18:30:00+00:00,99593.88322049835
2025-03-20 18:45:00+00:00,99593.88322049835
2025-03-20 19:00:00+00:00,99593.88322049835
2025-03-20 19:15:00+00:00,99593.88322049835
2025-03-20 19:30:00+00:00,99593.88322049835
2025-03-20 19:45:00+00:00,99593.88322049835
2025-03-20 20:00:00+00:00,99593.88322049835
2025-03-20 20:15:00+00:00,99593.88322049835
2025-03-20 20:30:00+00:00,99593.88322049835
2025-03-20 20:45:00+00:00,99593.88322049835
2025-03-20 21:00:00+00:00,99593.88322049835
2025-03-20 21:15:00+00:00,99593.88322049835
2025-03-20 21:30:00+00:00,99593.88322049835
2025-03-20 21:45:00+00:00,99593.88322049835
2025-03-20 22:00:00+00:00,99593.88322049835
2025-03-20 22:15:00+00:00,99593.88322049835
2025-03-20 22:30:00+00:00,99593.88322049835
2025-03-20 22:45:00+00:00,99593.88322049835
2025-03-20 23:00:00+00:00,99593.88322049835
2025-03-20 23:15:00+00:00,99593.88322049835
2025-03-20 23:30:00+00:00,99593.88322049835
2025-03-20 23:45:00+00:00,99593.88322049835
2025-03-21 00:00:00+00:00,99593.88322049835
2025-03-21 00:15:00+00:00,99593.88322049835
2025-03-21 00:30:00+00:00,99593.88322049835
2025-03-21 00:45:00+00:00,99593.88322049835
2025-03-21 01:00:00+00:00,99593.88322049835
2025-03-21 01:15:00+00:00,99593.88322049835
2025-03-21 01:30:00+00:00,99593.88322049835
2025-03-21 01:45:00+00:00,99593.88322049835
2025-03-21 02:00:00+00:00,99593.88322049835
2025-03-21 02:15:00+00:00,99593.88322049835
2025-03-21 02:30:00+00:00,99593.88322049835
2025-03-21 02:45:00+00:00,99593.88322049835
2025-03-21 03:00:00+00:00,99593.88322049835
2025-03-21 03:15:00+00:00,99593.88322049835
2025-03-21 03:30:00+00:00,99593.88322049835
2025-03-21 03:45:00+00:00,99593.88322049835
2025-03-21 04:00:00+00:00,99593.88322049835
2025-03-21 04:15:00+00:00,99593.88322049835
2025-03-21 04:30:00+00:00,99593.88322049835
2025-03-21 04:45:00+00:00,99593.88322049835
2025-03-21 05:00:00+00:00,99593.88322049835
2025-03-21 05:15:00+00:00,99593.88322049835
2025-03-21 05:30:00+00:00,99593.88322049835
2025-03-21 05:45:00+00:00,99593.88322049835
2025-03-21 06:00:00+00:00,99593.88322049835
2025-03-21 06:15:00+00:00,99593.88322049835
2025-03-21 06:30:00+00:00,99593.88322049835
2025-03-21 06:45:00+00:00,99593.88322049835
2025-03-21 07:00:00+00:00,99593.88322049835
2025-03-21 07:15:00+00:00,99593.88322049835
2025-03-21 07:30:00+00:00,99593.88322049835
2025-03-21 07:45:00+00:00,99593.88322049835
2025-03-21 08:00:00+00:00,99593.88322049835
2025-03-21 08:15:00+00:00,99593.88322049835
2025-03-21 08:30:00+00:00,99593.88322049835
2025-03-21 08:45:00+00:00,99593.88322049835
2025-03-21 09:00:00+00:00,99593.88322049835
2025-03-21 09:15:00+00:00,99593.88322049835
2025-03-21 09:30:00+00:00,99593.88322049835
2025-03-21 09:45:00+00:00,99593.88322049835
2025-03-21 10:00:00+00:00,99593.88322049835
2025-03-21 10:15:00+00:00,99593.88322049835
2025-03-21 10:30:00+00:00,99593.88322049835
2025-03-21 10:45:00+00:00,99593.88322049835
2025-03-21 11:00:00+00:00,99593.88322049835
2025-03-21 11:15:00+00:00,99593.88322049835
2025-03-21 11:30:00+00:00,99593.88322049835
2025-03-21 11:45:00+00:00,99593.88322049835
2025-03-21 12:00:00+00:00,99593.88322049835
2025-03-21 12:15:00+00:00,99593.88322049835
2025-03-21 12:30:00+00:00,99593.88322049835
2025-03-21 12:45:00+00:00,99593.88322049835
2025-03-21 13:00:00+00:00,99593.88322049835
2025-03-21 13:15:00+00:00,99593.88322049835
2025-03-21 13:30:00+00:00,99593.88322049835
2025-03-21 13:45:00+00:00,99593.88322049835
2025-03-21 14:00:00+00:00,99593.88322049835
2025-03-21 14:15:00+00:00,99593.88322049835
2025-03-21 14:30:00+00:00,99593.88322049835
2025-03-21 14:45:00+00:00,99593.88322049835
2025-03-21 15:00:00+00:00,99593.88322049835
2025-03-21 15:15:00+00:00,99593.88322049835
2025-03-21 15:30:00+00:00,99593.88322049835
2025-03-21 15:45:00+00:00,99593.88322049835
2025-03-21 16:00:00+00:00,99593.88322049835
2025-03-21 16:15:00+00:00,99593.88322049835
2025-03-21 16:30:00+00:00,99593.88322049835
2025-03-21 16:45:00+00:00,99593.88322049835
2025-03-21 17:00:00+00:00,99593.88322049835
2025-03-21 17:15:00+00:00,99593.88322049835
2025-03-21 17:30:00+00:00,99593.88322049835
2025-03-21 17:45:00+00:00,99593.88322049835
2025-03-21 18:00:00+00:00,99593.88322049835
2025-03-21 18:15:00+00:00,99593.88322049835
2025-03-21 18:30:00+00:00,99593.88322049835
2025-03-21 18:45:00+00:00,99593.88322049835
2025-03-21 19:00:00+00:00,99593.88322049835
2025-03-21 19:15:00+00:00,99593.88322049835
2025-03-21 19:30:00+00:00,99593.88322049835
2025-03-21 19:45:00+00:00,99593.88322049835
2025-03-21 20:00:00+00:00,99593.88322049835
2025-03-21 20:15:00+00:00,99593.88322049835
2025-03-21 20:30:00+00:00,99593.88322049835
2025-03-21 20:45:00+00:00,99593.88322049835
2025-03-21 21:00:00+00:00,99593.88322049835
2025-03-21 21:15:00+00:00,99593.88322049835
2025-03-21 21:30:00+00:00,99593.88322049835
2025-03-21 21:45:00+00:00,99593.88322049835
2025-03-21 22:00:00+00:00,99593.88322049835
2025-03-21 22:15:00+00:00,99593.88322049835
2025-03-21 22:30:00+00:00,99593.88322049835
2025-03-21 22:45:00+00:00,99593.88322049835
2025-03-21 23:00:00+00:00,99593.88322049835
2025-03-21 23:15:00+00:00,99593.88322049835
2025-03-21 23:30:00+00:00,99593.88322049835
2025-03-21 23:45:00+00:00,99593.88322049835
2025-03-22 00:00:00+00:00,99593.88322049835
2025-03-22 00:15:00+00:00,99593.88322049835
2025-03-22 00:30:00+00:00,99593.88322049835
2025-03-22 00:45:00+00:00,99593.88322049835
2025-03-22 01:00:00+00:00,99593.88322049835
2025-03-22 01:15:00+00:00,99593.88322049835
2025-03-22 01:30:00+00:00,99593.88322049835
2025-03-22 01:45:00+00:00,99593.88322049835
2025-03-22 02:00:00+00:00,99593.88322049835
2025-03-22 02:15:00+00:00,99593.88322049835
2025-03-22 02:30:00+00:00,99593.88322049835
2025-03-22 02:45:00+00:00,99593.88322049835
2025-03-22 03:00:00+00:00,99593.88322049835
2025-03-22 03:15:00+00:00,99593.88322049835
2025-03-22 03:30:00+00:00,99593.88322049835
2025-03-22 03:45:00+00:00,99593.88322049835
2025-03-22 04:00:00+00:00,99593.88322049835
2025-03-22 04:15:00+00:00,99593.88322049835
2025-03-22 04:30:00+00:00,99593.88322049835
2025-03-22 04:45:00+00:00,99593.88322049835
2025-03-22 05:00:00+00:00,99593.88322049835
2025-03-22 05:15:00+00:00,99593.88322049835
2025-03-22 05:30:00+00:00,99593.88322049835
2025-03-22 05:45:00+00:00,99593.88322049835
2025-03-22 06:00:00+00:00,99593.88322049835
2025-03-22 06:15:00+00:00,99593.88322049835
2025-03-22 06:30:00+00:00,99593.88322049835
2025-03-22 06:45:00+00:00,99593.88322049835
2025-03-22 07:00:00+00:00,99593.88322049835
2025-03-22 07:15:00+00:00,99593.88322049835
2025-03-22 07:30:00+00:00,99593.88322049835
2025-03-22 07:45:00+00:00,99593.88322049835
2025-03-22 08:00:00+00:00,99593.88322049835
2025-03-22 08:15:00+00:00,99593.88322049835
2025-03-22 08:30:00+00:00,99593.88322049835
2025-03-22 08:45:00+00:00,99593.88322049835
2025-03-22 09:00:00+00:00,99593.88322049835
2025-03-22 09:15:00+00:00,99593.88322049835
2025-03-22 09:30:00+00:00,99593.88322049835
2025-03-22 09:45:00+00:00,99593.88322049835
2025-03-22 10:00:00+00:00,99593.88322049835
2025-03-22 10:15:00+00:00,99593.88322049835
2025-03-22 10:30:00+00:00,99593.88322049835
2025-03-22 10:45:00+00:00,99593.88322049835
2025-03-22 11:00:00+00:00,99593.88322049835
2025-03-22 11:15:00+00:00,99593.88322049835
2025-03-22 11:30:00+00:00,99593.88322049835
2025-03-22 11:45:00+00:00,99593.88322049835
2025-03-22 12:00:00+00:00,99593.88322049835
2025-03-22 12:15:00+00:00,99593.88322049835
2025-03-22 12:30:00+00:00,99593.88322049835
2025-03-22 12:45:00+00:00,99593.88322049835
2025-03-22 13:00:00+00:00,99593.88322049835
2025-03-22 13:15:00+00:00,99593.88322049835
2025-03-22 13:30:00+00:00,99593.88322049835
2025-03-22 13:45:00+00:00,99593.88322049835
2025-03-22 14:00:00+00:00,99593.88322049835
2025-03-22 14:15:00+00:00,99593.88322049835
2025-03-22 14:30:00+00:00,99593.88322049835
2025-03-22 14:45:00+00:00,99593.88322049835
2025-03-22 15:00:00+00:00,99593.88322049835
2025-03-22 15:15:00+00:00,99593.88322049835
2025-03-22 15:30:00+00:00,99593.88322049835
2025-03-22 15:45:00+00:00,99593.88322049835
2025-03-22 16:00:00+00:00,99593.88322049835
2025-03-22 16:15:00+00:00,99593.88322049835
2025-03-22 16:30:00+00:00,99593.88322049835
2025-03-22 16:45:00+00:00,99593.88322049835
2025-03-22 17:00:00+00:00,99593.88322049835
2025-03-22 17:15:00+00:00,99593.88322049835
2025-03-22 17:30:00+00:00,99593.88322049835
2025-03-22 17:45:00+00:00,99593.88322049835
2025-03-22 18:00:00+00:00,99593.88322049835
2025-03-22 18:15:00+00:00,99593.88322049835
2025-03-22 18:30:00+00:00,99593.88322049835
2025-03-22 18:45:00+00:00,99593.88322049835
2025-03-22 19:00:00+00:00,99593.88322049835
2025-03-22 19:15:00+00:00,99593.88322049835
2025-03-22 19:30:00+00:00,99593.88322049835
2025-03-22 19:45:00+00:00,99593.88322049835
2025-03-22 20:00:00+00:00,99593.88322049835
2025-03-22 20:15:00+00:00,99593.88322049835
2025-03-22 20:30:00+00:00,99593.88322049835
2025-03-22 20:45:00+00:00,99593.88322049835
2025-03-22 21:00:00+00:00,99593.88322049835
2025-03-22 21:15:00+00:00,99593.88322049835
2025-03-22 21:30:00+00:00,99593.88322049835
2025-03-22 21:45:00+00:00,99593.88322049835
2025-03-22 22:00:00+00:00,99593.88322049835
2025-03-22 22:15:00+00:00,99593.88322049835
2025-03-22 22:30:00+00:00,99593.88322049835
2025-03-22 22:45:00+00:00,99593.88322049835
2025-03-22 23:00:00+00:00,99593.88322049835
2025-03-22 23:15:00+00:00,99593.88322049835
2025-03-22 23:30:00+00:00,99593.88322049835
2025-03-22 23:45:00+00:00,99593.88322049835
2025-03-23 00:00:00+00:00,99593.88322049835
2025-03-23 00:15:00+00:00,99593.88322049835
2025-03-23 00:30:00+00:00,99593.88322049835
2025-03-23 00:45:00+00:00,99593.88322049835
2025-03-23 01:00:00+00:00,99593.88322049835
2025-03-23 01:15:00+00:00,99593.88322049835
2025-03-23 01:30:00+00:00,99593.88322049835
2025-03-23 01:45:00+00:00,99593.88322049835
2025-03-23 02:00:00+00:00,99593.88322049835
2025-03-23 02:15:00+00:00,99593.88322049835
2025-03-23 02:30:00+00:00,99593.88322049835
2025-03-23 02:45:00+00:00,99593.88322049835
2025-03-23 03:00:00+00:00,99593.88322049835
2025-03-23 03:15:00+00:00,99593.88322049835
2025-03-23 03:30:00+00:00,99593.88322049835
2025-03-23 03:45:00+00:00,99593.88322049835
2025-03-23 04:00:00+00:00,99593.88322049835
2025-03-23 04:15:00+00:00,99593.88322049835
2025-03-23 04:30:00+00:00,99593.88322049835
2025-03-23 04:45:00+00:00,99593.88322049835
2025-03-23 05:00:00+00:00,99593.88322049835
2025-03-23 05:15:00+00:00,99593.88322049835
2025-03-23 05:30:00+00:00,99593.88322049835
2025-03-23 05:45:00+00:00,99593.88322049835
2025-03-23 06:00:00+00:00,99593.88322049835
2025-03-23 06:15:00+00:00,99593.88322049835
2025-03-23 06:30:00+00:00,99593.88322049835
2025-03-23 06:45:00+00:00,99593.88322049835
2025-03-23 07:00:00+00:00,99593.88322049835
2025-03-23 07:15:00+00:00,99593.88322049835
2025-03-23 07:30:00+00:00,99593.88322049835
2025-03-23 07:45:00+00:00,99593.88322049835
2025-03-23 08:00:00+00:00,99593.88322049835
2025-03-23 08:15:00+00:00,99593.88322049835
2025-03-23 08:30:00+00:00,99593.88322049835
2025-03-23 08:45:00+00:00,99593.88322049835
2025-03-23 09:00:00+00:00,99593.88322049835
2025-03-23 09:15:00+00:00,99593.88322049835
2025-03-23 09:30:00+00:00,99593.88322049835
2025-03-23 09:45:00+00:00,99593.88322049835
2025-03-23 10:00:00+00:00,99593.88322049835
2025-03-23 10:15:00+00:00,99593.88322049835
2025-03-23 10:30:00+00:00,99593.88322049835
2025-03-23 10:45:00+00:00,99593.88322049835
2025-03-23 11:00:00+00:00,99593.88322049835
2025-03-23 11:15:00+00:00,99593.88322049835
2025-03-23 11:30:00+00:00,99593.88322049835
2025-03-23 11:45:00+00:00,99593.88322049835
2025-03-23 12:00:00+00:00,99593.88322049835
2025-03-23 12:15:00+00:00,99593.88322049835
2025-03-23 12:30:00+00:00,99593.88322049835
2025-03-23 12:45:00+00:00,99593.88322049835
2025-03-23 13:00:00+00:00,99593.88322049835
2025-03-23 13:15:00+00:00,99593.88322049835
2025-03-23 13:30:00+00:00,99593.88322049835
2025-03-23 13:45:00+00:00,99593.88322049835
2025-03-23 14:00:00+00:00,99593.88322049835
2025-03-23 14:15:00+00:00,99593.88322049835
2025-03-23 14:30:00+00:00,99593.88322049835
2025-03-23 14:45:00+00:00,99593.88322049835
2025-03-23 15:00:00+00:00,99593.88322049835
2025-03-23 15:15:00+00:00,99593.88322049835
2025-03-23 15:30:00+00:00,99593.88322049835
2025-03-23 15:45:00+00:00,99593.88322049835
2025-03-23 16:00:00+00:00,99593.88322049835
2025-03-23 16:15:00+00:00,99593.88322049835
2025-03-23 16:30:00+00:00,99593.88322049835
2025-03-23 16:45:00+00:00,99593.88322049835
2025-03-23 17:00:00+00:00,99593.88322049835
2025-03-23 17:15:00+00:00,99593.88322049835
2025-03-23 17:30:00+00:00,99593.88322049835
2025-03-23 17:45:00+00:00,99593.88322049835
2025-03-23 18:00:00+00:00,99593.88322049835
2025-03-23 18:15:00+00:00,99593.88322049835
2025-03-23 18:30:00+00:00,99593.88322049835
2025-03-23 18:45:00+00:00,99593.88322049835
2025-03-23 19:00:00+00:00,99593.88322049835
2025-03-23 19:15:00+00:00,99593.88322049835
2025-03-23 19:30:00+00:00,99593.88322049835
2025-03-23 19:45:00+00:00,99593.88322049835
2025-03-23 20:00:00+00:00,99593.88322049835
2025-03-23 20:15:00+00:00,99593.88322049835
2025-03-23 20:30:00+00:00,99593.88322049835
2025-03-23 20:45:00+00:00,99593.88322049835
2025-03-23 21:00:00+00:00,99593.88322049835
2025-03-23 21:15:00+00:00,99593.88322049835
2025-03-23 21:30:00+00:00,99593.88322049835
2025-03-23 21:45:00+00:00,99593.88322049835
2025-03-23 22:00:00+00:00,99593.88322049835
2025-03-23 22:15:00+00:00,99593.88322049835
2025-03-23 22:30:00+00:00,99593.88322049835
2025-03-23 22:45:00+00:00,99593.88322049835
2025-03-23 23:00:00+00:00,99593.88322049835
2025-03-23 23:15:00+00:00,99593.88322049835
2025-03-23 23:30:00+00:00,99593.88322049835
2025-03-23 23:45:00+00:00,99593.88322049835
2025-03-24 00:00:00+00:00,99593.88322049835
2025-03-24 00:15:00+00:00,99593.88322049835
2025-03-24 00:30:00+00:00,99593.88322049835
2025-03-24 00:45:00+00:00,99593.88322049835
2025-03-24 01:00:00+00:00,99593.88322049835
2025-03-24 01:15:00+00:00,99593.88322049835
2025-03-24 01:30:00+00:00,99593.88322049835
2025-03-24 01:45:00+00:00,99593.88322049835
2025-03-24 02:00:00+00:00,99593.88322049835
2025-03-24 02:15:00+00:00,99593.88322049835
2025-03-24 02:30:00+00:00,99593.88322049835
2025-03-24 02:45:00+00:00,99593.88322049835
2025-03-24 03:00:00+00:00,99593.88322049835
2025-03-24 03:15:00+00:00,99593.88322049835
2025-03-24 03:30:00+00:00,99593.88322049835
2025-03-24 03:45:00+00:00,99593.88322049835
2025-03-24 04:00:00+00:00,99593.88322049835
2025-03-24 04:15:00+00:00,99594.00484382246
2025-03-24 04:30:00+00:00,99591.96774321621
2025-03-24 04:45:00+00:00,99591.7587059824
2025-03-24 05:00:00+00:00,99589.61083087565
2025-03-24 05:15:00+00:00,99591.33078383679
2025-03-24 05:30:00+00:00,99589.79472134067
2025-03-24 05:45:00+00:00,99590.75934276251
2025-03-24 06:00:00+00:00,99578.21297161978
2025-03-24 06:15:00+00:00,99578.21297161978
2025-03-24 06:30:00+00:00,99578.21297161978
2025-03-24 06:45:00+00:00,99578.21297161978
2025-03-24 07:00:00+00:00,99578.21297161978
2025-03-24 07:15:00+00:00,99578.21297161978
2025-03-24 07:30:00+00:00,99578.21297161978
2025-03-24 07:45:00+00:00,99578.21297161978
2025-03-24 08:00:00+00:00,99578.21297161978
2025-03-24 08:15:00+00:00,99578.21297161978
2025-03-24 08:30:00+00:00,99578.21297161978
2025-03-24 08:45:00+00:00,99578.21297161978
2025-03-24 09:00:00+00:00,99578.21297161978
2025-03-24 09:15:00+00:00,99578.21297161978
2025-03-24 09:30:00+00:00,99578.21297161978
2025-03-24 09:45:00+00:00,99578.21297161978
2025-03-24 10:00:00+00:00,99578.21297161978
2025-03-24 10:15:00+00:00,99578.21297161978
2025-03-24 10:30:00+00:00,99578.21297161978
2025-03-24 10:45:00+00:00,99578.21297161978
2025-03-24 11:00:00+00:00,99578.21297161978
2025-03-24 11:15:00+00:00,99578.21297161978
2025-03-24 11:30:00+00:00,99578.21297161978
2025-03-24 11:45:00+00:00,99578.21297161978
2025-03-24 12:00:00+00:00,99578.21297161978
2025-03-24 12:15:00+00:00,99578.21297161978
2025-03-24 12:30:00+00:00,99578.21297161978
2025-03-24 12:45:00+00:00,99578.21297161978
2025-03-24 13:00:00+00:00,99578.21297161978
2025-03-24 13:15:00+00:00,99578.21297161978
2025-03-24 13:30:00+00:00,99578.21297161978
2025-03-24 13:45:00+00:00,99578.21297161978
2025-03-24 14:00:00+00:00,99578.21297161978
2025-03-24 14:15:00+00:00,99578.21297161978
2025-03-24 14:30:00+00:00,99578.21297161978
2025-03-24 14:45:00+00:00,99578.21297161978
2025-03-24 15:00:00+00:00,99578.21297161978
2025-03-24 15:15:00+00:00,99578.21297161978
2025-03-24 15:30:00+00:00,99578.21297161978
2025-03-24 15:45:00+00:00,99578.21297161978
2025-03-24 16:00:00+00:00,99578.21297161978
2025-03-24 16:15:00+00:00,99578.21297161978
2025-03-24 16:30:00+00:00,99578.21297161978
2025-03-24 16:45:00+00:00,99578.21297161978
2025-03-24 17:00:00+00:00,99578.21297161978
2025-03-24 17:15:00+00:00,99578.21297161978
2025-03-24 17:30:00+00:00,99578.21297161978
2025-03-24 17:45:00+00:00,99578.21297161978
2025-03-24 18:00:00+00:00,99578.21297161978
2025-03-24 18:15:00+00:00,99578.21297161978
2025-03-24 18:30:00+00:00,99578.21297161978
2025-03-24 18:45:00+00:00,99578.21297161978
2025-03-24 19:00:00+00:00,99578.21297161978
2025-03-24 19:15:00+00:00,99578.21297161978
2025-03-24 19:30:00+00:00,99578.21297161978
2025-03-24 19:45:00+00:00,99578.21297161978
2025-03-24 20:00:00+00:00,99578.21297161978
2025-03-24 20:15:00+00:00,99578.21297161978
2025-03-24 20:30:00+00:00,99578.21297161978
2025-03-24 20:45:00+00:00,99578.21297161978
2025-03-24 21:00:00+00:00,99578.21297161978
2025-03-24 21:15:00+00:00,99578.21297161978
2025-03-24 21:30:00+00:00,99578.21297161978
2025-03-24 21:45:00+00:00,99578.21297161978
2025-03-24 22:00:00+00:00,99578.21297161978
2025-03-24 22:15:00+00:00,99578.21297161978
2025-03-24 22:30:00+00:00,99578.21297161978
2025-03-24 22:45:00+00:00,99578.21297161978
2025-03-24 23:00:00+00:00,99578.21297161978
2025-03-24 23:15:00+00:00,99578.21297161978
2025-03-24 23:30:00+00:00,99578.21297161978
2025-03-24 23:45:00+00:00,99578.21297161978
2025-03-25 00:00:00+00:00,99578.21297161978
2025-03-25 00:15:00+00:00,99578.21297161978
2025-03-25 00:30:00+00:00,99578.21297161978
2025-03-25 00:45:00+00:00,99578.21297161978
2025-03-25 01:00:00+00:00,99578.21297161978
2025-03-25 01:15:00+00:00,99578.21297161978
2025-03-25 01:30:00+00:00,99578.21297161978
2025-03-25 01:45:00+00:00,99578.21297161978
2025-03-25 02:00:00+00:00,99578.21297161978
2025-03-25 02:15:00+00:00,99578.21297161978
2025-03-25 02:30:00+00:00,99578.21297161978
2025-03-25 02:45:00+00:00,99578.21297161978
2025-03-25 03:00:00+00:00,99578.21297161978
2025-03-25 03:15:00+00:00,99578.21297161978
2025-03-25 03:30:00+00:00,99578.21297161978
2025-03-25 03:45:00+00:00,99578.21297161978
2025-03-25 04:00:00+00:00,99578.21297161978
2025-03-25 04:15:00+00:00,99578.21297161978
2025-03-25 04:30:00+00:00,99578.21297161978
2025-03-25 04:45:00+00:00,99578.21297161978
2025-03-25 05:00:00+00:00,99578.21297161978
2025-03-25 05:15:00+00:00,99578.21297161978
2025-03-25 05:30:00+00:00,99578.21297161978
2025-03-25 05:45:00+00:00,99578.21297161978
2025-03-25 06:00:00+00:00,99578.21297161978
2025-03-25 06:15:00+00:00,99578.21297161978
2025-03-25 06:30:00+00:00,99578.21297161978
2025-03-25 06:45:00+00:00,99578.21297161978
2025-03-25 07:00:00+00:00,99578.21297161978
2025-03-25 07:15:00+00:00,99578.21297161978
2025-03-25 07:30:00+00:00,99578.21297161978
2025-03-25 07:45:00+00:00,99578.21297161978
2025-03-25 08:00:00+00:00,99578.21297161978
2025-03-25 08:15:00+00:00,99578.21297161978
2025-03-25 08:30:00+00:00,99578.21297161978
2025-03-25 08:45:00+00:00,99578.21297161978
2025-03-25 09:00:00+00:00,99578.21297161978
2025-03-25 09:15:00+00:00,99578.21297161978
2025-03-25 09:30:00+00:00,99578.21297161978
2025-03-25 09:45:00+00:00,99578.21297161978
2025-03-25 10:00:00+00:00,99578.21297161978
2025-03-25 10:15:00+00:00,99578.21297161978
2025-03-25 10:30:00+00:00,99578.21297161978
2025-03-25 10:45:00+00:00,99578.21297161978
2025-03-25 11:00:00+00:00,99578.21297161978
2025-03-25 11:15:00+00:00,99578.21297161978
2025-03-25 11:30:00+00:00,99578.21297161978
2025-03-25 11:45:00+00:00,99578.21297161978
2025-03-25 12:00:00+00:00,99578.21297161978
2025-03-25 12:15:00+00:00,99578.21297161978
2025-03-25 12:30:00+00:00,99578.21297161978
2025-03-25 12:45:00+00:00,99578.21297161978
2025-03-25 13:00:00+00:00,99578.21297161978
2025-03-25 13:15:00+00:00,99578.21297161978
2025-03-25 13:30:00+00:00,99578.21297161978
2025-03-25 13:45:00+00:00,99578.21297161978
2025-03-25 14:00:00+00:00,99578.21297161978
2025-03-25 14:15:00+00:00,99578.21297161978
2025-03-25 14:30:00+00:00,99578.21297161978
2025-03-25 14:45:00+00:00,99578.21297161978
2025-03-25 15:00:00+00:00,99578.21297161978
2025-03-25 15:15:00+00:00,99578.21297161978
2025-03-25 15:30:00+00:00,99578.21297161978
2025-03-25 15:45:00+00:00,99578.21297161978
2025-03-25 16:00:00+00:00,99578.21297161978
2025-03-25 16:15:00+00:00,99578.21297161978
2025-03-25 16:30:00+00:00,99578.21297161978
2025-03-25 16:45:00+00:00,99578.21297161978
2025-03-25 17:00:00+00:00,99578.21297161978
2025-03-25 17:15:00+00:00,99578.21297161978
2025-03-25 17:30:00+00:00,99578.21297161978
2025-03-25 17:45:00+00:00,99578.21297161978
2025-03-25 18:00:00+00:00,99578.21297161978
2025-03-25 18:15:00+00:00,99578.21297161978
2025-03-25 18:30:00+00:00,99578.21297161978
2025-03-25 18:45:00+00:00,99578.21297161978
2025-03-25 19:00:00+00:00,99578.21297161978
2025-03-25 19:15:00+00:00,99578.21297161978
2025-03-25 19:30:00+00:00,99578.21297161978
2025-03-25 19:45:00+00:00,99578.21297161978
2025-03-25 20:00:00+00:00,99578.21297161978
2025-03-25 20:15:00+00:00,99578.21297161978
2025-03-25 20:30:00+00:00,99578.21297161978
2025-03-25 20:45:00+00:00,99578.21297161978
2025-03-25 21:00:00+00:00,99578.21297161978
2025-03-25 21:15:00+00:00,99578.21297161978
2025-03-25 21:30:00+00:00,99578.21297161978
2025-03-25 21:45:00+00:00,99578.21297161978
2025-03-25 22:00:00+00:00,99578.21297161978
2025-03-25 22:15:00+00:00,99578.21297161978
2025-03-25 22:30:00+00:00,99578.21297161978
2025-03-25 22:45:00+00:00,99578.21297161978
2025-03-25 23:00:00+00:00,99578.21297161978
2025-03-25 23:15:00+00:00,99578.21297161978
2025-03-25 23:30:00+00:00,99578.21297161978
2025-03-25 23:45:00+00:00,99578.21297161978
2025-03-26 00:00:00+00:00,99578.21297161978
2025-03-26 00:15:00+00:00,99578.21297161978
2025-03-26 00:30:00+00:00,99578.21297161978
2025-03-26 00:45:00+00:00,99578.21297161978
2025-03-26 01:00:00+00:00,99578.21297161978
2025-03-26 01:15:00+00:00,99578.21297161978
2025-03-26 01:30:00+00:00,99578.21297161978
2025-03-26 01:45:00+00:00,99578.21297161978
2025-03-26 02:00:00+00:00,99578.21297161978
2025-03-26 02:15:00+00:00,99578.21297161978
2025-03-26 02:30:00+00:00,99578.21297161978
2025-03-26 02:45:00+00:00,99578.21297161978
2025-03-26 03:00:00+00:00,99578.21297161978
2025-03-26 03:15:00+00:00,99578.21297161978
2025-03-26 03:30:00+00:00,99578.21297161978
2025-03-26 03:45:00+00:00,99578.21297161978
2025-03-26 04:00:00+00:00,99578.21297161978
2025-03-26 04:15:00+00:00,99578.21297161978
2025-03-26 04:30:00+00:00,99578.21297161978
2025-03-26 04:45:00+00:00,99578.21297161978
2025-03-26 05:00:00+00:00,99578.21297161978
2025-03-26 05:15:00+00:00,99578.21297161978
2025-03-26 05:30:00+00:00,99578.21297161978
2025-03-26 05:45:00+00:00,99578.21297161978
2025-03-26 06:00:00+00:00,99578.21297161978
2025-03-26 06:15:00+00:00,99578.21297161978
2025-03-26 06:30:00+00:00,99578.21297161978
2025-03-26 06:45:00+00:00,99578.21297161978
2025-03-26 07:00:00+00:00,99578.21297161978
2025-03-26 07:15:00+00:00,99578.21297161978
2025-03-26 07:30:00+00:00,99578.21297161978
2025-03-26 07:45:00+00:00,99578.21297161978
2025-03-26 08:00:00+00:00,99578.21297161978
2025-03-26 08:15:00+00:00,99578.21297161978
2025-03-26 08:30:00+00:00,99578.21297161978
2025-03-26 08:45:00+00:00,99578.21297161978
2025-03-26 09:00:00+00:00,99578.21297161978
2025-03-26 09:15:00+00:00,99578.21297161978
2025-03-26 09:30:00+00:00,99578.21297161978
2025-03-26 09:45:00+00:00,99578.21297161978
2025-03-26 10:00:00+00:00,99578.21297161978
2025-03-26 10:15:00+00:00,99578.21297161978
2025-03-26 10:30:00+00:00,99578.21297161978
2025-03-26 10:45:00+00:00,99578.21297161978
2025-03-26 11:00:00+00:00,99578.21297161978
2025-03-26 11:15:00+00:00,99578.21297161978
2025-03-26 11:30:00+00:00,99578.21297161978
2025-03-26 11:45:00+00:00,99578.21297161978
2025-03-26 12:00:00+00:00,99578.21297161978
2025-03-26 12:15:00+00:00,99578.21297161978
2025-03-26 12:30:00+00:00,99578.21297161978
2025-03-26 12:45:00+00:00,99578.21297161978
2025-03-26 13:00:00+00:00,99578.21297161978
2025-03-26 13:15:00+00:00,99578.21297161978
2025-03-26 13:30:00+00:00,99578.21297161978
2025-03-26 13:45:00+00:00,99578.21297161978
2025-03-26 14:00:00+00:00,99578.21297161978
2025-03-26 14:15:00+00:00,99578.21297161978
2025-03-26 14:30:00+00:00,99578.21297161978
2025-03-26 14:45:00+00:00,99578.21297161978
2025-03-26 15:00:00+00:00,99578.21297161978
2025-03-26 15:15:00+00:00,99578.21297161978
2025-03-26 15:30:00+00:00,99578.21297161978
2025-03-26 15:45:00+00:00,99578.21297161978
2025-03-26 16:00:00+00:00,99578.21297161978
2025-03-26 16:15:00+00:00,99578.21297161978
2025-03-26 16:30:00+00:00,99573.73001580039
2025-03-26 16:45:00+00:00,99570.61530670553
2025-03-26 17:00:00+00:00,99574.30440567982
2025-03-26 17:15:00+00:00,99572.39845911205
2025-03-26 17:30:00+00:00,99573.68000080697
2025-03-26 17:45:00+00:00,99571.58943356146
2025-03-26 18:00:00+00:00,99573.569881304
2025-03-26 18:15:00+00:00,99572.83276967042
2025-03-26 18:30:00+00:00,99560.52381867374
2025-03-26 18:45:00+00:00,99560.52381867374
2025-03-26 19:00:00+00:00,99560.52381867374
2025-03-26 19:15:00+00:00,99560.52381867374
2025-03-26 19:30:00+00:00,99560.52381867374
2025-03-26 19:45:00+00:00,99560.52381867374
2025-03-26 20:00:00+00:00,99560.52381867374
2025-03-26 20:15:00+00:00,99560.52381867374
2025-03-26 20:30:00+00:00,99560.52381867374
2025-03-26 20:45:00+00:00,99560.52381867374
2025-03-26 21:00:00+00:00,99560.52381867374
2025-03-26 21:15:00+00:00,99560.52381867374
2025-03-26 21:30:00+00:00,99560.52381867374
2025-03-26 21:45:00+00:00,99560.52381867374
2025-03-26 22:00:00+00:00,99560.52381867374
2025-03-26 22:15:00+00:00,99560.52381867374
2025-03-26 22:30:00+00:00,99560.52381867374
2025-03-26 22:45:00+00:00,99560.52381867374
2025-03-26 23:00:00+00:00,99560.52381867374
2025-03-26 23:15:00+00:00,99560.52381867374
2025-03-26 23:30:00+00:00,99560.52381867374
2025-03-26 23:45:00+00:00,99560.52381867374
2025-03-27 00:00:00+00:00,99560.52381867374
2025-03-27 00:15:00+00:00,99560.52381867374
2025-03-27 00:30:00+00:00,99560.52381867374
2025-03-27 00:45:00+00:00,99560.52381867374
2025-03-27 01:00:00+00:00,99560.52381867374
2025-03-27 01:15:00+00:00,99560.52381867374
2025-03-27 01:30:00+00:00,99560.52381867374
2025-03-27 01:45:00+00:00,99560.52381867374
2025-03-27 02:00:00+00:00,99560.52381867374
2025-03-27 02:15:00+00:00,99560.52381867374
2025-03-27 02:30:00+00:00,99560.52381867374
2025-03-27 02:45:00+00:00,99560.52381867374
2025-03-27 03:00:00+00:00,99560.52381867374
2025-03-27 03:15:00+00:00,99560.52381867374
2025-03-27 03:30:00+00:00,99560.52381867374
2025-03-27 03:45:00+00:00,99560.52381867374
2025-03-27 04:00:00+00:00,99560.52381867374
2025-03-27 04:15:00+00:00,99560.52381867374
2025-03-27 04:30:00+00:00,99560.52381867374
2025-03-27 04:45:00+00:00,99560.52381867374
2025-03-27 05:00:00+00:00,99560.52381867374
2025-03-27 05:15:00+00:00,99560.52381867374
2025-03-27 05:30:00+00:00,99560.52381867374
2025-03-27 05:45:00+00:00,99560.52381867374
2025-03-27 06:00:00+00:00,99560.52381867374
2025-03-27 06:15:00+00:00,99560.52381867374
2025-03-27 06:30:00+00:00,99560.52381867374
2025-03-27 06:45:00+00:00,99560.52381867374
2025-03-27 07:00:00+00:00,99560.52381867374
2025-03-27 07:15:00+00:00,99560.52381867374
2025-03-27 07:30:00+00:00,99560.52381867374
2025-03-27 07:45:00+00:00,99560.52381867374
2025-03-27 08:00:00+00:00,99560.52381867374
2025-03-27 08:15:00+00:00,99560.52381867374
2025-03-27 08:30:00+00:00,99560.52381867374
2025-03-27 08:45:00+00:00,99560.52381867374
2025-03-27 09:00:00+00:00,99560.52381867374
2025-03-27 09:15:00+00:00,99560.52381867374
2025-03-27 09:30:00+00:00,99560.52381867374
2025-03-27 09:45:00+00:00,99560.52381867374
2025-03-27 10:00:00+00:00,99560.52381867374
2025-03-27 10:15:00+00:00,99560.52381867374
2025-03-27 10:30:00+00:00,99560.52381867374
2025-03-27 10:45:00+00:00,99560.52381867374
2025-03-27 11:00:00+00:00,99560.52381867374
2025-03-27 11:15:00+00:00,99560.52381867374
2025-03-27 11:30:00+00:00,99560.52381867374
2025-03-27 11:45:00+00:00,99560.52381867374
2025-03-27 12:00:00+00:00,99560.52381867374
2025-03-27 12:15:00+00:00,99560.52381867374
2025-03-27 12:30:00+00:00,99560.52381867374
2025-03-27 12:45:00+00:00,99560.52381867374
2025-03-27 13:00:00+00:00,99560.52381867374
2025-03-27 13:15:00+00:00,99560.52381867374
2025-03-27 13:30:00+00:00,99560.52381867374
2025-03-27 13:45:00+00:00,99560.52381867374
2025-03-27 14:00:00+00:00,99560.52381867374
2025-03-27 14:15:00+00:00,99560.52381867374
2025-03-27 14:30:00+00:00,99560.52381867374
2025-03-27 14:45:00+00:00,99560.52381867374
2025-03-27 15:00:00+00:00,99560.52381867374
2025-03-27 15:15:00+00:00,99560.52381867374
2025-03-27 15:30:00+00:00,99560.52381867374
2025-03-27 15:45:00+00:00,99560.52381867374
2025-03-27 16:00:00+00:00,99560.52381867374
2025-03-27 16:15:00+00:00,99560.52381867374
2025-03-27 16:30:00+00:00,99560.52381867374
2025-03-27 16:45:00+00:00,99560.52381867374
2025-03-27 17:00:00+00:00,99560.52381867374
2025-03-27 17:15:00+00:00,99560.52381867374
2025-03-27 17:30:00+00:00,99560.52381867374
2025-03-27 17:45:00+00:00,99560.52381867374
2025-03-27 18:00:00+00:00,99560.52381867374
2025-03-27 18:15:00+00:00,99560.52381867374
2025-03-27 18:30:00+00:00,99560.52381867374
2025-03-27 18:45:00+00:00,99560.52381867374
2025-03-27 19:00:00+00:00,99560.52381867374
2025-03-27 19:15:00+00:00,99560.52381867374
2025-03-27 19:30:00+00:00,99560.52381867374
2025-03-27 19:45:00+00:00,99560.52381867374
2025-03-27 20:00:00+00:00,99560.52381867374
2025-03-27 20:15:00+00:00,99560.52381867374
2025-03-27 20:30:00+00:00,99560.52381867374
2025-03-27 20:45:00+00:00,99560.52381867374
2025-03-27 21:00:00+00:00,99560.52381867374
2025-03-27 21:15:00+00:00,99560.52381867374
2025-03-27 21:30:00+00:00,99560.52381867374
2025-03-27 21:45:00+00:00,99560.52381867374
2025-03-27 22:00:00+00:00,99560.52381867374
2025-03-27 22:15:00+00:00,99560.52381867374
2025-03-27 22:30:00+00:00,99560.52381867374
2025-03-27 22:45:00+00:00,99560.52381867374
2025-03-27 23:00:00+00:00,99560.52381867374
2025-03-27 23:15:00+00:00,99560.52381867374
2025-03-27 23:30:00+00:00,99560.52381867374
2025-03-27 23:45:00+00:00,99560.52381867374
2025-03-28 00:00:00+00:00,99560.52381867374
2025-03-28 00:15:00+00:00,99560.52381867374
2025-03-28 00:30:00+00:00,99560.52381867374
2025-03-28 00:45:00+00:00,99560.52381867374
2025-03-28 01:00:00+00:00,99560.52381867374
2025-03-28 01:15:00+00:00,99560.52381867374
2025-03-28 01:30:00+00:00,99560.52381867374
2025-03-28 01:45:00+00:00,99560.52381867374
2025-03-28 02:00:00+00:00,99560.52381867374
2025-03-28 02:15:00+00:00,99560.52381867374
2025-03-28 02:30:00+00:00,99560.52381867374
2025-03-28 02:45:00+00:00,99560.52381867374
2025-03-28 03:00:00+00:00,99560.52381867374
2025-03-28 03:15:00+00:00,99560.52381867374
2025-03-28 03:30:00+00:00,99560.52381867374
2025-03-28 03:45:00+00:00,99560.52381867374
2025-03-28 04:00:00+00:00,99560.52381867374
2025-03-28 04:15:00+00:00,99560.52381867374
2025-03-28 04:30:00+00:00,99560.52381867374
2025-03-28 04:45:00+00:00,99560.52381867374
2025-03-28 05:00:00+00:00,99560.52381867374
2025-03-28 05:15:00+00:00,99560.52381867374
2025-03-28 05:30:00+00:00,99560.52381867374
2025-03-28 05:45:00+00:00,99560.52381867374
2025-03-28 06:00:00+00:00,99560.52381867374
2025-03-28 06:15:00+00:00,99560.52381867374
2025-03-28 06:30:00+00:00,99560.52381867374
2025-03-28 06:45:00+00:00,99560.52381867374
2025-03-28 07:00:00+00:00,99560.52381867374
2025-03-28 07:15:00+00:00,99560.52381867374
2025-03-28 07:30:00+00:00,99560.52381867374
2025-03-28 07:45:00+00:00,99560.52381867374
2025-03-28 08:00:00+00:00,99560.52381867374
2025-03-28 08:15:00+00:00,99560.52381867374
2025-03-28 08:30:00+00:00,99560.52381867374
2025-03-28 08:45:00+00:00,99560.52381867374
2025-03-28 09:00:00+00:00,99560.52381867374
2025-03-28 09:15:00+00:00,99560.52381867374
2025-03-28 09:30:00+00:00,99560.52381867374
2025-03-28 09:45:00+00:00,99560.52381867374
2025-03-28 10:00:00+00:00,99560.52381867374
2025-03-28 10:15:00+00:00,99560.52381867374
2025-03-28 10:30:00+00:00,99560.52381867374
2025-03-28 10:45:00+00:00,99560.52381867374
2025-03-28 11:00:00+00:00,99560.52381867374
2025-03-28 11:15:00+00:00,99560.52381867374
2025-03-28 11:30:00+00:00,99560.52381867374
2025-03-28 11:45:00+00:00,99560.52381867374
2025-03-28 12:00:00+00:00,99560.52381867374
2025-03-28 12:15:00+00:00,99560.52381867374
2025-03-28 12:30:00+00:00,99560.52381867374
2025-03-28 12:45:00+00:00,99560.52381867374
2025-03-28 13:00:00+00:00,99560.52381867374
2025-03-28 13:15:00+00:00,99560.52381867374
2025-03-28 13:30:00+00:00,99560.52381867374
2025-03-28 13:45:00+00:00,99560.52381867374
2025-03-28 14:00:00+00:00,99560.52381867374
2025-03-28 14:15:00+00:00,99560.52381867374
2025-03-28 14:30:00+00:00,99560.52381867374
2025-03-28 14:45:00+00:00,99560.52381867374
2025-03-28 15:00:00+00:00,99560.52381867374
2025-03-28 15:15:00+00:00,99560.52381867374
2025-03-28 15:30:00+00:00,99560.52381867374
2025-03-28 15:45:00+00:00,99560.52381867374
2025-03-28 16:00:00+00:00,99560.52381867374
2025-03-28 16:15:00+00:00,99561.33967034877
2025-03-28 16:30:00+00:00,99561.03382379121
2025-03-28 16:45:00+00:00,99558.80508898417
2025-03-28 17:00:00+00:00,99556.37400233903
2025-03-28 17:15:00+00:00,99558.03213835845
2025-03-28 17:30:00+00:00,99557.89394786261
2025-03-28 17:45:00+00:00,99562.61942367602
2025-03-28 18:00:00+00:00,99563.82649901051
2025-03-28 18:15:00+00:00,99558.10121300152
2025-03-28 18:30:00+00:00,99558.10121300152
2025-03-28 18:45:00+00:00,99558.10121300152
2025-03-28 19:00:00+00:00,99558.10121300152
2025-03-28 19:15:00+00:00,99558.10121300152
2025-03-28 19:30:00+00:00,99558.10121300152
2025-03-28 19:45:00+00:00,99558.10121300152
2025-03-28 20:00:00+00:00,99558.10121300152
2025-03-28 20:15:00+00:00,99558.10121300152
2025-03-28 20:30:00+00:00,99558.10121300152
2025-03-28 20:45:00+00:00,99558.10121300152
2025-03-28 21:00:00+00:00,99558.10121300152
2025-03-28 21:15:00+00:00,99558.10121300152
2025-03-28 21:30:00+00:00,99558.10121300152
2025-03-28 21:45:00+00:00,99558.10121300152
2025-03-28 22:00:00+00:00,99558.10121300152
2025-03-28 22:15:00+00:00,99558.10121300152
2025-03-28 22:30:00+00:00,99558.10121300152
2025-03-28 22:45:00+00:00,99558.10121300152
2025-03-28 23:00:00+00:00,99558.10121300152
2025-03-28 23:15:00+00:00,99558.10121300152
2025-03-28 23:30:00+00:00,99558.10121300152
2025-03-28 23:45:00+00:00,99558.10121300152
2025-03-29 00:00:00+00:00,99558.10121300152
2025-03-29 00:15:00+00:00,99558.10121300152
2025-03-29 00:30:00+00:00,99558.10121300152
2025-03-29 00:45:00+00:00,99558.10121300152
2025-03-29 01:00:00+00:00,99558.10121300152
2025-03-29 01:15:00+00:00,99558.10121300152
2025-03-29 01:30:00+00:00,99558.10121300152
2025-03-29 01:45:00+00:00,99558.10121300152
2025-03-29 02:00:00+00:00,99558.10121300152
2025-03-29 02:15:00+00:00,99558.10121300152
2025-03-29 02:30:00+00:00,99558.10121300152
2025-03-29 02:45:00+00:00,99558.10121300152
2025-03-29 03:00:00+00:00,99558.10121300152
2025-03-29 03:15:00+00:00,99558.10121300152
2025-03-29 03:30:00+00:00,99558.10121300152
2025-03-29 03:45:00+00:00,99558.10121300152
2025-03-29 04:00:00+00:00,99558.10121300152
2025-03-29 04:15:00+00:00,99558.10121300152
2025-03-29 04:30:00+00:00,99558.10121300152
2025-03-29 04:45:00+00:00,99558.10121300152
2025-03-29 05:00:00+00:00,99558.10121300152
2025-03-29 05:15:00+00:00,99558.10121300152
2025-03-29 05:30:00+00:00,99558.10121300152
2025-03-29 05:45:00+00:00,99558.10121300152
2025-03-29 06:00:00+00:00,99558.10121300152
2025-03-29 06:15:00+00:00,99558.10121300152
2025-03-29 06:30:00+00:00,99558.10121300152
2025-03-29 06:45:00+00:00,99558.10121300152
2025-03-29 07:00:00+00:00,99558.10121300152
2025-03-29 07:15:00+00:00,99558.10121300152
2025-03-29 07:30:00+00:00,99558.10121300152
2025-03-29 07:45:00+00:00,99558.10121300152
2025-03-29 08:00:00+00:00,99558.10121300152
2025-03-29 08:15:00+00:00,99558.10121300152
2025-03-29 08:30:00+00:00,99558.10121300152
2025-03-29 08:45:00+00:00,99558.10121300152
2025-03-29 09:00:00+00:00,99558.10121300152
2025-03-29 09:15:00+00:00,99558.10121300152
2025-03-29 09:30:00+00:00,99558.10121300152
2025-03-29 09:45:00+00:00,99558.10121300152
2025-03-29 10:00:00+00:00,99558.10121300152
2025-03-29 10:15:00+00:00,99558.10121300152
2025-03-29 10:30:00+00:00,99558.10121300152
2025-03-29 10:45:00+00:00,99558.10121300152
2025-03-29 11:00:00+00:00,99558.10121300152
2025-03-29 11:15:00+00:00,99558.10121300152
2025-03-29 11:30:00+00:00,99558.10121300152
2025-03-29 11:45:00+00:00,99558.10121300152
2025-03-29 12:00:00+00:00,99558.10121300152
2025-03-29 12:15:00+00:00,99558.10121300152
2025-03-29 12:30:00+00:00,99558.10121300152
2025-03-29 12:45:00+00:00,99558.10121300152
2025-03-29 13:00:00+00:00,99558.10121300152
2025-03-29 13:15:00+00:00,99558.10121300152
2025-03-29 13:30:00+00:00,99558.10121300152
2025-03-29 13:45:00+00:00,99558.10121300152
2025-03-29 14:00:00+00:00,99558.10121300152
2025-03-29 14:15:00+00:00,99558.10121300152
2025-03-29 14:30:00+00:00,99558.10121300152
2025-03-29 14:45:00+00:00,99558.10121300152
2025-03-29 15:00:00+00:00,99558.10121300152
2025-03-29 15:15:00+00:00,99558.10121300152
2025-03-29 15:30:00+00:00,99558.10121300152
2025-03-29 15:45:00+00:00,99558.10121300152
2025-03-29 16:00:00+00:00,99558.10121300152
2025-03-29 16:15:00+00:00,99558.10121300152
2025-03-29 16:30:00+00:00,99558.10121300152
2025-03-29 16:45:00+00:00,99558.10121300152
2025-03-29 17:00:00+00:00,99558.10121300152
2025-03-29 17:15:00+00:00,99558.10121300152
2025-03-29 17:30:00+00:00,99558.10121300152
2025-03-29 17:45:00+00:00,99558.10121300152
2025-03-29 18:00:00+00:00,99558.10121300152
2025-03-29 18:15:00+00:00,99558.10121300152
2025-03-29 18:30:00+00:00,99558.10121300152
2025-03-29 18:45:00+00:00,99558.10121300152
2025-03-29 19:00:00+00:00,99558.10121300152
2025-03-29 19:15:00+00:00,99558.10121300152
2025-03-29 19:30:00+00:00,99558.10121300152
2025-03-29 19:45:00+00:00,99558.10121300152
2025-03-29 20:00:00+00:00,99558.10121300152
2025-03-29 20:15:00+00:00,99558.10121300152
2025-03-29 20:30:00+00:00,99558.10121300152
2025-03-29 20:45:00+00:00,99558.10121300152
2025-03-29 21:00:00+00:00,99558.10121300152
2025-03-29 21:15:00+00:00,99558.10121300152
2025-03-29 21:30:00+00:00,99558.10121300152
2025-03-29 21:45:00+00:00,99558.10121300152
2025-03-29 22:00:00+00:00,99558.10121300152
2025-03-29 22:15:00+00:00,99558.10121300152
2025-03-29 22:30:00+00:00,99558.10121300152
2025-03-29 22:45:00+00:00,99558.10121300152
2025-03-29 23:00:00+00:00,99558.10121300152
2025-03-29 23:15:00+00:00,99558.10121300152
2025-03-29 23:30:00+00:00,99558.10121300152
2025-03-29 23:45:00+00:00,99558.10121300152
2025-03-30 00:00:00+00:00,99558.10121300152
2025-03-30 00:15:00+00:00,99558.10121300152
2025-03-30 00:30:00+00:00,99558.10121300152
2025-03-30 00:45:00+00:00,99558.10121300152
2025-03-30 01:00:00+00:00,99558.10121300152
2025-03-30 01:15:00+00:00,99558.10121300152
2025-03-30 01:30:00+00:00,99558.10121300152
2025-03-30 01:45:00+00:00,99558.10121300152
2025-03-30 02:00:00+00:00,99558.10121300152
2025-03-30 02:15:00+00:00,99558.10121300152
2025-03-30 02:30:00+00:00,99558.10121300152
2025-03-30 02:45:00+00:00,99558.10121300152
2025-03-30 03:00:00+00:00,99558.10121300152
2025-03-30 03:15:00+00:00,99558.10121300152
2025-03-30 03:30:00+00:00,99558.10121300152
2025-03-30 03:45:00+00:00,99558.10121300152
2025-03-30 04:00:00+00:00,99558.10121300152
2025-03-30 04:15:00+00:00,99558.10121300152
2025-03-30 04:30:00+00:00,99558.10121300152
2025-03-30 04:45:00+00:00,99558.10121300152
2025-03-30 05:00:00+00:00,99558.10121300152
2025-03-30 05:15:00+00:00,99558.10121300152
2025-03-30 05:30:00+00:00,99558.10121300152
2025-03-30 05:45:00+00:00,99558.10121300152
2025-03-30 06:00:00+00:00,99558.10121300152
2025-03-30 06:15:00+00:00,99558.10121300152
2025-03-30 06:30:00+00:00,99558.10121300152
2025-03-30 06:45:00+00:00,99558.10121300152
2025-03-30 07:00:00+00:00,99558.10121300152
2025-03-30 07:15:00+00:00,99558.10121300152
2025-03-30 07:30:00+00:00,99558.10121300152
2025-03-30 07:45:00+00:00,99558.10121300152
2025-03-30 08:00:00+00:00,99558.10121300152
2025-03-30 08:15:00+00:00,99558.10121300152
2025-03-30 08:30:00+00:00,99558.10121300152
2025-03-30 08:45:00+00:00,99558.10121300152
2025-03-30 09:00:00+00:00,99558.10121300152
2025-03-30 09:15:00+00:00,99558.10121300152
2025-03-30 09:30:00+00:00,99558.10121300152
2025-03-30 09:45:00+00:00,99558.10121300152
2025-03-30 10:00:00+00:00,99558.10121300152
2025-03-30 10:15:00+00:00,99558.10121300152
2025-03-30 10:30:00+00:00,99558.10121300152
2025-03-30 10:45:00+00:00,99558.10121300152
2025-03-30 11:00:00+00:00,99558.10121300152
2025-03-30 11:15:00+00:00,99558.10121300152
2025-03-30 11:30:00+00:00,99558.10121300152
2025-03-30 11:45:00+00:00,99558.10121300152
2025-03-30 12:00:00+00:00,99558.10121300152
2025-03-30 12:15:00+00:00,99558.10121300152
2025-03-30 12:30:00+00:00,99558.10121300152
2025-03-30 12:45:00+00:00,99558.10121300152
2025-03-30 13:00:00+00:00,99558.10121300152
2025-03-30 13:15:00+00:00,99558.10121300152
2025-03-30 13:30:00+00:00,99558.10121300152
2025-03-30 13:45:00+00:00,99558.10121300152
2025-03-30 14:00:00+00:00,99558.10121300152
2025-03-30 14:15:00+00:00,99558.10121300152
2025-03-30 14:30:00+00:00,99558.10121300152
2025-03-30 14:45:00+00:00,99558.10121300152
2025-03-30 15:00:00+00:00,99558.10121300152
2025-03-30 15:15:00+00:00,99558.10121300152
2025-03-30 15:30:00+00:00,99558.10121300152
2025-03-30 15:45:00+00:00,99558.10121300152
2025-03-30 16:00:00+00:00,99558.10121300152
2025-03-30 16:15:00+00:00,99558.10121300152
2025-03-30 16:30:00+00:00,99558.10121300152
2025-03-30 16:45:00+00:00,99558.10121300152
2025-03-30 17:00:00+00:00,99558.10121300152
2025-03-30 17:15:00+00:00,99558.10121300152
2025-03-30 17:30:00+00:00,99558.10121300152
2025-03-30 17:45:00+00:00,99558.10121300152
2025-03-30 18:00:00+00:00,99558.10121300152
2025-03-30 18:15:00+00:00,99558.10121300152
2025-03-30 18:30:00+00:00,99558.10121300152
2025-03-30 18:45:00+00:00,99558.10121300152
2025-03-30 19:00:00+00:00,99558.10121300152
2025-03-30 19:15:00+00:00,99558.10121300152
2025-03-30 19:30:00+00:00,99558.10121300152
2025-03-30 19:45:00+00:00,99558.10121300152
2025-03-30 20:00:00+00:00,99558.10121300152
2025-03-30 20:15:00+00:00,99559.01269684864
2025-03-30 20:30:00+00:00,99557.83083352922
2025-03-30 20:45:00+00:00,99558.46984020551
2025-03-30 21:00:00+00:00,99556.80288914243
2025-03-30 21:15:00+00:00,99557.9376265738
2025-03-30 21:30:00+00:00,99558.91375400042
2025-03-30 21:45:00+00:00,99558.91375400042
2025-03-30 22:00:00+00:00,99558.91375400042
2025-03-30 22:15:00+00:00,99558.91375400042
2025-03-30 22:30:00+00:00,99558.91375400042
2025-03-30 22:45:00+00:00,99558.91375400042
2025-03-30 23:00:00+00:00,99558.91375400042
2025-03-30 23:15:00+00:00,99558.91375400042
2025-03-30 23:30:00+00:00,99558.91375400042
2025-03-30 23:45:00+00:00,99558.91375400042
2025-03-31 00:00:00+00:00,99558.91375400042
2025-03-31 00:15:00+00:00,99558.91375400042
2025-03-31 00:30:00+00:00,99558.91375400042
2025-03-31 00:45:00+00:00,99558.91375400042
2025-03-31 01:00:00+00:00,99558.91375400042
2025-03-31 01:15:00+00:00,99558.91375400042
2025-03-31 01:30:00+00:00,99558.91375400042
2025-03-31 01:45:00+00:00,99558.91375400042
2025-03-31 02:00:00+00:00,99558.91375400042
2025-03-31 02:15:00+00:00,99558.91375400042
2025-03-31 02:30:00+00:00,99558.91375400042
2025-03-31 02:45:00+00:00,99558.91375400042
2025-03-31 03:00:00+00:00,99558.91375400042
2025-03-31 03:15:00+00:00,99558.91375400042
2025-03-31 03:30:00+00:00,99558.91375400042
2025-03-31 03:45:00+00:00,99558.91375400042
2025-03-31 04:00:00+00:00,99558.91375400042
2025-03-31 04:15:00+00:00,99558.91375400042
2025-03-31 04:30:00+00:00,99558.91375400042
2025-03-31 04:45:00+00:00,99558.91375400042
2025-03-31 05:00:00+00:00,99558.91375400042
2025-03-31 05:15:00+00:00,99558.91375400042
2025-03-31 05:30:00+00:00,99558.91375400042
2025-03-31 05:45:00+00:00,99558.91375400042
2025-03-31 06:00:00+00:00,99558.91375400042
2025-03-31 06:15:00+00:00,99558.91375400042
2025-03-31 06:30:00+00:00,99558.91375400042
2025-03-31 06:45:00+00:00,99558.91375400042
2025-03-31 07:00:00+00:00,99558.91375400042
2025-03-31 07:15:00+00:00,99558.91375400042
2025-03-31 07:30:00+00:00,99558.91375400042
2025-03-31 07:45:00+00:00,99558.91375400042
2025-03-31 08:00:00+00:00,99558.91375400042
2025-03-31 08:15:00+00:00,99558.91375400042
2025-03-31 08:30:00+00:00,99558.91375400042
2025-03-31 08:45:00+00:00,99558.91375400042
2025-03-31 09:00:00+00:00,99558.91375400042
2025-03-31 09:15:00+00:00,99558.91375400042
2025-03-31 09:30:00+00:00,99558.91375400042
2025-03-31 09:45:00+00:00,99558.91375400042
2025-03-31 10:00:00+00:00,99558.91375400042
2025-03-31 10:15:00+00:00,99558.91375400042
2025-03-31 10:30:00+00:00,99558.91375400042
2025-03-31 10:45:00+00:00,99558.91375400042
2025-03-31 11:00:00+00:00,99558.91375400042
2025-03-31 11:15:00+00:00,99558.91375400042
2025-03-31 11:30:00+00:00,99558.91375400042
2025-03-31 11:45:00+00:00,99558.91375400042
2025-03-31 12:00:00+00:00,99558.91375400042
2025-03-31 12:15:00+00:00,99558.91375400042
2025-03-31 12:30:00+00:00,99558.91375400042
2025-03-31 12:45:00+00:00,99558.91375400042
2025-03-31 13:00:00+00:00,99558.91375400042
2025-03-31 13:15:00+00:00,99558.91375400042
2025-03-31 13:30:00+00:00,99558.91375400042
2025-03-31 13:45:00+00:00,99558.91375400042
2025-03-31 14:00:00+00:00,99558.91375400042
2025-03-31 14:15:00+00:00,99558.91375400042
2025-03-31 14:30:00+00:00,99558.91375400042
2025-03-31 14:45:00+00:00,99558.91375400042
2025-03-31 15:00:00+00:00,99558.91375400042
2025-03-31 15:15:00+00:00,99558.91375400042
2025-03-31 15:30:00+00:00,99558.91375400042
2025-03-31 15:45:00+00:00,99558.91375400042
2025-03-31 16:00:00+00:00,99558.91375400042
2025-03-31 16:15:00+00:00,99554.0058716822
2025-03-31 16:30:00+00:00,99558.25145476163
2025-03-31 16:45:00+00:00,99559.81457219314
2025-03-31 17:00:00+00:00,99556.64377277283
2025-03-31 17:15:00+00:00,99559.62543626838
2025-03-31 17:30:00+00:00,99564.6906845265
2025-03-31 17:45:00+00:00,99564.6906845265
2025-03-31 18:00:00+00:00,99564.6906845265
2025-03-31 18:15:00+00:00,99564.6906845265
2025-03-31 18:30:00+00:00,99564.6906845265
2025-03-31 18:45:00+00:00,99564.6906845265
2025-03-31 19:00:00+00:00,99564.6906845265
2025-03-31 19:15:00+00:00,99564.6906845265
2025-03-31 19:30:00+00:00,99564.6906845265
2025-03-31 19:45:00+00:00,99564.6906845265
2025-03-31 20:00:00+00:00,99564.6906845265
2025-03-31 20:15:00+00:00,99564.6906845265
2025-03-31 20:30:00+00:00,99564.6906845265
2025-03-31 20:45:00+00:00,99564.6906845265
2025-03-31 21:00:00+00:00,99564.6906845265
2025-03-31 21:15:00+00:00,99564.6906845265
2025-03-31 21:30:00+00:00,99564.6906845265
2025-03-31 21:45:00+00:00,99564.6906845265
2025-03-31 22:00:00+00:00,99564.6906845265
2025-03-31 22:15:00+00:00,99564.6906845265
2025-03-31 22:30:00+00:00,99564.6906845265
2025-03-31 22:45:00+00:00,99564.6906845265
2025-03-31 23:00:00+00:00,99564.6906845265
2025-03-31 23:15:00+00:00,99564.6906845265
2025-03-31 23:30:00+00:00,99564.6906845265
2025-03-31 23:45:00+00:00,99564.6906845265
2025-04-01 00:00:00+00:00,99564.6906845265
2025-04-01 00:15:00+00:00,99564.6906845265
2025-04-01 00:30:00+00:00,99564.6906845265
2025-04-01 00:45:00+00:00,99564.6906845265
2025-04-01 01:00:00+00:00,99564.6906845265
2025-04-01 01:15:00+00:00,99564.6906845265
2025-04-01 01:30:00+00:00,99564.6906845265
2025-04-01 01:45:00+00:00,99564.6906845265
2025-04-01 02:00:00+00:00,99564.6906845265
2025-04-01 02:15:00+00:00,99564.6906845265
2025-04-01 02:30:00+00:00,99564.6906845265
2025-04-01 02:45:00+00:00,99564.6906845265
2025-04-01 03:00:00+00:00,99564.6906845265
2025-04-01 03:15:00+00:00,99564.6906845265
2025-04-01 03:30:00+00:00,99564.6906845265
2025-04-01 03:45:00+00:00,99564.6906845265
2025-04-01 04:00:00+00:00,99564.6906845265
2025-04-01 04:15:00+00:00,99564.6906845265
2025-04-01 04:30:00+00:00,99564.6906845265
2025-04-01 04:45:00+00:00,99564.6906845265
2025-04-01 05:00:00+00:00,99564.6906845265
2025-04-01 05:15:00+00:00,99564.6906845265
2025-04-01 05:30:00+00:00,99564.6906845265
2025-04-01 05:45:00+00:00,99564.6906845265
2025-04-01 06:00:00+00:00,99564.6906845265
2025-04-01 06:15:00+00:00,99564.6906845265
2025-04-01 06:30:00+00:00,99564.6906845265
2025-04-01 06:45:00+00:00,99564.6906845265
2025-04-01 07:00:00+00:00,99564.6906845265
2025-04-01 07:15:00+00:00,99564.6906845265
2025-04-01 07:30:00+00:00,99564.6906845265
2025-04-01 07:45:00+00:00,99564.6906845265
2025-04-01 08:00:00+00:00,99564.6906845265
2025-04-01 08:15:00+00:00,99564.6906845265
2025-04-01 08:30:00+00:00,99564.6906845265
2025-04-01 08:45:00+00:00,99564.6906845265
2025-04-01 09:00:00+00:00,99564.6906845265
2025-04-01 09:15:00+00:00,99564.6906845265
2025-04-01 09:30:00+00:00,99564.6906845265
2025-04-01 09:45:00+00:00,99564.6906845265
2025-04-01 10:00:00+00:00,99564.6906845265
2025-04-01 10:15:00+00:00,99564.6906845265
2025-04-01 10:30:00+00:00,99564.6906845265
2025-04-01 10:45:00+00:00,99564.6906845265
2025-04-01 11:00:00+00:00,99564.6906845265
2025-04-01 11:15:00+00:00,99564.6906845265
2025-04-01 11:30:00+00:00,99564.6906845265
2025-04-01 11:45:00+00:00,99564.6906845265
2025-04-01 12:00:00+00:00,99564.6906845265
2025-04-01 12:15:00+00:00,99564.6906845265
2025-04-01 12:30:00+00:00,99564.6906845265
2025-04-01 12:45:00+00:00,99564.6906845265
2025-04-01 13:00:00+00:00,99564.6906845265
2025-04-01 13:15:00+00:00,99564.6906845265
2025-04-01 13:30:00+00:00,99564.6906845265
2025-04-01 13:45:00+00:00,99564.6906845265
2025-04-01 14:00:00+00:00,99564.6906845265
2025-04-01 14:15:00+00:00,99564.6906845265
2025-04-01 14:30:00+00:00,99564.6906845265
2025-04-01 14:45:00+00:00,99564.6906845265
2025-04-01 15:00:00+00:00,99564.6906845265
2025-04-01 15:15:00+00:00,99564.6906845265
2025-04-01 15:30:00+00:00,99564.6906845265
2025-04-01 15:45:00+00:00,99564.6906845265
2025-04-01 16:00:00+00:00,99564.6906845265
2025-04-01 16:15:00+00:00,99569.2445737754
2025-04-01 16:30:00+00:00,99568.81139128123
2025-04-01 16:45:00+00:00,99565.72813809048
2025-04-01 17:00:00+00:00,99565.39494611452
2025-04-01 17:15:00+00:00,99565.51650997171
2025-04-01 17:30:00+00:00,99565.83333892653
2025-04-01 17:45:00+00:00,99565.76560785493
2025-04-01 18:00:00+00:00,99570.23723196764
2025-04-01 18:15:00+00:00,99570.5881038026
2025-04-01 18:30:00+00:00,99570.5881038026
2025-04-01 18:45:00+00:00,99570.5881038026
2025-04-01 19:00:00+00:00,99570.5881038026
2025-04-01 19:15:00+00:00,99570.5881038026
2025-04-01 19:30:00+00:00,99570.5881038026
2025-04-01 19:45:00+00:00,99570.5881038026
2025-04-01 20:00:00+00:00,99570.5881038026
2025-04-01 20:15:00+00:00,99570.5881038026
2025-04-01 20:30:00+00:00,99570.5881038026
2025-04-01 20:45:00+00:00,99566.90663089133
2025-04-01 21:00:00+00:00,99565.8345767087
2025-04-01 21:15:00+00:00,99567.7337323465
2025-04-01 21:30:00+00:00,99557.29786142582
2025-04-01 21:45:00+00:00,99557.29786142582
2025-04-01 22:00:00+00:00,99557.29786142582
2025-04-01 22:15:00+00:00,99557.29786142582
2025-04-01 22:30:00+00:00,99557.29786142582
2025-04-01 22:45:00+00:00,99557.29786142582
2025-04-01 23:00:00+00:00,99557.29786142582
2025-04-01 23:15:00+00:00,99557.29786142582
2025-04-01 23:30:00+00:00,99557.29786142582
2025-04-01 23:45:00+00:00,99557.29786142582
2025-04-02 00:00:00+00:00,99557.29786142582
2025-04-02 00:15:00+00:00,99557.29786142582
2025-04-02 00:30:00+00:00,99557.29786142582
2025-04-02 00:45:00+00:00,99557.29786142582
2025-04-02 01:00:00+00:00,99557.29786142582
2025-04-02 01:15:00+00:00,99557.29786142582
2025-04-02 01:30:00+00:00,99557.29786142582
2025-04-02 01:45:00+00:00,99557.29786142582
2025-04-02 02:00:00+00:00,99557.29786142582
2025-04-02 02:15:00+00:00,99557.29786142582
2025-04-02 02:30:00+00:00,99557.29786142582
2025-04-02 02:45:00+00:00,99557.29786142582
2025-04-02 03:00:00+00:00,99557.29786142582
2025-04-02 03:15:00+00:00,99557.29786142582
2025-04-02 03:30:00+00:00,99557.29786142582
2025-04-02 03:45:00+00:00,99557.29786142582
2025-04-02 04:00:00+00:00,99557.29786142582
2025-04-02 04:15:00+00:00,99557.29786142582
2025-04-02 04:30:00+00:00,99557.29786142582
2025-04-02 04:45:00+00:00,99557.29786142582
2025-04-02 05:00:00+00:00,99557.29786142582
2025-04-02 05:15:00+00:00,99557.29786142582
2025-04-02 05:30:00+00:00,99557.29786142582
2025-04-02 05:45:00+00:00,99557.29786142582
2025-04-02 06:00:00+00:00,99557.29786142582
2025-04-02 06:15:00+00:00,99557.29786142582
2025-04-02 06:30:00+00:00,99557.29786142582
2025-04-02 06:45:00+00:00,99557.29786142582
2025-04-02 07:00:00+00:00,99557.29786142582
2025-04-02 07:15:00+00:00,99557.29786142582
2025-04-02 07:30:00+00:00,99557.29786142582
2025-04-02 07:45:00+00:00,99557.29786142582
2025-04-02 08:00:00+00:00,99557.29786142582
2025-04-02 08:15:00+00:00,99561.3894639021
2025-04-02 08:30:00+00:00,99563.5205330606
2025-04-02 08:45:00+00:00,99563.39126470701
2025-04-02 09:00:00+00:00,99576.25143390735
2025-04-02 09:15:00+00:00,99576.25143390735
2025-04-02 09:30:00+00:00,99576.25143390735
2025-04-02 09:45:00+00:00,99576.25143390735
2025-04-02 10:00:00+00:00,99576.25143390735
2025-04-02 10:15:00+00:00,99576.25143390735
2025-04-02 10:30:00+00:00,99576.25143390735
2025-04-02 10:45:00+00:00,99576.25143390735
2025-04-02 11:00:00+00:00,99576.25143390735
2025-04-02 11:15:00+00:00,99576.25143390735
2025-04-02 11:30:00+00:00,99576.25143390735
2025-04-02 11:45:00+00:00,99576.25143390735
2025-04-02 12:00:00+00:00,99576.25143390735
2025-04-02 12:15:00+00:00,99576.25143390735
2025-04-02 12:30:00+00:00,99576.25143390735
2025-04-02 12:45:00+00:00,99576.25143390735
2025-04-02 13:00:00+00:00,99576.25143390735
2025-04-02 13:15:00+00:00,99576.25143390735
2025-04-02 13:30:00+00:00,99576.25143390735
2025-04-02 13:45:00+00:00,99576.25143390735
2025-04-02 14:00:00+00:00,99576.25143390735
2025-04-02 14:15:00+00:00,99576.25143390735
2025-04-02 14:30:00+00:00,99576.25143390735
2025-04-02 14:45:00+00:00,99576.25143390735
2025-04-02 15:00:00+00:00,99576.25143390735
2025-04-02 15:15:00+00:00,99576.25143390735
2025-04-02 15:30:00+00:00,99576.25143390735
2025-04-02 15:45:00+00:00,99576.25143390735
2025-04-02 16:00:00+00:00,99576.25143390735
2025-04-02 16:15:00+00:00,99576.25143390735
2025-04-02 16:30:00+00:00,99576.25143390735
2025-04-02 16:45:00+00:00,99576.25143390735
2025-04-02 17:00:00+00:00,99576.25143390735
2025-04-02 17:15:00+00:00,99576.25143390735
2025-04-02 17:30:00+00:00,99576.25143390735
2025-04-02 17:45:00+00:00,99576.25143390735
2025-04-02 18:00:00+00:00,99576.25143390735
2025-04-02 18:15:00+00:00,99576.25143390735
2025-04-02 18:30:00+00:00,99576.25143390735
2025-04-02 18:45:00+00:00,99576.25143390735
2025-04-02 19:00:00+00:00,99576.25143390735
2025-04-02 19:15:00+00:00,99576.25143390735
2025-04-02 19:30:00+00:00,99576.25143390735
2025-04-02 19:45:00+00:00,99576.25143390735
2025-04-02 20:00:00+00:00,99576.25143390735
2025-04-02 20:15:00+00:00,99576.25143390735
2025-04-02 20:30:00+00:00,99576.25143390735
2025-04-02 20:45:00+00:00,99576.25143390735
2025-04-02 21:00:00+00:00,99576.25143390735
2025-04-02 21:15:00+00:00,99576.25143390735
2025-04-02 21:30:00+00:00,99576.25143390735
2025-04-02 21:45:00+00:00,99576.25143390735
2025-04-02 22:00:00+00:00,99576.25143390735
2025-04-02 22:15:00+00:00,99576.25143390735
2025-04-02 22:30:00+00:00,99576.25143390735
2025-04-02 22:45:00+00:00,99576.25143390735
2025-04-02 23:00:00+00:00,99576.25143390735
2025-04-02 23:15:00+00:00,99576.25143390735
2025-04-02 23:30:00+00:00,99576.25143390735
2025-04-02 23:45:00+00:00,99576.25143390735
2025-04-03 00:00:00+00:00,99576.25143390735
2025-04-03 00:15:00+00:00,99579.80031361677
2025-04-03 00:30:00+00:00,99584.59282707828
2025-04-03 00:45:00+00:00,99584.6534938156
2025-04-03 01:00:00+00:00,99586.95245580583
2025-04-03 01:15:00+00:00,99589.21962309441
2025-04-03 01:30:00+00:00,99593.36837116265
2025-04-03 01:45:00+00:00,99606.9418806186
2025-04-03 02:00:00+00:00,99606.9418806186
2025-04-03 02:15:00+00:00,99606.9418806186
2025-04-03 02:30:00+00:00,99606.9418806186
2025-04-03 02:45:00+00:00,99606.9418806186
2025-04-03 03:00:00+00:00,99606.9418806186
2025-04-03 03:15:00+00:00,99606.9418806186
2025-04-03 03:30:00+00:00,99606.9418806186
2025-04-03 03:45:00+00:00,99606.9418806186
2025-04-03 04:00:00+00:00,99606.9418806186
2025-04-03 04:15:00+00:00,99606.9418806186
2025-04-03 04:30:00+00:00,99606.9418806186
2025-04-03 04:45:00+00:00,99606.9418806186
2025-04-03 05:00:00+00:00,99606.9418806186
2025-04-03 05:15:00+00:00,99606.9418806186
2025-04-03 05:30:00+00:00,99606.9418806186
2025-04-03 05:45:00+00:00,99606.9418806186
2025-04-03 06:00:00+00:00,99606.9418806186
2025-04-03 06:15:00+00:00,99606.9418806186
2025-04-03 06:30:00+00:00,99606.9418806186
2025-04-03 06:45:00+00:00,99606.9418806186
2025-04-03 07:00:00+00:00,99606.9418806186
2025-04-03 07:15:00+00:00,99606.9418806186
2025-04-03 07:30:00+00:00,99606.9418806186
2025-04-03 07:45:00+00:00,99606.9418806186
2025-04-03 08:00:00+00:00,99606.9418806186
2025-04-03 08:15:00+00:00,99606.9418806186
2025-04-03 08:30:00+00:00,99606.9418806186
2025-04-03 08:45:00+00:00,99606.9418806186
2025-04-03 09:00:00+00:00,99606.9418806186
2025-04-03 09:15:00+00:00,99606.9418806186
2025-04-03 09:30:00+00:00,99606.9418806186
2025-04-03 09:45:00+00:00,99606.9418806186
2025-04-03 10:00:00+00:00,99606.9418806186
2025-04-03 10:15:00+00:00,99606.9418806186
2025-04-03 10:30:00+00:00,99606.9418806186
2025-04-03 10:45:00+00:00,99606.9418806186
2025-04-03 11:00:00+00:00,99606.9418806186
2025-04-03 11:15:00+00:00,99606.9418806186
2025-04-03 11:30:00+00:00,99606.9418806186
2025-04-03 11:45:00+00:00,99606.9418806186
2025-04-03 12:00:00+00:00,99606.9418806186
2025-04-03 12:15:00+00:00,99606.9418806186
2025-04-03 12:30:00+00:00,99606.9418806186
2025-04-03 12:45:00+00:00,99606.9418806186
2025-04-03 13:00:00+00:00,99606.9418806186
2025-04-03 13:15:00+00:00,99606.9418806186
2025-04-03 13:30:00+00:00,99606.9418806186
2025-04-03 13:45:00+00:00,99606.9418806186
2025-04-03 14:00:00+00:00,99606.9418806186
2025-04-03 14:15:00+00:00,99606.9418806186
2025-04-03 14:30:00+00:00,99606.9418806186
2025-04-03 14:45:00+00:00,99606.9418806186
2025-04-03 15:00:00+00:00,99606.9418806186
2025-04-03 15:15:00+00:00,99606.9418806186
2025-04-03 15:30:00+00:00,99606.9418806186
2025-04-03 15:45:00+00:00,99606.9418806186
2025-04-03 16:00:00+00:00,99606.9418806186
2025-04-03 16:15:00+00:00,99606.9418806186
2025-04-03 16:30:00+00:00,99606.9418806186
2025-04-03 16:45:00+00:00,99606.9418806186
2025-04-03 17:00:00+00:00,99606.9418806186
2025-04-03 17:15:00+00:00,99606.9418806186
2025-04-03 17:30:00+00:00,99606.9418806186
2025-04-03 17:45:00+00:00,99606.9418806186
2025-04-03 18:00:00+00:00,99606.9418806186
2025-04-03 18:15:00+00:00,99606.9418806186
2025-04-03 18:30:00+00:00,99606.9418806186
2025-04-03 18:45:00+00:00,99606.9418806186
2025-04-03 19:00:00+00:00,99606.9418806186
2025-04-03 19:15:00+00:00,99606.9418806186
2025-04-03 19:30:00+00:00,99606.9418806186
2025-04-03 19:45:00+00:00,99606.9418806186
2025-04-03 20:00:00+00:00,99606.9418806186
2025-04-03 20:15:00+00:00,99606.9418806186
2025-04-03 20:30:00+00:00,99606.9418806186
2025-04-03 20:45:00+00:00,99606.9418806186
2025-04-03 21:00:00+00:00,99606.9418806186
2025-04-03 21:15:00+00:00,99606.9418806186
2025-04-03 21:30:00+00:00,99606.9418806186
2025-04-03 21:45:00+00:00,99606.9418806186
2025-04-03 22:00:00+00:00,99606.9418806186
2025-04-03 22:15:00+00:00,99606.9418806186
2025-04-03 22:30:00+00:00,99606.9418806186
2025-04-03 22:45:00+00:00,99606.9418806186
2025-04-03 23:00:00+00:00,99606.9418806186
2025-04-03 23:15:00+00:00,99606.9418806186
2025-04-03 23:30:00+00:00,99606.9418806186
2025-04-03 23:45:00+00:00,99606.9418806186
2025-04-04 00:00:00+00:00,99606.9418806186
2025-04-04 00:15:00+00:00,99606.9418806186
2025-04-04 00:30:00+00:00,99606.9418806186
2025-04-04 00:45:00+00:00,99606.9418806186
2025-04-04 01:00:00+00:00,99606.9418806186
2025-04-04 01:15:00+00:00,99606.9418806186
2025-04-04 01:30:00+00:00,99606.9418806186
2025-04-04 01:45:00+00:00,99606.9418806186
2025-04-04 02:00:00+00:00,99606.9418806186
2025-04-04 02:15:00+00:00,99606.9418806186
2025-04-04 02:30:00+00:00,99606.9418806186
2025-04-04 02:45:00+00:00,99606.9418806186
2025-04-04 03:00:00+00:00,99606.9418806186
2025-04-04 03:15:00+00:00,99606.9418806186
2025-04-04 03:30:00+00:00,99606.9418806186
2025-04-04 03:45:00+00:00,99606.9418806186
2025-04-04 04:00:00+00:00,99606.9418806186
2025-04-04 04:15:00+00:00,99606.9418806186
2025-04-04 04:30:00+00:00,99606.9418806186
2025-04-04 04:45:00+00:00,99606.9418806186
2025-04-04 05:00:00+00:00,99606.9418806186
2025-04-04 05:15:00+00:00,99606.9418806186
2025-04-04 05:30:00+00:00,99606.9418806186
2025-04-04 05:45:00+00:00,99606.9418806186
2025-04-04 06:00:00+00:00,99606.9418806186
2025-04-04 06:15:00+00:00,99606.9418806186
2025-04-04 06:30:00+00:00,99606.9418806186
2025-04-04 06:45:00+00:00,99606.9418806186
2025-04-04 07:00:00+00:00,99606.9418806186
2025-04-04 07:15:00+00:00,99606.9418806186
2025-04-04 07:30:00+00:00,99606.9418806186
2025-04-04 07:45:00+00:00,99606.9418806186
2025-04-04 08:00:00+00:00,99606.9418806186
2025-04-04 08:15:00+00:00,99606.9418806186
2025-04-04 08:30:00+00:00,99606.9418806186
2025-04-04 08:45:00+00:00,99606.9418806186
2025-04-04 09:00:00+00:00,99606.9418806186
2025-04-04 09:15:00+00:00,99606.9418806186
2025-04-04 09:30:00+00:00,99606.9418806186
2025-04-04 09:45:00+00:00,99606.9418806186
2025-04-04 10:00:00+00:00,99606.9418806186
2025-04-04 10:15:00+00:00,99606.9418806186
2025-04-04 10:30:00+00:00,99606.9418806186
2025-04-04 10:45:00+00:00,99606.9418806186
2025-04-04 11:00:00+00:00,99606.9418806186
2025-04-04 11:15:00+00:00,99606.9418806186
2025-04-04 11:30:00+00:00,99606.9418806186
2025-04-04 11:45:00+00:00,99606.9418806186
2025-04-04 12:00:00+00:00,99606.9418806186
2025-04-04 12:15:00+00:00,99606.9418806186
2025-04-04 12:30:00+00:00,99606.9418806186
2025-04-04 12:45:00+00:00,99606.9418806186
2025-04-04 13:00:00+00:00,99606.9418806186
2025-04-04 13:15:00+00:00,99606.9418806186
2025-04-04 13:30:00+00:00,99606.9418806186
2025-04-04 13:45:00+00:00,99606.9418806186
2025-04-04 14:00:00+00:00,99606.9418806186
2025-04-04 14:15:00+00:00,99606.9418806186
2025-04-04 14:30:00+00:00,99606.9418806186
2025-04-04 14:45:00+00:00,99606.9418806186
2025-04-04 15:00:00+00:00,99606.9418806186
2025-04-04 15:15:00+00:00,99606.9418806186
2025-04-04 15:30:00+00:00,99606.9418806186
2025-04-04 15:45:00+00:00,99606.9418806186
2025-04-04 16:00:00+00:00,99606.9418806186
2025-04-04 16:15:00+00:00,99606.9418806186
2025-04-04 16:30:00+00:00,99606.9418806186
2025-04-04 16:45:00+00:00,99606.9418806186
2025-04-04 17:00:00+00:00,99606.9418806186
2025-04-04 17:15:00+00:00,99606.9418806186
2025-04-04 17:30:00+00:00,99606.9418806186
2025-04-04 17:45:00+00:00,99606.9418806186
2025-04-04 18:00:00+00:00,99606.9418806186
2025-04-04 18:15:00+00:00,99606.9418806186
2025-04-04 18:30:00+00:00,99606.9418806186
2025-04-04 18:45:00+00:00,99606.9418806186
2025-04-04 19:00:00+00:00,99606.9418806186
2025-04-04 19:15:00+00:00,99606.9418806186
2025-04-04 19:30:00+00:00,99606.9418806186
2025-04-04 19:45:00+00:00,99606.9418806186
2025-04-04 20:00:00+00:00,99606.9418806186
2025-04-04 20:15:00+00:00,99606.9418806186
2025-04-04 20:30:00+00:00,99606.9418806186
2025-04-04 20:45:00+00:00,99606.9418806186
2025-04-04 21:00:00+00:00,99606.9418806186
2025-04-04 21:15:00+00:00,99606.9418806186
2025-04-04 21:30:00+00:00,99606.9418806186
2025-04-04 21:45:00+00:00,99606.9418806186
2025-04-04 22:00:00+00:00,99606.9418806186
2025-04-04 22:15:00+00:00,99606.9418806186
2025-04-04 22:30:00+00:00,99606.9418806186
2025-04-04 22:45:00+00:00,99606.9418806186
2025-04-04 23:00:00+00:00,99606.9418806186
2025-04-04 23:15:00+00:00,99606.9418806186
2025-04-04 23:30:00+00:00,99606.9418806186
2025-04-04 23:45:00+00:00,99606.9418806186
2025-04-05 00:00:00+00:00,99606.9418806186
2025-04-05 00:15:00+00:00,99606.9418806186
2025-04-05 00:30:00+00:00,99606.9418806186
2025-04-05 00:45:00+00:00,99606.9418806186
2025-04-05 01:00:00+00:00,99606.9418806186
2025-04-05 01:15:00+00:00,99606.9418806186
2025-04-05 01:30:00+00:00,99606.9418806186
2025-04-05 01:45:00+00:00,99606.9418806186
2025-04-05 02:00:00+00:00,99606.9418806186
2025-04-05 02:15:00+00:00,99606.9418806186
2025-04-05 02:30:00+00:00,99606.9418806186
2025-04-05 02:45:00+00:00,99606.9418806186
2025-04-05 03:00:00+00:00,99606.9418806186
2025-04-05 03:15:00+00:00,99606.9418806186
2025-04-05 03:30:00+00:00,99606.9418806186
2025-04-05 03:45:00+00:00,99606.9418806186
2025-04-05 04:00:00+00:00,99606.9418806186
2025-04-05 04:15:00+00:00,99606.9418806186
2025-04-05 04:30:00+00:00,99606.9418806186
2025-04-05 04:45:00+00:00,99606.9418806186
2025-04-05 05:00:00+00:00,99606.9418806186
2025-04-05 05:15:00+00:00,99606.9418806186
2025-04-05 05:30:00+00:00,99606.9418806186
2025-04-05 05:45:00+00:00,99606.9418806186
2025-04-05 06:00:00+00:00,99606.9418806186
2025-04-05 06:15:00+00:00,99606.9418806186
2025-04-05 06:30:00+00:00,99606.9418806186
2025-04-05 06:45:00+00:00,99606.9418806186
2025-04-05 07:00:00+00:00,99606.9418806186
2025-04-05 07:15:00+00:00,99606.9418806186
2025-04-05 07:30:00+00:00,99606.9418806186
2025-04-05 07:45:00+00:00,99606.9418806186
2025-04-05 08:00:00+00:00,99606.9418806186
2025-04-05 08:15:00+00:00,99606.9418806186
2025-04-05 08:30:00+00:00,99606.9418806186
2025-04-05 08:45:00+00:00,99606.9418806186
2025-04-05 09:00:00+00:00,99606.9418806186
2025-04-05 09:15:00+00:00,99606.9418806186
2025-04-05 09:30:00+00:00,99606.9418806186
2025-04-05 09:45:00+00:00,99606.9418806186
2025-04-05 10:00:00+00:00,99606.9418806186
2025-04-05 10:15:00+00:00,99606.9418806186
2025-04-05 10:30:00+00:00,99606.9418806186
2025-04-05 10:45:00+00:00,99606.9418806186
2025-04-05 11:00:00+00:00,99606.9418806186
2025-04-05 11:15:00+00:00,99606.9418806186
2025-04-05 11:30:00+00:00,99606.9418806186
2025-04-05 11:45:00+00:00,99606.9418806186
2025-04-05 12:00:00+00:00,99606.9418806186
2025-04-05 12:15:00+00:00,99606.9418806186
2025-04-05 12:30:00+00:00,99606.9418806186
2025-04-05 12:45:00+00:00,99606.9418806186
2025-04-05 13:00:00+00:00,99606.9418806186
2025-04-05 13:15:00+00:00,99606.9418806186
2025-04-05 13:30:00+00:00,99606.9418806186
2025-04-05 13:45:00+00:00,99606.9418806186
2025-04-05 14:00:00+00:00,99606.9418806186
2025-04-05 14:15:00+00:00,99606.9418806186
2025-04-05 14:30:00+00:00,99606.9418806186
2025-04-05 14:45:00+00:00,99606.9418806186
2025-04-05 15:00:00+00:00,99606.9418806186
2025-04-05 15:15:00+00:00,99606.9418806186
2025-04-05 15:30:00+00:00,99606.9418806186
2025-04-05 15:45:00+00:00,99606.9418806186
2025-04-05 16:00:00+00:00,99606.9418806186
2025-04-05 16:15:00+00:00,99606.9418806186
2025-04-05 16:30:00+00:00,99606.9418806186
2025-04-05 16:45:00+00:00,99606.9418806186
2025-04-05 17:00:00+00:00,99606.9418806186
2025-04-05 17:15:00+00:00,99606.9418806186
2025-04-05 17:30:00+00:00,99606.9418806186
2025-04-05 17:45:00+00:00,99606.9418806186
2025-04-05 18:00:00+00:00,99606.9418806186
2025-04-05 18:15:00+00:00,99606.9418806186
2025-04-05 18:30:00+00:00,99606.9418806186
2025-04-05 18:45:00+00:00,99606.9418806186
2025-04-05 19:00:00+00:00,99606.9418806186
2025-04-05 19:15:00+00:00,99606.9418806186
2025-04-05 19:30:00+00:00,99606.9418806186
2025-04-05 19:45:00+00:00,99606.9418806186
2025-04-05 20:00:00+00:00,99606.9418806186
2025-04-05 20:15:00+00:00,99606.9418806186
2025-04-05 20:30:00+00:00,99606.9418806186
2025-04-05 20:45:00+00:00,99606.9418806186
2025-04-05 21:00:00+00:00,99606.9418806186
2025-04-05 21:15:00+00:00,99606.9418806186
2025-04-05 21:30:00+00:00,99606.9418806186
2025-04-05 21:45:00+00:00,99606.9418806186
2025-04-05 22:00:00+00:00,99606.9418806186
2025-04-05 22:15:00+00:00,99606.9418806186
2025-04-05 22:30:00+00:00,99606.9418806186
2025-04-05 22:45:00+00:00,99606.9418806186
2025-04-05 23:00:00+00:00,99606.9418806186
2025-04-05 23:15:00+00:00,99606.9418806186
2025-04-05 23:30:00+00:00,99606.9418806186
2025-04-05 23:45:00+00:00,99606.9418806186
2025-04-06 00:00:00+00:00,99606.9418806186
2025-04-06 00:15:00+00:00,99606.9418806186
2025-04-06 00:30:00+00:00,99606.9418806186
2025-04-06 00:45:00+00:00,99606.9418806186
2025-04-06 01:00:00+00:00,99606.9418806186
2025-04-06 01:15:00+00:00,99606.9418806186
2025-04-06 01:30:00+00:00,99606.9418806186
2025-04-06 01:45:00+00:00,99606.9418806186
2025-04-06 02:00:00+00:00,99606.9418806186
2025-04-06 02:15:00+00:00,99606.9418806186
2025-04-06 02:30:00+00:00,99606.9418806186
2025-04-06 02:45:00+00:00,99606.9418806186
2025-04-06 03:00:00+00:00,99606.9418806186
2025-04-06 03:15:00+00:00,99606.9418806186
2025-04-06 03:30:00+00:00,99606.9418806186
2025-04-06 03:45:00+00:00,99606.9418806186
2025-04-06 04:00:00+00:00,99606.9418806186
2025-04-06 04:15:00+00:00,99606.9418806186
2025-04-06 04:30:00+00:00,99606.9418806186
2025-04-06 04:45:00+00:00,99606.9418806186
2025-04-06 05:00:00+00:00,99606.9418806186
2025-04-06 05:15:00+00:00,99606.9418806186
2025-04-06 05:30:00+00:00,99606.9418806186
2025-04-06 05:45:00+00:00,99606.9418806186
2025-04-06 06:00:00+00:00,99606.9418806186
2025-04-06 06:15:00+00:00,99606.9418806186
2025-04-06 06:30:00+00:00,99606.9418806186
2025-04-06 06:45:00+00:00,99606.9418806186
2025-04-06 07:00:00+00:00,99606.9418806186
2025-04-06 07:15:00+00:00,99606.9418806186
2025-04-06 07:30:00+00:00,99606.9418806186
2025-04-06 07:45:00+00:00,99606.9418806186
2025-04-06 08:00:00+00:00,99606.9418806186
2025-04-06 08:15:00+00:00,99606.9418806186
2025-04-06 08:30:00+00:00,99606.9418806186
2025-04-06 08:45:00+00:00,99606.9418806186
2025-04-06 09:00:00+00:00,99606.9418806186
2025-04-06 09:15:00+00:00,99606.9418806186
2025-04-06 09:30:00+00:00,99606.9418806186
2025-04-06 09:45:00+00:00,99606.9418806186
2025-04-06 10:00:00+00:00,99606.9418806186
2025-04-06 10:15:00+00:00,99606.9418806186
2025-04-06 10:30:00+00:00,99606.9418806186
2025-04-06 10:45:00+00:00,99606.9418806186
2025-04-06 11:00:00+00:00,99606.9418806186
2025-04-06 11:15:00+00:00,99606.9418806186
2025-04-06 11:30:00+00:00,99606.9418806186
2025-04-06 11:45:00+00:00,99606.9418806186
2025-04-06 12:00:00+00:00,99606.9418806186
2025-04-06 12:15:00+00:00,99607.34561949073
2025-04-06 12:30:00+00:00,99605.16990361996
2025-04-06 12:45:00+00:00,99604.05602094656
2025-04-06 13:00:00+00:00,99606.00196054089
2025-04-06 13:15:00+00:00,99595.78012569899
2025-04-06 13:30:00+00:00,99595.78012569899
2025-04-06 13:45:00+00:00,99595.78012569899
2025-04-06 14:00:00+00:00,99595.78012569899
2025-04-06 14:15:00+00:00,99595.78012569899
2025-04-06 14:30:00+00:00,99595.78012569899
2025-04-06 14:45:00+00:00,99595.78012569899
2025-04-06 15:00:00+00:00,99595.78012569899
2025-04-06 15:15:00+00:00,99595.78012569899
2025-04-06 15:30:00+00:00,99595.78012569899
2025-04-06 15:45:00+00:00,99595.78012569899
2025-04-06 16:00:00+00:00,99595.78012569899
2025-04-06 16:15:00+00:00,99594.05846638873
2025-04-06 16:30:00+00:00,99590.42453977675
2025-04-06 16:45:00+00:00,99577.52668498899
2025-04-06 17:00:00+00:00,99577.52668498899
2025-04-06 17:15:00+00:00,99577.52668498899
2025-04-06 17:30:00+00:00,99577.52668498899
2025-04-06 17:45:00+00:00,99577.52668498899
2025-04-06 18:00:00+00:00,99577.52668498899
2025-04-06 18:15:00+00:00,99577.52668498899
2025-04-06 18:30:00+00:00,99577.52668498899
2025-04-06 18:45:00+00:00,99577.52668498899
2025-04-06 19:00:00+00:00,99577.52668498899
2025-04-06 19:15:00+00:00,99577.52668498899
2025-04-06 19:30:00+00:00,99577.52668498899
2025-04-06 19:45:00+00:00,99577.52668498899
2025-04-06 20:00:00+00:00,99577.52668498899
2025-04-06 20:15:00+00:00,99575.69632262814
2025-04-06 20:30:00+00:00,99573.13263800315
2025-04-06 20:45:00+00:00,99566.24988238708
2025-04-06 21:00:00+00:00,99574.92285778168
2025-04-06 21:15:00+00:00,99571.79744300053
2025-04-06 21:30:00+00:00,99570.7248071962
2025-04-06 21:45:00+00:00,99567.84467188641
2025-04-06 22:00:00+00:00,99551.4246935385
2025-04-06 22:15:00+00:00,99551.4246935385
2025-04-06 22:30:00+00:00,99551.4246935385
2025-04-06 22:45:00+00:00,99551.4246935385
2025-04-06 23:00:00+00:00,99551.4246935385
2025-04-06 23:15:00+00:00,99551.4246935385
2025-04-06 23:30:00+00:00,99551.4246935385
2025-04-06 23:45:00+00:00,99551.4246935385
2025-04-07 00:00:00+00:00,99551.4246935385
2025-04-07 00:15:00+00:00,99551.4246935385
2025-04-07 00:30:00+00:00,99551.4246935385
2025-04-07 00:45:00+00:00,99551.4246935385
2025-04-07 01:00:00+00:00,99551.4246935385
2025-04-07 01:15:00+00:00,99551.4246935385
2025-04-07 01:30:00+00:00,99551.4246935385
2025-04-07 01:45:00+00:00,99551.4246935385
2025-04-07 02:00:00+00:00,99551.4246935385
2025-04-07 02:15:00+00:00,99551.4246935385
2025-04-07 02:30:00+00:00,99551.4246935385
2025-04-07 02:45:00+00:00,99551.4246935385
2025-04-07 03:00:00+00:00,99551.4246935385
2025-04-07 03:15:00+00:00,99551.4246935385
2025-04-07 03:30:00+00:00,99551.4246935385
2025-04-07 03:45:00+00:00,99551.4246935385
2025-04-07 04:00:00+00:00,99551.4246935385
2025-04-07 04:15:00+00:00,99551.4246935385
2025-04-07 04:30:00+00:00,99551.4246935385
2025-04-07 04:45:00+00:00,99551.4246935385
2025-04-07 05:00:00+00:00,99551.4246935385
2025-04-07 05:15:00+00:00,99551.4246935385
2025-04-07 05:30:00+00:00,99551.4246935385
2025-04-07 05:45:00+00:00,99551.4246935385
2025-04-07 06:00:00+00:00,99551.4246935385
2025-04-07 06:15:00+00:00,99551.4246935385
2025-04-07 06:30:00+00:00,99551.4246935385
2025-04-07 06:45:00+00:00,99551.4246935385
2025-04-07 07:00:00+00:00,99551.4246935385
2025-04-07 07:15:00+00:00,99551.4246935385
2025-04-07 07:30:00+00:00,99551.4246935385
2025-04-07 07:45:00+00:00,99551.4246935385
2025-04-07 08:00:00+00:00,99551.4246935385
2025-04-07 08:15:00+00:00,99551.4246935385
2025-04-07 08:30:00+00:00,99551.4246935385
2025-04-07 08:45:00+00:00,99551.4246935385
2025-04-07 09:00:00+00:00,99551.4246935385
2025-04-07 09:15:00+00:00,99551.4246935385
2025-04-07 09:30:00+00:00,99551.4246935385
2025-04-07 09:45:00+00:00,99551.4246935385
2025-04-07 10:00:00+00:00,99551.4246935385
2025-04-07 10:15:00+00:00,99551.4246935385
2025-04-07 10:30:00+00:00,99551.4246935385
2025-04-07 10:45:00+00:00,99551.4246935385
2025-04-07 11:00:00+00:00,99551.4246935385
2025-04-07 11:15:00+00:00,99551.4246935385
2025-04-07 11:30:00+00:00,99551.4246935385
2025-04-07 11:45:00+00:00,99551.4246935385
2025-04-07 12:00:00+00:00,99551.4246935385
2025-04-07 12:15:00+00:00,99537.94415464906
2025-04-07 12:30:00+00:00,99529.63856605063
2025-04-07 12:45:00+00:00,99529.63856605063
2025-04-07 13:00:00+00:00,99529.63856605063
2025-04-07 13:15:00+00:00,99529.63856605063
2025-04-07 13:30:00+00:00,99529.63856605063
2025-04-07 13:45:00+00:00,99529.63856605063
2025-04-07 14:00:00+00:00,99529.63856605063
2025-04-07 14:15:00+00:00,99529.63856605063
2025-04-07 14:30:00+00:00,99529.63856605063
2025-04-07 14:45:00+00:00,99529.63856605063
2025-04-07 15:00:00+00:00,99529.63856605063
2025-04-07 15:15:00+00:00,99529.63856605063
2025-04-07 15:30:00+00:00,99529.63856605063
2025-04-07 15:45:00+00:00,99529.63856605063
2025-04-07 16:00:00+00:00,99529.63856605063
2025-04-07 16:15:00+00:00,99529.63856605063
2025-04-07 16:30:00+00:00,99529.63856605063
2025-04-07 16:45:00+00:00,99529.63856605063
2025-04-07 17:00:00+00:00,99529.63856605063
2025-04-07 17:15:00+00:00,99529.63856605063
2025-04-07 17:30:00+00:00,99529.63856605063
2025-04-07 17:45:00+00:00,99529.63856605063
2025-04-07 18:00:00+00:00,99529.63856605063
2025-04-07 18:15:00+00:00,99529.63856605063
2025-04-07 18:30:00+00:00,99529.63856605063
2025-04-07 18:45:00+00:00,99529.63856605063
2025-04-07 19:00:00+00:00,99529.63856605063
2025-04-07 19:15:00+00:00,99529.63856605063
2025-04-07 19:30:00+00:00,99529.63856605063
2025-04-07 19:45:00+00:00,99529.63856605063
2025-04-07 20:00:00+00:00,99529.63856605063
2025-04-07 20:15:00+00:00,99529.63856605063
2025-04-07 20:30:00+00:00,99529.63856605063
2025-04-07 20:45:00+00:00,99529.63856605063
2025-04-07 21:00:00+00:00,99529.63856605063
2025-04-07 21:15:00+00:00,99529.63856605063
2025-04-07 21:30:00+00:00,99529.63856605063
2025-04-07 21:45:00+00:00,99529.63856605063
2025-04-07 22:00:00+00:00,99529.63856605063
2025-04-07 22:15:00+00:00,99529.63856605063
2025-04-07 22:30:00+00:00,99529.63856605063
2025-04-07 22:45:00+00:00,99529.63856605063
2025-04-07 23:00:00+00:00,99529.63856605063
2025-04-07 23:15:00+00:00,99529.63856605063
2025-04-07 23:30:00+00:00,99529.63856605063
2025-04-07 23:45:00+00:00,99529.63856605063
2025-04-08 00:00:00+00:00,99529.63856605063
2025-04-08 00:15:00+00:00,99529.63856605063
2025-04-08 00:30:00+00:00,99529.63856605063
2025-04-08 00:45:00+00:00,99529.63856605063
2025-04-08 01:00:00+00:00,99529.63856605063
2025-04-08 01:15:00+00:00,99529.63856605063
2025-04-08 01:30:00+00:00,99529.63856605063
2025-04-08 01:45:00+00:00,99529.63856605063
2025-04-08 02:00:00+00:00,99529.63856605063
2025-04-08 02:15:00+00:00,99529.63856605063
2025-04-08 02:30:00+00:00,99529.63856605063
2025-04-08 02:45:00+00:00,99529.63856605063
2025-04-08 03:00:00+00:00,99529.63856605063
2025-04-08 03:15:00+00:00,99529.63856605063
2025-04-08 03:30:00+00:00,99529.63856605063
2025-04-08 03:45:00+00:00,99529.63856605063
2025-04-08 04:00:00+00:00,99529.63856605063
2025-04-08 04:15:00+00:00,99529.63856605063
2025-04-08 04:30:00+00:00,99529.63856605063
2025-04-08 04:45:00+00:00,99529.63856605063
2025-04-08 05:00:00+00:00,99529.63856605063
2025-04-08 05:15:00+00:00,99529.63856605063
2025-04-08 05:30:00+00:00,99529.63856605063
2025-04-08 05:45:00+00:00,99529.63856605063
2025-04-08 06:00:00+00:00,99529.63856605063
2025-04-08 06:15:00+00:00,99529.63856605063
2025-04-08 06:30:00+00:00,99529.63856605063
2025-04-08 06:45:00+00:00,99529.63856605063
2025-04-08 07:00:00+00:00,99529.63856605063
2025-04-08 07:15:00+00:00,99529.63856605063
2025-04-08 07:30:00+00:00,99529.63856605063
2025-04-08 07:45:00+00:00,99529.63856605063
2025-04-08 08:00:00+00:00,99529.63856605063
2025-04-08 08:15:00+00:00,99529.63856605063
2025-04-08 08:30:00+00:00,99529.63856605063
2025-04-08 08:45:00+00:00,99529.63856605063
2025-04-08 09:00:00+00:00,99529.63856605063
2025-04-08 09:15:00+00:00,99529.63856605063
2025-04-08 09:30:00+00:00,99529.63856605063
2025-04-08 09:45:00+00:00,99529.63856605063
2025-04-08 10:00:00+00:00,99529.63856605063
2025-04-08 10:15:00+00:00,99529.63856605063
2025-04-08 10:30:00+00:00,99529.63856605063
2025-04-08 10:45:00+00:00,99529.63856605063
2025-04-08 11:00:00+00:00,99529.63856605063
2025-04-08 11:15:00+00:00,99529.63856605063
2025-04-08 11:30:00+00:00,99529.63856605063
2025-04-08 11:45:00+00:00,99529.63856605063
2025-04-08 12:00:00+00:00,99529.63856605063
2025-04-08 12:15:00+00:00,99529.63856605063
2025-04-08 12:30:00+00:00,99529.63856605063
2025-04-08 12:45:00+00:00,99529.63856605063
2025-04-08 13:00:00+00:00,99529.63856605063
2025-04-08 13:15:00+00:00,99529.63856605063
2025-04-08 13:30:00+00:00,99529.63856605063
2025-04-08 13:45:00+00:00,99529.63856605063
2025-04-08 14:00:00+00:00,99529.63856605063
2025-04-08 14:15:00+00:00,99529.63856605063
2025-04-08 14:30:00+00:00,99529.63856605063
2025-04-08 14:45:00+00:00,99529.63856605063
2025-04-08 15:00:00+00:00,99529.63856605063
2025-04-08 15:15:00+00:00,99529.63856605063
2025-04-08 15:30:00+00:00,99529.63856605063
2025-04-08 15:45:00+00:00,99529.63856605063
2025-04-08 16:00:00+00:00,99529.63856605063
2025-04-08 16:15:00+00:00,99529.63856605063
2025-04-08 16:30:00+00:00,99518.55803133597
2025-04-08 16:45:00+00:00,99516.13693533829
2025-04-08 17:00:00+00:00,99490.54835509142
2025-04-08 17:15:00+00:00,99490.54835509142
2025-04-08 17:30:00+00:00,99490.54835509142
2025-04-08 17:45:00+00:00,99490.54835509142
2025-04-08 18:00:00+00:00,99490.54835509142
2025-04-08 18:15:00+00:00,99490.54835509142
2025-04-08 18:30:00+00:00,99490.54835509142
2025-04-08 18:45:00+00:00,99490.54835509142
2025-04-08 19:00:00+00:00,99490.54835509142
2025-04-08 19:15:00+00:00,99490.54835509142
2025-04-08 19:30:00+00:00,99490.54835509142
2025-04-08 19:45:00+00:00,99490.54835509142
2025-04-08 20:00:00+00:00,99490.54835509142
2025-04-08 20:15:00+00:00,99490.54835509142
2025-04-08 20:30:00+00:00,99490.54835509142
2025-04-08 20:45:00+00:00,99490.54835509142
2025-04-08 21:00:00+00:00,99490.54835509142
2025-04-08 21:15:00+00:00,99490.54835509142
2025-04-08 21:30:00+00:00,99490.54835509142
2025-04-08 21:45:00+00:00,99490.54835509142
2025-04-08 22:00:00+00:00,99490.54835509142
2025-04-08 22:15:00+00:00,99490.54835509142
2025-04-08 22:30:00+00:00,99490.54835509142
2025-04-08 22:45:00+00:00,99490.54835509142
2025-04-08 23:00:00+00:00,99490.54835509142
2025-04-08 23:15:00+00:00,99490.54835509142
2025-04-08 23:30:00+00:00,99490.54835509142
2025-04-08 23:45:00+00:00,99490.54835509142
2025-04-09 00:00:00+00:00,99490.54835509142
2025-04-09 00:15:00+00:00,99490.54835509142
2025-04-09 00:30:00+00:00,99490.54835509142
2025-04-09 00:45:00+00:00,99490.54835509142
2025-04-09 01:00:00+00:00,99490.54835509142
2025-04-09 01:15:00+00:00,99490.54835509142
2025-04-09 01:30:00+00:00,99490.54835509142
2025-04-09 01:45:00+00:00,99490.54835509142
2025-04-09 02:00:00+00:00,99490.54835509142
2025-04-09 02:15:00+00:00,99490.54835509142
2025-04-09 02:30:00+00:00,99490.54835509142
2025-04-09 02:45:00+00:00,99490.54835509142
2025-04-09 03:00:00+00:00,99490.54835509142
2025-04-09 03:15:00+00:00,99490.54835509142
2025-04-09 03:30:00+00:00,99490.54835509142
2025-04-09 03:45:00+00:00,99490.54835509142
2025-04-09 04:00:00+00:00,99490.54835509142
2025-04-09 04:15:00+00:00,99490.54835509142
2025-04-09 04:30:00+00:00,99490.54835509142
2025-04-09 04:45:00+00:00,99490.54835509142
2025-04-09 05:00:00+00:00,99490.54835509142
2025-04-09 05:15:00+00:00,99490.54835509142
2025-04-09 05:30:00+00:00,99490.54835509142
2025-04-09 05:45:00+00:00,99490.54835509142
2025-04-09 06:00:00+00:00,99490.54835509142
2025-04-09 06:15:00+00:00,99490.54835509142
2025-04-09 06:30:00+00:00,99490.54835509142
2025-04-09 06:45:00+00:00,99490.54835509142
2025-04-09 07:00:00+00:00,99490.54835509142
2025-04-09 07:15:00+00:00,99490.54835509142
2025-04-09 07:30:00+00:00,99490.54835509142
2025-04-09 07:45:00+00:00,99490.54835509142
2025-04-09 08:00:00+00:00,99490.54835509142
2025-04-09 08:15:00+00:00,99490.54835509142
2025-04-09 08:30:00+00:00,99490.54835509142
2025-04-09 08:45:00+00:00,99490.54835509142
2025-04-09 09:00:00+00:00,99490.54835509142
2025-04-09 09:15:00+00:00,99490.54835509142
2025-04-09 09:30:00+00:00,99490.54835509142
2025-04-09 09:45:00+00:00,99490.54835509142
2025-04-09 10:00:00+00:00,99490.54835509142
2025-04-09 10:15:00+00:00,99490.54835509142
2025-04-09 10:30:00+00:00,99490.54835509142
2025-04-09 10:45:00+00:00,99490.54835509142
2025-04-09 11:00:00+00:00,99490.54835509142
2025-04-09 11:15:00+00:00,99490.54835509142
2025-04-09 11:30:00+00:00,99490.54835509142
2025-04-09 11:45:00+00:00,99490.54835509142
2025-04-09 12:00:00+00:00,99490.54835509142
2025-04-09 12:15:00+00:00,99490.54835509142
2025-04-09 12:30:00+00:00,99490.54835509142
2025-04-09 12:45:00+00:00,99490.54835509142
2025-04-09 13:00:00+00:00,99490.54835509142
2025-04-09 13:15:00+00:00,99490.54835509142
2025-04-09 13:30:00+00:00,99490.54835509142
2025-04-09 13:45:00+00:00,99490.54835509142
2025-04-09 14:00:00+00:00,99490.54835509142
2025-04-09 14:15:00+00:00,99490.54835509142
2025-04-09 14:30:00+00:00,99490.54835509142
2025-04-09 14:45:00+00:00,99490.54835509142
2025-04-09 15:00:00+00:00,99490.54835509142
2025-04-09 15:15:00+00:00,99490.54835509142
2025-04-09 15:30:00+00:00,99490.54835509142
2025-04-09 15:45:00+00:00,99490.54835509142
2025-04-09 16:00:00+00:00,99490.54835509142
2025-04-09 16:15:00+00:00,99493.94603688805
2025-04-09 16:30:00+00:00,99489.02083716377
2025-04-09 16:45:00+00:00,99480.82123577854
2025-04-09 17:00:00+00:00,99462.08643650559
2025-04-09 17:15:00+00:00,99462.08643650559
2025-04-09 17:30:00+00:00,99462.08643650559
2025-04-09 17:45:00+00:00,99462.08643650559
2025-04-09 18:00:00+00:00,99462.08643650559
2025-04-09 18:15:00+00:00,99462.08643650559
2025-04-09 18:30:00+00:00,99462.08643650559
2025-04-09 18:45:00+00:00,99462.08643650559
2025-04-09 19:00:00+00:00,99462.08643650559
2025-04-09 19:15:00+00:00,99462.08643650559
2025-04-09 19:30:00+00:00,99462.08643650559
2025-04-09 19:45:00+00:00,99462.08643650559
2025-04-09 20:00:00+00:00,99462.08643650559
2025-04-09 20:15:00+00:00,99462.08643650559
2025-04-09 20:30:00+00:00,99462.08643650559
2025-04-09 20:45:00+00:00,99462.08643650559
2025-04-09 21:00:00+00:00,99462.08643650559
2025-04-09 21:15:00+00:00,99462.08643650559
2025-04-09 21:30:00+00:00,99462.08643650559
2025-04-09 21:45:00+00:00,99462.08643650559
2025-04-09 22:00:00+00:00,99462.08643650559
2025-04-09 22:15:00+00:00,99462.08643650559
2025-04-09 22:30:00+00:00,99462.08643650559
2025-04-09 22:45:00+00:00,99462.08643650559
2025-04-09 23:00:00+00:00,99462.08643650559
2025-04-09 23:15:00+00:00,99462.08643650559
2025-04-09 23:30:00+00:00,99462.08643650559
2025-04-09 23:45:00+00:00,99462.08643650559
2025-04-10 00:00:00+00:00,99462.08643650559
2025-04-10 00:15:00+00:00,99462.08643650559
2025-04-10 00:30:00+00:00,99462.08643650559
2025-04-10 00:45:00+00:00,99462.08643650559
2025-04-10 01:00:00+00:00,99462.08643650559
2025-04-10 01:15:00+00:00,99462.08643650559
2025-04-10 01:30:00+00:00,99462.08643650559
2025-04-10 01:45:00+00:00,99462.08643650559
2025-04-10 02:00:00+00:00,99462.08643650559
2025-04-10 02:15:00+00:00,99462.08643650559
2025-04-10 02:30:00+00:00,99462.08643650559
2025-04-10 02:45:00+00:00,99462.08643650559
2025-04-10 03:00:00+00:00,99462.08643650559
2025-04-10 03:15:00+00:00,99462.08643650559
2025-04-10 03:30:00+00:00,99462.08643650559
2025-04-10 03:45:00+00:00,99462.08643650559
2025-04-10 04:00:00+00:00,99462.08643650559
2025-04-10 04:15:00+00:00,99462.08643650559
2025-04-10 04:30:00+00:00,99462.08643650559
2025-04-10 04:45:00+00:00,99462.08643650559
2025-04-10 05:00:00+00:00,99462.08643650559
2025-04-10 05:15:00+00:00,99462.08643650559
2025-04-10 05:30:00+00:00,99462.08643650559
2025-04-10 05:45:00+00:00,99462.08643650559
2025-04-10 06:00:00+00:00,99462.08643650559
2025-04-10 06:15:00+00:00,99462.08643650559
2025-04-10 06:30:00+00:00,99462.08643650559
2025-04-10 06:45:00+00:00,99462.08643650559
2025-04-10 07:00:00+00:00,99462.08643650559
2025-04-10 07:15:00+00:00,99462.08643650559
2025-04-10 07:30:00+00:00,99462.08643650559
2025-04-10 07:45:00+00:00,99462.08643650559
2025-04-10 08:00:00+00:00,99462.08643650559
2025-04-10 08:15:00+00:00,99462.08643650559
2025-04-10 08:30:00+00:00,99462.08643650559
2025-04-10 08:45:00+00:00,99462.08643650559
2025-04-10 09:00:00+00:00,99462.08643650559
2025-04-10 09:15:00+00:00,99462.08643650559
2025-04-10 09:30:00+00:00,99462.08643650559
2025-04-10 09:45:00+00:00,99462.08643650559
2025-04-10 10:00:00+00:00,99462.08643650559
2025-04-10 10:15:00+00:00,99462.08643650559
2025-04-10 10:30:00+00:00,99462.08643650559
2025-04-10 10:45:00+00:00,99462.08643650559
2025-04-10 11:00:00+00:00,99462.08643650559
2025-04-10 11:15:00+00:00,99462.08643650559
2025-04-10 11:30:00+00:00,99462.08643650559
2025-04-10 11:45:00+00:00,99462.08643650559
2025-04-10 12:00:00+00:00,99462.08643650559
2025-04-10 12:15:00+00:00,99462.08643650559
2025-04-10 12:30:00+00:00,99462.08643650559
2025-04-10 12:45:00+00:00,99462.08643650559
2025-04-10 13:00:00+00:00,99462.08643650559
2025-04-10 13:15:00+00:00,99462.08643650559
2025-04-10 13:30:00+00:00,99462.08643650559
2025-04-10 13:45:00+00:00,99462.08643650559
2025-04-10 14:00:00+00:00,99462.08643650559
2025-04-10 14:15:00+00:00,99462.08643650559
2025-04-10 14:30:00+00:00,99462.08643650559
2025-04-10 14:45:00+00:00,99462.08643650559
2025-04-10 15:00:00+00:00,99462.08643650559
2025-04-10 15:15:00+00:00,99462.08643650559
2025-04-10 15:30:00+00:00,99462.08643650559
2025-04-10 15:45:00+00:00,99462.08643650559
2025-04-10 16:00:00+00:00,99462.08643650559
2025-04-10 16:15:00+00:00,99462.08643650559
2025-04-10 16:30:00+00:00,99462.08643650559
2025-04-10 16:45:00+00:00,99462.08643650559
2025-04-10 17:00:00+00:00,99462.08643650559
2025-04-10 17:15:00+00:00,99462.08643650559
2025-04-10 17:30:00+00:00,99462.08643650559
2025-04-10 17:45:00+00:00,99462.08643650559
2025-04-10 18:00:00+00:00,99462.08643650559
2025-04-10 18:15:00+00:00,99462.08643650559
2025-04-10 18:30:00+00:00,99462.08643650559
2025-04-10 18:45:00+00:00,99462.08643650559
2025-04-10 19:00:00+00:00,99462.08643650559
2025-04-10 19:15:00+00:00,99462.08643650559
2025-04-10 19:30:00+00:00,99462.08643650559
2025-04-10 19:45:00+00:00,99462.08643650559
2025-04-10 20:00:00+00:00,99462.08643650559
2025-04-10 20:15:00+00:00,99462.08643650559
2025-04-10 20:30:00+00:00,99462.08643650559
2025-04-10 20:45:00+00:00,99462.08643650559
2025-04-10 21:00:00+00:00,99462.08643650559
2025-04-10 21:15:00+00:00,99462.08643650559
2025-04-10 21:30:00+00:00,99462.08643650559
2025-04-10 21:45:00+00:00,99462.08643650559
2025-04-10 22:00:00+00:00,99462.08643650559
2025-04-10 22:15:00+00:00,99462.08643650559
2025-04-10 22:30:00+00:00,99462.08643650559
2025-04-10 22:45:00+00:00,99462.08643650559
2025-04-10 23:00:00+00:00,99462.08643650559
2025-04-10 23:15:00+00:00,99462.08643650559
2025-04-10 23:30:00+00:00,99462.08643650559
2025-04-10 23:45:00+00:00,99462.08643650559
2025-04-11 00:00:00+00:00,99462.08643650559
2025-04-11 00:15:00+00:00,99462.08643650559
2025-04-11 00:30:00+00:00,99462.08643650559
2025-04-11 00:45:00+00:00,99462.08643650559
2025-04-11 01:00:00+00:00,99462.08643650559
2025-04-11 01:15:00+00:00,99462.08643650559
2025-04-11 01:30:00+00:00,99462.08643650559
2025-04-11 01:45:00+00:00,99462.08643650559
2025-04-11 02:00:00+00:00,99462.08643650559
2025-04-11 02:15:00+00:00,99462.08643650559
2025-04-11 02:30:00+00:00,99462.08643650559
2025-04-11 02:45:00+00:00,99462.08643650559
2025-04-11 03:00:00+00:00,99462.08643650559
2025-04-11 03:15:00+00:00,99462.08643650559
2025-04-11 03:30:00+00:00,99462.08643650559
2025-04-11 03:45:00+00:00,99462.08643650559
2025-04-11 04:00:00+00:00,99462.08643650559
2025-04-11 04:15:00+00:00,99462.08643650559
2025-04-11 04:30:00+00:00,99462.08643650559
2025-04-11 04:45:00+00:00,99462.08643650559
2025-04-11 05:00:00+00:00,99462.08643650559
2025-04-11 05:15:00+00:00,99462.08643650559
2025-04-11 05:30:00+00:00,99462.08643650559
2025-04-11 05:45:00+00:00,99462.08643650559
2025-04-11 06:00:00+00:00,99462.08643650559
2025-04-11 06:15:00+00:00,99462.08643650559
2025-04-11 06:30:00+00:00,99462.08643650559
2025-04-11 06:45:00+00:00,99462.08643650559
2025-04-11 07:00:00+00:00,99462.08643650559
2025-04-11 07:15:00+00:00,99462.08643650559
2025-04-11 07:30:00+00:00,99462.08643650559
2025-04-11 07:45:00+00:00,99462.08643650559
2025-04-11 08:00:00+00:00,99462.08643650559
2025-04-11 08:15:00+00:00,99462.08643650559
2025-04-11 08:30:00+00:00,99462.08643650559
2025-04-11 08:45:00+00:00,99462.08643650559
2025-04-11 09:00:00+00:00,99462.08643650559
2025-04-11 09:15:00+00:00,99462.08643650559
2025-04-11 09:30:00+00:00,99462.08643650559
2025-04-11 09:45:00+00:00,99462.08643650559
2025-04-11 10:00:00+00:00,99462.08643650559
2025-04-11 10:15:00+00:00,99462.08643650559
2025-04-11 10:30:00+00:00,99462.08643650559
2025-04-11 10:45:00+00:00,99462.08643650559
2025-04-11 11:00:00+00:00,99462.08643650559
2025-04-11 11:15:00+00:00,99462.08643650559
2025-04-11 11:30:00+00:00,99462.08643650559
2025-04-11 11:45:00+00:00,99462.08643650559
2025-04-11 12:00:00+00:00,99462.08643650559
2025-04-11 12:15:00+00:00,99462.08643650559
2025-04-11 12:30:00+00:00,99462.08643650559
2025-04-11 12:45:00+00:00,99462.08643650559
2025-04-11 13:00:00+00:00,99462.08643650559
2025-04-11 13:15:00+00:00,99462.08643650559
2025-04-11 13:30:00+00:00,99462.08643650559
2025-04-11 13:45:00+00:00,99462.08643650559
2025-04-11 14:00:00+00:00,99462.08643650559
2025-04-11 14:15:00+00:00,99462.08643650559
2025-04-11 14:30:00+00:00,99462.08643650559
2025-04-11 14:45:00+00:00,99462.08643650559
2025-04-11 15:00:00+00:00,99462.08643650559
2025-04-11 15:15:00+00:00,99462.08643650559
2025-04-11 15:30:00+00:00,99462.08643650559
2025-04-11 15:45:00+00:00,99462.08643650559
2025-04-11 16:00:00+00:00,99462.08643650559
2025-04-11 16:15:00+00:00,99462.08643650559
2025-04-11 16:30:00+00:00,99462.08643650559
2025-04-11 16:45:00+00:00,99462.08643650559
2025-04-11 17:00:00+00:00,99462.08643650559
2025-04-11 17:15:00+00:00,99462.08643650559
2025-04-11 17:30:00+00:00,99462.08643650559
2025-04-11 17:45:00+00:00,99462.08643650559
2025-04-11 18:00:00+00:00,99462.08643650559
2025-04-11 18:15:00+00:00,99462.08643650559
2025-04-11 18:30:00+00:00,99462.08643650559
2025-04-11 18:45:00+00:00,99462.08643650559
2025-04-11 19:00:00+00:00,99462.08643650559
2025-04-11 19:15:00+00:00,99462.08643650559
2025-04-11 19:30:00+00:00,99462.08643650559
2025-04-11 19:45:00+00:00,99462.08643650559
2025-04-11 20:00:00+00:00,99462.08643650559
2025-04-11 20:15:00+00:00,99462.08643650559
2025-04-11 20:30:00+00:00,99462.08643650559
2025-04-11 20:45:00+00:00,99462.08643650559
2025-04-11 21:00:00+00:00,99462.08643650559
2025-04-11 21:15:00+00:00,99462.08643650559
2025-04-11 21:30:00+00:00,99462.08643650559
2025-04-11 21:45:00+00:00,99462.08643650559
2025-04-11 22:00:00+00:00,99462.08643650559
2025-04-11 22:15:00+00:00,99462.08643650559
2025-04-11 22:30:00+00:00,99462.08643650559
2025-04-11 22:45:00+00:00,99462.08643650559
2025-04-11 23:00:00+00:00,99462.08643650559
2025-04-11 23:15:00+00:00,99462.08643650559
2025-04-11 23:30:00+00:00,99462.08643650559
2025-04-11 23:45:00+00:00,99462.08643650559
2025-04-12 00:00:00+00:00,99462.08643650559
2025-04-12 00:15:00+00:00,99462.08643650559
2025-04-12 00:30:00+00:00,99462.08643650559
2025-04-12 00:45:00+00:00,99462.08643650559
2025-04-12 01:00:00+00:00,99462.08643650559
2025-04-12 01:15:00+00:00,99462.08643650559
2025-04-12 01:30:00+00:00,99462.08643650559
2025-04-12 01:45:00+00:00,99462.08643650559
2025-04-12 02:00:00+00:00,99462.08643650559
2025-04-12 02:15:00+00:00,99462.08643650559
2025-04-12 02:30:00+00:00,99462.08643650559
2025-04-12 02:45:00+00:00,99462.08643650559
2025-04-12 03:00:00+00:00,99462.08643650559
2025-04-12 03:15:00+00:00,99462.08643650559
2025-04-12 03:30:00+00:00,99462.08643650559
2025-04-12 03:45:00+00:00,99462.08643650559
2025-04-12 04:00:00+00:00,99462.08643650559
2025-04-12 04:15:00+00:00,99462.08643650559
2025-04-12 04:30:00+00:00,99462.08643650559
2025-04-12 04:45:00+00:00,99462.08643650559
2025-04-12 05:00:00+00:00,99462.08643650559
2025-04-12 05:15:00+00:00,99462.08643650559
2025-04-12 05:30:00+00:00,99462.08643650559
2025-04-12 05:45:00+00:00,99462.08643650559
2025-04-12 06:00:00+00:00,99462.08643650559
2025-04-12 06:15:00+00:00,99462.08643650559
2025-04-12 06:30:00+00:00,99462.08643650559
2025-04-12 06:45:00+00:00,99462.08643650559
2025-04-12 07:00:00+00:00,99462.08643650559
2025-04-12 07:15:00+00:00,99462.08643650559
2025-04-12 07:30:00+00:00,99462.08643650559
2025-04-12 07:45:00+00:00,99462.08643650559
2025-04-12 08:00:00+00:00,99462.08643650559
2025-04-12 08:15:00+00:00,99462.08643650559
2025-04-12 08:30:00+00:00,99462.08643650559
2025-04-12 08:45:00+00:00,99462.08643650559
2025-04-12 09:00:00+00:00,99462.08643650559
2025-04-12 09:15:00+00:00,99462.08643650559
2025-04-12 09:30:00+00:00,99462.08643650559
2025-04-12 09:45:00+00:00,99462.08643650559
2025-04-12 10:00:00+00:00,99462.08643650559
2025-04-12 10:15:00+00:00,99462.08643650559
2025-04-12 10:30:00+00:00,99462.08643650559
2025-04-12 10:45:00+00:00,99462.08643650559
2025-04-12 11:00:00+00:00,99462.08643650559
2025-04-12 11:15:00+00:00,99462.08643650559
2025-04-12 11:30:00+00:00,99462.08643650559
2025-04-12 11:45:00+00:00,99462.08643650559
2025-04-12 12:00:00+00:00,99462.08643650559
2025-04-12 12:15:00+00:00,99462.08643650559
2025-04-12 12:30:00+00:00,99462.08643650559
2025-04-12 12:45:00+00:00,99462.08643650559
2025-04-12 13:00:00+00:00,99462.08643650559
2025-04-12 13:15:00+00:00,99462.08643650559
2025-04-12 13:30:00+00:00,99462.08643650559
2025-04-12 13:45:00+00:00,99462.08643650559
2025-04-12 14:00:00+00:00,99462.08643650559
2025-04-12 14:15:00+00:00,99462.08643650559
2025-04-12 14:30:00+00:00,99462.08643650559
2025-04-12 14:45:00+00:00,99462.08643650559
2025-04-12 15:00:00+00:00,99462.08643650559
2025-04-12 15:15:00+00:00,99462.08643650559
2025-04-12 15:30:00+00:00,99462.08643650559
2025-04-12 15:45:00+00:00,99462.08643650559
2025-04-12 16:00:00+00:00,99462.08643650559
2025-04-12 16:15:00+00:00,99462.08643650559
2025-04-12 16:30:00+00:00,99462.08643650559
2025-04-12 16:45:00+00:00,99462.08643650559
2025-04-12 17:00:00+00:00,99462.08643650559
2025-04-12 17:15:00+00:00,99462.08643650559
2025-04-12 17:30:00+00:00,99462.08643650559
2025-04-12 17:45:00+00:00,99462.08643650559
2025-04-12 18:00:00+00:00,99462.08643650559
2025-04-12 18:15:00+00:00,99462.08643650559
2025-04-12 18:30:00+00:00,99462.08643650559
2025-04-12 18:45:00+00:00,99462.08643650559
2025-04-12 19:00:00+00:00,99462.08643650559
2025-04-12 19:15:00+00:00,99462.08643650559
2025-04-12 19:30:00+00:00,99462.08643650559
2025-04-12 19:45:00+00:00,99462.08643650559
2025-04-12 20:00:00+00:00,99462.08643650559
2025-04-12 20:15:00+00:00,99462.08643650559
2025-04-12 20:30:00+00:00,99462.08643650559
2025-04-12 20:45:00+00:00,99462.08643650559
2025-04-12 21:00:00+00:00,99462.08643650559
2025-04-12 21:15:00+00:00,99462.08643650559
2025-04-12 21:30:00+00:00,99462.08643650559
2025-04-12 21:45:00+00:00,99462.08643650559
2025-04-12 22:00:00+00:00,99462.08643650559
2025-04-12 22:15:00+00:00,99462.08643650559
2025-04-12 22:30:00+00:00,99462.08643650559
2025-04-12 22:45:00+00:00,99462.08643650559
2025-04-12 23:00:00+00:00,99462.08643650559
2025-04-12 23:15:00+00:00,99462.08643650559
2025-04-12 23:30:00+00:00,99462.08643650559
2025-04-12 23:45:00+00:00,99462.08643650559
2025-04-13 00:00:00+00:00,99462.08643650559
2025-04-13 00:15:00+00:00,99462.08643650559
2025-04-13 00:30:00+00:00,99462.08643650559
2025-04-13 00:45:00+00:00,99462.08643650559
2025-04-13 01:00:00+00:00,99462.08643650559
2025-04-13 01:15:00+00:00,99462.08643650559
2025-04-13 01:30:00+00:00,99462.08643650559
2025-04-13 01:45:00+00:00,99462.08643650559
2025-04-13 02:00:00+00:00,99462.08643650559
2025-04-13 02:15:00+00:00,99462.08643650559
2025-04-13 02:30:00+00:00,99462.08643650559
2025-04-13 02:45:00+00:00,99462.08643650559
2025-04-13 03:00:00+00:00,99462.08643650559
2025-04-13 03:15:00+00:00,99462.08643650559
2025-04-13 03:30:00+00:00,99462.08643650559
2025-04-13 03:45:00+00:00,99462.08643650559
2025-04-13 04:00:00+00:00,99462.08643650559
2025-04-13 04:15:00+00:00,99462.08643650559
2025-04-13 04:30:00+00:00,99462.08643650559
2025-04-13 04:45:00+00:00,99462.08643650559
2025-04-13 05:00:00+00:00,99462.08643650559
2025-04-13 05:15:00+00:00,99462.08643650559
2025-04-13 05:30:00+00:00,99462.08643650559
2025-04-13 05:45:00+00:00,99462.08643650559
2025-04-13 06:00:00+00:00,99462.08643650559
2025-04-13 06:15:00+00:00,99462.08643650559
2025-04-13 06:30:00+00:00,99462.08643650559
2025-04-13 06:45:00+00:00,99462.08643650559
2025-04-13 07:00:00+00:00,99462.08643650559
2025-04-13 07:15:00+00:00,99462.08643650559
2025-04-13 07:30:00+00:00,99462.08643650559
2025-04-13 07:45:00+00:00,99462.08643650559
2025-04-13 08:00:00+00:00,99462.08643650559
2025-04-13 08:15:00+00:00,99462.08643650559
2025-04-13 08:30:00+00:00,99462.08643650559
2025-04-13 08:45:00+00:00,99462.08643650559
2025-04-13 09:00:00+00:00,99462.08643650559
2025-04-13 09:15:00+00:00,99462.08643650559
2025-04-13 09:30:00+00:00,99462.08643650559
2025-04-13 09:45:00+00:00,99462.08643650559
2025-04-13 10:00:00+00:00,99462.08643650559
2025-04-13 10:15:00+00:00,99462.08643650559
2025-04-13 10:30:00+00:00,99462.08643650559
2025-04-13 10:45:00+00:00,99462.08643650559
2025-04-13 11:00:00+00:00,99462.08643650559
2025-04-13 11:15:00+00:00,99462.08643650559
2025-04-13 11:30:00+00:00,99462.08643650559
2025-04-13 11:45:00+00:00,99462.08643650559
2025-04-13 12:00:00+00:00,99462.08643650559
2025-04-13 12:15:00+00:00,99462.08643650559
2025-04-13 12:30:00+00:00,99462.08643650559
2025-04-13 12:45:00+00:00,99462.08643650559
2025-04-13 13:00:00+00:00,99462.08643650559
2025-04-13 13:15:00+00:00,99462.08643650559
2025-04-13 13:30:00+00:00,99462.08643650559
2025-04-13 13:45:00+00:00,99462.08643650559
2025-04-13 14:00:00+00:00,99462.08643650559
2025-04-13 14:15:00+00:00,99462.08643650559
2025-04-13 14:30:00+00:00,99462.08643650559
2025-04-13 14:45:00+00:00,99462.08643650559
2025-04-13 15:00:00+00:00,99462.08643650559
2025-04-13 15:15:00+00:00,99462.08643650559
2025-04-13 15:30:00+00:00,99462.08643650559
2025-04-13 15:45:00+00:00,99462.08643650559
2025-04-13 16:00:00+00:00,99462.08643650559
2025-04-13 16:15:00+00:00,99462.08643650559
2025-04-13 16:30:00+00:00,99462.08643650559
2025-04-13 16:45:00+00:00,99462.08643650559
2025-04-13 17:00:00+00:00,99462.08643650559
2025-04-13 17:15:00+00:00,99462.08643650559
2025-04-13 17:30:00+00:00,99462.08643650559
2025-04-13 17:45:00+00:00,99462.08643650559
2025-04-13 18:00:00+00:00,99462.08643650559
2025-04-13 18:15:00+00:00,99462.08643650559
2025-04-13 18:30:00+00:00,99462.08643650559
2025-04-13 18:45:00+00:00,99462.08643650559
2025-04-13 19:00:00+00:00,99462.08643650559
2025-04-13 19:15:00+00:00,99462.08643650559
2025-04-13 19:30:00+00:00,99462.08643650559
2025-04-13 19:45:00+00:00,99462.08643650559
2025-04-13 20:00:00+00:00,99462.08643650559
2025-04-13 20:15:00+00:00,99461.79586247099
2025-04-13 20:30:00+00:00,99443.32827571007
2025-04-13 20:45:00+00:00,99443.32827571007
2025-04-13 21:00:00+00:00,99443.32827571007
2025-04-13 21:15:00+00:00,99443.32827571007
2025-04-13 21:30:00+00:00,99443.32827571007
2025-04-13 21:45:00+00:00,99443.32827571007
2025-04-13 22:00:00+00:00,99443.32827571007
2025-04-13 22:15:00+00:00,99443.32827571007
2025-04-13 22:30:00+00:00,99443.32827571007
2025-04-13 22:45:00+00:00,99443.32827571007
2025-04-13 23:00:00+00:00,99443.32827571007
2025-04-13 23:15:00+00:00,99443.32827571007
2025-04-13 23:30:00+00:00,99443.32827571007
2025-04-13 23:45:00+00:00,99443.32827571007
2025-04-14 00:00:00+00:00,99443.32827571007
2025-04-14 00:15:00+00:00,99443.32827571007
2025-04-14 00:30:00+00:00,99443.32827571007
2025-04-14 00:45:00+00:00,99443.32827571007
2025-04-14 01:00:00+00:00,99443.32827571007
2025-04-14 01:15:00+00:00,99443.32827571007
2025-04-14 01:30:00+00:00,99443.32827571007
2025-04-14 01:45:00+00:00,99443.32827571007
2025-04-14 02:00:00+00:00,99443.32827571007
2025-04-14 02:15:00+00:00,99443.32827571007
2025-04-14 02:30:00+00:00,99443.32827571007
2025-04-14 02:45:00+00:00,99443.32827571007
2025-04-14 03:00:00+00:00,99443.32827571007
2025-04-14 03:15:00+00:00,99443.32827571007
2025-04-14 03:30:00+00:00,99443.32827571007
2025-04-14 03:45:00+00:00,99443.32827571007
2025-04-14 04:00:00+00:00,99443.32827571007
2025-04-14 04:15:00+00:00,99443.32827571007
2025-04-14 04:30:00+00:00,99443.32827571007
2025-04-14 04:45:00+00:00,99443.32827571007
2025-04-14 05:00:00+00:00,99443.32827571007
2025-04-14 05:15:00+00:00,99443.32827571007
2025-04-14 05:30:00+00:00,99443.32827571007
2025-04-14 05:45:00+00:00,99443.32827571007
2025-04-14 06:00:00+00:00,99443.32827571007
2025-04-14 06:15:00+00:00,99443.32827571007
2025-04-14 06:30:00+00:00,99443.32827571007
2025-04-14 06:45:00+00:00,99443.32827571007
2025-04-14 07:00:00+00:00,99443.32827571007
2025-04-14 07:15:00+00:00,99443.32827571007
2025-04-14 07:30:00+00:00,99443.32827571007
2025-04-14 07:45:00+00:00,99443.32827571007
2025-04-14 08:00:00+00:00,99443.32827571007
2025-04-14 08:15:00+00:00,99443.32827571007
2025-04-14 08:30:00+00:00,99443.32827571007
2025-04-14 08:45:00+00:00,99443.32827571007
2025-04-14 09:00:00+00:00,99443.32827571007
2025-04-14 09:15:00+00:00,99443.32827571007
2025-04-14 09:30:00+00:00,99443.32827571007
2025-04-14 09:45:00+00:00,99443.32827571007
2025-04-14 10:00:00+00:00,99443.32827571007
2025-04-14 10:15:00+00:00,99443.32827571007
2025-04-14 10:30:00+00:00,99443.32827571007
2025-04-14 10:45:00+00:00,99443.32827571007
2025-04-14 11:00:00+00:00,99443.32827571007
2025-04-14 11:15:00+00:00,99443.32827571007
2025-04-14 11:30:00+00:00,99443.32827571007
2025-04-14 11:45:00+00:00,99443.32827571007
2025-04-14 12:00:00+00:00,99443.32827571007
2025-04-14 12:15:00+00:00,99443.32827571007
2025-04-14 12:30:00+00:00,99443.32827571007
2025-04-14 12:45:00+00:00,99443.32827571007
2025-04-14 13:00:00+00:00,99443.32827571007
2025-04-14 13:15:00+00:00,99443.32827571007
2025-04-14 13:30:00+00:00,99443.32827571007
2025-04-14 13:45:00+00:00,99443.32827571007
2025-04-14 14:00:00+00:00,99443.32827571007
2025-04-14 14:15:00+00:00,99443.32827571007
2025-04-14 14:30:00+00:00,99443.32827571007
2025-04-14 14:45:00+00:00,99443.32827571007
2025-04-14 15:00:00+00:00,99443.32827571007
2025-04-14 15:15:00+00:00,99443.32827571007
2025-04-14 15:30:00+00:00,99443.32827571007
2025-04-14 15:45:00+00:00,99443.32827571007
2025-04-14 16:00:00+00:00,99443.32827571007
2025-04-14 16:15:00+00:00,99443.32827571007
2025-04-14 16:30:00+00:00,99443.32827571007
2025-04-14 16:45:00+00:00,99443.32827571007
2025-04-14 17:00:00+00:00,99443.32827571007
2025-04-14 17:15:00+00:00,99443.32827571007
2025-04-14 17:30:00+00:00,99443.32827571007
2025-04-14 17:45:00+00:00,99443.32827571007
2025-04-14 18:00:00+00:00,99443.32827571007
2025-04-14 18:15:00+00:00,99443.32827571007
2025-04-14 18:30:00+00:00,99443.32827571007
2025-04-14 18:45:00+00:00,99443.32827571007
2025-04-14 19:00:00+00:00,99443.32827571007
2025-04-14 19:15:00+00:00,99443.32827571007
2025-04-14 19:30:00+00:00,99443.32827571007
2025-04-14 19:45:00+00:00,99443.32827571007
2025-04-14 20:00:00+00:00,99443.32827571007
2025-04-14 20:15:00+00:00,99443.32827571007
2025-04-14 20:30:00+00:00,99443.32827571007
2025-04-14 20:45:00+00:00,99443.32827571007
2025-04-14 21:00:00+00:00,99443.32827571007
2025-04-14 21:15:00+00:00,99443.32827571007
2025-04-14 21:30:00+00:00,99443.32827571007
2025-04-14 21:45:00+00:00,99443.32827571007
2025-04-14 22:00:00+00:00,99443.32827571007
2025-04-14 22:15:00+00:00,99443.32827571007
2025-04-14 22:30:00+00:00,99443.32827571007
2025-04-14 22:45:00+00:00,99443.32827571007
2025-04-14 23:00:00+00:00,99443.32827571007
2025-04-14 23:15:00+00:00,99443.32827571007
2025-04-14 23:30:00+00:00,99443.32827571007
2025-04-14 23:45:00+00:00,99443.32827571007
2025-04-15 00:00:00+00:00,99443.32827571007
2025-04-15 00:15:00+00:00,99443.32827571007
2025-04-15 00:30:00+00:00,99443.32827571007
2025-04-15 00:45:00+00:00,99443.32827571007
2025-04-15 01:00:00+00:00,99443.32827571007
2025-04-15 01:15:00+00:00,99443.32827571007
2025-04-15 01:30:00+00:00,99443.32827571007
2025-04-15 01:45:00+00:00,99443.32827571007
2025-04-15 02:00:00+00:00,99443.32827571007
2025-04-15 02:15:00+00:00,99443.32827571007
2025-04-15 02:30:00+00:00,99443.32827571007
2025-04-15 02:45:00+00:00,99443.32827571007
2025-04-15 03:00:00+00:00,99443.32827571007
2025-04-15 03:15:00+00:00,99443.32827571007
2025-04-15 03:30:00+00:00,99443.32827571007
2025-04-15 03:45:00+00:00,99443.32827571007
2025-04-15 04:00:00+00:00,99443.32827571007
2025-04-15 04:15:00+00:00,99443.32827571007
2025-04-15 04:30:00+00:00,99440.56227561735
2025-04-15 04:45:00+00:00,99437.69606032832
2025-04-15 05:00:00+00:00,99424.61507780201
2025-04-15 05:15:00+00:00,99424.61507780201
2025-04-15 05:30:00+00:00,99424.61507780201
2025-04-15 05:45:00+00:00,99424.61507780201
2025-04-15 06:00:00+00:00,99424.61507780201
2025-04-15 06:15:00+00:00,99424.61507780201
2025-04-15 06:30:00+00:00,99424.61507780201
2025-04-15 06:45:00+00:00,99424.61507780201
2025-04-15 07:00:00+00:00,99424.61507780201
2025-04-15 07:15:00+00:00,99424.61507780201
2025-04-15 07:30:00+00:00,99424.61507780201
2025-04-15 07:45:00+00:00,99424.61507780201
2025-04-15 08:00:00+00:00,99424.61507780201
2025-04-15 08:15:00+00:00,99424.61507780201
2025-04-15 08:30:00+00:00,99424.61507780201
2025-04-15 08:45:00+00:00,99424.61507780201
2025-04-15 09:00:00+00:00,99424.61507780201
2025-04-15 09:15:00+00:00,99424.61507780201
2025-04-15 09:30:00+00:00,99424.61507780201
2025-04-15 09:45:00+00:00,99424.61507780201
2025-04-15 10:00:00+00:00,99424.61507780201
2025-04-15 10:15:00+00:00,99424.61507780201
2025-04-15 10:30:00+00:00,99424.61507780201
2025-04-15 10:45:00+00:00,99424.61507780201
2025-04-15 11:00:00+00:00,99424.61507780201
2025-04-15 11:15:00+00:00,99424.61507780201
2025-04-15 11:30:00+00:00,99424.61507780201
2025-04-15 11:45:00+00:00,99424.61507780201
2025-04-15 12:00:00+00:00,99424.61507780201
2025-04-15 12:15:00+00:00,99424.61507780201
2025-04-15 12:30:00+00:00,99424.61507780201
2025-04-15 12:45:00+00:00,99424.61507780201
2025-04-15 13:00:00+00:00,99424.61507780201
2025-04-15 13:15:00+00:00,99424.61507780201
2025-04-15 13:30:00+00:00,99424.61507780201
2025-04-15 13:45:00+00:00,99424.61507780201
2025-04-15 14:00:00+00:00,99424.61507780201
2025-04-15 14:15:00+00:00,99424.61507780201
2025-04-15 14:30:00+00:00,99424.61507780201
2025-04-15 14:45:00+00:00,99424.61507780201
2025-04-15 15:00:00+00:00,99424.61507780201
2025-04-15 15:15:00+00:00,99424.61507780201
2025-04-15 15:30:00+00:00,99424.61507780201
2025-04-15 15:45:00+00:00,99424.61507780201
2025-04-15 16:00:00+00:00,99424.61507780201
2025-04-15 16:15:00+00:00,99424.61507780201
2025-04-15 16:30:00+00:00,99424.61507780201
2025-04-15 16:45:00+00:00,99424.61507780201
2025-04-15 17:00:00+00:00,99424.61507780201
2025-04-15 17:15:00+00:00,99424.61507780201
2025-04-15 17:30:00+00:00,99424.61507780201
2025-04-15 17:45:00+00:00,99424.61507780201
2025-04-15 18:00:00+00:00,99424.61507780201
2025-04-15 18:15:00+00:00,99424.61507780201
2025-04-15 18:30:00+00:00,99424.61507780201
2025-04-15 18:45:00+00:00,99424.61507780201
2025-04-15 19:00:00+00:00,99424.61507780201
2025-04-15 19:15:00+00:00,99424.61507780201
2025-04-15 19:30:00+00:00,99424.61507780201
2025-04-15 19:45:00+00:00,99424.61507780201
2025-04-15 20:00:00+00:00,99424.61507780201
2025-04-15 20:15:00+00:00,99424.61507780201
2025-04-15 20:30:00+00:00,99424.61507780201
2025-04-15 20:45:00+00:00,99424.61507780201
2025-04-15 21:00:00+00:00,99424.61507780201
2025-04-15 21:15:00+00:00,99424.61507780201
2025-04-15 21:30:00+00:00,99424.61507780201
2025-04-15 21:45:00+00:00,99424.61507780201
2025-04-15 22:00:00+00:00,99424.61507780201
2025-04-15 22:15:00+00:00,99424.61507780201
2025-04-15 22:30:00+00:00,99424.61507780201
2025-04-15 22:45:00+00:00,99424.61507780201
2025-04-15 23:00:00+00:00,99424.61507780201
2025-04-15 23:15:00+00:00,99424.61507780201
2025-04-15 23:30:00+00:00,99424.61507780201
2025-04-15 23:45:00+00:00,99424.61507780201
2025-04-16 00:00:00+00:00,99424.61507780201
2025-04-16 00:15:00+00:00,99424.61507780201
2025-04-16 00:30:00+00:00,99424.61507780201
2025-04-16 00:45:00+00:00,99424.61507780201
2025-04-16 01:00:00+00:00,99424.61507780201
2025-04-16 01:15:00+00:00,99424.61507780201
2025-04-16 01:30:00+00:00,99424.61507780201
2025-04-16 01:45:00+00:00,99424.61507780201
2025-04-16 02:00:00+00:00,99424.61507780201
2025-04-16 02:15:00+00:00,99424.61507780201
2025-04-16 02:30:00+00:00,99424.61507780201
2025-04-16 02:45:00+00:00,99424.61507780201
2025-04-16 03:00:00+00:00,99424.61507780201
2025-04-16 03:15:00+00:00,99424.61507780201
2025-04-16 03:30:00+00:00,99424.61507780201
2025-04-16 03:45:00+00:00,99424.61507780201
2025-04-16 04:00:00+00:00,99424.61507780201
2025-04-16 04:15:00+00:00,99424.61507780201
2025-04-16 04:30:00+00:00,99424.61507780201
2025-04-16 04:45:00+00:00,99424.61507780201
2025-04-16 05:00:00+00:00,99424.61507780201
2025-04-16 05:15:00+00:00,99424.61507780201
2025-04-16 05:30:00+00:00,99424.61507780201
2025-04-16 05:45:00+00:00,99424.61507780201
2025-04-16 06:00:00+00:00,99424.61507780201
2025-04-16 06:15:00+00:00,99424.61507780201
2025-04-16 06:30:00+00:00,99424.61507780201
2025-04-16 06:45:00+00:00,99424.61507780201
2025-04-16 07:00:00+00:00,99424.61507780201
2025-04-16 07:15:00+00:00,99424.61507780201
2025-04-16 07:30:00+00:00,99424.61507780201
2025-04-16 07:45:00+00:00,99424.61507780201
2025-04-16 08:00:00+00:00,99424.61507780201
2025-04-16 08:15:00+00:00,99424.61507780201
2025-04-16 08:30:00+00:00,99424.61507780201
2025-04-16 08:45:00+00:00,99424.61507780201
2025-04-16 09:00:00+00:00,99424.61507780201
2025-04-16 09:15:00+00:00,99424.61507780201
2025-04-16 09:30:00+00:00,99424.61507780201
2025-04-16 09:45:00+00:00,99424.61507780201
2025-04-16 10:00:00+00:00,99424.61507780201
2025-04-16 10:15:00+00:00,99424.61507780201
2025-04-16 10:30:00+00:00,99424.61507780201
2025-04-16 10:45:00+00:00,99424.61507780201
2025-04-16 11:00:00+00:00,99424.61507780201
2025-04-16 11:15:00+00:00,99424.61507780201
2025-04-16 11:30:00+00:00,99424.61507780201
2025-04-16 11:45:00+00:00,99424.61507780201
2025-04-16 12:00:00+00:00,99424.61507780201
2025-04-16 12:15:00+00:00,99424.61507780201
2025-04-16 12:30:00+00:00,99424.61507780201
2025-04-16 12:45:00+00:00,99424.61507780201
2025-04-16 13:00:00+00:00,99424.61507780201
2025-04-16 13:15:00+00:00,99424.61507780201
2025-04-16 13:30:00+00:00,99424.61507780201
2025-04-16 13:45:00+00:00,99424.61507780201
2025-04-16 14:00:00+00:00,99424.61507780201
2025-04-16 14:15:00+00:00,99424.61507780201
2025-04-16 14:30:00+00:00,99424.61507780201
2025-04-16 14:45:00+00:00,99424.61507780201
2025-04-16 15:00:00+00:00,99424.61507780201
2025-04-16 15:15:00+00:00,99424.61507780201
2025-04-16 15:30:00+00:00,99424.61507780201
2025-04-16 15:45:00+00:00,99424.61507780201
2025-04-16 16:00:00+00:00,99424.61507780201
2025-04-16 16:15:00+00:00,99424.61507780201
2025-04-16 16:30:00+00:00,99424.61507780201
2025-04-16 16:45:00+00:00,99424.61507780201
2025-04-16 17:00:00+00:00,99424.61507780201
2025-04-16 17:15:00+00:00,99424.61507780201
2025-04-16 17:30:00+00:00,99424.61507780201
2025-04-16 17:45:00+00:00,99424.61507780201
2025-04-16 18:00:00+00:00,99424.61507780201
2025-04-16 18:15:00+00:00,99424.61507780201
2025-04-16 18:30:00+00:00,99424.61507780201
2025-04-16 18:45:00+00:00,99424.61507780201
2025-04-16 19:00:00+00:00,99424.61507780201
2025-04-16 19:15:00+00:00,99424.61507780201
2025-04-16 19:30:00+00:00,99424.61507780201
2025-04-16 19:45:00+00:00,99424.61507780201
2025-04-16 20:00:00+00:00,99424.61507780201
2025-04-16 20:15:00+00:00,99424.61507780201
2025-04-16 20:30:00+00:00,99424.61507780201
2025-04-16 20:45:00+00:00,99424.61507780201
2025-04-16 21:00:00+00:00,99424.61507780201
2025-04-16 21:15:00+00:00,99424.61507780201
2025-04-16 21:30:00+00:00,99424.61507780201
2025-04-16 21:45:00+00:00,99424.61507780201
2025-04-16 22:00:00+00:00,99424.61507780201
2025-04-16 22:15:00+00:00,99424.61507780201
2025-04-16 22:30:00+00:00,99424.61507780201
2025-04-16 22:45:00+00:00,99424.61507780201
2025-04-16 23:00:00+00:00,99424.61507780201
2025-04-16 23:15:00+00:00,99424.61507780201
2025-04-16 23:30:00+00:00,99424.61507780201
2025-04-16 23:45:00+00:00,99424.61507780201
2025-04-17 00:00:00+00:00,99424.61507780201
2025-04-17 00:15:00+00:00,99424.61507780201
2025-04-17 00:30:00+00:00,99424.61507780201
2025-04-17 00:45:00+00:00,99424.61507780201
2025-04-17 01:00:00+00:00,99424.61507780201
2025-04-17 01:15:00+00:00,99424.61507780201
2025-04-17 01:30:00+00:00,99424.61507780201
2025-04-17 01:45:00+00:00,99424.61507780201
2025-04-17 02:00:00+00:00,99424.61507780201
2025-04-17 02:15:00+00:00,99424.61507780201
2025-04-17 02:30:00+00:00,99424.61507780201
2025-04-17 02:45:00+00:00,99424.61507780201
2025-04-17 03:00:00+00:00,99424.61507780201
2025-04-17 03:15:00+00:00,99424.61507780201
2025-04-17 03:30:00+00:00,99424.61507780201
2025-04-17 03:45:00+00:00,99424.61507780201
2025-04-17 04:00:00+00:00,99424.61507780201
2025-04-17 04:15:00+00:00,99424.61507780201
2025-04-17 04:30:00+00:00,99424.61507780201
2025-04-17 04:45:00+00:00,99424.61507780201
2025-04-17 05:00:00+00:00,99424.61507780201
2025-04-17 05:15:00+00:00,99424.61507780201
2025-04-17 05:30:00+00:00,99424.61507780201
2025-04-17 05:45:00+00:00,99424.61507780201
2025-04-17 06:00:00+00:00,99424.61507780201
2025-04-17 06:15:00+00:00,99424.61507780201
2025-04-17 06:30:00+00:00,99424.61507780201
2025-04-17 06:45:00+00:00,99424.61507780201
2025-04-17 07:00:00+00:00,99424.61507780201
2025-04-17 07:15:00+00:00,99424.61507780201
2025-04-17 07:30:00+00:00,99424.61507780201
2025-04-17 07:45:00+00:00,99424.61507780201
2025-04-17 08:00:00+00:00,99424.61507780201
2025-04-17 08:15:00+00:00,99424.61507780201
2025-04-17 08:30:00+00:00,99424.61507780201
2025-04-17 08:45:00+00:00,99424.61507780201
2025-04-17 09:00:00+00:00,99424.61507780201
2025-04-17 09:15:00+00:00,99424.61507780201
2025-04-17 09:30:00+00:00,99424.61507780201
2025-04-17 09:45:00+00:00,99424.61507780201
2025-04-17 10:00:00+00:00,99424.61507780201
2025-04-17 10:15:00+00:00,99424.61507780201
2025-04-17 10:30:00+00:00,99424.61507780201
2025-04-17 10:45:00+00:00,99424.61507780201
2025-04-17 11:00:00+00:00,99424.61507780201
2025-04-17 11:15:00+00:00,99424.61507780201
2025-04-17 11:30:00+00:00,99424.61507780201
2025-04-17 11:45:00+00:00,99424.61507780201
2025-04-17 12:00:00+00:00,99424.61507780201
2025-04-17 12:15:00+00:00,99424.61507780201
2025-04-17 12:30:00+00:00,99424.61507780201
2025-04-17 12:45:00+00:00,99424.61507780201
2025-04-17 13:00:00+00:00,99424.61507780201
2025-04-17 13:15:00+00:00,99424.61507780201
2025-04-17 13:30:00+00:00,99424.61507780201
2025-04-17 13:45:00+00:00,99424.61507780201
2025-04-17 14:00:00+00:00,99424.61507780201
2025-04-17 14:15:00+00:00,99424.61507780201
2025-04-17 14:30:00+00:00,99424.61507780201
2025-04-17 14:45:00+00:00,99424.61507780201
2025-04-17 15:00:00+00:00,99424.61507780201
2025-04-17 15:15:00+00:00,99424.61507780201
2025-04-17 15:30:00+00:00,99424.61507780201
2025-04-17 15:45:00+00:00,99424.61507780201
2025-04-17 16:00:00+00:00,99424.61507780201
2025-04-17 16:15:00+00:00,99424.61507780201
2025-04-17 16:30:00+00:00,99424.61507780201
2025-04-17 16:45:00+00:00,99424.61507780201
2025-04-17 17:00:00+00:00,99424.61507780201
2025-04-17 17:15:00+00:00,99424.61507780201
2025-04-17 17:30:00+00:00,99424.61507780201
2025-04-17 17:45:00+00:00,99424.61507780201
2025-04-17 18:00:00+00:00,99424.61507780201
2025-04-17 18:15:00+00:00,99424.61507780201
2025-04-17 18:30:00+00:00,99424.61507780201
2025-04-17 18:45:00+00:00,99424.61507780201
2025-04-17 19:00:00+00:00,99424.61507780201
2025-04-17 19:15:00+00:00,99424.61507780201
2025-04-17 19:30:00+00:00,99424.61507780201
2025-04-17 19:45:00+00:00,99424.61507780201
2025-04-17 20:00:00+00:00,99424.61507780201
2025-04-17 20:15:00+00:00,99424.61507780201
2025-04-17 20:30:00+00:00,99424.61507780201
2025-04-17 20:45:00+00:00,99424.61507780201
2025-04-17 21:00:00+00:00,99424.61507780201
2025-04-17 21:15:00+00:00,99424.61507780201
2025-04-17 21:30:00+00:00,99424.61507780201
2025-04-17 21:45:00+00:00,99424.61507780201
2025-04-17 22:00:00+00:00,99424.61507780201
2025-04-17 22:15:00+00:00,99424.61507780201
2025-04-17 22:30:00+00:00,99424.61507780201
2025-04-17 22:45:00+00:00,99424.61507780201
2025-04-17 23:00:00+00:00,99424.61507780201
2025-04-17 23:15:00+00:00,99424.61507780201
2025-04-17 23:30:00+00:00,99424.61507780201
2025-04-17 23:45:00+00:00,99424.61507780201
2025-04-18 00:00:00+00:00,99424.61507780201
2025-04-18 00:15:00+00:00,99424.61507780201
2025-04-18 00:30:00+00:00,99424.61507780201
2025-04-18 00:45:00+00:00,99424.61507780201
2025-04-18 01:00:00+00:00,99424.61507780201
2025-04-18 01:15:00+00:00,99422.64921412859
2025-04-18 01:30:00+00:00,99425.58242010415
2025-04-18 01:45:00+00:00,99426.26804001308
2025-04-18 02:00:00+00:00,99428.1339161683
2025-04-18 02:15:00+00:00,99424.7553241918
2025-04-18 02:30:00+00:00,99424.7553241918
2025-04-18 02:45:00+00:00,99424.7553241918
2025-04-18 03:00:00+00:00,99424.7553241918
2025-04-18 03:15:00+00:00,99424.7553241918
2025-04-18 03:30:00+00:00,99424.7553241918
2025-04-18 03:45:00+00:00,99424.7553241918
2025-04-18 04:00:00+00:00,99424.7553241918
2025-04-18 04:15:00+00:00,99424.7553241918
2025-04-18 04:30:00+00:00,99424.7553241918
2025-04-18 04:45:00+00:00,99424.7553241918
2025-04-18 05:00:00+00:00,99424.7553241918
2025-04-18 05:15:00+00:00,99424.7553241918
2025-04-18 05:30:00+00:00,99424.7553241918
2025-04-18 05:45:00+00:00,99424.7553241918
2025-04-18 06:00:00+00:00,99424.7553241918
2025-04-18 06:15:00+00:00,99424.7553241918
2025-04-18 06:30:00+00:00,99424.7553241918
2025-04-18 06:45:00+00:00,99424.7553241918
2025-04-18 07:00:00+00:00,99424.7553241918
2025-04-18 07:15:00+00:00,99424.7553241918
2025-04-18 07:30:00+00:00,99424.7553241918
2025-04-18 07:45:00+00:00,99424.7553241918
2025-04-18 08:00:00+00:00,99424.7553241918
2025-04-18 08:15:00+00:00,99424.68036386081
2025-04-18 08:30:00+00:00,99424.69127412053
2025-04-18 08:45:00+00:00,99422.86540252692
2025-04-18 09:00:00+00:00,99415.11500035254
2025-04-18 09:15:00+00:00,99415.11500035254
2025-04-18 09:30:00+00:00,99415.11500035254
2025-04-18 09:45:00+00:00,99415.11500035254
2025-04-18 10:00:00+00:00,99415.11500035254
2025-04-18 10:15:00+00:00,99415.11500035254
2025-04-18 10:30:00+00:00,99415.11500035254
2025-04-18 10:45:00+00:00,99415.11500035254
2025-04-18 11:00:00+00:00,99415.11500035254
2025-04-18 11:15:00+00:00,99415.11500035254
2025-04-18 11:30:00+00:00,99415.11500035254
2025-04-18 11:45:00+00:00,99415.11500035254
2025-04-18 12:00:00+00:00,99415.11500035254
2025-04-18 12:15:00+00:00,99415.11500035254
2025-04-18 12:30:00+00:00,99415.11500035254
2025-04-18 12:45:00+00:00,99415.11500035254
2025-04-18 13:00:00+00:00,99415.11500035254
2025-04-18 13:15:00+00:00,99415.11500035254
2025-04-18 13:30:00+00:00,99415.11500035254
2025-04-18 13:45:00+00:00,99415.11500035254
2025-04-18 14:00:00+00:00,99415.11500035254
2025-04-18 14:15:00+00:00,99415.11500035254
2025-04-18 14:30:00+00:00,99415.11500035254
2025-04-18 14:45:00+00:00,99415.11500035254
2025-04-18 15:00:00+00:00,99415.11500035254
2025-04-18 15:15:00+00:00,99415.11500035254
2025-04-18 15:30:00+00:00,99415.11500035254
2025-04-18 15:45:00+00:00,99415.11500035254
2025-04-18 16:00:00+00:00,99415.11500035254
2025-04-18 16:15:00+00:00,99415.11500035254
2025-04-18 16:30:00+00:00,99415.11500035254
2025-04-18 16:45:00+00:00,99415.11500035254
2025-04-18 17:00:00+00:00,99415.11500035254
2025-04-18 17:15:00+00:00,99415.11500035254
2025-04-18 17:30:00+00:00,99415.11500035254
2025-04-18 17:45:00+00:00,99415.11500035254
2025-04-18 18:00:00+00:00,99415.11500035254
2025-04-18 18:15:00+00:00,99415.11500035254
2025-04-18 18:30:00+00:00,99415.11500035254
2025-04-18 18:45:00+00:00,99415.11500035254
2025-04-18 19:00:00+00:00,99415.11500035254
2025-04-18 19:15:00+00:00,99415.11500035254
2025-04-18 19:30:00+00:00,99415.11500035254
2025-04-18 19:45:00+00:00,99415.11500035254
2025-04-18 20:00:00+00:00,99415.11500035254
2025-04-18 20:15:00+00:00,99415.11500035254
2025-04-18 20:30:00+00:00,99415.11500035254
2025-04-18 20:45:00+00:00,99415.11500035254
2025-04-18 21:00:00+00:00,99415.11500035254
2025-04-18 21:15:00+00:00,99415.11500035254
2025-04-18 21:30:00+00:00,99415.11500035254
2025-04-18 21:45:00+00:00,99415.11500035254
2025-04-18 22:00:00+00:00,99415.11500035254
2025-04-18 22:15:00+00:00,99415.11500035254
2025-04-18 22:30:00+00:00,99415.11500035254
2025-04-18 22:45:00+00:00,99415.11500035254
2025-04-18 23:00:00+00:00,99415.11500035254
2025-04-18 23:15:00+00:00,99415.11500035254
2025-04-18 23:30:00+00:00,99415.11500035254
2025-04-18 23:45:00+00:00,99415.11500035254
2025-04-19 00:00:00+00:00,99415.11500035254
2025-04-19 00:15:00+00:00,99415.11500035254
2025-04-19 00:30:00+00:00,99415.11500035254
2025-04-19 00:45:00+00:00,99415.11500035254
2025-04-19 01:00:00+00:00,99415.11500035254
2025-04-19 01:15:00+00:00,99415.11500035254
2025-04-19 01:30:00+00:00,99415.11500035254
2025-04-19 01:45:00+00:00,99415.11500035254
2025-04-19 02:00:00+00:00,99415.11500035254
2025-04-19 02:15:00+00:00,99415.11500035254
2025-04-19 02:30:00+00:00,99415.11500035254
2025-04-19 02:45:00+00:00,99415.11500035254
2025-04-19 03:00:00+00:00,99415.11500035254
2025-04-19 03:15:00+00:00,99415.11500035254
2025-04-19 03:30:00+00:00,99415.11500035254
2025-04-19 03:45:00+00:00,99415.11500035254
2025-04-19 04:00:00+00:00,99415.11500035254
2025-04-19 04:15:00+00:00,99415.11500035254
2025-04-19 04:30:00+00:00,99415.11500035254
2025-04-19 04:45:00+00:00,99415.11500035254
2025-04-19 05:00:00+00:00,99415.11500035254
2025-04-19 05:15:00+00:00,99415.11500035254
2025-04-19 05:30:00+00:00,99415.11500035254
2025-04-19 05:45:00+00:00,99415.11500035254
2025-04-19 06:00:00+00:00,99415.11500035254
2025-04-19 06:15:00+00:00,99415.11500035254
2025-04-19 06:30:00+00:00,99415.11500035254
2025-04-19 06:45:00+00:00,99415.11500035254
2025-04-19 07:00:00+00:00,99415.11500035254
2025-04-19 07:15:00+00:00,99415.11500035254
2025-04-19 07:30:00+00:00,99415.11500035254
2025-04-19 07:45:00+00:00,99415.11500035254
2025-04-19 08:00:00+00:00,99415.11500035254
2025-04-19 08:15:00+00:00,99415.11500035254
2025-04-19 08:30:00+00:00,99415.11500035254
2025-04-19 08:45:00+00:00,99415.11500035254
2025-04-19 09:00:00+00:00,99415.11500035254
2025-04-19 09:15:00+00:00,99415.11500035254
2025-04-19 09:30:00+00:00,99415.11500035254
2025-04-19 09:45:00+00:00,99415.11500035254
2025-04-19 10:00:00+00:00,99415.11500035254
2025-04-19 10:15:00+00:00,99415.11500035254
2025-04-19 10:30:00+00:00,99415.11500035254
2025-04-19 10:45:00+00:00,99415.11500035254
2025-04-19 11:00:00+00:00,99415.11500035254
2025-04-19 11:15:00+00:00,99415.11500035254
2025-04-19 11:30:00+00:00,99415.11500035254
2025-04-19 11:45:00+00:00,99415.11500035254
2025-04-19 12:00:00+00:00,99415.11500035254
2025-04-19 12:15:00+00:00,99415.11500035254
2025-04-19 12:30:00+00:00,99415.11500035254
2025-04-19 12:45:00+00:00,99415.11500035254
2025-04-19 13:00:00+00:00,99415.11500035254
2025-04-19 13:15:00+00:00,99415.11500035254
2025-04-19 13:30:00+00:00,99415.11500035254
2025-04-19 13:45:00+00:00,99415.11500035254
2025-04-19 14:00:00+00:00,99415.11500035254
2025-04-19 14:15:00+00:00,99415.11500035254
2025-04-19 14:30:00+00:00,99415.11500035254
2025-04-19 14:45:00+00:00,99415.11500035254
2025-04-19 15:00:00+00:00,99415.11500035254
2025-04-19 15:15:00+00:00,99415.11500035254
2025-04-19 15:30:00+00:00,99415.11500035254
2025-04-19 15:45:00+00:00,99415.11500035254
2025-04-19 16:00:00+00:00,99415.11500035254
2025-04-19 16:15:00+00:00,99415.11500035254
2025-04-19 16:30:00+00:00,99415.11500035254
2025-04-19 16:45:00+00:00,99415.11500035254
2025-04-19 17:00:00+00:00,99415.11500035254
2025-04-19 17:15:00+00:00,99415.11500035254
2025-04-19 17:30:00+00:00,99415.11500035254
2025-04-19 17:45:00+00:00,99415.11500035254
2025-04-19 18:00:00+00:00,99415.11500035254
2025-04-19 18:15:00+00:00,99415.11500035254
2025-04-19 18:30:00+00:00,99415.11500035254
2025-04-19 18:45:00+00:00,99415.11500035254
2025-04-19 19:00:00+00:00,99415.11500035254
2025-04-19 19:15:00+00:00,99415.11500035254
2025-04-19 19:30:00+00:00,99415.11500035254
2025-04-19 19:45:00+00:00,99415.11500035254
2025-04-19 20:00:00+00:00,99415.11500035254
2025-04-19 20:15:00+00:00,99415.11500035254
2025-04-19 20:30:00+00:00,99415.11500035254
2025-04-19 20:45:00+00:00,99415.11500035254
2025-04-19 21:00:00+00:00,99415.11500035254
2025-04-19 21:15:00+00:00,99415.11500035254
2025-04-19 21:30:00+00:00,99415.11500035254
2025-04-19 21:45:00+00:00,99415.11500035254
2025-04-19 22:00:00+00:00,99415.11500035254
2025-04-19 22:15:00+00:00,99415.11500035254
2025-04-19 22:30:00+00:00,99415.11500035254
2025-04-19 22:45:00+00:00,99415.11500035254
2025-04-19 23:00:00+00:00,99415.11500035254
2025-04-19 23:15:00+00:00,99415.11500035254
2025-04-19 23:30:00+00:00,99415.11500035254
2025-04-19 23:45:00+00:00,99415.11500035254
2025-04-20 00:00:00+00:00,99415.11500035254
2025-04-20 00:15:00+00:00,99415.11500035254
2025-04-20 00:30:00+00:00,99415.11500035254
2025-04-20 00:45:00+00:00,99415.11500035254
2025-04-20 01:00:00+00:00,99415.11500035254
2025-04-20 01:15:00+00:00,99415.11500035254
2025-04-20 01:30:00+00:00,99415.11500035254
2025-04-20 01:45:00+00:00,99415.11500035254
2025-04-20 02:00:00+00:00,99415.11500035254
2025-04-20 02:15:00+00:00,99415.11500035254
2025-04-20 02:30:00+00:00,99415.11500035254
2025-04-20 02:45:00+00:00,99415.11500035254
2025-04-20 03:00:00+00:00,99415.11500035254
2025-04-20 03:15:00+00:00,99415.11500035254
2025-04-20 03:30:00+00:00,99415.11500035254
2025-04-20 03:45:00+00:00,99415.11500035254
2025-04-20 04:00:00+00:00,99415.11500035254
2025-04-20 04:15:00+00:00,99415.11500035254
2025-04-20 04:30:00+00:00,99415.11500035254
2025-04-20 04:45:00+00:00,99415.11500035254
2025-04-20 05:00:00+00:00,99415.11500035254
2025-04-20 05:15:00+00:00,99415.11500035254
2025-04-20 05:30:00+00:00,99415.11500035254
2025-04-20 05:45:00+00:00,99415.11500035254
2025-04-20 06:00:00+00:00,99415.11500035254
2025-04-20 06:15:00+00:00,99415.11500035254
2025-04-20 06:30:00+00:00,99415.11500035254
2025-04-20 06:45:00+00:00,99415.11500035254
2025-04-20 07:00:00+00:00,99415.11500035254
2025-04-20 07:15:00+00:00,99415.11500035254
2025-04-20 07:30:00+00:00,99415.11500035254
2025-04-20 07:45:00+00:00,99415.11500035254
2025-04-20 08:00:00+00:00,99415.11500035254
2025-04-20 08:15:00+00:00,99415.11500035254
2025-04-20 08:30:00+00:00,99415.11500035254
2025-04-20 08:45:00+00:00,99415.11500035254
2025-04-20 09:00:00+00:00,99415.11500035254
2025-04-20 09:15:00+00:00,99415.11500035254
2025-04-20 09:30:00+00:00,99415.11500035254
2025-04-20 09:45:00+00:00,99415.11500035254
2025-04-20 10:00:00+00:00,99415.11500035254
2025-04-20 10:15:00+00:00,99415.11500035254
2025-04-20 10:30:00+00:00,99415.11500035254
2025-04-20 10:45:00+00:00,99415.11500035254
2025-04-20 11:00:00+00:00,99415.11500035254
2025-04-20 11:15:00+00:00,99415.11500035254
2025-04-20 11:30:00+00:00,99415.11500035254
2025-04-20 11:45:00+00:00,99415.11500035254
2025-04-20 12:00:00+00:00,99415.11500035254
2025-04-20 12:15:00+00:00,99415.11500035254
2025-04-20 12:30:00+00:00,99415.11500035254
2025-04-20 12:45:00+00:00,99415.11500035254
2025-04-20 13:00:00+00:00,99415.11500035254
2025-04-20 13:15:00+00:00,99415.11500035254
2025-04-20 13:30:00+00:00,99415.11500035254
2025-04-20 13:45:00+00:00,99415.11500035254
2025-04-20 14:00:00+00:00,99415.11500035254
2025-04-20 14:15:00+00:00,99415.11500035254
2025-04-20 14:30:00+00:00,99415.11500035254
2025-04-20 14:45:00+00:00,99415.11500035254
2025-04-20 15:00:00+00:00,99415.11500035254
2025-04-20 15:15:00+00:00,99415.11500035254
2025-04-20 15:30:00+00:00,99415.11500035254
2025-04-20 15:45:00+00:00,99415.11500035254
2025-04-20 16:00:00+00:00,99415.11500035254
2025-04-20 16:15:00+00:00,99415.11500035254
2025-04-20 16:30:00+00:00,99415.11500035254
2025-04-20 16:45:00+00:00,99415.11500035254
2025-04-20 17:00:00+00:00,99415.11500035254
2025-04-20 17:15:00+00:00,99415.11500035254
2025-04-20 17:30:00+00:00,99415.11500035254
2025-04-20 17:45:00+00:00,99415.11500035254
2025-04-20 18:00:00+00:00,99415.11500035254
2025-04-20 18:15:00+00:00,99415.11500035254
2025-04-20 18:30:00+00:00,99415.11500035254
2025-04-20 18:45:00+00:00,99415.11500035254
2025-04-20 19:00:00+00:00,99415.11500035254
2025-04-20 19:15:00+00:00,99415.11500035254
2025-04-20 19:30:00+00:00,99415.11500035254
2025-04-20 19:45:00+00:00,99415.11500035254
2025-04-20 20:00:00+00:00,99415.11500035254
2025-04-20 20:15:00+00:00,99415.11500035254
2025-04-20 20:30:00+00:00,99415.11500035254
2025-04-20 20:45:00+00:00,99415.11500035254
2025-04-20 21:00:00+00:00,99415.11500035254
2025-04-20 21:15:00+00:00,99415.11500035254
2025-04-20 21:30:00+00:00,99415.11500035254
2025-04-20 21:45:00+00:00,99415.11500035254
2025-04-20 22:00:00+00:00,99415.11500035254
2025-04-20 22:15:00+00:00,99415.11500035254
2025-04-20 22:30:00+00:00,99415.11500035254
2025-04-20 22:45:00+00:00,99415.11500035254
2025-04-20 23:00:00+00:00,99415.11500035254
2025-04-20 23:15:00+00:00,99415.11500035254
2025-04-20 23:30:00+00:00,99415.11500035254
2025-04-20 23:45:00+00:00,99415.11500035254
2025-04-21 00:00:00+00:00,99415.11500035254
2025-04-21 00:15:00+00:00,99415.11500035254
2025-04-21 00:30:00+00:00,99415.11500035254
2025-04-21 00:45:00+00:00,99415.11500035254
2025-04-21 01:00:00+00:00,99415.11500035254
2025-04-21 01:15:00+00:00,99415.11500035254
2025-04-21 01:30:00+00:00,99415.11500035254
2025-04-21 01:45:00+00:00,99415.11500035254
2025-04-21 02:00:00+00:00,99415.11500035254
2025-04-21 02:15:00+00:00,99415.11500035254
2025-04-21 02:30:00+00:00,99415.11500035254
2025-04-21 02:45:00+00:00,99415.11500035254
2025-04-21 03:00:00+00:00,99415.11500035254
2025-04-21 03:15:00+00:00,99415.11500035254
2025-04-21 03:30:00+00:00,99415.11500035254
2025-04-21 03:45:00+00:00,99415.11500035254
2025-04-21 04:00:00+00:00,99415.11500035254
2025-04-21 04:15:00+00:00,99415.11500035254
2025-04-21 04:30:00+00:00,99415.11500035254
2025-04-21 04:45:00+00:00,99415.11500035254
2025-04-21 05:00:00+00:00,99415.11500035254
2025-04-21 05:15:00+00:00,99415.11500035254
2025-04-21 05:30:00+00:00,99415.11500035254
2025-04-21 05:45:00+00:00,99415.11500035254
2025-04-21 06:00:00+00:00,99415.11500035254
2025-04-21 06:15:00+00:00,99415.11500035254
2025-04-21 06:30:00+00:00,99415.11500035254
2025-04-21 06:45:00+00:00,99415.11500035254
2025-04-21 07:00:00+00:00,99415.11500035254
2025-04-21 07:15:00+00:00,99415.11500035254
2025-04-21 07:30:00+00:00,99415.11500035254
2025-04-21 07:45:00+00:00,99415.11500035254
2025-04-21 08:00:00+00:00,99415.11500035254
2025-04-21 08:15:00+00:00,99415.11500035254
2025-04-21 08:30:00+00:00,99415.11500035254
2025-04-21 08:45:00+00:00,99415.11500035254
2025-04-21 09:00:00+00:00,99415.11500035254
2025-04-21 09:15:00+00:00,99415.11500035254
2025-04-21 09:30:00+00:00,99415.11500035254
2025-04-21 09:45:00+00:00,99415.11500035254
2025-04-21 10:00:00+00:00,99415.11500035254
2025-04-21 10:15:00+00:00,99415.11500035254
2025-04-21 10:30:00+00:00,99415.11500035254
2025-04-21 10:45:00+00:00,99415.11500035254
2025-04-21 11:00:00+00:00,99415.11500035254
2025-04-21 11:15:00+00:00,99415.11500035254
2025-04-21 11:30:00+00:00,99415.11500035254
2025-04-21 11:45:00+00:00,99415.11500035254
2025-04-21 12:00:00+00:00,99415.11500035254
2025-04-21 12:15:00+00:00,99415.11500035254
2025-04-21 12:30:00+00:00,99415.11500035254
2025-04-21 12:45:00+00:00,99415.11500035254
2025-04-21 13:00:00+00:00,99415.11500035254
2025-04-21 13:15:00+00:00,99415.11500035254
2025-04-21 13:30:00+00:00,99415.11500035254
2025-04-21 13:45:00+00:00,99415.11500035254
2025-04-21 14:00:00+00:00,99415.11500035254
2025-04-21 14:15:00+00:00,99415.11500035254
2025-04-21 14:30:00+00:00,99415.11500035254
2025-04-21 14:45:00+00:00,99415.11500035254
2025-04-21 15:00:00+00:00,99415.11500035254
2025-04-21 15:15:00+00:00,99415.11500035254
2025-04-21 15:30:00+00:00,99415.11500035254
2025-04-21 15:45:00+00:00,99415.11500035254
2025-04-21 16:00:00+00:00,99415.11500035254
2025-04-21 16:15:00+00:00,99415.11500035254
2025-04-21 16:30:00+00:00,99415.11500035254
2025-04-21 16:45:00+00:00,99415.11500035254
2025-04-21 17:00:00+00:00,99415.11500035254
2025-04-21 17:15:00+00:00,99415.11500035254
2025-04-21 17:30:00+00:00,99415.11500035254
2025-04-21 17:45:00+00:00,99415.11500035254
2025-04-21 18:00:00+00:00,99415.11500035254
2025-04-21 18:15:00+00:00,99415.11500035254
2025-04-21 18:30:00+00:00,99415.11500035254
2025-04-21 18:45:00+00:00,99415.11500035254
2025-04-21 19:00:00+00:00,99415.11500035254
2025-04-21 19:15:00+00:00,99415.11500035254
2025-04-21 19:30:00+00:00,99415.11500035254
2025-04-21 19:45:00+00:00,99415.11500035254
2025-04-21 20:00:00+00:00,99415.11500035254
2025-04-21 20:15:00+00:00,99415.11500035254
2025-04-21 20:30:00+00:00,99415.11500035254
2025-04-21 20:45:00+00:00,99415.11500035254
2025-04-21 21:00:00+00:00,99415.11500035254
2025-04-21 21:15:00+00:00,99415.11500035254
2025-04-21 21:30:00+00:00,99415.11500035254
2025-04-21 21:45:00+00:00,99415.11500035254
2025-04-21 22:00:00+00:00,99415.11500035254
2025-04-21 22:15:00+00:00,99415.11500035254
2025-04-21 22:30:00+00:00,99415.11500035254
2025-04-21 22:45:00+00:00,99415.11500035254
2025-04-21 23:00:00+00:00,99415.11500035254
2025-04-21 23:15:00+00:00,99415.11500035254
2025-04-21 23:30:00+00:00,99415.11500035254
2025-04-21 23:45:00+00:00,99415.11500035254
2025-04-22 00:00:00+00:00,99415.11500035254
2025-04-22 00:15:00+00:00,99415.11500035254
2025-04-22 00:30:00+00:00,99415.11500035254
2025-04-22 00:45:00+00:00,99415.11500035254
2025-04-22 01:00:00+00:00,99415.11500035254
2025-04-22 01:15:00+00:00,99415.11500035254
2025-04-22 01:30:00+00:00,99415.11500035254
2025-04-22 01:45:00+00:00,99415.11500035254
2025-04-22 02:00:00+00:00,99415.11500035254
2025-04-22 02:15:00+00:00,99415.11500035254
2025-04-22 02:30:00+00:00,99415.11500035254
2025-04-22 02:45:00+00:00,99415.11500035254
2025-04-22 03:00:00+00:00,99415.11500035254
2025-04-22 03:15:00+00:00,99415.11500035254
2025-04-22 03:30:00+00:00,99415.11500035254
2025-04-22 03:45:00+00:00,99415.11500035254
2025-04-22 04:00:00+00:00,99415.11500035254
2025-04-22 04:15:00+00:00,99415.11500035254
2025-04-22 04:30:00+00:00,99415.11500035254
2025-04-22 04:45:00+00:00,99415.11500035254
2025-04-22 05:00:00+00:00,99415.11500035254
2025-04-22 05:15:00+00:00,99415.11500035254
2025-04-22 05:30:00+00:00,99415.11500035254
2025-04-22 05:45:00+00:00,99415.11500035254
2025-04-22 06:00:00+00:00,99415.11500035254
2025-04-22 06:15:00+00:00,99415.11500035254
2025-04-22 06:30:00+00:00,99415.11500035254
2025-04-22 06:45:00+00:00,99415.11500035254
2025-04-22 07:00:00+00:00,99415.11500035254
2025-04-22 07:15:00+00:00,99415.11500035254
2025-04-22 07:30:00+00:00,99415.11500035254
2025-04-22 07:45:00+00:00,99415.11500035254
2025-04-22 08:00:00+00:00,99415.11500035254
2025-04-22 08:15:00+00:00,99415.11500035254
2025-04-22 08:30:00+00:00,99415.11500035254
2025-04-22 08:45:00+00:00,99415.11500035254
2025-04-22 09:00:00+00:00,99415.11500035254
2025-04-22 09:15:00+00:00,99415.11500035254
2025-04-22 09:30:00+00:00,99415.11500035254
2025-04-22 09:45:00+00:00,99415.11500035254
2025-04-22 10:00:00+00:00,99415.11500035254
2025-04-22 10:15:00+00:00,99415.11500035254
2025-04-22 10:30:00+00:00,99415.11500035254
2025-04-22 10:45:00+00:00,99415.11500035254
2025-04-22 11:00:00+00:00,99415.11500035254
2025-04-22 11:15:00+00:00,99415.11500035254
2025-04-22 11:30:00+00:00,99415.11500035254
2025-04-22 11:45:00+00:00,99415.11500035254
2025-04-22 12:00:00+00:00,99415.11500035254
2025-04-22 12:15:00+00:00,99415.11500035254
2025-04-22 12:30:00+00:00,99415.11500035254
2025-04-22 12:45:00+00:00,99415.11500035254
2025-04-22 13:00:00+00:00,99415.11500035254
2025-04-22 13:15:00+00:00,99415.11500035254
2025-04-22 13:30:00+00:00,99415.11500035254
2025-04-22 13:45:00+00:00,99415.11500035254
2025-04-22 14:00:00+00:00,99415.11500035254
2025-04-22 14:15:00+00:00,99415.11500035254
2025-04-22 14:30:00+00:00,99415.11500035254
2025-04-22 14:45:00+00:00,99415.11500035254
2025-04-22 15:00:00+00:00,99415.11500035254
2025-04-22 15:15:00+00:00,99415.11500035254
2025-04-22 15:30:00+00:00,99415.11500035254
2025-04-22 15:45:00+00:00,99415.11500035254
2025-04-22 16:00:00+00:00,99415.11500035254
2025-04-22 16:15:00+00:00,99417.30381943425
2025-04-22 16:30:00+00:00,99415.26797144415
2025-04-22 16:45:00+00:00,99417.35240696701
2025-04-22 17:00:00+00:00,99414.77934316131
2025-04-22 17:15:00+00:00,99412.95253418274
2025-04-22 17:30:00+00:00,99407.18031645623
2025-04-22 17:45:00+00:00,99393.07459354779
2025-04-22 18:00:00+00:00,99393.07459354779
2025-04-22 18:15:00+00:00,99393.07459354779
2025-04-22 18:30:00+00:00,99393.07459354779
2025-04-22 18:45:00+00:00,99393.07459354779
2025-04-22 19:00:00+00:00,99393.07459354779
2025-04-22 19:15:00+00:00,99393.07459354779
2025-04-22 19:30:00+00:00,99393.07459354779
2025-04-22 19:45:00+00:00,99393.07459354779
2025-04-22 20:00:00+00:00,99393.07459354779
2025-04-22 20:15:00+00:00,99393.07459354779
2025-04-22 20:30:00+00:00,99393.07459354779
2025-04-22 20:45:00+00:00,99393.07459354779
2025-04-22 21:00:00+00:00,99393.07459354779
2025-04-22 21:15:00+00:00,99393.07459354779
2025-04-22 21:30:00+00:00,99393.07459354779
2025-04-22 21:45:00+00:00,99393.07459354779
2025-04-22 22:00:00+00:00,99393.07459354779
2025-04-22 22:15:00+00:00,99393.07459354779
2025-04-22 22:30:00+00:00,99393.07459354779
2025-04-22 22:45:00+00:00,99393.07459354779
2025-04-22 23:00:00+00:00,99393.07459354779
2025-04-22 23:15:00+00:00,99393.07459354779
2025-04-22 23:30:00+00:00,99393.07459354779
2025-04-22 23:45:00+00:00,99393.07459354779
2025-04-23 00:00:00+00:00,99393.07459354779
2025-04-23 00:15:00+00:00,99393.07459354779
2025-04-23 00:30:00+00:00,99393.07459354779
2025-04-23 00:45:00+00:00,99393.07459354779
2025-04-23 01:00:00+00:00,99393.07459354779
2025-04-23 01:15:00+00:00,99393.07459354779
2025-04-23 01:30:00+00:00,99393.07459354779
2025-04-23 01:45:00+00:00,99393.07459354779
2025-04-23 02:00:00+00:00,99393.07459354779
2025-04-23 02:15:00+00:00,99393.07459354779
2025-04-23 02:30:00+00:00,99393.07459354779
2025-04-23 02:45:00+00:00,99393.07459354779
2025-04-23 03:00:00+00:00,99393.07459354779
2025-04-23 03:15:00+00:00,99393.07459354779
2025-04-23 03:30:00+00:00,99393.07459354779
2025-04-23 03:45:00+00:00,99393.07459354779
2025-04-23 04:00:00+00:00,99393.07459354779
2025-04-23 04:15:00+00:00,99393.07459354779
2025-04-23 04:30:00+00:00,99393.07459354779
2025-04-23 04:45:00+00:00,99393.07459354779
2025-04-23 05:00:00+00:00,99393.07459354779
2025-04-23 05:15:00+00:00,99393.07459354779
2025-04-23 05:30:00+00:00,99393.07459354779
2025-04-23 05:45:00+00:00,99393.07459354779
2025-04-23 06:00:00+00:00,99393.07459354779
2025-04-23 06:15:00+00:00,99393.07459354779
2025-04-23 06:30:00+00:00,99393.07459354779
2025-04-23 06:45:00+00:00,99393.07459354779
2025-04-23 07:00:00+00:00,99393.07459354779
2025-04-23 07:15:00+00:00,99393.07459354779
2025-04-23 07:30:00+00:00,99393.07459354779
2025-04-23 07:45:00+00:00,99393.07459354779
2025-04-23 08:00:00+00:00,99393.07459354779
2025-04-23 08:15:00+00:00,99393.07459354779
2025-04-23 08:30:00+00:00,99393.07459354779
2025-04-23 08:45:00+00:00,99393.07459354779
2025-04-23 09:00:00+00:00,99393.07459354779
2025-04-23 09:15:00+00:00,99393.07459354779
2025-04-23 09:30:00+00:00,99393.07459354779
2025-04-23 09:45:00+00:00,99393.07459354779
2025-04-23 10:00:00+00:00,99393.07459354779
2025-04-23 10:15:00+00:00,99393.07459354779
2025-04-23 10:30:00+00:00,99393.07459354779
2025-04-23 10:45:00+00:00,99393.07459354779
2025-04-23 11:00:00+00:00,99393.07459354779
2025-04-23 11:15:00+00:00,99393.07459354779
2025-04-23 11:30:00+00:00,99393.07459354779
2025-04-23 11:45:00+00:00,99393.07459354779
2025-04-23 12:00:00+00:00,99393.07459354779
2025-04-23 12:15:00+00:00,99393.07459354779
2025-04-23 12:30:00+00:00,99393.07459354779
2025-04-23 12:45:00+00:00,99393.07459354779
2025-04-23 13:00:00+00:00,99393.07459354779
2025-04-23 13:15:00+00:00,99393.07459354779
2025-04-23 13:30:00+00:00,99393.07459354779
2025-04-23 13:45:00+00:00,99393.07459354779
2025-04-23 14:00:00+00:00,99393.07459354779
2025-04-23 14:15:00+00:00,99393.07459354779
2025-04-23 14:30:00+00:00,99393.07459354779
2025-04-23 14:45:00+00:00,99393.07459354779
2025-04-23 15:00:00+00:00,99393.07459354779
2025-04-23 15:15:00+00:00,99393.07459354779
2025-04-23 15:30:00+00:00,99393.07459354779
2025-04-23 15:45:00+00:00,99393.07459354779
2025-04-23 16:00:00+00:00,99393.07459354779
2025-04-23 16:15:00+00:00,99393.07459354779
2025-04-23 16:30:00+00:00,99393.07459354779
2025-04-23 16:45:00+00:00,99393.07459354779
2025-04-23 17:00:00+00:00,99393.07459354779
2025-04-23 17:15:00+00:00,99393.07459354779
2025-04-23 17:30:00+00:00,99393.07459354779
2025-04-23 17:45:00+00:00,99393.07459354779
2025-04-23 18:00:00+00:00,99393.07459354779
2025-04-23 18:15:00+00:00,99393.07459354779
2025-04-23 18:30:00+00:00,99393.07459354779
2025-04-23 18:45:00+00:00,99393.07459354779
2025-04-23 19:00:00+00:00,99393.07459354779
2025-04-23 19:15:00+00:00,99393.07459354779
2025-04-23 19:30:00+00:00,99393.07459354779
2025-04-23 19:45:00+00:00,99393.07459354779
2025-04-23 20:00:00+00:00,99393.07459354779
2025-04-23 20:15:00+00:00,99393.07459354779
2025-04-23 20:30:00+00:00,99393.07459354779
2025-04-23 20:45:00+00:00,99393.07459354779
2025-04-23 21:00:00+00:00,99393.07459354779
2025-04-23 21:15:00+00:00,99393.07459354779
2025-04-23 21:30:00+00:00,99393.07459354779
2025-04-23 21:45:00+00:00,99393.07459354779
2025-04-23 22:00:00+00:00,99393.07459354779
2025-04-23 22:15:00+00:00,99393.07459354779
2025-04-23 22:30:00+00:00,99393.07459354779
2025-04-23 22:45:00+00:00,99393.07459354779
2025-04-23 23:00:00+00:00,99393.07459354779
2025-04-23 23:15:00+00:00,99393.07459354779
2025-04-23 23:30:00+00:00,99393.07459354779
2025-04-23 23:45:00+00:00,99393.07459354779
2025-04-24 00:00:00+00:00,99393.07459354779
2025-04-24 00:15:00+00:00,99393.07459354779
2025-04-24 00:30:00+00:00,99393.07459354779
2025-04-24 00:45:00+00:00,99393.07459354779
2025-04-24 01:00:00+00:00,99393.07459354779
2025-04-24 01:15:00+00:00,99393.07459354779
2025-04-24 01:30:00+00:00,99393.07459354779
2025-04-24 01:45:00+00:00,99393.07459354779
2025-04-24 02:00:00+00:00,99393.07459354779
2025-04-24 02:15:00+00:00,99393.07459354779
2025-04-24 02:30:00+00:00,99393.07459354779
2025-04-24 02:45:00+00:00,99393.07459354779
2025-04-24 03:00:00+00:00,99393.07459354779
2025-04-24 03:15:00+00:00,99393.07459354779
2025-04-24 03:30:00+00:00,99393.07459354779
2025-04-24 03:45:00+00:00,99393.07459354779
2025-04-24 04:00:00+00:00,99393.07459354779
2025-04-24 04:15:00+00:00,99393.07459354779
2025-04-24 04:30:00+00:00,99393.07459354779
2025-04-24 04:45:00+00:00,99393.07459354779
2025-04-24 05:00:00+00:00,99393.07459354779
2025-04-24 05:15:00+00:00,99393.07459354779
2025-04-24 05:30:00+00:00,99393.07459354779
2025-04-24 05:45:00+00:00,99393.07459354779
2025-04-24 06:00:00+00:00,99393.07459354779
2025-04-24 06:15:00+00:00,99393.07459354779
2025-04-24 06:30:00+00:00,99393.07459354779
2025-04-24 06:45:00+00:00,99393.07459354779
2025-04-24 07:00:00+00:00,99393.07459354779
2025-04-24 07:15:00+00:00,99393.07459354779
2025-04-24 07:30:00+00:00,99393.07459354779
2025-04-24 07:45:00+00:00,99393.07459354779
2025-04-24 08:00:00+00:00,99393.07459354779
2025-04-24 08:15:00+00:00,99393.07459354779
2025-04-24 08:30:00+00:00,99393.07459354779
2025-04-24 08:45:00+00:00,99393.07459354779
2025-04-24 09:00:00+00:00,99393.07459354779
2025-04-24 09:15:00+00:00,99393.07459354779
2025-04-24 09:30:00+00:00,99393.07459354779
2025-04-24 09:45:00+00:00,99393.07459354779
2025-04-24 10:00:00+00:00,99393.07459354779
2025-04-24 10:15:00+00:00,99393.07459354779
2025-04-24 10:30:00+00:00,99393.07459354779
2025-04-24 10:45:00+00:00,99393.07459354779
2025-04-24 11:00:00+00:00,99393.07459354779
2025-04-24 11:15:00+00:00,99393.07459354779
2025-04-24 11:30:00+00:00,99393.07459354779
2025-04-24 11:45:00+00:00,99393.07459354779
2025-04-24 12:00:00+00:00,99393.07459354779
2025-04-24 12:15:00+00:00,99393.07459354779
2025-04-24 12:30:00+00:00,99393.07459354779
2025-04-24 12:45:00+00:00,99393.07459354779
2025-04-24 13:00:00+00:00,99393.07459354779
2025-04-24 13:15:00+00:00,99393.07459354779
2025-04-24 13:30:00+00:00,99393.07459354779
2025-04-24 13:45:00+00:00,99393.07459354779
2025-04-24 14:00:00+00:00,99393.07459354779
2025-04-24 14:15:00+00:00,99393.07459354779
2025-04-24 14:30:00+00:00,99393.07459354779
2025-04-24 14:45:00+00:00,99393.07459354779
2025-04-24 15:00:00+00:00,99393.07459354779
2025-04-24 15:15:00+00:00,99393.07459354779
2025-04-24 15:30:00+00:00,99393.07459354779
2025-04-24 15:45:00+00:00,99393.07459354779
2025-04-24 16:00:00+00:00,99393.07459354779
2025-04-24 16:15:00+00:00,99393.07459354779
2025-04-24 16:30:00+00:00,99393.07459354779
2025-04-24 16:45:00+00:00,99393.07459354779
2025-04-24 17:00:00+00:00,99393.07459354779
2025-04-24 17:15:00+00:00,99393.07459354779
2025-04-24 17:30:00+00:00,99393.07459354779
2025-04-24 17:45:00+00:00,99393.07459354779
2025-04-24 18:00:00+00:00,99393.07459354779
2025-04-24 18:15:00+00:00,99393.07459354779
2025-04-24 18:30:00+00:00,99393.07459354779
2025-04-24 18:45:00+00:00,99393.07459354779
2025-04-24 19:00:00+00:00,99393.07459354779
2025-04-24 19:15:00+00:00,99393.07459354779
2025-04-24 19:30:00+00:00,99393.07459354779
2025-04-24 19:45:00+00:00,99393.07459354779
2025-04-24 20:00:00+00:00,99393.07459354779
2025-04-24 20:15:00+00:00,99393.07459354779
2025-04-24 20:30:00+00:00,99393.07459354779
2025-04-24 20:45:00+00:00,99393.07459354779
2025-04-24 21:00:00+00:00,99393.07459354779
2025-04-24 21:15:00+00:00,99393.07459354779
2025-04-24 21:30:00+00:00,99393.07459354779
2025-04-24 21:45:00+00:00,99393.07459354779
2025-04-24 22:00:00+00:00,99393.07459354779
2025-04-24 22:15:00+00:00,99393.07459354779
2025-04-24 22:30:00+00:00,99393.07459354779
2025-04-24 22:45:00+00:00,99393.07459354779
2025-04-24 23:00:00+00:00,99393.07459354779
2025-04-24 23:15:00+00:00,99393.07459354779
2025-04-24 23:30:00+00:00,99393.07459354779
2025-04-24 23:45:00+00:00,99393.07459354779
2025-04-25 00:00:00+00:00,99393.07459354779
2025-04-25 00:15:00+00:00,99393.07459354779
2025-04-25 00:30:00+00:00,99393.07459354779
2025-04-25 00:45:00+00:00,99393.07459354779
2025-04-25 01:00:00+00:00,99388.66603436509
2025-04-25 01:15:00+00:00,99396.4633973065
2025-04-25 01:30:00+00:00,99394.74711474117
2025-04-25 01:45:00+00:00,99396.51305795784
2025-04-25 02:00:00+00:00,99397.19458928317
2025-04-25 02:15:00+00:00,99397.19458928317
2025-04-25 02:30:00+00:00,99397.19458928317
2025-04-25 02:45:00+00:00,99397.19458928317
2025-04-25 03:00:00+00:00,99397.19458928317
2025-04-25 03:15:00+00:00,99397.19458928317
2025-04-25 03:30:00+00:00,99397.19458928317
2025-04-25 03:45:00+00:00,99397.19458928317
2025-04-25 04:00:00+00:00,99397.19458928317
2025-04-25 04:15:00+00:00,99397.19458928317
2025-04-25 04:30:00+00:00,99397.19458928317
2025-04-25 04:45:00+00:00,99397.19458928317
2025-04-25 05:00:00+00:00,99397.19458928317
2025-04-25 05:15:00+00:00,99397.19458928317
2025-04-25 05:30:00+00:00,99397.19458928317
2025-04-25 05:45:00+00:00,99397.19458928317
2025-04-25 06:00:00+00:00,99397.19458928317
2025-04-25 06:15:00+00:00,99397.19458928317
2025-04-25 06:30:00+00:00,99397.19458928317
2025-04-25 06:45:00+00:00,99397.19458928317
2025-04-25 07:00:00+00:00,99397.19458928317
2025-04-25 07:15:00+00:00,99397.19458928317
2025-04-25 07:30:00+00:00,99397.19458928317
2025-04-25 07:45:00+00:00,99397.19458928317
2025-04-25 08:00:00+00:00,99397.19458928317
2025-04-25 08:15:00+00:00,99397.19458928317
2025-04-25 08:30:00+00:00,99397.19458928317
2025-04-25 08:45:00+00:00,99397.19458928317
2025-04-25 09:00:00+00:00,99397.19458928317
2025-04-25 09:15:00+00:00,99397.19458928317
2025-04-25 09:30:00+00:00,99397.19458928317
2025-04-25 09:45:00+00:00,99397.19458928317
2025-04-25 10:00:00+00:00,99397.19458928317
2025-04-25 10:15:00+00:00,99397.19458928317
2025-04-25 10:30:00+00:00,99397.19458928317
2025-04-25 10:45:00+00:00,99397.19458928317
2025-04-25 11:00:00+00:00,99397.19458928317
2025-04-25 11:15:00+00:00,99397.19458928317
2025-04-25 11:30:00+00:00,99397.19458928317
2025-04-25 11:45:00+00:00,99397.19458928317
2025-04-25 12:00:00+00:00,99397.19458928317
2025-04-25 12:15:00+00:00,99397.19458928317
2025-04-25 12:30:00+00:00,99397.19458928317
2025-04-25 12:45:00+00:00,99397.19458928317
2025-04-25 13:00:00+00:00,99397.19458928317
2025-04-25 13:15:00+00:00,99397.19458928317
2025-04-25 13:30:00+00:00,99397.19458928317
2025-04-25 13:45:00+00:00,99397.19458928317
2025-04-25 14:00:00+00:00,99397.19458928317
2025-04-25 14:15:00+00:00,99397.19458928317
2025-04-25 14:30:00+00:00,99397.19458928317
2025-04-25 14:45:00+00:00,99397.19458928317
2025-04-25 15:00:00+00:00,99397.19458928317
2025-04-25 15:15:00+00:00,99397.19458928317
2025-04-25 15:30:00+00:00,99397.19458928317
2025-04-25 15:45:00+00:00,99397.19458928317
2025-04-25 16:00:00+00:00,99397.19458928317
2025-04-25 16:15:00+00:00,99397.19458928317
2025-04-25 16:30:00+00:00,99397.19458928317
2025-04-25 16:45:00+00:00,99397.19458928317
2025-04-25 17:00:00+00:00,99397.19458928317
2025-04-25 17:15:00+00:00,99397.19458928317
2025-04-25 17:30:00+00:00,99397.19458928317
2025-04-25 17:45:00+00:00,99397.19458928317
2025-04-25 18:00:00+00:00,99397.19458928317
2025-04-25 18:15:00+00:00,99397.19458928317
2025-04-25 18:30:00+00:00,99397.19458928317
2025-04-25 18:45:00+00:00,99397.19458928317
2025-04-25 19:00:00+00:00,99397.19458928317
2025-04-25 19:15:00+00:00,99397.19458928317
2025-04-25 19:30:00+00:00,99397.19458928317
2025-04-25 19:45:00+00:00,99397.19458928317
2025-04-25 20:00:00+00:00,99397.19458928317
2025-04-25 20:15:00+00:00,99397.19458928317
2025-04-25 20:30:00+00:00,99397.19458928317
2025-04-25 20:45:00+00:00,99397.19458928317
2025-04-25 21:00:00+00:00,99397.19458928317
2025-04-25 21:15:00+00:00,99397.19458928317
2025-04-25 21:30:00+00:00,99397.19458928317
2025-04-25 21:45:00+00:00,99397.19458928317
2025-04-25 22:00:00+00:00,99397.19458928317
2025-04-25 22:15:00+00:00,99397.19458928317
2025-04-25 22:30:00+00:00,99397.19458928317
2025-04-25 22:45:00+00:00,99397.19458928317
2025-04-25 23:00:00+00:00,99397.19458928317
2025-04-25 23:15:00+00:00,99397.19458928317
2025-04-25 23:30:00+00:00,99397.19458928317
2025-04-25 23:45:00+00:00,99397.19458928317
2025-04-26 00:00:00+00:00,99397.19458928317
2025-04-26 00:15:00+00:00,99397.19458928317
2025-04-26 00:30:00+00:00,99397.19458928317
2025-04-26 00:45:00+00:00,99397.19458928317
2025-04-26 01:00:00+00:00,99397.19458928317
2025-04-26 01:15:00+00:00,99397.19458928317
2025-04-26 01:30:00+00:00,99397.19458928317
2025-04-26 01:45:00+00:00,99397.19458928317
2025-04-26 02:00:00+00:00,99397.19458928317
2025-04-26 02:15:00+00:00,99397.19458928317
2025-04-26 02:30:00+00:00,99397.19458928317
2025-04-26 02:45:00+00:00,99397.19458928317
2025-04-26 03:00:00+00:00,99397.19458928317
2025-04-26 03:15:00+00:00,99397.19458928317
2025-04-26 03:30:00+00:00,99397.19458928317
2025-04-26 03:45:00+00:00,99397.19458928317
2025-04-26 04:00:00+00:00,99397.19458928317
2025-04-26 04:15:00+00:00,99397.19458928317
2025-04-26 04:30:00+00:00,99397.19458928317
2025-04-26 04:45:00+00:00,99397.19458928317
2025-04-26 05:00:00+00:00,99397.19458928317
2025-04-26 05:15:00+00:00,99397.19458928317
2025-04-26 05:30:00+00:00,99397.19458928317
2025-04-26 05:45:00+00:00,99397.19458928317
2025-04-26 06:00:00+00:00,99397.19458928317
2025-04-26 06:15:00+00:00,99397.19458928317
2025-04-26 06:30:00+00:00,99397.19458928317
2025-04-26 06:45:00+00:00,99397.19458928317
2025-04-26 07:00:00+00:00,99397.19458928317
2025-04-26 07:15:00+00:00,99397.19458928317
2025-04-26 07:30:00+00:00,99397.19458928317
2025-04-26 07:45:00+00:00,99397.19458928317
2025-04-26 08:00:00+00:00,99397.19458928317
2025-04-26 08:15:00+00:00,99397.19458928317
2025-04-26 08:30:00+00:00,99397.19458928317
2025-04-26 08:45:00+00:00,99397.19458928317
2025-04-26 09:00:00+00:00,99397.19458928317
2025-04-26 09:15:00+00:00,99397.19458928317
2025-04-26 09:30:00+00:00,99397.19458928317
2025-04-26 09:45:00+00:00,99397.19458928317
2025-04-26 10:00:00+00:00,99397.19458928317
2025-04-26 10:15:00+00:00,99397.19458928317
2025-04-26 10:30:00+00:00,99397.19458928317
2025-04-26 10:45:00+00:00,99397.19458928317
2025-04-26 11:00:00+00:00,99397.19458928317
2025-04-26 11:15:00+00:00,99397.19458928317
2025-04-26 11:30:00+00:00,99397.19458928317
2025-04-26 11:45:00+00:00,99397.19458928317
2025-04-26 12:00:00+00:00,99397.19458928317
2025-04-26 12:15:00+00:00,99397.19458928317
2025-04-26 12:30:00+00:00,99397.19458928317
2025-04-26 12:45:00+00:00,99397.19458928317
2025-04-26 13:00:00+00:00,99397.19458928317
2025-04-26 13:15:00+00:00,99397.19458928317
2025-04-26 13:30:00+00:00,99397.19458928317
2025-04-26 13:45:00+00:00,99397.19458928317
2025-04-26 14:00:00+00:00,99397.19458928317
2025-04-26 14:15:00+00:00,99397.19458928317
2025-04-26 14:30:00+00:00,99397.19458928317
2025-04-26 14:45:00+00:00,99397.19458928317
2025-04-26 15:00:00+00:00,99397.19458928317
2025-04-26 15:15:00+00:00,99397.19458928317
2025-04-26 15:30:00+00:00,99397.19458928317
2025-04-26 15:45:00+00:00,99397.19458928317
2025-04-26 16:00:00+00:00,99397.19458928317
2025-04-26 16:15:00+00:00,99397.19458928317
2025-04-26 16:30:00+00:00,99397.19458928317
2025-04-26 16:45:00+00:00,99397.19458928317
2025-04-26 17:00:00+00:00,99397.19458928317
2025-04-26 17:15:00+00:00,99397.19458928317
2025-04-26 17:30:00+00:00,99397.19458928317
2025-04-26 17:45:00+00:00,99397.19458928317
2025-04-26 18:00:00+00:00,99397.19458928317
2025-04-26 18:15:00+00:00,99397.19458928317
2025-04-26 18:30:00+00:00,99397.19458928317
2025-04-26 18:45:00+00:00,99397.19458928317
2025-04-26 19:00:00+00:00,99397.19458928317
2025-04-26 19:15:00+00:00,99397.19458928317
2025-04-26 19:30:00+00:00,99397.19458928317
2025-04-26 19:45:00+00:00,99397.19458928317
2025-04-26 20:00:00+00:00,99397.19458928317
2025-04-26 20:15:00+00:00,99397.19458928317
2025-04-26 20:30:00+00:00,99397.19458928317
2025-04-26 20:45:00+00:00,99397.19458928317
2025-04-26 21:00:00+00:00,99397.19458928317
2025-04-26 21:15:00+00:00,99397.19458928317
2025-04-26 21:30:00+00:00,99397.19458928317
2025-04-26 21:45:00+00:00,99397.19458928317
2025-04-26 22:00:00+00:00,99397.19458928317
2025-04-26 22:15:00+00:00,99397.19458928317
2025-04-26 22:30:00+00:00,99397.19458928317
2025-04-26 22:45:00+00:00,99397.19458928317
2025-04-26 23:00:00+00:00,99397.19458928317
2025-04-26 23:15:00+00:00,99397.19458928317
2025-04-26 23:30:00+00:00,99397.19458928317
2025-04-26 23:45:00+00:00,99397.19458928317
2025-04-27 00:00:00+00:00,99397.19458928317
2025-04-27 00:15:00+00:00,99397.19458928317
2025-04-27 00:30:00+00:00,99397.19458928317
2025-04-27 00:45:00+00:00,99397.19458928317
2025-04-27 01:00:00+00:00,99397.19458928317
2025-04-27 01:15:00+00:00,99397.19458928317
2025-04-27 01:30:00+00:00,99397.19458928317
2025-04-27 01:45:00+00:00,99397.19458928317
2025-04-27 02:00:00+00:00,99397.19458928317
2025-04-27 02:15:00+00:00,99397.19458928317
2025-04-27 02:30:00+00:00,99397.19458928317
2025-04-27 02:45:00+00:00,99397.19458928317
2025-04-27 03:00:00+00:00,99397.19458928317
2025-04-27 03:15:00+00:00,99397.19458928317
2025-04-27 03:30:00+00:00,99397.19458928317
2025-04-27 03:45:00+00:00,99397.19458928317
2025-04-27 04:00:00+00:00,99397.19458928317
2025-04-27 04:15:00+00:00,99397.19458928317
2025-04-27 04:30:00+00:00,99397.19458928317
2025-04-27 04:45:00+00:00,99397.19458928317
2025-04-27 05:00:00+00:00,99397.19458928317
2025-04-27 05:15:00+00:00,99397.19458928317
2025-04-27 05:30:00+00:00,99397.19458928317
2025-04-27 05:45:00+00:00,99397.19458928317
2025-04-27 06:00:00+00:00,99397.19458928317
2025-04-27 06:15:00+00:00,99397.19458928317
2025-04-27 06:30:00+00:00,99397.19458928317
2025-04-27 06:45:00+00:00,99397.19458928317
2025-04-27 07:00:00+00:00,99397.19458928317
2025-04-27 07:15:00+00:00,99397.19458928317
2025-04-27 07:30:00+00:00,99397.19458928317
2025-04-27 07:45:00+00:00,99397.19458928317
2025-04-27 08:00:00+00:00,99397.19458928317
2025-04-27 08:15:00+00:00,99397.19458928317
2025-04-27 08:30:00+00:00,99397.19458928317
2025-04-27 08:45:00+00:00,99397.19458928317
2025-04-27 09:00:00+00:00,99397.19458928317
2025-04-27 09:15:00+00:00,99397.19458928317
2025-04-27 09:30:00+00:00,99397.19458928317
2025-04-27 09:45:00+00:00,99397.19458928317
2025-04-27 10:00:00+00:00,99397.19458928317
2025-04-27 10:15:00+00:00,99397.19458928317
2025-04-27 10:30:00+00:00,99397.19458928317
2025-04-27 10:45:00+00:00,99397.19458928317
2025-04-27 11:00:00+00:00,99397.19458928317
2025-04-27 11:15:00+00:00,99397.19458928317
2025-04-27 11:30:00+00:00,99397.19458928317
2025-04-27 11:45:00+00:00,99397.19458928317
2025-04-27 12:00:00+00:00,99397.19458928317
2025-04-27 12:15:00+00:00,99397.19458928317
2025-04-27 12:30:00+00:00,99397.19458928317
2025-04-27 12:45:00+00:00,99397.19458928317
2025-04-27 13:00:00+00:00,99397.19458928317
2025-04-27 13:15:00+00:00,99397.19458928317
2025-04-27 13:30:00+00:00,99397.19458928317
2025-04-27 13:45:00+00:00,99397.19458928317
2025-04-27 14:00:00+00:00,99397.19458928317
2025-04-27 14:15:00+00:00,99397.19458928317
2025-04-27 14:30:00+00:00,99397.19458928317
2025-04-27 14:45:00+00:00,99397.19458928317
2025-04-27 15:00:00+00:00,99397.19458928317
2025-04-27 15:15:00+00:00,99397.19458928317
2025-04-27 15:30:00+00:00,99397.19458928317
2025-04-27 15:45:00+00:00,99397.19458928317
2025-04-27 16:00:00+00:00,99397.19458928317
2025-04-27 16:15:00+00:00,99397.19458928317
2025-04-27 16:30:00+00:00,99397.19458928317
2025-04-27 16:45:00+00:00,99397.19458928317
2025-04-27 17:00:00+00:00,99397.19458928317
2025-04-27 17:15:00+00:00,99397.19458928317
2025-04-27 17:30:00+00:00,99397.19458928317
2025-04-27 17:45:00+00:00,99397.19458928317
2025-04-27 18:00:00+00:00,99397.19458928317
2025-04-27 18:15:00+00:00,99397.19458928317
2025-04-27 18:30:00+00:00,99397.19458928317
2025-04-27 18:45:00+00:00,99397.19458928317
2025-04-27 19:00:00+00:00,99397.19458928317
2025-04-27 19:15:00+00:00,99397.19458928317
2025-04-27 19:30:00+00:00,99397.19458928317
2025-04-27 19:45:00+00:00,99397.19458928317
2025-04-27 20:00:00+00:00,99397.19458928317
2025-04-27 20:15:00+00:00,99397.19458928317
2025-04-27 20:30:00+00:00,99397.19458928317
2025-04-27 20:45:00+00:00,99397.19458928317
2025-04-27 21:00:00+00:00,99397.19458928317
2025-04-27 21:15:00+00:00,99397.19458928317
2025-04-27 21:30:00+00:00,99397.19458928317
2025-04-27 21:45:00+00:00,99397.19458928317
2025-04-27 22:00:00+00:00,99397.19458928317
2025-04-27 22:15:00+00:00,99397.19458928317
2025-04-27 22:30:00+00:00,99397.19458928317
2025-04-27 22:45:00+00:00,99397.19458928317
2025-04-27 23:00:00+00:00,99397.19458928317
2025-04-27 23:15:00+00:00,99397.19458928317
2025-04-27 23:30:00+00:00,99397.19458928317
2025-04-27 23:45:00+00:00,99397.19458928317
2025-04-28 00:00:00+00:00,99397.19458928317
2025-04-28 00:15:00+00:00,99397.19458928317
2025-04-28 00:30:00+00:00,99397.19458928317
2025-04-28 00:45:00+00:00,99397.19458928317
2025-04-28 01:00:00+00:00,99397.19458928317
2025-04-28 01:15:00+00:00,99397.19458928317
2025-04-28 01:30:00+00:00,99397.19458928317
2025-04-28 01:45:00+00:00,99397.19458928317
2025-04-28 02:00:00+00:00,99397.19458928317
2025-04-28 02:15:00+00:00,99397.19458928317
2025-04-28 02:30:00+00:00,99397.19458928317
2025-04-28 02:45:00+00:00,99397.19458928317
2025-04-28 03:00:00+00:00,99397.19458928317
2025-04-28 03:15:00+00:00,99397.19458928317
2025-04-28 03:30:00+00:00,99397.19458928317
2025-04-28 03:45:00+00:00,99397.19458928317
2025-04-28 04:00:00+00:00,99397.19458928317
2025-04-28 04:15:00+00:00,99397.19458928317
2025-04-28 04:30:00+00:00,99397.19458928317
2025-04-28 04:45:00+00:00,99397.19458928317
2025-04-28 05:00:00+00:00,99397.19458928317
2025-04-28 05:15:00+00:00,99397.19458928317
2025-04-28 05:30:00+00:00,99397.19458928317
2025-04-28 05:45:00+00:00,99397.19458928317
2025-04-28 06:00:00+00:00,99397.19458928317
2025-04-28 06:15:00+00:00,99397.19458928317
2025-04-28 06:30:00+00:00,99397.19458928317
2025-04-28 06:45:00+00:00,99397.19458928317
2025-04-28 07:00:00+00:00,99397.19458928317
2025-04-28 07:15:00+00:00,99397.19458928317
2025-04-28 07:30:00+00:00,99397.19458928317
2025-04-28 07:45:00+00:00,99397.19458928317
2025-04-28 08:00:00+00:00,99397.19458928317
2025-04-28 08:15:00+00:00,99397.19458928317
2025-04-28 08:30:00+00:00,99397.19458928317
2025-04-28 08:45:00+00:00,99397.19458928317
2025-04-28 09:00:00+00:00,99397.19458928317
2025-04-28 09:15:00+00:00,99397.19458928317
2025-04-28 09:30:00+00:00,99397.19458928317
2025-04-28 09:45:00+00:00,99397.19458928317
2025-04-28 10:00:00+00:00,99397.19458928317
2025-04-28 10:15:00+00:00,99397.19458928317
2025-04-28 10:30:00+00:00,99397.19458928317
2025-04-28 10:45:00+00:00,99397.19458928317
2025-04-28 11:00:00+00:00,99397.19458928317
2025-04-28 11:15:00+00:00,99397.19458928317
2025-04-28 11:30:00+00:00,99397.19458928317
2025-04-28 11:45:00+00:00,99397.19458928317
2025-04-28 12:00:00+00:00,99397.19458928317
2025-04-28 12:15:00+00:00,99394.15820091082
2025-04-28 12:30:00+00:00,99383.39656595873
2025-04-28 12:45:00+00:00,99383.39656595873
2025-04-28 13:00:00+00:00,99383.39656595873
2025-04-28 13:15:00+00:00,99383.39656595873
2025-04-28 13:30:00+00:00,99383.39656595873
2025-04-28 13:45:00+00:00,99383.39656595873
2025-04-28 14:00:00+00:00,99383.39656595873
2025-04-28 14:15:00+00:00,99383.39656595873
2025-04-28 14:30:00+00:00,99383.39656595873
2025-04-28 14:45:00+00:00,99383.39656595873
2025-04-28 15:00:00+00:00,99383.39656595873
2025-04-28 15:15:00+00:00,99383.39656595873
2025-04-28 15:30:00+00:00,99383.39656595873
2025-04-28 15:45:00+00:00,99383.39656595873
2025-04-28 16:00:00+00:00,99383.39656595873
2025-04-28 16:15:00+00:00,99383.39656595873
2025-04-28 16:30:00+00:00,99383.39656595873
2025-04-28 16:45:00+00:00,99383.39656595873
2025-04-28 17:00:00+00:00,99383.39656595873
2025-04-28 17:15:00+00:00,99383.39656595873
2025-04-28 17:30:00+00:00,99383.39656595873
2025-04-28 17:45:00+00:00,99383.39656595873
2025-04-28 18:00:00+00:00,99383.39656595873
2025-04-28 18:15:00+00:00,99383.39656595873
2025-04-28 18:30:00+00:00,99383.39656595873
2025-04-28 18:45:00+00:00,99383.39656595873
2025-04-28 19:00:00+00:00,99383.39656595873
2025-04-28 19:15:00+00:00,99383.39656595873
2025-04-28 19:30:00+00:00,99383.39656595873
2025-04-28 19:45:00+00:00,99383.39656595873
2025-04-28 20:00:00+00:00,99383.39656595873
2025-04-28 20:15:00+00:00,99383.39656595873
2025-04-28 20:30:00+00:00,99383.39656595873
2025-04-28 20:45:00+00:00,99383.39656595873
2025-04-28 21:00:00+00:00,99383.39656595873
2025-04-28 21:15:00+00:00,99383.39656595873
2025-04-28 21:30:00+00:00,99383.39656595873
2025-04-28 21:45:00+00:00,99383.39656595873
2025-04-28 22:00:00+00:00,99383.39656595873
2025-04-28 22:15:00+00:00,99383.39656595873
2025-04-28 22:30:00+00:00,99383.39656595873
2025-04-28 22:45:00+00:00,99383.39656595873
2025-04-28 23:00:00+00:00,99383.39656595873
2025-04-28 23:15:00+00:00,99383.39656595873
2025-04-28 23:30:00+00:00,99383.39656595873
2025-04-28 23:45:00+00:00,99383.39656595873
2025-04-29 00:00:00+00:00,99383.39656595873
2025-04-29 00:15:00+00:00,99383.39656595873
2025-04-29 00:30:00+00:00,99383.39656595873
2025-04-29 00:45:00+00:00,99383.39656595873
2025-04-29 01:00:00+00:00,99383.39656595873
2025-04-29 01:15:00+00:00,99383.39656595873
2025-04-29 01:30:00+00:00,99383.39656595873
2025-04-29 01:45:00+00:00,99383.39656595873
2025-04-29 02:00:00+00:00,99383.39656595873
2025-04-29 02:15:00+00:00,99383.39656595873
2025-04-29 02:30:00+00:00,99383.39656595873
2025-04-29 02:45:00+00:00,99383.39656595873
2025-04-29 03:00:00+00:00,99383.39656595873
2025-04-29 03:15:00+00:00,99383.39656595873
2025-04-29 03:30:00+00:00,99383.39656595873
2025-04-29 03:45:00+00:00,99383.39656595873
2025-04-29 04:00:00+00:00,99383.39656595873
2025-04-29 04:15:00+00:00,99383.39656595873
2025-04-29 04:30:00+00:00,99383.39656595873
2025-04-29 04:45:00+00:00,99383.39656595873
2025-04-29 05:00:00+00:00,99383.39656595873
2025-04-29 05:15:00+00:00,99383.39656595873
2025-04-29 05:30:00+00:00,99383.39656595873
2025-04-29 05:45:00+00:00,99383.39656595873
2025-04-29 06:00:00+00:00,99383.39656595873
2025-04-29 06:15:00+00:00,99383.39656595873
2025-04-29 06:30:00+00:00,99383.39656595873
2025-04-29 06:45:00+00:00,99383.39656595873
2025-04-29 07:00:00+00:00,99383.39656595873
2025-04-29 07:15:00+00:00,99383.39656595873
2025-04-29 07:30:00+00:00,99383.39656595873
2025-04-29 07:45:00+00:00,99383.39656595873
2025-04-29 08:00:00+00:00,99383.39656595873
2025-04-29 08:15:00+00:00,99383.39656595873
2025-04-29 08:30:00+00:00,99383.39656595873
2025-04-29 08:45:00+00:00,99383.39656595873
2025-04-29 09:00:00+00:00,99383.39656595873
2025-04-29 09:15:00+00:00,99383.39656595873
2025-04-29 09:30:00+00:00,99383.39656595873
2025-04-29 09:45:00+00:00,99383.39656595873
2025-04-29 10:00:00+00:00,99383.39656595873
2025-04-29 10:15:00+00:00,99383.39656595873
2025-04-29 10:30:00+00:00,99383.39656595873
2025-04-29 10:45:00+00:00,99383.39656595873
2025-04-29 11:00:00+00:00,99383.39656595873
2025-04-29 11:15:00+00:00,99383.39656595873
2025-04-29 11:30:00+00:00,99383.39656595873
2025-04-29 11:45:00+00:00,99383.39656595873
2025-04-29 12:00:00+00:00,99383.39656595873
2025-04-29 12:15:00+00:00,99383.39656595873
2025-04-29 12:30:00+00:00,99383.39656595873
2025-04-29 12:45:00+00:00,99383.39656595873
2025-04-29 13:00:00+00:00,99383.39656595873
2025-04-29 13:15:00+00:00,99383.39656595873
2025-04-29 13:30:00+00:00,99383.39656595873
2025-04-29 13:45:00+00:00,99383.39656595873
2025-04-29 14:00:00+00:00,99383.39656595873
2025-04-29 14:15:00+00:00,99383.39656595873
2025-04-29 14:30:00+00:00,99383.39656595873
2025-04-29 14:45:00+00:00,99383.39656595873
2025-04-29 15:00:00+00:00,99383.39656595873
2025-04-29 15:15:00+00:00,99383.39656595873
2025-04-29 15:30:00+00:00,99383.39656595873
2025-04-29 15:45:00+00:00,99383.39656595873
2025-04-29 16:00:00+00:00,99383.39656595873
2025-04-29 16:15:00+00:00,99383.39656595873
2025-04-29 16:30:00+00:00,99383.39656595873
2025-04-29 16:45:00+00:00,99383.39656595873
2025-04-29 17:00:00+00:00,99383.39656595873
2025-04-29 17:15:00+00:00,99383.39656595873
2025-04-29 17:30:00+00:00,99383.39656595873
2025-04-29 17:45:00+00:00,99383.39656595873
2025-04-29 18:00:00+00:00,99383.39656595873
2025-04-29 18:15:00+00:00,99383.39656595873
2025-04-29 18:30:00+00:00,99383.39656595873
2025-04-29 18:45:00+00:00,99383.39656595873
2025-04-29 19:00:00+00:00,99383.39656595873
2025-04-29 19:15:00+00:00,99383.39656595873
2025-04-29 19:30:00+00:00,99383.39656595873
2025-04-29 19:45:00+00:00,99383.39656595873
2025-04-29 20:00:00+00:00,99383.39656595873
2025-04-29 20:15:00+00:00,99383.39656595873
2025-04-29 20:30:00+00:00,99383.39656595873
2025-04-29 20:45:00+00:00,99383.39656595873
2025-04-29 21:00:00+00:00,99383.39656595873
2025-04-29 21:15:00+00:00,99383.39656595873
2025-04-29 21:30:00+00:00,99383.39656595873
2025-04-29 21:45:00+00:00,99383.39656595873
2025-04-29 22:00:00+00:00,99383.39656595873
2025-04-29 22:15:00+00:00,99383.39656595873
2025-04-29 22:30:00+00:00,99383.39656595873
2025-04-29 22:45:00+00:00,99383.39656595873
2025-04-29 23:00:00+00:00,99383.39656595873
2025-04-29 23:15:00+00:00,99383.39656595873
2025-04-29 23:30:00+00:00,99383.39656595873
2025-04-29 23:45:00+00:00,99383.39656595873
2025-04-30 00:00:00+00:00,99383.39656595873
2025-04-30 00:15:00+00:00,99383.39656595873
2025-04-30 00:30:00+00:00,99383.39656595873
2025-04-30 00:45:00+00:00,99383.39656595873
2025-04-30 01:00:00+00:00,99383.39656595873
2025-04-30 01:15:00+00:00,99383.39656595873
2025-04-30 01:30:00+00:00,99383.39656595873
2025-04-30 01:45:00+00:00,99383.39656595873
2025-04-30 02:00:00+00:00,99383.39656595873
2025-04-30 02:15:00+00:00,99383.39656595873
2025-04-30 02:30:00+00:00,99383.39656595873
2025-04-30 02:45:00+00:00,99383.39656595873
2025-04-30 03:00:00+00:00,99383.39656595873
2025-04-30 03:15:00+00:00,99383.39656595873
2025-04-30 03:30:00+00:00,99383.39656595873
2025-04-30 03:45:00+00:00,99383.39656595873
2025-04-30 04:00:00+00:00,99383.39656595873
2025-04-30 04:15:00+00:00,99383.39656595873
2025-04-30 04:30:00+00:00,99383.39656595873
2025-04-30 04:45:00+00:00,99383.39656595873
2025-04-30 05:00:00+00:00,99383.39656595873
2025-04-30 05:15:00+00:00,99383.39656595873
2025-04-30 05:30:00+00:00,99383.39656595873
2025-04-30 05:45:00+00:00,99383.39656595873
2025-04-30 06:00:00+00:00,99383.39656595873
2025-04-30 06:15:00+00:00,99383.39656595873
2025-04-30 06:30:00+00:00,99383.39656595873
2025-04-30 06:45:00+00:00,99383.39656595873
2025-04-30 07:00:00+00:00,99383.39656595873
2025-04-30 07:15:00+00:00,99383.39656595873
2025-04-30 07:30:00+00:00,99383.39656595873
2025-04-30 07:45:00+00:00,99383.39656595873
2025-04-30 08:00:00+00:00,99383.39656595873
2025-04-30 08:15:00+00:00,99383.39656595873
2025-04-30 08:30:00+00:00,99383.39656595873
2025-04-30 08:45:00+00:00,99383.39656595873
2025-04-30 09:00:00+00:00,99383.39656595873
2025-04-30 09:15:00+00:00,99383.39656595873
2025-04-30 09:30:00+00:00,99383.39656595873
2025-04-30 09:45:00+00:00,99383.39656595873
2025-04-30 10:00:00+00:00,99383.39656595873
2025-04-30 10:15:00+00:00,99383.39656595873
2025-04-30 10:30:00+00:00,99383.39656595873
2025-04-30 10:45:00+00:00,99383.39656595873
2025-04-30 11:00:00+00:00,99383.39656595873
2025-04-30 11:15:00+00:00,99383.39656595873
2025-04-30 11:30:00+00:00,99383.39656595873
2025-04-30 11:45:00+00:00,99383.39656595873
2025-04-30 12:00:00+00:00,99383.39656595873
2025-04-30 12:15:00+00:00,99383.39656595873
2025-04-30 12:30:00+00:00,99383.39656595873
2025-04-30 12:45:00+00:00,99383.39656595873
2025-04-30 13:00:00+00:00,99379.07878093823
2025-04-30 13:15:00+00:00,99383.25239191014
2025-04-30 13:30:00+00:00,99368.43936055584
2025-04-30 13:45:00+00:00,99368.43936055584
2025-04-30 14:00:00+00:00,99368.43936055584
2025-04-30 14:15:00+00:00,99368.43936055584
2025-04-30 14:30:00+00:00,99368.43936055584
2025-04-30 14:45:00+00:00,99368.43936055584
2025-04-30 15:00:00+00:00,99368.43936055584
2025-04-30 15:15:00+00:00,99368.43936055584
2025-04-30 15:30:00+00:00,99368.43936055584
2025-04-30 15:45:00+00:00,99368.43936055584
2025-04-30 16:00:00+00:00,99368.43936055584
2025-04-30 16:15:00+00:00,99368.43936055584
2025-04-30 16:30:00+00:00,99368.43936055584
2025-04-30 16:45:00+00:00,99368.43936055584
2025-04-30 17:00:00+00:00,99368.43936055584
2025-04-30 17:15:00+00:00,99368.43936055584
2025-04-30 17:30:00+00:00,99368.43936055584
2025-04-30 17:45:00+00:00,99368.43936055584
2025-04-30 18:00:00+00:00,99368.43936055584
2025-04-30 18:15:00+00:00,99368.43936055584
2025-04-30 18:30:00+00:00,99368.43936055584
2025-04-30 18:45:00+00:00,99368.43936055584
2025-04-30 19:00:00+00:00,99368.43936055584
2025-04-30 19:15:00+00:00,99368.43936055584
2025-04-30 19:30:00+00:00,99368.43936055584
2025-04-30 19:45:00+00:00,99368.43936055584
2025-04-30 20:00:00+00:00,99368.43936055584
2025-04-30 20:15:00+00:00,99368.43936055584
2025-04-30 20:30:00+00:00,99368.43936055584
2025-04-30 20:45:00+00:00,99368.43936055584
2025-04-30 21:00:00+00:00,99368.43936055584
2025-04-30 21:15:00+00:00,99368.43936055584
2025-04-30 21:30:00+00:00,99368.43936055584
2025-04-30 21:45:00+00:00,99368.43936055584
2025-04-30 22:00:00+00:00,99368.43936055584
2025-04-30 22:15:00+00:00,99368.43936055584
2025-04-30 22:30:00+00:00,99368.43936055584
2025-04-30 22:45:00+00:00,99368.43936055584
2025-04-30 23:00:00+00:00,99368.43936055584
2025-04-30 23:15:00+00:00,99368.43936055584
2025-04-30 23:30:00+00:00,99368.43936055584
2025-04-30 23:45:00+00:00,99368.43936055584
2025-05-01 00:00:00+00:00,99368.43936055584
2025-05-01 00:15:00+00:00,99368.43936055584
2025-05-01 00:30:00+00:00,99368.43936055584
2025-05-01 00:45:00+00:00,99368.43936055584
2025-05-01 01:00:00+00:00,99368.43936055584
2025-05-01 01:15:00+00:00,99368.43936055584
2025-05-01 01:30:00+00:00,99368.43936055584
2025-05-01 01:45:00+00:00,99368.43936055584
2025-05-01 02:00:00+00:00,99368.43936055584
2025-05-01 02:15:00+00:00,99368.43936055584
2025-05-01 02:30:00+00:00,99368.43936055584
2025-05-01 02:45:00+00:00,99368.43936055584
2025-05-01 03:00:00+00:00,99368.43936055584
2025-05-01 03:15:00+00:00,99368.43936055584
2025-05-01 03:30:00+00:00,99368.43936055584
2025-05-01 03:45:00+00:00,99368.43936055584
2025-05-01 04:00:00+00:00,99368.43936055584
2025-05-01 04:15:00+00:00,99368.43936055584
2025-05-01 04:30:00+00:00,99368.43936055584
2025-05-01 04:45:00+00:00,99368.43936055584
2025-05-01 05:00:00+00:00,99368.43936055584
2025-05-01 05:15:00+00:00,99368.43936055584
2025-05-01 05:30:00+00:00,99368.43936055584
2025-05-01 05:45:00+00:00,99368.43936055584
2025-05-01 06:00:00+00:00,99368.43936055584
2025-05-01 06:15:00+00:00,99368.43936055584
2025-05-01 06:30:00+00:00,99368.43936055584
2025-05-01 06:45:00+00:00,99368.43936055584
2025-05-01 07:00:00+00:00,99368.43936055584
2025-05-01 07:15:00+00:00,99368.43936055584
2025-05-01 07:30:00+00:00,99368.43936055584
2025-05-01 07:45:00+00:00,99368.43936055584
2025-05-01 08:00:00+00:00,99368.43936055584
2025-05-01 08:15:00+00:00,99368.43936055584
2025-05-01 08:30:00+00:00,99368.43936055584
2025-05-01 08:45:00+00:00,99368.43936055584
2025-05-01 09:00:00+00:00,99368.43936055584
2025-05-01 09:15:00+00:00,99368.43936055584
2025-05-01 09:30:00+00:00,99368.43936055584
2025-05-01 09:45:00+00:00,99368.43936055584
2025-05-01 10:00:00+00:00,99368.43936055584
2025-05-01 10:15:00+00:00,99368.43936055584
2025-05-01 10:30:00+00:00,99368.43936055584
2025-05-01 10:45:00+00:00,99368.43936055584
2025-05-01 11:00:00+00:00,99368.43936055584
2025-05-01 11:15:00+00:00,99368.43936055584
2025-05-01 11:30:00+00:00,99368.43936055584
2025-05-01 11:45:00+00:00,99368.43936055584
2025-05-01 12:00:00+00:00,99368.43936055584
2025-05-01 12:15:00+00:00,99368.43936055584
2025-05-01 12:30:00+00:00,99368.43936055584
2025-05-01 12:45:00+00:00,99368.43936055584
2025-05-01 13:00:00+00:00,99368.43936055584
2025-05-01 13:15:00+00:00,99368.43936055584
2025-05-01 13:30:00+00:00,99368.43936055584
2025-05-01 13:45:00+00:00,99368.43936055584
2025-05-01 14:00:00+00:00,99368.43936055584
2025-05-01 14:15:00+00:00,99368.43936055584
2025-05-01 14:30:00+00:00,99368.43936055584
2025-05-01 14:45:00+00:00,99368.43936055584
2025-05-01 15:00:00+00:00,99368.43936055584
2025-05-01 15:15:00+00:00,99368.43936055584
2025-05-01 15:30:00+00:00,99368.43936055584
2025-05-01 15:45:00+00:00,99368.43936055584
2025-05-01 16:00:00+00:00,99368.43936055584
2025-05-01 16:15:00+00:00,99366.56267874053
2025-05-01 16:30:00+00:00,99364.62368764206
2025-05-01 16:45:00+00:00,99369.6593964465
2025-05-01 17:00:00+00:00,99368.19416037416
2025-05-01 17:15:00+00:00,99371.70992328302
2025-05-01 17:30:00+00:00,99375.0576030325
2025-05-01 17:45:00+00:00,99375.0576030325
2025-05-01 18:00:00+00:00,99375.0576030325
2025-05-01 18:15:00+00:00,99375.0576030325
2025-05-01 18:30:00+00:00,99375.0576030325
2025-05-01 18:45:00+00:00,99375.0576030325
2025-05-01 19:00:00+00:00,99375.0576030325
2025-05-01 19:15:00+00:00,99375.0576030325
2025-05-01 19:30:00+00:00,99375.0576030325
2025-05-01 19:45:00+00:00,99375.0576030325
2025-05-01 20:00:00+00:00,99375.0576030325
2025-05-01 20:15:00+00:00,99375.0576030325
2025-05-01 20:30:00+00:00,99375.0576030325
2025-05-01 20:45:00+00:00,99375.0576030325
2025-05-01 21:00:00+00:00,99375.0576030325
2025-05-01 21:15:00+00:00,99375.0576030325
2025-05-01 21:30:00+00:00,99375.0576030325
2025-05-01 21:45:00+00:00,99375.0576030325
2025-05-01 22:00:00+00:00,99375.0576030325
2025-05-01 22:15:00+00:00,99375.0576030325
2025-05-01 22:30:00+00:00,99375.0576030325
2025-05-01 22:45:00+00:00,99375.0576030325
2025-05-01 23:00:00+00:00,99375.0576030325
2025-05-01 23:15:00+00:00,99375.0576030325
2025-05-01 23:30:00+00:00,99375.0576030325
2025-05-01 23:45:00+00:00,99375.0576030325
2025-05-02 00:00:00+00:00,99375.0576030325
2025-05-02 00:15:00+00:00,99375.0576030325
2025-05-02 00:30:00+00:00,99375.0576030325
2025-05-02 00:45:00+00:00,99375.0576030325
2025-05-02 01:00:00+00:00,99375.0576030325
2025-05-02 01:15:00+00:00,99375.0576030325
2025-05-02 01:30:00+00:00,99375.0576030325
2025-05-02 01:45:00+00:00,99375.0576030325
2025-05-02 02:00:00+00:00,99375.0576030325
2025-05-02 02:15:00+00:00,99375.0576030325
2025-05-02 02:30:00+00:00,99375.0576030325
2025-05-02 02:45:00+00:00,99375.0576030325
2025-05-02 03:00:00+00:00,99375.0576030325
2025-05-02 03:15:00+00:00,99375.0576030325
2025-05-02 03:30:00+00:00,99375.0576030325
2025-05-02 03:45:00+00:00,99375.0576030325
2025-05-02 04:00:00+00:00,99375.0576030325
2025-05-02 04:15:00+00:00,99375.0576030325
2025-05-02 04:30:00+00:00,99375.0576030325
2025-05-02 04:45:00+00:00,99375.0576030325
2025-05-02 05:00:00+00:00,99375.0576030325
2025-05-02 05:15:00+00:00,99375.0576030325
2025-05-02 05:30:00+00:00,99375.0576030325
2025-05-02 05:45:00+00:00,99375.0576030325
2025-05-02 06:00:00+00:00,99375.0576030325
2025-05-02 06:15:00+00:00,99375.0576030325
2025-05-02 06:30:00+00:00,99375.0576030325
2025-05-02 06:45:00+00:00,99375.0576030325
2025-05-02 07:00:00+00:00,99375.0576030325
2025-05-02 07:15:00+00:00,99375.0576030325
2025-05-02 07:30:00+00:00,99375.0576030325
2025-05-02 07:45:00+00:00,99375.0576030325
2025-05-02 08:00:00+00:00,99375.0576030325
2025-05-02 08:15:00+00:00,99375.0576030325
2025-05-02 08:30:00+00:00,99375.0576030325
2025-05-02 08:45:00+00:00,99375.0576030325
2025-05-02 09:00:00+00:00,99375.0576030325
2025-05-02 09:15:00+00:00,99375.0576030325
2025-05-02 09:30:00+00:00,99375.0576030325
2025-05-02 09:45:00+00:00,99375.0576030325
2025-05-02 10:00:00+00:00,99375.0576030325
2025-05-02 10:15:00+00:00,99375.0576030325
2025-05-02 10:30:00+00:00,99375.0576030325
2025-05-02 10:45:00+00:00,99375.0576030325
2025-05-02 11:00:00+00:00,99375.0576030325
2025-05-02 11:15:00+00:00,99375.0576030325
2025-05-02 11:30:00+00:00,99375.0576030325
2025-05-02 11:45:00+00:00,99375.0576030325
2025-05-02 12:00:00+00:00,99375.0576030325
2025-05-02 12:15:00+00:00,99375.0576030325
2025-05-02 12:30:00+00:00,99375.0576030325
2025-05-02 12:45:00+00:00,99375.0576030325
2025-05-02 13:00:00+00:00,99375.0576030325
2025-05-02 13:15:00+00:00,99375.0576030325
2025-05-02 13:30:00+00:00,99375.0576030325
2025-05-02 13:45:00+00:00,99375.0576030325
2025-05-02 14:00:00+00:00,99375.0576030325
2025-05-02 14:15:00+00:00,99375.0576030325
2025-05-02 14:30:00+00:00,99375.0576030325
2025-05-02 14:45:00+00:00,99375.0576030325
2025-05-02 15:00:00+00:00,99375.0576030325
2025-05-02 15:15:00+00:00,99375.0576030325
2025-05-02 15:30:00+00:00,99375.0576030325
2025-05-02 15:45:00+00:00,99375.0576030325
2025-05-02 16:00:00+00:00,99375.0576030325
2025-05-02 16:15:00+00:00,99375.0576030325
2025-05-02 16:30:00+00:00,99375.0576030325
2025-05-02 16:45:00+00:00,99375.0576030325
2025-05-02 17:00:00+00:00,99375.0576030325
2025-05-02 17:15:00+00:00,99375.0576030325
2025-05-02 17:30:00+00:00,99375.0576030325
2025-05-02 17:45:00+00:00,99375.0576030325
2025-05-02 18:00:00+00:00,99375.0576030325
2025-05-02 18:15:00+00:00,99375.0576030325
2025-05-02 18:30:00+00:00,99375.0576030325
2025-05-02 18:45:00+00:00,99375.0576030325
2025-05-02 19:00:00+00:00,99375.0576030325
2025-05-02 19:15:00+00:00,99375.0576030325
2025-05-02 19:30:00+00:00,99375.0576030325
2025-05-02 19:45:00+00:00,99375.0576030325
2025-05-02 20:00:00+00:00,99375.0576030325
2025-05-02 20:15:00+00:00,99374.54556999973
2025-05-02 20:30:00+00:00,99375.50974118701
2025-05-02 20:45:00+00:00,99374.94011511427
2025-05-02 21:00:00+00:00,99375.19315566703
2025-05-02 21:15:00+00:00,99373.56748446243
2025-05-02 21:30:00+00:00,99371.99188776527
2025-05-02 21:45:00+00:00,99362.85146651116
2025-05-02 22:00:00+00:00,99362.85146651116
2025-05-02 22:15:00+00:00,99362.85146651116
2025-05-02 22:30:00+00:00,99362.85146651116
2025-05-02 22:45:00+00:00,99362.85146651116
2025-05-02 23:00:00+00:00,99362.85146651116
2025-05-02 23:15:00+00:00,99362.85146651116
2025-05-02 23:30:00+00:00,99362.85146651116
2025-05-02 23:45:00+00:00,99362.85146651116
2025-05-03 00:00:00+00:00,99362.85146651116
2025-05-03 00:15:00+00:00,99362.85146651116
2025-05-03 00:30:00+00:00,99362.85146651116
2025-05-03 00:45:00+00:00,99362.85146651116
2025-05-03 01:00:00+00:00,99362.85146651116
2025-05-03 01:15:00+00:00,99362.85146651116
2025-05-03 01:30:00+00:00,99362.85146651116
2025-05-03 01:45:00+00:00,99362.85146651116
2025-05-03 02:00:00+00:00,99362.85146651116
2025-05-03 02:15:00+00:00,99362.85146651116
2025-05-03 02:30:00+00:00,99362.85146651116
2025-05-03 02:45:00+00:00,99362.85146651116
2025-05-03 03:00:00+00:00,99362.85146651116
2025-05-03 03:15:00+00:00,99362.85146651116
2025-05-03 03:30:00+00:00,99362.85146651116
2025-05-03 03:45:00+00:00,99362.85146651116
2025-05-03 04:00:00+00:00,99362.85146651116
2025-05-03 04:15:00+00:00,99362.85146651116
2025-05-03 04:30:00+00:00,99362.85146651116
2025-05-03 04:45:00+00:00,99362.85146651116
2025-05-03 05:00:00+00:00,99362.85146651116
2025-05-03 05:15:00+00:00,99362.85146651116
2025-05-03 05:30:00+00:00,99362.85146651116
2025-05-03 05:45:00+00:00,99362.85146651116
2025-05-03 06:00:00+00:00,99362.85146651116
2025-05-03 06:15:00+00:00,99362.85146651116
2025-05-03 06:30:00+00:00,99362.85146651116
2025-05-03 06:45:00+00:00,99362.85146651116
2025-05-03 07:00:00+00:00,99362.85146651116
2025-05-03 07:15:00+00:00,99362.85146651116
2025-05-03 07:30:00+00:00,99362.85146651116
2025-05-03 07:45:00+00:00,99362.85146651116
2025-05-03 08:00:00+00:00,99362.85146651116
2025-05-03 08:15:00+00:00,99362.85146651116
2025-05-03 08:30:00+00:00,99362.85146651116
2025-05-03 08:45:00+00:00,99362.85146651116
2025-05-03 09:00:00+00:00,99362.85146651116
2025-05-03 09:15:00+00:00,99362.85146651116
2025-05-03 09:30:00+00:00,99362.85146651116
2025-05-03 09:45:00+00:00,99362.85146651116
2025-05-03 10:00:00+00:00,99362.85146651116
2025-05-03 10:15:00+00:00,99362.85146651116
2025-05-03 10:30:00+00:00,99362.85146651116
2025-05-03 10:45:00+00:00,99362.85146651116
2025-05-03 11:00:00+00:00,99362.85146651116
2025-05-03 11:15:00+00:00,99362.85146651116
2025-05-03 11:30:00+00:00,99362.85146651116
2025-05-03 11:45:00+00:00,99362.85146651116
2025-05-03 12:00:00+00:00,99362.85146651116
2025-05-03 12:15:00+00:00,99362.85146651116
2025-05-03 12:30:00+00:00,99362.85146651116
2025-05-03 12:45:00+00:00,99362.85146651116
2025-05-03 13:00:00+00:00,99362.85146651116
2025-05-03 13:15:00+00:00,99362.85146651116
2025-05-03 13:30:00+00:00,99362.85146651116
2025-05-03 13:45:00+00:00,99362.85146651116
2025-05-03 14:00:00+00:00,99362.85146651116
2025-05-03 14:15:00+00:00,99362.85146651116
2025-05-03 14:30:00+00:00,99362.85146651116
2025-05-03 14:45:00+00:00,99362.85146651116
2025-05-03 15:00:00+00:00,99362.85146651116
2025-05-03 15:15:00+00:00,99362.85146651116
2025-05-03 15:30:00+00:00,99362.85146651116
2025-05-03 15:45:00+00:00,99362.85146651116
2025-05-03 16:00:00+00:00,99362.85146651116
2025-05-03 16:15:00+00:00,99362.85146651116
2025-05-03 16:30:00+00:00,99362.85146651116
2025-05-03 16:45:00+00:00,99362.85146651116
2025-05-03 17:00:00+00:00,99362.85146651116
2025-05-03 17:15:00+00:00,99362.85146651116
2025-05-03 17:30:00+00:00,99362.85146651116
2025-05-03 17:45:00+00:00,99362.85146651116
2025-05-03 18:00:00+00:00,99362.85146651116
2025-05-03 18:15:00+00:00,99362.85146651116
2025-05-03 18:30:00+00:00,99362.85146651116
2025-05-03 18:45:00+00:00,99362.85146651116
2025-05-03 19:00:00+00:00,99362.85146651116
2025-05-03 19:15:00+00:00,99362.85146651116
2025-05-03 19:30:00+00:00,99362.85146651116
2025-05-03 19:45:00+00:00,99362.85146651116
2025-05-03 20:00:00+00:00,99362.85146651116
2025-05-03 20:15:00+00:00,99362.85146651116
2025-05-03 20:30:00+00:00,99362.85146651116
2025-05-03 20:45:00+00:00,99362.85146651116
2025-05-03 21:00:00+00:00,99362.85146651116
2025-05-03 21:15:00+00:00,99362.85146651116
2025-05-03 21:30:00+00:00,99362.85146651116
2025-05-03 21:45:00+00:00,99362.85146651116
2025-05-03 22:00:00+00:00,99362.85146651116
2025-05-03 22:15:00+00:00,99362.85146651116
2025-05-03 22:30:00+00:00,99362.85146651116
2025-05-03 22:45:00+00:00,99362.85146651116
2025-05-03 23:00:00+00:00,99362.85146651116
2025-05-03 23:15:00+00:00,99362.85146651116
2025-05-03 23:30:00+00:00,99362.85146651116
2025-05-03 23:45:00+00:00,99362.85146651116
2025-05-04 00:00:00+00:00,99362.85146651116
2025-05-04 00:15:00+00:00,99362.1068712127
2025-05-04 00:30:00+00:00,99360.4411961056
2025-05-04 00:45:00+00:00,99361.61509630061
2025-05-04 01:00:00+00:00,99362.5527423016
2025-05-04 01:15:00+00:00,99362.82584589045
2025-05-04 01:30:00+00:00,99354.15875525012
2025-05-04 01:45:00+00:00,99354.15875525012
2025-05-04 02:00:00+00:00,99354.15875525012
2025-05-04 02:15:00+00:00,99354.15875525012
2025-05-04 02:30:00+00:00,99354.15875525012
2025-05-04 02:45:00+00:00,99354.15875525012
2025-05-04 03:00:00+00:00,99354.15875525012
2025-05-04 03:15:00+00:00,99354.15875525012
2025-05-04 03:30:00+00:00,99354.15875525012
2025-05-04 03:45:00+00:00,99354.15875525012
2025-05-04 04:00:00+00:00,99354.15875525012
2025-05-04 04:15:00+00:00,99354.15875525012
2025-05-04 04:30:00+00:00,99354.15875525012
2025-05-04 04:45:00+00:00,99354.15875525012
2025-05-04 05:00:00+00:00,99354.15875525012
2025-05-04 05:15:00+00:00,99354.15875525012
2025-05-04 05:30:00+00:00,99354.15875525012
2025-05-04 05:45:00+00:00,99354.15875525012
2025-05-04 06:00:00+00:00,99354.15875525012
2025-05-04 06:15:00+00:00,99354.15875525012
2025-05-04 06:30:00+00:00,99354.15875525012
2025-05-04 06:45:00+00:00,99354.15875525012
2025-05-04 07:00:00+00:00,99354.15875525012
2025-05-04 07:15:00+00:00,99354.15875525012
2025-05-04 07:30:00+00:00,99354.15875525012
2025-05-04 07:45:00+00:00,99354.15875525012
2025-05-04 08:00:00+00:00,99354.15875525012
2025-05-04 08:15:00+00:00,99354.15875525012
2025-05-04 08:30:00+00:00,99354.15875525012
2025-05-04 08:45:00+00:00,99354.15875525012
2025-05-04 09:00:00+00:00,99354.15875525012
2025-05-04 09:15:00+00:00,99354.15875525012
2025-05-04 09:30:00+00:00,99354.15875525012
2025-05-04 09:45:00+00:00,99354.15875525012
2025-05-04 10:00:00+00:00,99354.15875525012
2025-05-04 10:15:00+00:00,99354.15875525012
2025-05-04 10:30:00+00:00,99354.15875525012
2025-05-04 10:45:00+00:00,99354.15875525012
2025-05-04 11:00:00+00:00,99354.15875525012
2025-05-04 11:15:00+00:00,99354.15875525012
2025-05-04 11:30:00+00:00,99354.15875525012
2025-05-04 11:45:00+00:00,99354.15875525012
2025-05-04 12:00:00+00:00,99354.15875525012
2025-05-04 12:15:00+00:00,99354.15875525012
2025-05-04 12:30:00+00:00,99354.15875525012
2025-05-04 12:45:00+00:00,99354.15875525012
2025-05-04 13:00:00+00:00,99354.15875525012
2025-05-04 13:15:00+00:00,99354.15875525012
2025-05-04 13:30:00+00:00,99354.15875525012
2025-05-04 13:45:00+00:00,99354.15875525012
2025-05-04 14:00:00+00:00,99354.15875525012
2025-05-04 14:15:00+00:00,99354.15875525012
2025-05-04 14:30:00+00:00,99354.15875525012
2025-05-04 14:45:00+00:00,99354.15875525012
2025-05-04 15:00:00+00:00,99354.15875525012
2025-05-04 15:15:00+00:00,99354.15875525012
2025-05-04 15:30:00+00:00,99354.15875525012
2025-05-04 15:45:00+00:00,99354.15875525012
2025-05-04 16:00:00+00:00,99354.15875525012
2025-05-04 16:15:00+00:00,99354.15875525012
2025-05-04 16:30:00+00:00,99354.15875525012
2025-05-04 16:45:00+00:00,99354.15875525012
2025-05-04 17:00:00+00:00,99354.15875525012
2025-05-04 17:15:00+00:00,99354.15875525012
2025-05-04 17:30:00+00:00,99354.15875525012
2025-05-04 17:45:00+00:00,99354.15875525012
2025-05-04 18:00:00+00:00,99354.15875525012
2025-05-04 18:15:00+00:00,99354.15875525012
2025-05-04 18:30:00+00:00,99354.15875525012
2025-05-04 18:45:00+00:00,99354.15875525012
2025-05-04 19:00:00+00:00,99354.15875525012
2025-05-04 19:15:00+00:00,99354.15875525012
2025-05-04 19:30:00+00:00,99354.15875525012
2025-05-04 19:45:00+00:00,99354.15875525012
2025-05-04 20:00:00+00:00,99354.15875525012
2025-05-04 20:15:00+00:00,99354.15875525012
2025-05-04 20:30:00+00:00,99354.15875525012
2025-05-04 20:45:00+00:00,99354.15875525012
2025-05-04 21:00:00+00:00,99354.15875525012
2025-05-04 21:15:00+00:00,99354.15875525012
2025-05-04 21:30:00+00:00,99354.15875525012
2025-05-04 21:45:00+00:00,99354.15875525012
2025-05-04 22:00:00+00:00,99354.15875525012
2025-05-04 22:15:00+00:00,99354.15875525012
2025-05-04 22:30:00+00:00,99354.15875525012
2025-05-04 22:45:00+00:00,99354.15875525012
2025-05-04 23:00:00+00:00,99354.15875525012
2025-05-04 23:15:00+00:00,99354.15875525012
2025-05-04 23:30:00+00:00,99354.15875525012
2025-05-04 23:45:00+00:00,99354.15875525012
2025-05-05 00:00:00+00:00,99354.15875525012
2025-05-05 00:15:00+00:00,99354.15875525012
2025-05-05 00:30:00+00:00,99354.15875525012
2025-05-05 00:45:00+00:00,99354.15875525012
2025-05-05 01:00:00+00:00,99350.38625105028
2025-05-05 01:15:00+00:00,99338.05091898635
2025-05-05 01:30:00+00:00,99338.05091898635
2025-05-05 01:45:00+00:00,99338.05091898635
2025-05-05 02:00:00+00:00,99338.05091898635
2025-05-05 02:15:00+00:00,99338.05091898635
2025-05-05 02:30:00+00:00,99338.05091898635
2025-05-05 02:45:00+00:00,99338.05091898635
2025-05-05 03:00:00+00:00,99338.05091898635
2025-05-05 03:15:00+00:00,99338.05091898635
2025-05-05 03:30:00+00:00,99338.05091898635
2025-05-05 03:45:00+00:00,99338.05091898635
2025-05-05 04:00:00+00:00,99338.05091898635
2025-05-05 04:15:00+00:00,99338.05091898635
2025-05-05 04:30:00+00:00,99338.05091898635
2025-05-05 04:45:00+00:00,99338.05091898635
2025-05-05 05:00:00+00:00,99338.05091898635
2025-05-05 05:15:00+00:00,99338.05091898635
2025-05-05 05:30:00+00:00,99338.05091898635
2025-05-05 05:45:00+00:00,99338.05091898635
2025-05-05 06:00:00+00:00,99338.05091898635
2025-05-05 06:15:00+00:00,99338.05091898635
2025-05-05 06:30:00+00:00,99338.05091898635
2025-05-05 06:45:00+00:00,99338.05091898635
2025-05-05 07:00:00+00:00,99338.05091898635
2025-05-05 07:15:00+00:00,99338.05091898635
2025-05-05 07:30:00+00:00,99338.05091898635
2025-05-05 07:45:00+00:00,99338.05091898635
2025-05-05 08:00:00+00:00,99338.05091898635
2025-05-05 08:15:00+00:00,99338.05091898635
2025-05-05 08:30:00+00:00,99338.05091898635
2025-05-05 08:45:00+00:00,99338.05091898635
2025-05-05 09:00:00+00:00,99338.05091898635
2025-05-05 09:15:00+00:00,99338.05091898635
2025-05-05 09:30:00+00:00,99338.05091898635
2025-05-05 09:45:00+00:00,99338.05091898635
2025-05-05 10:00:00+00:00,99338.05091898635
2025-05-05 10:15:00+00:00,99338.05091898635
2025-05-05 10:30:00+00:00,99338.05091898635
2025-05-05 10:45:00+00:00,99338.05091898635
2025-05-05 11:00:00+00:00,99338.05091898635
2025-05-05 11:15:00+00:00,99338.05091898635
2025-05-05 11:30:00+00:00,99338.05091898635
2025-05-05 11:45:00+00:00,99338.05091898635
2025-05-05 12:00:00+00:00,99338.05091898635
2025-05-05 12:15:00+00:00,99338.05091898635
2025-05-05 12:30:00+00:00,99338.05091898635
2025-05-05 12:45:00+00:00,99338.05091898635
2025-05-05 13:00:00+00:00,99338.05091898635
2025-05-05 13:15:00+00:00,99338.05091898635
2025-05-05 13:30:00+00:00,99338.05091898635
2025-05-05 13:45:00+00:00,99338.05091898635
2025-05-05 14:00:00+00:00,99338.05091898635
2025-05-05 14:15:00+00:00,99338.05091898635
2025-05-05 14:30:00+00:00,99338.05091898635
2025-05-05 14:45:00+00:00,99338.05091898635
2025-05-05 15:00:00+00:00,99338.05091898635
2025-05-05 15:15:00+00:00,99338.05091898635
2025-05-05 15:30:00+00:00,99338.05091898635
2025-05-05 15:45:00+00:00,99338.05091898635
2025-05-05 16:00:00+00:00,99338.05091898635
2025-05-05 16:15:00+00:00,99338.05091898635
2025-05-05 16:30:00+00:00,99338.05091898635
2025-05-05 16:45:00+00:00,99338.05091898635
2025-05-05 17:00:00+00:00,99338.05091898635
2025-05-05 17:15:00+00:00,99338.05091898635
2025-05-05 17:30:00+00:00,99338.05091898635
2025-05-05 17:45:00+00:00,99338.05091898635
2025-05-05 18:00:00+00:00,99338.05091898635
2025-05-05 18:15:00+00:00,99338.05091898635
2025-05-05 18:30:00+00:00,99338.05091898635
2025-05-05 18:45:00+00:00,99338.05091898635
2025-05-05 19:00:00+00:00,99338.05091898635
2025-05-05 19:15:00+00:00,99338.05091898635
2025-05-05 19:30:00+00:00,99338.05091898635
2025-05-05 19:45:00+00:00,99338.05091898635
2025-05-05 20:00:00+00:00,99338.05091898635
2025-05-05 20:15:00+00:00,99338.70044578484
2025-05-05 20:30:00+00:00,99337.15973443344
2025-05-05 20:45:00+00:00,99337.15973443344
2025-05-05 21:00:00+00:00,99337.15973443344
2025-05-05 21:15:00+00:00,99337.15973443344
2025-05-05 21:30:00+00:00,99337.15973443344
2025-05-05 21:45:00+00:00,99337.15973443344
2025-05-05 22:00:00+00:00,99337.15973443344
2025-05-05 22:15:00+00:00,99337.15973443344
2025-05-05 22:30:00+00:00,99337.15973443344
2025-05-05 22:45:00+00:00,99337.15973443344
2025-05-05 23:00:00+00:00,99337.15973443344
2025-05-05 23:15:00+00:00,99337.15973443344
2025-05-05 23:30:00+00:00,99337.15973443344
2025-05-05 23:45:00+00:00,99337.15973443344
2025-05-06 00:00:00+00:00,99337.15973443344
2025-05-06 00:15:00+00:00,99336.4905847449
2025-05-06 00:30:00+00:00,99335.50953434505
2025-05-06 00:45:00+00:00,99335.50953434505
2025-05-06 01:00:00+00:00,99335.50953434505
2025-05-06 01:15:00+00:00,99335.50953434505
2025-05-06 01:30:00+00:00,99335.50953434505
2025-05-06 01:45:00+00:00,99335.50953434505
2025-05-06 02:00:00+00:00,99335.50953434505
2025-05-06 02:15:00+00:00,99335.50953434505
2025-05-06 02:30:00+00:00,99335.50953434505
2025-05-06 02:45:00+00:00,99335.50953434505
2025-05-06 03:00:00+00:00,99335.50953434505
2025-05-06 03:15:00+00:00,99335.50953434505
2025-05-06 03:30:00+00:00,99335.50953434505
2025-05-06 03:45:00+00:00,99335.50953434505
2025-05-06 04:00:00+00:00,99335.50953434505
2025-05-06 04:15:00+00:00,99335.50953434505
2025-05-06 04:30:00+00:00,99335.50953434505
2025-05-06 04:45:00+00:00,99335.50953434505
2025-05-06 05:00:00+00:00,99335.50953434505
2025-05-06 05:15:00+00:00,99335.50953434505
2025-05-06 05:30:00+00:00,99335.50953434505
2025-05-06 05:45:00+00:00,99335.50953434505
2025-05-06 06:00:00+00:00,99335.50953434505
2025-05-06 06:15:00+00:00,99335.50953434505
2025-05-06 06:30:00+00:00,99335.50953434505
2025-05-06 06:45:00+00:00,99335.50953434505
2025-05-06 07:00:00+00:00,99335.50953434505
2025-05-06 07:15:00+00:00,99335.50953434505
2025-05-06 07:30:00+00:00,99335.50953434505
2025-05-06 07:45:00+00:00,99335.50953434505
2025-05-06 08:00:00+00:00,99335.50953434505
2025-05-06 08:15:00+00:00,99335.50953434505
2025-05-06 08:30:00+00:00,99335.50953434505
2025-05-06 08:45:00+00:00,99335.50953434505
2025-05-06 09:00:00+00:00,99335.50953434505
2025-05-06 09:15:00+00:00,99335.50953434505
2025-05-06 09:30:00+00:00,99335.50953434505
2025-05-06 09:45:00+00:00,99335.50953434505
2025-05-06 10:00:00+00:00,99335.50953434505
2025-05-06 10:15:00+00:00,99335.50953434505
2025-05-06 10:30:00+00:00,99335.50953434505
2025-05-06 10:45:00+00:00,99335.50953434505
2025-05-06 11:00:00+00:00,99335.50953434505
2025-05-06 11:15:00+00:00,99335.50953434505
2025-05-06 11:30:00+00:00,99335.50953434505
2025-05-06 11:45:00+00:00,99335.50953434505
2025-05-06 12:00:00+00:00,99335.50953434505
2025-05-06 12:15:00+00:00,99335.50953434505
2025-05-06 12:30:00+00:00,99335.50953434505
2025-05-06 12:45:00+00:00,99335.50953434505
2025-05-06 13:00:00+00:00,99335.50953434505
2025-05-06 13:15:00+00:00,99335.50953434505
2025-05-06 13:30:00+00:00,99335.50953434505
2025-05-06 13:45:00+00:00,99335.50953434505
2025-05-06 14:00:00+00:00,99335.50953434505
2025-05-06 14:15:00+00:00,99335.50953434505
2025-05-06 14:30:00+00:00,99335.50953434505
2025-05-06 14:45:00+00:00,99335.50953434505
2025-05-06 15:00:00+00:00,99335.50953434505
2025-05-06 15:15:00+00:00,99335.50953434505
2025-05-06 15:30:00+00:00,99335.50953434505
2025-05-06 15:45:00+00:00,99335.50953434505
2025-05-06 16:00:00+00:00,99335.50953434505
2025-05-06 16:15:00+00:00,99335.50953434505
2025-05-06 16:30:00+00:00,99335.50953434505
2025-05-06 16:45:00+00:00,99335.50953434505
2025-05-06 17:00:00+00:00,99335.50953434505
2025-05-06 17:15:00+00:00,99335.50953434505
2025-05-06 17:30:00+00:00,99335.50953434505
2025-05-06 17:45:00+00:00,99335.50953434505
2025-05-06 18:00:00+00:00,99335.50953434505
2025-05-06 18:15:00+00:00,99335.50953434505
2025-05-06 18:30:00+00:00,99335.50953434505
2025-05-06 18:45:00+00:00,99335.50953434505
2025-05-06 19:00:00+00:00,99335.50953434505
2025-05-06 19:15:00+00:00,99335.50953434505
2025-05-06 19:30:00+00:00,99335.50953434505
2025-05-06 19:45:00+00:00,99335.50953434505
2025-05-06 20:00:00+00:00,99335.50953434505
2025-05-06 20:15:00+00:00,99335.50953434505
2025-05-06 20:30:00+00:00,99335.50953434505
2025-05-06 20:45:00+00:00,99335.50953434505
2025-05-06 21:00:00+00:00,99335.50953434505
2025-05-06 21:15:00+00:00,99335.50953434505
2025-05-06 21:30:00+00:00,99335.50953434505
2025-05-06 21:45:00+00:00,99335.50953434505
2025-05-06 22:00:00+00:00,99335.50953434505
2025-05-06 22:15:00+00:00,99335.50953434505
2025-05-06 22:30:00+00:00,99335.50953434505
2025-05-06 22:45:00+00:00,99335.50953434505
2025-05-06 23:00:00+00:00,99335.50953434505
2025-05-06 23:15:00+00:00,99335.50953434505
2025-05-06 23:30:00+00:00,99335.50953434505
2025-05-06 23:45:00+00:00,99335.50953434505
2025-05-07 00:00:00+00:00,99335.50953434505
2025-05-07 00:15:00+00:00,99331.86412709563
2025-05-07 00:30:00+00:00,99332.16320048599
2025-05-07 00:45:00+00:00,99329.29905053512
2025-05-07 01:00:00+00:00,99317.62257706585
2025-05-07 01:15:00+00:00,99317.62257706585
2025-05-07 01:30:00+00:00,99317.62257706585
2025-05-07 01:45:00+00:00,99317.62257706585
2025-05-07 02:00:00+00:00,99317.62257706585
2025-05-07 02:15:00+00:00,99317.62257706585
2025-05-07 02:30:00+00:00,99317.62257706585
2025-05-07 02:45:00+00:00,99317.62257706585
2025-05-07 03:00:00+00:00,99317.62257706585
2025-05-07 03:15:00+00:00,99317.62257706585
2025-05-07 03:30:00+00:00,99317.62257706585
2025-05-07 03:45:00+00:00,99317.62257706585
2025-05-07 04:00:00+00:00,99317.62257706585
2025-05-07 04:15:00+00:00,99317.62257706585
2025-05-07 04:30:00+00:00,99317.62257706585
2025-05-07 04:45:00+00:00,99317.62257706585
2025-05-07 05:00:00+00:00,99317.62257706585
2025-05-07 05:15:00+00:00,99317.62257706585
2025-05-07 05:30:00+00:00,99317.62257706585
2025-05-07 05:45:00+00:00,99317.62257706585
2025-05-07 06:00:00+00:00,99317.62257706585
2025-05-07 06:15:00+00:00,99317.62257706585
2025-05-07 06:30:00+00:00,99317.62257706585
2025-05-07 06:45:00+00:00,99317.62257706585
2025-05-07 07:00:00+00:00,99317.62257706585
2025-05-07 07:15:00+00:00,99317.62257706585
2025-05-07 07:30:00+00:00,99317.62257706585
2025-05-07 07:45:00+00:00,99317.62257706585
2025-05-07 08:00:00+00:00,99317.62257706585
2025-05-07 08:15:00+00:00,99317.62257706585
2025-05-07 08:30:00+00:00,99317.62257706585
2025-05-07 08:45:00+00:00,99317.62257706585
2025-05-07 09:00:00+00:00,99317.62257706585
2025-05-07 09:15:00+00:00,99317.62257706585
2025-05-07 09:30:00+00:00,99317.62257706585
2025-05-07 09:45:00+00:00,99317.62257706585
2025-05-07 10:00:00+00:00,99317.62257706585
2025-05-07 10:15:00+00:00,99317.62257706585
2025-05-07 10:30:00+00:00,99317.62257706585
2025-05-07 10:45:00+00:00,99317.62257706585
2025-05-07 11:00:00+00:00,99317.62257706585
2025-05-07 11:15:00+00:00,99317.62257706585
2025-05-07 11:30:00+00:00,99317.62257706585
2025-05-07 11:45:00+00:00,99317.62257706585
2025-05-07 12:00:00+00:00,99317.62257706585
2025-05-07 12:15:00+00:00,99317.62257706585
2025-05-07 12:30:00+00:00,99317.62257706585
2025-05-07 12:45:00+00:00,99317.62257706585
2025-05-07 13:00:00+00:00,99317.62257706585
2025-05-07 13:15:00+00:00,99317.62257706585
2025-05-07 13:30:00+00:00,99317.62257706585
2025-05-07 13:45:00+00:00,99317.62257706585
2025-05-07 14:00:00+00:00,99317.62257706585
2025-05-07 14:15:00+00:00,99317.62257706585
2025-05-07 14:30:00+00:00,99317.62257706585
2025-05-07 14:45:00+00:00,99317.62257706585
2025-05-07 15:00:00+00:00,99317.62257706585
2025-05-07 15:15:00+00:00,99317.62257706585
2025-05-07 15:30:00+00:00,99317.62257706585
2025-05-07 15:45:00+00:00,99317.62257706585
2025-05-07 16:00:00+00:00,99317.62257706585
2025-05-07 16:15:00+00:00,99317.62257706585
2025-05-07 16:30:00+00:00,99317.62257706585
2025-05-07 16:45:00+00:00,99317.62257706585
2025-05-07 17:00:00+00:00,99317.62257706585
2025-05-07 17:15:00+00:00,99317.62257706585
2025-05-07 17:30:00+00:00,99317.62257706585
2025-05-07 17:45:00+00:00,99317.62257706585
2025-05-07 18:00:00+00:00,99317.62257706585
2025-05-07 18:15:00+00:00,99317.62257706585
2025-05-07 18:30:00+00:00,99317.62257706585
2025-05-07 18:45:00+00:00,99317.62257706585
2025-05-07 19:00:00+00:00,99317.62257706585
2025-05-07 19:15:00+00:00,99317.62257706585
2025-05-07 19:30:00+00:00,99317.62257706585
2025-05-07 19:45:00+00:00,99317.62257706585
2025-05-07 20:00:00+00:00,99317.62257706585
2025-05-07 20:15:00+00:00,99317.62257706585
2025-05-07 20:30:00+00:00,99317.62257706585
2025-05-07 20:45:00+00:00,99317.62257706585
2025-05-07 21:00:00+00:00,99317.62257706585
2025-05-07 21:15:00+00:00,99317.62257706585
2025-05-07 21:30:00+00:00,99317.62257706585
2025-05-07 21:45:00+00:00,99317.62257706585
2025-05-07 22:00:00+00:00,99317.62257706585
2025-05-07 22:15:00+00:00,99317.62257706585
2025-05-07 22:30:00+00:00,99317.62257706585
2025-05-07 22:45:00+00:00,99317.62257706585
2025-05-07 23:00:00+00:00,99317.62257706585
2025-05-07 23:15:00+00:00,99317.62257706585
2025-05-07 23:30:00+00:00,99317.62257706585
2025-05-07 23:45:00+00:00,99317.62257706585
2025-05-08 00:00:00+00:00,99317.62257706585
2025-05-08 00:15:00+00:00,99317.62257706585
2025-05-08 00:30:00+00:00,99317.62257706585
2025-05-08 00:45:00+00:00,99317.62257706585
2025-05-08 01:00:00+00:00,99317.62257706585
2025-05-08 01:15:00+00:00,99317.62257706585
2025-05-08 01:30:00+00:00,99317.62257706585
2025-05-08 01:45:00+00:00,99317.62257706585
2025-05-08 02:00:00+00:00,99317.62257706585
2025-05-08 02:15:00+00:00,99317.62257706585
2025-05-08 02:30:00+00:00,99317.62257706585
2025-05-08 02:45:00+00:00,99317.62257706585
2025-05-08 03:00:00+00:00,99317.62257706585
2025-05-08 03:15:00+00:00,99317.62257706585
2025-05-08 03:30:00+00:00,99317.62257706585
2025-05-08 03:45:00+00:00,99317.62257706585
2025-05-08 04:00:00+00:00,99317.62257706585
2025-05-08 04:15:00+00:00,99317.62257706585
2025-05-08 04:30:00+00:00,99317.62257706585
2025-05-08 04:45:00+00:00,99317.62257706585
2025-05-08 05:00:00+00:00,99317.62257706585
2025-05-08 05:15:00+00:00,99317.62257706585
2025-05-08 05:30:00+00:00,99317.62257706585
2025-05-08 05:45:00+00:00,99317.62257706585
2025-05-08 06:00:00+00:00,99317.62257706585
2025-05-08 06:15:00+00:00,99317.62257706585
2025-05-08 06:30:00+00:00,99317.62257706585
2025-05-08 06:45:00+00:00,99317.62257706585
2025-05-08 07:00:00+00:00,99317.62257706585
2025-05-08 07:15:00+00:00,99317.62257706585
2025-05-08 07:30:00+00:00,99317.62257706585
2025-05-08 07:45:00+00:00,99317.62257706585
2025-05-08 08:00:00+00:00,99317.62257706585
2025-05-08 08:15:00+00:00,99317.62257706585
2025-05-08 08:30:00+00:00,99317.62257706585
2025-05-08 08:45:00+00:00,99317.62257706585
2025-05-08 09:00:00+00:00,99317.62257706585
2025-05-08 09:15:00+00:00,99317.62257706585
2025-05-08 09:30:00+00:00,99317.62257706585
2025-05-08 09:45:00+00:00,99317.62257706585
2025-05-08 10:00:00+00:00,99317.62257706585
2025-05-08 10:15:00+00:00,99317.62257706585
2025-05-08 10:30:00+00:00,99317.62257706585
2025-05-08 10:45:00+00:00,99317.62257706585
2025-05-08 11:00:00+00:00,99317.62257706585
2025-05-08 11:15:00+00:00,99317.62257706585
2025-05-08 11:30:00+00:00,99317.62257706585
2025-05-08 11:45:00+00:00,99317.62257706585
2025-05-08 12:00:00+00:00,99317.62257706585
2025-05-08 12:15:00+00:00,99317.62257706585
2025-05-08 12:30:00+00:00,99317.62257706585
2025-05-08 12:45:00+00:00,99317.62257706585
2025-05-08 13:00:00+00:00,99317.62257706585
2025-05-08 13:15:00+00:00,99317.62257706585
2025-05-08 13:30:00+00:00,99317.62257706585
2025-05-08 13:45:00+00:00,99317.62257706585
2025-05-08 14:00:00+00:00,99317.62257706585
2025-05-08 14:15:00+00:00,99317.62257706585
2025-05-08 14:30:00+00:00,99317.62257706585
2025-05-08 14:45:00+00:00,99317.62257706585
2025-05-08 15:00:00+00:00,99317.62257706585
2025-05-08 15:15:00+00:00,99317.62257706585
2025-05-08 15:30:00+00:00,99317.62257706585
2025-05-08 15:45:00+00:00,99317.62257706585
2025-05-08 16:00:00+00:00,99317.62257706585
2025-05-08 16:15:00+00:00,99317.62257706585
2025-05-08 16:30:00+00:00,99317.62257706585
2025-05-08 16:45:00+00:00,99317.62257706585
2025-05-08 17:00:00+00:00,99317.62257706585
2025-05-08 17:15:00+00:00,99317.62257706585
2025-05-08 17:30:00+00:00,99317.62257706585
2025-05-08 17:45:00+00:00,99317.62257706585
2025-05-08 18:00:00+00:00,99317.62257706585
2025-05-08 18:15:00+00:00,99317.62257706585
2025-05-08 18:30:00+00:00,99317.62257706585
2025-05-08 18:45:00+00:00,99317.62257706585
2025-05-08 19:00:00+00:00,99317.62257706585
2025-05-08 19:15:00+00:00,99317.62257706585
2025-05-08 19:30:00+00:00,99317.62257706585
2025-05-08 19:45:00+00:00,99317.62257706585
2025-05-08 20:00:00+00:00,99317.62257706585
2025-05-08 20:15:00+00:00,99317.62257706585
2025-05-08 20:30:00+00:00,99317.62257706585
2025-05-08 20:45:00+00:00,99317.62257706585
2025-05-08 21:00:00+00:00,99317.62257706585
2025-05-08 21:15:00+00:00,99317.62257706585
2025-05-08 21:30:00+00:00,99317.62257706585
2025-05-08 21:45:00+00:00,99317.62257706585
2025-05-08 22:00:00+00:00,99317.62257706585
2025-05-08 22:15:00+00:00,99317.62257706585
2025-05-08 22:30:00+00:00,99317.62257706585
2025-05-08 22:45:00+00:00,99317.62257706585
2025-05-08 23:00:00+00:00,99317.62257706585
2025-05-08 23:15:00+00:00,99317.62257706585
2025-05-08 23:30:00+00:00,99317.62257706585
2025-05-08 23:45:00+00:00,99317.62257706585
2025-05-09 00:00:00+00:00,99317.62257706585
2025-05-09 00:15:00+00:00,99317.62257706585
2025-05-09 00:30:00+00:00,99317.62257706585
2025-05-09 00:45:00+00:00,99317.62257706585
2025-05-09 01:00:00+00:00,99317.62257706585
2025-05-09 01:15:00+00:00,99317.62257706585
2025-05-09 01:30:00+00:00,99317.62257706585
2025-05-09 01:45:00+00:00,99317.62257706585
2025-05-09 02:00:00+00:00,99317.62257706585
2025-05-09 02:15:00+00:00,99317.62257706585
2025-05-09 02:30:00+00:00,99317.62257706585
2025-05-09 02:45:00+00:00,99317.62257706585
2025-05-09 03:00:00+00:00,99317.62257706585
2025-05-09 03:15:00+00:00,99317.62257706585
2025-05-09 03:30:00+00:00,99317.62257706585
2025-05-09 03:45:00+00:00,99317.62257706585
2025-05-09 04:00:00+00:00,99317.62257706585
2025-05-09 04:15:00+00:00,99317.62257706585
2025-05-09 04:30:00+00:00,99317.62257706585
2025-05-09 04:45:00+00:00,99317.62257706585
2025-05-09 05:00:00+00:00,99317.62257706585
2025-05-09 05:15:00+00:00,99317.62257706585
2025-05-09 05:30:00+00:00,99317.62257706585
2025-05-09 05:45:00+00:00,99317.62257706585
2025-05-09 06:00:00+00:00,99317.62257706585
2025-05-09 06:15:00+00:00,99317.62257706585
2025-05-09 06:30:00+00:00,99317.62257706585
2025-05-09 06:45:00+00:00,99317.62257706585
2025-05-09 07:00:00+00:00,99317.62257706585
2025-05-09 07:15:00+00:00,99317.62257706585
2025-05-09 07:30:00+00:00,99317.62257706585
2025-05-09 07:45:00+00:00,99317.62257706585
2025-05-09 08:00:00+00:00,99317.62257706585
2025-05-09 08:15:00+00:00,99317.62257706585
2025-05-09 08:30:00+00:00,99317.62257706585
2025-05-09 08:45:00+00:00,99317.62257706585
2025-05-09 09:00:00+00:00,99317.62257706585
2025-05-09 09:15:00+00:00,99317.62257706585
2025-05-09 09:30:00+00:00,99317.62257706585
2025-05-09 09:45:00+00:00,99317.62257706585
2025-05-09 10:00:00+00:00,99317.62257706585
2025-05-09 10:15:00+00:00,99317.62257706585
2025-05-09 10:30:00+00:00,99317.62257706585
2025-05-09 10:45:00+00:00,99317.62257706585
2025-05-09 11:00:00+00:00,99317.62257706585
2025-05-09 11:15:00+00:00,99317.62257706585
2025-05-09 11:30:00+00:00,99317.62257706585
2025-05-09 11:45:00+00:00,99317.62257706585
2025-05-09 12:00:00+00:00,99317.62257706585
2025-05-09 12:15:00+00:00,99317.62257706585
2025-05-09 12:30:00+00:00,99317.62257706585
2025-05-09 12:45:00+00:00,99317.62257706585
2025-05-09 13:00:00+00:00,99317.62257706585
2025-05-09 13:15:00+00:00,99317.62257706585
2025-05-09 13:30:00+00:00,99317.62257706585
2025-05-09 13:45:00+00:00,99317.62257706585
2025-05-09 14:00:00+00:00,99317.62257706585
2025-05-09 14:15:00+00:00,99317.62257706585
2025-05-09 14:30:00+00:00,99317.62257706585
2025-05-09 14:45:00+00:00,99317.62257706585
2025-05-09 15:00:00+00:00,99317.62257706585
2025-05-09 15:15:00+00:00,99317.62257706585
2025-05-09 15:30:00+00:00,99317.62257706585
2025-05-09 15:45:00+00:00,99317.62257706585
2025-05-09 16:00:00+00:00,99317.62257706585
2025-05-09 16:15:00+00:00,99317.62257706585
2025-05-09 16:30:00+00:00,99317.62257706585
2025-05-09 16:45:00+00:00,99317.62257706585
2025-05-09 17:00:00+00:00,99317.62257706585
2025-05-09 17:15:00+00:00,99317.62257706585
2025-05-09 17:30:00+00:00,99317.62257706585
2025-05-09 17:45:00+00:00,99317.62257706585
2025-05-09 18:00:00+00:00,99317.62257706585
2025-05-09 18:15:00+00:00,99317.62257706585
2025-05-09 18:30:00+00:00,99317.62257706585
2025-05-09 18:45:00+00:00,99317.62257706585
2025-05-09 19:00:00+00:00,99317.62257706585
2025-05-09 19:15:00+00:00,99317.62257706585
2025-05-09 19:30:00+00:00,99317.62257706585
2025-05-09 19:45:00+00:00,99317.62257706585
2025-05-09 20:00:00+00:00,99317.62257706585
2025-05-09 20:15:00+00:00,99317.62257706585
2025-05-09 20:30:00+00:00,99317.62257706585
2025-05-09 20:45:00+00:00,99317.62257706585
2025-05-09 21:00:00+00:00,99317.62257706585
2025-05-09 21:15:00+00:00,99317.62257706585
2025-05-09 21:30:00+00:00,99317.62257706585
2025-05-09 21:45:00+00:00,99317.62257706585
2025-05-09 22:00:00+00:00,99317.62257706585
2025-05-09 22:15:00+00:00,99317.62257706585
2025-05-09 22:30:00+00:00,99317.62257706585
2025-05-09 22:45:00+00:00,99317.62257706585
2025-05-09 23:00:00+00:00,99317.62257706585
2025-05-09 23:15:00+00:00,99317.62257706585
2025-05-09 23:30:00+00:00,99317.62257706585
2025-05-09 23:45:00+00:00,99317.62257706585
2025-05-10 00:00:00+00:00,99317.62257706585
2025-05-10 00:15:00+00:00,99317.62257706585
2025-05-10 00:30:00+00:00,99317.62257706585
2025-05-10 00:45:00+00:00,99317.62257706585
2025-05-10 01:00:00+00:00,99317.62257706585
2025-05-10 01:15:00+00:00,99317.62257706585
2025-05-10 01:30:00+00:00,99317.62257706585
2025-05-10 01:45:00+00:00,99317.62257706585
2025-05-10 02:00:00+00:00,99317.62257706585
2025-05-10 02:15:00+00:00,99317.62257706585
2025-05-10 02:30:00+00:00,99317.62257706585
2025-05-10 02:45:00+00:00,99317.62257706585
2025-05-10 03:00:00+00:00,99317.62257706585
2025-05-10 03:15:00+00:00,99317.62257706585
2025-05-10 03:30:00+00:00,99317.62257706585
2025-05-10 03:45:00+00:00,99317.62257706585
2025-05-10 04:00:00+00:00,99317.62257706585
2025-05-10 04:15:00+00:00,99317.62257706585
2025-05-10 04:30:00+00:00,99317.62257706585
2025-05-10 04:45:00+00:00,99317.62257706585
2025-05-10 05:00:00+00:00,99317.62257706585
2025-05-10 05:15:00+00:00,99317.62257706585
2025-05-10 05:30:00+00:00,99317.62257706585
2025-05-10 05:45:00+00:00,99317.62257706585
2025-05-10 06:00:00+00:00,99317.62257706585
2025-05-10 06:15:00+00:00,99317.62257706585
2025-05-10 06:30:00+00:00,99317.62257706585
2025-05-10 06:45:00+00:00,99317.62257706585
2025-05-10 07:00:00+00:00,99317.62257706585
2025-05-10 07:15:00+00:00,99317.62257706585
2025-05-10 07:30:00+00:00,99317.62257706585
2025-05-10 07:45:00+00:00,99317.62257706585
2025-05-10 08:00:00+00:00,99317.62257706585
2025-05-10 08:15:00+00:00,99317.62257706585
2025-05-10 08:30:00+00:00,99317.62257706585
2025-05-10 08:45:00+00:00,99317.62257706585
2025-05-10 09:00:00+00:00,99317.62257706585
2025-05-10 09:15:00+00:00,99317.62257706585
2025-05-10 09:30:00+00:00,99317.62257706585
2025-05-10 09:45:00+00:00,99317.62257706585
2025-05-10 10:00:00+00:00,99317.62257706585
2025-05-10 10:15:00+00:00,99317.62257706585
2025-05-10 10:30:00+00:00,99317.62257706585
2025-05-10 10:45:00+00:00,99317.62257706585
2025-05-10 11:00:00+00:00,99317.62257706585
2025-05-10 11:15:00+00:00,99317.62257706585
2025-05-10 11:30:00+00:00,99317.62257706585
2025-05-10 11:45:00+00:00,99317.62257706585
2025-05-10 12:00:00+00:00,99317.62257706585
2025-05-10 12:15:00+00:00,99317.62257706585
2025-05-10 12:30:00+00:00,99317.62257706585
2025-05-10 12:45:00+00:00,99317.62257706585
2025-05-10 13:00:00+00:00,99317.62257706585
2025-05-10 13:15:00+00:00,99317.62257706585
2025-05-10 13:30:00+00:00,99317.62257706585
2025-05-10 13:45:00+00:00,99317.62257706585
2025-05-10 14:00:00+00:00,99317.62257706585
2025-05-10 14:15:00+00:00,99317.62257706585
2025-05-10 14:30:00+00:00,99317.62257706585
2025-05-10 14:45:00+00:00,99317.62257706585
2025-05-10 15:00:00+00:00,99317.62257706585
2025-05-10 15:15:00+00:00,99317.62257706585
2025-05-10 15:30:00+00:00,99317.62257706585
2025-05-10 15:45:00+00:00,99317.62257706585
2025-05-10 16:00:00+00:00,99317.62257706585
2025-05-10 16:15:00+00:00,99317.62257706585
2025-05-10 16:30:00+00:00,99317.62257706585
2025-05-10 16:45:00+00:00,99317.62257706585
2025-05-10 17:00:00+00:00,99317.62257706585
2025-05-10 17:15:00+00:00,99317.62257706585
2025-05-10 17:30:00+00:00,99317.62257706585
2025-05-10 17:45:00+00:00,99317.62257706585
2025-05-10 18:00:00+00:00,99317.62257706585
2025-05-10 18:15:00+00:00,99317.62257706585
2025-05-10 18:30:00+00:00,99317.62257706585
2025-05-10 18:45:00+00:00,99317.62257706585
2025-05-10 19:00:00+00:00,99317.62257706585
2025-05-10 19:15:00+00:00,99317.62257706585
2025-05-10 19:30:00+00:00,99317.62257706585
2025-05-10 19:45:00+00:00,99317.62257706585
2025-05-10 20:00:00+00:00,99317.62257706585
2025-05-10 20:15:00+00:00,99317.62257706585
2025-05-10 20:30:00+00:00,99317.62257706585
2025-05-10 20:45:00+00:00,99317.62257706585
2025-05-10 21:00:00+00:00,99317.62257706585
2025-05-10 21:15:00+00:00,99317.62257706585
2025-05-10 21:30:00+00:00,99317.62257706585
2025-05-10 21:45:00+00:00,99317.62257706585
2025-05-10 22:00:00+00:00,99317.62257706585
2025-05-10 22:15:00+00:00,99317.62257706585
2025-05-10 22:30:00+00:00,99317.62257706585
2025-05-10 22:45:00+00:00,99317.62257706585
2025-05-10 23:00:00+00:00,99317.62257706585
2025-05-10 23:15:00+00:00,99317.62257706585
2025-05-10 23:30:00+00:00,99317.62257706585
2025-05-10 23:45:00+00:00,99317.62257706585
2025-05-11 00:00:00+00:00,99317.62257706585
2025-05-11 00:15:00+00:00,99317.62257706585
2025-05-11 00:30:00+00:00,99310.6218946597
2025-05-11 00:45:00+00:00,99298.95592560149
2025-05-11 01:00:00+00:00,99298.95592560149
2025-05-11 01:15:00+00:00,99298.95592560149
2025-05-11 01:30:00+00:00,99298.95592560149
2025-05-11 01:45:00+00:00,99298.95592560149
2025-05-11 02:00:00+00:00,99298.95592560149
2025-05-11 02:15:00+00:00,99298.95592560149
2025-05-11 02:30:00+00:00,99298.95592560149
2025-05-11 02:45:00+00:00,99298.95592560149
2025-05-11 03:00:00+00:00,99298.95592560149
2025-05-11 03:15:00+00:00,99298.95592560149
2025-05-11 03:30:00+00:00,99298.95592560149
2025-05-11 03:45:00+00:00,99298.95592560149
2025-05-11 04:00:00+00:00,99298.95592560149
2025-05-11 04:15:00+00:00,99298.95592560149
2025-05-11 04:30:00+00:00,99298.95592560149
2025-05-11 04:45:00+00:00,99298.95592560149
2025-05-11 05:00:00+00:00,99298.95592560149
2025-05-11 05:15:00+00:00,99298.95592560149
2025-05-11 05:30:00+00:00,99298.95592560149
2025-05-11 05:45:00+00:00,99298.95592560149
2025-05-11 06:00:00+00:00,99298.95592560149
2025-05-11 06:15:00+00:00,99298.95592560149
2025-05-11 06:30:00+00:00,99298.95592560149
2025-05-11 06:45:00+00:00,99298.95592560149
2025-05-11 07:00:00+00:00,99298.95592560149
2025-05-11 07:15:00+00:00,99298.95592560149
2025-05-11 07:30:00+00:00,99298.95592560149
2025-05-11 07:45:00+00:00,99298.95592560149
2025-05-11 08:00:00+00:00,99298.95592560149
2025-05-11 08:15:00+00:00,99298.95592560149
2025-05-11 08:30:00+00:00,99298.95592560149
2025-05-11 08:45:00+00:00,99298.95592560149
2025-05-11 09:00:00+00:00,99298.95592560149
2025-05-11 09:15:00+00:00,99298.95592560149
2025-05-11 09:30:00+00:00,99298.95592560149
2025-05-11 09:45:00+00:00,99298.95592560149
2025-05-11 10:00:00+00:00,99298.95592560149
2025-05-11 10:15:00+00:00,99298.95592560149
2025-05-11 10:30:00+00:00,99298.95592560149
2025-05-11 10:45:00+00:00,99298.95592560149
2025-05-11 11:00:00+00:00,99298.95592560149
2025-05-11 11:15:00+00:00,99298.95592560149
2025-05-11 11:30:00+00:00,99298.95592560149
2025-05-11 11:45:00+00:00,99298.95592560149
2025-05-11 12:00:00+00:00,99298.95592560149
2025-05-11 12:15:00+00:00,99298.95592560149
2025-05-11 12:30:00+00:00,99298.95592560149
2025-05-11 12:45:00+00:00,99298.95592560149
2025-05-11 13:00:00+00:00,99298.95592560149
2025-05-11 13:15:00+00:00,99298.95592560149
2025-05-11 13:30:00+00:00,99298.95592560149
2025-05-11 13:45:00+00:00,99298.95592560149
2025-05-11 14:00:00+00:00,99298.95592560149
2025-05-11 14:15:00+00:00,99298.95592560149
2025-05-11 14:30:00+00:00,99298.95592560149
2025-05-11 14:45:00+00:00,99298.95592560149
2025-05-11 15:00:00+00:00,99298.95592560149
2025-05-11 15:15:00+00:00,99298.95592560149
2025-05-11 15:30:00+00:00,99298.95592560149
2025-05-11 15:45:00+00:00,99298.95592560149
2025-05-11 16:00:00+00:00,99298.95592560149
2025-05-11 16:15:00+00:00,99298.95592560149
2025-05-11 16:30:00+00:00,99298.95592560149
2025-05-11 16:45:00+00:00,99298.95592560149
2025-05-11 17:00:00+00:00,99298.95592560149
2025-05-11 17:15:00+00:00,99298.95592560149
2025-05-11 17:30:00+00:00,99298.95592560149
2025-05-11 17:45:00+00:00,99298.95592560149
2025-05-11 18:00:00+00:00,99298.95592560149
2025-05-11 18:15:00+00:00,99298.95592560149
2025-05-11 18:30:00+00:00,99298.95592560149
2025-05-11 18:45:00+00:00,99298.95592560149
2025-05-11 19:00:00+00:00,99298.95592560149
2025-05-11 19:15:00+00:00,99298.95592560149
2025-05-11 19:30:00+00:00,99298.95592560149
2025-05-11 19:45:00+00:00,99298.95592560149
2025-05-11 20:00:00+00:00,99298.95592560149
2025-05-11 20:15:00+00:00,99298.95592560149
2025-05-11 20:30:00+00:00,99298.95592560149
2025-05-11 20:45:00+00:00,99298.95592560149
2025-05-11 21:00:00+00:00,99298.95592560149
2025-05-11 21:15:00+00:00,99298.95592560149
2025-05-11 21:30:00+00:00,99298.95592560149
2025-05-11 21:45:00+00:00,99298.95592560149
2025-05-11 22:00:00+00:00,99298.95592560149
2025-05-11 22:15:00+00:00,99298.95592560149
2025-05-11 22:30:00+00:00,99298.95592560149
2025-05-11 22:45:00+00:00,99298.95592560149
2025-05-11 23:00:00+00:00,99298.95592560149
2025-05-11 23:15:00+00:00,99298.95592560149
2025-05-11 23:30:00+00:00,99298.95592560149
2025-05-11 23:45:00+00:00,99298.95592560149
2025-05-12 00:00:00+00:00,99298.95592560149
2025-05-12 00:15:00+00:00,99298.95592560149
2025-05-12 00:30:00+00:00,99298.95592560149
2025-05-12 00:45:00+00:00,99298.95592560149
2025-05-12 01:00:00+00:00,99298.95592560149
2025-05-12 01:15:00+00:00,99298.95592560149
2025-05-12 01:30:00+00:00,99298.95592560149
2025-05-12 01:45:00+00:00,99298.95592560149
2025-05-12 02:00:00+00:00,99298.95592560149
2025-05-12 02:15:00+00:00,99298.95592560149
2025-05-12 02:30:00+00:00,99298.95592560149
2025-05-12 02:45:00+00:00,99298.95592560149
2025-05-12 03:00:00+00:00,99298.95592560149
2025-05-12 03:15:00+00:00,99298.95592560149
2025-05-12 03:30:00+00:00,99298.95592560149
2025-05-12 03:45:00+00:00,99298.95592560149
2025-05-12 04:00:00+00:00,99298.95592560149
2025-05-12 04:15:00+00:00,99298.95592560149
2025-05-12 04:30:00+00:00,99298.95592560149
2025-05-12 04:45:00+00:00,99298.95592560149
2025-05-12 05:00:00+00:00,99298.95592560149
2025-05-12 05:15:00+00:00,99298.95592560149
2025-05-12 05:30:00+00:00,99298.95592560149
2025-05-12 05:45:00+00:00,99298.95592560149
2025-05-12 06:00:00+00:00,99298.95592560149
2025-05-12 06:15:00+00:00,99298.95592560149
2025-05-12 06:30:00+00:00,99298.95592560149
2025-05-12 06:45:00+00:00,99298.95592560149
2025-05-12 07:00:00+00:00,99298.95592560149
2025-05-12 07:15:00+00:00,99298.95592560149
2025-05-12 07:30:00+00:00,99298.95592560149
2025-05-12 07:45:00+00:00,99298.95592560149
2025-05-12 08:00:00+00:00,99298.95592560149
2025-05-12 08:15:00+00:00,99298.95592560149
2025-05-12 08:30:00+00:00,99298.95592560149
2025-05-12 08:45:00+00:00,99298.95592560149
2025-05-12 09:00:00+00:00,99298.95592560149
2025-05-12 09:15:00+00:00,99298.95592560149
2025-05-12 09:30:00+00:00,99298.95592560149
2025-05-12 09:45:00+00:00,99298.95592560149
2025-05-12 10:00:00+00:00,99298.95592560149
2025-05-12 10:15:00+00:00,99298.95592560149
2025-05-12 10:30:00+00:00,99298.95592560149
2025-05-12 10:45:00+00:00,99298.95592560149
2025-05-12 11:00:00+00:00,99298.95592560149
2025-05-12 11:15:00+00:00,99298.95592560149
2025-05-12 11:30:00+00:00,99298.95592560149
2025-05-12 11:45:00+00:00,99298.95592560149
2025-05-12 12:00:00+00:00,99298.95592560149
2025-05-12 12:15:00+00:00,99298.95592560149
2025-05-12 12:30:00+00:00,99298.95592560149
2025-05-12 12:45:00+00:00,99298.95592560149
2025-05-12 13:00:00+00:00,99298.95592560149
2025-05-12 13:15:00+00:00,99298.95592560149
2025-05-12 13:30:00+00:00,99298.95592560149
2025-05-12 13:45:00+00:00,99298.95592560149
2025-05-12 14:00:00+00:00,99298.95592560149
2025-05-12 14:15:00+00:00,99298.95592560149
2025-05-12 14:30:00+00:00,99298.95592560149
2025-05-12 14:45:00+00:00,99298.95592560149
2025-05-12 15:00:00+00:00,99298.95592560149
2025-05-12 15:15:00+00:00,99298.95592560149
2025-05-12 15:30:00+00:00,99298.95592560149
2025-05-12 15:45:00+00:00,99298.95592560149
2025-05-12 16:00:00+00:00,99298.95592560149
2025-05-12 16:15:00+00:00,99301.623812547
2025-05-12 16:30:00+00:00,99300.4529815809
2025-05-12 16:45:00+00:00,99299.77107192643
2025-05-12 17:00:00+00:00,99301.85566500424
2025-05-12 17:15:00+00:00,99300.70771638228
2025-05-12 17:30:00+00:00,99298.55899613912
2025-05-12 17:45:00+00:00,99295.4289398399
2025-05-12 18:00:00+00:00,99278.87219861533
2025-05-12 18:15:00+00:00,99278.87219861533
2025-05-12 18:30:00+00:00,99278.87219861533
2025-05-12 18:45:00+00:00,99278.87219861533
2025-05-12 19:00:00+00:00,99278.87219861533
2025-05-12 19:15:00+00:00,99278.87219861533
2025-05-12 19:30:00+00:00,99278.87219861533
2025-05-12 19:45:00+00:00,99278.87219861533
2025-05-12 20:00:00+00:00,99278.87219861533
2025-05-12 20:15:00+00:00,99278.87219861533
2025-05-12 20:30:00+00:00,99278.87219861533
2025-05-12 20:45:00+00:00,99278.87219861533
2025-05-12 21:00:00+00:00,99278.87219861533
2025-05-12 21:15:00+00:00,99278.87219861533
2025-05-12 21:30:00+00:00,99278.87219861533
2025-05-12 21:45:00+00:00,99278.87219861533
2025-05-12 22:00:00+00:00,99278.87219861533
2025-05-12 22:15:00+00:00,99278.87219861533
2025-05-12 22:30:00+00:00,99278.87219861533
2025-05-12 22:45:00+00:00,99278.87219861533
2025-05-12 23:00:00+00:00,99278.87219861533
2025-05-12 23:15:00+00:00,99278.87219861533
2025-05-12 23:30:00+00:00,99278.87219861533
2025-05-12 23:45:00+00:00,99278.87219861533
2025-05-13 00:00:00+00:00,99278.87219861533
2025-05-13 00:15:00+00:00,99278.87219861533
2025-05-13 00:30:00+00:00,99278.87219861533
2025-05-13 00:45:00+00:00,99278.87219861533
2025-05-13 01:00:00+00:00,99278.87219861533
2025-05-13 01:15:00+00:00,99278.87219861533
2025-05-13 01:30:00+00:00,99278.87219861533
2025-05-13 01:45:00+00:00,99278.87219861533
2025-05-13 02:00:00+00:00,99278.87219861533
2025-05-13 02:15:00+00:00,99278.87219861533
2025-05-13 02:30:00+00:00,99278.87219861533
2025-05-13 02:45:00+00:00,99278.87219861533
2025-05-13 03:00:00+00:00,99278.87219861533
2025-05-13 03:15:00+00:00,99278.87219861533
2025-05-13 03:30:00+00:00,99278.87219861533
2025-05-13 03:45:00+00:00,99278.87219861533
2025-05-13 04:00:00+00:00,99278.87219861533
2025-05-13 04:15:00+00:00,99278.87219861533
2025-05-13 04:30:00+00:00,99278.87219861533
2025-05-13 04:45:00+00:00,99278.87219861533
2025-05-13 05:00:00+00:00,99278.87219861533
2025-05-13 05:15:00+00:00,99278.87219861533
2025-05-13 05:30:00+00:00,99278.87219861533
2025-05-13 05:45:00+00:00,99278.87219861533
2025-05-13 06:00:00+00:00,99278.87219861533
2025-05-13 06:15:00+00:00,99278.87219861533
2025-05-13 06:30:00+00:00,99278.87219861533
2025-05-13 06:45:00+00:00,99278.87219861533
2025-05-13 07:00:00+00:00,99278.87219861533
2025-05-13 07:15:00+00:00,99278.87219861533
2025-05-13 07:30:00+00:00,99278.87219861533
2025-05-13 07:45:00+00:00,99278.87219861533
2025-05-13 08:00:00+00:00,99278.87219861533
2025-05-13 08:15:00+00:00,99278.87219861533
2025-05-13 08:30:00+00:00,99278.87219861533
2025-05-13 08:45:00+00:00,99278.87219861533
2025-05-13 09:00:00+00:00,99278.87219861533
2025-05-13 09:15:00+00:00,99278.87219861533
2025-05-13 09:30:00+00:00,99278.87219861533
2025-05-13 09:45:00+00:00,99278.87219861533
2025-05-13 10:00:00+00:00,99278.87219861533
2025-05-13 10:15:00+00:00,99278.87219861533
2025-05-13 10:30:00+00:00,99278.87219861533
2025-05-13 10:45:00+00:00,99278.87219861533
2025-05-13 11:00:00+00:00,99278.87219861533
2025-05-13 11:15:00+00:00,99278.87219861533
2025-05-13 11:30:00+00:00,99278.87219861533
2025-05-13 11:45:00+00:00,99278.87219861533
2025-05-13 12:00:00+00:00,99278.87219861533
2025-05-13 12:15:00+00:00,99278.87219861533
2025-05-13 12:30:00+00:00,99278.87219861533
2025-05-13 12:45:00+00:00,99278.87219861533
2025-05-13 13:00:00+00:00,99278.87219861533
2025-05-13 13:15:00+00:00,99278.87219861533
2025-05-13 13:30:00+00:00,99278.87219861533
2025-05-13 13:45:00+00:00,99278.87219861533
2025-05-13 14:00:00+00:00,99278.87219861533
2025-05-13 14:15:00+00:00,99278.87219861533
2025-05-13 14:30:00+00:00,99278.87219861533
2025-05-13 14:45:00+00:00,99278.87219861533
2025-05-13 15:00:00+00:00,99278.87219861533
2025-05-13 15:15:00+00:00,99278.87219861533
2025-05-13 15:30:00+00:00,99278.87219861533
2025-05-13 15:45:00+00:00,99278.87219861533
2025-05-13 16:00:00+00:00,99278.87219861533
2025-05-13 16:15:00+00:00,99278.87219861533
2025-05-13 16:30:00+00:00,99278.87219861533
2025-05-13 16:45:00+00:00,99278.87219861533
2025-05-13 17:00:00+00:00,99278.87219861533
2025-05-13 17:15:00+00:00,99278.87219861533
2025-05-13 17:30:00+00:00,99278.87219861533
2025-05-13 17:45:00+00:00,99278.87219861533
2025-05-13 18:00:00+00:00,99278.87219861533
2025-05-13 18:15:00+00:00,99278.87219861533
2025-05-13 18:30:00+00:00,99278.87219861533
2025-05-13 18:45:00+00:00,99278.87219861533
2025-05-13 19:00:00+00:00,99278.87219861533
2025-05-13 19:15:00+00:00,99278.87219861533
2025-05-13 19:30:00+00:00,99278.87219861533
2025-05-13 19:45:00+00:00,99278.87219861533
2025-05-13 20:00:00+00:00,99278.87219861533
2025-05-13 20:15:00+00:00,99278.87219861533
2025-05-13 20:30:00+00:00,99278.87219861533
2025-05-13 20:45:00+00:00,99278.87219861533
2025-05-13 21:00:00+00:00,99278.87219861533
2025-05-13 21:15:00+00:00,99278.87219861533
2025-05-13 21:30:00+00:00,99278.87219861533
2025-05-13 21:45:00+00:00,99278.87219861533
2025-05-13 22:00:00+00:00,99278.87219861533
2025-05-13 22:15:00+00:00,99278.87219861533
2025-05-13 22:30:00+00:00,99278.87219861533
2025-05-13 22:45:00+00:00,99278.87219861533
2025-05-13 23:00:00+00:00,99278.87219861533
2025-05-13 23:15:00+00:00,99278.87219861533
2025-05-13 23:30:00+00:00,99278.87219861533
2025-05-13 23:45:00+00:00,99278.87219861533
2025-05-14 00:00:00+00:00,99278.87219861533
2025-05-14 00:15:00+00:00,99278.87219861533
2025-05-14 00:30:00+00:00,99278.87219861533
2025-05-14 00:45:00+00:00,99278.87219861533
2025-05-14 01:00:00+00:00,99278.87219861533
2025-05-14 01:15:00+00:00,99278.87219861533
2025-05-14 01:30:00+00:00,99278.87219861533
2025-05-14 01:45:00+00:00,99278.87219861533
2025-05-14 02:00:00+00:00,99278.87219861533
2025-05-14 02:15:00+00:00,99278.87219861533
2025-05-14 02:30:00+00:00,99278.87219861533
2025-05-14 02:45:00+00:00,99278.87219861533
2025-05-14 03:00:00+00:00,99278.87219861533
2025-05-14 03:15:00+00:00,99278.87219861533
2025-05-14 03:30:00+00:00,99278.87219861533
2025-05-14 03:45:00+00:00,99278.87219861533
2025-05-14 04:00:00+00:00,99278.87219861533
2025-05-14 04:15:00+00:00,99278.87219861533
2025-05-14 04:30:00+00:00,99278.87219861533
2025-05-14 04:45:00+00:00,99278.87219861533
2025-05-14 05:00:00+00:00,99278.87219861533
2025-05-14 05:15:00+00:00,99278.87219861533
2025-05-14 05:30:00+00:00,99278.87219861533
2025-05-14 05:45:00+00:00,99278.87219861533
2025-05-14 06:00:00+00:00,99278.87219861533
2025-05-14 06:15:00+00:00,99278.87219861533
2025-05-14 06:30:00+00:00,99278.87219861533
2025-05-14 06:45:00+00:00,99278.87219861533
2025-05-14 07:00:00+00:00,99278.87219861533
2025-05-14 07:15:00+00:00,99278.87219861533
2025-05-14 07:30:00+00:00,99278.87219861533
2025-05-14 07:45:00+00:00,99278.87219861533
2025-05-14 08:00:00+00:00,99278.87219861533
2025-05-14 08:15:00+00:00,99278.87219861533
2025-05-14 08:30:00+00:00,99278.87219861533
2025-05-14 08:45:00+00:00,99278.87219861533
2025-05-14 09:00:00+00:00,99278.87219861533
2025-05-14 09:15:00+00:00,99278.87219861533
2025-05-14 09:30:00+00:00,99278.87219861533
2025-05-14 09:45:00+00:00,99278.87219861533
2025-05-14 10:00:00+00:00,99278.87219861533
2025-05-14 10:15:00+00:00,99278.87219861533
2025-05-14 10:30:00+00:00,99278.87219861533
2025-05-14 10:45:00+00:00,99278.87219861533
2025-05-14 11:00:00+00:00,99278.87219861533
2025-05-14 11:15:00+00:00,99278.87219861533
2025-05-14 11:30:00+00:00,99278.87219861533
2025-05-14 11:45:00+00:00,99278.87219861533
2025-05-14 12:00:00+00:00,99278.87219861533
2025-05-14 12:15:00+00:00,99278.87219861533
2025-05-14 12:30:00+00:00,99278.87219861533
2025-05-14 12:45:00+00:00,99278.87219861533
2025-05-14 13:00:00+00:00,99278.87219861533
2025-05-14 13:15:00+00:00,99278.87219861533
2025-05-14 13:30:00+00:00,99278.87219861533
2025-05-14 13:45:00+00:00,99278.87219861533
2025-05-14 14:00:00+00:00,99278.87219861533
2025-05-14 14:15:00+00:00,99278.87219861533
2025-05-14 14:30:00+00:00,99278.87219861533
2025-05-14 14:45:00+00:00,99278.87219861533
2025-05-14 15:00:00+00:00,99278.87219861533
2025-05-14 15:15:00+00:00,99278.87219861533
2025-05-14 15:30:00+00:00,99278.87219861533
2025-05-14 15:45:00+00:00,99278.87219861533
2025-05-14 16:00:00+00:00,99278.87219861533
2025-05-14 16:15:00+00:00,99278.87219861533
2025-05-14 16:30:00+00:00,99278.87219861533
2025-05-14 16:45:00+00:00,99278.87219861533
2025-05-14 17:00:00+00:00,99278.87219861533
2025-05-14 17:15:00+00:00,99278.87219861533
2025-05-14 17:30:00+00:00,99278.87219861533
2025-05-14 17:45:00+00:00,99278.87219861533
2025-05-14 18:00:00+00:00,99278.87219861533
2025-05-14 18:15:00+00:00,99278.87219861533
2025-05-14 18:30:00+00:00,99278.87219861533
2025-05-14 18:45:00+00:00,99278.87219861533
2025-05-14 19:00:00+00:00,99278.87219861533
2025-05-14 19:15:00+00:00,99278.87219861533
2025-05-14 19:30:00+00:00,99278.87219861533
2025-05-14 19:45:00+00:00,99278.87219861533
2025-05-14 20:00:00+00:00,99278.87219861533
2025-05-14 20:15:00+00:00,99278.87219861533
2025-05-14 20:30:00+00:00,99278.87219861533
2025-05-14 20:45:00+00:00,99278.87219861533
2025-05-14 21:00:00+00:00,99278.87219861533
2025-05-14 21:15:00+00:00,99278.87219861533
2025-05-14 21:30:00+00:00,99278.87219861533
2025-05-14 21:45:00+00:00,99278.87219861533
2025-05-14 22:00:00+00:00,99278.87219861533
2025-05-14 22:15:00+00:00,99278.87219861533
2025-05-14 22:30:00+00:00,99278.87219861533
2025-05-14 22:45:00+00:00,99278.87219861533
2025-05-14 23:00:00+00:00,99278.87219861533
2025-05-14 23:15:00+00:00,99278.87219861533
2025-05-14 23:30:00+00:00,99278.87219861533
2025-05-14 23:45:00+00:00,99278.87219861533
2025-05-15 00:00:00+00:00,99278.87219861533
2025-05-15 00:15:00+00:00,99278.87219861533
2025-05-15 00:30:00+00:00,99278.87219861533
2025-05-15 00:45:00+00:00,99278.87219861533
2025-05-15 01:00:00+00:00,99278.87219861533
2025-05-15 01:15:00+00:00,99278.87219861533
2025-05-15 01:30:00+00:00,99278.87219861533
2025-05-15 01:45:00+00:00,99278.87219861533
2025-05-15 02:00:00+00:00,99278.87219861533
2025-05-15 02:15:00+00:00,99278.87219861533
2025-05-15 02:30:00+00:00,99278.87219861533
2025-05-15 02:45:00+00:00,99278.87219861533
2025-05-15 03:00:00+00:00,99278.87219861533
2025-05-15 03:15:00+00:00,99278.87219861533
2025-05-15 03:30:00+00:00,99278.87219861533
2025-05-15 03:45:00+00:00,99278.87219861533
2025-05-15 04:00:00+00:00,99278.87219861533
2025-05-15 04:15:00+00:00,99278.87219861533
2025-05-15 04:30:00+00:00,99278.87219861533
2025-05-15 04:45:00+00:00,99278.87219861533
2025-05-15 05:00:00+00:00,99278.87219861533
2025-05-15 05:15:00+00:00,99278.87219861533
2025-05-15 05:30:00+00:00,99278.87219861533
2025-05-15 05:45:00+00:00,99278.87219861533
2025-05-15 06:00:00+00:00,99278.87219861533
2025-05-15 06:15:00+00:00,99278.87219861533
2025-05-15 06:30:00+00:00,99278.87219861533
2025-05-15 06:45:00+00:00,99278.87219861533
2025-05-15 07:00:00+00:00,99278.87219861533
2025-05-15 07:15:00+00:00,99278.87219861533
2025-05-15 07:30:00+00:00,99278.87219861533
2025-05-15 07:45:00+00:00,99278.87219861533
2025-05-15 08:00:00+00:00,99278.87219861533
2025-05-15 08:15:00+00:00,99278.87219861533
2025-05-15 08:30:00+00:00,99278.87219861533
2025-05-15 08:45:00+00:00,99278.87219861533
2025-05-15 09:00:00+00:00,99278.87219861533
2025-05-15 09:15:00+00:00,99278.87219861533
2025-05-15 09:30:00+00:00,99278.87219861533
2025-05-15 09:45:00+00:00,99278.87219861533
2025-05-15 10:00:00+00:00,99278.87219861533
2025-05-15 10:15:00+00:00,99278.87219861533
2025-05-15 10:30:00+00:00,99278.87219861533
2025-05-15 10:45:00+00:00,99278.87219861533
2025-05-15 11:00:00+00:00,99278.87219861533
2025-05-15 11:15:00+00:00,99278.87219861533
2025-05-15 11:30:00+00:00,99278.87219861533
2025-05-15 11:45:00+00:00,99278.87219861533
2025-05-15 12:00:00+00:00,99278.87219861533
2025-05-15 12:15:00+00:00,99278.87219861533
2025-05-15 12:30:00+00:00,99278.87219861533
2025-05-15 12:45:00+00:00,99278.87219861533
2025-05-15 13:00:00+00:00,99278.87219861533
2025-05-15 13:15:00+00:00,99278.87219861533
2025-05-15 13:30:00+00:00,99278.87219861533
2025-05-15 13:45:00+00:00,99278.87219861533
2025-05-15 14:00:00+00:00,99278.87219861533
2025-05-15 14:15:00+00:00,99278.87219861533
2025-05-15 14:30:00+00:00,99278.87219861533
2025-05-15 14:45:00+00:00,99278.87219861533
2025-05-15 15:00:00+00:00,99278.87219861533
2025-05-15 15:15:00+00:00,99278.87219861533
2025-05-15 15:30:00+00:00,99278.87219861533
2025-05-15 15:45:00+00:00,99278.87219861533
2025-05-15 16:00:00+00:00,99278.87219861533
2025-05-15 16:15:00+00:00,99278.87219861533
2025-05-15 16:30:00+00:00,99278.87219861533
2025-05-15 16:45:00+00:00,99278.87219861533
2025-05-15 17:00:00+00:00,99278.87219861533
2025-05-15 17:15:00+00:00,99278.87219861533
2025-05-15 17:30:00+00:00,99278.87219861533
2025-05-15 17:45:00+00:00,99278.87219861533
2025-05-15 18:00:00+00:00,99278.87219861533
2025-05-15 18:15:00+00:00,99278.87219861533
2025-05-15 18:30:00+00:00,99278.87219861533
2025-05-15 18:45:00+00:00,99278.87219861533
2025-05-15 19:00:00+00:00,99278.87219861533
2025-05-15 19:15:00+00:00,99278.87219861533
2025-05-15 19:30:00+00:00,99278.87219861533
2025-05-15 19:45:00+00:00,99278.87219861533
2025-05-15 20:00:00+00:00,99278.87219861533
2025-05-15 20:15:00+00:00,99278.87219861533
2025-05-15 20:30:00+00:00,99278.87219861533
2025-05-15 20:45:00+00:00,99278.87219861533
2025-05-15 21:00:00+00:00,99278.87219861533
2025-05-15 21:15:00+00:00,99278.87219861533
2025-05-15 21:30:00+00:00,99278.87219861533
2025-05-15 21:45:00+00:00,99278.87219861533
2025-05-15 22:00:00+00:00,99278.87219861533
2025-05-15 22:15:00+00:00,99278.87219861533
2025-05-15 22:30:00+00:00,99278.87219861533
2025-05-15 22:45:00+00:00,99278.87219861533
2025-05-15 23:00:00+00:00,99278.87219861533
2025-05-15 23:15:00+00:00,99278.87219861533
2025-05-15 23:30:00+00:00,99278.87219861533
2025-05-15 23:45:00+00:00,99278.87219861533
2025-05-16 00:00:00+00:00,99278.87219861533
2025-05-16 00:15:00+00:00,99278.87219861533
2025-05-16 00:30:00+00:00,99278.87219861533
2025-05-16 00:45:00+00:00,99278.87219861533
2025-05-16 01:00:00+00:00,99278.87219861533
2025-05-16 01:15:00+00:00,99278.87219861533
2025-05-16 01:30:00+00:00,99278.87219861533
2025-05-16 01:45:00+00:00,99278.87219861533
2025-05-16 02:00:00+00:00,99278.87219861533
2025-05-16 02:15:00+00:00,99278.87219861533
2025-05-16 02:30:00+00:00,99278.87219861533
2025-05-16 02:45:00+00:00,99278.87219861533
2025-05-16 03:00:00+00:00,99278.87219861533
2025-05-16 03:15:00+00:00,99278.87219861533
2025-05-16 03:30:00+00:00,99278.87219861533
2025-05-16 03:45:00+00:00,99278.87219861533
2025-05-16 04:00:00+00:00,99278.87219861533
2025-05-16 04:15:00+00:00,99278.87219861533
2025-05-16 04:30:00+00:00,99278.87219861533
2025-05-16 04:45:00+00:00,99278.87219861533
2025-05-16 05:00:00+00:00,99278.87219861533
2025-05-16 05:15:00+00:00,99278.87219861533
2025-05-16 05:30:00+00:00,99278.87219861533
2025-05-16 05:45:00+00:00,99278.87219861533
2025-05-16 06:00:00+00:00,99278.87219861533
2025-05-16 06:15:00+00:00,99278.87219861533
2025-05-16 06:30:00+00:00,99278.87219861533
2025-05-16 06:45:00+00:00,99278.87219861533
2025-05-16 07:00:00+00:00,99278.87219861533
2025-05-16 07:15:00+00:00,99278.87219861533
2025-05-16 07:30:00+00:00,99278.87219861533
2025-05-16 07:45:00+00:00,99278.87219861533
2025-05-16 08:00:00+00:00,99278.87219861533
2025-05-16 08:15:00+00:00,99278.87219861533
2025-05-16 08:30:00+00:00,99278.87219861533
2025-05-16 08:45:00+00:00,99278.87219861533
2025-05-16 09:00:00+00:00,99278.87219861533
2025-05-16 09:15:00+00:00,99278.87219861533
2025-05-16 09:30:00+00:00,99278.87219861533
2025-05-16 09:45:00+00:00,99278.87219861533
2025-05-16 10:00:00+00:00,99278.87219861533
2025-05-16 10:15:00+00:00,99278.87219861533
2025-05-16 10:30:00+00:00,99278.87219861533
2025-05-16 10:45:00+00:00,99278.87219861533
2025-05-16 11:00:00+00:00,99278.87219861533
2025-05-16 11:15:00+00:00,99278.87219861533
2025-05-16 11:30:00+00:00,99278.87219861533
2025-05-16 11:45:00+00:00,99278.87219861533
2025-05-16 12:00:00+00:00,99278.87219861533
2025-05-16 12:15:00+00:00,99278.87219861533
2025-05-16 12:30:00+00:00,99278.87219861533
2025-05-16 12:45:00+00:00,99278.87219861533
2025-05-16 13:00:00+00:00,99278.87219861533
2025-05-16 13:15:00+00:00,99278.87219861533
2025-05-16 13:30:00+00:00,99278.87219861533
2025-05-16 13:45:00+00:00,99278.87219861533
2025-05-16 14:00:00+00:00,99278.87219861533
2025-05-16 14:15:00+00:00,99278.87219861533
2025-05-16 14:30:00+00:00,99278.87219861533
2025-05-16 14:45:00+00:00,99278.87219861533
2025-05-16 15:00:00+00:00,99278.87219861533
2025-05-16 15:15:00+00:00,99278.87219861533
2025-05-16 15:30:00+00:00,99278.87219861533
2025-05-16 15:45:00+00:00,99278.87219861533
2025-05-16 16:00:00+00:00,99278.87219861533
2025-05-16 16:15:00+00:00,99278.87219861533
2025-05-16 16:30:00+00:00,99278.87219861533
2025-05-16 16:45:00+00:00,99278.87219861533
2025-05-16 17:00:00+00:00,99278.87219861533
2025-05-16 17:15:00+00:00,99278.87219861533
2025-05-16 17:30:00+00:00,99278.87219861533
2025-05-16 17:45:00+00:00,99278.87219861533
2025-05-16 18:00:00+00:00,99278.87219861533
2025-05-16 18:15:00+00:00,99278.87219861533
2025-05-16 18:30:00+00:00,99278.87219861533
2025-05-16 18:45:00+00:00,99278.87219861533
2025-05-16 19:00:00+00:00,99278.87219861533
2025-05-16 19:15:00+00:00,99278.87219861533
2025-05-16 19:30:00+00:00,99278.87219861533
2025-05-16 19:45:00+00:00,99278.87219861533
2025-05-16 20:00:00+00:00,99278.87219861533
2025-05-16 20:15:00+00:00,99278.87219861533
2025-05-16 20:30:00+00:00,99278.87219861533
2025-05-16 20:45:00+00:00,99278.87219861533
2025-05-16 21:00:00+00:00,99278.87219861533
2025-05-16 21:15:00+00:00,99278.87219861533
2025-05-16 21:30:00+00:00,99278.87219861533
2025-05-16 21:45:00+00:00,99278.87219861533
2025-05-16 22:00:00+00:00,99278.87219861533
2025-05-16 22:15:00+00:00,99278.87219861533
2025-05-16 22:30:00+00:00,99278.87219861533
2025-05-16 22:45:00+00:00,99278.87219861533
2025-05-16 23:00:00+00:00,99278.87219861533
2025-05-16 23:15:00+00:00,99278.87219861533
2025-05-16 23:30:00+00:00,99278.87219861533
2025-05-16 23:45:00+00:00,99278.87219861533
2025-05-17 00:00:00+00:00,99278.87219861533
2025-05-17 00:15:00+00:00,99278.87219861533
2025-05-17 00:30:00+00:00,99278.87219861533
2025-05-17 00:45:00+00:00,99278.87219861533
2025-05-17 01:00:00+00:00,99278.87219861533
2025-05-17 01:15:00+00:00,99278.87219861533
2025-05-17 01:30:00+00:00,99278.87219861533
2025-05-17 01:45:00+00:00,99278.87219861533
2025-05-17 02:00:00+00:00,99278.87219861533
2025-05-17 02:15:00+00:00,99278.87219861533
2025-05-17 02:30:00+00:00,99278.87219861533
2025-05-17 02:45:00+00:00,99278.87219861533
2025-05-17 03:00:00+00:00,99278.87219861533
2025-05-17 03:15:00+00:00,99278.87219861533
2025-05-17 03:30:00+00:00,99278.87219861533
2025-05-17 03:45:00+00:00,99278.87219861533
2025-05-17 04:00:00+00:00,99278.87219861533
2025-05-17 04:15:00+00:00,99278.87219861533
2025-05-17 04:30:00+00:00,99278.87219861533
2025-05-17 04:45:00+00:00,99278.87219861533
2025-05-17 05:00:00+00:00,99278.87219861533
2025-05-17 05:15:00+00:00,99278.87219861533
2025-05-17 05:30:00+00:00,99278.87219861533
2025-05-17 05:45:00+00:00,99278.87219861533
2025-05-17 06:00:00+00:00,99278.87219861533
2025-05-17 06:15:00+00:00,99278.87219861533
2025-05-17 06:30:00+00:00,99278.87219861533
2025-05-17 06:45:00+00:00,99278.87219861533
2025-05-17 07:00:00+00:00,99278.87219861533
2025-05-17 07:15:00+00:00,99278.87219861533
2025-05-17 07:30:00+00:00,99278.87219861533
2025-05-17 07:45:00+00:00,99278.87219861533
2025-05-17 08:00:00+00:00,99278.87219861533
2025-05-17 08:15:00+00:00,99278.87219861533
2025-05-17 08:30:00+00:00,99278.87219861533
2025-05-17 08:45:00+00:00,99278.87219861533
2025-05-17 09:00:00+00:00,99278.87219861533
2025-05-17 09:15:00+00:00,99278.87219861533
2025-05-17 09:30:00+00:00,99278.87219861533
2025-05-17 09:45:00+00:00,99278.87219861533
2025-05-17 10:00:00+00:00,99278.87219861533
2025-05-17 10:15:00+00:00,99278.87219861533
2025-05-17 10:30:00+00:00,99278.87219861533
2025-05-17 10:45:00+00:00,99278.87219861533
2025-05-17 11:00:00+00:00,99278.87219861533
2025-05-17 11:15:00+00:00,99278.87219861533
2025-05-17 11:30:00+00:00,99278.87219861533
2025-05-17 11:45:00+00:00,99278.87219861533
2025-05-17 12:00:00+00:00,99278.87219861533
2025-05-17 12:15:00+00:00,99278.87219861533
2025-05-17 12:30:00+00:00,99278.87219861533
2025-05-17 12:45:00+00:00,99278.87219861533
2025-05-17 13:00:00+00:00,99278.87219861533
2025-05-17 13:15:00+00:00,99278.87219861533
2025-05-17 13:30:00+00:00,99278.87219861533
2025-05-17 13:45:00+00:00,99278.87219861533
2025-05-17 14:00:00+00:00,99278.87219861533
2025-05-17 14:15:00+00:00,99278.87219861533
2025-05-17 14:30:00+00:00,99278.87219861533
2025-05-17 14:45:00+00:00,99278.87219861533
2025-05-17 15:00:00+00:00,99278.87219861533
2025-05-17 15:15:00+00:00,99278.87219861533
2025-05-17 15:30:00+00:00,99278.87219861533
2025-05-17 15:45:00+00:00,99278.87219861533
2025-05-17 16:00:00+00:00,99278.87219861533
2025-05-17 16:15:00+00:00,99278.87219861533
2025-05-17 16:30:00+00:00,99278.87219861533
2025-05-17 16:45:00+00:00,99278.87219861533
2025-05-17 17:00:00+00:00,99278.87219861533
2025-05-17 17:15:00+00:00,99278.87219861533
2025-05-17 17:30:00+00:00,99278.87219861533
2025-05-17 17:45:00+00:00,99278.87219861533
2025-05-17 18:00:00+00:00,99278.87219861533
2025-05-17 18:15:00+00:00,99278.87219861533
2025-05-17 18:30:00+00:00,99278.87219861533
2025-05-17 18:45:00+00:00,99278.87219861533
2025-05-17 19:00:00+00:00,99278.87219861533
2025-05-17 19:15:00+00:00,99278.87219861533
2025-05-17 19:30:00+00:00,99278.87219861533
2025-05-17 19:45:00+00:00,99278.87219861533
2025-05-17 20:00:00+00:00,99278.87219861533
2025-05-17 20:15:00+00:00,99278.87219861533
2025-05-17 20:30:00+00:00,99278.87219861533
2025-05-17 20:45:00+00:00,99278.87219861533
2025-05-17 21:00:00+00:00,99278.87219861533
2025-05-17 21:15:00+00:00,99278.87219861533
2025-05-17 21:30:00+00:00,99278.87219861533
2025-05-17 21:45:00+00:00,99278.87219861533
2025-05-17 22:00:00+00:00,99278.87219861533
2025-05-17 22:15:00+00:00,99278.87219861533
2025-05-17 22:30:00+00:00,99278.87219861533
2025-05-17 22:45:00+00:00,99278.87219861533
2025-05-17 23:00:00+00:00,99278.87219861533
2025-05-17 23:15:00+00:00,99278.87219861533
2025-05-17 23:30:00+00:00,99278.87219861533
2025-05-17 23:45:00+00:00,99278.87219861533
2025-05-18 00:00:00+00:00,99278.87219861533
2025-05-18 00:15:00+00:00,99278.87219861533
2025-05-18 00:30:00+00:00,99278.87219861533
2025-05-18 00:45:00+00:00,99278.87219861533
2025-05-18 01:00:00+00:00,99278.87219861533
2025-05-18 01:15:00+00:00,99278.87219861533
2025-05-18 01:30:00+00:00,99278.87219861533
2025-05-18 01:45:00+00:00,99278.87219861533
2025-05-18 02:00:00+00:00,99278.87219861533
2025-05-18 02:15:00+00:00,99278.87219861533
2025-05-18 02:30:00+00:00,99278.87219861533
2025-05-18 02:45:00+00:00,99278.87219861533
2025-05-18 03:00:00+00:00,99278.87219861533
2025-05-18 03:15:00+00:00,99278.87219861533
2025-05-18 03:30:00+00:00,99278.87219861533
2025-05-18 03:45:00+00:00,99278.87219861533
2025-05-18 04:00:00+00:00,99278.87219861533
2025-05-18 04:15:00+00:00,99278.85821603156
2025-05-18 04:30:00+00:00,99277.33427307464
2025-05-18 04:45:00+00:00,99278.18833352234
2025-05-18 05:00:00+00:00,99277.34573453458
2025-05-18 05:15:00+00:00,99270.88756827706
2025-05-18 05:30:00+00:00,99270.88756827706
2025-05-18 05:45:00+00:00,99270.88756827706
2025-05-18 06:00:00+00:00,99270.88756827706
2025-05-18 06:15:00+00:00,99270.88756827706
2025-05-18 06:30:00+00:00,99270.88756827706
2025-05-18 06:45:00+00:00,99270.88756827706
2025-05-18 07:00:00+00:00,99270.88756827706
2025-05-18 07:15:00+00:00,99270.88756827706
2025-05-18 07:30:00+00:00,99270.88756827706
2025-05-18 07:45:00+00:00,99270.88756827706
2025-05-18 08:00:00+00:00,99270.88756827706
2025-05-18 08:15:00+00:00,99270.88756827706
2025-05-18 08:30:00+00:00,99270.88756827706
2025-05-18 08:45:00+00:00,99270.88756827706
2025-05-18 09:00:00+00:00,99270.88756827706
2025-05-18 09:15:00+00:00,99270.88756827706
2025-05-18 09:30:00+00:00,99270.88756827706
2025-05-18 09:45:00+00:00,99270.88756827706
2025-05-18 10:00:00+00:00,99270.88756827706
2025-05-18 10:15:00+00:00,99270.88756827706
2025-05-18 10:30:00+00:00,99270.88756827706
2025-05-18 10:45:00+00:00,99270.88756827706
2025-05-18 11:00:00+00:00,99270.88756827706
2025-05-18 11:15:00+00:00,99270.88756827706
2025-05-18 11:30:00+00:00,99270.88756827706
2025-05-18 11:45:00+00:00,99270.88756827706
2025-05-18 12:00:00+00:00,99270.88756827706
2025-05-18 12:15:00+00:00,99270.88756827706
2025-05-18 12:30:00+00:00,99270.88756827706
2025-05-18 12:45:00+00:00,99270.88756827706
2025-05-18 13:00:00+00:00,99270.88756827706
2025-05-18 13:15:00+00:00,99270.88756827706
2025-05-18 13:30:00+00:00,99270.88756827706
2025-05-18 13:45:00+00:00,99270.88756827706
2025-05-18 14:00:00+00:00,99270.88756827706
2025-05-18 14:15:00+00:00,99270.88756827706
2025-05-18 14:30:00+00:00,99270.88756827706
2025-05-18 14:45:00+00:00,99270.88756827706
2025-05-18 15:00:00+00:00,99270.88756827706
2025-05-18 15:15:00+00:00,99270.88756827706
2025-05-18 15:30:00+00:00,99270.88756827706
2025-05-18 15:45:00+00:00,99270.88756827706
2025-05-18 16:00:00+00:00,99270.88756827706
2025-05-18 16:15:00+00:00,99270.88756827706
2025-05-18 16:30:00+00:00,99270.88756827706
2025-05-18 16:45:00+00:00,99270.88756827706
2025-05-18 17:00:00+00:00,99270.88756827706
2025-05-18 17:15:00+00:00,99270.88756827706
2025-05-18 17:30:00+00:00,99270.88756827706
2025-05-18 17:45:00+00:00,99270.88756827706
2025-05-18 18:00:00+00:00,99270.88756827706
2025-05-18 18:15:00+00:00,99270.88756827706
2025-05-18 18:30:00+00:00,99270.88756827706
2025-05-18 18:45:00+00:00,99270.88756827706
2025-05-18 19:00:00+00:00,99270.88756827706
2025-05-18 19:15:00+00:00,99270.88756827706
2025-05-18 19:30:00+00:00,99270.88756827706
2025-05-18 19:45:00+00:00,99270.88756827706
2025-05-18 20:00:00+00:00,99270.88756827706
2025-05-18 20:15:00+00:00,99270.88756827706
2025-05-18 20:30:00+00:00,99270.88756827706
2025-05-18 20:45:00+00:00,99270.88756827706
2025-05-18 21:00:00+00:00,99270.88756827706
2025-05-18 21:15:00+00:00,99270.88756827706
2025-05-18 21:30:00+00:00,99270.88756827706
2025-05-18 21:45:00+00:00,99270.88756827706
2025-05-18 22:00:00+00:00,99270.88756827706
2025-05-18 22:15:00+00:00,99270.88756827706
2025-05-18 22:30:00+00:00,99270.88756827706
2025-05-18 22:45:00+00:00,99270.88756827706
2025-05-18 23:00:00+00:00,99270.88756827706
2025-05-18 23:15:00+00:00,99270.88756827706
2025-05-18 23:30:00+00:00,99270.88756827706
2025-05-18 23:45:00+00:00,99270.88756827706
2025-05-19 00:00:00+00:00,99270.88756827706
2025-05-19 00:15:00+00:00,99270.88756827706
2025-05-19 00:30:00+00:00,99270.88756827706
2025-05-19 00:45:00+00:00,99270.88756827706
2025-05-19 01:00:00+00:00,99270.88756827706
2025-05-19 01:15:00+00:00,99270.88756827706
2025-05-19 01:30:00+00:00,99270.88756827706
2025-05-19 01:45:00+00:00,99270.88756827706
2025-05-19 02:00:00+00:00,99270.88756827706
2025-05-19 02:15:00+00:00,99270.88756827706
2025-05-19 02:30:00+00:00,99270.88756827706
2025-05-19 02:45:00+00:00,99270.88756827706
2025-05-19 03:00:00+00:00,99270.88756827706
2025-05-19 03:15:00+00:00,99270.88756827706
2025-05-19 03:30:00+00:00,99270.88756827706
2025-05-19 03:45:00+00:00,99270.88756827706
2025-05-19 04:00:00+00:00,99270.88756827706
2025-05-19 04:15:00+00:00,99270.88756827706
2025-05-19 04:30:00+00:00,99270.88756827706
2025-05-19 04:45:00+00:00,99270.88756827706
2025-05-19 05:00:00+00:00,99270.88756827706
2025-05-19 05:15:00+00:00,99267.10240432696
2025-05-19 05:30:00+00:00,99271.70647486532
2025-05-19 05:45:00+00:00,99271.55300457013
2025-05-19 06:00:00+00:00,99272.69345377336
2025-05-19 06:15:00+00:00,99265.72984118173
2025-05-19 06:30:00+00:00,99252.87216648382
2025-05-19 06:45:00+00:00,99252.87216648382
2025-05-19 07:00:00+00:00,99252.87216648382
2025-05-19 07:15:00+00:00,99252.87216648382
2025-05-19 07:30:00+00:00,99252.87216648382
2025-05-19 07:45:00+00:00,99252.87216648382
2025-05-19 08:00:00+00:00,99252.87216648382
2025-05-19 08:15:00+00:00,99252.87216648382
2025-05-19 08:30:00+00:00,99252.87216648382
2025-05-19 08:45:00+00:00,99252.87216648382
2025-05-19 09:00:00+00:00,99252.87216648382
2025-05-19 09:15:00+00:00,99252.87216648382
2025-05-19 09:30:00+00:00,99252.87216648382
2025-05-19 09:45:00+00:00,99252.87216648382
2025-05-19 10:00:00+00:00,99252.87216648382
2025-05-19 10:15:00+00:00,99252.87216648382
2025-05-19 10:30:00+00:00,99252.87216648382
2025-05-19 10:45:00+00:00,99252.87216648382
2025-05-19 11:00:00+00:00,99252.87216648382
2025-05-19 11:15:00+00:00,99252.87216648382
2025-05-19 11:30:00+00:00,99252.87216648382
2025-05-19 11:45:00+00:00,99252.87216648382
2025-05-19 12:00:00+00:00,99252.87216648382
2025-05-19 12:15:00+00:00,99252.87216648382
2025-05-19 12:30:00+00:00,99252.87216648382
2025-05-19 12:45:00+00:00,99252.87216648382
2025-05-19 13:00:00+00:00,99252.87216648382
2025-05-19 13:15:00+00:00,99252.87216648382
2025-05-19 13:30:00+00:00,99252.87216648382
2025-05-19 13:45:00+00:00,99252.87216648382
2025-05-19 14:00:00+00:00,99252.87216648382
2025-05-19 14:15:00+00:00,99252.87216648382
2025-05-19 14:30:00+00:00,99252.87216648382
2025-05-19 14:45:00+00:00,99252.87216648382
2025-05-19 15:00:00+00:00,99252.87216648382
2025-05-19 15:15:00+00:00,99252.87216648382
2025-05-19 15:30:00+00:00,99252.87216648382
2025-05-19 15:45:00+00:00,99252.87216648382
2025-05-19 16:00:00+00:00,99252.87216648382
2025-05-19 16:15:00+00:00,99252.87216648382
2025-05-19 16:30:00+00:00,99252.87216648382
2025-05-19 16:45:00+00:00,99252.87216648382
2025-05-19 17:00:00+00:00,99252.87216648382
2025-05-19 17:15:00+00:00,99252.87216648382
2025-05-19 17:30:00+00:00,99252.87216648382
2025-05-19 17:45:00+00:00,99252.87216648382
2025-05-19 18:00:00+00:00,99252.87216648382
2025-05-19 18:15:00+00:00,99252.87216648382
2025-05-19 18:30:00+00:00,99252.87216648382
2025-05-19 18:45:00+00:00,99252.87216648382
2025-05-19 19:00:00+00:00,99252.87216648382
2025-05-19 19:15:00+00:00,99252.87216648382
2025-05-19 19:30:00+00:00,99252.87216648382
2025-05-19 19:45:00+00:00,99252.87216648382
2025-05-19 20:00:00+00:00,99252.87216648382
2025-05-19 20:15:00+00:00,99252.87216648382
2025-05-19 20:30:00+00:00,99252.87216648382
2025-05-19 20:45:00+00:00,99252.87216648382
2025-05-19 21:00:00+00:00,99252.87216648382
2025-05-19 21:15:00+00:00,99252.87216648382
2025-05-19 21:30:00+00:00,99252.87216648382
2025-05-19 21:45:00+00:00,99252.87216648382
2025-05-19 22:00:00+00:00,99252.87216648382
2025-05-19 22:15:00+00:00,99252.87216648382
2025-05-19 22:30:00+00:00,99252.87216648382
2025-05-19 22:45:00+00:00,99252.87216648382
2025-05-19 23:00:00+00:00,99252.87216648382
2025-05-19 23:15:00+00:00,99252.87216648382
2025-05-19 23:30:00+00:00,99252.87216648382
2025-05-19 23:45:00+00:00,99252.87216648382
2025-05-20 00:00:00+00:00,99252.87216648382
2025-05-20 00:15:00+00:00,99252.87216648382
2025-05-20 00:30:00+00:00,99252.87216648382
2025-05-20 00:45:00+00:00,99252.87216648382
2025-05-20 01:00:00+00:00,99252.87216648382
2025-05-20 01:15:00+00:00,99252.87216648382
2025-05-20 01:30:00+00:00,99252.87216648382
2025-05-20 01:45:00+00:00,99252.87216648382
2025-05-20 02:00:00+00:00,99252.87216648382
2025-05-20 02:15:00+00:00,99252.87216648382
2025-05-20 02:30:00+00:00,99252.87216648382
2025-05-20 02:45:00+00:00,99252.87216648382
2025-05-20 03:00:00+00:00,99252.87216648382
2025-05-20 03:15:00+00:00,99252.87216648382
2025-05-20 03:30:00+00:00,99252.87216648382
2025-05-20 03:45:00+00:00,99252.87216648382
2025-05-20 04:00:00+00:00,99252.87216648382
2025-05-20 04:15:00+00:00,99252.87216648382
2025-05-20 04:30:00+00:00,99252.87216648382
2025-05-20 04:45:00+00:00,99252.87216648382
2025-05-20 05:00:00+00:00,99252.87216648382
2025-05-20 05:15:00+00:00,99252.87216648382
2025-05-20 05:30:00+00:00,99252.87216648382
2025-05-20 05:45:00+00:00,99252.87216648382
2025-05-20 06:00:00+00:00,99252.87216648382
2025-05-20 06:15:00+00:00,99252.87216648382
2025-05-20 06:30:00+00:00,99252.87216648382
2025-05-20 06:45:00+00:00,99252.87216648382
2025-05-20 07:00:00+00:00,99252.87216648382
2025-05-20 07:15:00+00:00,99252.87216648382
2025-05-20 07:30:00+00:00,99252.87216648382
2025-05-20 07:45:00+00:00,99252.87216648382
2025-05-20 08:00:00+00:00,99252.87216648382
2025-05-20 08:15:00+00:00,99252.87216648382
2025-05-20 08:30:00+00:00,99252.87216648382
2025-05-20 08:45:00+00:00,99252.87216648382
2025-05-20 09:00:00+00:00,99252.87216648382
2025-05-20 09:15:00+00:00,99252.87216648382
2025-05-20 09:30:00+00:00,99252.87216648382
2025-05-20 09:45:00+00:00,99252.87216648382
2025-05-20 10:00:00+00:00,99252.87216648382
2025-05-20 10:15:00+00:00,99252.87216648382
2025-05-20 10:30:00+00:00,99252.87216648382
2025-05-20 10:45:00+00:00,99252.87216648382
2025-05-20 11:00:00+00:00,99252.87216648382
2025-05-20 11:15:00+00:00,99252.87216648382
2025-05-20 11:30:00+00:00,99252.87216648382
2025-05-20 11:45:00+00:00,99252.87216648382
2025-05-20 12:00:00+00:00,99252.87216648382
2025-05-20 12:15:00+00:00,99252.87216648382
2025-05-20 12:30:00+00:00,99252.87216648382
2025-05-20 12:45:00+00:00,99252.87216648382
2025-05-20 13:00:00+00:00,99252.87216648382
2025-05-20 13:15:00+00:00,99252.87216648382
2025-05-20 13:30:00+00:00,99252.87216648382
2025-05-20 13:45:00+00:00,99252.87216648382
2025-05-20 14:00:00+00:00,99252.87216648382
2025-05-20 14:15:00+00:00,99252.87216648382
2025-05-20 14:30:00+00:00,99252.87216648382
2025-05-20 14:45:00+00:00,99252.87216648382
2025-05-20 15:00:00+00:00,99252.87216648382
2025-05-20 15:15:00+00:00,99252.87216648382
2025-05-20 15:30:00+00:00,99252.87216648382
2025-05-20 15:45:00+00:00,99252.87216648382
2025-05-20 16:00:00+00:00,99252.87216648382
2025-05-20 16:15:00+00:00,99252.87216648382
2025-05-20 16:30:00+00:00,99252.87216648382
2025-05-20 16:45:00+00:00,99252.87216648382
2025-05-20 17:00:00+00:00,99252.87216648382
2025-05-20 17:15:00+00:00,99252.87216648382
2025-05-20 17:30:00+00:00,99252.87216648382
2025-05-20 17:45:00+00:00,99252.87216648382
2025-05-20 18:00:00+00:00,99252.87216648382
2025-05-20 18:15:00+00:00,99252.87216648382
2025-05-20 18:30:00+00:00,99252.87216648382
2025-05-20 18:45:00+00:00,99252.87216648382
2025-05-20 19:00:00+00:00,99252.87216648382
2025-05-20 19:15:00+00:00,99252.87216648382
2025-05-20 19:30:00+00:00,99252.87216648382
2025-05-20 19:45:00+00:00,99252.87216648382
2025-05-20 20:00:00+00:00,99252.87216648382
2025-05-20 20:15:00+00:00,99252.87216648382
2025-05-20 20:30:00+00:00,99252.87216648382
2025-05-20 20:45:00+00:00,99252.87216648382
2025-05-20 21:00:00+00:00,99252.87216648382
2025-05-20 21:15:00+00:00,99252.87216648382
2025-05-20 21:30:00+00:00,99252.87216648382
2025-05-20 21:45:00+00:00,99252.87216648382
2025-05-20 22:00:00+00:00,99252.87216648382
2025-05-20 22:15:00+00:00,99252.87216648382
2025-05-20 22:30:00+00:00,99252.87216648382
2025-05-20 22:45:00+00:00,99252.87216648382
2025-05-20 23:00:00+00:00,99252.87216648382
2025-05-20 23:15:00+00:00,99252.87216648382
2025-05-20 23:30:00+00:00,99252.87216648382
2025-05-20 23:45:00+00:00,99252.87216648382
2025-05-21 00:00:00+00:00,99252.87216648382
2025-05-21 00:15:00+00:00,99252.87216648382
2025-05-21 00:30:00+00:00,99252.87216648382
2025-05-21 00:45:00+00:00,99252.87216648382
2025-05-21 01:00:00+00:00,99252.87216648382
2025-05-21 01:15:00+00:00,99252.87216648382
2025-05-21 01:30:00+00:00,99252.87216648382
2025-05-21 01:45:00+00:00,99252.87216648382
2025-05-21 02:00:00+00:00,99252.87216648382
2025-05-21 02:15:00+00:00,99252.87216648382
2025-05-21 02:30:00+00:00,99252.87216648382
2025-05-21 02:45:00+00:00,99252.87216648382
2025-05-21 03:00:00+00:00,99252.87216648382
2025-05-21 03:15:00+00:00,99252.87216648382
2025-05-21 03:30:00+00:00,99252.87216648382
2025-05-21 03:45:00+00:00,99252.87216648382
2025-05-21 04:00:00+00:00,99252.87216648382
2025-05-21 04:15:00+00:00,99252.87216648382
2025-05-21 04:30:00+00:00,99252.87216648382
2025-05-21 04:45:00+00:00,99252.87216648382
2025-05-21 05:00:00+00:00,99252.87216648382
2025-05-21 05:15:00+00:00,99251.37339726639
2025-05-21 05:30:00+00:00,99252.76154507905
2025-05-21 05:45:00+00:00,99251.32053346597
2025-05-21 06:00:00+00:00,99253.14789035589
2025-05-21 06:15:00+00:00,99246.83994206335
2025-05-21 06:30:00+00:00,99235.33967730569
2025-05-21 06:45:00+00:00,99235.33967730569
2025-05-21 07:00:00+00:00,99235.33967730569
2025-05-21 07:15:00+00:00,99235.33967730569
2025-05-21 07:30:00+00:00,99235.33967730569
2025-05-21 07:45:00+00:00,99235.33967730569
2025-05-21 08:00:00+00:00,99235.33967730569
2025-05-21 08:15:00+00:00,99235.33967730569
2025-05-21 08:30:00+00:00,99235.33967730569
2025-05-21 08:45:00+00:00,99235.33967730569
2025-05-21 09:00:00+00:00,99235.33967730569
2025-05-21 09:15:00+00:00,99235.33967730569
2025-05-21 09:30:00+00:00,99235.33967730569
2025-05-21 09:45:00+00:00,99235.33967730569
2025-05-21 10:00:00+00:00,99235.33967730569
2025-05-21 10:15:00+00:00,99235.33967730569
2025-05-21 10:30:00+00:00,99235.33967730569
2025-05-21 10:45:00+00:00,99235.33967730569
2025-05-21 11:00:00+00:00,99235.33967730569
2025-05-21 11:15:00+00:00,99235.33967730569
2025-05-21 11:30:00+00:00,99235.33967730569
2025-05-21 11:45:00+00:00,99235.33967730569
2025-05-21 12:00:00+00:00,99235.33967730569
2025-05-21 12:15:00+00:00,99235.33967730569
2025-05-21 12:30:00+00:00,99235.33967730569
2025-05-21 12:45:00+00:00,99235.33967730569
2025-05-21 13:00:00+00:00,99235.33967730569
2025-05-21 13:15:00+00:00,99235.33967730569
2025-05-21 13:30:00+00:00,99235.33967730569
2025-05-21 13:45:00+00:00,99235.33967730569
2025-05-21 14:00:00+00:00,99235.33967730569
2025-05-21 14:15:00+00:00,99235.33967730569
2025-05-21 14:30:00+00:00,99235.33967730569
2025-05-21 14:45:00+00:00,99235.33967730569
2025-05-21 15:00:00+00:00,99235.33967730569
2025-05-21 15:15:00+00:00,99235.33967730569
2025-05-21 15:30:00+00:00,99235.33967730569
2025-05-21 15:45:00+00:00,99235.33967730569
2025-05-21 16:00:00+00:00,99235.33967730569
2025-05-21 16:15:00+00:00,99235.33967730569
2025-05-21 16:30:00+00:00,99235.33967730569
2025-05-21 16:45:00+00:00,99235.33967730569
2025-05-21 17:00:00+00:00,99235.33967730569
2025-05-21 17:15:00+00:00,99235.33967730569
2025-05-21 17:30:00+00:00,99235.33967730569
2025-05-21 17:45:00+00:00,99235.33967730569
2025-05-21 18:00:00+00:00,99235.33967730569
2025-05-21 18:15:00+00:00,99235.33967730569
2025-05-21 18:30:00+00:00,99235.33967730569
2025-05-21 18:45:00+00:00,99235.33967730569
2025-05-21 19:00:00+00:00,99235.33967730569
2025-05-21 19:15:00+00:00,99235.33967730569
2025-05-21 19:30:00+00:00,99235.33967730569
2025-05-21 19:45:00+00:00,99235.33967730569
2025-05-21 20:00:00+00:00,99235.33967730569
2025-05-21 20:15:00+00:00,99235.33967730569
2025-05-21 20:30:00+00:00,99235.33967730569
2025-05-21 20:45:00+00:00,99235.33967730569
2025-05-21 21:00:00+00:00,99235.33967730569
2025-05-21 21:15:00+00:00,99235.33967730569
2025-05-21 21:30:00+00:00,99235.33967730569
2025-05-21 21:45:00+00:00,99235.33967730569
2025-05-21 22:00:00+00:00,99235.33967730569
2025-05-21 22:15:00+00:00,99235.33967730569
2025-05-21 22:30:00+00:00,99235.33967730569
2025-05-21 22:45:00+00:00,99235.33967730569
2025-05-21 23:00:00+00:00,99235.33967730569
2025-05-21 23:15:00+00:00,99235.33967730569
2025-05-21 23:30:00+00:00,99235.33967730569
2025-05-21 23:45:00+00:00,99235.33967730569
2025-05-22 00:00:00+00:00,99235.33967730569
2025-05-22 00:15:00+00:00,99235.33967730569
2025-05-22 00:30:00+00:00,99235.33967730569
2025-05-22 00:45:00+00:00,99235.33967730569
2025-05-22 01:00:00+00:00,99235.33967730569
2025-05-22 01:15:00+00:00,99235.33967730569
2025-05-22 01:30:00+00:00,99235.33967730569
2025-05-22 01:45:00+00:00,99235.33967730569
2025-05-22 02:00:00+00:00,99235.33967730569
2025-05-22 02:15:00+00:00,99235.33967730569
2025-05-22 02:30:00+00:00,99235.33967730569
2025-05-22 02:45:00+00:00,99235.33967730569
2025-05-22 03:00:00+00:00,99235.33967730569
2025-05-22 03:15:00+00:00,99235.33967730569
2025-05-22 03:30:00+00:00,99235.33967730569
2025-05-22 03:45:00+00:00,99235.33967730569
2025-05-22 04:00:00+00:00,99235.33967730569
2025-05-22 04:15:00+00:00,99235.33967730569
2025-05-22 04:30:00+00:00,99235.33967730569
2025-05-22 04:45:00+00:00,99235.33967730569
2025-05-22 05:00:00+00:00,99235.33967730569
2025-05-22 05:15:00+00:00,99235.33967730569
2025-05-22 05:30:00+00:00,99235.33967730569
2025-05-22 05:45:00+00:00,99235.33967730569
2025-05-22 06:00:00+00:00,99235.33967730569
2025-05-22 06:15:00+00:00,99235.33967730569
2025-05-22 06:30:00+00:00,99235.33967730569
2025-05-22 06:45:00+00:00,99235.33967730569
2025-05-22 07:00:00+00:00,99235.33967730569
2025-05-22 07:15:00+00:00,99235.33967730569
2025-05-22 07:30:00+00:00,99235.33967730569
2025-05-22 07:45:00+00:00,99235.33967730569
2025-05-22 08:00:00+00:00,99235.33967730569
2025-05-22 08:15:00+00:00,99235.33967730569
2025-05-22 08:30:00+00:00,99235.33967730569
2025-05-22 08:45:00+00:00,99235.33967730569
2025-05-22 09:00:00+00:00,99235.33967730569
2025-05-22 09:15:00+00:00,99235.33967730569
2025-05-22 09:30:00+00:00,99235.33967730569
2025-05-22 09:45:00+00:00,99235.33967730569
2025-05-22 10:00:00+00:00,99235.33967730569
2025-05-22 10:15:00+00:00,99235.33967730569
2025-05-22 10:30:00+00:00,99235.33967730569
2025-05-22 10:45:00+00:00,99235.33967730569
2025-05-22 11:00:00+00:00,99235.33967730569
2025-05-22 11:15:00+00:00,99235.33967730569
2025-05-22 11:30:00+00:00,99235.33967730569
2025-05-22 11:45:00+00:00,99235.33967730569
2025-05-22 12:00:00+00:00,99235.33967730569
2025-05-22 12:15:00+00:00,99235.33967730569
2025-05-22 12:30:00+00:00,99235.33967730569
2025-05-22 12:45:00+00:00,99235.33967730569
2025-05-22 13:00:00+00:00,99235.33967730569
2025-05-22 13:15:00+00:00,99235.33967730569
2025-05-22 13:30:00+00:00,99235.33967730569
2025-05-22 13:45:00+00:00,99235.33967730569
2025-05-22 14:00:00+00:00,99235.33967730569
2025-05-22 14:15:00+00:00,99235.33967730569
2025-05-22 14:30:00+00:00,99235.33967730569
2025-05-22 14:45:00+00:00,99235.33967730569
2025-05-22 15:00:00+00:00,99235.33967730569
2025-05-22 15:15:00+00:00,99235.33967730569
2025-05-22 15:30:00+00:00,99235.33967730569
2025-05-22 15:45:00+00:00,99235.33967730569
2025-05-22 16:00:00+00:00,99235.33967730569
2025-05-22 16:15:00+00:00,99235.33967730569
2025-05-22 16:30:00+00:00,99235.33967730569
2025-05-22 16:45:00+00:00,99235.33967730569
2025-05-22 17:00:00+00:00,99235.33967730569
2025-05-22 17:15:00+00:00,99235.33967730569
2025-05-22 17:30:00+00:00,99235.33967730569
2025-05-22 17:45:00+00:00,99235.33967730569
2025-05-22 18:00:00+00:00,99235.33967730569
2025-05-22 18:15:00+00:00,99235.33967730569
2025-05-22 18:30:00+00:00,99235.33967730569
2025-05-22 18:45:00+00:00,99235.33967730569
2025-05-22 19:00:00+00:00,99235.33967730569
2025-05-22 19:15:00+00:00,99235.33967730569
2025-05-22 19:30:00+00:00,99235.33967730569
2025-05-22 19:45:00+00:00,99235.33967730569
2025-05-22 20:00:00+00:00,99235.33967730569
2025-05-22 20:15:00+00:00,99235.33967730569
2025-05-22 20:30:00+00:00,99235.33967730569
2025-05-22 20:45:00+00:00,99235.33967730569
2025-05-22 21:00:00+00:00,99235.33967730569
2025-05-22 21:15:00+00:00,99235.33967730569
2025-05-22 21:30:00+00:00,99235.33967730569
2025-05-22 21:45:00+00:00,99235.33967730569
2025-05-22 22:00:00+00:00,99235.33967730569
2025-05-22 22:15:00+00:00,99235.33967730569
2025-05-22 22:30:00+00:00,99235.33967730569
2025-05-22 22:45:00+00:00,99235.33967730569
2025-05-22 23:00:00+00:00,99235.33967730569
2025-05-22 23:15:00+00:00,99235.33967730569
2025-05-22 23:30:00+00:00,99235.33967730569
2025-05-22 23:45:00+00:00,99235.33967730569
2025-05-23 00:00:00+00:00,99235.33967730569
2025-05-23 00:15:00+00:00,99231.27677047675
2025-05-23 00:30:00+00:00,99223.01413676246
2025-05-23 00:45:00+00:00,99223.01413676246
2025-05-23 01:00:00+00:00,99223.01413676246
2025-05-23 01:15:00+00:00,99223.01413676246
2025-05-23 01:30:00+00:00,99223.01413676246
2025-05-23 01:45:00+00:00,99223.01413676246
2025-05-23 02:00:00+00:00,99223.01413676246
2025-05-23 02:15:00+00:00,99223.01413676246
2025-05-23 02:30:00+00:00,99223.01413676246
2025-05-23 02:45:00+00:00,99223.01413676246
2025-05-23 03:00:00+00:00,99223.01413676246
2025-05-23 03:15:00+00:00,99223.01413676246
2025-05-23 03:30:00+00:00,99223.01413676246
2025-05-23 03:45:00+00:00,99223.01413676246
2025-05-23 04:00:00+00:00,99223.01413676246
2025-05-23 04:15:00+00:00,99223.01413676246
2025-05-23 04:30:00+00:00,99223.01413676246
2025-05-23 04:45:00+00:00,99223.01413676246
2025-05-23 05:00:00+00:00,99223.01413676246
2025-05-23 05:15:00+00:00,99223.01413676246
2025-05-23 05:30:00+00:00,99223.01413676246
2025-05-23 05:45:00+00:00,99223.01413676246
2025-05-23 06:00:00+00:00,99223.01413676246
2025-05-23 06:15:00+00:00,99223.01413676246
2025-05-23 06:30:00+00:00,99223.01413676246
2025-05-23 06:45:00+00:00,99223.01413676246
2025-05-23 07:00:00+00:00,99223.01413676246
2025-05-23 07:15:00+00:00,99223.01413676246
2025-05-23 07:30:00+00:00,99223.01413676246
2025-05-23 07:45:00+00:00,99223.01413676246
2025-05-23 08:00:00+00:00,99223.01413676246
2025-05-23 08:15:00+00:00,99223.01413676246
2025-05-23 08:30:00+00:00,99223.01413676246
2025-05-23 08:45:00+00:00,99223.01413676246
2025-05-23 09:00:00+00:00,99223.01413676246
2025-05-23 09:15:00+00:00,99223.01413676246
2025-05-23 09:30:00+00:00,99223.01413676246
2025-05-23 09:45:00+00:00,99223.01413676246
2025-05-23 10:00:00+00:00,99223.01413676246
2025-05-23 10:15:00+00:00,99223.01413676246
2025-05-23 10:30:00+00:00,99223.01413676246
2025-05-23 10:45:00+00:00,99223.01413676246
2025-05-23 11:00:00+00:00,99223.01413676246
2025-05-23 11:15:00+00:00,99223.01413676246
2025-05-23 11:30:00+00:00,99223.01413676246
2025-05-23 11:45:00+00:00,99223.01413676246
2025-05-23 12:00:00+00:00,99223.01413676246
2025-05-23 12:15:00+00:00,99223.01413676246
2025-05-23 12:30:00+00:00,99223.01413676246
2025-05-23 12:45:00+00:00,99223.01413676246
2025-05-23 13:00:00+00:00,99223.01413676246
2025-05-23 13:15:00+00:00,99223.01413676246
2025-05-23 13:30:00+00:00,99223.01413676246
2025-05-23 13:45:00+00:00,99223.01413676246
2025-05-23 14:00:00+00:00,99223.01413676246
2025-05-23 14:15:00+00:00,99223.01413676246
2025-05-23 14:30:00+00:00,99223.01413676246
2025-05-23 14:45:00+00:00,99223.01413676246
2025-05-23 15:00:00+00:00,99223.01413676246
2025-05-23 15:15:00+00:00,99223.01413676246
2025-05-23 15:30:00+00:00,99223.01413676246
2025-05-23 15:45:00+00:00,99223.01413676246
2025-05-23 16:00:00+00:00,99223.01413676246
2025-05-23 16:15:00+00:00,99223.01413676246
2025-05-23 16:30:00+00:00,99223.01413676246
2025-05-23 16:45:00+00:00,99223.01413676246
2025-05-23 17:00:00+00:00,99223.01413676246
2025-05-23 17:15:00+00:00,99223.01413676246
2025-05-23 17:30:00+00:00,99223.01413676246
2025-05-23 17:45:00+00:00,99223.01413676246
2025-05-23 18:00:00+00:00,99223.01413676246
2025-05-23 18:15:00+00:00,99223.01413676246
2025-05-23 18:30:00+00:00,99223.01413676246
2025-05-23 18:45:00+00:00,99223.01413676246
2025-05-23 19:00:00+00:00,99223.01413676246
2025-05-23 19:15:00+00:00,99223.01413676246
2025-05-23 19:30:00+00:00,99223.01413676246
2025-05-23 19:45:00+00:00,99223.01413676246
2025-05-23 20:00:00+00:00,99223.01413676246
2025-05-23 20:15:00+00:00,99223.01413676246
2025-05-23 20:30:00+00:00,99223.01413676246
2025-05-23 20:45:00+00:00,99223.01413676246
2025-05-23 21:00:00+00:00,99223.01413676246
2025-05-23 21:15:00+00:00,99223.01413676246
2025-05-23 21:30:00+00:00,99223.01413676246
2025-05-23 21:45:00+00:00,99223.01413676246
2025-05-23 22:00:00+00:00,99223.01413676246
2025-05-23 22:15:00+00:00,99223.01413676246
2025-05-23 22:30:00+00:00,99223.01413676246
2025-05-23 22:45:00+00:00,99223.01413676246
2025-05-23 23:00:00+00:00,99223.01413676246
2025-05-23 23:15:00+00:00,99223.01413676246
2025-05-23 23:30:00+00:00,99223.01413676246
2025-05-23 23:45:00+00:00,99223.01413676246
2025-05-24 00:00:00+00:00,99223.01413676246
2025-05-24 00:15:00+00:00,99223.01413676246
2025-05-24 00:30:00+00:00,99223.01413676246
2025-05-24 00:45:00+00:00,99223.01413676246
2025-05-24 01:00:00+00:00,99223.01413676246
2025-05-24 01:15:00+00:00,99223.01413676246
2025-05-24 01:30:00+00:00,99223.01413676246
2025-05-24 01:45:00+00:00,99223.01413676246
2025-05-24 02:00:00+00:00,99223.01413676246
2025-05-24 02:15:00+00:00,99223.01413676246
2025-05-24 02:30:00+00:00,99223.01413676246
2025-05-24 02:45:00+00:00,99223.01413676246
2025-05-24 03:00:00+00:00,99223.01413676246
2025-05-24 03:15:00+00:00,99223.01413676246
2025-05-24 03:30:00+00:00,99223.01413676246
2025-05-24 03:45:00+00:00,99223.01413676246
2025-05-24 04:00:00+00:00,99223.01413676246
2025-05-24 04:15:00+00:00,99223.01413676246
2025-05-24 04:30:00+00:00,99223.01413676246
2025-05-24 04:45:00+00:00,99223.01413676246
2025-05-24 05:00:00+00:00,99223.01413676246
2025-05-24 05:15:00+00:00,99223.01413676246
2025-05-24 05:30:00+00:00,99223.01413676246
2025-05-24 05:45:00+00:00,99223.01413676246
2025-05-24 06:00:00+00:00,99223.01413676246
2025-05-24 06:15:00+00:00,99223.01413676246
2025-05-24 06:30:00+00:00,99223.01413676246
2025-05-24 06:45:00+00:00,99223.01413676246
2025-05-24 07:00:00+00:00,99223.01413676246
2025-05-24 07:15:00+00:00,99223.01413676246
2025-05-24 07:30:00+00:00,99223.01413676246
2025-05-24 07:45:00+00:00,99223.01413676246
2025-05-24 08:00:00+00:00,99223.01413676246
2025-05-24 08:15:00+00:00,99223.01413676246
2025-05-24 08:30:00+00:00,99223.01413676246
2025-05-24 08:45:00+00:00,99223.01413676246
2025-05-24 09:00:00+00:00,99223.01413676246
2025-05-24 09:15:00+00:00,99223.01413676246
2025-05-24 09:30:00+00:00,99223.01413676246
2025-05-24 09:45:00+00:00,99223.01413676246
2025-05-24 10:00:00+00:00,99223.01413676246
2025-05-24 10:15:00+00:00,99223.01413676246
2025-05-24 10:30:00+00:00,99223.01413676246
2025-05-24 10:45:00+00:00,99223.01413676246
2025-05-24 11:00:00+00:00,99223.01413676246
2025-05-24 11:15:00+00:00,99223.01413676246
2025-05-24 11:30:00+00:00,99223.01413676246
2025-05-24 11:45:00+00:00,99223.01413676246
2025-05-24 12:00:00+00:00,99223.01413676246
2025-05-24 12:15:00+00:00,99223.01413676246
2025-05-24 12:30:00+00:00,99223.01413676246
2025-05-24 12:45:00+00:00,99223.01413676246
2025-05-24 13:00:00+00:00,99223.01413676246
2025-05-24 13:15:00+00:00,99223.01413676246
2025-05-24 13:30:00+00:00,99223.01413676246
2025-05-24 13:45:00+00:00,99223.01413676246
2025-05-24 14:00:00+00:00,99223.01413676246
2025-05-24 14:15:00+00:00,99223.01413676246
2025-05-24 14:30:00+00:00,99223.01413676246
2025-05-24 14:45:00+00:00,99223.01413676246
2025-05-24 15:00:00+00:00,99223.01413676246
2025-05-24 15:15:00+00:00,99223.01413676246
2025-05-24 15:30:00+00:00,99223.01413676246
2025-05-24 15:45:00+00:00,99223.01413676246
2025-05-24 16:00:00+00:00,99223.01413676246
2025-05-24 16:15:00+00:00,99222.55493148508
2025-05-24 16:30:00+00:00,99221.37204421048
2025-05-24 16:45:00+00:00,99213.38036218139
2025-05-24 17:00:00+00:00,99213.38036218139
2025-05-24 17:15:00+00:00,99213.38036218139
2025-05-24 17:30:00+00:00,99213.38036218139
2025-05-24 17:45:00+00:00,99213.38036218139
2025-05-24 18:00:00+00:00,99213.38036218139
2025-05-24 18:15:00+00:00,99213.38036218139
2025-05-24 18:30:00+00:00,99213.38036218139
2025-05-24 18:45:00+00:00,99213.38036218139
2025-05-24 19:00:00+00:00,99213.38036218139
2025-05-24 19:15:00+00:00,99213.38036218139
2025-05-24 19:30:00+00:00,99213.38036218139
2025-05-24 19:45:00+00:00,99213.38036218139
2025-05-24 20:00:00+00:00,99213.38036218139
2025-05-24 20:15:00+00:00,99213.34595257555
2025-05-24 20:30:00+00:00,99213.82781229481
2025-05-24 20:45:00+00:00,99215.09152205546
2025-05-24 21:00:00+00:00,99215.60157050754
2025-05-24 21:15:00+00:00,99215.02906468028
2025-05-24 21:30:00+00:00,99215.02906468028
2025-05-24 21:45:00+00:00,99215.02906468028
2025-05-24 22:00:00+00:00,99215.02906468028
2025-05-24 22:15:00+00:00,99215.02906468028
2025-05-24 22:30:00+00:00,99215.02906468028
2025-05-24 22:45:00+00:00,99215.02906468028
2025-05-24 23:00:00+00:00,99215.02906468028
2025-05-24 23:15:00+00:00,99215.02906468028
2025-05-24 23:30:00+00:00,99215.02906468028
2025-05-24 23:45:00+00:00,99215.02906468028
2025-05-25 00:00:00+00:00,99215.02906468028
2025-05-25 00:15:00+00:00,99215.02906468028
2025-05-25 00:30:00+00:00,99215.02906468028
2025-05-25 00:45:00+00:00,99215.02906468028
2025-05-25 01:00:00+00:00,99215.02906468028
2025-05-25 01:15:00+00:00,99215.02906468028
2025-05-25 01:30:00+00:00,99215.02906468028
2025-05-25 01:45:00+00:00,99215.02906468028
2025-05-25 02:00:00+00:00,99215.02906468028
2025-05-25 02:15:00+00:00,99215.02906468028
2025-05-25 02:30:00+00:00,99215.02906468028
2025-05-25 02:45:00+00:00,99215.02906468028
2025-05-25 03:00:00+00:00,99215.02906468028
2025-05-25 03:15:00+00:00,99215.02906468028
2025-05-25 03:30:00+00:00,99215.02906468028
2025-05-25 03:45:00+00:00,99215.02906468028
2025-05-25 04:00:00+00:00,99215.02906468028
2025-05-25 04:15:00+00:00,99215.02906468028
2025-05-25 04:30:00+00:00,99215.02906468028
2025-05-25 04:45:00+00:00,99215.02906468028
2025-05-25 05:00:00+00:00,99215.02906468028
2025-05-25 05:15:00+00:00,99215.02906468028
2025-05-25 05:30:00+00:00,99215.02906468028
2025-05-25 05:45:00+00:00,99215.02906468028
2025-05-25 06:00:00+00:00,99215.02906468028
2025-05-25 06:15:00+00:00,99215.02906468028
2025-05-25 06:30:00+00:00,99215.02906468028
2025-05-25 06:45:00+00:00,99215.02906468028
2025-05-25 07:00:00+00:00,99215.02906468028
2025-05-25 07:15:00+00:00,99215.02906468028
2025-05-25 07:30:00+00:00,99215.02906468028
2025-05-25 07:45:00+00:00,99215.02906468028
2025-05-25 08:00:00+00:00,99215.02906468028
2025-05-25 08:15:00+00:00,99215.02906468028
2025-05-25 08:30:00+00:00,99215.02906468028
2025-05-25 08:45:00+00:00,99215.02906468028
2025-05-25 09:00:00+00:00,99215.02906468028
2025-05-25 09:15:00+00:00,99215.02906468028
2025-05-25 09:30:00+00:00,99215.02906468028
2025-05-25 09:45:00+00:00,99215.02906468028
2025-05-25 10:00:00+00:00,99215.02906468028
2025-05-25 10:15:00+00:00,99215.02906468028
2025-05-25 10:30:00+00:00,99215.02906468028
2025-05-25 10:45:00+00:00,99215.02906468028
2025-05-25 11:00:00+00:00,99215.02906468028
2025-05-25 11:15:00+00:00,99215.02906468028
2025-05-25 11:30:00+00:00,99215.02906468028
2025-05-25 11:45:00+00:00,99215.02906468028
2025-05-25 12:00:00+00:00,99215.02906468028
2025-05-25 12:15:00+00:00,99215.02906468028
2025-05-25 12:30:00+00:00,99215.02906468028
2025-05-25 12:45:00+00:00,99215.02906468028
2025-05-25 13:00:00+00:00,99215.02906468028
2025-05-25 13:15:00+00:00,99215.02906468028
2025-05-25 13:30:00+00:00,99215.02906468028
2025-05-25 13:45:00+00:00,99215.02906468028
2025-05-25 14:00:00+00:00,99215.02906468028
2025-05-25 14:15:00+00:00,99215.02906468028
2025-05-25 14:30:00+00:00,99215.02906468028
2025-05-25 14:45:00+00:00,99215.02906468028
2025-05-25 15:00:00+00:00,99215.02906468028
2025-05-25 15:15:00+00:00,99215.02906468028
2025-05-25 15:30:00+00:00,99215.02906468028
2025-05-25 15:45:00+00:00,99215.02906468028
2025-05-25 16:00:00+00:00,99215.02906468028
2025-05-25 16:15:00+00:00,99215.02906468028
2025-05-25 16:30:00+00:00,99215.02906468028
2025-05-25 16:45:00+00:00,99215.02906468028
2025-05-25 17:00:00+00:00,99215.02906468028
2025-05-25 17:15:00+00:00,99215.02906468028
2025-05-25 17:30:00+00:00,99215.02906468028
2025-05-25 17:45:00+00:00,99215.02906468028
2025-05-25 18:00:00+00:00,99215.02906468028
2025-05-25 18:15:00+00:00,99215.02906468028
2025-05-25 18:30:00+00:00,99215.02906468028
2025-05-25 18:45:00+00:00,99215.02906468028
2025-05-25 19:00:00+00:00,99215.02906468028
2025-05-25 19:15:00+00:00,99215.02906468028
2025-05-25 19:30:00+00:00,99215.02906468028
2025-05-25 19:45:00+00:00,99215.02906468028
2025-05-25 20:00:00+00:00,99215.02906468028
2025-05-25 20:15:00+00:00,99214.48665762939
2025-05-25 20:30:00+00:00,99212.63936475194
2025-05-25 20:45:00+00:00,99212.95220240708
2025-05-25 21:00:00+00:00,99203.7869486836
2025-05-25 21:15:00+00:00,99203.7869486836
2025-05-25 21:30:00+00:00,99203.7869486836
2025-05-25 21:45:00+00:00,99203.7869486836
2025-05-25 22:00:00+00:00,99203.7869486836
2025-05-25 22:15:00+00:00,99203.7869486836
2025-05-25 22:30:00+00:00,99203.7869486836
2025-05-25 22:45:00+00:00,99203.7869486836
2025-05-25 23:00:00+00:00,99203.7869486836
2025-05-25 23:15:00+00:00,99203.7869486836
2025-05-25 23:30:00+00:00,99203.7869486836
2025-05-25 23:45:00+00:00,99203.7869486836
2025-05-26 00:00:00+00:00,99203.7869486836
2025-05-26 00:15:00+00:00,99203.7869486836
2025-05-26 00:30:00+00:00,99203.7869486836
2025-05-26 00:45:00+00:00,99203.7869486836
2025-05-26 01:00:00+00:00,99203.7869486836
2025-05-26 01:15:00+00:00,99203.7869486836
2025-05-26 01:30:00+00:00,99203.7869486836
2025-05-26 01:45:00+00:00,99203.7869486836
2025-05-26 02:00:00+00:00,99203.7869486836
2025-05-26 02:15:00+00:00,99203.7869486836
2025-05-26 02:30:00+00:00,99203.7869486836
2025-05-26 02:45:00+00:00,99203.7869486836
2025-05-26 03:00:00+00:00,99203.7869486836
2025-05-26 03:15:00+00:00,99203.7869486836
2025-05-26 03:30:00+00:00,99203.7869486836
2025-05-26 03:45:00+00:00,99203.7869486836
2025-05-26 04:00:00+00:00,99203.7869486836
2025-05-26 04:15:00+00:00,99203.7869486836
2025-05-26 04:30:00+00:00,99203.7869486836
2025-05-26 04:45:00+00:00,99203.7869486836
2025-05-26 05:00:00+00:00,99203.7869486836
2025-05-26 05:15:00+00:00,99203.7869486836
2025-05-26 05:30:00+00:00,99203.7869486836
2025-05-26 05:45:00+00:00,99203.7869486836
2025-05-26 06:00:00+00:00,99203.7869486836
2025-05-26 06:15:00+00:00,99203.7869486836
2025-05-26 06:30:00+00:00,99203.7869486836
2025-05-26 06:45:00+00:00,99203.7869486836
2025-05-26 07:00:00+00:00,99203.7869486836
2025-05-26 07:15:00+00:00,99203.7869486836
2025-05-26 07:30:00+00:00,99203.7869486836
2025-05-26 07:45:00+00:00,99203.7869486836
2025-05-26 08:00:00+00:00,99203.7869486836
2025-05-26 08:15:00+00:00,99203.7869486836
2025-05-26 08:30:00+00:00,99203.7869486836
2025-05-26 08:45:00+00:00,99203.7869486836
2025-05-26 09:00:00+00:00,99203.7869486836
2025-05-26 09:15:00+00:00,99203.7869486836
2025-05-26 09:30:00+00:00,99203.7869486836
2025-05-26 09:45:00+00:00,99203.7869486836
2025-05-26 10:00:00+00:00,99203.7869486836
2025-05-26 10:15:00+00:00,99203.7869486836
2025-05-26 10:30:00+00:00,99203.7869486836
2025-05-26 10:45:00+00:00,99203.7869486836
2025-05-26 11:00:00+00:00,99203.7869486836
2025-05-26 11:15:00+00:00,99203.7869486836
2025-05-26 11:30:00+00:00,99203.7869486836
2025-05-26 11:45:00+00:00,99203.7869486836
2025-05-26 12:00:00+00:00,99203.7869486836
2025-05-26 12:15:00+00:00,99203.7869486836
2025-05-26 12:30:00+00:00,99203.7869486836
2025-05-26 12:45:00+00:00,99203.7869486836
2025-05-26 13:00:00+00:00,99203.7869486836
2025-05-26 13:15:00+00:00,99203.7869486836
2025-05-26 13:30:00+00:00,99203.7869486836
2025-05-26 13:45:00+00:00,99203.7869486836
2025-05-26 14:00:00+00:00,99203.7869486836
2025-05-26 14:15:00+00:00,99203.7869486836
2025-05-26 14:30:00+00:00,99203.7869486836
2025-05-26 14:45:00+00:00,99203.7869486836
2025-05-26 15:00:00+00:00,99203.7869486836
2025-05-26 15:15:00+00:00,99203.7869486836
2025-05-26 15:30:00+00:00,99203.7869486836
2025-05-26 15:45:00+00:00,99203.7869486836
2025-05-26 16:00:00+00:00,99203.7869486836
2025-05-26 16:15:00+00:00,99203.7869486836
2025-05-26 16:30:00+00:00,99203.7869486836
2025-05-26 16:45:00+00:00,99203.7869486836
2025-05-26 17:00:00+00:00,99203.7869486836
2025-05-26 17:15:00+00:00,99203.7869486836
2025-05-26 17:30:00+00:00,99203.7869486836
2025-05-26 17:45:00+00:00,99203.7869486836
2025-05-26 18:00:00+00:00,99203.7869486836
2025-05-26 18:15:00+00:00,99203.7869486836
2025-05-26 18:30:00+00:00,99203.7869486836
2025-05-26 18:45:00+00:00,99203.7869486836
2025-05-26 19:00:00+00:00,99203.7869486836
2025-05-26 19:15:00+00:00,99203.7869486836
2025-05-26 19:30:00+00:00,99203.7869486836
2025-05-26 19:45:00+00:00,99203.7869486836
2025-05-26 20:00:00+00:00,99203.7869486836
2025-05-26 20:15:00+00:00,99203.88731214746
2025-05-26 20:30:00+00:00,99201.83390568603
2025-05-26 20:45:00+00:00,99201.83390568603
2025-05-26 21:00:00+00:00,99201.83390568603
2025-05-26 21:15:00+00:00,99201.83390568603
2025-05-26 21:30:00+00:00,99201.83390568603
2025-05-26 21:45:00+00:00,99201.83390568603
2025-05-26 22:00:00+00:00,99201.83390568603
2025-05-26 22:15:00+00:00,99201.83390568603
2025-05-26 22:30:00+00:00,99201.83390568603
2025-05-26 22:45:00+00:00,99201.83390568603
2025-05-26 23:00:00+00:00,99201.83390568603
2025-05-26 23:15:00+00:00,99201.83390568603
2025-05-26 23:30:00+00:00,99201.83390568603
2025-05-26 23:45:00+00:00,99201.83390568603
2025-05-27 00:00:00+00:00,99201.83390568603
2025-05-27 00:15:00+00:00,99201.83390568603
2025-05-27 00:30:00+00:00,99201.83390568603
2025-05-27 00:45:00+00:00,99201.83390568603
2025-05-27 01:00:00+00:00,99201.83390568603
2025-05-27 01:15:00+00:00,99201.83390568603
2025-05-27 01:30:00+00:00,99201.83390568603
2025-05-27 01:45:00+00:00,99201.83390568603
2025-05-27 02:00:00+00:00,99201.83390568603
2025-05-27 02:15:00+00:00,99201.83390568603
2025-05-27 02:30:00+00:00,99201.83390568603
2025-05-27 02:45:00+00:00,99201.83390568603
2025-05-27 03:00:00+00:00,99201.83390568603
2025-05-27 03:15:00+00:00,99201.83390568603
2025-05-27 03:30:00+00:00,99201.83390568603
2025-05-27 03:45:00+00:00,99201.83390568603
2025-05-27 04:00:00+00:00,99201.83390568603
2025-05-27 04:15:00+00:00,99201.83390568603
2025-05-27 04:30:00+00:00,99201.83390568603
2025-05-27 04:45:00+00:00,99201.83390568603
2025-05-27 05:00:00+00:00,99201.83390568603
2025-05-27 05:15:00+00:00,99201.83390568603
2025-05-27 05:30:00+00:00,99201.83390568603
2025-05-27 05:45:00+00:00,99201.83390568603
2025-05-27 06:00:00+00:00,99201.83390568603
2025-05-27 06:15:00+00:00,99201.83390568603
2025-05-27 06:30:00+00:00,99201.83390568603
2025-05-27 06:45:00+00:00,99201.83390568603
2025-05-27 07:00:00+00:00,99201.83390568603
2025-05-27 07:15:00+00:00,99201.83390568603
2025-05-27 07:30:00+00:00,99201.83390568603
2025-05-27 07:45:00+00:00,99201.83390568603
2025-05-27 08:00:00+00:00,99201.83390568603
2025-05-27 08:15:00+00:00,99201.83390568603
2025-05-27 08:30:00+00:00,99201.83390568603
2025-05-27 08:45:00+00:00,99201.83390568603
2025-05-27 09:00:00+00:00,99201.83390568603
2025-05-27 09:15:00+00:00,99201.83390568603
2025-05-27 09:30:00+00:00,99201.83390568603
2025-05-27 09:45:00+00:00,99201.83390568603
2025-05-27 10:00:00+00:00,99201.83390568603
2025-05-27 10:15:00+00:00,99201.83390568603
2025-05-27 10:30:00+00:00,99201.83390568603
2025-05-27 10:45:00+00:00,99201.83390568603
2025-05-27 11:00:00+00:00,99201.83390568603
2025-05-27 11:15:00+00:00,99201.83390568603
2025-05-27 11:30:00+00:00,99201.83390568603
2025-05-27 11:45:00+00:00,99201.83390568603
2025-05-27 12:00:00+00:00,99201.83390568603
2025-05-27 12:15:00+00:00,99201.83390568603
2025-05-27 12:30:00+00:00,99201.83390568603
2025-05-27 12:45:00+00:00,99201.83390568603
2025-05-27 13:00:00+00:00,99201.83390568603
2025-05-27 13:15:00+00:00,99201.83390568603
2025-05-27 13:30:00+00:00,99201.83390568603
2025-05-27 13:45:00+00:00,99201.83390568603
2025-05-27 14:00:00+00:00,99201.83390568603
2025-05-27 14:15:00+00:00,99201.83390568603
2025-05-27 14:30:00+00:00,99201.83390568603
2025-05-27 14:45:00+00:00,99201.83390568603
2025-05-27 15:00:00+00:00,99201.83390568603
2025-05-27 15:15:00+00:00,99201.83390568603
2025-05-27 15:30:00+00:00,99201.83390568603
2025-05-27 15:45:00+00:00,99201.83390568603
2025-05-27 16:00:00+00:00,99201.83390568603
2025-05-27 16:15:00+00:00,99201.83390568603
2025-05-27 16:30:00+00:00,99201.83390568603
2025-05-27 16:45:00+00:00,99201.83390568603
2025-05-27 17:00:00+00:00,99201.83390568603
2025-05-27 17:15:00+00:00,99201.83390568603
2025-05-27 17:30:00+00:00,99201.83390568603
2025-05-27 17:45:00+00:00,99201.83390568603
2025-05-27 18:00:00+00:00,99201.83390568603
2025-05-27 18:15:00+00:00,99201.83390568603
2025-05-27 18:30:00+00:00,99201.83390568603
2025-05-27 18:45:00+00:00,99201.83390568603
2025-05-27 19:00:00+00:00,99201.83390568603
2025-05-27 19:15:00+00:00,99201.83390568603
2025-05-27 19:30:00+00:00,99201.83390568603
2025-05-27 19:45:00+00:00,99201.83390568603
2025-05-27 20:00:00+00:00,99201.83390568603
2025-05-27 20:15:00+00:00,99201.83390568603
2025-05-27 20:30:00+00:00,99201.83390568603
2025-05-27 20:45:00+00:00,99201.83390568603
2025-05-27 21:00:00+00:00,99201.83390568603
2025-05-27 21:15:00+00:00,99201.83390568603
2025-05-27 21:30:00+00:00,99201.83390568603
2025-05-27 21:45:00+00:00,99201.83390568603
2025-05-27 22:00:00+00:00,99201.83390568603
2025-05-27 22:15:00+00:00,99201.83390568603
2025-05-27 22:30:00+00:00,99201.83390568603
2025-05-27 22:45:00+00:00,99201.83390568603
2025-05-27 23:00:00+00:00,99201.83390568603
2025-05-27 23:15:00+00:00,99201.83390568603
2025-05-27 23:30:00+00:00,99201.83390568603
2025-05-27 23:45:00+00:00,99201.83390568603
2025-05-28 00:00:00+00:00,99201.83390568603
2025-05-28 00:15:00+00:00,99201.83390568603
2025-05-28 00:30:00+00:00,99201.83390568603
2025-05-28 00:45:00+00:00,99201.83390568603
2025-05-28 01:00:00+00:00,99201.83390568603
2025-05-28 01:15:00+00:00,99201.83390568603
2025-05-28 01:30:00+00:00,99201.83390568603
2025-05-28 01:45:00+00:00,99201.83390568603
2025-05-28 02:00:00+00:00,99201.83390568603
2025-05-28 02:15:00+00:00,99201.83390568603
2025-05-28 02:30:00+00:00,99201.83390568603
2025-05-28 02:45:00+00:00,99201.83390568603
2025-05-28 03:00:00+00:00,99201.83390568603
2025-05-28 03:15:00+00:00,99201.83390568603
2025-05-28 03:30:00+00:00,99201.83390568603
2025-05-28 03:45:00+00:00,99201.83390568603
2025-05-28 04:00:00+00:00,99201.83390568603
2025-05-28 04:15:00+00:00,99201.83390568603
2025-05-28 04:30:00+00:00,99201.83390568603
2025-05-28 04:45:00+00:00,99201.83390568603
2025-05-28 05:00:00+00:00,99201.83390568603
2025-05-28 05:15:00+00:00,99201.83390568603
2025-05-28 05:30:00+00:00,99201.83390568603
2025-05-28 05:45:00+00:00,99201.83390568603
2025-05-28 06:00:00+00:00,99201.83390568603
2025-05-28 06:15:00+00:00,99201.83390568603
2025-05-28 06:30:00+00:00,99201.83390568603
2025-05-28 06:45:00+00:00,99201.83390568603
2025-05-28 07:00:00+00:00,99201.83390568603
2025-05-28 07:15:00+00:00,99201.83390568603
2025-05-28 07:30:00+00:00,99201.83390568603
2025-05-28 07:45:00+00:00,99201.83390568603
2025-05-28 08:00:00+00:00,99201.83390568603
2025-05-28 08:15:00+00:00,99201.83390568603
2025-05-28 08:30:00+00:00,99201.83390568603
2025-05-28 08:45:00+00:00,99201.83390568603
2025-05-28 09:00:00+00:00,99201.83390568603
2025-05-28 09:15:00+00:00,99201.83390568603
2025-05-28 09:30:00+00:00,99201.83390568603
2025-05-28 09:45:00+00:00,99201.83390568603
2025-05-28 10:00:00+00:00,99201.83390568603
2025-05-28 10:15:00+00:00,99201.83390568603
2025-05-28 10:30:00+00:00,99201.83390568603
2025-05-28 10:45:00+00:00,99201.83390568603
2025-05-28 11:00:00+00:00,99201.83390568603
2025-05-28 11:15:00+00:00,99201.83390568603
2025-05-28 11:30:00+00:00,99201.83390568603
2025-05-28 11:45:00+00:00,99201.83390568603
2025-05-28 12:00:00+00:00,99201.83390568603
2025-05-28 12:15:00+00:00,99201.83390568603
2025-05-28 12:30:00+00:00,99201.83390568603
2025-05-28 12:45:00+00:00,99201.83390568603
2025-05-28 13:00:00+00:00,99201.83390568603
2025-05-28 13:15:00+00:00,99201.83390568603
2025-05-28 13:30:00+00:00,99201.83390568603
2025-05-28 13:45:00+00:00,99201.83390568603
2025-05-28 14:00:00+00:00,99201.83390568603
2025-05-28 14:15:00+00:00,99201.83390568603
2025-05-28 14:30:00+00:00,99201.83390568603
2025-05-28 14:45:00+00:00,99201.83390568603
2025-05-28 15:00:00+00:00,99201.83390568603
2025-05-28 15:15:00+00:00,99201.83390568603
2025-05-28 15:30:00+00:00,99201.83390568603
2025-05-28 15:45:00+00:00,99201.83390568603
2025-05-28 16:00:00+00:00,99201.83390568603
2025-05-28 16:15:00+00:00,99201.83390568603
2025-05-28 16:30:00+00:00,99201.83390568603
2025-05-28 16:45:00+00:00,99201.83390568603
2025-05-28 17:00:00+00:00,99201.83390568603
2025-05-28 17:15:00+00:00,99201.83390568603
2025-05-28 17:30:00+00:00,99201.83390568603
2025-05-28 17:45:00+00:00,99201.83390568603
2025-05-28 18:00:00+00:00,99201.83390568603
2025-05-28 18:15:00+00:00,99201.83390568603
2025-05-28 18:30:00+00:00,99201.83390568603
2025-05-28 18:45:00+00:00,99201.83390568603
2025-05-28 19:00:00+00:00,99201.83390568603
2025-05-28 19:15:00+00:00,99201.83390568603
2025-05-28 19:30:00+00:00,99201.83390568603
2025-05-28 19:45:00+00:00,99201.83390568603
2025-05-28 20:00:00+00:00,99201.83390568603
2025-05-28 20:15:00+00:00,99201.83390568603
2025-05-28 20:30:00+00:00,99201.83390568603
2025-05-28 20:45:00+00:00,99201.83390568603
2025-05-28 21:00:00+00:00,99201.83390568603
2025-05-28 21:15:00+00:00,99201.83390568603
2025-05-28 21:30:00+00:00,99201.83390568603
2025-05-28 21:45:00+00:00,99201.83390568603
2025-05-28 22:00:00+00:00,99201.83390568603
2025-05-28 22:15:00+00:00,99201.83390568603
2025-05-28 22:30:00+00:00,99201.83390568603
2025-05-28 22:45:00+00:00,99201.83390568603
2025-05-28 23:00:00+00:00,99201.83390568603
2025-05-28 23:15:00+00:00,99201.83390568603
2025-05-28 23:30:00+00:00,99201.83390568603
2025-05-28 23:45:00+00:00,99201.83390568603
2025-05-29 00:00:00+00:00,99201.83390568603
2025-05-29 00:15:00+00:00,99201.83390568603
2025-05-29 00:30:00+00:00,99201.83390568603
2025-05-29 00:45:00+00:00,99201.83390568603
2025-05-29 01:00:00+00:00,99201.83390568603
2025-05-29 01:15:00+00:00,99201.83390568603
2025-05-29 01:30:00+00:00,99201.83390568603
2025-05-29 01:45:00+00:00,99201.83390568603
2025-05-29 02:00:00+00:00,99201.83390568603
2025-05-29 02:15:00+00:00,99201.83390568603
2025-05-29 02:30:00+00:00,99201.83390568603
2025-05-29 02:45:00+00:00,99201.83390568603
2025-05-29 03:00:00+00:00,99201.83390568603
2025-05-29 03:15:00+00:00,99201.83390568603
2025-05-29 03:30:00+00:00,99201.83390568603
2025-05-29 03:45:00+00:00,99201.83390568603
2025-05-29 04:00:00+00:00,99201.83390568603
2025-05-29 04:15:00+00:00,99201.83390568603
2025-05-29 04:30:00+00:00,99201.83390568603
2025-05-29 04:45:00+00:00,99201.83390568603
2025-05-29 05:00:00+00:00,99201.83390568603
2025-05-29 05:15:00+00:00,99201.83390568603
2025-05-29 05:30:00+00:00,99201.83390568603
2025-05-29 05:45:00+00:00,99201.83390568603
2025-05-29 06:00:00+00:00,99201.83390568603
2025-05-29 06:15:00+00:00,99201.83390568603
2025-05-29 06:30:00+00:00,99201.83390568603
2025-05-29 06:45:00+00:00,99201.83390568603
2025-05-29 07:00:00+00:00,99201.83390568603
2025-05-29 07:15:00+00:00,99201.83390568603
2025-05-29 07:30:00+00:00,99201.83390568603
2025-05-29 07:45:00+00:00,99201.83390568603
2025-05-29 08:00:00+00:00,99201.83390568603
2025-05-29 08:15:00+00:00,99201.83390568603
2025-05-29 08:30:00+00:00,99201.83390568603
2025-05-29 08:45:00+00:00,99201.83390568603
2025-05-29 09:00:00+00:00,99201.83390568603
2025-05-29 09:15:00+00:00,99201.83390568603
2025-05-29 09:30:00+00:00,99201.83390568603
2025-05-29 09:45:00+00:00,99201.83390568603
2025-05-29 10:00:00+00:00,99201.83390568603
2025-05-29 10:15:00+00:00,99201.83390568603
2025-05-29 10:30:00+00:00,99201.83390568603
2025-05-29 10:45:00+00:00,99201.83390568603
2025-05-29 11:00:00+00:00,99201.83390568603
2025-05-29 11:15:00+00:00,99201.83390568603
2025-05-29 11:30:00+00:00,99201.83390568603
2025-05-29 11:45:00+00:00,99201.83390568603
2025-05-29 12:00:00+00:00,99201.83390568603
2025-05-29 12:15:00+00:00,99201.83390568603
2025-05-29 12:30:00+00:00,99201.83390568603
2025-05-29 12:45:00+00:00,99201.83390568603
2025-05-29 13:00:00+00:00,99201.83390568603
2025-05-29 13:15:00+00:00,99201.83390568603
2025-05-29 13:30:00+00:00,99201.83390568603
2025-05-29 13:45:00+00:00,99201.83390568603
2025-05-29 14:00:00+00:00,99201.83390568603
2025-05-29 14:15:00+00:00,99201.83390568603
2025-05-29 14:30:00+00:00,99201.83390568603
2025-05-29 14:45:00+00:00,99201.83390568603
2025-05-29 15:00:00+00:00,99201.83390568603
2025-05-29 15:15:00+00:00,99201.83390568603
2025-05-29 15:30:00+00:00,99201.83390568603
2025-05-29 15:45:00+00:00,99201.83390568603
2025-05-29 16:00:00+00:00,99201.83390568603
2025-05-29 16:15:00+00:00,99201.83390568603
2025-05-29 16:30:00+00:00,99201.83390568603
2025-05-29 16:45:00+00:00,99201.83390568603
2025-05-29 17:00:00+00:00,99201.25263415667
2025-05-29 17:15:00+00:00,99200.19829911765
2025-05-29 17:30:00+00:00,99193.90723174017
2025-05-29 17:45:00+00:00,99195.97013466206
2025-05-29 18:00:00+00:00,99198.50010612146
2025-05-29 18:15:00+00:00,99196.65544153005
2025-05-29 18:30:00+00:00,99194.69351756213
2025-05-29 18:45:00+00:00,99177.8594207346
2025-05-29 19:00:00+00:00,99177.8594207346
2025-05-29 19:15:00+00:00,99177.8594207346
2025-05-29 19:30:00+00:00,99177.8594207346
2025-05-29 19:45:00+00:00,99177.8594207346
2025-05-29 20:00:00+00:00,99177.8594207346
2025-05-29 20:15:00+00:00,99177.8594207346
2025-05-29 20:30:00+00:00,99177.8594207346
2025-05-29 20:45:00+00:00,99177.8594207346
2025-05-29 21:00:00+00:00,99177.8594207346
2025-05-29 21:15:00+00:00,99177.8594207346
2025-05-29 21:30:00+00:00,99177.8594207346
2025-05-29 21:45:00+00:00,99177.8594207346
2025-05-29 22:00:00+00:00,99177.8594207346
2025-05-29 22:15:00+00:00,99177.8594207346
2025-05-29 22:30:00+00:00,99177.8594207346
2025-05-29 22:45:00+00:00,99177.8594207346
2025-05-29 23:00:00+00:00,99177.8594207346
2025-05-29 23:15:00+00:00,99177.8594207346
2025-05-29 23:30:00+00:00,99177.8594207346
2025-05-29 23:45:00+00:00,99177.8594207346
2025-05-30 00:00:00+00:00,99177.8594207346
2025-05-30 00:15:00+00:00,99177.8594207346
2025-05-30 00:30:00+00:00,99177.8594207346
2025-05-30 00:45:00+00:00,99177.8594207346
2025-05-30 01:00:00+00:00,99177.8594207346
2025-05-30 01:15:00+00:00,99177.8594207346
2025-05-30 01:30:00+00:00,99177.8594207346
2025-05-30 01:45:00+00:00,99177.8594207346
2025-05-30 02:00:00+00:00,99177.8594207346
2025-05-30 02:15:00+00:00,99177.8594207346
2025-05-30 02:30:00+00:00,99177.8594207346
2025-05-30 02:45:00+00:00,99177.8594207346
2025-05-30 03:00:00+00:00,99177.8594207346
2025-05-30 03:15:00+00:00,99177.8594207346
2025-05-30 03:30:00+00:00,99177.8594207346
2025-05-30 03:45:00+00:00,99177.8594207346
2025-05-30 04:00:00+00:00,99177.8594207346
2025-05-30 04:15:00+00:00,99177.8594207346
2025-05-30 04:30:00+00:00,99177.8594207346
2025-05-30 04:45:00+00:00,99177.8594207346
2025-05-30 05:00:00+00:00,99177.8594207346
2025-05-30 05:15:00+00:00,99177.8594207346
2025-05-30 05:30:00+00:00,99177.8594207346
2025-05-30 05:45:00+00:00,99177.8594207346
2025-05-30 06:00:00+00:00,99177.8594207346
2025-05-30 06:15:00+00:00,99177.8594207346
2025-05-30 06:30:00+00:00,99177.8594207346
2025-05-30 06:45:00+00:00,99177.8594207346
2025-05-30 07:00:00+00:00,99177.8594207346
2025-05-30 07:15:00+00:00,99177.8594207346
2025-05-30 07:30:00+00:00,99177.8594207346
2025-05-30 07:45:00+00:00,99177.8594207346
2025-05-30 08:00:00+00:00,99177.8594207346
2025-05-30 08:15:00+00:00,99177.8594207346
2025-05-30 08:30:00+00:00,99177.8594207346
2025-05-30 08:45:00+00:00,99177.8594207346
2025-05-30 09:00:00+00:00,99177.8594207346
2025-05-30 09:15:00+00:00,99177.8594207346
2025-05-30 09:30:00+00:00,99177.8594207346
2025-05-30 09:45:00+00:00,99177.8594207346
2025-05-30 10:00:00+00:00,99177.8594207346
2025-05-30 10:15:00+00:00,99177.8594207346
2025-05-30 10:30:00+00:00,99177.8594207346
2025-05-30 10:45:00+00:00,99177.8594207346
2025-05-30 11:00:00+00:00,99177.8594207346
2025-05-30 11:15:00+00:00,99177.8594207346
2025-05-30 11:30:00+00:00,99177.8594207346
2025-05-30 11:45:00+00:00,99177.8594207346
2025-05-30 12:00:00+00:00,99177.8594207346
2025-05-30 12:15:00+00:00,99177.8594207346
2025-05-30 12:30:00+00:00,99177.8594207346
2025-05-30 12:45:00+00:00,99177.8594207346
2025-05-30 13:00:00+00:00,99177.8594207346
2025-05-30 13:15:00+00:00,99177.8594207346
2025-05-30 13:30:00+00:00,99177.8594207346
2025-05-30 13:45:00+00:00,99177.8594207346
2025-05-30 14:00:00+00:00,99177.8594207346
2025-05-30 14:15:00+00:00,99177.8594207346
2025-05-30 14:30:00+00:00,99177.8594207346
2025-05-30 14:45:00+00:00,99177.8594207346
2025-05-30 15:00:00+00:00,99177.8594207346
2025-05-30 15:15:00+00:00,99177.8594207346
2025-05-30 15:30:00+00:00,99177.8594207346
2025-05-30 15:45:00+00:00,99177.8594207346
2025-05-30 16:00:00+00:00,99177.8594207346
2025-05-30 16:15:00+00:00,99177.8594207346
2025-05-30 16:30:00+00:00,99177.8594207346
2025-05-30 16:45:00+00:00,99177.8594207346
2025-05-30 17:00:00+00:00,99177.8594207346
2025-05-30 17:15:00+00:00,99177.8594207346
2025-05-30 17:30:00+00:00,99177.8594207346
2025-05-30 17:45:00+00:00,99177.8594207346
2025-05-30 18:00:00+00:00,99177.8594207346
2025-05-30 18:15:00+00:00,99177.8594207346
2025-05-30 18:30:00+00:00,99177.8594207346
2025-05-30 18:45:00+00:00,99177.8594207346
2025-05-30 19:00:00+00:00,99177.8594207346
2025-05-30 19:15:00+00:00,99177.8594207346
2025-05-30 19:30:00+00:00,99177.8594207346
2025-05-30 19:45:00+00:00,99177.8594207346
2025-05-30 20:00:00+00:00,99177.8594207346
2025-05-30 20:15:00+00:00,99177.8594207346
2025-05-30 20:30:00+00:00,99177.8594207346
2025-05-30 20:45:00+00:00,99177.8594207346
2025-05-30 21:00:00+00:00,99177.8594207346
2025-05-30 21:15:00+00:00,99177.8594207346
2025-05-30 21:30:00+00:00,99177.8594207346
2025-05-30 21:45:00+00:00,99177.8594207346
2025-05-30 22:00:00+00:00,99177.8594207346
2025-05-30 22:15:00+00:00,99177.8594207346
2025-05-30 22:30:00+00:00,99177.8594207346
2025-05-30 22:45:00+00:00,99177.8594207346
2025-05-30 23:00:00+00:00,99177.8594207346
2025-05-30 23:15:00+00:00,99177.8594207346
2025-05-30 23:30:00+00:00,99177.8594207346
2025-05-30 23:45:00+00:00,99177.8594207346
2025-05-31 00:00:00+00:00,99177.8594207346
2025-05-31 00:15:00+00:00,99177.8594207346
2025-05-31 00:30:00+00:00,99177.8594207346
2025-05-31 00:45:00+00:00,99177.8594207346
2025-05-31 01:00:00+00:00,99177.8594207346
2025-05-31 01:15:00+00:00,99177.8594207346
2025-05-31 01:30:00+00:00,99177.8594207346
2025-05-31 01:45:00+00:00,99177.8594207346
2025-05-31 02:00:00+00:00,99177.8594207346
2025-05-31 02:15:00+00:00,99177.8594207346
2025-05-31 02:30:00+00:00,99177.8594207346
2025-05-31 02:45:00+00:00,99177.8594207346
2025-05-31 03:00:00+00:00,99177.8594207346
2025-05-31 03:15:00+00:00,99177.8594207346
2025-05-31 03:30:00+00:00,99177.8594207346
2025-05-31 03:45:00+00:00,99177.8594207346
2025-05-31 04:00:00+00:00,99177.8594207346
2025-05-31 04:15:00+00:00,99177.8594207346
2025-05-31 04:30:00+00:00,99177.8594207346
2025-05-31 04:45:00+00:00,99177.8594207346
2025-05-31 05:00:00+00:00,99177.8594207346
2025-05-31 05:15:00+00:00,99177.8594207346
2025-05-31 05:30:00+00:00,99177.8594207346
2025-05-31 05:45:00+00:00,99177.8594207346
2025-05-31 06:00:00+00:00,99177.8594207346
2025-05-31 06:15:00+00:00,99177.8594207346
2025-05-31 06:30:00+00:00,99177.8594207346
2025-05-31 06:45:00+00:00,99177.8594207346
2025-05-31 07:00:00+00:00,99177.8594207346
2025-05-31 07:15:00+00:00,99177.8594207346
2025-05-31 07:30:00+00:00,99177.8594207346
2025-05-31 07:45:00+00:00,99177.8594207346
2025-05-31 08:00:00+00:00,99177.8594207346
2025-05-31 08:15:00+00:00,99177.8594207346
2025-05-31 08:30:00+00:00,99177.8594207346
2025-05-31 08:45:00+00:00,99177.8594207346
2025-05-31 09:00:00+00:00,99177.8594207346
2025-05-31 09:15:00+00:00,99177.8594207346
2025-05-31 09:30:00+00:00,99177.8594207346
2025-05-31 09:45:00+00:00,99177.8594207346
2025-05-31 10:00:00+00:00,99177.8594207346
2025-05-31 10:15:00+00:00,99177.8594207346
2025-05-31 10:30:00+00:00,99177.8594207346
2025-05-31 10:45:00+00:00,99177.8594207346
2025-05-31 11:00:00+00:00,99177.8594207346
2025-05-31 11:15:00+00:00,99177.8594207346
2025-05-31 11:30:00+00:00,99177.8594207346
2025-05-31 11:45:00+00:00,99177.8594207346
2025-05-31 12:00:00+00:00,99177.8594207346
2025-05-31 12:15:00+00:00,99177.8594207346
2025-05-31 12:30:00+00:00,99177.8594207346
2025-05-31 12:45:00+00:00,99177.8594207346
2025-05-31 13:00:00+00:00,99177.8594207346
2025-05-31 13:15:00+00:00,99177.8594207346
2025-05-31 13:30:00+00:00,99177.8594207346
2025-05-31 13:45:00+00:00,99177.8594207346
2025-05-31 14:00:00+00:00,99177.8594207346
2025-05-31 14:15:00+00:00,99177.8594207346
2025-05-31 14:30:00+00:00,99177.8594207346
2025-05-31 14:45:00+00:00,99177.8594207346
2025-05-31 15:00:00+00:00,99177.8594207346
2025-05-31 15:15:00+00:00,99177.8594207346
2025-05-31 15:30:00+00:00,99177.8594207346
2025-05-31 15:45:00+00:00,99177.8594207346
2025-05-31 16:00:00+00:00,99177.8594207346
2025-05-31 16:15:00+00:00,99177.8594207346
2025-05-31 16:30:00+00:00,99177.8594207346
2025-05-31 16:45:00+00:00,99177.8594207346
2025-05-31 17:00:00+00:00,99177.8594207346
2025-05-31 17:15:00+00:00,99177.8594207346
2025-05-31 17:30:00+00:00,99177.8594207346
2025-05-31 17:45:00+00:00,99177.8594207346
2025-05-31 18:00:00+00:00,99177.8594207346
2025-05-31 18:15:00+00:00,99177.8594207346
2025-05-31 18:30:00+00:00,99177.8594207346
2025-05-31 18:45:00+00:00,99177.8594207346
2025-05-31 19:00:00+00:00,99177.8594207346
2025-05-31 19:15:00+00:00,99177.8594207346
2025-05-31 19:30:00+00:00,99177.8594207346
2025-05-31 19:45:00+00:00,99177.8594207346
2025-05-31 20:00:00+00:00,99177.8594207346
2025-05-31 20:15:00+00:00,99177.8594207346
2025-05-31 20:30:00+00:00,99177.8594207346
2025-05-31 20:45:00+00:00,99177.8594207346
2025-05-31 21:00:00+00:00,99177.8594207346
2025-05-31 21:15:00+00:00,99177.8594207346
2025-05-31 21:30:00+00:00,99177.8594207346
2025-05-31 21:45:00+00:00,99177.8594207346
2025-05-31 22:00:00+00:00,99177.8594207346
2025-05-31 22:15:00+00:00,99177.8594207346
2025-05-31 22:30:00+00:00,99177.8594207346
2025-05-31 22:45:00+00:00,99177.8594207346
2025-05-31 23:00:00+00:00,99177.8594207346
2025-05-31 23:15:00+00:00,99177.8594207346
2025-05-31 23:30:00+00:00,99177.8594207346
2025-05-31 23:45:00+00:00,99177.8594207346
2025-06-01 00:00:00+00:00,99177.8594207346
2025-06-01 00:15:00+00:00,99177.8594207346
2025-06-01 00:30:00+00:00,99177.8594207346
2025-06-01 00:45:00+00:00,99177.8594207346
2025-06-01 01:00:00+00:00,99177.8594207346
2025-06-01 01:15:00+00:00,99177.8594207346
2025-06-01 01:30:00+00:00,99177.8594207346
2025-06-01 01:45:00+00:00,99177.8594207346
2025-06-01 02:00:00+00:00,99177.8594207346
2025-06-01 02:15:00+00:00,99177.8594207346
2025-06-01 02:30:00+00:00,99177.8594207346
2025-06-01 02:45:00+00:00,99177.8594207346
2025-06-01 03:00:00+00:00,99177.8594207346
2025-06-01 03:15:00+00:00,99177.8594207346
2025-06-01 03:30:00+00:00,99177.8594207346
2025-06-01 03:45:00+00:00,99177.8594207346
2025-06-01 04:00:00+00:00,99177.8594207346
2025-06-01 04:15:00+00:00,99177.8594207346
2025-06-01 04:30:00+00:00,99175.36157706394
2025-06-01 04:45:00+00:00,99176.14100279512
2025-06-01 05:00:00+00:00,99175.25040652441
2025-06-01 05:15:00+00:00,99176.99570519077
2025-06-01 05:30:00+00:00,99177.74527306242
2025-06-01 05:45:00+00:00,99177.51341296735
2025-06-01 06:00:00+00:00,99175.14585595982
2025-06-01 06:15:00+00:00,99175.14585595982
2025-06-01 06:30:00+00:00,99175.14585595982
2025-06-01 06:45:00+00:00,99175.14585595982
2025-06-01 07:00:00+00:00,99175.14585595982
2025-06-01 07:15:00+00:00,99175.14585595982
2025-06-01 07:30:00+00:00,99175.14585595982
2025-06-01 07:45:00+00:00,99175.14585595982
2025-06-01 08:00:00+00:00,99175.14585595982
2025-06-01 08:15:00+00:00,99175.14585595982
2025-06-01 08:30:00+00:00,99175.14585595982
2025-06-01 08:45:00+00:00,99175.14585595982
2025-06-01 09:00:00+00:00,99175.14585595982
2025-06-01 09:15:00+00:00,99175.14585595982
2025-06-01 09:30:00+00:00,99175.14585595982
2025-06-01 09:45:00+00:00,99175.14585595982
2025-06-01 10:00:00+00:00,99175.14585595982
2025-06-01 10:15:00+00:00,99175.14585595982
2025-06-01 10:30:00+00:00,99175.14585595982
2025-06-01 10:45:00+00:00,99175.14585595982
2025-06-01 11:00:00+00:00,99175.14585595982
2025-06-01 11:15:00+00:00,99175.14585595982
2025-06-01 11:30:00+00:00,99175.14585595982
2025-06-01 11:45:00+00:00,99175.14585595982
2025-06-01 12:00:00+00:00,99175.14585595982
2025-06-01 12:15:00+00:00,99175.14585595982
2025-06-01 12:30:00+00:00,99175.14585595982
2025-06-01 12:45:00+00:00,99175.14585595982
2025-06-01 13:00:00+00:00,99175.14585595982
2025-06-01 13:15:00+00:00,99175.14585595982
2025-06-01 13:30:00+00:00,99175.14585595982
2025-06-01 13:45:00+00:00,99175.14585595982
2025-06-01 14:00:00+00:00,99175.14585595982
2025-06-01 14:15:00+00:00,99175.14585595982
2025-06-01 14:30:00+00:00,99175.14585595982
2025-06-01 14:45:00+00:00,99175.14585595982
2025-06-01 15:00:00+00:00,99175.14585595982
2025-06-01 15:15:00+00:00,99175.14585595982
2025-06-01 15:30:00+00:00,99175.14585595982
2025-06-01 15:45:00+00:00,99175.14585595982
2025-06-01 16:00:00+00:00,99175.14585595982
2025-06-01 16:15:00+00:00,99174.32728829847
2025-06-01 16:30:00+00:00,99173.42146726044
2025-06-01 16:45:00+00:00,99175.97537082431
2025-06-01 17:00:00+00:00,99174.79759545291
2025-06-01 17:15:00+00:00,99175.22100507312
2025-06-01 17:30:00+00:00,99175.78552563247
2025-06-01 17:45:00+00:00,99175.58486518708
2025-06-01 18:00:00+00:00,99176.46739542362
2025-06-01 18:15:00+00:00,99177.32188868498
2025-06-01 18:30:00+00:00,99177.32188868498
2025-06-01 18:45:00+00:00,99177.32188868498
2025-06-01 19:00:00+00:00,99177.32188868498
2025-06-01 19:15:00+00:00,99177.32188868498
2025-06-01 19:30:00+00:00,99177.32188868498
2025-06-01 19:45:00+00:00,99177.32188868498
2025-06-01 20:00:00+00:00,99177.32188868498
2025-06-01 20:15:00+00:00,99177.32188868498
2025-06-01 20:30:00+00:00,99177.32188868498
2025-06-01 20:45:00+00:00,99177.32188868498
2025-06-01 21:00:00+00:00,99177.32188868498
2025-06-01 21:15:00+00:00,99177.32188868498
2025-06-01 21:30:00+00:00,99177.32188868498
2025-06-01 21:45:00+00:00,99177.32188868498
2025-06-01 22:00:00+00:00,99177.32188868498
2025-06-01 22:15:00+00:00,99177.32188868498
2025-06-01 22:30:00+00:00,99177.32188868498
2025-06-01 22:45:00+00:00,99177.32188868498
2025-06-01 23:00:00+00:00,99177.32188868498
2025-06-01 23:15:00+00:00,99177.32188868498
2025-06-01 23:30:00+00:00,99177.32188868498
2025-06-01 23:45:00+00:00,99177.32188868498
2025-06-02 00:00:00+00:00,99177.32188868498
2025-06-02 00:15:00+00:00,99177.32188868498
2025-06-02 00:30:00+00:00,99177.32188868498
2025-06-02 00:45:00+00:00,99177.32188868498
2025-06-02 01:00:00+00:00,99177.32188868498
2025-06-02 01:15:00+00:00,99177.32188868498
2025-06-02 01:30:00+00:00,99177.32188868498
2025-06-02 01:45:00+00:00,99177.32188868498
2025-06-02 02:00:00+00:00,99177.32188868498
2025-06-02 02:15:00+00:00,99177.32188868498
2025-06-02 02:30:00+00:00,99177.32188868498
2025-06-02 02:45:00+00:00,99177.32188868498
2025-06-02 03:00:00+00:00,99177.32188868498
2025-06-02 03:15:00+00:00,99177.32188868498
2025-06-02 03:30:00+00:00,99177.32188868498
2025-06-02 03:45:00+00:00,99177.32188868498
2025-06-02 04:00:00+00:00,99177.32188868498
2025-06-02 04:15:00+00:00,99177.32188868498
2025-06-02 04:30:00+00:00,99177.32188868498
2025-06-02 04:45:00+00:00,99177.32188868498
2025-06-02 05:00:00+00:00,99177.32188868498
2025-06-02 05:15:00+00:00,99177.32188868498
2025-06-02 05:30:00+00:00,99177.32188868498
2025-06-02 05:45:00+00:00,99177.32188868498
2025-06-02 06:00:00+00:00,99177.32188868498
2025-06-02 06:15:00+00:00,99177.32188868498
2025-06-02 06:30:00+00:00,99177.32188868498
2025-06-02 06:45:00+00:00,99177.32188868498
2025-06-02 07:00:00+00:00,99177.32188868498
2025-06-02 07:15:00+00:00,99177.32188868498
2025-06-02 07:30:00+00:00,99177.32188868498
2025-06-02 07:45:00+00:00,99177.32188868498
2025-06-02 08:00:00+00:00,99177.32188868498
2025-06-02 08:15:00+00:00,99177.32188868498
2025-06-02 08:30:00+00:00,99177.32188868498
2025-06-02 08:45:00+00:00,99177.32188868498
2025-06-02 09:00:00+00:00,99177.32188868498
2025-06-02 09:15:00+00:00,99177.32188868498
2025-06-02 09:30:00+00:00,99177.32188868498
2025-06-02 09:45:00+00:00,99177.32188868498
2025-06-02 10:00:00+00:00,99177.32188868498
2025-06-02 10:15:00+00:00,99177.32188868498
2025-06-02 10:30:00+00:00,99177.32188868498
2025-06-02 10:45:00+00:00,99177.32188868498
2025-06-02 11:00:00+00:00,99177.32188868498
2025-06-02 11:15:00+00:00,99177.32188868498
2025-06-02 11:30:00+00:00,99177.32188868498
2025-06-02 11:45:00+00:00,99177.32188868498
2025-06-02 12:00:00+00:00,99177.32188868498
2025-06-02 12:15:00+00:00,99177.32188868498
2025-06-02 12:30:00+00:00,99177.32188868498
2025-06-02 12:45:00+00:00,99177.32188868498
2025-06-02 13:00:00+00:00,99177.32188868498
2025-06-02 13:15:00+00:00,99177.32188868498
2025-06-02 13:30:00+00:00,99177.32188868498
2025-06-02 13:45:00+00:00,99177.32188868498
2025-06-02 14:00:00+00:00,99177.32188868498
2025-06-02 14:15:00+00:00,99177.32188868498
2025-06-02 14:30:00+00:00,99177.32188868498
2025-06-02 14:45:00+00:00,99177.32188868498
2025-06-02 15:00:00+00:00,99177.32188868498
2025-06-02 15:15:00+00:00,99177.32188868498
2025-06-02 15:30:00+00:00,99177.32188868498
2025-06-02 15:45:00+00:00,99177.32188868498
2025-06-02 16:00:00+00:00,99177.32188868498
2025-06-02 16:15:00+00:00,99177.32188868498
2025-06-02 16:30:00+00:00,99177.32188868498
2025-06-02 16:45:00+00:00,99177.32188868498
2025-06-02 17:00:00+00:00,99177.32188868498
2025-06-02 17:15:00+00:00,99177.32188868498
2025-06-02 17:30:00+00:00,99177.32188868498
2025-06-02 17:45:00+00:00,99177.32188868498
2025-06-02 18:00:00+00:00,99177.32188868498
2025-06-02 18:15:00+00:00,99177.32188868498
2025-06-02 18:30:00+00:00,99177.32188868498
2025-06-02 18:45:00+00:00,99177.32188868498
2025-06-02 19:00:00+00:00,99177.32188868498
2025-06-02 19:15:00+00:00,99177.32188868498
2025-06-02 19:30:00+00:00,99177.32188868498
2025-06-02 19:45:00+00:00,99177.32188868498
2025-06-02 20:00:00+00:00,99177.32188868498
2025-06-02 20:15:00+00:00,99177.32188868498
2025-06-02 20:30:00+00:00,99177.32188868498
2025-06-02 20:45:00+00:00,99177.32188868498
2025-06-02 21:00:00+00:00,99177.32188868498
2025-06-02 21:15:00+00:00,99177.32188868498
2025-06-02 21:30:00+00:00,99177.32188868498
2025-06-02 21:45:00+00:00,99177.32188868498
2025-06-02 22:00:00+00:00,99177.32188868498
2025-06-02 22:15:00+00:00,99177.32188868498
2025-06-02 22:30:00+00:00,99177.32188868498
2025-06-02 22:45:00+00:00,99177.32188868498
2025-06-02 23:00:00+00:00,99177.32188868498
2025-06-02 23:15:00+00:00,99177.32188868498
2025-06-02 23:30:00+00:00,99177.32188868498
2025-06-02 23:45:00+00:00,99177.32188868498
2025-06-03 00:00:00+00:00,99177.32188868498
2025-06-03 00:15:00+00:00,99177.32188868498
2025-06-03 00:30:00+00:00,99177.32188868498
2025-06-03 00:45:00+00:00,99177.32188868498
2025-06-03 01:00:00+00:00,99177.32188868498
2025-06-03 01:15:00+00:00,99177.32188868498
2025-06-03 01:30:00+00:00,99177.32188868498
2025-06-03 01:45:00+00:00,99177.32188868498
2025-06-03 02:00:00+00:00,99177.32188868498
2025-06-03 02:15:00+00:00,99177.32188868498
2025-06-03 02:30:00+00:00,99177.32188868498
2025-06-03 02:45:00+00:00,99177.32188868498
2025-06-03 03:00:00+00:00,99177.32188868498
2025-06-03 03:15:00+00:00,99177.32188868498
2025-06-03 03:30:00+00:00,99177.32188868498
2025-06-03 03:45:00+00:00,99177.32188868498
2025-06-03 04:00:00+00:00,99177.32188868498
2025-06-03 04:15:00+00:00,99177.32188868498
2025-06-03 04:30:00+00:00,99177.32188868498
2025-06-03 04:45:00+00:00,99177.32188868498
2025-06-03 05:00:00+00:00,99177.32188868498
2025-06-03 05:15:00+00:00,99177.32188868498
2025-06-03 05:30:00+00:00,99177.32188868498
2025-06-03 05:45:00+00:00,99177.32188868498
2025-06-03 06:00:00+00:00,99177.32188868498
2025-06-03 06:15:00+00:00,99177.32188868498
2025-06-03 06:30:00+00:00,99177.32188868498
2025-06-03 06:45:00+00:00,99177.32188868498
2025-06-03 07:00:00+00:00,99177.32188868498
2025-06-03 07:15:00+00:00,99177.32188868498
2025-06-03 07:30:00+00:00,99177.32188868498
2025-06-03 07:45:00+00:00,99177.32188868498
2025-06-03 08:00:00+00:00,99177.32188868498
2025-06-03 08:15:00+00:00,99177.32188868498
2025-06-03 08:30:00+00:00,99177.32188868498
2025-06-03 08:45:00+00:00,99177.32188868498
2025-06-03 09:00:00+00:00,99177.32188868498
2025-06-03 09:15:00+00:00,99177.32188868498
2025-06-03 09:30:00+00:00,99177.32188868498
2025-06-03 09:45:00+00:00,99177.32188868498
2025-06-03 10:00:00+00:00,99177.32188868498
2025-06-03 10:15:00+00:00,99177.32188868498
2025-06-03 10:30:00+00:00,99177.32188868498
2025-06-03 10:45:00+00:00,99177.32188868498
2025-06-03 11:00:00+00:00,99177.32188868498
2025-06-03 11:15:00+00:00,99177.32188868498
2025-06-03 11:30:00+00:00,99177.32188868498
2025-06-03 11:45:00+00:00,99177.32188868498
2025-06-03 12:00:00+00:00,99177.32188868498
2025-06-03 12:15:00+00:00,99177.32188868498
2025-06-03 12:30:00+00:00,99177.32188868498
2025-06-03 12:45:00+00:00,99177.32188868498
2025-06-03 13:00:00+00:00,99177.32188868498
2025-06-03 13:15:00+00:00,99177.32188868498
2025-06-03 13:30:00+00:00,99177.32188868498
2025-06-03 13:45:00+00:00,99177.32188868498
2025-06-03 14:00:00+00:00,99177.32188868498
2025-06-03 14:15:00+00:00,99177.32188868498
2025-06-03 14:30:00+00:00,99177.32188868498
2025-06-03 14:45:00+00:00,99177.32188868498
2025-06-03 15:00:00+00:00,99177.32188868498
2025-06-03 15:15:00+00:00,99177.32188868498
2025-06-03 15:30:00+00:00,99177.32188868498
2025-06-03 15:45:00+00:00,99177.32188868498
2025-06-03 16:00:00+00:00,99177.32188868498
2025-06-03 16:15:00+00:00,99177.32188868498
2025-06-03 16:30:00+00:00,99177.32188868498
2025-06-03 16:45:00+00:00,99177.32188868498
2025-06-03 17:00:00+00:00,99177.32188868498
2025-06-03 17:15:00+00:00,99177.32188868498
2025-06-03 17:30:00+00:00,99177.32188868498
2025-06-03 17:45:00+00:00,99177.32188868498
2025-06-03 18:00:00+00:00,99177.32188868498
2025-06-03 18:15:00+00:00,99177.32188868498
2025-06-03 18:30:00+00:00,99177.32188868498
2025-06-03 18:45:00+00:00,99177.32188868498
2025-06-03 19:00:00+00:00,99177.32188868498
2025-06-03 19:15:00+00:00,99177.32188868498
2025-06-03 19:30:00+00:00,99177.32188868498
2025-06-03 19:45:00+00:00,99177.32188868498
2025-06-03 20:00:00+00:00,99177.32188868498
2025-06-03 20:15:00+00:00,99177.32188868498
2025-06-03 20:30:00+00:00,99177.32188868498
2025-06-03 20:45:00+00:00,99177.32188868498
2025-06-03 21:00:00+00:00,99177.32188868498
2025-06-03 21:15:00+00:00,99177.32188868498
2025-06-03 21:30:00+00:00,99177.32188868498
2025-06-03 21:45:00+00:00,99177.32188868498
2025-06-03 22:00:00+00:00,99177.32188868498
2025-06-03 22:15:00+00:00,99177.32188868498
2025-06-03 22:30:00+00:00,99177.32188868498
2025-06-03 22:45:00+00:00,99177.32188868498
2025-06-03 23:00:00+00:00,99177.32188868498
2025-06-03 23:15:00+00:00,99177.32188868498
2025-06-03 23:30:00+00:00,99177.32188868498
2025-06-03 23:45:00+00:00,99177.32188868498
2025-06-04 00:00:00+00:00,99177.32188868498
2025-06-04 00:15:00+00:00,99177.32188868498
2025-06-04 00:30:00+00:00,99177.32188868498
2025-06-04 00:45:00+00:00,99177.32188868498
2025-06-04 01:00:00+00:00,99177.32188868498
2025-06-04 01:15:00+00:00,99177.32188868498
2025-06-04 01:30:00+00:00,99177.32188868498
2025-06-04 01:45:00+00:00,99177.32188868498
2025-06-04 02:00:00+00:00,99177.32188868498
2025-06-04 02:15:00+00:00,99177.32188868498
2025-06-04 02:30:00+00:00,99177.32188868498
2025-06-04 02:45:00+00:00,99177.32188868498
2025-06-04 03:00:00+00:00,99177.32188868498
2025-06-04 03:15:00+00:00,99177.32188868498
2025-06-04 03:30:00+00:00,99177.32188868498
2025-06-04 03:45:00+00:00,99177.32188868498
2025-06-04 04:00:00+00:00,99177.32188868498
2025-06-04 04:15:00+00:00,99177.32188868498
2025-06-04 04:30:00+00:00,99177.32188868498
2025-06-04 04:45:00+00:00,99177.32188868498
2025-06-04 05:00:00+00:00,99177.32188868498
2025-06-04 05:15:00+00:00,99177.32188868498
2025-06-04 05:30:00+00:00,99177.32188868498
2025-06-04 05:45:00+00:00,99177.32188868498
2025-06-04 06:00:00+00:00,99177.32188868498
2025-06-04 06:15:00+00:00,99177.32188868498
2025-06-04 06:30:00+00:00,99177.32188868498
2025-06-04 06:45:00+00:00,99177.32188868498
2025-06-04 07:00:00+00:00,99177.32188868498
2025-06-04 07:15:00+00:00,99177.32188868498
2025-06-04 07:30:00+00:00,99177.32188868498
2025-06-04 07:45:00+00:00,99177.32188868498
2025-06-04 08:00:00+00:00,99177.32188868498
2025-06-04 08:15:00+00:00,99177.32188868498
2025-06-04 08:30:00+00:00,99177.32188868498
2025-06-04 08:45:00+00:00,99177.32188868498
2025-06-04 09:00:00+00:00,99177.32188868498
2025-06-04 09:15:00+00:00,99177.32188868498
2025-06-04 09:30:00+00:00,99177.32188868498
2025-06-04 09:45:00+00:00,99177.32188868498
2025-06-04 10:00:00+00:00,99177.32188868498
2025-06-04 10:15:00+00:00,99177.32188868498
2025-06-04 10:30:00+00:00,99177.32188868498
2025-06-04 10:45:00+00:00,99177.32188868498
2025-06-04 11:00:00+00:00,99177.32188868498
2025-06-04 11:15:00+00:00,99177.32188868498
2025-06-04 11:30:00+00:00,99177.32188868498
2025-06-04 11:45:00+00:00,99177.32188868498
2025-06-04 12:00:00+00:00,99177.32188868498
2025-06-04 12:15:00+00:00,99177.32188868498
2025-06-04 12:30:00+00:00,99177.32188868498
2025-06-04 12:45:00+00:00,99177.32188868498
2025-06-04 13:00:00+00:00,99177.32188868498
2025-06-04 13:15:00+00:00,99177.32188868498
2025-06-04 13:30:00+00:00,99177.32188868498
2025-06-04 13:45:00+00:00,99177.32188868498
2025-06-04 14:00:00+00:00,99177.32188868498
2025-06-04 14:15:00+00:00,99177.32188868498
2025-06-04 14:30:00+00:00,99177.32188868498
2025-06-04 14:45:00+00:00,99177.32188868498
2025-06-04 15:00:00+00:00,99177.32188868498
2025-06-04 15:15:00+00:00,99177.32188868498
2025-06-04 15:30:00+00:00,99177.32188868498
2025-06-04 15:45:00+00:00,99177.32188868498
2025-06-04 16:00:00+00:00,99177.32188868498
2025-06-04 16:15:00+00:00,99177.32188868498
2025-06-04 16:30:00+00:00,99177.32188868498
2025-06-04 16:45:00+00:00,99177.32188868498
2025-06-04 17:00:00+00:00,99177.32188868498
2025-06-04 17:15:00+00:00,99177.32188868498
2025-06-04 17:30:00+00:00,99177.32188868498
2025-06-04 17:45:00+00:00,99177.32188868498
2025-06-04 18:00:00+00:00,99177.32188868498
2025-06-04 18:15:00+00:00,99177.32188868498
2025-06-04 18:30:00+00:00,99177.32188868498
2025-06-04 18:45:00+00:00,99177.32188868498
2025-06-04 19:00:00+00:00,99177.32188868498
2025-06-04 19:15:00+00:00,99177.32188868498
2025-06-04 19:30:00+00:00,99177.32188868498
2025-06-04 19:45:00+00:00,99177.32188868498
2025-06-04 20:00:00+00:00,99177.32188868498
2025-06-04 20:15:00+00:00,99176.26177604689
2025-06-04 20:30:00+00:00,99177.47582878963
2025-06-04 20:45:00+00:00,99175.23909711305
2025-06-04 21:00:00+00:00,99177.51028970264
2025-06-04 21:15:00+00:00,99176.41935164855
2025-06-04 21:30:00+00:00,99173.89456203928
2025-06-04 21:45:00+00:00,99173.89456203928
2025-06-04 22:00:00+00:00,99173.89456203928
2025-06-04 22:15:00+00:00,99173.89456203928
2025-06-04 22:30:00+00:00,99173.89456203928
2025-06-04 22:45:00+00:00,99173.89456203928
2025-06-04 23:00:00+00:00,99173.89456203928
2025-06-04 23:15:00+00:00,99173.89456203928
2025-06-04 23:30:00+00:00,99173.89456203928
2025-06-04 23:45:00+00:00,99173.89456203928
2025-06-05 00:00:00+00:00,99173.89456203928
2025-06-05 00:15:00+00:00,99173.89456203928
2025-06-05 00:30:00+00:00,99173.89456203928
2025-06-05 00:45:00+00:00,99173.89456203928
2025-06-05 01:00:00+00:00,99173.89456203928
2025-06-05 01:15:00+00:00,99173.89456203928
2025-06-05 01:30:00+00:00,99173.89456203928
2025-06-05 01:45:00+00:00,99173.89456203928
2025-06-05 02:00:00+00:00,99173.89456203928
2025-06-05 02:15:00+00:00,99173.89456203928
2025-06-05 02:30:00+00:00,99173.89456203928
2025-06-05 02:45:00+00:00,99173.89456203928
2025-06-05 03:00:00+00:00,99173.89456203928
2025-06-05 03:15:00+00:00,99173.89456203928
2025-06-05 03:30:00+00:00,99173.89456203928
2025-06-05 03:45:00+00:00,99173.89456203928
2025-06-05 04:00:00+00:00,99173.89456203928
2025-06-05 04:15:00+00:00,99173.89456203928
2025-06-05 04:30:00+00:00,99173.89456203928
2025-06-05 04:45:00+00:00,99173.89456203928
2025-06-05 05:00:00+00:00,99173.89456203928
2025-06-05 05:15:00+00:00,99173.89456203928
2025-06-05 05:30:00+00:00,99173.89456203928
2025-06-05 05:45:00+00:00,99173.89456203928
2025-06-05 06:00:00+00:00,99173.89456203928
2025-06-05 06:15:00+00:00,99173.89456203928
2025-06-05 06:30:00+00:00,99173.89456203928
2025-06-05 06:45:00+00:00,99173.89456203928
2025-06-05 07:00:00+00:00,99173.89456203928
2025-06-05 07:15:00+00:00,99173.89456203928
2025-06-05 07:30:00+00:00,99173.89456203928
2025-06-05 07:45:00+00:00,99173.89456203928
2025-06-05 08:00:00+00:00,99173.89456203928
2025-06-05 08:15:00+00:00,99173.89456203928
2025-06-05 08:30:00+00:00,99173.89456203928
2025-06-05 08:45:00+00:00,99173.89456203928
2025-06-05 09:00:00+00:00,99173.89456203928
2025-06-05 09:15:00+00:00,99173.89456203928
2025-06-05 09:30:00+00:00,99173.89456203928
2025-06-05 09:45:00+00:00,99173.89456203928
2025-06-05 10:00:00+00:00,99173.89456203928
2025-06-05 10:15:00+00:00,99173.89456203928
2025-06-05 10:30:00+00:00,99173.89456203928
2025-06-05 10:45:00+00:00,99173.89456203928
2025-06-05 11:00:00+00:00,99173.89456203928
2025-06-05 11:15:00+00:00,99173.89456203928
2025-06-05 11:30:00+00:00,99173.89456203928
2025-06-05 11:45:00+00:00,99173.89456203928
2025-06-05 12:00:00+00:00,99173.89456203928
2025-06-05 12:15:00+00:00,99173.89456203928
2025-06-05 12:30:00+00:00,99173.89456203928
2025-06-05 12:45:00+00:00,99173.89456203928
2025-06-05 13:00:00+00:00,99173.89456203928
2025-06-05 13:15:00+00:00,99173.89456203928
2025-06-05 13:30:00+00:00,99173.89456203928
2025-06-05 13:45:00+00:00,99173.89456203928
2025-06-05 14:00:00+00:00,99173.89456203928
2025-06-05 14:15:00+00:00,99173.89456203928
2025-06-05 14:30:00+00:00,99173.89456203928
2025-06-05 14:45:00+00:00,99173.89456203928
2025-06-05 15:00:00+00:00,99173.89456203928
2025-06-05 15:15:00+00:00,99173.89456203928
2025-06-05 15:30:00+00:00,99173.89456203928
2025-06-05 15:45:00+00:00,99173.89456203928
2025-06-05 16:00:00+00:00,99173.89456203928
2025-06-05 16:15:00+00:00,99168.97331690685
2025-06-05 16:30:00+00:00,99155.57678277804
2025-06-05 16:45:00+00:00,99155.57678277804
2025-06-05 17:00:00+00:00,99155.57678277804
2025-06-05 17:15:00+00:00,99155.57678277804
2025-06-05 17:30:00+00:00,99155.57678277804
2025-06-05 17:45:00+00:00,99155.57678277804
2025-06-05 18:00:00+00:00,99155.57678277804
2025-06-05 18:15:00+00:00,99155.57678277804
2025-06-05 18:30:00+00:00,99155.57678277804
2025-06-05 18:45:00+00:00,99155.57678277804
2025-06-05 19:00:00+00:00,99155.57678277804
2025-06-05 19:15:00+00:00,99155.57678277804
2025-06-05 19:30:00+00:00,99155.57678277804
2025-06-05 19:45:00+00:00,99155.57678277804
2025-06-05 20:00:00+00:00,99155.57678277804
2025-06-05 20:15:00+00:00,99155.57678277804
2025-06-05 20:30:00+00:00,99155.57678277804
2025-06-05 20:45:00+00:00,99155.57678277804
2025-06-05 21:00:00+00:00,99155.57678277804
2025-06-05 21:15:00+00:00,99155.57678277804
2025-06-05 21:30:00+00:00,99155.57678277804
2025-06-05 21:45:00+00:00,99155.57678277804
2025-06-05 22:00:00+00:00,99155.57678277804
2025-06-05 22:15:00+00:00,99155.57678277804
2025-06-05 22:30:00+00:00,99155.57678277804
2025-06-05 22:45:00+00:00,99155.57678277804
2025-06-05 23:00:00+00:00,99155.57678277804
2025-06-05 23:15:00+00:00,99155.57678277804
2025-06-05 23:30:00+00:00,99155.57678277804
2025-06-05 23:45:00+00:00,99155.57678277804
2025-06-06 00:00:00+00:00,99155.57678277804
2025-06-06 00:15:00+00:00,99155.57678277804
2025-06-06 00:30:00+00:00,99155.57678277804
2025-06-06 00:45:00+00:00,99155.57678277804
2025-06-06 01:00:00+00:00,99155.57678277804
2025-06-06 01:15:00+00:00,99155.57678277804
2025-06-06 01:30:00+00:00,99155.57678277804
2025-06-06 01:45:00+00:00,99155.57678277804
2025-06-06 02:00:00+00:00,99155.57678277804
2025-06-06 02:15:00+00:00,99155.57678277804
2025-06-06 02:30:00+00:00,99155.57678277804
2025-06-06 02:45:00+00:00,99155.57678277804
2025-06-06 03:00:00+00:00,99155.57678277804
2025-06-06 03:15:00+00:00,99155.57678277804
2025-06-06 03:30:00+00:00,99155.57678277804
2025-06-06 03:45:00+00:00,99155.57678277804
2025-06-06 04:00:00+00:00,99155.57678277804
2025-06-06 04:15:00+00:00,99155.57678277804
2025-06-06 04:30:00+00:00,99155.57678277804
2025-06-06 04:45:00+00:00,99155.57678277804
2025-06-06 05:00:00+00:00,99155.57678277804
2025-06-06 05:15:00+00:00,99155.57678277804
2025-06-06 05:30:00+00:00,99155.57678277804
2025-06-06 05:45:00+00:00,99155.57678277804
2025-06-06 06:00:00+00:00,99155.57678277804
2025-06-06 06:15:00+00:00,99155.57678277804
2025-06-06 06:30:00+00:00,99155.57678277804
2025-06-06 06:45:00+00:00,99155.57678277804
2025-06-06 07:00:00+00:00,99155.57678277804
2025-06-06 07:15:00+00:00,99155.57678277804
2025-06-06 07:30:00+00:00,99155.57678277804
2025-06-06 07:45:00+00:00,99155.57678277804
2025-06-06 08:00:00+00:00,99155.57678277804
2025-06-06 08:15:00+00:00,99155.57678277804
2025-06-06 08:30:00+00:00,99155.57678277804
2025-06-06 08:45:00+00:00,99155.57678277804
2025-06-06 09:00:00+00:00,99155.57678277804
2025-06-06 09:15:00+00:00,99155.57678277804
2025-06-06 09:30:00+00:00,99155.57678277804
2025-06-06 09:45:00+00:00,99155.57678277804
2025-06-06 10:00:00+00:00,99155.57678277804
2025-06-06 10:15:00+00:00,99155.57678277804
2025-06-06 10:30:00+00:00,99155.57678277804
2025-06-06 10:45:00+00:00,99155.57678277804
2025-06-06 11:00:00+00:00,99155.57678277804
2025-06-06 11:15:00+00:00,99155.57678277804
2025-06-06 11:30:00+00:00,99155.57678277804
2025-06-06 11:45:00+00:00,99155.57678277804
2025-06-06 12:00:00+00:00,99155.57678277804
2025-06-06 12:15:00+00:00,99155.57678277804
2025-06-06 12:30:00+00:00,99155.57678277804
2025-06-06 12:45:00+00:00,99155.57678277804
2025-06-06 13:00:00+00:00,99155.57678277804
2025-06-06 13:15:00+00:00,99155.57678277804
2025-06-06 13:30:00+00:00,99155.57678277804
2025-06-06 13:45:00+00:00,99155.57678277804
2025-06-06 14:00:00+00:00,99155.57678277804
2025-06-06 14:15:00+00:00,99155.57678277804
2025-06-06 14:30:00+00:00,99155.57678277804
2025-06-06 14:45:00+00:00,99155.57678277804
2025-06-06 15:00:00+00:00,99155.57678277804
2025-06-06 15:15:00+00:00,99155.57678277804
2025-06-06 15:30:00+00:00,99155.57678277804
2025-06-06 15:45:00+00:00,99155.57678277804
2025-06-06 16:00:00+00:00,99155.57678277804
2025-06-06 16:15:00+00:00,99155.57678277804
2025-06-06 16:30:00+00:00,99155.57678277804
2025-06-06 16:45:00+00:00,99155.57678277804
2025-06-06 17:00:00+00:00,99155.57678277804
2025-06-06 17:15:00+00:00,99155.57678277804
2025-06-06 17:30:00+00:00,99155.57678277804
2025-06-06 17:45:00+00:00,99155.57678277804
2025-06-06 18:00:00+00:00,99155.57678277804
2025-06-06 18:15:00+00:00,99155.57678277804
2025-06-06 18:30:00+00:00,99155.57678277804
2025-06-06 18:45:00+00:00,99155.57678277804
2025-06-06 19:00:00+00:00,99155.57678277804
2025-06-06 19:15:00+00:00,99155.57678277804
2025-06-06 19:30:00+00:00,99155.57678277804
2025-06-06 19:45:00+00:00,99155.57678277804
2025-06-06 20:00:00+00:00,99155.57678277804
2025-06-06 20:15:00+00:00,99155.57678277804
2025-06-06 20:30:00+00:00,99155.57678277804
2025-06-06 20:45:00+00:00,99155.57678277804
2025-06-06 21:00:00+00:00,99155.57678277804
2025-06-06 21:15:00+00:00,99155.57678277804
2025-06-06 21:30:00+00:00,99155.57678277804
2025-06-06 21:45:00+00:00,99155.57678277804
2025-06-06 22:00:00+00:00,99155.57678277804
2025-06-06 22:15:00+00:00,99155.57678277804
2025-06-06 22:30:00+00:00,99155.57678277804
2025-06-06 22:45:00+00:00,99155.57678277804
2025-06-06 23:00:00+00:00,99155.57678277804
2025-06-06 23:15:00+00:00,99155.57678277804
2025-06-06 23:30:00+00:00,99155.57678277804
2025-06-06 23:45:00+00:00,99155.57678277804
2025-06-07 00:00:00+00:00,99155.57678277804
2025-06-07 00:15:00+00:00,99155.57678277804
2025-06-07 00:30:00+00:00,99155.57678277804
2025-06-07 00:45:00+00:00,99155.57678277804
2025-06-07 01:00:00+00:00,99155.57678277804
2025-06-07 01:15:00+00:00,99155.57678277804
2025-06-07 01:30:00+00:00,99155.57678277804
2025-06-07 01:45:00+00:00,99155.57678277804
2025-06-07 02:00:00+00:00,99155.57678277804
2025-06-07 02:15:00+00:00,99155.57678277804
2025-06-07 02:30:00+00:00,99155.57678277804
2025-06-07 02:45:00+00:00,99155.57678277804
2025-06-07 03:00:00+00:00,99155.57678277804
2025-06-07 03:15:00+00:00,99155.57678277804
2025-06-07 03:30:00+00:00,99155.57678277804
2025-06-07 03:45:00+00:00,99155.57678277804
2025-06-07 04:00:00+00:00,99155.57678277804
2025-06-07 04:15:00+00:00,99155.57678277804
2025-06-07 04:30:00+00:00,99155.57678277804
2025-06-07 04:45:00+00:00,99155.57678277804
2025-06-07 05:00:00+00:00,99155.57678277804
2025-06-07 05:15:00+00:00,99155.57678277804
2025-06-07 05:30:00+00:00,99155.57678277804
2025-06-07 05:45:00+00:00,99155.57678277804
2025-06-07 06:00:00+00:00,99155.57678277804
2025-06-07 06:15:00+00:00,99155.57678277804
2025-06-07 06:30:00+00:00,99155.57678277804
2025-06-07 06:45:00+00:00,99155.57678277804
2025-06-07 07:00:00+00:00,99155.57678277804
2025-06-07 07:15:00+00:00,99155.57678277804
2025-06-07 07:30:00+00:00,99155.57678277804
2025-06-07 07:45:00+00:00,99155.57678277804
2025-06-07 08:00:00+00:00,99155.57678277804
2025-06-07 08:15:00+00:00,99155.57678277804
2025-06-07 08:30:00+00:00,99155.57678277804
2025-06-07 08:45:00+00:00,99155.57678277804
2025-06-07 09:00:00+00:00,99155.57678277804
2025-06-07 09:15:00+00:00,99155.57678277804
2025-06-07 09:30:00+00:00,99155.57678277804
2025-06-07 09:45:00+00:00,99155.57678277804
2025-06-07 10:00:00+00:00,99155.57678277804
2025-06-07 10:15:00+00:00,99155.57678277804
2025-06-07 10:30:00+00:00,99155.57678277804
2025-06-07 10:45:00+00:00,99155.57678277804
2025-06-07 11:00:00+00:00,99155.57678277804
2025-06-07 11:15:00+00:00,99155.57678277804
2025-06-07 11:30:00+00:00,99155.57678277804
2025-06-07 11:45:00+00:00,99155.57678277804
2025-06-07 12:00:00+00:00,99155.57678277804
2025-06-07 12:15:00+00:00,99155.57678277804
2025-06-07 12:30:00+00:00,99155.57678277804
2025-06-07 12:45:00+00:00,99155.57678277804
2025-06-07 13:00:00+00:00,99155.57678277804
2025-06-07 13:15:00+00:00,99155.57678277804
2025-06-07 13:30:00+00:00,99155.57678277804
2025-06-07 13:45:00+00:00,99155.57678277804
2025-06-07 14:00:00+00:00,99155.57678277804
2025-06-07 14:15:00+00:00,99155.57678277804
2025-06-07 14:30:00+00:00,99155.57678277804
2025-06-07 14:45:00+00:00,99155.57678277804
2025-06-07 15:00:00+00:00,99155.57678277804
2025-06-07 15:15:00+00:00,99155.57678277804
2025-06-07 15:30:00+00:00,99155.57678277804
2025-06-07 15:45:00+00:00,99155.57678277804
2025-06-07 16:00:00+00:00,99155.57678277804
2025-06-07 16:15:00+00:00,99155.57678277804
2025-06-07 16:30:00+00:00,99155.57678277804
2025-06-07 16:45:00+00:00,99155.57678277804
2025-06-07 17:00:00+00:00,99155.57678277804
2025-06-07 17:15:00+00:00,99155.57678277804
2025-06-07 17:30:00+00:00,99155.57678277804
2025-06-07 17:45:00+00:00,99155.57678277804
2025-06-07 18:00:00+00:00,99155.57678277804
2025-06-07 18:15:00+00:00,99155.57678277804
2025-06-07 18:30:00+00:00,99155.57678277804
2025-06-07 18:45:00+00:00,99155.57678277804
2025-06-07 19:00:00+00:00,99155.57678277804
2025-06-07 19:15:00+00:00,99155.57678277804
2025-06-07 19:30:00+00:00,99155.57678277804
2025-06-07 19:45:00+00:00,99155.57678277804
2025-06-07 20:00:00+00:00,99155.57678277804
2025-06-07 20:15:00+00:00,99155.57678277804
2025-06-07 20:30:00+00:00,99155.57678277804
2025-06-07 20:45:00+00:00,99155.57678277804
2025-06-07 21:00:00+00:00,99155.57678277804
2025-06-07 21:15:00+00:00,99155.57678277804
2025-06-07 21:30:00+00:00,99155.57678277804
2025-06-07 21:45:00+00:00,99155.57678277804
2025-06-07 22:00:00+00:00,99155.57678277804
2025-06-07 22:15:00+00:00,99155.57678277804
2025-06-07 22:30:00+00:00,99155.57678277804
2025-06-07 22:45:00+00:00,99155.57678277804
2025-06-07 23:00:00+00:00,99155.57678277804
2025-06-07 23:15:00+00:00,99155.57678277804
2025-06-07 23:30:00+00:00,99155.57678277804
2025-06-07 23:45:00+00:00,99155.57678277804
2025-06-08 00:00:00+00:00,99155.57678277804
2025-06-08 00:15:00+00:00,99155.57678277804
2025-06-08 00:30:00+00:00,99155.57678277804
2025-06-08 00:45:00+00:00,99155.57678277804
2025-06-08 01:00:00+00:00,99155.57678277804
2025-06-08 01:15:00+00:00,99155.57678277804
2025-06-08 01:30:00+00:00,99155.57678277804
2025-06-08 01:45:00+00:00,99155.57678277804
2025-06-08 02:00:00+00:00,99155.57678277804
2025-06-08 02:15:00+00:00,99155.57678277804
2025-06-08 02:30:00+00:00,99155.57678277804
2025-06-08 02:45:00+00:00,99155.57678277804
2025-06-08 03:00:00+00:00,99155.57678277804
2025-06-08 03:15:00+00:00,99155.57678277804
2025-06-08 03:30:00+00:00,99155.57678277804
2025-06-08 03:45:00+00:00,99155.57678277804
2025-06-08 04:00:00+00:00,99155.57678277804
2025-06-08 04:15:00+00:00,99155.57678277804
2025-06-08 04:30:00+00:00,99155.57678277804
2025-06-08 04:45:00+00:00,99155.57678277804
2025-06-08 05:00:00+00:00,99155.57678277804
2025-06-08 05:15:00+00:00,99155.57678277804
2025-06-08 05:30:00+00:00,99155.57678277804
2025-06-08 05:45:00+00:00,99155.57678277804
2025-06-08 06:00:00+00:00,99155.57678277804
2025-06-08 06:15:00+00:00,99155.57678277804
2025-06-08 06:30:00+00:00,99155.57678277804
2025-06-08 06:45:00+00:00,99155.57678277804
2025-06-08 07:00:00+00:00,99155.57678277804
2025-06-08 07:15:00+00:00,99155.57678277804
2025-06-08 07:30:00+00:00,99155.57678277804
2025-06-08 07:45:00+00:00,99155.57678277804
2025-06-08 08:00:00+00:00,99155.57678277804
2025-06-08 08:15:00+00:00,99155.57678277804
2025-06-08 08:30:00+00:00,99155.57678277804
2025-06-08 08:45:00+00:00,99155.57678277804
2025-06-08 09:00:00+00:00,99155.57678277804
2025-06-08 09:15:00+00:00,99155.57678277804
2025-06-08 09:30:00+00:00,99155.57678277804
2025-06-08 09:45:00+00:00,99155.57678277804
2025-06-08 10:00:00+00:00,99155.57678277804
2025-06-08 10:15:00+00:00,99155.57678277804
2025-06-08 10:30:00+00:00,99155.57678277804
2025-06-08 10:45:00+00:00,99155.57678277804
2025-06-08 11:00:00+00:00,99155.57678277804
2025-06-08 11:15:00+00:00,99155.57678277804
2025-06-08 11:30:00+00:00,99155.57678277804
2025-06-08 11:45:00+00:00,99155.57678277804
2025-06-08 12:00:00+00:00,99155.57678277804
2025-06-08 12:15:00+00:00,99155.57678277804
2025-06-08 12:30:00+00:00,99155.57678277804
2025-06-08 12:45:00+00:00,99155.57678277804
2025-06-08 13:00:00+00:00,99155.57678277804
2025-06-08 13:15:00+00:00,99155.57678277804
2025-06-08 13:30:00+00:00,99155.57678277804
2025-06-08 13:45:00+00:00,99155.57678277804
2025-06-08 14:00:00+00:00,99155.57678277804
2025-06-08 14:15:00+00:00,99155.57678277804
2025-06-08 14:30:00+00:00,99155.57678277804
2025-06-08 14:45:00+00:00,99155.57678277804
2025-06-08 15:00:00+00:00,99155.57678277804
2025-06-08 15:15:00+00:00,99155.57678277804
2025-06-08 15:30:00+00:00,99155.57678277804
2025-06-08 15:45:00+00:00,99155.57678277804
2025-06-08 16:00:00+00:00,99155.57678277804
2025-06-08 16:15:00+00:00,99155.57678277804
2025-06-08 16:30:00+00:00,99155.57678277804
2025-06-08 16:45:00+00:00,99155.57678277804
2025-06-08 17:00:00+00:00,99155.57678277804
2025-06-08 17:15:00+00:00,99155.57678277804
2025-06-08 17:30:00+00:00,99155.57678277804
2025-06-08 17:45:00+00:00,99155.57678277804
2025-06-08 18:00:00+00:00,99155.57678277804
2025-06-08 18:15:00+00:00,99155.57678277804
2025-06-08 18:30:00+00:00,99155.57678277804
2025-06-08 18:45:00+00:00,99155.57678277804
2025-06-08 19:00:00+00:00,99155.57678277804
2025-06-08 19:15:00+00:00,99155.57678277804
2025-06-08 19:30:00+00:00,99155.57678277804
2025-06-08 19:45:00+00:00,99155.57678277804
2025-06-08 20:00:00+00:00,99155.57678277804
2025-06-08 20:15:00+00:00,99155.57678277804
2025-06-08 20:30:00+00:00,99155.57678277804
2025-06-08 20:45:00+00:00,99155.57678277804
2025-06-08 21:00:00+00:00,99155.57678277804
2025-06-08 21:15:00+00:00,99155.57678277804
2025-06-08 21:30:00+00:00,99155.57678277804
2025-06-08 21:45:00+00:00,99155.57678277804
2025-06-08 22:00:00+00:00,99155.57678277804
2025-06-08 22:15:00+00:00,99155.57678277804
2025-06-08 22:30:00+00:00,99155.57678277804
2025-06-08 22:45:00+00:00,99155.57678277804
2025-06-08 23:00:00+00:00,99155.57678277804
2025-06-08 23:15:00+00:00,99155.57678277804
2025-06-08 23:30:00+00:00,99155.57678277804
2025-06-08 23:45:00+00:00,99155.57678277804
2025-06-09 00:00:00+00:00,99155.57678277804
2025-06-09 00:15:00+00:00,99155.57678277804
2025-06-09 00:30:00+00:00,99155.57678277804
2025-06-09 00:45:00+00:00,99155.57678277804
2025-06-09 01:00:00+00:00,99155.57678277804
2025-06-09 01:15:00+00:00,99155.57678277804
2025-06-09 01:30:00+00:00,99155.57678277804
2025-06-09 01:45:00+00:00,99155.57678277804
2025-06-09 02:00:00+00:00,99155.57678277804
2025-06-09 02:15:00+00:00,99155.57678277804
2025-06-09 02:30:00+00:00,99155.57678277804
2025-06-09 02:45:00+00:00,99155.57678277804
2025-06-09 03:00:00+00:00,99155.57678277804
2025-06-09 03:15:00+00:00,99155.57678277804
2025-06-09 03:30:00+00:00,99155.57678277804
2025-06-09 03:45:00+00:00,99155.57678277804
2025-06-09 04:00:00+00:00,99155.57678277804
2025-06-09 04:15:00+00:00,99155.57678277804
2025-06-09 04:30:00+00:00,99155.57678277804
2025-06-09 04:45:00+00:00,99155.57678277804
2025-06-09 05:00:00+00:00,99155.57678277804
2025-06-09 05:15:00+00:00,99155.57678277804
2025-06-09 05:30:00+00:00,99155.57678277804
2025-06-09 05:45:00+00:00,99155.57678277804
2025-06-09 06:00:00+00:00,99155.57678277804
2025-06-09 06:15:00+00:00,99155.57678277804
2025-06-09 06:30:00+00:00,99155.57678277804
2025-06-09 06:45:00+00:00,99155.57678277804
2025-06-09 07:00:00+00:00,99155.57678277804
2025-06-09 07:15:00+00:00,99155.57678277804
2025-06-09 07:30:00+00:00,99155.57678277804
2025-06-09 07:45:00+00:00,99155.57678277804
2025-06-09 08:00:00+00:00,99155.57678277804
2025-06-09 08:15:00+00:00,99155.57678277804
2025-06-09 08:30:00+00:00,99155.57678277804
2025-06-09 08:45:00+00:00,99155.57678277804
2025-06-09 09:00:00+00:00,99155.57678277804
2025-06-09 09:15:00+00:00,99155.57678277804
2025-06-09 09:30:00+00:00,99155.57678277804
2025-06-09 09:45:00+00:00,99155.57678277804
2025-06-09 10:00:00+00:00,99155.57678277804
2025-06-09 10:15:00+00:00,99155.57678277804
2025-06-09 10:30:00+00:00,99155.57678277804
2025-06-09 10:45:00+00:00,99155.57678277804
2025-06-09 11:00:00+00:00,99155.57678277804
2025-06-09 11:15:00+00:00,99155.57678277804
2025-06-09 11:30:00+00:00,99155.57678277804
2025-06-09 11:45:00+00:00,99155.57678277804
2025-06-09 12:00:00+00:00,99155.57678277804
2025-06-09 12:15:00+00:00,99155.57678277804
2025-06-09 12:30:00+00:00,99155.57678277804
2025-06-09 12:45:00+00:00,99155.57678277804
2025-06-09 13:00:00+00:00,99155.57678277804
2025-06-09 13:15:00+00:00,99155.57678277804
2025-06-09 13:30:00+00:00,99155.57678277804
2025-06-09 13:45:00+00:00,99155.57678277804
2025-06-09 14:00:00+00:00,99155.57678277804
2025-06-09 14:15:00+00:00,99155.57678277804
2025-06-09 14:30:00+00:00,99155.57678277804
2025-06-09 14:45:00+00:00,99155.57678277804
2025-06-09 15:00:00+00:00,99155.57678277804
2025-06-09 15:15:00+00:00,99155.57678277804
2025-06-09 15:30:00+00:00,99155.57678277804
2025-06-09 15:45:00+00:00,99155.57678277804
2025-06-09 16:00:00+00:00,99155.57678277804
2025-06-09 16:15:00+00:00,99154.75770138724
2025-06-09 16:30:00+00:00,99154.66772304274
2025-06-09 16:45:00+00:00,99158.09054813984
2025-06-09 17:00:00+00:00,99150.10993268211
2025-06-09 17:15:00+00:00,99149.42011949733
2025-06-09 17:30:00+00:00,99149.788615589
2025-06-09 17:45:00+00:00,99139.01889717042
2025-06-09 18:00:00+00:00,99139.01889717042
2025-06-09 18:15:00+00:00,99139.01889717042
2025-06-09 18:30:00+00:00,99139.01889717042
2025-06-09 18:45:00+00:00,99139.01889717042
2025-06-09 19:00:00+00:00,99139.01889717042
2025-06-09 19:15:00+00:00,99139.01889717042
2025-06-09 19:30:00+00:00,99139.01889717042
2025-06-09 19:45:00+00:00,99139.01889717042
2025-06-09 20:00:00+00:00,99139.01889717042
2025-06-09 20:15:00+00:00,99139.01889717042
2025-06-09 20:30:00+00:00,99139.01889717042
2025-06-09 20:45:00+00:00,99139.01889717042
2025-06-09 21:00:00+00:00,99139.01889717042
2025-06-09 21:15:00+00:00,99139.01889717042
2025-06-09 21:30:00+00:00,99139.01889717042
2025-06-09 21:45:00+00:00,99139.01889717042
2025-06-09 22:00:00+00:00,99139.01889717042
2025-06-09 22:15:00+00:00,99139.01889717042
2025-06-09 22:30:00+00:00,99139.01889717042
2025-06-09 22:45:00+00:00,99139.01889717042
2025-06-09 23:00:00+00:00,99139.01889717042
2025-06-09 23:15:00+00:00,99139.01889717042
2025-06-09 23:30:00+00:00,99139.01889717042
2025-06-09 23:45:00+00:00,99139.01889717042
2025-06-10 00:00:00+00:00,99139.01889717042
2025-06-10 00:15:00+00:00,99139.01889717042
2025-06-10 00:30:00+00:00,99139.01889717042
2025-06-10 00:45:00+00:00,99139.01889717042
2025-06-10 01:00:00+00:00,99139.01889717042
2025-06-10 01:15:00+00:00,99139.01889717042
2025-06-10 01:30:00+00:00,99139.01889717042
2025-06-10 01:45:00+00:00,99139.01889717042
2025-06-10 02:00:00+00:00,99139.01889717042
2025-06-10 02:15:00+00:00,99139.01889717042
2025-06-10 02:30:00+00:00,99139.01889717042
2025-06-10 02:45:00+00:00,99139.01889717042
2025-06-10 03:00:00+00:00,99139.01889717042
2025-06-10 03:15:00+00:00,99139.01889717042
2025-06-10 03:30:00+00:00,99139.01889717042
2025-06-10 03:45:00+00:00,99139.01889717042
2025-06-10 04:00:00+00:00,99139.01889717042
2025-06-10 04:15:00+00:00,99139.01889717042
2025-06-10 04:30:00+00:00,99139.01889717042
2025-06-10 04:45:00+00:00,99139.01889717042
2025-06-10 05:00:00+00:00,99139.01889717042
2025-06-10 05:15:00+00:00,99139.01889717042
2025-06-10 05:30:00+00:00,99139.01889717042
2025-06-10 05:45:00+00:00,99139.01889717042
2025-06-10 06:00:00+00:00,99139.01889717042
2025-06-10 06:15:00+00:00,99139.01889717042
2025-06-10 06:30:00+00:00,99139.01889717042
2025-06-10 06:45:00+00:00,99139.01889717042
2025-06-10 07:00:00+00:00,99139.01889717042
2025-06-10 07:15:00+00:00,99139.01889717042
2025-06-10 07:30:00+00:00,99139.01889717042
2025-06-10 07:45:00+00:00,99139.01889717042
2025-06-10 08:00:00+00:00,99139.01889717042
2025-06-10 08:15:00+00:00,99139.01889717042
2025-06-10 08:30:00+00:00,99139.01889717042
2025-06-10 08:45:00+00:00,99139.01889717042
2025-06-10 09:00:00+00:00,99139.01889717042
2025-06-10 09:15:00+00:00,99139.01889717042
2025-06-10 09:30:00+00:00,99139.01889717042
2025-06-10 09:45:00+00:00,99139.01889717042
2025-06-10 10:00:00+00:00,99139.01889717042
2025-06-10 10:15:00+00:00,99139.01889717042
2025-06-10 10:30:00+00:00,99139.01889717042
2025-06-10 10:45:00+00:00,99139.01889717042
2025-06-10 11:00:00+00:00,99139.01889717042
2025-06-10 11:15:00+00:00,99139.01889717042
2025-06-10 11:30:00+00:00,99139.01889717042
2025-06-10 11:45:00+00:00,99139.01889717042
2025-06-10 12:00:00+00:00,99139.01889717042
2025-06-10 12:15:00+00:00,99139.01889717042
2025-06-10 12:30:00+00:00,99139.01889717042
2025-06-10 12:45:00+00:00,99139.01889717042
2025-06-10 13:00:00+00:00,99139.01889717042
2025-06-10 13:15:00+00:00,99139.01889717042
2025-06-10 13:30:00+00:00,99139.01889717042
2025-06-10 13:45:00+00:00,99139.01889717042
2025-06-10 14:00:00+00:00,99139.01889717042
2025-06-10 14:15:00+00:00,99139.01889717042
2025-06-10 14:30:00+00:00,99139.01889717042
2025-06-10 14:45:00+00:00,99139.01889717042
2025-06-10 15:00:00+00:00,99139.01889717042
2025-06-10 15:15:00+00:00,99139.01889717042
2025-06-10 15:30:00+00:00,99139.01889717042
2025-06-10 15:45:00+00:00,99139.01889717042
2025-06-10 16:00:00+00:00,99139.01889717042
2025-06-10 16:15:00+00:00,99139.01889717042
2025-06-10 16:30:00+00:00,99139.01889717042
2025-06-10 16:45:00+00:00,99139.01889717042
2025-06-10 17:00:00+00:00,99139.01889717042
2025-06-10 17:15:00+00:00,99139.01889717042
2025-06-10 17:30:00+00:00,99139.01889717042
2025-06-10 17:45:00+00:00,99139.01889717042
2025-06-10 18:00:00+00:00,99139.01889717042
2025-06-10 18:15:00+00:00,99139.01889717042
2025-06-10 18:30:00+00:00,99139.01889717042
2025-06-10 18:45:00+00:00,99139.01889717042
2025-06-10 19:00:00+00:00,99139.01889717042
2025-06-10 19:15:00+00:00,99139.01889717042
2025-06-10 19:30:00+00:00,99139.01889717042
2025-06-10 19:45:00+00:00,99139.01889717042
2025-06-10 20:00:00+00:00,99139.01889717042
2025-06-10 20:15:00+00:00,99139.01889717042
2025-06-10 20:30:00+00:00,99139.01889717042
2025-06-10 20:45:00+00:00,99139.01889717042
2025-06-10 21:00:00+00:00,99139.01889717042
2025-06-10 21:15:00+00:00,99139.01889717042
2025-06-10 21:30:00+00:00,99139.01889717042
2025-06-10 21:45:00+00:00,99139.01889717042
2025-06-10 22:00:00+00:00,99139.01889717042
2025-06-10 22:15:00+00:00,99139.01889717042
2025-06-10 22:30:00+00:00,99139.01889717042
2025-06-10 22:45:00+00:00,99139.01889717042
2025-06-10 23:00:00+00:00,99139.01889717042
2025-06-10 23:15:00+00:00,99139.01889717042
2025-06-10 23:30:00+00:00,99139.01889717042
2025-06-10 23:45:00+00:00,99139.01889717042
2025-06-11 00:00:00+00:00,99139.01889717042
2025-06-11 00:15:00+00:00,99139.01889717042
2025-06-11 00:30:00+00:00,99139.01889717042
2025-06-11 00:45:00+00:00,99139.01889717042
2025-06-11 01:00:00+00:00,99139.01889717042
2025-06-11 01:15:00+00:00,99139.01889717042
2025-06-11 01:30:00+00:00,99139.01889717042
2025-06-11 01:45:00+00:00,99139.01889717042
2025-06-11 02:00:00+00:00,99139.01889717042
2025-06-11 02:15:00+00:00,99139.01889717042
2025-06-11 02:30:00+00:00,99139.01889717042
2025-06-11 02:45:00+00:00,99139.01889717042
2025-06-11 03:00:00+00:00,99139.01889717042
2025-06-11 03:15:00+00:00,99139.01889717042
2025-06-11 03:30:00+00:00,99139.01889717042
2025-06-11 03:45:00+00:00,99139.01889717042
2025-06-11 04:00:00+00:00,99139.01889717042
2025-06-11 04:15:00+00:00,99139.01889717042
2025-06-11 04:30:00+00:00,99139.01889717042
2025-06-11 04:45:00+00:00,99139.01889717042
2025-06-11 05:00:00+00:00,99139.01889717042
2025-06-11 05:15:00+00:00,99139.01889717042
2025-06-11 05:30:00+00:00,99139.01889717042
2025-06-11 05:45:00+00:00,99139.01889717042
2025-06-11 06:00:00+00:00,99139.01889717042
2025-06-11 06:15:00+00:00,99139.01889717042
2025-06-11 06:30:00+00:00,99139.01889717042
2025-06-11 06:45:00+00:00,99139.01889717042
2025-06-11 07:00:00+00:00,99139.01889717042
2025-06-11 07:15:00+00:00,99139.01889717042
2025-06-11 07:30:00+00:00,99139.01889717042
2025-06-11 07:45:00+00:00,99139.01889717042
2025-06-11 08:00:00+00:00,99139.01889717042
2025-06-11 08:15:00+00:00,99139.01889717042
2025-06-11 08:30:00+00:00,99139.01889717042
2025-06-11 08:45:00+00:00,99139.01889717042
2025-06-11 09:00:00+00:00,99139.01889717042
2025-06-11 09:15:00+00:00,99139.01889717042
2025-06-11 09:30:00+00:00,99139.01889717042
2025-06-11 09:45:00+00:00,99139.01889717042
2025-06-11 10:00:00+00:00,99139.01889717042
2025-06-11 10:15:00+00:00,99139.01889717042
2025-06-11 10:30:00+00:00,99139.01889717042
2025-06-11 10:45:00+00:00,99139.01889717042
2025-06-11 11:00:00+00:00,99139.01889717042
2025-06-11 11:15:00+00:00,99139.01889717042
2025-06-11 11:30:00+00:00,99139.01889717042
2025-06-11 11:45:00+00:00,99139.01889717042
2025-06-11 12:00:00+00:00,99139.01889717042
2025-06-11 12:15:00+00:00,99139.01889717042
2025-06-11 12:30:00+00:00,99139.01889717042
2025-06-11 12:45:00+00:00,99139.01889717042
2025-06-11 13:00:00+00:00,99139.01889717042
2025-06-11 13:15:00+00:00,99139.01889717042
2025-06-11 13:30:00+00:00,99139.01889717042
2025-06-11 13:45:00+00:00,99139.01889717042
2025-06-11 14:00:00+00:00,99139.01889717042
2025-06-11 14:15:00+00:00,99139.01889717042
2025-06-11 14:30:00+00:00,99139.01889717042
2025-06-11 14:45:00+00:00,99139.01889717042
2025-06-11 15:00:00+00:00,99139.01889717042
2025-06-11 15:15:00+00:00,99139.01889717042
2025-06-11 15:30:00+00:00,99139.01889717042
2025-06-11 15:45:00+00:00,99139.01889717042
2025-06-11 16:00:00+00:00,99139.01889717042
2025-06-11 16:15:00+00:00,99139.01889717042
2025-06-11 16:30:00+00:00,99139.01889717042
2025-06-11 16:45:00+00:00,99139.01889717042
2025-06-11 17:00:00+00:00,99139.01889717042
2025-06-11 17:15:00+00:00,99139.01889717042
2025-06-11 17:30:00+00:00,99139.01889717042
2025-06-11 17:45:00+00:00,99139.01889717042
2025-06-11 18:00:00+00:00,99139.01889717042
2025-06-11 18:15:00+00:00,99139.01889717042
2025-06-11 18:30:00+00:00,99139.01889717042
2025-06-11 18:45:00+00:00,99139.01889717042
2025-06-11 19:00:00+00:00,99139.01889717042
2025-06-11 19:15:00+00:00,99139.01889717042
2025-06-11 19:30:00+00:00,99139.01889717042
2025-06-11 19:45:00+00:00,99139.01889717042
2025-06-11 20:00:00+00:00,99139.01889717042
2025-06-11 20:15:00+00:00,99139.01889717042
2025-06-11 20:30:00+00:00,99139.01889717042
2025-06-11 20:45:00+00:00,99139.01889717042
2025-06-11 21:00:00+00:00,99139.01889717042
2025-06-11 21:15:00+00:00,99139.01889717042
2025-06-11 21:30:00+00:00,99139.01889717042
2025-06-11 21:45:00+00:00,99139.01889717042
2025-06-11 22:00:00+00:00,99139.01889717042
2025-06-11 22:15:00+00:00,99139.01889717042
2025-06-11 22:30:00+00:00,99139.01889717042
2025-06-11 22:45:00+00:00,99139.01889717042
2025-06-11 23:00:00+00:00,99139.01889717042
2025-06-11 23:15:00+00:00,99139.01889717042
2025-06-11 23:30:00+00:00,99139.01889717042
2025-06-11 23:45:00+00:00,99139.01889717042
2025-06-12 00:00:00+00:00,99139.01889717042
2025-06-12 00:15:00+00:00,99139.01889717042
2025-06-12 00:30:00+00:00,99139.01889717042
2025-06-12 00:45:00+00:00,99139.01889717042
2025-06-12 01:00:00+00:00,99139.01889717042
2025-06-12 01:15:00+00:00,99139.01889717042
2025-06-12 01:30:00+00:00,99139.01889717042
2025-06-12 01:45:00+00:00,99139.01889717042
2025-06-12 02:00:00+00:00,99139.01889717042
2025-06-12 02:15:00+00:00,99139.01889717042
2025-06-12 02:30:00+00:00,99139.01889717042
2025-06-12 02:45:00+00:00,99139.01889717042
2025-06-12 03:00:00+00:00,99139.01889717042
2025-06-12 03:15:00+00:00,99139.01889717042
2025-06-12 03:30:00+00:00,99139.01889717042
2025-06-12 03:45:00+00:00,99139.01889717042
2025-06-12 04:00:00+00:00,99139.01889717042
2025-06-12 04:15:00+00:00,99139.01889717042
2025-06-12 04:30:00+00:00,99139.01889717042
2025-06-12 04:45:00+00:00,99139.01889717042
2025-06-12 05:00:00+00:00,99139.01889717042
2025-06-12 05:15:00+00:00,99139.01889717042
2025-06-12 05:30:00+00:00,99139.01889717042
2025-06-12 05:45:00+00:00,99139.01889717042
2025-06-12 06:00:00+00:00,99139.01889717042
2025-06-12 06:15:00+00:00,99139.01889717042
2025-06-12 06:30:00+00:00,99139.01889717042
2025-06-12 06:45:00+00:00,99139.01889717042
2025-06-12 07:00:00+00:00,99139.01889717042
2025-06-12 07:15:00+00:00,99139.01889717042
2025-06-12 07:30:00+00:00,99139.01889717042
2025-06-12 07:45:00+00:00,99139.01889717042
2025-06-12 08:00:00+00:00,99139.01889717042
2025-06-12 08:15:00+00:00,99139.01889717042
2025-06-12 08:30:00+00:00,99139.01889717042
2025-06-12 08:45:00+00:00,99139.01889717042
2025-06-12 09:00:00+00:00,99139.01889717042
2025-06-12 09:15:00+00:00,99139.01889717042
2025-06-12 09:30:00+00:00,99139.01889717042
2025-06-12 09:45:00+00:00,99139.01889717042
2025-06-12 10:00:00+00:00,99139.01889717042
2025-06-12 10:15:00+00:00,99139.01889717042
2025-06-12 10:30:00+00:00,99139.01889717042
2025-06-12 10:45:00+00:00,99139.01889717042
2025-06-12 11:00:00+00:00,99139.01889717042
2025-06-12 11:15:00+00:00,99139.01889717042
2025-06-12 11:30:00+00:00,99139.01889717042
2025-06-12 11:45:00+00:00,99139.01889717042
2025-06-12 12:00:00+00:00,99139.01889717042
2025-06-12 12:15:00+00:00,99139.88513889043
2025-06-12 12:30:00+00:00,99142.24882581212
2025-06-12 12:45:00+00:00,99142.24882581212
2025-06-12 13:00:00+00:00,99142.24882581212
2025-06-12 13:15:00+00:00,99142.24882581212
2025-06-12 13:30:00+00:00,99142.24882581212
2025-06-12 13:45:00+00:00,99142.24882581212
2025-06-12 14:00:00+00:00,99142.24882581212
2025-06-12 14:15:00+00:00,99142.24882581212
2025-06-12 14:30:00+00:00,99142.24882581212
2025-06-12 14:45:00+00:00,99142.24882581212
2025-06-12 15:00:00+00:00,99142.24882581212
2025-06-12 15:15:00+00:00,99142.24882581212
2025-06-12 15:30:00+00:00,99142.24882581212
2025-06-12 15:45:00+00:00,99142.24882581212
2025-06-12 16:00:00+00:00,99142.24882581212
2025-06-12 16:15:00+00:00,99142.24882581212
2025-06-12 16:30:00+00:00,99142.24882581212
2025-06-12 16:45:00+00:00,99142.24882581212
2025-06-12 17:00:00+00:00,99142.24882581212
2025-06-12 17:15:00+00:00,99142.24882581212
2025-06-12 17:30:00+00:00,99142.24882581212
2025-06-12 17:45:00+00:00,99142.24882581212
2025-06-12 18:00:00+00:00,99142.24882581212
2025-06-12 18:15:00+00:00,99142.24882581212
2025-06-12 18:30:00+00:00,99142.24882581212
2025-06-12 18:45:00+00:00,99142.24882581212
2025-06-12 19:00:00+00:00,99142.24882581212
2025-06-12 19:15:00+00:00,99142.24882581212
2025-06-12 19:30:00+00:00,99142.24882581212
2025-06-12 19:45:00+00:00,99142.24882581212
2025-06-12 20:00:00+00:00,99142.24882581212
2025-06-12 20:15:00+00:00,99142.24882581212
2025-06-12 20:30:00+00:00,99129.88525820196
2025-06-12 20:45:00+00:00,99112.51129384663
2025-06-12 21:00:00+00:00,99112.51129384663
2025-06-12 21:15:00+00:00,99112.51129384663
2025-06-12 21:30:00+00:00,99112.51129384663
2025-06-12 21:45:00+00:00,99112.51129384663
2025-06-12 22:00:00+00:00,99112.51129384663
2025-06-12 22:15:00+00:00,99112.51129384663
2025-06-12 22:30:00+00:00,99112.51129384663
2025-06-12 22:45:00+00:00,99112.51129384663
2025-06-12 23:00:00+00:00,99112.51129384663
2025-06-12 23:15:00+00:00,99112.51129384663
2025-06-12 23:30:00+00:00,99112.51129384663
2025-06-12 23:45:00+00:00,99112.51129384663
2025-06-13 00:00:00+00:00,99112.51129384663
2025-06-13 00:15:00+00:00,99112.51129384663
2025-06-13 00:30:00+00:00,99112.51129384663
2025-06-13 00:45:00+00:00,99112.51129384663
2025-06-13 01:00:00+00:00,99112.51129384663
2025-06-13 01:15:00+00:00,99112.51129384663
2025-06-13 01:30:00+00:00,99112.51129384663
2025-06-13 01:45:00+00:00,99112.51129384663
2025-06-13 02:00:00+00:00,99112.51129384663
2025-06-13 02:15:00+00:00,99112.51129384663
2025-06-13 02:30:00+00:00,99112.51129384663
2025-06-13 02:45:00+00:00,99112.51129384663
2025-06-13 03:00:00+00:00,99112.51129384663
2025-06-13 03:15:00+00:00,99112.51129384663
2025-06-13 03:30:00+00:00,99112.51129384663
2025-06-13 03:45:00+00:00,99112.51129384663
2025-06-13 04:00:00+00:00,99112.51129384663
2025-06-13 04:15:00+00:00,99112.51129384663
2025-06-13 04:30:00+00:00,99112.51129384663
2025-06-13 04:45:00+00:00,99112.51129384663
2025-06-13 05:00:00+00:00,99112.51129384663
2025-06-13 05:15:00+00:00,99112.51129384663
2025-06-13 05:30:00+00:00,99112.51129384663
2025-06-13 05:45:00+00:00,99112.51129384663
2025-06-13 06:00:00+00:00,99112.51129384663
2025-06-13 06:15:00+00:00,99112.51129384663
2025-06-13 06:30:00+00:00,99112.51129384663
2025-06-13 06:45:00+00:00,99112.51129384663
2025-06-13 07:00:00+00:00,99112.51129384663
2025-06-13 07:15:00+00:00,99112.51129384663
2025-06-13 07:30:00+00:00,99112.51129384663
2025-06-13 07:45:00+00:00,99112.51129384663
2025-06-13 08:00:00+00:00,99112.51129384663
2025-06-13 08:15:00+00:00,99112.51129384663
2025-06-13 08:30:00+00:00,99112.51129384663
2025-06-13 08:45:00+00:00,99112.51129384663
2025-06-13 09:00:00+00:00,99112.51129384663
2025-06-13 09:15:00+00:00,99112.51129384663
2025-06-13 09:30:00+00:00,99112.51129384663
2025-06-13 09:45:00+00:00,99112.51129384663
2025-06-13 10:00:00+00:00,99112.51129384663
2025-06-13 10:15:00+00:00,99112.51129384663
2025-06-13 10:30:00+00:00,99112.51129384663
2025-06-13 10:45:00+00:00,99112.51129384663
2025-06-13 11:00:00+00:00,99112.51129384663
2025-06-13 11:15:00+00:00,99112.51129384663
2025-06-13 11:30:00+00:00,99112.51129384663
2025-06-13 11:45:00+00:00,99112.51129384663
2025-06-13 12:00:00+00:00,99112.51129384663
2025-06-13 12:15:00+00:00,99112.51129384663
2025-06-13 12:30:00+00:00,99112.51129384663
2025-06-13 12:45:00+00:00,99112.51129384663
2025-06-13 13:00:00+00:00,99112.51129384663
2025-06-13 13:15:00+00:00,99112.51129384663
2025-06-13 13:30:00+00:00,99112.51129384663
2025-06-13 13:45:00+00:00,99112.51129384663
2025-06-13 14:00:00+00:00,99112.51129384663
2025-06-13 14:15:00+00:00,99112.51129384663
2025-06-13 14:30:00+00:00,99112.51129384663
2025-06-13 14:45:00+00:00,99112.51129384663
2025-06-13 15:00:00+00:00,99112.51129384663
2025-06-13 15:15:00+00:00,99112.51129384663
2025-06-13 15:30:00+00:00,99112.51129384663
2025-06-13 15:45:00+00:00,99112.51129384663
2025-06-13 16:00:00+00:00,99112.51129384663
2025-06-13 16:15:00+00:00,99112.51129384663
2025-06-13 16:30:00+00:00,99112.51129384663
2025-06-13 16:45:00+00:00,99112.51129384663
2025-06-13 17:00:00+00:00,99112.51129384663
2025-06-13 17:15:00+00:00,99112.51129384663
2025-06-13 17:30:00+00:00,99112.51129384663
2025-06-13 17:45:00+00:00,99112.51129384663
2025-06-13 18:00:00+00:00,99112.51129384663
2025-06-13 18:15:00+00:00,99112.51129384663
2025-06-13 18:30:00+00:00,99112.51129384663
2025-06-13 18:45:00+00:00,99112.51129384663
2025-06-13 19:00:00+00:00,99112.51129384663
2025-06-13 19:15:00+00:00,99112.51129384663
2025-06-13 19:30:00+00:00,99112.51129384663
2025-06-13 19:45:00+00:00,99112.51129384663
2025-06-13 20:00:00+00:00,99112.51129384663
2025-06-13 20:15:00+00:00,99112.73135672965
2025-06-13 20:30:00+00:00,99109.92714513908
2025-06-13 20:45:00+00:00,99111.06892161125
2025-06-13 21:00:00+00:00,99111.1141883244
2025-06-13 21:15:00+00:00,99108.99518940334
2025-06-13 21:30:00+00:00,99108.11831305365
2025-06-13 21:45:00+00:00,99099.55676506583
2025-06-13 22:00:00+00:00,99099.55676506583
2025-06-13 22:15:00+00:00,99099.55676506583
2025-06-13 22:30:00+00:00,99099.55676506583
2025-06-13 22:45:00+00:00,99099.55676506583
2025-06-13 23:00:00+00:00,99099.55676506583
2025-06-13 23:15:00+00:00,99099.55676506583
2025-06-13 23:30:00+00:00,99099.55676506583
2025-06-13 23:45:00+00:00,99099.55676506583
2025-06-14 00:00:00+00:00,99099.55676506583
2025-06-14 00:15:00+00:00,99099.55676506583
2025-06-14 00:30:00+00:00,99099.55676506583
2025-06-14 00:45:00+00:00,99099.55676506583
2025-06-14 01:00:00+00:00,99099.55676506583
2025-06-14 01:15:00+00:00,99099.55676506583
2025-06-14 01:30:00+00:00,99099.55676506583
2025-06-14 01:45:00+00:00,99099.55676506583
2025-06-14 02:00:00+00:00,99099.55676506583
2025-06-14 02:15:00+00:00,99099.55676506583
2025-06-14 02:30:00+00:00,99099.55676506583
2025-06-14 02:45:00+00:00,99099.55676506583
2025-06-14 03:00:00+00:00,99099.55676506583
2025-06-14 03:15:00+00:00,99099.55676506583
2025-06-14 03:30:00+00:00,99099.55676506583
2025-06-14 03:45:00+00:00,99099.55676506583
2025-06-14 04:00:00+00:00,99099.55676506583
2025-06-14 04:15:00+00:00,99099.55676506583
2025-06-14 04:30:00+00:00,99099.55676506583
2025-06-14 04:45:00+00:00,99099.55676506583
2025-06-14 05:00:00+00:00,99099.55676506583
2025-06-14 05:15:00+00:00,99099.55676506583
2025-06-14 05:30:00+00:00,99099.55676506583
2025-06-14 05:45:00+00:00,99099.55676506583
2025-06-14 06:00:00+00:00,99099.55676506583
2025-06-14 06:15:00+00:00,99099.55676506583
2025-06-14 06:30:00+00:00,99099.55676506583
2025-06-14 06:45:00+00:00,99099.55676506583
2025-06-14 07:00:00+00:00,99099.55676506583
2025-06-14 07:15:00+00:00,99099.55676506583
2025-06-14 07:30:00+00:00,99099.55676506583
2025-06-14 07:45:00+00:00,99099.55676506583
2025-06-14 08:00:00+00:00,99099.55676506583
2025-06-14 08:15:00+00:00,99099.55676506583
2025-06-14 08:30:00+00:00,99099.55676506583
2025-06-14 08:45:00+00:00,99099.55676506583
2025-06-14 09:00:00+00:00,99099.55676506583
2025-06-14 09:15:00+00:00,99099.55676506583
2025-06-14 09:30:00+00:00,99099.55676506583
2025-06-14 09:45:00+00:00,99099.55676506583
2025-06-14 10:00:00+00:00,99099.55676506583
2025-06-14 10:15:00+00:00,99099.55676506583
2025-06-14 10:30:00+00:00,99099.55676506583
2025-06-14 10:45:00+00:00,99099.55676506583
2025-06-14 11:00:00+00:00,99099.55676506583
2025-06-14 11:15:00+00:00,99099.55676506583
2025-06-14 11:30:00+00:00,99099.55676506583
2025-06-14 11:45:00+00:00,99099.55676506583
2025-06-14 12:00:00+00:00,99099.55676506583
2025-06-14 12:15:00+00:00,99099.55676506583
2025-06-14 12:30:00+00:00,99099.55676506583
2025-06-14 12:45:00+00:00,99099.55676506583
2025-06-14 13:00:00+00:00,99099.55676506583
2025-06-14 13:15:00+00:00,99099.55676506583
2025-06-14 13:30:00+00:00,99099.55676506583
2025-06-14 13:45:00+00:00,99099.55676506583
2025-06-14 14:00:00+00:00,99099.55676506583
2025-06-14 14:15:00+00:00,99099.55676506583
2025-06-14 14:30:00+00:00,99099.55676506583
2025-06-14 14:45:00+00:00,99099.55676506583
2025-06-14 15:00:00+00:00,99099.55676506583
2025-06-14 15:15:00+00:00,99099.55676506583
2025-06-14 15:30:00+00:00,99099.55676506583
2025-06-14 15:45:00+00:00,99099.55676506583
2025-06-14 16:00:00+00:00,99099.55676506583
2025-06-14 16:15:00+00:00,99099.55676506583
2025-06-14 16:30:00+00:00,99099.55676506583
2025-06-14 16:45:00+00:00,99099.55676506583
2025-06-14 17:00:00+00:00,99099.55676506583
2025-06-14 17:15:00+00:00,99099.55676506583
2025-06-14 17:30:00+00:00,99099.55676506583
2025-06-14 17:45:00+00:00,99099.55676506583
2025-06-14 18:00:00+00:00,99099.55676506583
2025-06-14 18:15:00+00:00,99099.55676506583
2025-06-14 18:30:00+00:00,99099.55676506583
2025-06-14 18:45:00+00:00,99099.55676506583
2025-06-14 19:00:00+00:00,99099.55676506583
2025-06-14 19:15:00+00:00,99099.55676506583
2025-06-14 19:30:00+00:00,99099.55676506583
2025-06-14 19:45:00+00:00,99099.55676506583
2025-06-14 20:00:00+00:00,99099.55676506583
2025-06-14 20:15:00+00:00,99099.55676506583
2025-06-14 20:30:00+00:00,99099.55676506583
2025-06-14 20:45:00+00:00,99099.55676506583
2025-06-14 21:00:00+00:00,99099.55676506583
2025-06-14 21:15:00+00:00,99099.55676506583
2025-06-14 21:30:00+00:00,99099.55676506583
2025-06-14 21:45:00+00:00,99099.55676506583
2025-06-14 22:00:00+00:00,99099.55676506583
2025-06-14 22:15:00+00:00,99099.55676506583
2025-06-14 22:30:00+00:00,99099.55676506583
2025-06-14 22:45:00+00:00,99099.55676506583
2025-06-14 23:00:00+00:00,99099.55676506583
2025-06-14 23:15:00+00:00,99099.55676506583
2025-06-14 23:30:00+00:00,99099.55676506583
2025-06-14 23:45:00+00:00,99099.55676506583
2025-06-15 00:00:00+00:00,99099.55676506583
2025-06-15 00:15:00+00:00,99099.55676506583
2025-06-15 00:30:00+00:00,99099.55676506583
2025-06-15 00:45:00+00:00,99099.55676506583
2025-06-15 01:00:00+00:00,99099.55676506583
2025-06-15 01:15:00+00:00,99099.55676506583
2025-06-15 01:30:00+00:00,99099.55676506583
2025-06-15 01:45:00+00:00,99099.55676506583
2025-06-15 02:00:00+00:00,99099.55676506583
2025-06-15 02:15:00+00:00,99099.55676506583
2025-06-15 02:30:00+00:00,99099.55676506583
2025-06-15 02:45:00+00:00,99099.55676506583
2025-06-15 03:00:00+00:00,99099.55676506583
2025-06-15 03:15:00+00:00,99099.55676506583
2025-06-15 03:30:00+00:00,99099.55676506583
2025-06-15 03:45:00+00:00,99099.55676506583
2025-06-15 04:00:00+00:00,99099.55676506583
2025-06-15 04:15:00+00:00,99099.55676506583
2025-06-15 04:30:00+00:00,99099.55676506583
2025-06-15 04:45:00+00:00,99099.55676506583
2025-06-15 05:00:00+00:00,99099.55676506583
2025-06-15 05:15:00+00:00,99099.55676506583
2025-06-15 05:30:00+00:00,99099.55676506583
2025-06-15 05:45:00+00:00,99099.55676506583
2025-06-15 06:00:00+00:00,99099.55676506583
2025-06-15 06:15:00+00:00,99099.55676506583
2025-06-15 06:30:00+00:00,99099.55676506583
2025-06-15 06:45:00+00:00,99099.55676506583
2025-06-15 07:00:00+00:00,99099.55676506583
2025-06-15 07:15:00+00:00,99099.55676506583
2025-06-15 07:30:00+00:00,99099.55676506583
2025-06-15 07:45:00+00:00,99099.55676506583
2025-06-15 08:00:00+00:00,99099.55676506583
2025-06-15 08:15:00+00:00,99099.55676506583
2025-06-15 08:30:00+00:00,99099.55676506583
2025-06-15 08:45:00+00:00,99099.55676506583
2025-06-15 09:00:00+00:00,99099.55676506583
2025-06-15 09:15:00+00:00,99099.55676506583
2025-06-15 09:30:00+00:00,99099.55676506583
2025-06-15 09:45:00+00:00,99099.55676506583
2025-06-15 10:00:00+00:00,99099.55676506583
2025-06-15 10:15:00+00:00,99099.55676506583
2025-06-15 10:30:00+00:00,99099.55676506583
2025-06-15 10:45:00+00:00,99099.55676506583
2025-06-15 11:00:00+00:00,99099.55676506583
2025-06-15 11:15:00+00:00,99099.55676506583
2025-06-15 11:30:00+00:00,99099.55676506583
2025-06-15 11:45:00+00:00,99099.55676506583
2025-06-15 12:00:00+00:00,99099.55676506583
2025-06-15 12:15:00+00:00,99099.55676506583
2025-06-15 12:30:00+00:00,99099.55676506583
2025-06-15 12:45:00+00:00,99099.55676506583
2025-06-15 13:00:00+00:00,99099.55676506583
2025-06-15 13:15:00+00:00,99099.55676506583
2025-06-15 13:30:00+00:00,99099.55676506583
2025-06-15 13:45:00+00:00,99099.55676506583
2025-06-15 14:00:00+00:00,99099.55676506583
2025-06-15 14:15:00+00:00,99099.55676506583
2025-06-15 14:30:00+00:00,99099.55676506583
2025-06-15 14:45:00+00:00,99099.55676506583
2025-06-15 15:00:00+00:00,99099.55676506583
2025-06-15 15:15:00+00:00,99099.55676506583
2025-06-15 15:30:00+00:00,99099.55676506583
2025-06-15 15:45:00+00:00,99099.55676506583
2025-06-15 16:00:00+00:00,99099.55676506583
2025-06-15 16:15:00+00:00,99099.55676506583
2025-06-15 16:30:00+00:00,99099.55676506583
2025-06-15 16:45:00+00:00,99099.55676506583
2025-06-15 17:00:00+00:00,99099.55676506583
2025-06-15 17:15:00+00:00,99099.55676506583
2025-06-15 17:30:00+00:00,99099.55676506583
2025-06-15 17:45:00+00:00,99099.55676506583
2025-06-15 18:00:00+00:00,99099.55676506583
2025-06-15 18:15:00+00:00,99099.55676506583
2025-06-15 18:30:00+00:00,99099.55676506583
2025-06-15 18:45:00+00:00,99099.55676506583
2025-06-15 19:00:00+00:00,99099.55676506583
2025-06-15 19:15:00+00:00,99099.55676506583
2025-06-15 19:30:00+00:00,99099.55676506583
2025-06-15 19:45:00+00:00,99099.55676506583
2025-06-15 20:00:00+00:00,99099.55676506583
2025-06-15 20:15:00+00:00,99099.55676506583
2025-06-15 20:30:00+00:00,99099.55676506583
2025-06-15 20:45:00+00:00,99099.55676506583
2025-06-15 21:00:00+00:00,99099.55676506583
2025-06-15 21:15:00+00:00,99099.55676506583
2025-06-15 21:30:00+00:00,99099.55676506583
2025-06-15 21:45:00+00:00,99099.55676506583
2025-06-15 22:00:00+00:00,99099.55676506583
2025-06-15 22:15:00+00:00,99099.55676506583
2025-06-15 22:30:00+00:00,99099.55676506583
2025-06-15 22:45:00+00:00,99099.55676506583
2025-06-15 23:00:00+00:00,99099.55676506583
2025-06-15 23:15:00+00:00,99099.55676506583
2025-06-15 23:30:00+00:00,99099.55676506583
2025-06-15 23:45:00+00:00,99099.55676506583
2025-06-16 00:00:00+00:00,99099.55676506583
2025-06-16 00:15:00+00:00,99099.55676506583
2025-06-16 00:30:00+00:00,99099.55676506583
2025-06-16 00:45:00+00:00,99099.55676506583
2025-06-16 01:00:00+00:00,99099.55676506583
2025-06-16 01:15:00+00:00,99099.55676506583
2025-06-16 01:30:00+00:00,99099.55676506583
2025-06-16 01:45:00+00:00,99099.55676506583
2025-06-16 02:00:00+00:00,99099.55676506583
2025-06-16 02:15:00+00:00,99099.55676506583
2025-06-16 02:30:00+00:00,99099.55676506583
2025-06-16 02:45:00+00:00,99099.55676506583
2025-06-16 03:00:00+00:00,99099.55676506583
2025-06-16 03:15:00+00:00,99099.55676506583
2025-06-16 03:30:00+00:00,99099.55676506583
2025-06-16 03:45:00+00:00,99099.55676506583
2025-06-16 04:00:00+00:00,99099.55676506583
2025-06-16 04:15:00+00:00,99096.73350707511
2025-06-16 04:30:00+00:00,99095.82618314053
2025-06-16 04:45:00+00:00,99086.30182479897
2025-06-16 05:00:00+00:00,99086.30182479897
2025-06-16 05:15:00+00:00,99086.30182479897
2025-06-16 05:30:00+00:00,99086.30182479897
2025-06-16 05:45:00+00:00,99086.30182479897
2025-06-16 06:00:00+00:00,99086.30182479897
2025-06-16 06:15:00+00:00,99086.30182479897
2025-06-16 06:30:00+00:00,99086.30182479897
2025-06-16 06:45:00+00:00,99086.30182479897
2025-06-16 07:00:00+00:00,99086.30182479897
2025-06-16 07:15:00+00:00,99086.30182479897
2025-06-16 07:30:00+00:00,99086.30182479897
2025-06-16 07:45:00+00:00,99086.30182479897
2025-06-16 08:00:00+00:00,99086.30182479897
2025-06-16 08:15:00+00:00,99086.30182479897
2025-06-16 08:30:00+00:00,99086.30182479897
2025-06-16 08:45:00+00:00,99086.30182479897
2025-06-16 09:00:00+00:00,99086.30182479897
2025-06-16 09:15:00+00:00,99086.30182479897
2025-06-16 09:30:00+00:00,99086.30182479897
2025-06-16 09:45:00+00:00,99086.30182479897
2025-06-16 10:00:00+00:00,99086.30182479897
2025-06-16 10:15:00+00:00,99086.30182479897
2025-06-16 10:30:00+00:00,99086.30182479897
2025-06-16 10:45:00+00:00,99086.30182479897
2025-06-16 11:00:00+00:00,99086.30182479897
2025-06-16 11:15:00+00:00,99086.30182479897
2025-06-16 11:30:00+00:00,99086.30182479897
2025-06-16 11:45:00+00:00,99086.30182479897
2025-06-16 12:00:00+00:00,99086.30182479897
2025-06-16 12:15:00+00:00,99086.30182479897
2025-06-16 12:30:00+00:00,99086.30182479897
2025-06-16 12:45:00+00:00,99086.30182479897
2025-06-16 13:00:00+00:00,99086.30182479897
2025-06-16 13:15:00+00:00,99086.30182479897
2025-06-16 13:30:00+00:00,99086.30182479897
2025-06-16 13:45:00+00:00,99086.30182479897
2025-06-16 14:00:00+00:00,99086.30182479897
2025-06-16 14:15:00+00:00,99086.30182479897
2025-06-16 14:30:00+00:00,99086.30182479897
2025-06-16 14:45:00+00:00,99086.30182479897
2025-06-16 15:00:00+00:00,99086.30182479897
2025-06-16 15:15:00+00:00,99086.30182479897
2025-06-16 15:30:00+00:00,99086.30182479897
2025-06-16 15:45:00+00:00,99086.30182479897
2025-06-16 16:00:00+00:00,99086.30182479897
2025-06-16 16:15:00+00:00,99086.30182479897
2025-06-16 16:30:00+00:00,99086.30182479897
2025-06-16 16:45:00+00:00,99086.30182479897
2025-06-16 17:00:00+00:00,99086.30182479897
2025-06-16 17:15:00+00:00,99086.30182479897
2025-06-16 17:30:00+00:00,99086.30182479897
2025-06-16 17:45:00+00:00,99086.30182479897
2025-06-16 18:00:00+00:00,99086.30182479897
2025-06-16 18:15:00+00:00,99086.30182479897
2025-06-16 18:30:00+00:00,99086.30182479897
2025-06-16 18:45:00+00:00,99086.30182479897
2025-06-16 19:00:00+00:00,99086.30182479897
2025-06-16 19:15:00+00:00,99086.30182479897
2025-06-16 19:30:00+00:00,99086.30182479897
2025-06-16 19:45:00+00:00,99086.30182479897
2025-06-16 20:00:00+00:00,99086.30182479897
2025-06-16 20:15:00+00:00,99086.30182479897
2025-06-16 20:30:00+00:00,99086.30182479897
2025-06-16 20:45:00+00:00,99086.30182479897
2025-06-16 21:00:00+00:00,99086.30182479897
2025-06-16 21:15:00+00:00,99086.30182479897
2025-06-16 21:30:00+00:00,99086.30182479897
2025-06-16 21:45:00+00:00,99086.30182479897
2025-06-16 22:00:00+00:00,99086.30182479897
2025-06-16 22:15:00+00:00,99086.30182479897
2025-06-16 22:30:00+00:00,99086.30182479897
2025-06-16 22:45:00+00:00,99086.30182479897
2025-06-16 23:00:00+00:00,99086.30182479897
2025-06-16 23:15:00+00:00,99086.30182479897
2025-06-16 23:30:00+00:00,99086.30182479897
2025-06-16 23:45:00+00:00,99086.30182479897
2025-06-17 00:00:00+00:00,99086.30182479897
2025-06-17 00:15:00+00:00,99086.30182479897
2025-06-17 00:30:00+00:00,99086.30182479897
2025-06-17 00:45:00+00:00,99086.30182479897
2025-06-17 01:00:00+00:00,99086.30182479897
2025-06-17 01:15:00+00:00,99086.30182479897
2025-06-17 01:30:00+00:00,99086.30182479897
2025-06-17 01:45:00+00:00,99086.30182479897
2025-06-17 02:00:00+00:00,99086.30182479897
2025-06-17 02:15:00+00:00,99086.30182479897
2025-06-17 02:30:00+00:00,99086.30182479897
2025-06-17 02:45:00+00:00,99086.30182479897
2025-06-17 03:00:00+00:00,99086.30182479897
2025-06-17 03:15:00+00:00,99086.30182479897
2025-06-17 03:30:00+00:00,99086.30182479897
2025-06-17 03:45:00+00:00,99086.30182479897
2025-06-17 04:00:00+00:00,99086.30182479897
2025-06-17 04:15:00+00:00,99086.30182479897
2025-06-17 04:30:00+00:00,99086.30182479897
2025-06-17 04:45:00+00:00,99086.30182479897
2025-06-17 05:00:00+00:00,99086.30182479897
2025-06-17 05:15:00+00:00,99086.30182479897
2025-06-17 05:30:00+00:00,99086.30182479897
2025-06-17 05:45:00+00:00,99086.30182479897
2025-06-17 06:00:00+00:00,99086.30182479897
2025-06-17 06:15:00+00:00,99086.30182479897
2025-06-17 06:30:00+00:00,99086.30182479897
2025-06-17 06:45:00+00:00,99086.30182479897
2025-06-17 07:00:00+00:00,99086.30182479897
2025-06-17 07:15:00+00:00,99086.30182479897
2025-06-17 07:30:00+00:00,99086.30182479897
2025-06-17 07:45:00+00:00,99086.30182479897
2025-06-17 08:00:00+00:00,99086.30182479897
2025-06-17 08:15:00+00:00,99086.30182479897
2025-06-17 08:30:00+00:00,99086.30182479897
2025-06-17 08:45:00+00:00,99086.30182479897
2025-06-17 09:00:00+00:00,99086.30182479897
2025-06-17 09:15:00+00:00,99086.30182479897
2025-06-17 09:30:00+00:00,99086.30182479897
2025-06-17 09:45:00+00:00,99086.30182479897
2025-06-17 10:00:00+00:00,99086.30182479897
2025-06-17 10:15:00+00:00,99086.30182479897
2025-06-17 10:30:00+00:00,99086.30182479897
2025-06-17 10:45:00+00:00,99086.30182479897
2025-06-17 11:00:00+00:00,99086.30182479897
2025-06-17 11:15:00+00:00,99086.30182479897
2025-06-17 11:30:00+00:00,99086.30182479897
2025-06-17 11:45:00+00:00,99086.30182479897
2025-06-17 12:00:00+00:00,99086.30182479897
2025-06-17 12:15:00+00:00,99086.30182479897
2025-06-17 12:30:00+00:00,99086.30182479897
2025-06-17 12:45:00+00:00,99086.30182479897
2025-06-17 13:00:00+00:00,99086.30182479897
2025-06-17 13:15:00+00:00,99086.30182479897
2025-06-17 13:30:00+00:00,99086.30182479897
2025-06-17 13:45:00+00:00,99086.30182479897
2025-06-17 14:00:00+00:00,99086.30182479897
2025-06-17 14:15:00+00:00,99086.30182479897
2025-06-17 14:30:00+00:00,99086.30182479897
2025-06-17 14:45:00+00:00,99086.30182479897
2025-06-17 15:00:00+00:00,99086.30182479897
2025-06-17 15:15:00+00:00,99086.30182479897
2025-06-17 15:30:00+00:00,99086.30182479897
2025-06-17 15:45:00+00:00,99086.30182479897
2025-06-17 16:00:00+00:00,99086.30182479897
2025-06-17 16:15:00+00:00,99086.30182479897
2025-06-17 16:30:00+00:00,99086.30182479897
2025-06-17 16:45:00+00:00,99086.30182479897
2025-06-17 17:00:00+00:00,99086.30182479897
2025-06-17 17:15:00+00:00,99086.30182479897
2025-06-17 17:30:00+00:00,99086.30182479897
2025-06-17 17:45:00+00:00,99086.30182479897
2025-06-17 18:00:00+00:00,99086.30182479897
2025-06-17 18:15:00+00:00,99086.30182479897
2025-06-17 18:30:00+00:00,99086.30182479897
2025-06-17 18:45:00+00:00,99086.30182479897
2025-06-17 19:00:00+00:00,99086.30182479897
2025-06-17 19:15:00+00:00,99086.30182479897
2025-06-17 19:30:00+00:00,99086.30182479897
2025-06-17 19:45:00+00:00,99086.30182479897
2025-06-17 20:00:00+00:00,99086.30182479897
2025-06-17 20:15:00+00:00,99086.30182479897
2025-06-17 20:30:00+00:00,99086.30182479897
2025-06-17 20:45:00+00:00,99086.30182479897
2025-06-17 21:00:00+00:00,99086.30182479897
2025-06-17 21:15:00+00:00,99086.30182479897
2025-06-17 21:30:00+00:00,99086.30182479897
2025-06-17 21:45:00+00:00,99086.30182479897
2025-06-17 22:00:00+00:00,99086.30182479897
2025-06-17 22:15:00+00:00,99086.30182479897
2025-06-17 22:30:00+00:00,99086.30182479897
2025-06-17 22:45:00+00:00,99086.30182479897
2025-06-17 23:00:00+00:00,99086.30182479897
2025-06-17 23:15:00+00:00,99086.30182479897
2025-06-17 23:30:00+00:00,99086.30182479897
2025-06-17 23:45:00+00:00,99086.30182479897
2025-06-18 00:00:00+00:00,99086.30182479897
2025-06-18 00:15:00+00:00,99086.30182479897
2025-06-18 00:30:00+00:00,99086.30182479897
2025-06-18 00:45:00+00:00,99086.30182479897
2025-06-18 01:00:00+00:00,99086.30182479897
2025-06-18 01:15:00+00:00,99086.30182479897
2025-06-18 01:30:00+00:00,99086.30182479897
2025-06-18 01:45:00+00:00,99086.30182479897
2025-06-18 02:00:00+00:00,99086.30182479897
2025-06-18 02:15:00+00:00,99086.30182479897
2025-06-18 02:30:00+00:00,99086.30182479897
2025-06-18 02:45:00+00:00,99086.30182479897
2025-06-18 03:00:00+00:00,99086.30182479897
2025-06-18 03:15:00+00:00,99086.30182479897
2025-06-18 03:30:00+00:00,99086.30182479897
2025-06-18 03:45:00+00:00,99086.30182479897
2025-06-18 04:00:00+00:00,99086.30182479897
2025-06-18 04:15:00+00:00,99086.30182479897
2025-06-18 04:30:00+00:00,99086.30182479897
2025-06-18 04:45:00+00:00,99086.30182479897
2025-06-18 05:00:00+00:00,99086.30182479897
2025-06-18 05:15:00+00:00,99086.30182479897
2025-06-18 05:30:00+00:00,99086.30182479897
2025-06-18 05:45:00+00:00,99086.30182479897
2025-06-18 06:00:00+00:00,99086.30182479897
2025-06-18 06:15:00+00:00,99086.30182479897
2025-06-18 06:30:00+00:00,99086.30182479897
2025-06-18 06:45:00+00:00,99086.30182479897
2025-06-18 07:00:00+00:00,99086.30182479897
2025-06-18 07:15:00+00:00,99086.30182479897
2025-06-18 07:30:00+00:00,99086.30182479897
2025-06-18 07:45:00+00:00,99086.30182479897
2025-06-18 08:00:00+00:00,99086.30182479897
2025-06-18 08:15:00+00:00,99086.30182479897
2025-06-18 08:30:00+00:00,99086.30182479897
2025-06-18 08:45:00+00:00,99086.30182479897
2025-06-18 09:00:00+00:00,99086.30182479897
2025-06-18 09:15:00+00:00,99086.30182479897
2025-06-18 09:30:00+00:00,99086.30182479897
2025-06-18 09:45:00+00:00,99086.30182479897
2025-06-18 10:00:00+00:00,99086.30182479897
2025-06-18 10:15:00+00:00,99086.30182479897
2025-06-18 10:30:00+00:00,99086.30182479897
2025-06-18 10:45:00+00:00,99086.30182479897
2025-06-18 11:00:00+00:00,99086.30182479897
2025-06-18 11:15:00+00:00,99086.30182479897
2025-06-18 11:30:00+00:00,99086.30182479897
2025-06-18 11:45:00+00:00,99086.30182479897
2025-06-18 12:00:00+00:00,99086.30182479897
2025-06-18 12:15:00+00:00,99086.30182479897
2025-06-18 12:30:00+00:00,99086.30182479897
2025-06-18 12:45:00+00:00,99086.30182479897
2025-06-18 13:00:00+00:00,99086.30182479897
2025-06-18 13:15:00+00:00,99086.30182479897
2025-06-18 13:30:00+00:00,99086.30182479897
2025-06-18 13:45:00+00:00,99086.30182479897
2025-06-18 14:00:00+00:00,99086.30182479897
2025-06-18 14:15:00+00:00,99086.30182479897
2025-06-18 14:30:00+00:00,99086.30182479897
2025-06-18 14:45:00+00:00,99086.30182479897
2025-06-18 15:00:00+00:00,99086.30182479897
2025-06-18 15:15:00+00:00,99086.30182479897
2025-06-18 15:30:00+00:00,99086.30182479897
2025-06-18 15:45:00+00:00,99086.30182479897
2025-06-18 16:00:00+00:00,99086.30182479897
2025-06-18 16:15:00+00:00,99090.10851440163
2025-06-18 16:30:00+00:00,99087.80120673003
2025-06-18 16:45:00+00:00,99089.69265050725
2025-06-18 17:00:00+00:00,99092.00130041408
2025-06-18 17:15:00+00:00,99094.50804514579
2025-06-18 17:30:00+00:00,99096.79338418956
2025-06-18 17:45:00+00:00,99096.79338418956
2025-06-18 18:00:00+00:00,99096.79338418956
2025-06-18 18:15:00+00:00,99096.79338418956
2025-06-18 18:30:00+00:00,99096.79338418956
2025-06-18 18:45:00+00:00,99096.79338418956
2025-06-18 19:00:00+00:00,99096.79338418956
2025-06-18 19:15:00+00:00,99096.79338418956
2025-06-18 19:30:00+00:00,99096.79338418956
2025-06-18 19:45:00+00:00,99096.79338418956
2025-06-18 20:00:00+00:00,99096.79338418956
2025-06-18 20:15:00+00:00,99096.79338418956
2025-06-18 20:30:00+00:00,99089.94717573294
2025-06-18 20:45:00+00:00,99088.21054632922
2025-06-18 21:00:00+00:00,99093.95279885663
2025-06-18 21:15:00+00:00,99089.6780896867
2025-06-18 21:30:00+00:00,99087.89704712035
2025-06-18 21:45:00+00:00,99071.09488868844
2025-06-18 22:00:00+00:00,99071.09488868844
2025-06-18 22:15:00+00:00,99071.09488868844
2025-06-18 22:30:00+00:00,99071.09488868844
2025-06-18 22:45:00+00:00,99071.09488868844
2025-06-18 23:00:00+00:00,99071.09488868844
2025-06-18 23:15:00+00:00,99071.09488868844
2025-06-18 23:30:00+00:00,99071.09488868844
2025-06-18 23:45:00+00:00,99071.09488868844
2025-06-19 00:00:00+00:00,99071.09488868844
2025-06-19 00:15:00+00:00,99066.47074169283
2025-06-19 00:30:00+00:00,99056.2208833718
2025-06-19 00:45:00+00:00,99056.2208833718
2025-06-19 01:00:00+00:00,99056.2208833718
2025-06-19 01:15:00+00:00,99056.2208833718
2025-06-19 01:30:00+00:00,99056.2208833718
2025-06-19 01:45:00+00:00,99056.2208833718
2025-06-19 02:00:00+00:00,99056.2208833718
2025-06-19 02:15:00+00:00,99056.2208833718
2025-06-19 02:30:00+00:00,99056.2208833718
2025-06-19 02:45:00+00:00,99056.2208833718
2025-06-19 03:00:00+00:00,99056.2208833718
2025-06-19 03:15:00+00:00,99056.2208833718
2025-06-19 03:30:00+00:00,99056.2208833718
2025-06-19 03:45:00+00:00,99056.2208833718
2025-06-19 04:00:00+00:00,99056.2208833718
2025-06-19 04:15:00+00:00,99056.2208833718
2025-06-19 04:30:00+00:00,99056.2208833718
2025-06-19 04:45:00+00:00,99056.2208833718
2025-06-19 05:00:00+00:00,99056.2208833718
2025-06-19 05:15:00+00:00,99056.2208833718
2025-06-19 05:30:00+00:00,99056.2208833718
2025-06-19 05:45:00+00:00,99056.2208833718
2025-06-19 06:00:00+00:00,99056.2208833718
2025-06-19 06:15:00+00:00,99056.2208833718
2025-06-19 06:30:00+00:00,99056.2208833718
2025-06-19 06:45:00+00:00,99056.2208833718
2025-06-19 07:00:00+00:00,99056.2208833718
2025-06-19 07:15:00+00:00,99056.2208833718
2025-06-19 07:30:00+00:00,99056.2208833718
2025-06-19 07:45:00+00:00,99056.2208833718
2025-06-19 08:00:00+00:00,99056.2208833718
2025-06-19 08:15:00+00:00,99056.2208833718
2025-06-19 08:30:00+00:00,99056.2208833718
2025-06-19 08:45:00+00:00,99056.2208833718
2025-06-19 09:00:00+00:00,99056.2208833718
2025-06-19 09:15:00+00:00,99056.2208833718
2025-06-19 09:30:00+00:00,99056.2208833718
2025-06-19 09:45:00+00:00,99056.2208833718
2025-06-19 10:00:00+00:00,99056.2208833718
2025-06-19 10:15:00+00:00,99056.2208833718
2025-06-19 10:30:00+00:00,99056.2208833718
2025-06-19 10:45:00+00:00,99056.2208833718
2025-06-19 11:00:00+00:00,99056.2208833718
2025-06-19 11:15:00+00:00,99056.2208833718
2025-06-19 11:30:00+00:00,99056.2208833718
2025-06-19 11:45:00+00:00,99056.2208833718
2025-06-19 12:00:00+00:00,99056.2208833718
2025-06-19 12:15:00+00:00,99056.2208833718
2025-06-19 12:30:00+00:00,99056.2208833718
2025-06-19 12:45:00+00:00,99056.2208833718
2025-06-19 13:00:00+00:00,99056.2208833718
2025-06-19 13:15:00+00:00,99056.2208833718
2025-06-19 13:30:00+00:00,99056.2208833718
2025-06-19 13:45:00+00:00,99056.2208833718
2025-06-19 14:00:00+00:00,99056.2208833718
2025-06-19 14:15:00+00:00,99056.2208833718
2025-06-19 14:30:00+00:00,99056.2208833718
2025-06-19 14:45:00+00:00,99056.2208833718
2025-06-19 15:00:00+00:00,99056.2208833718
2025-06-19 15:15:00+00:00,99056.2208833718
2025-06-19 15:30:00+00:00,99056.2208833718
2025-06-19 15:45:00+00:00,99056.2208833718
2025-06-19 16:00:00+00:00,99056.2208833718
2025-06-19 16:15:00+00:00,99056.2208833718
2025-06-19 16:30:00+00:00,99056.2208833718
2025-06-19 16:45:00+00:00,99056.2208833718
2025-06-19 17:00:00+00:00,99056.2208833718
2025-06-19 17:15:00+00:00,99056.2208833718
2025-06-19 17:30:00+00:00,99056.2208833718
2025-06-19 17:45:00+00:00,99056.2208833718
2025-06-19 18:00:00+00:00,99056.2208833718
2025-06-19 18:15:00+00:00,99056.2208833718
2025-06-19 18:30:00+00:00,99056.2208833718
2025-06-19 18:45:00+00:00,99056.2208833718
2025-06-19 19:00:00+00:00,99056.2208833718
2025-06-19 19:15:00+00:00,99056.2208833718
2025-06-19 19:30:00+00:00,99056.2208833718
2025-06-19 19:45:00+00:00,99056.2208833718
2025-06-19 20:00:00+00:00,99056.2208833718
2025-06-19 20:15:00+00:00,99056.2208833718
2025-06-19 20:30:00+00:00,99056.2208833718
2025-06-19 20:45:00+00:00,99056.2208833718
2025-06-19 21:00:00+00:00,99056.2208833718
2025-06-19 21:15:00+00:00,99056.2208833718
2025-06-19 21:30:00+00:00,99056.2208833718
2025-06-19 21:45:00+00:00,99056.2208833718
2025-06-19 22:00:00+00:00,99056.2208833718
2025-06-19 22:15:00+00:00,99056.2208833718
2025-06-19 22:30:00+00:00,99056.2208833718
2025-06-19 22:45:00+00:00,99056.2208833718
2025-06-19 23:00:00+00:00,99056.2208833718
2025-06-19 23:15:00+00:00,99056.2208833718
2025-06-19 23:30:00+00:00,99056.2208833718
2025-06-19 23:45:00+00:00,99056.2208833718
2025-06-20 00:00:00+00:00,99056.2208833718
2025-06-20 00:15:00+00:00,99056.2208833718
2025-06-20 00:30:00+00:00,99056.2208833718
2025-06-20 00:45:00+00:00,99056.2208833718
2025-06-20 01:00:00+00:00,99056.2208833718
2025-06-20 01:15:00+00:00,99056.2208833718
2025-06-20 01:30:00+00:00,99056.2208833718
2025-06-20 01:45:00+00:00,99056.2208833718
2025-06-20 02:00:00+00:00,99056.2208833718
2025-06-20 02:15:00+00:00,99056.2208833718
2025-06-20 02:30:00+00:00,99056.2208833718
2025-06-20 02:45:00+00:00,99056.2208833718
2025-06-20 03:00:00+00:00,99056.2208833718
2025-06-20 03:15:00+00:00,99056.2208833718
2025-06-20 03:30:00+00:00,99056.2208833718
2025-06-20 03:45:00+00:00,99056.2208833718
2025-06-20 04:00:00+00:00,99056.2208833718
2025-06-20 04:15:00+00:00,99056.2208833718
2025-06-20 04:30:00+00:00,99056.2208833718
2025-06-20 04:45:00+00:00,99056.2208833718
2025-06-20 05:00:00+00:00,99056.2208833718
2025-06-20 05:15:00+00:00,99056.2208833718
2025-06-20 05:30:00+00:00,99056.2208833718
2025-06-20 05:45:00+00:00,99056.2208833718
2025-06-20 06:00:00+00:00,99056.2208833718
2025-06-20 06:15:00+00:00,99056.2208833718
2025-06-20 06:30:00+00:00,99056.2208833718
2025-06-20 06:45:00+00:00,99056.2208833718
2025-06-20 07:00:00+00:00,99056.2208833718
2025-06-20 07:15:00+00:00,99056.2208833718
2025-06-20 07:30:00+00:00,99056.2208833718
2025-06-20 07:45:00+00:00,99056.2208833718
2025-06-20 08:00:00+00:00,99056.2208833718
2025-06-20 08:15:00+00:00,99056.2208833718
2025-06-20 08:30:00+00:00,99056.2208833718
2025-06-20 08:45:00+00:00,99056.2208833718
2025-06-20 09:00:00+00:00,99056.2208833718
2025-06-20 09:15:00+00:00,99056.2208833718
2025-06-20 09:30:00+00:00,99056.2208833718
2025-06-20 09:45:00+00:00,99056.2208833718
2025-06-20 10:00:00+00:00,99056.2208833718
2025-06-20 10:15:00+00:00,99056.2208833718
2025-06-20 10:30:00+00:00,99056.2208833718
2025-06-20 10:45:00+00:00,99056.2208833718
2025-06-20 11:00:00+00:00,99056.2208833718
2025-06-20 11:15:00+00:00,99056.2208833718
2025-06-20 11:30:00+00:00,99056.2208833718
2025-06-20 11:45:00+00:00,99056.2208833718
2025-06-20 12:00:00+00:00,99056.2208833718
2025-06-20 12:15:00+00:00,99056.2208833718
2025-06-20 12:30:00+00:00,99056.2208833718
2025-06-20 12:45:00+00:00,99056.2208833718
2025-06-20 13:00:00+00:00,99056.2208833718
2025-06-20 13:15:00+00:00,99056.2208833718
2025-06-20 13:30:00+00:00,99056.2208833718
2025-06-20 13:45:00+00:00,99056.2208833718
2025-06-20 14:00:00+00:00,99056.2208833718
2025-06-20 14:15:00+00:00,99056.2208833718
2025-06-20 14:30:00+00:00,99056.2208833718
2025-06-20 14:45:00+00:00,99056.2208833718
2025-06-20 15:00:00+00:00,99056.2208833718
2025-06-20 15:15:00+00:00,99056.2208833718
2025-06-20 15:30:00+00:00,99056.2208833718
2025-06-20 15:45:00+00:00,99056.2208833718
2025-06-20 16:00:00+00:00,99056.2208833718
2025-06-20 16:15:00+00:00,99056.2208833718
2025-06-20 16:30:00+00:00,99056.2208833718
2025-06-20 16:45:00+00:00,99056.2208833718
2025-06-20 17:00:00+00:00,99056.2208833718
2025-06-20 17:15:00+00:00,99056.2208833718
2025-06-20 17:30:00+00:00,99056.2208833718
2025-06-20 17:45:00+00:00,99056.2208833718
2025-06-20 18:00:00+00:00,99056.2208833718
2025-06-20 18:15:00+00:00,99056.2208833718
2025-06-20 18:30:00+00:00,99056.2208833718
2025-06-20 18:45:00+00:00,99056.2208833718
2025-06-20 19:00:00+00:00,99056.2208833718
2025-06-20 19:15:00+00:00,99056.2208833718
2025-06-20 19:30:00+00:00,99056.2208833718
2025-06-20 19:45:00+00:00,99056.2208833718
2025-06-20 20:00:00+00:00,99056.2208833718
2025-06-20 20:15:00+00:00,99056.2208833718
2025-06-20 20:30:00+00:00,99056.2208833718
2025-06-20 20:45:00+00:00,99056.2208833718
2025-06-20 21:00:00+00:00,99056.2208833718
2025-06-20 21:15:00+00:00,99056.2208833718
2025-06-20 21:30:00+00:00,99056.2208833718
2025-06-20 21:45:00+00:00,99056.2208833718
2025-06-20 22:00:00+00:00,99056.2208833718
2025-06-20 22:15:00+00:00,99056.2208833718
2025-06-20 22:30:00+00:00,99056.2208833718
2025-06-20 22:45:00+00:00,99056.2208833718
2025-06-20 23:00:00+00:00,99056.2208833718
2025-06-20 23:15:00+00:00,99056.2208833718
2025-06-20 23:30:00+00:00,99056.2208833718
2025-06-20 23:45:00+00:00,99056.2208833718
2025-06-21 00:00:00+00:00,99056.2208833718
2025-06-21 00:15:00+00:00,99056.2208833718
2025-06-21 00:30:00+00:00,99056.2208833718
2025-06-21 00:45:00+00:00,99056.2208833718
2025-06-21 01:00:00+00:00,99056.2208833718
2025-06-21 01:15:00+00:00,99056.2208833718
2025-06-21 01:30:00+00:00,99056.2208833718
2025-06-21 01:45:00+00:00,99056.2208833718
2025-06-21 02:00:00+00:00,99056.2208833718
2025-06-21 02:15:00+00:00,99056.2208833718
2025-06-21 02:30:00+00:00,99056.2208833718
2025-06-21 02:45:00+00:00,99056.2208833718
2025-06-21 03:00:00+00:00,99056.2208833718
2025-06-21 03:15:00+00:00,99056.2208833718
2025-06-21 03:30:00+00:00,99056.2208833718
2025-06-21 03:45:00+00:00,99056.2208833718
2025-06-21 04:00:00+00:00,99056.2208833718
2025-06-21 04:15:00+00:00,99056.2208833718
2025-06-21 04:30:00+00:00,99056.2208833718
2025-06-21 04:45:00+00:00,99056.2208833718
2025-06-21 05:00:00+00:00,99056.2208833718
2025-06-21 05:15:00+00:00,99056.2208833718
2025-06-21 05:30:00+00:00,99056.2208833718
2025-06-21 05:45:00+00:00,99056.2208833718
2025-06-21 06:00:00+00:00,99056.2208833718
2025-06-21 06:15:00+00:00,99056.2208833718
2025-06-21 06:30:00+00:00,99056.2208833718
2025-06-21 06:45:00+00:00,99056.2208833718
2025-06-21 07:00:00+00:00,99056.2208833718
2025-06-21 07:15:00+00:00,99056.2208833718
2025-06-21 07:30:00+00:00,99056.2208833718
2025-06-21 07:45:00+00:00,99056.2208833718
2025-06-21 08:00:00+00:00,99056.2208833718
2025-06-21 08:15:00+00:00,99056.2208833718
2025-06-21 08:30:00+00:00,99056.2208833718
2025-06-21 08:45:00+00:00,99056.2208833718
2025-06-21 09:00:00+00:00,99056.2208833718
2025-06-21 09:15:00+00:00,99056.2208833718
2025-06-21 09:30:00+00:00,99056.2208833718
2025-06-21 09:45:00+00:00,99056.2208833718
2025-06-21 10:00:00+00:00,99056.2208833718
2025-06-21 10:15:00+00:00,99056.2208833718
2025-06-21 10:30:00+00:00,99056.2208833718
2025-06-21 10:45:00+00:00,99056.2208833718
2025-06-21 11:00:00+00:00,99056.2208833718
2025-06-21 11:15:00+00:00,99056.2208833718
2025-06-21 11:30:00+00:00,99056.2208833718
2025-06-21 11:45:00+00:00,99056.2208833718
2025-06-21 12:00:00+00:00,99056.2208833718
2025-06-21 12:15:00+00:00,99056.2208833718
2025-06-21 12:30:00+00:00,99056.2208833718
2025-06-21 12:45:00+00:00,99056.2208833718
2025-06-21 13:00:00+00:00,99056.2208833718
2025-06-21 13:15:00+00:00,99056.2208833718
2025-06-21 13:30:00+00:00,99056.2208833718
2025-06-21 13:45:00+00:00,99056.2208833718
2025-06-21 14:00:00+00:00,99056.2208833718
2025-06-21 14:15:00+00:00,99056.2208833718
2025-06-21 14:30:00+00:00,99056.2208833718
2025-06-21 14:45:00+00:00,99056.2208833718
2025-06-21 15:00:00+00:00,99056.2208833718
2025-06-21 15:15:00+00:00,99056.2208833718
2025-06-21 15:30:00+00:00,99056.2208833718
2025-06-21 15:45:00+00:00,99056.2208833718
2025-06-21 16:00:00+00:00,99056.2208833718
2025-06-21 16:15:00+00:00,99055.27401484169
2025-06-21 16:30:00+00:00,99057.66675335518
2025-06-21 16:45:00+00:00,99057.4010805607
2025-06-21 17:00:00+00:00,99056.62603108633
2025-06-21 17:15:00+00:00,99054.9360759089
2025-06-21 17:30:00+00:00,99054.9360759089
2025-06-21 17:45:00+00:00,99054.9360759089
2025-06-21 18:00:00+00:00,99054.9360759089
2025-06-21 18:15:00+00:00,99054.9360759089
2025-06-21 18:30:00+00:00,99054.9360759089
2025-06-21 18:45:00+00:00,99054.9360759089
2025-06-21 19:00:00+00:00,99054.9360759089
2025-06-21 19:15:00+00:00,99054.9360759089
2025-06-21 19:30:00+00:00,99054.9360759089
2025-06-21 19:45:00+00:00,99054.9360759089
2025-06-21 20:00:00+00:00,99054.9360759089
2025-06-21 20:15:00+00:00,99054.9360759089
2025-06-21 20:30:00+00:00,99054.9360759089
2025-06-21 20:45:00+00:00,99054.9360759089
2025-06-21 21:00:00+00:00,99054.9360759089
2025-06-21 21:15:00+00:00,99054.9360759089
2025-06-21 21:30:00+00:00,99054.9360759089
2025-06-21 21:45:00+00:00,99054.9360759089
2025-06-21 22:00:00+00:00,99054.9360759089
2025-06-21 22:15:00+00:00,99054.9360759089
2025-06-21 22:30:00+00:00,99054.9360759089
2025-06-21 22:45:00+00:00,99054.9360759089
2025-06-21 23:00:00+00:00,99054.9360759089
2025-06-21 23:15:00+00:00,99054.9360759089
2025-06-21 23:30:00+00:00,99054.9360759089
2025-06-21 23:45:00+00:00,99054.9360759089
2025-06-22 00:00:00+00:00,99054.9360759089
2025-06-22 00:15:00+00:00,99054.9360759089
2025-06-22 00:30:00+00:00,99054.9360759089
2025-06-22 00:45:00+00:00,99054.9360759089
2025-06-22 01:00:00+00:00,99054.9360759089
2025-06-22 01:15:00+00:00,99054.9360759089
2025-06-22 01:30:00+00:00,99054.9360759089
2025-06-22 01:45:00+00:00,99054.9360759089
2025-06-22 02:00:00+00:00,99054.9360759089
2025-06-22 02:15:00+00:00,99054.9360759089
2025-06-22 02:30:00+00:00,99054.9360759089
2025-06-22 02:45:00+00:00,99054.9360759089
2025-06-22 03:00:00+00:00,99054.9360759089
2025-06-22 03:15:00+00:00,99054.9360759089
2025-06-22 03:30:00+00:00,99054.9360759089
2025-06-22 03:45:00+00:00,99054.9360759089
2025-06-22 04:00:00+00:00,99054.9360759089
2025-06-22 04:15:00+00:00,99054.9360759089
2025-06-22 04:30:00+00:00,99054.9360759089
2025-06-22 04:45:00+00:00,99054.9360759089
2025-06-22 05:00:00+00:00,99054.9360759089
2025-06-22 05:15:00+00:00,99054.9360759089
2025-06-22 05:30:00+00:00,99054.9360759089
2025-06-22 05:45:00+00:00,99054.9360759089
2025-06-22 06:00:00+00:00,99054.9360759089
2025-06-22 06:15:00+00:00,99054.9360759089
2025-06-22 06:30:00+00:00,99054.9360759089
2025-06-22 06:45:00+00:00,99054.9360759089
2025-06-22 07:00:00+00:00,99054.9360759089
2025-06-22 07:15:00+00:00,99054.9360759089
2025-06-22 07:30:00+00:00,99054.9360759089
2025-06-22 07:45:00+00:00,99054.9360759089
2025-06-22 08:00:00+00:00,99054.9360759089
2025-06-22 08:15:00+00:00,99054.9360759089
2025-06-22 08:30:00+00:00,99054.9360759089
2025-06-22 08:45:00+00:00,99054.9360759089
2025-06-22 09:00:00+00:00,99054.9360759089
2025-06-22 09:15:00+00:00,99054.9360759089
2025-06-22 09:30:00+00:00,99054.9360759089
2025-06-22 09:45:00+00:00,99054.9360759089
2025-06-22 10:00:00+00:00,99054.9360759089
2025-06-22 10:15:00+00:00,99054.9360759089
2025-06-22 10:30:00+00:00,99054.9360759089
2025-06-22 10:45:00+00:00,99054.9360759089
2025-06-22 11:00:00+00:00,99054.9360759089
2025-06-22 11:15:00+00:00,99054.9360759089
2025-06-22 11:30:00+00:00,99054.9360759089
2025-06-22 11:45:00+00:00,99054.9360759089
2025-06-22 12:00:00+00:00,99054.9360759089
2025-06-22 12:15:00+00:00,99054.9360759089
2025-06-22 12:30:00+00:00,99054.9360759089
2025-06-22 12:45:00+00:00,99054.9360759089
2025-06-22 13:00:00+00:00,99054.9360759089
2025-06-22 13:15:00+00:00,99054.9360759089
2025-06-22 13:30:00+00:00,99054.9360759089
2025-06-22 13:45:00+00:00,99054.9360759089
2025-06-22 14:00:00+00:00,99054.9360759089
2025-06-22 14:15:00+00:00,99054.9360759089
2025-06-22 14:30:00+00:00,99054.9360759089
2025-06-22 14:45:00+00:00,99054.9360759089
2025-06-22 15:00:00+00:00,99054.9360759089
2025-06-22 15:15:00+00:00,99054.9360759089
2025-06-22 15:30:00+00:00,99054.9360759089
2025-06-22 15:45:00+00:00,99054.9360759089
2025-06-22 16:00:00+00:00,99054.9360759089
2025-06-22 16:15:00+00:00,99054.9360759089
2025-06-22 16:30:00+00:00,99054.9360759089
2025-06-22 16:45:00+00:00,99054.9360759089
2025-06-22 17:00:00+00:00,99054.9360759089
2025-06-22 17:15:00+00:00,99054.9360759089
2025-06-22 17:30:00+00:00,99054.9360759089
2025-06-22 17:45:00+00:00,99054.9360759089
2025-06-22 18:00:00+00:00,99054.9360759089
2025-06-22 18:15:00+00:00,99054.9360759089
2025-06-22 18:30:00+00:00,99054.9360759089
2025-06-22 18:45:00+00:00,99054.9360759089
2025-06-22 19:00:00+00:00,99054.9360759089
2025-06-22 19:15:00+00:00,99054.9360759089
2025-06-22 19:30:00+00:00,99054.9360759089
2025-06-22 19:45:00+00:00,99054.9360759089
2025-06-22 20:00:00+00:00,99054.9360759089
2025-06-22 20:15:00+00:00,99055.64087978301
2025-06-22 20:30:00+00:00,99062.16381860274
2025-06-22 20:45:00+00:00,99062.16381860274
2025-06-22 21:00:00+00:00,99062.16381860274
2025-06-22 21:15:00+00:00,99062.16381860274
2025-06-22 21:30:00+00:00,99062.16381860274
2025-06-22 21:45:00+00:00,99062.16381860274
2025-06-22 22:00:00+00:00,99062.16381860274
2025-06-22 22:15:00+00:00,99062.16381860274
2025-06-22 22:30:00+00:00,99062.16381860274
2025-06-22 22:45:00+00:00,99062.16381860274
2025-06-22 23:00:00+00:00,99062.16381860274
2025-06-22 23:15:00+00:00,99062.16381860274
2025-06-22 23:30:00+00:00,99062.16381860274
2025-06-22 23:45:00+00:00,99062.16381860274
2025-06-23 00:00:00+00:00,99062.16381860274
2025-06-23 00:15:00+00:00,99062.16381860274
2025-06-23 00:30:00+00:00,99062.16381860274
2025-06-23 00:45:00+00:00,99062.16381860274
2025-06-23 01:00:00+00:00,99062.16381860274
2025-06-23 01:15:00+00:00,99062.16381860274
2025-06-23 01:30:00+00:00,99062.16381860274
2025-06-23 01:45:00+00:00,99062.16381860274
2025-06-23 02:00:00+00:00,99062.16381860274
2025-06-23 02:15:00+00:00,99062.16381860274
2025-06-23 02:30:00+00:00,99062.16381860274
2025-06-23 02:45:00+00:00,99062.16381860274
2025-06-23 03:00:00+00:00,99062.16381860274
2025-06-23 03:15:00+00:00,99062.16381860274
2025-06-23 03:30:00+00:00,99062.16381860274
2025-06-23 03:45:00+00:00,99062.16381860274
2025-06-23 04:00:00+00:00,99062.16381860274
2025-06-23 04:15:00+00:00,99062.16381860274
2025-06-23 04:30:00+00:00,99062.16381860274
2025-06-23 04:45:00+00:00,99062.16381860274
2025-06-23 05:00:00+00:00,99062.16381860274
2025-06-23 05:15:00+00:00,99062.16381860274
2025-06-23 05:30:00+00:00,99062.16381860274
2025-06-23 05:45:00+00:00,99062.16381860274
2025-06-23 06:00:00+00:00,99062.16381860274
2025-06-23 06:15:00+00:00,99062.16381860274
2025-06-23 06:30:00+00:00,99062.16381860274
2025-06-23 06:45:00+00:00,99062.16381860274
2025-06-23 07:00:00+00:00,99062.16381860274
2025-06-23 07:15:00+00:00,99062.16381860274
2025-06-23 07:30:00+00:00,99062.16381860274
2025-06-23 07:45:00+00:00,99062.16381860274
2025-06-23 08:00:00+00:00,99062.16381860274
2025-06-23 08:15:00+00:00,99062.16381860274
2025-06-23 08:30:00+00:00,99062.16381860274
2025-06-23 08:45:00+00:00,99062.16381860274
2025-06-23 09:00:00+00:00,99062.16381860274
2025-06-23 09:15:00+00:00,99062.16381860274
2025-06-23 09:30:00+00:00,99062.16381860274
2025-06-23 09:45:00+00:00,99062.16381860274
2025-06-23 10:00:00+00:00,99062.16381860274
2025-06-23 10:15:00+00:00,99062.16381860274
2025-06-23 10:30:00+00:00,99062.16381860274
2025-06-23 10:45:00+00:00,99062.16381860274
2025-06-23 11:00:00+00:00,99062.16381860274
2025-06-23 11:15:00+00:00,99062.16381860274
2025-06-23 11:30:00+00:00,99062.16381860274
2025-06-23 11:45:00+00:00,99062.16381860274
2025-06-23 12:00:00+00:00,99062.16381860274
2025-06-23 12:15:00+00:00,99062.16381860274
2025-06-23 12:30:00+00:00,99062.16381860274
2025-06-23 12:45:00+00:00,99062.16381860274
2025-06-23 13:00:00+00:00,99062.16381860274
2025-06-23 13:15:00+00:00,99062.16381860274
2025-06-23 13:30:00+00:00,99062.16381860274
2025-06-23 13:45:00+00:00,99062.16381860274
2025-06-23 14:00:00+00:00,99062.16381860274
2025-06-23 14:15:00+00:00,99062.16381860274
2025-06-23 14:30:00+00:00,99062.16381860274
2025-06-23 14:45:00+00:00,99062.16381860274
2025-06-23 15:00:00+00:00,99062.16381860274
2025-06-23 15:15:00+00:00,99062.16381860274
2025-06-23 15:30:00+00:00,99062.16381860274
2025-06-23 15:45:00+00:00,99062.16381860274
2025-06-23 16:00:00+00:00,99062.16381860274
2025-06-23 16:15:00+00:00,99062.16381860274
2025-06-23 16:30:00+00:00,99062.16381860274
2025-06-23 16:45:00+00:00,99062.16381860274
2025-06-23 17:00:00+00:00,99062.16381860274
2025-06-23 17:15:00+00:00,99062.16381860274
2025-06-23 17:30:00+00:00,99062.16381860274
2025-06-23 17:45:00+00:00,99062.16381860274
2025-06-23 18:00:00+00:00,99062.16381860274
2025-06-23 18:15:00+00:00,99062.16381860274
2025-06-23 18:30:00+00:00,99062.16381860274
2025-06-23 18:45:00+00:00,99062.16381860274
2025-06-23 19:00:00+00:00,99062.16381860274
2025-06-23 19:15:00+00:00,99062.16381860274
2025-06-23 19:30:00+00:00,99062.16381860274
2025-06-23 19:45:00+00:00,99062.16381860274
2025-06-23 20:00:00+00:00,99062.16381860274
2025-06-23 20:15:00+00:00,99056.18709925018
2025-06-23 20:30:00+00:00,99054.17617661388
2025-06-23 20:45:00+00:00,99056.178905399
2025-06-23 21:00:00+00:00,99053.66125114707
2025-06-23 21:15:00+00:00,99043.64810278335
2025-06-23 21:30:00+00:00,99043.64810278335
2025-06-23 21:45:00+00:00,99043.64810278335
2025-06-23 22:00:00+00:00,99043.64810278335
2025-06-23 22:15:00+00:00,99043.64810278335
2025-06-23 22:30:00+00:00,99043.64810278335
2025-06-23 22:45:00+00:00,99043.64810278335
2025-06-23 23:00:00+00:00,99043.64810278335
2025-06-23 23:15:00+00:00,99043.64810278335
2025-06-23 23:30:00+00:00,99043.64810278335
2025-06-23 23:45:00+00:00,99043.64810278335
2025-06-24 00:00:00+00:00,99043.64810278335
2025-06-24 00:15:00+00:00,99043.64810278335
2025-06-24 00:30:00+00:00,99043.64810278335
2025-06-24 00:45:00+00:00,99043.64810278335
2025-06-24 01:00:00+00:00,99043.64810278335
2025-06-24 01:15:00+00:00,99043.64810278335
2025-06-24 01:30:00+00:00,99043.64810278335
2025-06-24 01:45:00+00:00,99043.64810278335
2025-06-24 02:00:00+00:00,99043.64810278335
2025-06-24 02:15:00+00:00,99043.64810278335
2025-06-24 02:30:00+00:00,99043.64810278335
2025-06-24 02:45:00+00:00,99043.64810278335
2025-06-24 03:00:00+00:00,99043.64810278335
2025-06-24 03:15:00+00:00,99043.64810278335
2025-06-24 03:30:00+00:00,99043.64810278335
2025-06-24 03:45:00+00:00,99043.64810278335
2025-06-24 04:00:00+00:00,99043.64810278335
2025-06-24 04:15:00+00:00,99041.81918778873
2025-06-24 04:30:00+00:00,99042.98156456708
2025-06-24 04:45:00+00:00,99042.76894717876
2025-06-24 05:00:00+00:00,99039.20628075923
2025-06-24 05:15:00+00:00,99029.53939105904
2025-06-24 05:30:00+00:00,99029.53939105904
2025-06-24 05:45:00+00:00,99029.53939105904
2025-06-24 06:00:00+00:00,99029.53939105904
2025-06-24 06:15:00+00:00,99029.53939105904
2025-06-24 06:30:00+00:00,99029.53939105904
2025-06-24 06:45:00+00:00,99029.53939105904
2025-06-24 07:00:00+00:00,99029.53939105904
2025-06-24 07:15:00+00:00,99029.53939105904
2025-06-24 07:30:00+00:00,99029.53939105904
2025-06-24 07:45:00+00:00,99029.53939105904
2025-06-24 08:00:00+00:00,99029.53939105904
2025-06-24 08:15:00+00:00,99029.53939105904
2025-06-24 08:30:00+00:00,99029.53939105904
2025-06-24 08:45:00+00:00,99029.53939105904
2025-06-24 09:00:00+00:00,99029.53939105904
2025-06-24 09:15:00+00:00,99029.53939105904
2025-06-24 09:30:00+00:00,99029.53939105904
2025-06-24 09:45:00+00:00,99029.53939105904
2025-06-24 10:00:00+00:00,99029.53939105904
2025-06-24 10:15:00+00:00,99029.53939105904
2025-06-24 10:30:00+00:00,99029.53939105904
2025-06-24 10:45:00+00:00,99029.53939105904
2025-06-24 11:00:00+00:00,99029.53939105904
2025-06-24 11:15:00+00:00,99029.53939105904
2025-06-24 11:30:00+00:00,99029.53939105904
2025-06-24 11:45:00+00:00,99029.53939105904
2025-06-24 12:00:00+00:00,99029.53939105904
2025-06-24 12:15:00+00:00,99029.53939105904
2025-06-24 12:30:00+00:00,99029.53939105904
2025-06-24 12:45:00+00:00,99029.53939105904
2025-06-24 13:00:00+00:00,99029.53939105904
2025-06-24 13:15:00+00:00,99029.53939105904
2025-06-24 13:30:00+00:00,99029.53939105904
2025-06-24 13:45:00+00:00,99029.53939105904
2025-06-24 14:00:00+00:00,99029.53939105904
2025-06-24 14:15:00+00:00,99029.53939105904
2025-06-24 14:30:00+00:00,99029.53939105904
2025-06-24 14:45:00+00:00,99029.53939105904
2025-06-24 15:00:00+00:00,99029.53939105904
2025-06-24 15:15:00+00:00,99029.53939105904
2025-06-24 15:30:00+00:00,99029.53939105904
2025-06-24 15:45:00+00:00,99029.53939105904
2025-06-24 16:00:00+00:00,99029.53939105904
2025-06-24 16:15:00+00:00,99029.53939105904
2025-06-24 16:30:00+00:00,99029.53939105904
2025-06-24 16:45:00+00:00,99029.53939105904
2025-06-24 17:00:00+00:00,99029.53939105904
2025-06-24 17:15:00+00:00,99029.53939105904
2025-06-24 17:30:00+00:00,99029.53939105904
2025-06-24 17:45:00+00:00,99029.53939105904
2025-06-24 18:00:00+00:00,99029.53939105904
2025-06-24 18:15:00+00:00,99029.53939105904
2025-06-24 18:30:00+00:00,99029.53939105904
2025-06-24 18:45:00+00:00,99029.53939105904
2025-06-24 19:00:00+00:00,99029.53939105904
2025-06-24 19:15:00+00:00,99029.53939105904
2025-06-24 19:30:00+00:00,99029.53939105904
2025-06-24 19:45:00+00:00,99029.53939105904
2025-06-24 20:00:00+00:00,99029.53939105904
2025-06-24 20:15:00+00:00,99029.53939105904
2025-06-24 20:30:00+00:00,99029.53939105904
2025-06-24 20:45:00+00:00,99029.53939105904
2025-06-24 21:00:00+00:00,99029.53939105904
2025-06-24 21:15:00+00:00,99029.53939105904
2025-06-24 21:30:00+00:00,99029.53939105904
2025-06-24 21:45:00+00:00,99029.53939105904
2025-06-24 22:00:00+00:00,99029.53939105904
2025-06-24 22:15:00+00:00,99029.53939105904
2025-06-24 22:30:00+00:00,99029.53939105904
2025-06-24 22:45:00+00:00,99029.53939105904
2025-06-24 23:00:00+00:00,99029.53939105904
2025-06-24 23:15:00+00:00,99029.53939105904
2025-06-24 23:30:00+00:00,99029.53939105904
2025-06-24 23:45:00+00:00,99029.53939105904
2025-06-25 00:00:00+00:00,99029.53939105904
2025-06-25 00:15:00+00:00,99029.53939105904
2025-06-25 00:30:00+00:00,99029.53939105904
2025-06-25 00:45:00+00:00,99029.53939105904
2025-06-25 01:00:00+00:00,99029.53939105904
2025-06-25 01:15:00+00:00,99029.53939105904
2025-06-25 01:30:00+00:00,99029.53939105904
2025-06-25 01:45:00+00:00,99029.53939105904
2025-06-25 02:00:00+00:00,99029.53939105904
2025-06-25 02:15:00+00:00,99029.53939105904
2025-06-25 02:30:00+00:00,99029.53939105904
2025-06-25 02:45:00+00:00,99029.53939105904
2025-06-25 03:00:00+00:00,99029.53939105904
2025-06-25 03:15:00+00:00,99029.53939105904
2025-06-25 03:30:00+00:00,99029.53939105904
2025-06-25 03:45:00+00:00,99029.53939105904
2025-06-25 04:00:00+00:00,99029.53939105904
2025-06-25 04:15:00+00:00,99029.53939105904
2025-06-25 04:30:00+00:00,99029.53939105904
2025-06-25 04:45:00+00:00,99029.53939105904
2025-06-25 05:00:00+00:00,99029.53939105904
2025-06-25 05:15:00+00:00,99029.53939105904
2025-06-25 05:30:00+00:00,99029.53939105904
2025-06-25 05:45:00+00:00,99029.53939105904
2025-06-25 06:00:00+00:00,99029.53939105904
2025-06-25 06:15:00+00:00,99029.53939105904
2025-06-25 06:30:00+00:00,99029.53939105904
2025-06-25 06:45:00+00:00,99029.53939105904
2025-06-25 07:00:00+00:00,99029.53939105904
2025-06-25 07:15:00+00:00,99029.53939105904
2025-06-25 07:30:00+00:00,99029.53939105904
2025-06-25 07:45:00+00:00,99029.53939105904
2025-06-25 08:00:00+00:00,99029.53939105904
2025-06-25 08:15:00+00:00,99029.53939105904
2025-06-25 08:30:00+00:00,99029.53939105904
2025-06-25 08:45:00+00:00,99029.53939105904
2025-06-25 09:00:00+00:00,99029.53939105904
2025-06-25 09:15:00+00:00,99029.53939105904
2025-06-25 09:30:00+00:00,99029.53939105904
2025-06-25 09:45:00+00:00,99029.53939105904
2025-06-25 10:00:00+00:00,99029.53939105904
2025-06-25 10:15:00+00:00,99029.53939105904
2025-06-25 10:30:00+00:00,99029.53939105904
2025-06-25 10:45:00+00:00,99029.53939105904
2025-06-25 11:00:00+00:00,99029.53939105904
2025-06-25 11:15:00+00:00,99029.53939105904
2025-06-25 11:30:00+00:00,99029.53939105904
2025-06-25 11:45:00+00:00,99029.53939105904
2025-06-25 12:00:00+00:00,99029.53939105904
2025-06-25 12:15:00+00:00,99029.53939105904
2025-06-25 12:30:00+00:00,99029.53939105904
2025-06-25 12:45:00+00:00,99029.53939105904
2025-06-25 13:00:00+00:00,99029.53939105904
2025-06-25 13:15:00+00:00,99029.53939105904
2025-06-25 13:30:00+00:00,99029.53939105904
2025-06-25 13:45:00+00:00,99029.53939105904
2025-06-25 14:00:00+00:00,99029.53939105904
2025-06-25 14:15:00+00:00,99029.53939105904
2025-06-25 14:30:00+00:00,99029.53939105904
2025-06-25 14:45:00+00:00,99029.53939105904
2025-06-25 15:00:00+00:00,99029.53939105904
2025-06-25 15:15:00+00:00,99029.53939105904
2025-06-25 15:30:00+00:00,99029.53939105904
2025-06-25 15:45:00+00:00,99029.53939105904
2025-06-25 16:00:00+00:00,99029.53939105904
2025-06-25 16:15:00+00:00,99029.53939105904
2025-06-25 16:30:00+00:00,99029.53939105904
2025-06-25 16:45:00+00:00,99029.53939105904
2025-06-25 17:00:00+00:00,99029.53939105904
2025-06-25 17:15:00+00:00,99029.53939105904
2025-06-25 17:30:00+00:00,99029.53939105904
2025-06-25 17:45:00+00:00,99029.53939105904
2025-06-25 18:00:00+00:00,99029.53939105904
2025-06-25 18:15:00+00:00,99029.53939105904
2025-06-25 18:30:00+00:00,99029.53939105904
2025-06-25 18:45:00+00:00,99029.53939105904
2025-06-25 19:00:00+00:00,99029.53939105904
2025-06-25 19:15:00+00:00,99029.53939105904
2025-06-25 19:30:00+00:00,99029.53939105904
2025-06-25 19:45:00+00:00,99029.53939105904
2025-06-25 20:00:00+00:00,99029.53939105904
2025-06-25 20:15:00+00:00,99029.53939105904
2025-06-25 20:30:00+00:00,99029.53939105904
2025-06-25 20:45:00+00:00,99029.53939105904
2025-06-25 21:00:00+00:00,99029.53939105904
2025-06-25 21:15:00+00:00,99029.53939105904
2025-06-25 21:30:00+00:00,99029.53939105904
2025-06-25 21:45:00+00:00,99029.53939105904
2025-06-25 22:00:00+00:00,99029.53939105904
2025-06-25 22:15:00+00:00,99029.53939105904
2025-06-25 22:30:00+00:00,99029.53939105904
2025-06-25 22:45:00+00:00,99029.53939105904
2025-06-25 23:00:00+00:00,99029.53939105904
2025-06-25 23:15:00+00:00,99029.53939105904
2025-06-25 23:30:00+00:00,99029.53939105904
2025-06-25 23:45:00+00:00,99029.53939105904
2025-06-26 00:00:00+00:00,99029.53939105904
2025-06-26 00:15:00+00:00,99029.53939105904
2025-06-26 00:30:00+00:00,99029.53939105904
2025-06-26 00:45:00+00:00,99029.53939105904
2025-06-26 01:00:00+00:00,99029.53939105904
2025-06-26 01:15:00+00:00,99029.53939105904
2025-06-26 01:30:00+00:00,99029.53939105904
2025-06-26 01:45:00+00:00,99029.53939105904
2025-06-26 02:00:00+00:00,99029.53939105904
2025-06-26 02:15:00+00:00,99029.53939105904
2025-06-26 02:30:00+00:00,99029.53939105904
2025-06-26 02:45:00+00:00,99029.53939105904
2025-06-26 03:00:00+00:00,99029.53939105904
2025-06-26 03:15:00+00:00,99029.53939105904
2025-06-26 03:30:00+00:00,99029.53939105904
2025-06-26 03:45:00+00:00,99029.53939105904
2025-06-26 04:00:00+00:00,99029.53939105904
2025-06-26 04:15:00+00:00,99029.53939105904
2025-06-26 04:30:00+00:00,99029.53939105904
2025-06-26 04:45:00+00:00,99029.53939105904
2025-06-26 05:00:00+00:00,99029.53939105904
2025-06-26 05:15:00+00:00,99029.53939105904
2025-06-26 05:30:00+00:00,99029.53939105904
2025-06-26 05:45:00+00:00,99029.53939105904
2025-06-26 06:00:00+00:00,99029.53939105904
2025-06-26 06:15:00+00:00,99029.53939105904
2025-06-26 06:30:00+00:00,99029.53939105904
2025-06-26 06:45:00+00:00,99029.53939105904
2025-06-26 07:00:00+00:00,99029.53939105904
2025-06-26 07:15:00+00:00,99029.53939105904
2025-06-26 07:30:00+00:00,99029.53939105904
2025-06-26 07:45:00+00:00,99029.53939105904
2025-06-26 08:00:00+00:00,99029.53939105904
2025-06-26 08:15:00+00:00,99026.45206215045
2025-06-26 08:30:00+00:00,99018.24509646677
2025-06-26 08:45:00+00:00,99018.24509646677
2025-06-26 09:00:00+00:00,99018.24509646677
2025-06-26 09:15:00+00:00,99018.24509646677
2025-06-26 09:30:00+00:00,99018.24509646677
2025-06-26 09:45:00+00:00,99018.24509646677
2025-06-26 10:00:00+00:00,99018.24509646677
2025-06-26 10:15:00+00:00,99018.24509646677
2025-06-26 10:30:00+00:00,99018.24509646677
2025-06-26 10:45:00+00:00,99018.24509646677
2025-06-26 11:00:00+00:00,99018.24509646677
2025-06-26 11:15:00+00:00,99018.24509646677
2025-06-26 11:30:00+00:00,99018.24509646677
2025-06-26 11:45:00+00:00,99018.24509646677
2025-06-26 12:00:00+00:00,99018.24509646677
2025-06-26 12:15:00+00:00,99017.67905168218
2025-06-26 12:30:00+00:00,99019.20449661647
2025-06-26 12:45:00+00:00,99016.60763250756
2025-06-26 13:00:00+00:00,99015.50564532785
2025-06-26 13:15:00+00:00,99016.4712137029
2025-06-26 13:30:00+00:00,99018.05334975693
2025-06-26 13:45:00+00:00,99009.70780442934
2025-06-26 14:00:00+00:00,99009.70780442934
2025-06-26 14:15:00+00:00,99009.70780442934
2025-06-26 14:30:00+00:00,99009.70780442934
2025-06-26 14:45:00+00:00,99009.70780442934
2025-06-26 15:00:00+00:00,99009.70780442934
2025-06-26 15:15:00+00:00,99009.70780442934
2025-06-26 15:30:00+00:00,99009.70780442934
2025-06-26 15:45:00+00:00,99009.70780442934
2025-06-26 16:00:00+00:00,99009.70780442934
2025-06-26 16:15:00+00:00,99009.70780442934
2025-06-26 16:30:00+00:00,99009.70780442934
2025-06-26 16:45:00+00:00,99009.70780442934
2025-06-26 17:00:00+00:00,99009.70780442934
2025-06-26 17:15:00+00:00,99009.70780442934
2025-06-26 17:30:00+00:00,99009.70780442934
2025-06-26 17:45:00+00:00,99009.70780442934
2025-06-26 18:00:00+00:00,99009.70780442934
2025-06-26 18:15:00+00:00,99009.70780442934
2025-06-26 18:30:00+00:00,99009.70780442934
2025-06-26 18:45:00+00:00,99009.70780442934
2025-06-26 19:00:00+00:00,99009.70780442934
2025-06-26 19:15:00+00:00,99009.70780442934
2025-06-26 19:30:00+00:00,99009.70780442934
2025-06-26 19:45:00+00:00,99009.70780442934
2025-06-26 20:00:00+00:00,99009.70780442934
2025-06-26 20:15:00+00:00,99009.70780442934
2025-06-26 20:30:00+00:00,99009.70780442934
2025-06-26 20:45:00+00:00,99009.70780442934
2025-06-26 21:00:00+00:00,99009.70780442934
2025-06-26 21:15:00+00:00,99009.70780442934
2025-06-26 21:30:00+00:00,99009.70780442934
2025-06-26 21:45:00+00:00,99009.70780442934
2025-06-26 22:00:00+00:00,99009.70780442934
2025-06-26 22:15:00+00:00,99009.70780442934
2025-06-26 22:30:00+00:00,99009.70780442934
2025-06-26 22:45:00+00:00,99009.70780442934
2025-06-26 23:00:00+00:00,99009.70780442934
2025-06-26 23:15:00+00:00,99009.70780442934
2025-06-26 23:30:00+00:00,99009.70780442934
2025-06-26 23:45:00+00:00,99009.70780442934
2025-06-27 00:00:00+00:00,99009.70780442934
2025-06-27 00:15:00+00:00,99009.70780442934
2025-06-27 00:30:00+00:00,99009.70780442934
2025-06-27 00:45:00+00:00,99009.70780442934
2025-06-27 01:00:00+00:00,99009.70780442934
2025-06-27 01:15:00+00:00,99009.70780442934
2025-06-27 01:30:00+00:00,99009.70780442934
2025-06-27 01:45:00+00:00,99009.70780442934
2025-06-27 02:00:00+00:00,99009.70780442934
2025-06-27 02:15:00+00:00,99009.70780442934
2025-06-27 02:30:00+00:00,99009.70780442934
2025-06-27 02:45:00+00:00,99009.70780442934
2025-06-27 03:00:00+00:00,99009.70780442934
2025-06-27 03:15:00+00:00,99009.70780442934
2025-06-27 03:30:00+00:00,99009.70780442934
2025-06-27 03:45:00+00:00,99009.70780442934
2025-06-27 04:00:00+00:00,99009.70780442934
2025-06-27 04:15:00+00:00,99009.70780442934
2025-06-27 04:30:00+00:00,99009.70780442934
2025-06-27 04:45:00+00:00,99009.70780442934
2025-06-27 05:00:00+00:00,99009.70780442934
2025-06-27 05:15:00+00:00,99009.70780442934
2025-06-27 05:30:00+00:00,99009.70780442934
2025-06-27 05:45:00+00:00,99009.70780442934
2025-06-27 06:00:00+00:00,99009.70780442934
2025-06-27 06:15:00+00:00,99009.70780442934
2025-06-27 06:30:00+00:00,99009.70780442934
2025-06-27 06:45:00+00:00,99009.70780442934
2025-06-27 07:00:00+00:00,99009.70780442934
2025-06-27 07:15:00+00:00,99009.70780442934
2025-06-27 07:30:00+00:00,99009.70780442934
2025-06-27 07:45:00+00:00,99009.70780442934
2025-06-27 08:00:00+00:00,99009.70780442934
2025-06-27 08:15:00+00:00,99009.70780442934
2025-06-27 08:30:00+00:00,99009.70780442934
2025-06-27 08:45:00+00:00,99009.70780442934
2025-06-27 09:00:00+00:00,99009.70780442934
2025-06-27 09:15:00+00:00,99009.70780442934
2025-06-27 09:30:00+00:00,99009.70780442934
2025-06-27 09:45:00+00:00,99009.70780442934
2025-06-27 10:00:00+00:00,99009.70780442934
2025-06-27 10:15:00+00:00,99009.70780442934
2025-06-27 10:30:00+00:00,99009.70780442934
2025-06-27 10:45:00+00:00,99009.70780442934
2025-06-27 11:00:00+00:00,99009.70780442934
2025-06-27 11:15:00+00:00,99009.70780442934
2025-06-27 11:30:00+00:00,99009.70780442934
2025-06-27 11:45:00+00:00,99009.70780442934
2025-06-27 12:00:00+00:00,99009.70780442934
2025-06-27 12:15:00+00:00,99009.70780442934
2025-06-27 12:30:00+00:00,99009.70780442934
2025-06-27 12:45:00+00:00,99009.70780442934
2025-06-27 13:00:00+00:00,99009.70780442934
2025-06-27 13:15:00+00:00,99009.70780442934
2025-06-27 13:30:00+00:00,99009.70780442934
2025-06-27 13:45:00+00:00,99009.70780442934
2025-06-27 14:00:00+00:00,99009.70780442934
2025-06-27 14:15:00+00:00,99009.70780442934
2025-06-27 14:30:00+00:00,99009.70780442934
2025-06-27 14:45:00+00:00,99009.70780442934
2025-06-27 15:00:00+00:00,99009.70780442934
2025-06-27 15:15:00+00:00,99009.70780442934
2025-06-27 15:30:00+00:00,99009.70780442934
2025-06-27 15:45:00+00:00,99009.70780442934
2025-06-27 16:00:00+00:00,99009.70780442934
2025-06-27 16:15:00+00:00,99008.13182426544
2025-06-27 16:30:00+00:00,98999.71211305624
2025-06-27 16:45:00+00:00,98999.71211305624
2025-06-27 17:00:00+00:00,98999.71211305624
2025-06-27 17:15:00+00:00,98999.71211305624
2025-06-27 17:30:00+00:00,98999.71211305624
2025-06-27 17:45:00+00:00,98999.71211305624
2025-06-27 18:00:00+00:00,98999.71211305624
2025-06-27 18:15:00+00:00,98999.71211305624
2025-06-27 18:30:00+00:00,98999.71211305624
2025-06-27 18:45:00+00:00,98999.71211305624
2025-06-27 19:00:00+00:00,98999.71211305624
2025-06-27 19:15:00+00:00,98999.71211305624
2025-06-27 19:30:00+00:00,98999.71211305624
2025-06-27 19:45:00+00:00,98999.71211305624
2025-06-27 20:00:00+00:00,98999.71211305624
2025-06-27 20:15:00+00:00,98999.71211305624
2025-06-27 20:30:00+00:00,98999.71211305624
2025-06-27 20:45:00+00:00,98999.71211305624
2025-06-27 21:00:00+00:00,98999.71211305624
2025-06-27 21:15:00+00:00,98999.71211305624
2025-06-27 21:30:00+00:00,98999.71211305624
2025-06-27 21:45:00+00:00,98999.71211305624
2025-06-27 22:00:00+00:00,98999.71211305624
2025-06-27 22:15:00+00:00,98999.71211305624
2025-06-27 22:30:00+00:00,98999.71211305624
2025-06-27 22:45:00+00:00,98999.71211305624
2025-06-27 23:00:00+00:00,98999.71211305624
2025-06-27 23:15:00+00:00,98999.71211305624
2025-06-27 23:30:00+00:00,98999.71211305624
2025-06-27 23:45:00+00:00,98999.71211305624
2025-06-28 00:00:00+00:00,98999.71211305624
2025-06-28 00:15:00+00:00,98999.71211305624
2025-06-28 00:30:00+00:00,98999.71211305624
2025-06-28 00:45:00+00:00,98999.71211305624
2025-06-28 01:00:00+00:00,98999.71211305624
2025-06-28 01:15:00+00:00,98999.71211305624
2025-06-28 01:30:00+00:00,98999.71211305624
2025-06-28 01:45:00+00:00,98999.71211305624
2025-06-28 02:00:00+00:00,98999.71211305624
2025-06-28 02:15:00+00:00,98999.71211305624
2025-06-28 02:30:00+00:00,98999.71211305624
2025-06-28 02:45:00+00:00,98999.71211305624
2025-06-28 03:00:00+00:00,98999.71211305624
2025-06-28 03:15:00+00:00,98999.71211305624
2025-06-28 03:30:00+00:00,98999.71211305624
2025-06-28 03:45:00+00:00,98999.71211305624
2025-06-28 04:00:00+00:00,98999.71211305624
2025-06-28 04:15:00+00:00,98999.71211305624
2025-06-28 04:30:00+00:00,98999.71211305624
2025-06-28 04:45:00+00:00,98999.71211305624
2025-06-28 05:00:00+00:00,98999.71211305624
2025-06-28 05:15:00+00:00,98999.71211305624
2025-06-28 05:30:00+00:00,98999.71211305624
2025-06-28 05:45:00+00:00,98999.71211305624
2025-06-28 06:00:00+00:00,98999.71211305624
2025-06-28 06:15:00+00:00,98999.71211305624
2025-06-28 06:30:00+00:00,98999.71211305624
2025-06-28 06:45:00+00:00,98999.71211305624
2025-06-28 07:00:00+00:00,98999.71211305624
2025-06-28 07:15:00+00:00,98999.71211305624
2025-06-28 07:30:00+00:00,98999.71211305624
2025-06-28 07:45:00+00:00,98999.71211305624
2025-06-28 08:00:00+00:00,98999.71211305624
2025-06-28 08:15:00+00:00,98999.71211305624
2025-06-28 08:30:00+00:00,98999.71211305624
2025-06-28 08:45:00+00:00,98999.71211305624
2025-06-28 09:00:00+00:00,98999.71211305624
2025-06-28 09:15:00+00:00,98999.71211305624
2025-06-28 09:30:00+00:00,98999.71211305624
2025-06-28 09:45:00+00:00,98999.71211305624
2025-06-28 10:00:00+00:00,98999.71211305624
2025-06-28 10:15:00+00:00,98999.71211305624
2025-06-28 10:30:00+00:00,98999.71211305624
2025-06-28 10:45:00+00:00,98999.71211305624
2025-06-28 11:00:00+00:00,98999.71211305624
2025-06-28 11:15:00+00:00,98999.71211305624
2025-06-28 11:30:00+00:00,98999.71211305624
2025-06-28 11:45:00+00:00,98999.71211305624
2025-06-28 12:00:00+00:00,98999.71211305624
2025-06-28 12:15:00+00:00,98999.71211305624
2025-06-28 12:30:00+00:00,98999.71211305624
2025-06-28 12:45:00+00:00,98999.71211305624
2025-06-28 13:00:00+00:00,98999.71211305624
2025-06-28 13:15:00+00:00,98999.71211305624
2025-06-28 13:30:00+00:00,98999.71211305624
2025-06-28 13:45:00+00:00,98999.71211305624
2025-06-28 14:00:00+00:00,98999.71211305624
2025-06-28 14:15:00+00:00,98999.71211305624
2025-06-28 14:30:00+00:00,98999.71211305624
2025-06-28 14:45:00+00:00,98999.71211305624
2025-06-28 15:00:00+00:00,98999.71211305624
2025-06-28 15:15:00+00:00,98999.71211305624
2025-06-28 15:30:00+00:00,98999.71211305624
2025-06-28 15:45:00+00:00,98999.71211305624
2025-06-28 16:00:00+00:00,98999.71211305624
2025-06-28 16:15:00+00:00,98999.71211305624
2025-06-28 16:30:00+00:00,98999.71211305624
2025-06-28 16:45:00+00:00,98999.71211305624
2025-06-28 17:00:00+00:00,98999.71211305624
2025-06-28 17:15:00+00:00,98999.71211305624
2025-06-28 17:30:00+00:00,98999.71211305624
2025-06-28 17:45:00+00:00,98999.71211305624
2025-06-28 18:00:00+00:00,98999.71211305624
2025-06-28 18:15:00+00:00,98999.71211305624
2025-06-28 18:30:00+00:00,98999.71211305624
2025-06-28 18:45:00+00:00,98999.71211305624
2025-06-28 19:00:00+00:00,98999.71211305624
2025-06-28 19:15:00+00:00,98999.71211305624
2025-06-28 19:30:00+00:00,98999.71211305624
2025-06-28 19:45:00+00:00,98999.71211305624
2025-06-28 20:00:00+00:00,98999.71211305624
2025-06-28 20:15:00+00:00,98999.71211305624
2025-06-28 20:30:00+00:00,98999.71211305624
2025-06-28 20:45:00+00:00,98999.71211305624
2025-06-28 21:00:00+00:00,98999.71211305624
2025-06-28 21:15:00+00:00,98999.71211305624
2025-06-28 21:30:00+00:00,98999.71211305624
2025-06-28 21:45:00+00:00,98999.71211305624
2025-06-28 22:00:00+00:00,98999.71211305624
2025-06-28 22:15:00+00:00,98999.71211305624
2025-06-28 22:30:00+00:00,98999.71211305624
2025-06-28 22:45:00+00:00,98999.71211305624
2025-06-28 23:00:00+00:00,98999.71211305624
2025-06-28 23:15:00+00:00,98999.71211305624
2025-06-28 23:30:00+00:00,98999.71211305624
2025-06-28 23:45:00+00:00,98999.71211305624
2025-06-29 00:00:00+00:00,98999.71211305624
2025-06-29 00:15:00+00:00,98999.71211305624
2025-06-29 00:30:00+00:00,98999.71211305624
2025-06-29 00:45:00+00:00,98999.71211305624
2025-06-29 01:00:00+00:00,98999.71211305624
2025-06-29 01:15:00+00:00,98999.71211305624
2025-06-29 01:30:00+00:00,98999.71211305624
2025-06-29 01:45:00+00:00,98999.71211305624
2025-06-29 02:00:00+00:00,98999.71211305624
2025-06-29 02:15:00+00:00,98999.71211305624
2025-06-29 02:30:00+00:00,98999.71211305624
2025-06-29 02:45:00+00:00,98999.71211305624
2025-06-29 03:00:00+00:00,98999.71211305624
2025-06-29 03:15:00+00:00,98999.71211305624
2025-06-29 03:30:00+00:00,98999.71211305624
2025-06-29 03:45:00+00:00,98999.71211305624
2025-06-29 04:00:00+00:00,98999.71211305624
2025-06-29 04:15:00+00:00,98999.71211305624
2025-06-29 04:30:00+00:00,98999.71211305624
2025-06-29 04:45:00+00:00,98999.71211305624
2025-06-29 05:00:00+00:00,98999.71211305624
2025-06-29 05:15:00+00:00,98999.71211305624
2025-06-29 05:30:00+00:00,98999.71211305624
2025-06-29 05:45:00+00:00,98999.71211305624
2025-06-29 06:00:00+00:00,98999.71211305624
2025-06-29 06:15:00+00:00,98999.71211305624
2025-06-29 06:30:00+00:00,98999.71211305624
2025-06-29 06:45:00+00:00,98999.71211305624
2025-06-29 07:00:00+00:00,98999.71211305624
2025-06-29 07:15:00+00:00,98999.71211305624
2025-06-29 07:30:00+00:00,98999.71211305624
2025-06-29 07:45:00+00:00,98999.71211305624
2025-06-29 08:00:00+00:00,98999.71211305624
2025-06-29 08:15:00+00:00,98999.71211305624
2025-06-29 08:30:00+00:00,98996.44814267923
2025-06-29 08:45:00+00:00,98988.61404298185
2025-06-29 09:00:00+00:00,98988.61404298185
2025-06-29 09:15:00+00:00,98988.61404298185
2025-06-29 09:30:00+00:00,98988.61404298185
2025-06-29 09:45:00+00:00,98988.61404298185
2025-06-29 10:00:00+00:00,98988.61404298185
2025-06-29 10:15:00+00:00,98988.61404298185
2025-06-29 10:30:00+00:00,98988.61404298185
2025-06-29 10:45:00+00:00,98988.61404298185
2025-06-29 11:00:00+00:00,98988.61404298185
2025-06-29 11:15:00+00:00,98988.61404298185
2025-06-29 11:30:00+00:00,98988.61404298185
2025-06-29 11:45:00+00:00,98988.61404298185
2025-06-29 12:00:00+00:00,98988.61404298185
2025-06-29 12:15:00+00:00,98988.61404298185
2025-06-29 12:30:00+00:00,98988.61404298185
2025-06-29 12:45:00+00:00,98988.61404298185
2025-06-29 13:00:00+00:00,98988.61404298185
2025-06-29 13:15:00+00:00,98988.61404298185
2025-06-29 13:30:00+00:00,98988.61404298185
2025-06-29 13:45:00+00:00,98988.61404298185
2025-06-29 14:00:00+00:00,98988.61404298185
2025-06-29 14:15:00+00:00,98988.61404298185
2025-06-29 14:30:00+00:00,98988.61404298185
2025-06-29 14:45:00+00:00,98988.61404298185
2025-06-29 15:00:00+00:00,98988.61404298185
2025-06-29 15:15:00+00:00,98988.61404298185
2025-06-29 15:30:00+00:00,98988.61404298185
2025-06-29 15:45:00+00:00,98988.61404298185
2025-06-29 16:00:00+00:00,98988.61404298185
2025-06-29 16:15:00+00:00,98988.61404298185
2025-06-29 16:30:00+00:00,98988.61404298185
2025-06-29 16:45:00+00:00,98988.61404298185
2025-06-29 17:00:00+00:00,98988.61404298185
2025-06-29 17:15:00+00:00,98988.61404298185
2025-06-29 17:30:00+00:00,98988.61404298185
2025-06-29 17:45:00+00:00,98988.61404298185
2025-06-29 18:00:00+00:00,98988.61404298185
2025-06-29 18:15:00+00:00,98988.61404298185
2025-06-29 18:30:00+00:00,98988.61404298185
2025-06-29 18:45:00+00:00,98988.61404298185
2025-06-29 19:00:00+00:00,98988.61404298185
2025-06-29 19:15:00+00:00,98988.61404298185
2025-06-29 19:30:00+00:00,98988.61404298185
2025-06-29 19:45:00+00:00,98988.61404298185
2025-06-29 20:00:00+00:00,98988.61404298185
2025-06-29 20:15:00+00:00,98988.61404298185
2025-06-29 20:30:00+00:00,98988.61404298185
2025-06-29 20:45:00+00:00,98988.61404298185
2025-06-29 21:00:00+00:00,98988.61404298185
2025-06-29 21:15:00+00:00,98988.61404298185
2025-06-29 21:30:00+00:00,98988.61404298185
2025-06-29 21:45:00+00:00,98988.61404298185
2025-06-29 22:00:00+00:00,98988.61404298185
2025-06-29 22:15:00+00:00,98988.61404298185
2025-06-29 22:30:00+00:00,98988.61404298185
2025-06-29 22:45:00+00:00,98988.61404298185
2025-06-29 23:00:00+00:00,98988.61404298185
2025-06-29 23:15:00+00:00,98988.61404298185
2025-06-29 23:30:00+00:00,98988.61404298185
2025-06-29 23:45:00+00:00,98988.61404298185
2025-06-30 00:00:00+00:00,98988.61404298185
