{
  "n_trades": 111,
  "win_rate": 0.23423423423423423,
  "profit_factor": 1.0681692757846633,
  "total_pnl_usd": 215.52683972694828,
  "annualized_return": 0.004315181976403126,
  "sharpe": 0.20988670163344395,
  "max_drawdown": 0.01153452421459286,
  "final_equity": 100215.52683972695
}