{
  "n_trades": 234,
  "win_rate": 0.19230769230769232,
  "profit_factor": 0.97628055383171,
  "total_pnl_usd": -107.48213892744127,
  "annualized_return": -0.001074821389274394,
  "sharpe": -0.0729939358414662,
  "max_drawdown": 0.013052495293920802,
  "final_equity": 99892.51786107256
}