{
  "n_trades": 98,
  "win_rate": 0.25510204081632654,
  "profit_factor": 1.2321934258279372,
  "total_pnl_usd": 623.9170260332512,
  "annualized_return": 0.012517267766202655,
  "sharpe": 0.5913463751911322,
  "max_drawdown": 0.010317522554061478,
  "final_equity": 100623.91702603325
}