{
  "n_trades": 87,
  "win_rate": 0.25287356321839083,
  "profit_factor": 1.9819859055254962,
  "total_pnl_usd": 1588.8139342540462,
  "annualized_return": 0.03202871165684895,
  "sharpe": 2.065012426086258,
  "max_drawdown": 0.003970877699238215,
  "final_equity": 101588.81393425405
}