{
  "n_trades": 218,
  "win_rate": 0.19724770642201836,
  "profit_factor": 1.0049503117303489,
  "total_pnl_usd": 20.911787624538988,
  "annualized_return": 0.00020911787624533495,
  "sharpe": 0.02234261709366604,
  "max_drawdown": 0.011991528030982367,
  "final_equity": 100020.91178762454
}