{
  "n_trades": 186,
  "win_rate": 0.1935483870967742,
  "profit_factor": 0.6228983301229991,
  "total_pnl_usd": -1078.4177391482463,
  "annualized_return": -0.010784177391482408,
  "sharpe": -2.0919951292136347,
  "max_drawdown": 0.01382643596685608,
  "final_equity": 98921.58226085175
}