variant,pair,direction,entry_ts,entry_price_a,entry_price_b,exit_ts,exit_price_a,exit_price_b,pnl_pct,bars_held,z_at_entry,z_at_exit,funding_ema_at_entry,exit_reason
A,BTCUSDT/SOLUSDT,short_a_long_b,2022-01-03T15:30:00,46915.29,170.95,2022-01-03T16:00:00,46635.11,170.2,-0.0008152074879536485,2,2.628575161367267,2.34632973812303,0.0001,confluence_lost
A,BTCUSDT/SOLUSDT,short_a_long_b,2022-01-03T19:30:00,46628.56,169.94,2022-01-03T20:00:00,46357.42,167.32,-0.012002314941630773,2,2.3178017365461363,3.2857725755884775,0.0001,regime_break
A,BTCUSDT/SOLUSDT,short_a_long_b,2022-01-04T00:30:00,46484.05,168.43,2022-01-04T01:00:00,46205.9,169.21,0.008214776906477275,2,2.5634542677867724,1.337791510803614,0.0001,confluence_lost
A,BTCUSDT/SOLUSDT,short_a_long_b,2022-01-04T01:30:00,46301.2,167.84,2022-01-04T02:00:00,46135.82,167.99,0.002065537965414046,2,2.3953483324169493,1.861779878020751,0.0001,confluence_lost
A,BTCUSDT/SOLUSDT,short_a_long_b,2022-01-04T04:30:00,46347.55,166.76,2022-01-04T05:00:00,46050.91,167.93,0.011016409313699918,2,2.7992033636928118,1.3858335609244743,0.0001,confluence_lost
A,BTCUSDT/SOLUSDT,short_a_long_b,2022-01-05T16:30:00,46634.99,167.7,2022-01-05T17:00:00,46331.11,167.77,0.004533549391976546,2,2.346104318447003,1.1610118281523878,0.0001,confluence_lost
A,BTCUSDT/SOLUSDT,short_a_long_b,2022-01-05T17:30:00,46345.55,163.56,2022-01-05T18:00:00,45978.96,164.38,0.010523379506411981,2,4.742529794334437,2.7025579448442754,0.0001,confluence_lost
A,BTCUSDT/SOLUSDT,short_a_long_b,2022-01-05T18:30:00,45974.33,163.89,2022-01-05T19:00:00,45919.99,162.0,-0.012750161270838986,2,2.9357425072715713,3.9478971170893637,0.0001,regime_break
A,BTCUSDT/SOLUSDT,short_a_long_b,2022-01-05T19:30:00,45957.89,158.65,2022-01-05T20:00:00,44706.0,158.1,0.021373185676134956,2,5.456772197682603,2.825264664466994,0.0001,confluence_lost
A,BTCUSDT/SOLUSDT,short_a_long_b,2022-01-05T20:30:00,44170.63,156.3,2022-01-05T21:00:00,44176.27,156.43,-0.0016959528099676356,2,2.638122884434918,2.4699234898522615,0.0001,confluence_lost
A,BTCUSDT/SOLUSDT,short_a_long_b,2022-01-05T21:30:00,43888.23,153.4,2022-01-05T22:00:00,43741.67,150.0,-0.021224884496263183,2,3.4223752217778878,4.521522695493498,0.0001,regime_break
A,BTCUSDT/SOLUSDT,short_a_long_b,2022-01-05T22:30:00,43188.71,151.58,2022-01-05T23:00:00,43470.06,154.97,0.01344999404425802,2,2.5668616158702053,1.339451598397395,0.0001,confluence_lost
A,BTCUSDT/SOLUSDT,short_a_long_b,2022-01-06T01:00:00,43689.46,153.27,2022-01-06T01:30:00,43596.07,152.49,-0.005351472021616163,2,2.3021610496977827,2.410257996842588,0.0001,confluence_lost
A,BTCUSDT/SOLUSDT,short_a_long_b,2022-01-06T02:00:00,43502.38,150.85,2022-01-06T02:30:00,43278.0,150.86,0.002824169735926987,2,2.8477758081808013,2.3963618107175377,0.0001,confluence_lost
A,BTCUSDT/SOLUSDT,short_a_long_b,2022-01-06T03:00:00,43239.69,150.21,2022-01-06T03:30:00,43083.35,148.12,-0.012698194343591027,2,2.5014638724337193,2.965779971490178,0.0001,confluence_lost
A,BTCUSDT/SOLUSDT,short_a_long_b,2022-01-06T04:00:00,42921.42,148.46,2022-01-06T04:30:00,42853.92,149.48,0.006043178871022972,2,2.4921343477410733,1.9510517191179222,0.0001,confluence_lost
A,BTCUSDT/SOLUSDT,short_a_long_b,2022-01-07T03:00:00,42782.28,141.16,2022-01-07T03:30:00,42205.74,139.63,0.0002373755990367622,2,2.9183740034134655,2.679701209999719,0.0001,confluence_lost
A,BTCUSDT/SOLUSDT,short_a_long_b,2022-01-07T04:00:00,41858.82,138.63,2022-01-07T04:30:00,41401.17,140.21,0.019930424137641525,2,2.531080152920526,1.5751413894443702,0.0001,confluence_lost
A,BTCUSDT/SOLUSDT,short_a_long_b,2022-01-07T06:00:00,41831.99,138.09,2022-01-07T06:30:00,41650.79,137.15,-0.0048755415557300424,2,2.4183609036846327,2.4336843445456426,0.0001,confluence_lost
A,BTCUSDT/SOLUSDT,short_a_long_b,2022-01-07T13:30:00,42679.44,137.99,2022-01-07T14:00:00,41480.86,140.15,0.04133661951941699,2,2.490178781066969,0.8410325200296115,0.0001,confluence_lost
A,BTCUSDT/SOLUSDT,short_a_long_b,2022-01-10T12:30:00,41476.06,135.52,2022-01-10T13:00:00,40935.89,135.65,0.01158292550738789,2,2.44984413755721,1.433878827542352,8.782666666666666e-05,confluence_lost
A,BTCUSDT/SOLUSDT,short_a_long_b,2022-01-10T14:00:00,40753.6,131.24,2022-01-10T14:30:00,39901.32,133.3,0.034209433111032486,2,3.2800663159252537,0.7166009719763738,8.782666666666666e-05,confluence_lost
A,BTCUSDT/SOLUSDT,short_a_long_b,2022-01-10T15:00:00,40780.0,132.32,2022-01-10T16:30:00,41616.31,136.75,0.010571596788856844,4,2.6199356209077576,1.657263538546426,8.782666666666666e-05,confluence_lost
A,BTCUSDT/SOLUSDT,short_a_long_b,2022-01-10T17:00:00,41971.0,132.92,2022-01-10T18:30:00,41295.01,133.7,0.019574312286316856,4,3.7530286469580783,2.2494217872410935,9.053185185185185e-05,confluence_lost
A,BTCUSDT/SOLUSDT,short_a_long_b,2022-01-10T19:00:00,41527.73,133.33,2022-01-10T19:30:00,41509.99,132.64,-0.007147944940269754,2,2.6362097589276794,2.7757669446375273,9.053185185185185e-05,confluence_lost
A,BTCUSDT/SOLUSDT,short_a_long_b,2022-01-10T20:00:00,41427.97,132.73,2022-01-10T20:30:00,41327.64,135.25,0.01900770502685352,2,2.519517427252541,1.3748517236405728,9.053185185185185e-05,confluence_lost
A,BTCUSDT/SOLUSDT,long_a_short_b,2022-01-12T09:00:00,42577.0,143.84,2022-01-12T10:30:00,42896.79,140.66,0.027218760336406092,4,-2.34761572798598,-0.1762495759859452,6.821515307751315e-05,z_mean_revert
A,BTCUSDT/SOLUSDT,long_a_short_b,2022-01-12T13:30:00,43646.68,147.18,2022-01-12T14:00:00,43880.0,146.87,0.005051917303338163,2,-2.4853188428403343,-1.8233120774749678,6.821515307751315e-05,confluence_lost
A,BTCUSDT/SOLUSDT,long_a_short_b,2022-01-12T15:00:00,43834.86,148.11,2022-01-12T15:30:00,43765.73,147.7,-0.0012088425242611643,2,-2.4647577311221447,-2.278987828659233,6.821515307751315e-05,confluence_lost
A,BTCUSDT/SOLUSDT,long_a_short_b,2022-01-12T16:00:00,43606.9,150.46,2022-01-12T16:30:00,43556.6,152.2,-0.015118022602185463,2,-3.6812508946395375,-4.115783554917685,4.1185119060288e-05,regime_break
A,BTCUSDT/SOLUSDT,long_a_short_b,2022-01-12T17:00:00,43581.99,150.96,2022-01-12T17:30:00,43709.23,151.1,-0.0004078433720331874,2,-3.36463437392782,-3.047850241411273,4.1185119060288e-05,regime_break
A,BTCUSDT/SOLUSDT,long_a_short_b,2022-01-12T18:00:00,43867.93,151.24,2022-01-12T18:30:00,43808.47,150.62,0.0003440125023782127,2,-2.7454013723818353,-2.4773709416949585,4.1185119060288e-05,confluence_lost
A,BTCUSDT/SOLUSDT,long_a_short_b,2022-01-12T19:00:00,43603.98,150.24,2022-01-12T19:30:00,43644.93,152.71,-0.017901227632169545,2,-2.4949374753259956,-3.1472932812180616,4.1185119060288e-05,regime_break
A,BTCUSDT/SOLUSDT,long_a_short_b,2022-01-12T20:00:00,43702.18,152.84,2022-01-12T21:30:00,44037.33,151.91,0.011353748370602282,4,-2.963150413171084,-2.0039364251638054,4.1185119060288e-05,confluence_lost
A,BTCUSDT/SOLUSDT,long_a_short_b,2022-01-12T22:00:00,43770.59,152.4,2022-01-13T01:30:00,43648.38,149.43,0.014296131569795104,8,-2.3416303416386692,-1.278663763605631,4.1185119060288e-05,confluence_lost
A,BTCUSDT/SOLUSDT,long_a_short_b,2022-01-16T07:30:00,43155.0,149.67,2022-01-16T08:00:00,43241.99,149.88,-0.0017873296364967904,2,-2.6947358371145347,-2.513610329404056,3.191141713340179e-05,confluence_lost
A,BTCUSDT/SOLUSDT,long_a_short_b,2022-01-16T10:00:00,43114.99,149.89,2022-01-16T11:00:00,42847.89,148.28,0.002146149059965532,3,-2.7302502519289473,-1.9989649031873105,1.9642213325979168e-05,confluence_lost
A,BTCUSDT/SOLUSDT,long_a_short_b,2022-01-16T13:30:00,42701.7,149.85,2022-01-16T16:30:00,43445.67,150.18,0.012820289174019187,7,-3.5075175352864827,-1.2935486262079114,1.9642213325979168e-05,confluence_lost
A,BTCUSDT/SOLUSDT,short_a_long_b,2022-01-17T03:00:00,42928.94,143.77,2022-01-17T03:30:00,42788.41,142.95,-0.004830005022731829,2,2.326827020920869,2.5080852073829214,2.2030227814481226e-05,confluence_lost
A,BTCUSDT/SOLUSDT,short_a_long_b,2022-01-17T04:30:00,42766.18,142.81,2022-01-17T05:00:00,42418.38,142.79,0.005592548278809464,2,2.442887016959303,1.600982397947494,2.2030227814481226e-05,confluence_lost
A,BTCUSDT/SOLUSDT,short_a_long_b,2022-01-19T07:00:00,41696.64,135.38,2022-01-19T07:30:00,41312.17,134.44,-0.00012277149028287792,2,2.5017824602509315,2.143260380989928,6.944466375786945e-05,confluence_lost
A,BTCUSDT/SOLUSDT,short_a_long_b,2022-01-19T08:00:00,41281.11,133.83,2022-01-19T08:30:00,41229.34,133.5,-0.0036117303444164616,2,2.5065426136254256,2.564226576478171,7.62347384783429e-05,confluence_lost
A,BTCUSDT/SOLUSDT,short_a_long_b,2022-01-19T09:00:00,41340.28,134.05,2022-01-19T09:30:00,41458.82,134.53,-0.0016866678638256948,2,2.3116904398441416,2.167484686921671,7.62347384783429e-05,confluence_lost
A,BTCUSDT/SOLUSDT,short_a_long_b,2022-01-19T10:00:00,41565.01,134.15,2022-01-19T10:30:00,41521.8,134.49,0.0011740526491782056,2,2.6519808874070296,2.1867826208943058,7.62347384783429e-05,confluence_lost
A,BTCUSDT/SOLUSDT,short_a_long_b,2022-01-20T21:00:00,42667.7,136.16,2022-01-20T21:30:00,42392.5,132.21,-0.02496014445627308,2,2.54658990701874,4.39303271579237,9.130309512063731e-05,regime_break
A,BTCUSDT/SOLUSDT,short_a_long_b,2022-01-20T22:30:00,41446.13,132.05,2022-01-20T23:00:00,41112.26,129.88,-0.010777652369864651,2,2.3012684617084997,2.9290836596955225,9.130309512063731e-05,confluence_lost
A,BTCUSDT/SOLUSDT,short_a_long_b,2022-01-20T23:30:00,40776.5,127.54,2022-01-21T00:00:00,40693.72,128.12,0.0041776837731853506,2,3.5590619696248247,2.8816273248641555,9.130309512063731e-05,confluence_lost
A,BTCUSDT/SOLUSDT,short_a_long_b,2022-01-21T00:30:00,40820.6,126.81,2022-01-21T01:00:00,40867.59,125.36,-0.014985563937619226,2,3.669869993145185,4.203207807819632,9.323574064938458e-05,regime_break
A,BTCUSDT/SOLUSDT,short_a_long_b,2022-01-21T01:30:00,40634.71,121.49,2022-01-21T02:00:00,39826.59,127.25,0.0648987407861686,2,5.140745204493278,1.0500035607961362,9.323574064938458e-05,confluence_lost
A,BTCUSDT/SOLUSDT,short_a_long_b,2022-01-21T03:00:00,39797.35,124.04,2022-01-21T03:30:00,38677.5,124.21,0.027109333874123023,2,2.4330531741018273,0.6363315808326323,9.323574064938458e-05,confluence_lost
A,BTCUSDT/SOLUSDT,short_a_long_b,2022-01-21T12:00:00,38877.02,118.79,2022-01-21T13:00:00,38199.02,117.89,0.007463212963262203,3,3.1305705814392604,2.34707686597235,8.256779828285467e-05,confluence_lost
A,BTCUSDT/SOLUSDT,short_a_long_b,2022-01-21T21:30:00,38069.35,113.05,2022-01-21T22:00:00,36823.89,113.76,0.036595964165486564,2,3.3186688443514436,1.594079786277776,8.249939866444252e-05,confluence_lost
A,BTCUSDT/SOLUSDT,short_a_long_b,2022-01-21T22:30:00,36894.36,110.26,2022-01-21T23:00:00,36234.09,112.92,0.039621027230765396,2,2.8360429151294575,1.1151797087681699,8.249939866444252e-05,confluence_lost
A,BTCUSDT/SOLUSDT,short_a_long_b,2022-01-22T05:00:00,36260.83,107.52,2022-01-22T05:30:00,36136.0,104.29,-0.028998364905945026,2,2.330229364710347,3.0557869068341477,6.183064340567753e-05,regime_break
A,BTCUSDT/SOLUSDT,short_a_long_b,2022-01-22T06:00:00,35824.5,100.51,2022-01-22T06:30:00,35602.18,102.39,0.022510415380630658,2,3.653894409812554,2.764044867702809,6.183064340567753e-05,confluence_lost
A,BTCUSDT/SOLUSDT,short_a_long_b,2022-01-22T07:00:00,35705.19,100.24,2022-01-22T07:30:00,35161.3,100.39,0.01432920810868761,2,3.2393088711906666,2.647608420580867,6.183064340567753e-05,confluence_lost
A,BTCUSDT/SOLUSDT,short_a_long_b,2022-01-22T08:30:00,35760.02,100.95,2022-01-22T09:00:00,35585.56,100.99,0.002874868378491782,2,2.7212994298122624,2.477086328885102,5.725050042663808e-05,confluence_lost
A,BTCUSDT/SOLUSDT,short_a_long_b,2022-01-22T09:30:00,35475.8,97.11,2022-01-22T10:00:00,34862.78,95.18,-0.004994420687290432,2,3.1501885873052187,3.0255336975402023,5.725050042663808e-05,regime_break
A,BTCUSDT/SOLUSDT,short_a_long_b,2022-01-22T11:00:00,35446.97,98.9,2022-01-22T11:30:00,35421.13,98.69,-0.0037943806554377323,2,2.3660172926268084,2.306003635879607,5.725050042663808e-05,confluence_lost
A,BTCUSDT/SOLUSDT,short_a_long_b,2022-01-22T14:30:00,35493.65,96.04,2022-01-22T15:30:00,34946.99,93.05,-0.018131233129226862,3,2.4947923322238417,2.586661411743562,5.725050042663808e-05,confluence_lost
A,BTCUSDT/SOLUSDT,short_a_long_b,2022-01-22T17:00:00,35203.9,92.96,2022-01-22T17:30:00,34693.96,92.22,0.004124913828907742,2,2.4986718751455124,2.2959312296335463,6.67503892207185e-05,confluence_lost
A,BTCUSDT/SOLUSDT,short_a_long_b,2022-01-22T18:30:00,34420.31,90.05,2022-01-22T19:00:00,34430.0,89.26,-0.011454423777490993,2,2.385099642092642,2.4353034480550315,6.67503892207185e-05,confluence_lost
A,BTCUSDT/SOLUSDT,short_a_long_b,2022-01-24T05:30:00,35071.62,88.61,2022-01-24T06:00:00,35210.99,90.06,0.009989973222866502,2,2.414139810524109,1.982928925270541,3.820916697438578e-05,confluence_lost
A,BTCUSDT/SOLUSDT,short_a_long_b,2022-01-24T06:30:00,35314.41,88.88,2022-01-24T08:00:00,34888.24,87.96,-0.0006831568634376038,4,2.367826453139683,2.0430807137990254,3.820916697438578e-05,confluence_lost
A,BTCUSDT/SOLUSDT,short_a_long_b,2022-01-24T08:30:00,35182.76,87.36,2022-01-24T09:30:00,34814.42,84.84,-0.020776821707344892,3,2.354924738702908,2.587804219594188,4.217379653563338e-05,confluence_lost
A,BTCUSDT/SOLUSDT,short_a_long_b,2022-01-24T10:00:00,34557.27,82.81,2022-01-24T10:30:00,33656.47,81.99,0.013764688190472565,2,2.835745059932089,2.358723834451063,4.217379653563338e-05,confluence_lost
A,BTCUSDT/SOLUSDT,long_a_short_b,2022-01-26T14:00:00,38158.31,101.1,2022-01-26T14:30:00,38379.65,100.51,0.00923637748908275,2,-2.344198706333756,-1.6865044792334682,1.2614333836908961e-05,confluence_lost
A,BTCUSDT/SOLUSDT,short_a_long_b,2022-01-27T01:30:00,36583.95,88.39,2022-01-27T02:00:00,35803.67,87.03,0.0035421228228450087,2,2.5346876797965217,2.2003259950588756,-1.0327378296190874e-05,confluence_lost
A,BTCUSDT/SOLUSDT,short_a_long_b,2022-01-27T03:30:00,36171.71,86.75,2022-01-27T04:00:00,35722.46,87.19,0.015091973174058484,2,2.7017829775170696,1.8617450836880398,-1.0327378296190874e-05,confluence_lost
A,BTCUSDT/SOLUSDT,long_a_short_b,2022-01-29T07:00:00,37743.74,96.42,2022-01-29T07:30:00,37818.3,97.2,-0.00851418104667516,2,-2.34161550834479,-2.6091291773398035,-3.206663597969597e-06,confluence_lost
A,BTCUSDT/SOLUSDT,long_a_short_b,2022-01-29T09:30:00,37656.37,97.45,2022-01-29T10:00:00,37676.98,97.06,0.002149370092455707,2,-2.6686055397563875,-2.3226706296990716,9.148150534912534e-06,confluence_lost
A,BTCUSDT/SOLUSDT,long_a_short_b,2022-01-29T13:30:00,37816.8,98.17,2022-01-29T14:00:00,38175.94,97.68,0.012088178934814578,2,-2.381802029058752,-1.6591532170818726,9.148150534912534e-06,confluence_lost
A,BTCUSDT/SOLUSDT,short_a_long_b,2022-01-31T00:30:00,37680.06,90.71,2022-01-31T01:00:00,36862.5,90.98,0.022273936254952068,2,2.6232606663160807,1.0087172445302457,5.5856156853465345e-05,confluence_lost
A,BTCUSDT/SOLUSDT,long_a_short_b,2022-01-31T16:30:00,37827.16,97.86,2022-01-31T17:00:00,38240.24,97.6,0.011177052699125348,2,-2.888148448059973,-1.883894550618415,8.501872664442e-06,confluence_lost
A,BTCUSDT/SOLUSDT,long_a_short_b,2022-01-31T21:00:00,38406.48,99.41,2022-01-31T21:30:00,38360.33,99.36,-0.0030986526349685993,2,-2.511385619745664,-2.448942033716854,8.501872664442e-06,confluence_lost
A,BTCUSDT/SOLUSDT,long_a_short_b,2022-01-31T22:00:00,38399.29,100.9,2022-01-31T22:30:00,38723.91,99.88,0.01616282097113804,2,-3.1258153732523395,-1.9804701152508206,8.501872664442e-06,confluence_lost
A,BTCUSDT/SOLUSDT,long_a_short_b,2022-02-01T00:00:00,38404.72,100.4,2022-02-01T00:30:00,38452.4,100.42,-0.001357689123354475,2,-2.491660496678669,-2.3401726107164116,8.501872664442e-06,confluence_lost
A,BTCUSDT/SOLUSDT,long_a_short_b,2022-02-01T01:00:00,38367.11,102.53,2022-02-01T01:30:00,38310.18,102.04,0.0008952660539246061,2,-3.2883175059189473,-2.949463045725362,-2.2763212609895557e-06,confluence_lost
A,BTCUSDT/SOLUSDT,long_a_short_b,2022-02-01T02:00:00,38226.05,101.96,2022-02-01T02:30:00,38355.6,102.37,-0.0030321346410691484,2,-2.851937567986052,-2.7341236725727907,-2.2763212609895557e-06,confluence_lost
A,BTCUSDT/SOLUSDT,long_a_short_b,2022-02-01T03:00:00,38432.3,104.65,2022-02-01T03:30:00,38504.2,106.92,-0.02222052992709904,2,-3.3342986465563462,-3.758556734832301,-2.2763212609895557e-06,regime_break
A,BTCUSDT/SOLUSDT,long_a_short_b,2022-02-01T04:00:00,38592.13,105.92,2022-02-01T04:30:00,38493.5,106.1,-0.00665509818951264,2,-3.1186255139037,-3.068623163941676,-2.2763212609895557e-06,regime_break
A,BTCUSDT/SOLUSDT,long_a_short_b,2022-02-01T05:00:00,38569.73,105.65,2022-02-01T05:30:00,38515.63,105.05,0.0018764748388546272,2,-2.720321466298085,-2.47268192507951,-2.2763212609895557e-06,confluence_lost
A,BTCUSDT/SOLUSDT,long_a_short_b,2022-02-01T06:00:00,38428.41,105.6,2022-02-01T06:30:00,38276.62,104.99,-0.0005734270917367311,2,-2.5801933880720798,-2.4223178693712413,-2.2763212609895557e-06,confluence_lost
A,BTCUSDT/SOLUSDT,long_a_short_b,2022-02-01T07:00:00,38303.97,105.45,2022-02-01T08:30:00,38563.14,107.43,-0.014410532023742914,4,-2.4256067087566877,-2.4391378082098076,-2.2763212609895557e-06,confluence_lost
A,BTCUSDT/SOLUSDT,short_a_long_b,2022-02-03T03:00:00,36949.01,97.96,2022-02-03T04:00:00,36810.22,97.86,0.0003354327836900396,3,2.753457241540558,2.4236135793467093,-4.053323962649021e-06,confluence_lost
A,BTCUSDT/SOLUSDT,short_a_long_b,2022-02-03T04:30:00,36863.55,98.08,2022-02-03T05:30:00,37002.41,98.84,0.0015819119503501368,3,2.3132959405789957,2.0669825795758867,-4.053323962649021e-06,confluence_lost
A,BTCUSDT/SOLUSDT,short_a_long_b,2022-02-03T06:00:00,36993.21,97.71,2022-02-03T10:00:00,36589.98,94.52,-0.024147522318735667,9,2.4470532246698267,2.6858680688810757,-4.053323962649021e-06,confluence_lost
A,BTCUSDT/SOLUSDT,short_a_long_b,2022-02-03T10:30:00,36357.99,94.58,2022-02-03T11:00:00,36439.8,95.52,0.005288551864843075,2,2.354537448892642,2.0347861017320645,-5.570297487270167e-07,confluence_lost
A,BTCUSDT/SOLUSDT,short_a_long_b,2022-02-03T12:00:00,36734.29,94.91,2022-02-03T12:30:00,36323.18,96.8,0.028705053181692877,2,2.3619230533759596,1.3810765778268956,-5.570297487270167e-07,confluence_lost
A,BTCUSDT/SOLUSDT,short_a_long_b,2022-02-07T00:00:00,42464.16,113.29,2022-02-07T01:30:00,41922.9,113.84,0.015201075695798386,4,2.314041035814599,1.0169084365526775,7.792892254667626e-05,confluence_lost
A,BTCUSDT/SOLUSDT,long_a_short_b,2022-02-07T14:30:00,42865.31,120.89,2022-02-07T15:00:00,43422.79,119.35,0.02334424177635959,2,-2.939564258995703,-0.2307494132752495,6.139280499737205e-05,z_mean_revert
A,BTCUSDT/SOLUSDT,short_a_long_b,2022-02-07T21:00:00,44060.71,117.67,2022-02-07T21:30:00,43869.04,117.97,0.004499637014097349,2,2.6526366514998494,1.9014893418030487,2.637884833128938e-05,confluence_lost
A,BTCUSDT/SOLUSDT,short_a_long_b,2022-02-07T23:00:00,44055.66,117.38,2022-02-07T23:30:00,43831.25,117.55,0.004142071249308502,2,2.5266486451885326,1.870353748731242,2.637884833128938e-05,confluence_lost
A,BTCUSDT/SOLUSDT,short_a_long_b,2022-02-08T00:00:00,43871.53,116.8,2022-02-08T00:30:00,43845.66,117.01,-1.2378528386245303e-05,2,2.4232921387596944,2.136623458522602,2.637884833128938e-05,confluence_lost
A,BTCUSDT/SOLUSDT,short_a_long_b,2022-02-08T02:30:00,44017.4,116.92,2022-02-08T04:00:00,44185.99,118.06,0.003520180297686484,4,2.3232628281593604,1.688530483240902,4.273910425766952e-05,confluence_lost
A,BTCUSDT/SOLUSDT,short_a_long_b,2022-02-08T06:30:00,45041.3,118.11,2022-02-08T07:00:00,44761.39,117.5,-0.0013501583209379196,2,2.8205924473451205,2.619989510988163,4.273910425766952e-05,confluence_lost
A,BTCUSDT/SOLUSDT,short_a_long_b,2022-02-08T07:30:00,44778.93,117.73,2022-02-08T08:00:00,44900.01,114.9,-0.029142003445554884,2,2.408486261046357,3.8468324636930054,4.273910425766952e-05,regime_break
A,BTCUSDT/SOLUSDT,short_a_long_b,2022-02-08T08:30:00,44173.12,114.22,2022-02-08T12:30:00,43329.45,112.56,0.0021658149428327024,9,3.0165777249472647,1.9433809522026675,5.546374775596519e-05,confluence_lost
A,BTCUSDT/SOLUSDT,short_a_long_b,2022-02-10T13:30:00,44287.52,107.86,2022-02-10T14:00:00,43709.42,107.35,0.00592498716153618,2,4.950898517137925,3.7950110085715942,5.154545449022855e-05,regime_break
A,BTCUSDT/SOLUSDT,short_a_long_b,2022-02-10T15:30:00,45176.13,111.96,2022-02-10T16:00:00,44905.13,112.46,0.008064623813234542,2,2.735997211758659,1.8376065446281151,5.154545449022855e-05,confluence_lost
A,BTCUSDT/SOLUSDT,short_a_long_b,2022-02-10T16:30:00,45327.53,111.99,2022-02-10T17:00:00,45382.09,112.5,0.0009502945327992253,2,2.7705520072393717,2.4117830709502632,6.231313127017776e-05,confluence_lost
A,BTCUSDT/SOLUSDT,short_a_long_b,2022-02-10T17:30:00,45567.06,111.46,2022-02-10T18:00:00,45316.92,110.67,-0.003998252731047189,2,3.181914505586638,3.1039411966706925,6.231313127017776e-05,regime_break
A,BTCUSDT/SOLUSDT,short_a_long_b,2022-02-10T18:30:00,45024.99,110.04,2022-02-10T19:00:00,45215.01,108.63,-0.01943384533614527,2,2.8866877359988767,3.65271381213349,6.231313127017776e-05,regime_break
A,BTCUSDT/SOLUSDT,short_a_long_b,2022-02-10T19:30:00,44602.38,108.92,2022-02-10T20:00:00,44372.2,108.88,0.0023934691423893174,2,2.562283086930515,2.205079377920314,6.231313127017776e-05,confluence_lost
A,BTCUSDT/SOLUSDT,short_a_long_b,2022-02-10T23:00:00,43959.99,106.81,2022-02-11T00:30:00,42810.97,104.63,0.003327784575982109,4,2.3496515402896168,1.8250432830433747,6.231313127017776e-05,confluence_lost
A,BTCUSDT/SOLUSDT,short_a_long_b,2022-02-11T18:30:00,43283.84,100.79,2022-02-11T19:00:00,42731.99,99.83,0.0008248075213061613,2,2.6599709349483156,2.441104294536216,8.517097428903944e-06,confluence_lost
A,BTCUSDT/SOLUSDT,short_a_long_b,2022-02-11T20:00:00,42833.27,97.39,2022-02-11T20:30:00,42415.1,97.65,0.010032416782352852,2,3.2473217164109958,2.666781466247401,8.517097428903944e-06,confluence_lost
A,BTCUSDT/SOLUSDT,short_a_long_b,2022-02-11T21:00:00,42553.76,98.02,2022-02-11T21:30:00,42584.66,97.4,-0.009451380045756005,2,2.5493308255965843,2.6818026711038097,8.517097428903944e-06,confluence_lost
A,BTCUSDT/SOLUSDT,short_a_long_b,2022-02-11T22:00:00,42592.19,96.11,2022-02-11T22:30:00,42318.39,95.58,-0.0014861060301431393,2,2.9886957631403748,2.8276320030593696,8.517097428903944e-06,confluence_lost
A,BTCUSDT/SOLUSDT,short_a_long_b,2022-02-11T23:30:00,42348.24,96.53,2022-02-12T00:00:00,42378.22,95.92,-0.009427218673044788,2,2.356712763063514,2.4792149846453424,8.517097428903944e-06,confluence_lost
A,BTCUSDT/SOLUSDT,short_a_long_b,2022-02-13T18:00:00,42287.83,93.6,2022-02-13T18:30:00,42256.6,91.7,-0.02196063495231486,2,2.3931712307120865,3.9200875830830677,6.647664639238057e-05,regime_break
A,BTCUSDT/SOLUSDT,short_a_long_b,2022-02-13T19:00:00,42008.74,92.35,2022-02-13T20:30:00,42298.52,93.59,0.004129090859342946,4,2.7173761070676195,1.9757251002840994,6.647664639238057e-05,confluence_lost
A,BTCUSDT/SOLUSDT,short_a_long_b,2022-02-13T21:00:00,42389.73,92.89,2022-02-13T21:30:00,42238.67,92.98,0.0021324869452141316,2,2.6694950779975772,2.2140103802295763,6.647664639238057e-05,confluence_lost
A,BTCUSDT/SOLUSDT,short_a_long_b,2022-02-14T01:00:00,42140.68,91.86,2022-02-14T01:30:00,41786.67,91.14,-0.0018373430943361834,2,2.470275880223827,2.3477938729103567,7.329739163851822e-05,confluence_lost
A,BTCUSDT/SOLUSDT,long_a_short_b,2022-02-15T01:30:00,42794.49,102.02,2022-02-15T02:00:00,43451.12,101.62,0.01686459760778687,2,-3.875812516627182,-2.54137217648489,7.170283310289677e-05,confluence_lost
A,BTCUSDT/SOLUSDT,long_a_short_b,2022-02-15T02:30:00,43409.62,101.54,2022-02-15T03:00:00,43579.66,101.7,-5.8629612095060114e-05,2,-2.4676038858937517,-2.2518558733712353,7.170283310289677e-05,confluence_lost
A,BTCUSDT/SOLUSDT,short_a_long_b,2022-02-17T03:30:00,43922.06,99.19,2022-02-17T06:00:00,43605.65,100.57,0.01871658989674814,6,2.6084014252426746,0.41548270472759313,7.881192337761425e-05,z_mean_revert
A,BTCUSDT/SOLUSDT,short_a_long_b,2022-02-17T18:00:00,41739.81,93.77,2022-02-17T18:30:00,41026.04,95.24,0.030377116813245245,2,2.3691003624005007,-0.4398924255177921,8.718252154942097e-05,z_mean_revert
A,BTCUSDT/SOLUSDT,long_a_short_b,2022-02-18T08:30:00,40692.7,96.2,2022-02-18T09:00:00,40886.27,95.86,0.005891176388648403,2,-2.33695403958623,-1.5615552801263912,4.548745130767441e-05,confluence_lost
A,BTCUSDT/SOLUSDT,short_a_long_b,2022-02-18T16:30:00,40151.99,90.28,2022-02-18T17:00:00,40049.66,90.67,0.004468459750170475,2,2.3106048227736875,1.686184732003918,3.329912879485788e-05,confluence_lost
A,BTCUSDT/SOLUSDT,short_a_long_b,2022-02-20T05:30:00,39533.07,86.65,2022-02-20T06:00:00,39376.1,86.3,-0.002468638510896668,2,2.428090523938797,2.355316133882268,4.397713279019262e-05,confluence_lost
A,BTCUSDT/SOLUSDT,long_a_short_b,2022-02-20T16:00:00,38330.01,90.34,2022-02-20T16:30:00,38406.39,90.24,0.0006996238749851914,2,-2.621807178831639,-2.3131353385118496,4.882888105903871e-05,confluence_lost
A,BTCUSDT/SOLUSDT,long_a_short_b,2022-02-20T17:00:00,38270.07,90.46,2022-02-20T18:00:00,38252.53,91.74,-0.017008222115972013,3,-2.5896444393850224,-3.133177109460638,2.1273574157030104e-05,regime_break
A,BTCUSDT/SOLUSDT,long_a_short_b,2022-02-20T18:30:00,38363.75,93.1,2022-02-20T19:00:00,38432.95,91.95,0.011756095471016373,2,-3.5302533926402813,-2.6192245546909647,2.1273574157030104e-05,confluence_lost
A,BTCUSDT/SOLUSDT,long_a_short_b,2022-02-20T19:30:00,38417.0,92.02,2022-02-20T20:00:00,38388.52,91.5,0.002509606976693737,2,-2.558590468835255,-2.221078029104003,2.1273574157030104e-05,confluence_lost
A,BTCUSDT/SOLUSDT,long_a_short_b,2022-02-20T22:30:00,38307.7,93.0,2022-02-20T23:00:00,38967.85,91.78,0.02795110743478653,2,-2.6407148108739578,-1.2808914423536497,2.1273574157030104e-05,confluence_lost
A,BTCUSDT/SOLUSDT,long_a_short_b,2022-02-21T00:30:00,38352.89,93.02,2022-02-21T01:00:00,38719.6,93.79,-0.0011163199090227648,2,-2.3709850241561745,-2.230944427510045,3.099055767769008e-05,confluence_lost
A,BTCUSDT/SOLUSDT,short_a_long_b,2022-02-24T03:30:00,35369.96,77.52,2022-02-24T04:00:00,34866.57,76.59,-0.00016477031582377887,2,2.4545118646831816,2.2684615685735485,-1.4071910995042038e-05,confluence_lost
A,BTCUSDT/SOLUSDT,long_a_short_b,2022-02-24T18:30:00,35850.83,86.91,2022-02-24T19:00:00,36359.46,87.61,0.0037330891164688153,2,-2.581557388212827,-2.17752615524252,-5.671140294761802e-05,confluence_lost
A,BTCUSDT/SOLUSDT,long_a_short_b,2022-02-24T19:30:00,36746.01,90.81,2022-02-24T20:00:00,37377.81,89.93,0.02448426619300055,2,-3.2807892838816266,-1.8894654214614421,-5.671140294761802e-05,confluence_lost
A,BTCUSDT/SOLUSDT,long_a_short_b,2022-02-25T22:30:00,38895.9,94.74,2022-02-25T23:00:00,39361.23,94.3,0.014207761363172658,2,-2.6951926410748333,-1.782717509389057,-2.716751866021708e-07,confluence_lost
A,BTCUSDT/SOLUSDT,short_a_long_b,2022-02-27T01:00:00,38824.23,87.01,2022-02-27T01:30:00,38454.08,86.52,0.0015024580164120917,2,2.7378951207357787,2.340032150612053,4.864760065187748e-05,confluence_lost
A,BTCUSDT/SOLUSDT,short_a_long_b,2022-02-27T19:00:00,38886.94,86.35,2022-02-27T19:30:00,38593.65,84.87,-0.011997427524598467,2,2.549701879691918,2.9700047975526758,3.1149536196814775e-05,confluence_lost
A,BTCUSDT/SOLUSDT,long_a_short_b,2022-02-28T11:30:00,38240.49,90.76,2022-02-28T12:00:00,38351.49,90.98,-0.0019212928486665314,2,-2.337842784583962,-2.2322445450849906,-3.771028057229724e-05,confluence_lost
A,BTCUSDT/SOLUSDT,long_a_short_b,2022-02-28T14:00:00,38002.85,91.63,2022-02-28T14:30:00,39128.24,94.83,-0.007709754815253642,2,-3.090316702156351,-3.2193716125627314,-3.771028057229724e-05,regime_break
A,BTCUSDT/SOLUSDT,short_a_long_b,2022-03-04T00:30:00,42242.86,92.52,2022-03-04T01:00:00,41529.18,92.07,0.00963087619249843,2,2.4153155765803724,1.7919665066214205,8.122942917304865e-05,confluence_lost
A,BTCUSDT/SOLUSDT,long_a_short_b,2022-03-05T16:00:00,39189.01,90.17,2022-03-05T16:30:00,39254.59,90.38,-0.003055505894071373,2,-2.315756601264128,-2.2843098346537976,7.611514735408609e-05,confluence_lost
A,BTCUSDT/SOLUSDT,short_a_long_b,2022-03-06T19:30:00,38899.21,85.38,2022-03-06T20:00:00,38651.46,85.32,0.0032662832580729463,2,2.7799594188644705,2.151375326832519,4.403420513367836e-05,confluence_lost
A,BTCUSDT/SOLUSDT,short_a_long_b,2022-03-06T21:30:00,39055.82,85.68,2022-03-06T22:00:00,39020.18,86.32,0.005982194580126901,2,2.4929376907545384,1.7298358304086021,4.403420513367836e-05,confluence_lost
A,BTCUSDT/SOLUSDT,short_a_long_b,2022-03-06T22:30:00,39154.29,85.73,2022-03-06T23:00:00,39000.6,84.3,-0.015155034906905993,2,2.5500679909179658,3.4117098968201263,4.403420513367836e-05,regime_break
A,BTCUSDT/SOLUSDT,short_a_long_b,2022-03-07T00:00:00,38448.1,82.34,2022-03-07T00:30:00,38519.97,83.06,0.004474958112307539,2,3.7536951038404824,3.0891266198846803,4.403420513367836e-05,regime_break
A,BTCUSDT/SOLUSDT,short_a_long_b,2022-03-07T01:00:00,38400.9,83.33,2022-03-07T02:00:00,38327.41,82.21,-0.013926780391856616,3,2.522172773253284,3.0071518763550573,3.495549288174983e-05,regime_break
A,BTCUSDT/SOLUSDT,short_a_long_b,2022-03-07T02:30:00,38023.82,82.08,2022-03-07T03:00:00,37776.86,82.26,0.0062878585627493405,2,2.4960860580404507,1.899783076349476,3.495549288174983e-05,confluence_lost
A,BTCUSDT/SOLUSDT,short_a_long_b,2022-03-08T20:00:00,38781.92,82.16,2022-03-08T20:30:00,38551.67,81.82,-0.0006012219054732236,2,2.3237950770535045,2.0859362604161236,4.3369590829032994e-05,confluence_lost
A,BTCUSDT/SOLUSDT,short_a_long_b,2022-03-09T05:30:00,41485.37,87.31,2022-03-09T06:00:00,41473.26,87.7,0.0023587524221380797,2,2.3777941392529933,1.8614234543770491,4.878968175591455e-05,confluence_lost
A,BTCUSDT/SOLUSDT,short_a_long_b,2022-03-09T12:30:00,42310.01,87.82,2022-03-09T13:00:00,41960.03,87.88,0.006555017069546934,2,2.8023878664820474,2.0168439347590073,6.016975247682243e-05,confluence_lost
A,BTCUSDT/SOLUSDT,short_a_long_b,2022-03-09T13:30:00,42016.22,86.86,2022-03-09T14:00:00,41850.0,87.82,0.012608359260357485,2,2.955851654010681,1.7629434185686548,6.016975247682243e-05,confluence_lost
A,BTCUSDT/SOLUSDT,short_a_long_b,2022-03-09T18:00:00,42300.0,87.2,2022-03-09T21:00:00,41795.77,86.59,0.0025249181252305487,7,2.618628181793143,1.8140386832186026,6.902091859308411e-05,confluence_lost
A,BTCUSDT/SOLUSDT,short_a_long_b,2022-03-13T20:00:00,38791.99,79.83,2022-03-13T20:30:00,38693.59,79.66,-0.001992919101570887,2,2.805538238625055,2.626301586702664,-2.0479630565872752e-05,confluence_lost
A,BTCUSDT/SOLUSDT,short_a_long_b,2022-03-13T22:00:00,38745.02,79.65,2022-03-13T22:30:00,38609.95,78.29,-0.01598857637776245,2,2.6525831611389243,4.438053481113133,-2.0479630565872752e-05,regime_break
A,BTCUSDT/SOLUSDT,short_a_long_b,2022-03-14T17:00:00,38831.0,79.48,2022-03-14T17:30:00,38719.93,79.2,-0.003062555302520906,2,2.718897982456307,2.6884750063195404,-2.5963118359525863e-05,confluence_lost
A,BTCUSDT/SOLUSDT,short_a_long_b,2022-03-14T18:00:00,38726.85,78.66,2022-03-14T18:30:00,38422.01,79.03,0.010175329777463785,2,3.4583643284775154,1.6709095664111648,-2.5963118359525863e-05,confluence_lost
A,BTCUSDT/SOLUSDT,short_a_long_b,2022-03-14T19:00:00,38700.0,79.17,2022-03-14T19:30:00,38732.0,79.95,0.00662534336375549,2,2.3271819869967936,1.09918873207104,-2.5963118359525863e-05,confluence_lost
A,BTCUSDT/SOLUSDT,short_a_long_b,2022-03-15T01:00:00,39565.45,80.36,2022-03-15T05:30:00,38730.24,79.84,0.012238698155594599,10,2.64492470538929,0.6748234733747372,-7.469092057409006e-06,confluence_lost
A,BTCUSDT/SOLUSDT,long_a_short_b,2022-03-15T17:30:00,39128.88,82.78,2022-03-15T18:00:00,39319.57,83.1,-0.0013922855111361686,2,-2.8739207082975433,-2.6315952952946637,2.3353512212184676e-05,confluence_lost
A,BTCUSDT/SOLUSDT,long_a_short_b,2022-03-15T18:30:00,39224.0,84.87,2022-03-15T19:00:00,39451.16,84.89,0.0031556977028683454,2,-4.794228555257005,-3.817988955799701,2.3353512212184676e-05,regime_break
A,BTCUSDT/SOLUSDT,long_a_short_b,2022-03-15T19:30:00,39700.01,84.58,2022-03-15T20:00:00,39776.39,84.07,0.005553723264022994,2,-2.6874700480705034,-1.8660811291342816,2.3353512212184676e-05,confluence_lost
A,BTCUSDT/SOLUSDT,long_a_short_b,2022-03-16T19:00:00,39893.0,85.83,2022-03-16T20:30:00,41264.0,86.35,0.02590844383361386,4,-2.6574675494749678,-0.42960925986479803,5.6800706020273445e-05,z_mean_revert
A,BTCUSDT/SOLUSDT,long_a_short_b,2022-03-17T01:30:00,40887.98,88.68,2022-03-17T02:00:00,41287.19,87.93,0.015820879900068488,2,-2.8192471558438132,-1.44012139545812,6.640054912687935e-05,confluence_lost
A,BTCUSDT/SOLUSDT,long_a_short_b,2022-03-17T02:30:00,40949.98,88.6,2022-03-17T03:00:00,41057.74,88.34,0.003166040362778746,2,-2.493068317108829,-2.0409388738634746,6.640054912687935e-05,confluence_lost
A,BTCUSDT/SOLUSDT,long_a_short_b,2022-03-17T04:30:00,41000.96,88.87,2022-03-17T05:00:00,41429.2,88.03,0.017496642043325752,2,-2.3799814845785234,-0.9952788244097719,6.640054912687935e-05,confluence_lost
A,BTCUSDT/SOLUSDT,long_a_short_b,2022-03-17T12:30:00,40928.62,89.44,2022-03-17T13:00:00,41055.05,89.04,0.005161308387875943,2,-2.3966915929546686,-1.8507811860034051,7.38670937653506e-05,confluence_lost
A,BTCUSDT/SOLUSDT,long_a_short_b,2022-03-17T13:30:00,40915.99,89.72,2022-03-17T14:00:00,41161.99,90.4,-0.003966815697866985,2,-2.4638941026311367,-2.4566268752335887,7.38670937653506e-05,confluence_lost
A,BTCUSDT/SOLUSDT,long_a_short_b,2022-03-17T15:00:00,40796.0,89.88,2022-03-17T22:00:00,41015.68,88.49,0.0184499061816273,15,-2.4841556992535465,-0.7460456808777923,7.38670937653506e-05,confluence_lost
A,BTCUSDT/SOLUSDT,long_a_short_b,2022-03-19T14:30:00,41768.94,93.55,2022-03-19T15:30:00,42028.0,94.05,-0.001542519147607988,3,-2.575754441193962,-2.376693516033341,8.549678446788964e-05,confluence_lost
A,BTCUSDT/SOLUSDT,long_a_short_b,2022-03-19T16:00:00,41943.06,94.25,2022-03-19T16:30:00,41955.29,93.55,0.005318641486120226,2,-2.5578444650099694,-2.034409911650232,8.871972125280305e-05,confluence_lost
A,BTCUSDT/SOLUSDT,short_a_long_b,2022-03-22T06:00:00,42839.32,90.08,2022-03-22T06:30:00,42195.02,90.07,0.01252890883519904,2,3.370881994033994,1.4842130711368895,6.588750152879878e-05,confluence_lost
A,BTCUSDT/SOLUSDT,long_a_short_b,2022-03-23T12:30:00,41995.03,92.52,2022-03-23T13:00:00,42415.94,92.26,0.010433055903544888,2,-2.5073044526240817,-1.0260466418830418,8.751652052593292e-05,confluence_lost
A,BTCUSDT/SOLUSDT,long_a_short_b,2022-03-23T14:00:00,41993.02,93.68,2022-03-23T14:30:00,42256.73,94.76,-0.00764875485172771,2,-3.674764575219692,-3.9059407766249916,8.751652052593292e-05,regime_break
A,BTCUSDT/SOLUSDT,long_a_short_b,2022-03-23T15:00:00,42382.97,95.36,2022-03-23T15:30:00,42447.22,95.67,-0.0041348998591388825,2,-3.874562459403874,-3.722405473190928,8.751652052593292e-05,regime_break
A,BTCUSDT/SOLUSDT,long_a_short_b,2022-03-23T16:00:00,42677.19,95.18,2022-03-23T16:30:00,42670.28,94.91,0.000274817214917913,2,-2.675919471479055,-2.3525052726589775,8.751652052593292e-05,confluence_lost
A,BTCUSDT/SOLUSDT,long_a_short_b,2022-03-24T05:30:00,42782.01,96.97,2022-03-24T06:00:00,43029.38,97.13,0.0017321084281464861,2,-2.4450963158800096,-2.148297934931608,6.87628334045767e-05,confluence_lost
A,BTCUSDT/SOLUSDT,long_a_short_b,2022-03-24T09:30:00,43093.99,98.7,2022-03-24T10:00:00,42973.54,99.61,-0.01441491148016931,2,-2.5390055092903756,-3.016571933057441,5.525998153689299e-05,regime_break
A,BTCUSDT/SOLUSDT,long_a_short_b,2022-03-24T10:30:00,42997.51,100.93,2022-03-24T11:30:00,43072.11,100.05,0.008053898287499653,3,-3.422388205507473,-2.613696923428515,5.525998153689299e-05,confluence_lost
A,BTCUSDT/SOLUSDT,long_a_short_b,2022-03-24T13:30:00,42782.0,100.86,2022-03-24T14:00:00,43029.36,100.29,0.009033268857671153,2,-2.884160039857166,-2.3037565803361653,5.525998153689299e-05,confluence_lost
A,BTCUSDT/SOLUSDT,long_a_short_b,2022-03-24T14:30:00,42926.53,101.12,2022-03-24T15:00:00,43519.05,101.23,0.010315302501275173,2,-2.6153647742513773,-2.0406655166510888,5.525998153689299e-05,confluence_lost
A,BTCUSDT/SOLUSDT,long_a_short_b,2022-03-27T20:30:00,44800.9,104.88,2022-03-27T21:00:00,46137.82,105.48,0.021720540995383744,2,-2.4742960902758497,-0.5927378065880369,3.4929570587885985e-05,confluence_lost
A,BTCUSDT/SOLUSDT,long_a_short_b,2022-03-28T05:30:00,47217.46,111.12,2022-03-28T06:00:00,47097.0,109.19,0.012417435585612549,2,-3.406666930693786,-1.789963527515413,4.938966601280021e-05,confluence_lost
A,BTCUSDT/SOLUSDT,long_a_short_b,2022-03-28T09:30:00,47070.49,110.27,2022-03-28T10:00:00,47153.83,110.41,-0.001899074892950201,2,-2.403116059991574,-2.2695910466913887,6.063640689884461e-05,confluence_lost
A,BTCUSDT/SOLUSDT,long_a_short_b,2022-03-28T13:30:00,47348.51,111.9,2022-03-28T14:00:00,47662.34,111.28,0.00976874738389695,2,-2.598335364963889,-1.5672831109613117,6.063640689884461e-05,confluence_lost
A,BTCUSDT/SOLUSDT,long_a_short_b,2022-03-28T14:30:00,47550.99,113.34,2022-03-28T15:00:00,47665.17,112.08,0.01111820495402012,2,-3.0511763320660314,-1.9397946607697212,6.063640689884461e-05,confluence_lost
A,BTCUSDT/SOLUSDT,long_a_short_b,2022-03-29T13:00:00,47785.5,114.45,2022-03-29T13:30:00,47818.18,114.08,0.0015167422385144592,2,-2.3067882871025485,-2.0005875978025918,8.147913246406543e-05,confluence_lost
A,BTCUSDT/SOLUSDT,long_a_short_b,2022-03-30T12:30:00,47218.5,114.96,2022-03-30T13:00:00,47287.52,116.18,-0.011550671699636347,2,-2.9088263974460746,-3.3343486832781246,9.074000334043134e-05,regime_break
A,BTCUSDT/SOLUSDT,long_a_short_b,2022-03-30T13:30:00,47143.7,115.68,2022-03-30T14:00:00,46978.38,115.71,-0.006166061282376997,2,-3.062590767134052,-3.1053284525639455,9.074000334043134e-05,regime_break
A,BTCUSDT/SOLUSDT,long_a_short_b,2022-03-30T14:30:00,47110.43,118.8,2022-03-30T15:00:00,47122.02,119.96,-0.011918292056553745,2,-4.138724115788308,-4.184144564008478,9.074000334043134e-05,regime_break
A,BTCUSDT/SOLUSDT,long_a_short_b,2022-03-30T15:30:00,46978.39,122.63,2022-03-30T16:00:00,47149.78,123.46,-0.005520054315082665,2,-4.7458951451101665,-4.336789740826927,9.074000334043134e-05,regime_break
A,BTCUSDT/SOLUSDT,long_a_short_b,2022-03-30T16:30:00,47163.11,123.89,2022-03-30T17:00:00,47281.19,123.1,0.006480276113681252,2,-4.024937731270342,-3.422712992040764,9.279778037589105e-05,regime_break
A,BTCUSDT/SOLUSDT,long_a_short_b,2022-03-30T17:30:00,47220.93,123.65,2022-03-30T18:00:00,47670.02,122.79,0.014065516670450376,2,-3.36255821495989,-2.6873438008132395,9.279778037589105e-05,confluence_lost
A,BTCUSDT/SOLUSDT,long_a_short_b,2022-03-30T18:30:00,47506.56,121.32,2022-03-30T19:00:00,47057.3,121.46,-0.013010772193473505,2,-2.323050818908393,-2.5281899071565923,9.279778037589105e-05,confluence_lost
A,BTCUSDT/SOLUSDT,long_a_short_b,2022-03-30T19:30:00,46972.58,121.16,2022-03-30T20:00:00,47134.5,120.53,0.006246853332396232,2,-2.404610106820399,-2.0835017663610627,9.279778037589105e-05,confluence_lost
A,BTCUSDT/SOLUSDT,long_a_short_b,2022-04-01T14:00:00,45479.88,131.58,2022-04-01T15:00:00,46207.92,132.65,0.0054760228601175714,3,-2.667245512029839,-2.2419273796338977,9.267449092749413e-05,confluence_lost
A,BTCUSDT/SOLUSDT,long_a_short_b,2022-04-01T17:00:00,45945.66,134.21,2022-04-01T17:30:00,46293.71,135.38,-0.003542428218645852,2,-2.4340210034095464,-2.367079719579224,9.25090484991621e-05,confluence_lost
A,BTCUSDT/SOLUSDT,long_a_short_b,2022-04-01T19:30:00,46233.13,137.44,2022-04-01T20:00:00,46318.05,136.02,0.009768559226186871,2,-2.506042044316439,-2.119745201824105,9.25090484991621e-05,confluence_lost
A,BTCUSDT/SOLUSDT,short_a_long_b,2022-04-04T13:00:00,46037.77,131.61,2022-04-04T14:00:00,46122.0,132.45,0.0021529090230971294,3,2.653363823644809,2.1877952069458977,9.899681453779066e-05,confluence_lost
A,BTCUSDT/SOLUSDT,short_a_long_b,2022-04-04T14:30:00,46141.34,131.4,2022-04-04T15:00:00,45925.36,130.23,-0.006623274572112911,2,2.763754890594383,2.94260817788684,9.899681453779066e-05,confluence_lost
A,BTCUSDT/SOLUSDT,short_a_long_b,2022-04-04T15:30:00,45696.88,129.32,2022-04-04T16:00:00,45585.35,129.66,0.002669785051171727,2,2.9275266152593975,2.4694007984779893,9.899681453779066e-05,confluence_lost
A,BTCUSDT/SOLUSDT,short_a_long_b,2022-04-04T16:30:00,45750.0,129.92,2022-04-04T17:00:00,45727.05,129.45,-0.005515971493176106,2,2.4903268516195918,2.6062439067885377,9.921974464050385e-05,confluence_lost
A,BTCUSDT/SOLUSDT,short_a_long_b,2022-04-04T17:30:00,45711.32,127.49,2022-04-04T18:00:00,45345.87,127.48,0.005516299884077716,2,3.39489391588566,2.727310526905921,9.921974464050385e-05,confluence_lost
A,BTCUSDT/SOLUSDT,short_a_long_b,2022-04-04T22:00:00,46483.38,130.33,2022-04-04T22:30:00,46421.52,132.11,0.012588436536461314,2,2.3340406229143675,1.4814171706604244,9.921974464050385e-05,confluence_lost
A,BTCUSDT/SOLUSDT,short_a_long_b,2022-04-06T00:00:00,45441.27,123.88,2022-04-06T00:30:00,44882.05,124.53,0.015153447455795346,2,2.7360367375953327,1.7359045889610807,9.963288396665683e-05,confluence_lost
A,BTCUSDT/SOLUSDT,short_a_long_b,2022-04-06T10:30:00,45399.27,122.1,2022-04-06T11:00:00,45066.91,119.89,-0.013179095540436545,2,2.9521687890868162,3.3997706940931702,9.960162116501463e-05,regime_break
A,BTCUSDT/SOLUSDT,short_a_long_b,2022-04-06T13:30:00,44936.16,119.09,2022-04-06T14:00:00,44243.97,118.12,0.004858752588416462,2,3.2014430478954985,2.679036796935649,9.960162116501463e-05,confluence_lost
A,BTCUSDT/SOLUSDT,short_a_long_b,2022-04-06T14:30:00,44172.01,117.63,2022-04-06T15:00:00,44217.65,115.87,-0.018395403003388308,2,2.6731084953096005,3.241282351287448,9.960162116501463e-05,regime_break
A,BTCUSDT/SOLUSDT,short_a_long_b,2022-04-06T16:00:00,44177.67,116.26,2022-04-06T16:30:00,43839.39,116.19,0.004655163397516773,2,2.7910492591346636,2.377502882810885,9.969014979501139e-05,confluence_lost
A,BTCUSDT/SOLUSDT,short_a_long_b,2022-04-06T18:00:00,44066.79,116.07,2022-04-06T18:30:00,43477.35,119.18,0.03777023531453734,2,2.398190807041252,0.7891218555921771,9.969014979501139e-05,confluence_lost
A,BTCUSDT/SOLUSDT,short_a_long_b,2022-04-06T23:30:00,43510.28,112.95,2022-04-07T00:00:00,43210.5,114.5,0.01821275225990944,2,2.40069436468973,1.631639834332083,9.969014979501139e-05,confluence_lost
A,BTCUSDT/SOLUSDT,short_a_long_b,2022-04-07T00:30:00,43434.83,111.93,2022-04-07T01:00:00,42917.42,113.66,0.02496841797172629,2,2.489426381525058,1.52929260240302,9.975900539611997e-05,confluence_lost
A,BTCUSDT/SOLUSDT,long_a_short_b,2022-04-10T17:30:00,43005.26,114.72,2022-04-10T18:00:00,43134.69,115.52,-0.006363868852315366,2,-2.3614093151201145,-2.6990935241211,7.965013678344304e-05,confluence_lost
A,BTCUSDT/SOLUSDT,long_a_short_b,2022-04-10T23:00:00,42108.6,112.58,2022-04-10T23:30:00,42340.25,111.07,0.016513935839193764,2,-2.4241013056962935,-0.33535082772607844,7.965013678344304e-05,z_mean_revert
A,BTCUSDT/SOLUSDT,short_a_long_b,2022-04-11T09:00:00,42188.77,106.83,2022-04-11T09:30:00,42013.66,104.75,-0.017719555671061468,2,3.7048882439355597,4.716675566154296,7.082563830109518e-05,regime_break
A,BTCUSDT/SOLUSDT,short_a_long_b,2022-04-11T10:00:00,41365.92,104.9,2022-04-11T10:30:00,41438.88,105.73,0.0037485266699035093,2,2.9433485071101795,2.283266066612991,7.082563830109518e-05,confluence_lost
A,BTCUSDT/SOLUSDT,short_a_long_b,2022-04-11T11:00:00,41556.49,104.55,2022-04-11T11:30:00,41172.79,103.93,0.0009030378871695689,2,3.3350356879366805,2.888650406942214,7.082563830109518e-05,confluence_lost
A,BTCUSDT/SOLUSDT,short_a_long_b,2022-04-11T12:00:00,41122.15,103.86,2022-04-11T12:30:00,41130.69,103.61,-0.005014760429009099,2,2.7065912379322747,2.7642329081943697,7.082563830109518e-05,confluence_lost
A,BTCUSDT/SOLUSDT,short_a_long_b,2022-04-11T13:00:00,41142.77,102.14,2022-04-11T13:30:00,40969.49,103.08,0.011014730218128335,2,3.5690252999126195,2.502735767619482,7.082563830109518e-05,confluence_lost
A,BTCUSDT/SOLUSDT,short_a_long_b,2022-04-11T14:00:00,41119.09,101.81,2022-04-11T14:30:00,40909.37,101.92,0.003780751388365491,2,3.350132957054421,2.796176207610505,7.082563830109518e-05,confluence_lost
A,BTCUSDT/SOLUSDT,short_a_long_b,2022-04-11T15:00:00,40844.48,102.28,2022-04-11T15:30:00,40806.45,101.44,-0.009681656546152759,2,2.385050339040369,2.6918903165127754,7.082563830109518e-05,confluence_lost
A,BTCUSDT/SOLUSDT,short_a_long_b,2022-04-14T13:30:00,41197.8,103.02,2022-04-14T14:00:00,40614.46,102.96,0.011177082771266014,2,2.50266319284819,1.2503402268502648,1.2338880459227705e-05,confluence_lost
A,BTCUSDT/SOLUSDT,short_a_long_b,2022-04-14T16:30:00,39964.01,99.96,2022-04-14T17:00:00,39915.74,100.28,0.002009117263321938,2,2.5486776285452857,2.0547777475797773,1.942579591273266e-05,confluence_lost
A,BTCUSDT/SOLUSDT,short_a_long_b,2022-04-14T18:00:00,39992.28,100.09,2022-04-14T18:30:00,39954.82,99.03,-0.012053787798889257,2,2.3040543351869562,3.069394874653444,1.942579591273266e-05,regime_break
A,BTCUSDT/SOLUSDT,long_a_short_b,2022-04-17T13:30:00,40376.61,103.59,2022-04-17T14:00:00,40205.21,104.26,-0.01311283773557019,2,-3.1503210114026134,-4.5103105669896975,3.7724169473059684e-05,regime_break
A,BTCUSDT/SOLUSDT,long_a_short_b,2022-04-17T14:30:00,40365.41,104.5,2022-04-17T15:00:00,40364.18,104.59,-0.003291715653144387,2,-3.879886802688651,-3.6772036429858623,3.7724169473059684e-05,regime_break
A,BTCUSDT/SOLUSDT,long_a_short_b,2022-04-17T15:30:00,40406.77,105.11,2022-04-17T16:00:00,40436.62,105.29,-0.0033737540826524336,2,-3.8398683414052854,-3.638193363235766,3.7724169473059684e-05,regime_break
A,BTCUSDT/SOLUSDT,long_a_short_b,2022-04-17T16:30:00,40410.38,104.51,2022-04-17T17:00:00,40218.85,104.15,-0.0036949773840067456,2,-2.7009591930601133,-2.7122606674739878,5.156324292349087e-05,confluence_lost
A,BTCUSDT/SOLUSDT,long_a_short_b,2022-04-17T17:30:00,40180.27,103.83,2022-04-17T18:00:00,40071.65,102.97,0.0031794530854664794,2,-2.3791452535685584,-1.7348111173854321,5.156324292349087e-05,confluence_lost
A,BTCUSDT/SOLUSDT,long_a_short_b,2022-04-17T19:30:00,40132.3,104.07,2022-04-17T20:00:00,40383.19,103.66,0.007791228923327245,2,-2.4699776886519498,-1.4228215787550926,5.156324292349087e-05,confluence_lost
A,BTCUSDT/SOLUSDT,short_a_long_b,2022-04-18T04:00:00,39807.69,96.34,2022-04-18T04:30:00,38978.06,95.5,0.009721828283976344,2,4.55188868617744,3.1522043215934565,3.292474449604845e-05,regime_break
A,BTCUSDT/SOLUSDT,short_a_long_b,2022-04-18T08:30:00,38993.5,95.46,2022-04-18T12:00:00,39016.47,98.07,0.024352222245424618,8,2.7520198321392697,0.46150608935795057,-1.260742094751787e-05,z_mean_revert
A,BTCUSDT/SOLUSDT,long_a_short_b,2022-04-19T20:30:00,41287.94,108.27,2022-04-19T21:00:00,41294.16,107.82,0.001906925294661257,2,-3.0455246916700727,-2.624087735745227,2.776516126354151e-06,confluence_lost
A,BTCUSDT/SOLUSDT,long_a_short_b,2022-04-19T22:00:00,41303.82,108.0,2022-04-19T22:30:00,41364.14,107.86,0.000356693906008856,2,-2.5909356664301906,-2.3145582672398217,2.776516126354151e-06,confluence_lost
A,BTCUSDT/SOLUSDT,long_a_short_b,2022-04-19T23:30:00,41464.57,108.51,2022-04-20T00:00:00,41463.02,107.68,0.005211683291018801,2,-2.359192365910251,-1.835173717152194,2.776516126354151e-06,confluence_lost
A,BTCUSDT/SOLUSDT,short_a_long_b,2022-04-21T19:30:00,41517.79,104.29,2022-04-21T20:00:00,41225.83,103.49,-0.003038751422362915,2,2.3760010748446954,2.346869948798086,2.131708728861612e-05,confluence_lost
A,BTCUSDT/SOLUSDT,short_a_long_b,2022-04-21T20:30:00,41129.0,102.49,2022-04-21T21:00:00,40607.14,102.11,0.006580691938045627,2,2.8504433859683433,2.017127521914802,2.131708728861612e-05,confluence_lost
A,BTCUSDT/SOLUSDT,short_a_long_b,2022-04-21T21:30:00,40775.85,101.77,2022-04-21T22:00:00,40680.49,100.69,-0.010673525515075319,2,2.5242337798704324,3.020824211281299,2.131708728861612e-05,regime_break
A,BTCUSDT/SOLUSDT,short_a_long_b,2022-04-22T14:00:00,40347.01,100.06,2022-04-22T14:30:00,39909.3,100.27,0.010547376131501321,2,2.5138728191811524,1.2087079364464173,-1.9616576825405058e-05,confluence_lost
A,BTCUSDT/SOLUSDT,short_a_long_b,2022-04-24T17:00:00,39458.38,99.0,2022-04-24T17:30:00,39273.79,99.27,0.005005366455398244,2,2.508860712321719,1.3901420391258488,-8.695051342555733e-05,confluence_lost
A,BTCUSDT/SOLUSDT,short_a_long_b,2022-04-25T00:00:00,39477.33,97.21,2022-04-25T00:30:00,39023.82,96.91,0.006001756728489863,2,4.134488242583444,2.9719591684813738,-8.695051342555733e-05,confluence_lost
A,BTCUSDT/SOLUSDT,short_a_long_b,2022-04-25T02:00:00,39121.22,97.02,2022-04-25T02:30:00,39013.15,97.29,0.0031453707670369836,2,2.832271288267004,2.172583287931622,-8.742373266432237e-05,confluence_lost
A,BTCUSDT/SOLUSDT,short_a_long_b,2022-04-25T05:30:00,39162.92,97.21,2022-04-25T06:00:00,39001.07,97.1,0.0006011649352295058,2,2.3683477292716484,2.0133538761502594,-8.742373266432237e-05,confluence_lost
A,BTCUSDT/SOLUSDT,short_a_long_b,2022-04-25T06:30:00,39013.0,95.77,2022-04-25T07:00:00,38631.1,95.21,0.0015417020857894782,2,3.1356829618516535,2.646182165950077,-8.742373266432237e-05,confluence_lost
A,BTCUSDT/SOLUSDT,short_a_long_b,2022-04-25T07:30:00,38494.75,95.13,2022-04-25T08:00:00,38408.91,95.11,-0.0003803241519785704,2,2.3181401928574883,2.0752216171164046,-8.742373266432237e-05,confluence_lost
A,BTCUSDT/SOLUSDT,short_a_long_b,2022-04-25T08:30:00,38500.04,94.86,2022-04-25T09:00:00,38410.0,94.86,-6.130113111572954e-05,2,2.3877056115279136,2.125338449591667,-8.542734762780628e-05,confluence_lost
A,BTCUSDT/SOLUSDT,short_a_long_b,2022-04-26T13:30:00,40175.84,98.0,2022-04-26T14:00:00,39758.46,98.45,0.012580667434935647,2,2.956896746411441,1.0607121405626145,9.021892679921055e-06,confluence_lost
A,BTCUSDT/SOLUSDT,long_a_short_b,2022-04-26T17:30:00,38261.17,97.52,2022-04-26T18:00:00,38372.75,97.51,0.0006188156232666687,2,-2.6420179543340767,-2.254163701626718,2.9239249862160824e-05,confluence_lost
A,BTCUSDT/SOLUSDT,long_a_short_b,2022-04-26T20:30:00,38000.77,96.71,2022-04-26T21:00:00,38089.65,97.21,-0.005231196188866957,2,-2.457602443598409,-2.756733211708868,2.9239249862160824e-05,confluence_lost
A,BTCUSDT/SOLUSDT,long_a_short_b,2022-04-27T06:30:00,38492.36,98.44,2022-04-27T07:00:00,38669.16,98.23,0.004326398412766677,2,-2.387533988137259,-1.6283124272982883,-5.347250107208247e-06,confluence_lost
A,BTCUSDT/SOLUSDT,long_a_short_b,2022-04-27T07:30:00,38680.56,99.52,2022-04-27T08:00:00,39038.4,99.17,0.010368039750529315,2,-2.8547676837845066,-1.494867496410355,-5.347250107208247e-06,confluence_lost
A,BTCUSDT/SOLUSDT,short_a_long_b,2022-04-28T13:30:00,39514.83,97.25,2022-04-28T15:00:00,39343.89,97.76,0.007170186719400132,4,2.8565971784670587,1.851174852573878,-3.304758230565569e-05,confluence_lost
A,BTCUSDT/SOLUSDT,short_a_long_b,2022-04-28T15:30:00,39717.57,97.51,2022-04-28T16:00:00,39402.41,97.92,0.009739724197768654,2,3.294006088229866,1.739249841986391,-3.304758230565569e-05,confluence_lost
A,BTCUSDT/SOLUSDT,short_a_long_b,2022-04-28T18:30:00,40274.23,99.01,2022-04-28T19:00:00,40085.4,99.09,0.003096605280807421,2,2.7235379047473898,2.033432459086169,-3.4814529043988694e-06,confluence_lost
A,BTCUSDT/SOLUSDT,short_a_long_b,2022-04-28T19:30:00,40119.54,98.76,2022-04-28T20:00:00,39951.02,98.55,-0.00032591998593482817,2,2.3945597485011616,2.100045546395444,-3.4814529043988694e-06,confluence_lost
A,BTCUSDT/SOLUSDT,short_a_long_b,2022-04-28T20:30:00,40178.17,98.4,2022-04-29T03:00:00,39497.73,97.66,0.007015239557412636,14,2.7225723446415455,1.1993051679298072,-3.4814529043988694e-06,confluence_lost
A,BTCUSDT/SOLUSDT,short_a_long_b,2022-04-30T14:30:00,38392.01,91.85,2022-04-30T15:00:00,38269.04,92.56,0.008533004766018551,2,3.077932036480142,1.6894376896334913,1.5013082711574599e-05,confluence_lost
A,BTCUSDT/SOLUSDT,short_a_long_b,2022-04-30T15:30:00,38439.46,92.25,2022-04-30T16:00:00,38484.31,92.45,-0.001398748092303268,2,2.5349030606641896,2.3371777178309716,1.5013082711574599e-05,confluence_lost
A,BTCUSDT/SOLUSDT,short_a_long_b,2022-04-30T16:30:00,38566.58,91.53,2022-04-30T17:00:00,38436.68,90.76,-0.007444341162706022,2,3.5289179225627394,3.7722411306528767,2.4845730997891352e-05,regime_break
A,BTCUSDT/SOLUSDT,short_a_long_b,2022-04-30T17:30:00,38308.69,90.53,2022-04-30T18:00:00,38279.63,90.95,0.0029979206941835447,2,3.4819053855299833,2.7965492803832412,2.4845730997891352e-05,confluence_lost
A,BTCUSDT/SOLUSDT,short_a_long_b,2022-04-30T18:30:00,38270.01,91.05,2022-04-30T19:00:00,38349.96,90.88,-0.006356209176445013,2,2.5447040277052726,2.771604831589696,2.4845730997891352e-05,confluence_lost
A,BTCUSDT/SOLUSDT,short_a_long_b,2022-04-30T20:00:00,38430.67,91.02,2022-04-30T20:30:00,38352.88,90.68,-0.004111278205845045,2,2.613588901151867,2.629060788453874,2.4845730997891352e-05,confluence_lost
A,BTCUSDT/SOLUSDT,short_a_long_b,2022-04-30T21:00:00,38329.99,90.25,2022-04-30T21:30:00,38337.15,90.0,-0.005356882003301686,2,2.8155984994466494,2.8832900144109512,2.4845730997891352e-05,confluence_lost
A,BTCUSDT/SOLUSDT,short_a_long_b,2022-04-30T22:00:00,38292.29,89.2,2022-04-30T22:30:00,38317.41,85.36,-0.04610533408564137,2,3.2390135465743426,5.339163205397028,2.4845730997891352e-05,regime_break
A,BTCUSDT/SOLUSDT,short_a_long_b,2022-04-30T23:00:00,38272.68,84.6,2022-04-30T23:30:00,37814.42,84.63,0.009928163910665047,2,4.955334571137121,3.913582197436503,2.4845730997891352e-05,regime_break
A,BTCUSDT/SOLUSDT,short_a_long_b,2022-05-01T00:00:00,37645.92,84.77,2022-05-01T00:30:00,37601.02,85.28,0.00480897167305068,2,3.3676094752133467,2.8827663913164283,2.4664457442804386e-05,confluence_lost
A,BTCUSDT/SOLUSDT,short_a_long_b,2022-05-01T01:00:00,37670.0,85.09,2022-05-01T01:30:00,37573.13,86.53,0.01709480006849813,2,2.8927494933488465,2.0242043529784493,2.4664457442804386e-05,confluence_lost
A,BTCUSDT/SOLUSDT,short_a_long_b,2022-05-01T02:30:00,37949.2,85.65,2022-05-01T03:00:00,37830.83,87.67,0.02430352477043847,2,2.6138939615346373,1.5644862579998806,2.4664457442804386e-05,confluence_lost
A,BTCUSDT/SOLUSDT,short_a_long_b,2022-05-04T15:00:00,38785.57,86.49,2022-05-04T15:30:00,38737.12,87.19,0.006942597122508179,2,2.388564298870155,1.1397734811335474,7.445443492450283e-05,confluence_lost
A,BTCUSDT/SOLUSDT,short_a_long_b,2022-05-04T16:30:00,39256.11,87.48,2022-05-04T17:00:00,39162.74,86.98,-0.005737108887769168,2,2.4293347864467396,2.814952966165265,8.01312271635022e-05,confluence_lost
A,BTCUSDT/SOLUSDT,long_a_short_b,2022-05-04T18:30:00,38858.06,90.76,2022-05-04T19:00:00,39568.14,91.45,0.008271218286717022,2,-3.4672732787496106,-2.0867519707622435,8.01312271635022e-05,confluence_lost
A,BTCUSDT/SOLUSDT,long_a_short_b,2022-05-04T23:30:00,39620.45,92.77,2022-05-05T00:00:00,39692.27,93.29,-0.006192560061636418,2,-2.878694067569203,-3.065030190688756,8.01312271635022e-05,regime_break
A,BTCUSDT/SOLUSDT,long_a_short_b,2022-05-05T00:30:00,39655.05,93.75,2022-05-05T01:00:00,39654.96,93.84,-0.0033622695722236727,2,-3.3713713575142923,-3.230342097031129,8.454651001605727e-05,regime_break
A,BTCUSDT/SOLUSDT,long_a_short_b,2022-05-05T01:30:00,39653.03,93.41,2022-05-05T02:00:00,39625.16,93.78,-0.00706387867712803,2,-2.7109125639574985,-2.922647142495375,8.454651001605727e-05,confluence_lost
A,BTCUSDT/SOLUSDT,long_a_short_b,2022-05-05T02:30:00,39702.34,94.31,2022-05-05T03:00:00,39766.63,95.12,-0.009369396829703988,2,-3.023896919525454,-3.3099865024825115,8.454651001605727e-05,regime_break
A,BTCUSDT/SOLUSDT,long_a_short_b,2022-05-05T03:30:00,39734.11,94.32,2022-05-05T04:00:00,39729.44,94.23,-0.0015633327863833623,2,-2.647425848836839,-2.481064468188628,8.454651001605727e-05,confluence_lost
A,BTCUSDT/SOLUSDT,short_a_long_b,2022-05-07T04:30:00,35857.13,79.35,2022-05-07T08:00:00,35933.83,80.93,0.015372738647126252,8,2.305713885189355,0.9602842908967609,6.928613556122177e-06,confluence_lost
A,BTCUSDT/SOLUSDT,short_a_long_b,2022-05-07T21:30:00,35337.36,78.41,2022-05-07T22:00:00,35166.09,79.06,0.010736470768008613,2,2.497176254197038,1.0360274002234162,1.614274153395045e-05,confluence_lost
A,BTCUSDT/SOLUSDT,short_a_long_b,2022-05-07T22:30:00,35220.79,77.85,2022-05-07T23:00:00,35077.05,79.63,0.024545595300398418,2,2.7958431636842196,-0.12474622957327015,1.614274153395045e-05,z_mean_revert
A,BTCUSDT/SOLUSDT,short_a_long_b,2022-05-07T23:30:00,35713.52,78.86,2022-05-08T00:00:00,35464.25,78.82,0.004072481645989126,2,2.9077778527162486,2.1295082788715622,1.614274153395045e-05,confluence_lost
A,BTCUSDT/SOLUSDT,short_a_long_b,2022-05-08T01:30:00,35122.66,77.35,2022-05-08T02:00:00,34871.53,76.75,-0.0030068640594377726,2,2.898033058374901,2.88843072643648,6.646576748628127e-06,confluence_lost
A,BTCUSDT/SOLUSDT,short_a_long_b,2022-05-08T17:00:00,34341.68,75.22,2022-05-08T17:30:00,33933.72,75.05,0.007219404899830376,2,3.0731861611015665,1.9750595171248486,4.352694148991084e-05,confluence_lost
A,BTCUSDT/SOLUSDT,short_a_long_b,2022-05-08T20:00:00,34604.72,75.95,2022-05-08T21:00:00,34253.08,76.17,0.010658262098950669,3,2.4447826272315085,1.1007386898627505,4.352694148991084e-05,confluence_lost
A,BTCUSDT/SOLUSDT,short_a_long_b,2022-05-08T23:00:00,34255.86,75.04,2022-05-08T23:30:00,34043.25,75.38,0.008337446179768351,2,2.353956742968886,1.3181392020160398,4.352694148991084e-05,confluence_lost
A,BTCUSDT/SOLUSDT,short_a_long_b,2022-05-09T02:00:00,34065.03,74.39,2022-05-09T02:30:00,33634.05,74.62,0.013343497562250908,2,2.4537447280991596,1.0025434472845287,5.607651004770844e-05,confluence_lost
A,BTCUSDT/SOLUSDT,short_a_long_b,2022-05-09T10:00:00,33476.26,72.85,2022-05-09T10:30:00,33295.92,71.42,-0.016642274241435204,2,2.376772926325676,3.3241788231438,6.583728559266212e-05,regime_break
A,BTCUSDT/SOLUSDT,short_a_long_b,2022-05-09T12:00:00,33097.99,71.69,2022-05-09T15:00:00,32527.78,70.2,-0.005955996428084129,7,2.3582079592892513,2.117495305163195,6.583728559266212e-05,confluence_lost
A,BTCUSDT/SOLUSDT,short_a_long_b,2022-05-09T16:30:00,32262.68,66.78,2022-05-09T17:00:00,31584.52,67.86,0.03479245920374581,2,4.242137992547529,1.9808334073834502,7.342899990540387e-05,confluence_lost
A,BTCUSDT/SOLUSDT,short_a_long_b,2022-05-09T17:30:00,31708.48,67.08,2022-05-09T18:00:00,31245.75,65.68,-0.008677345194025674,2,2.7433168047122094,2.942920395552919,7.342899990540387e-05,confluence_lost
A,BTCUSDT/SOLUSDT,short_a_long_b,2022-05-09T19:00:00,30752.86,65.1,2022-05-09T19:30:00,30643.15,65.09,0.0010138632430199547,2,2.382781334277341,2.13382053782858,7.342899990540387e-05,confluence_lost
A,BTCUSDT/SOLUSDT,short_a_long_b,2022-05-09T21:30:00,31325.53,66.03,2022-05-09T23:30:00,30573.87,62.16,-0.03701459810994816,5,2.3126431921747086,3.460268227142137,7.342899990540387e-05,regime_break
A,BTCUSDT/SOLUSDT,short_a_long_b,2022-05-10T00:00:00,30173.99,60.78,2022-05-10T00:30:00,29909.47,64.98,0.07546816879357228,2,3.5529137915489306,0.5339045594575776,7.93336665930919e-05,confluence_lost
A,BTCUSDT/SOLUSDT,short_a_long_b,2022-05-10T01:30:00,31022.53,64.22,2022-05-10T02:30:00,31227.27,65.33,0.00828461547497468,3,2.3220525571437376,1.8225892969908106,7.93336665930919e-05,confluence_lost
A,BTCUSDT/SOLUSDT,short_a_long_b,2022-05-11T06:30:00,31300.01,62.32,2022-05-11T07:00:00,30413.53,62.18,0.023675565846741423,2,2.9870081633326886,1.9636548741129856,8.489855643543282e-05,confluence_lost
A,BTCUSDT/SOLUSDT,short_a_long_b,2022-05-11T11:30:00,31606.58,61.39,2022-05-11T12:30:00,31204.72,49.57,-0.18222506044059988,3,3.0823507267607275,6.5608486018326975,8.145221056089219e-05,regime_break
A,BTCUSDT/SOLUSDT,short_a_long_b,2022-05-11T13:00:00,29200.01,54.7,2022-05-11T13:30:00,29816.89,56.75,0.013951127918116993,2,2.7624696776587414,2.3284768973443177,8.145221056089219e-05,confluence_lost
A,BTCUSDT/SOLUSDT,short_a_long_b,2022-05-11T14:00:00,31423.33,56.84,2022-05-11T15:00:00,31694.12,56.72,-0.013128671918930898,3,3.1614313489703645,3.0363531368649284,8.145221056089219e-05,regime_break
A,BTCUSDT/SOLUSDT,short_a_long_b,2022-05-11T15:30:00,31312.86,55.53,2022-05-11T16:30:00,30619.16,52.86,-0.028328280660606817,3,3.0102414576881977,3.0862425205762105,8.145221056089219e-05,regime_break
A,BTCUSDT/SOLUSDT,short_a_long_b,2022-05-11T17:00:00,30230.01,51.59,2022-05-11T17:30:00,29955.58,52.09,0.016369865877805714,2,3.0655066849790695,2.6549101465753675,5.554727488069392e-05,confluence_lost
A,BTCUSDT/SOLUSDT,short_a_long_b,2022-05-11T18:00:00,29919.23,52.2,2022-05-11T18:30:00,30066.04,50.25,-0.04466319945591761,2,2.4943951712493417,2.9102805291223715,5.554727488069392e-05,confluence_lost
A,BTCUSDT/SOLUSDT,short_a_long_b,2022-05-11T19:00:00,29812.34,49.5,2022-05-11T19:30:00,29800.48,47.9,-0.034325410481672744,2,2.8353680173000106,3.045661912638943,5.554727488069392e-05,regime_break
A,BTCUSDT/SOLUSDT,short_a_long_b,2022-05-11T20:00:00,29570.07,47.45,2022-05-11T20:30:00,29198.37,44.22,-0.05790151165777206,2,2.8955847500489345,3.3063629276506075,5.554727488069392e-05,regime_break
A,BTCUSDT/SOLUSDT,short_a_long_b,2022-05-11T21:00:00,28482.99,43.64,2022-05-11T21:30:00,28407.32,47.16,0.08091661833838666,2,2.996285294151088,2.1026194593237757,5.554727488069392e-05,confluence_lost
A,BTCUSDT/SOLUSDT,long_a_short_b,2022-05-15T21:30:00,30879.52,57.47,2022-05-15T22:00:00,31110.06,57.73,0.0005416900934833292,2,-2.3321673802082383,-2.1633955395997115,6.321624166044959e-05,confluence_lost
A,BTCUSDT/SOLUSDT,long_a_short_b,2022-05-15T23:30:00,31176.36,58.83,2022-05-16T00:00:00,31293.68,57.62,0.021930845236874344,2,-2.391969974589708,-1.6691867113191543,6.321624166044959e-05,confluence_lost
A,BTCUSDT/SOLUSDT,long_a_short_b,2022-05-18T00:00:00,30424.19,57.75,2022-05-18T00:30:00,30630.26,57.19,0.014070198499445755,2,-2.3684359003153266,-1.2486743932889723,5.5380165352523105e-05,confluence_lost
A,BTCUSDT/SOLUSDT,short_a_long_b,2022-05-18T13:00:00,29611.2,52.42,2022-05-18T13:30:00,29462.76,51.55,-0.013983750743477505,2,2.3421293506707905,3.0044431591525713,8.694421015723857e-06,regime_break
A,BTCUSDT/SOLUSDT,short_a_long_b,2022-05-18T14:00:00,29371.59,51.76,2022-05-18T14:30:00,29415.5,51.03,-0.017998536924413597,2,2.4518179181326203,3.333231037723049,8.694421015723857e-06,regime_break
A,BTCUSDT/SOLUSDT,short_a_long_b,2022-05-18T15:00:00,29212.93,50.39,2022-05-18T15:30:00,28915.68,50.4,0.007973740892850481,2,3.446418658933213,2.7448561832518577,8.694421015723857e-06,confluence_lost
A,BTCUSDT/SOLUSDT,short_a_long_b,2022-05-18T16:00:00,28989.87,50.67,2022-05-18T16:30:00,28928.58,51.16,0.009384603203148559,2,2.526708158340237,1.872011132224095,8.694421015723857e-06,confluence_lost
A,BTCUSDT/SOLUSDT,short_a_long_b,2022-05-18T17:00:00,29179.08,50.91,2022-05-18T17:30:00,29093.61,50.64,-0.0047743233712966154,2,2.470742205399434,2.4790134138883806,1.3191216345562999e-05,confluence_lost
A,BTCUSDT/SOLUSDT,short_a_long_b,2022-05-19T01:30:00,28961.03,48.63,2022-05-19T02:00:00,28795.55,48.79,0.006604035289144064,2,2.8919391300401727,2.454638066902919,9.50205715766011e-06,confluence_lost
A,BTCUSDT/SOLUSDT,short_a_long_b,2022-05-20T16:00:00,29085.75,48.59,2022-05-20T16:30:00,28925.95,48.53,0.001859277364349279,2,2.4011316301236048,2.0490216782394084,5.889900613253193e-05,confluence_lost
A,BTCUSDT/SOLUSDT,short_a_long_b,2022-05-20T17:00:00,28856.78,48.0,2022-05-20T17:30:00,28807.28,49.02,0.020565368104133633,2,2.5140390045991774,1.0027445693291548,6.803256032530261e-05,confluence_lost
A,BTCUSDT/SOLUSDT,short_a_long_b,2022-05-21T01:00:00,29293.3,48.6,2022-05-21T01:30:00,29017.96,49.3,0.021402711160836654,2,2.351517704894628,0.8362471587617217,5.246532469745759e-05,confluence_lost
A,BTCUSDT/SOLUSDT,long_a_short_b,2022-05-22T14:00:00,30074.22,52.66,2022-05-22T14:30:00,30016.06,52.11,0.00611047780357539,2,-3.0672573300997814,-2.0367583133733276,1.7741308428379165e-05,confluence_lost
A,BTCUSDT/SOLUSDT,long_a_short_b,2022-05-22T22:00:00,30103.57,52.69,2022-05-22T23:30:00,30410.01,52.48,0.011765099568797413,4,-2.6559688314601684,-0.9742766519522902,3.6021017666517134e-05,confluence_lost
A,BTCUSDT/SOLUSDT,long_a_short_b,2022-05-23T07:00:00,30501.16,53.91,2022-05-23T07:30:00,30552.68,53.56,0.005781418070866143,2,-3.0136263055188963,-2.1070263304540746,5.023856929618e-05,confluence_lost
A,BTCUSDT/SOLUSDT,long_a_short_b,2022-05-23T09:30:00,30414.28,53.6,2022-05-23T10:00:00,30432.71,53.9,-0.0073910495696257045,2,-2.3252196566208356,-2.6873358076449634,6.129666500813999e-05,confluence_lost
A,BTCUSDT/SOLUSDT,long_a_short_b,2022-05-23T10:30:00,30491.46,53.99,2022-05-23T11:00:00,30478.44,54.31,-0.008754028330122218,2,-2.547745960207986,-2.9641860366009904,6.129666500813999e-05,confluence_lost
A,BTCUSDT/SOLUSDT,long_a_short_b,2022-05-23T12:00:00,30388.42,54.14,2022-05-23T12:30:00,30435.32,53.67,0.007824547949736263,2,-2.7631742400074186,-1.8600016593563644,6.129666500813999e-05,confluence_lost
A,BTCUSDT/SOLUSDT,long_a_short_b,2022-05-23T15:00:00,30233.81,53.94,2022-05-23T15:30:00,30413.98,53.86,0.0050423518761590486,2,-2.530906390316569,-1.8972914957182268,6.129666500813999e-05,confluence_lost
A,BTCUSDT/SOLUSDT,long_a_short_b,2022-05-23T16:00:00,30365.79,54.18,2022-05-23T16:30:00,30392.31,53.64,0.008440128637109148,2,-2.3703481014376044,-1.5251460287116583,6.129666500813999e-05,confluence_lost
A,BTCUSDT/SOLUSDT,short_a_long_b,2022-05-23T22:00:00,29287.97,48.99,2022-05-23T22:30:00,29131.19,49.28,0.00887262652269312,2,2.6322545479630644,1.745909283016314,6.989740611744222e-05,confluence_lost
A,BTCUSDT/SOLUSDT,short_a_long_b,2022-05-24T08:30:00,29357.35,48.89,2022-05-24T09:30:00,29283.74,49.37,0.009925337584463081,3,2.411371326890826,1.5505190934792237,1.9397690120428015e-05,confluence_lost
A,BTCUSDT/SOLUSDT,short_a_long_b,2022-05-24T13:30:00,29271.45,47.9,2022-05-24T14:00:00,28965.33,48.02,0.010563191052967838,2,2.9463040755760197,2.1387833631139257,1.9397690120428015e-05,confluence_lost
A,BTCUSDT/SOLUSDT,short_a_long_b,2022-05-26T05:00:00,29796.29,47.08,2022-05-26T06:00:00,29733.88,46.27,-0.017510201791748267,3,2.6145866654937517,3.1576603862631822,5.914887293356422e-05,regime_break
A,BTCUSDT/SOLUSDT,short_a_long_b,2022-05-26T06:30:00,29584.59,46.44,2022-05-26T08:00:00,29742.3,44.37,-0.05230445921732489,4,2.5796154989653934,4.325339578574452,5.914887293356422e-05,regime_break
A,BTCUSDT/SOLUSDT,short_a_long_b,2022-05-26T08:30:00,29183.66,44.22,2022-05-26T09:00:00,28961.52,44.01,0.0004628113620030595,2,3.3741880787943526,3.066419983341524,6.822690117054995e-05,regime_break
A,BTCUSDT/SOLUSDT,short_a_long_b,2022-05-26T09:30:00,29111.63,44.23,2022-05-26T10:00:00,29179.18,44.17,-0.006076923819133315,2,2.909974263918723,2.8887588002330338,6.822690117054995e-05,confluence_lost
A,BTCUSDT/SOLUSDT,short_a_long_b,2022-05-26T10:30:00,29230.04,44.08,2022-05-26T11:00:00,29170.79,43.82,-0.006271342353039208,2,2.8742573687160857,2.856775792839073,6.822690117054995e-05,confluence_lost
A,BTCUSDT/SOLUSDT,short_a_long_b,2022-05-26T11:30:00,29126.96,43.72,2022-05-26T12:00:00,29032.29,43.94,0.005882275331420897,2,2.7458596902494614,2.3756557021814397,6.822690117054995e-05,confluence_lost
A,BTCUSDT/SOLUSDT,short_a_long_b,2022-05-26T12:30:00,28951.52,43.64,2022-05-26T13:30:00,28307.83,44.09,0.030145015662758914,3,2.4088125478085622,1.2586742595219216,6.822690117054995e-05,confluence_lost
A,BTCUSDT/SOLUSDT,short_a_long_b,2022-05-27T01:30:00,28969.67,41.69,2022-05-27T02:00:00,28901.25,42.53,0.020110497160044052,2,2.368361133962722,1.7684411858964753,6.474145873280182e-05,confluence_lost
A,BTCUSDT/SOLUSDT,short_a_long_b,2022-05-27T05:00:00,28940.45,40.67,2022-05-27T06:00:00,28748.75,40.66,0.0039780652745149,3,2.5113950674113377,2.1815224875303785,6.474145873280182e-05,confluence_lost
A,BTCUSDT/SOLUSDT,long_a_short_b,2022-05-28T19:30:00,28952.97,44.43,2022-05-28T20:00:00,29001.96,44.11,0.006494395151022195,2,-2.9387192499422166,-2.4377883537505625,8.773825834344698e-05,confluence_lost
A,BTCUSDT/SOLUSDT,long_a_short_b,2022-05-28T20:30:00,29010.8,44.22,2022-05-28T21:00:00,29039.94,44.02,0.003127293857599536,2,-2.484957258570405,-2.1677329918596544,8.773825834344698e-05,confluence_lost
A,BTCUSDT/SOLUSDT,long_a_short_b,2022-05-28T23:00:00,28992.68,44.45,2022-05-28T23:30:00,29081.62,44.25,0.005167108444469284,2,-2.5593239374629926,-2.1237968065214297,8.773825834344698e-05,confluence_lost
A,BTCUSDT/SOLUSDT,long_a_short_b,2022-05-29T13:00:00,29382.57,45.4,2022-05-29T13:30:00,29384.68,44.89,0.008905291457525458,2,-2.487436294442577,-1.8883726866157213,9.258240319541856e-05,confluence_lost
A,BTCUSDT/SOLUSDT,short_a_long_b,2022-05-31T13:30:00,31753.72,45.22,2022-05-31T14:00:00,31365.02,45.43,0.01448504830222204,2,3.4232942511434428,2.280709347440981,9.83579120796811e-05,confluence_lost
A,BTCUSDT/SOLUSDT,short_a_long_b,2022-05-31T15:00:00,31701.75,45.52,2022-05-31T15:30:00,31606.22,46.35,0.018847141723463537,2,2.5960380156424776,1.3473917901818326,9.83579120796811e-05,confluence_lost
A,BTCUSDT/SOLUSDT,short_a_long_b,2022-05-31T16:00:00,32084.53,46.18,2022-05-31T16:30:00,32082.79,46.25,-0.0008299605475749349,2,2.342857678161646,2.1784893421933584,9.872282050641863e-05,confluence_lost
A,BTCUSDT/SOLUSDT,short_a_long_b,2022-05-31T17:00:00,32191.76,45.73,2022-05-31T17:30:00,31951.93,46.19,0.015109085320865925,2,2.8439026220806225,1.8510906156123557,9.872282050641863e-05,confluence_lost
A,BTCUSDT/SOLUSDT,short_a_long_b,2022-05-31T18:30:00,32041.77,45.46,2022-06-01T01:30:00,31915.9,45.94,0.01208704278012325,15,2.632290502890029,1.3579024344027675,9.872282050641863e-05,confluence_lost
A,BTCUSDT/SOLUSDT,short_a_long_b,2022-06-01T18:30:00,30366.99,41.16,2022-06-01T19:00:00,30119.86,40.83,-0.002279379582607641,2,2.599475200305597,2.4955895566931985,9.939907741248505e-05,confluence_lost
A,BTCUSDT/SOLUSDT,short_a_long_b,2022-06-01T20:00:00,30128.18,40.22,2022-06-01T20:30:00,29580.67,40.6,0.025220723300303297,2,2.8928769186455394,1.8167422116118281,9.939907741248505e-05,confluence_lost
A,BTCUSDT/SOLUSDT,short_a_long_b,2022-06-01T23:30:00,29897.76,40.11,2022-06-02T00:00:00,29800.26,39.84,-0.005870374530791242,2,2.3074303052232352,2.344927953195795,9.939907741248505e-05,confluence_lost
A,BTCUSDT/SOLUSDT,short_a_long_b,2022-06-02T00:30:00,29763.73,39.63,2022-06-02T01:00:00,29662.74,39.95,0.009067746801406498,2,2.3898593135053043,1.9464477228571095,7.408372687637726e-05,confluence_lost
A,BTCUSDT/SOLUSDT,short_a_long_b,2022-06-02T03:00:00,29819.37,39.32,2022-06-02T06:00:00,29879.48,39.41,-0.0021268923260536064,7,2.3814180409069663,1.931339146737869,7.408372687637726e-05,confluence_lost
A,BTCUSDT/SOLUSDT,short_a_long_b,2022-06-03T12:30:00,29859.62,37.87,2022-06-03T13:00:00,29556.53,37.85,0.007222375037164344,2,2.5096936012847166,2.0760008420559624,2.3237565650081053e-05,confluence_lost
A,BTCUSDT/SOLUSDT,short_a_long_b,2022-06-04T01:00:00,29732.73,37.35,2022-06-04T02:00:00,29578.91,36.08,-0.03122925401410552,3,2.3893875518067906,3.4117962535118944,2.6647169343876196e-05,regime_break
A,BTCUSDT/SOLUSDT,short_a_long_b,2022-06-04T02:30:00,29509.08,36.3,2022-06-04T05:00:00,29710.04,37.1,0.012828460231212716,6,2.869898931255806,1.8623166757307665,2.6647169343876196e-05,confluence_lost
A,BTCUSDT/SOLUSDT,long_a_short_b,2022-06-05T09:30:00,29614.89,39.44,2022-06-05T10:00:00,29627.23,39.83,-0.011871755850063656,2,-2.3777817171948255,-2.7647193938702292,3.598360518132095e-05,confluence_lost
A,BTCUSDT/SOLUSDT,long_a_short_b,2022-06-05T11:00:00,29642.29,39.71,2022-06-05T11:30:00,29659.94,39.47,0.00423925075705496,2,-2.379640772455092,-1.9800825034060583,3.598360518132095e-05,confluence_lost
A,BTCUSDT/SOLUSDT,long_a_short_b,2022-06-06T06:30:00,31219.3,43.06,2022-06-06T08:00:00,31298.18,44.24,-0.027276980678563587,4,-2.562945505208582,-3.160480995792825,4.339625498623119e-05,regime_break
A,BTCUSDT/SOLUSDT,long_a_short_b,2022-06-06T08:30:00,31403.5,43.99,2022-06-06T09:00:00,31459.66,44.07,-0.0024302594401921927,2,-2.679233236338841,-2.5663869827000565,5.521042054484647e-05,confluence_lost
A,BTCUSDT/SOLUSDT,long_a_short_b,2022-06-06T09:30:00,31405.47,44.49,2022-06-06T10:00:00,31450.66,44.19,0.005782009643388444,2,-2.831212819065597,-2.4526103858044674,5.521042054484647e-05,confluence_lost
A,BTCUSDT/SOLUSDT,long_a_short_b,2022-06-06T10:30:00,31415.55,44.31,2022-06-06T11:00:00,31481.2,44.04,0.005783162082986751,2,-2.4878175011396357,-2.1466319286784072,5.521042054484647e-05,confluence_lost
A,BTCUSDT/SOLUSDT,short_a_long_b,2022-06-07T22:30:00,31361.31,39.5,2022-06-07T23:00:00,31124.77,39.41,0.0028639335102044884,2,2.3267676089145692,2.0882996349644274,1.8181338169208416e-05,confluence_lost
A,BTCUSDT/SOLUSDT,long_a_short_b,2022-06-09T08:30:00,30443.62,40.52,2022-06-09T09:00:00,30518.18,41.61,-0.026851178732344036,2,-2.3147671431302057,-3.960462269466289,7.472544955223435e-05,regime_break
A,BTCUSDT/SOLUSDT,long_a_short_b,2022-06-09T09:30:00,30576.51,41.22,2022-06-09T10:00:00,30566.89,41.58,-0.011448245056695991,2,-2.9908522345918045,-3.4591211366183714,7.472544955223435e-05,regime_break
A,BTCUSDT/SOLUSDT,long_a_short_b,2022-06-09T10:30:00,30543.16,41.19,2022-06-09T11:00:00,30420.33,41.84,-0.022202051585696256,2,-2.749323656694439,-3.7360069659482704,7.472544955223435e-05,regime_break
A,BTCUSDT/SOLUSDT,long_a_short_b,2022-06-09T11:30:00,30421.44,41.22,2022-06-09T12:00:00,30309.99,40.79,0.00436829454409611,2,-2.6599624505335724,-2.1684889582702715,7.472544955223435e-05,confluence_lost
A,BTCUSDT/SOLUSDT,short_a_long_b,2022-06-11T11:00:00,28898.86,35.69,2022-06-11T11:30:00,28846.2,35.47,-0.006741974441754103,2,2.62147213280988,2.705422083354215,4.930890223819919e-05,confluence_lost
A,BTCUSDT/SOLUSDT,short_a_long_b,2022-06-11T12:00:00,28805.94,35.55,2022-06-11T12:30:00,28764.43,34.84,-0.020930848371173025,2,2.4445973391138267,3.0747153089522166,4.930890223819919e-05,regime_break
A,BTCUSDT/SOLUSDT,short_a_long_b,2022-06-11T13:00:00,28515.75,35.09,2022-06-11T13:30:00,28763.26,35.2,-0.007944968453198073,2,2.3192932279178073,2.442691097947189,4.930890223819919e-05,confluence_lost
A,BTCUSDT/SOLUSDT,short_a_long_b,2022-06-11T14:00:00,28768.5,34.79,2022-06-11T14:30:00,28655.86,34.0,-0.02119228104631203,2,2.7775337943653837,3.2754855227390176,4.930890223819919e-05,regime_break
A,BTCUSDT/SOLUSDT,short_a_long_b,2022-06-11T15:00:00,28465.05,33.96,2022-06-11T15:30:00,28511.04,33.76,-0.009904947034328246,2,2.9096006568478456,2.9948734654324642,4.930890223819919e-05,confluence_lost
A,BTCUSDT/SOLUSDT,short_a_long_b,2022-06-11T16:00:00,28410.06,33.66,2022-06-11T16:30:00,28343.44,34.0,0.010045954110280267,2,2.820956904491497,2.3400340926382124,5.303136840748826e-05,confluence_lost
A,BTCUSDT/SOLUSDT,short_a_long_b,2022-06-11T17:00:00,28436.04,34.02,2022-06-11T17:30:00,28488.28,33.91,-0.007470497429489839,2,2.3361816836799987,2.4035369176697183,5.303136840748826e-05,confluence_lost
A,BTCUSDT/SOLUSDT,short_a_long_b,2022-06-11T18:00:00,28514.57,33.96,2022-06-11T18:30:00,28532.73,34.48,0.012275264521940346,2,2.3004605412784658,1.8161651334986937,5.303136840748826e-05,confluence_lost
A,BTCUSDT/SOLUSDT,short_a_long_b,2022-06-12T02:00:00,28239.02,32.17,2022-06-12T02:30:00,27918.03,31.77,-0.0034670487922479486,2,2.5361918473198344,2.466243151732498,6.346884209471309e-05,confluence_lost
A,BTCUSDT/SOLUSDT,short_a_long_b,2022-06-13T00:30:00,26774.2,29.58,2022-06-13T01:00:00,26317.17,29.01,-0.004599985808747362,2,2.446848391223826,2.4253887390307995,4.385817947666199e-05,confluence_lost
A,BTCUSDT/SOLUSDT,short_a_long_b,2022-06-13T04:30:00,26148.53,28.45,2022-06-13T08:00:00,24743.41,27.29,0.010562812655484935,8,2.56259132668423,1.9279607091334447,4.385817947666199e-05,confluence_lost
A,BTCUSDT/SOLUSDT,short_a_long_b,2022-06-13T08:30:00,24786.81,26.26,2022-06-13T09:00:00,24188.15,27.36,0.0636411659444996,2,2.9560618012086133,1.0922537201410722,2.7040806259625997e-05,confluence_lost
A,BTCUSDT/SOLUSDT,long_a_short_b,2022-06-13T20:00:00,23304.99,29.51,2022-06-13T20:30:00,23723.83,28.61,0.04607025292619578,2,-2.449816636190346,-1.0001684001194142,1.9742849313042443e-05,confluence_lost
A,BTCUSDT/SOLUSDT,long_a_short_b,2022-06-13T23:30:00,22198.16,28.6,2022-06-14T00:00:00,22364.7,27.81,0.03272480124667816,2,-2.7886920717576142,-1.7569073000932083,1.9742849313042443e-05,confluence_lost
A,BTCUSDT/SOLUSDT,long_a_short_b,2022-06-14T03:00:00,21585.59,27.98,2022-06-14T03:30:00,22006.69,28.94,-0.017201836594823036,2,-2.505091270401314,-2.722624163968717,2.4439993910144123e-05,confluence_lost
A,BTCUSDT/SOLUSDT,long_a_short_b,2022-06-14T05:00:00,22000.94,30.01,2022-06-14T05:30:00,22976.94,30.38,0.029632517315297993,2,-3.1679476421784925,-2.3883068298458348,2.4439993910144123e-05,confluence_lost
A,BTCUSDT/SOLUSDT,long_a_short_b,2022-06-14T06:00:00,22708.37,30.76,2022-06-14T06:30:00,22439.51,30.7,-0.012289102129172377,2,-2.7530736905694773,-2.799026376963277,2.4439993910144123e-05,confluence_lost
A,BTCUSDT/SOLUSDT,long_a_short_b,2022-06-14T07:00:00,22591.45,30.4,2022-06-14T07:30:00,22451.17,31.02,-0.02900416563043022,2,-2.3763239534762106,-2.7345147691197673,2.4439993910144123e-05,confluence_lost
A,BTCUSDT/SOLUSDT,long_a_short_b,2022-06-15T18:30:00,20668.4,30.52,2022-06-15T19:00:00,21660.05,32.16,-0.008156215102544315,2,-2.759586087752501,-2.7982555021683644,-2.3414055824014085e-05,confluence_lost
A,BTCUSDT/SOLUSDT,long_a_short_b,2022-06-15T20:30:00,21568.9,31.73,2022-06-15T22:00:00,22236.94,34.26,-0.0511628940512812,4,-2.408657690759558,-3.183446768689092,-2.3414055824014085e-05,regime_break
A,BTCUSDT/SOLUSDT,long_a_short_b,2022-06-15T22:30:00,22609.46,34.13,2022-06-15T23:00:00,22467.17,34.48,-0.01894829109490752,2,-2.6705627690063425,-2.9440226598370467,-2.3414055824014085e-05,confluence_lost
A,BTCUSDT/SOLUSDT,long_a_short_b,2022-06-15T23:30:00,22577.07,34.76,2022-06-16T00:00:00,22568.17,35.04,-0.010849441174437577,2,-2.8587982345434058,-2.9036040499538704,-2.3414055824014085e-05,confluence_lost
A,BTCUSDT/SOLUSDT,long_a_short_b,2022-06-16T00:30:00,22607.04,35.19,2022-06-16T01:00:00,22703.13,35.09,0.004692162275509462,2,-2.8375070941506335,-2.59979766727938,-2.7353154529788732e-05,confluence_lost
A,BTCUSDT/SOLUSDT,long_a_short_b,2022-06-16T02:00:00,22427.94,34.48,2022-06-16T02:30:00,22404.54,34.51,-0.004313411080532334,2,-2.361671701574411,-2.3155873331736823,-2.7353154529788732e-05,confluence_lost
A,BTCUSDT/SOLUSDT,short_a_long_b,2022-06-18T06:30:00,20400.63,28.9,2022-06-18T07:00:00,19580.95,28.43,0.021516175551583874,2,3.2490789845799424,1.7240832973750422,2.556015216599552e-06,confluence_lost
A,BTCUSDT/SOLUSDT,long_a_short_b,2022-06-18T11:00:00,19405.01,30.47,2022-06-18T15:00:00,19055.56,30.03,-0.005967802804403274,9,-2.6671682066597926,-2.2773757592839123,1.2154678501799652e-05,confluence_lost
A,BTCUSDT/SOLUSDT,long_a_short_b,2022-06-18T16:00:00,18985.5,30.32,2022-06-18T16:30:00,19050.23,29.71,0.021128177558640895,2,-2.729083155174765,-1.5903666453495586,1.2154678501799652e-05,confluence_lost
A,BTCUSDT/SOLUSDT,long_a_short_b,2022-06-18T17:00:00,18899.18,30.05,2022-06-18T17:30:00,18899.96,29.56,0.01394742803788103,2,-2.3875068857746338,-1.6100274469240432,2.106919439028862e-05,confluence_lost
A,BTCUSDT/SOLUSDT,long_a_short_b,2022-06-18T21:00:00,17843.76,29.6,2022-06-18T21:30:00,18614.95,29.28,0.051629840880706615,2,-3.5748034565616447,-1.4737555181837751,2.106919439028862e-05,confluence_lost
A,BTCUSDT/SOLUSDT,long_a_short_b,2022-06-18T22:00:00,18529.45,31.35,2022-06-19T00:00:00,19013.95,31.92,0.005565746910507666,5,-3.8840852503194987,-2.9472971048682672,2.106919439028862e-05,confluence_lost
A,BTCUSDT/SOLUSDT,long_a_short_b,2022-06-20T10:30:00,20521.41,36.29,2022-06-20T11:00:00,20861.58,36.0,0.02216752850600652,2,-2.934872131278109,-2.0134621553459153,1.472095293938222e-05,confluence_lost
A,BTCUSDT/SOLUSDT,long_a_short_b,2022-06-20T11:30:00,20713.21,36.34,2022-06-20T12:00:00,20772.54,35.35,0.027707063405547808,2,-2.500438352581366,-1.4309014090335481,1.472095293938222e-05,confluence_lost
A,BTCUSDT/SOLUSDT,long_a_short_b,2022-06-21T05:30:00,20749.12,37.18,2022-06-21T06:00:00,20942.25,37.18,0.006907864622692508,2,-2.3834903005484134,-1.9987148992888724,4.1636132025058386e-05,confluence_lost
A,BTCUSDT/SOLUSDT,long_a_short_b,2022-06-21T08:30:00,21174.63,38.22,2022-06-21T09:00:00,21363.71,37.89,0.015163776824775169,2,-2.3779172637194526,-1.7359732972646131,4.342143601948986e-05,confluence_lost
A,BTCUSDT/SOLUSDT,long_a_short_b,2022-06-23T14:30:00,20451.53,37.18,2022-06-23T15:00:00,20602.99,37.0,0.009847115424651068,2,-2.493621075591636,-1.7797284833086058,7.058341871571137e-07,confluence_lost
A,BTCUSDT/SOLUSDT,long_a_short_b,2022-06-23T15:30:00,20405.1,37.22,2022-06-23T16:00:00,20352.41,37.31,-0.007400252397100335,2,-2.5518821442888053,-2.719995692281876,7.058341871571137e-07,confluence_lost
A,BTCUSDT/SOLUSDT,long_a_short_b,2022-06-23T17:30:00,20283.61,37.39,2022-06-23T18:00:00,20329.04,36.94,0.011875042932882732,2,-2.7524805493041162,-1.9971489423469972,-5.353240076655578e-06,confluence_lost
A,BTCUSDT/SOLUSDT,long_a_short_b,2022-06-24T11:00:00,20989.88,39.89,2022-06-24T11:30:00,21154.92,40.28,-0.004314049680180607,2,-2.463654289868767,-2.43444047556048,2.936458316350465e-05,confluence_lost
A,BTCUSDT/SOLUSDT,long_a_short_b,2022-06-24T12:00:00,21160.39,41.13,2022-06-24T12:30:00,21344.38,40.78,0.014804623021802812,2,-3.012972912991018,-2.325197515746053,2.936458316350465e-05,confluence_lost
A,BTCUSDT/SOLUSDT,long_a_short_b,2022-06-24T13:00:00,21219.02,40.89,2022-06-24T13:30:00,21209.42,40.69,0.002038747148291955,2,-2.506080117595252,-2.2675628430158823,2.936458316350465e-05,confluence_lost
A,BTCUSDT/SOLUSDT,long_a_short_b,2022-06-24T22:00:00,21330.06,42.44,2022-06-24T22:30:00,21307.38,42.23,0.0014848739629405717,2,-2.3989968441388143,-2.2140894759045477,4.506134246050362e-05,confluence_lost
A,BTCUSDT/SOLUSDT,long_a_short_b,2022-06-24T23:00:00,21315.33,42.63,2022-06-24T23:30:00,21353.46,41.91,0.016278367801003293,2,-2.3786958026000224,-1.8417367911807698,4.506134246050362e-05,confluence_lost
A,BTCUSDT/SOLUSDT,short_a_long_b,2022-06-26T22:00:00,21352.28,39.76,2022-06-26T22:30:00,21022.53,39.76,0.013043315655283674,2,2.455812679301131,1.384601418440754,6.24350030184645e-05,confluence_lost
A,BTCUSDT/SOLUSDT,short_a_long_b,2022-06-26T23:30:00,21159.48,39.39,2022-06-27T00:00:00,21033.99,39.55,0.007592619700948225,2,2.3647001677623845,1.6575370266474236,6.24350030184645e-05,confluence_lost
A,BTCUSDT/SOLUSDT,short_a_long_b,2022-06-27T13:30:00,21275.86,38.64,2022-06-27T14:00:00,20684.96,38.52,0.02226767033723294,2,3.6409177562065116,1.7920268345397348,5.913648330746619e-05,confluence_lost
A,BTCUSDT/SOLUSDT,short_a_long_b,2022-06-28T01:30:00,20678.56,37.32,2022-06-28T02:30:00,20568.63,37.49,0.007471332484001517,3,2.871846042598502,2.0866497127743324,4.057392200081289e-05,confluence_lost
A,BTCUSDT/SOLUSDT,short_a_long_b,2022-06-28T03:00:00,20647.39,37.36,2022-06-28T05:30:00,20794.16,37.7,-0.0004077621022334087,6,2.4230292306021846,2.032302329818909,4.057392200081289e-05,confluence_lost
A,BTCUSDT/SOLUSDT,short_a_long_b,2022-06-28T15:30:00,20692.8,37.05,2022-06-28T18:00:00,20615.74,35.97,-0.027825796952277645,6,2.5049016384102076,3.1386314354981955,1.9084161556187803e-05,regime_break
A,BTCUSDT/SOLUSDT,short_a_long_b,2022-06-28T22:30:00,20404.78,35.29,2022-06-28T23:00:00,20307.42,35.47,0.007472026077257235,2,2.854000076883419,2.3366797644337978,2.0254347877034958e-05,confluence_lost
A,BTCUSDT/SOLUSDT,short_a_long_b,2022-06-28T23:30:00,20331.88,35.35,2022-06-29T00:00:00,20281.29,35.62,0.00772611728056756,2,2.421256535283805,1.9504351214795541,2.0254347877034958e-05,confluence_lost
A,BTCUSDT/SOLUSDT,short_a_long_b,2022-06-29T17:00:00,20024.32,33.44,2022-06-29T19:30:00,20151.61,34.49,0.022642751363624217,6,2.3403913117708632,1.340860874405034,4.1385955173968435e-05,confluence_lost
A,BTCUSDT/SOLUSDT,short_a_long_b,2022-06-30T01:30:00,20014.44,32.6,2022-06-30T06:30:00,19570.0,31.84,-0.0035069161439675177,11,2.3374754556489292,1.7593505212421234,3.2909076246419896e-05,confluence_lost
A,BTCUSDT/SOLUSDT,long_a_short_b,2022-07-02T21:30:00,19303.18,33.95,2022-07-02T22:30:00,19364.99,33.49,0.014351400340439538,3,-2.7945584048705183,-1.3657778140568448,-7.024255367222106e-06,confluence_lost
A,BTCUSDT/SOLUSDT,long_a_short_b,2022-07-04T11:30:00,19536.85,34.39,2022-07-04T12:00:00,19813.08,34.24,0.01610065515019561,2,-3.3218575281630898,-0.724715765915049,3.940481125917625e-05,confluence_lost
A,BTCUSDT/SOLUSDT,long_a_short_b,2022-07-04T17:00:00,19740.59,34.97,2022-07-04T17:30:00,19921.0,34.91,0.008454794253561396,2,-3.5377715123549662,-2.1172737982914436,3.564374209047042e-05,confluence_lost
A,BTCUSDT/SOLUSDT,long_a_short_b,2022-07-04T18:30:00,19861.31,34.97,2022-07-04T19:00:00,19919.21,34.61,0.010809753737895902,2,-2.4970930419428705,-0.9555176734445837,3.564374209047042e-05,confluence_lost
A,BTCUSDT/SOLUSDT,long_a_short_b,2022-07-04T19:30:00,19781.8,34.87,2022-07-04T20:30:00,19752.63,35.13,-0.011330853883723499,3,-2.4947767352425996,-3.156987093314119,3.564374209047042e-05,regime_break
A,BTCUSDT/SOLUSDT,long_a_short_b,2022-07-04T21:00:00,19794.43,35.09,2022-07-04T21:30:00,19778.63,35.95,-0.027706611296890934,2,-2.685022802115964,-4.60153960037046,3.564374209047042e-05,regime_break
A,BTCUSDT/SOLUSDT,long_a_short_b,2022-07-04T22:00:00,19919.49,36.41,2022-07-04T22:30:00,19947.11,36.48,-0.0029359670657720803,2,-4.498377222146644,-4.081868401454091,3.564374209047042e-05,regime_break
A,BTCUSDT/SOLUSDT,long_a_short_b,2022-07-04T23:00:00,20141.54,36.76,2022-07-04T23:30:00,20276.86,36.71,0.005678627606833422,2,-3.6147531201900565,-2.9092515234485803,3.564374209047042e-05,confluence_lost
A,BTCUSDT/SOLUSDT,long_a_short_b,2022-07-05T00:00:00,20228.56,36.65,2022-07-05T00:30:00,20306.44,36.67,0.0009042995830550039,2,-2.80143401063324,-2.487694988280286,3.94806882925881e-05,confluence_lost
A,BTCUSDT/SOLUSDT,long_a_short_b,2022-07-07T14:00:00,20517.76,38.07,2022-07-07T14:30:00,20752.96,38.37,0.0011830190057137836,2,-2.5055879420220744,-2.2341565663838576,7.29748913820146e-05,confluence_lost
A,BTCUSDT/SOLUSDT,short_a_long_b,2022-07-08T01:30:00,22311.16,39.03,2022-07-08T02:00:00,22125.2,38.2,-0.015330850762452816,2,2.3146650143645005,3.22506144088617,6.190036639158908e-05,regime_break
A,BTCUSDT/SOLUSDT,short_a_long_b,2022-07-08T04:00:00,22149.92,38.55,2022-07-08T04:30:00,22099.05,38.25,-0.007885478877031546,2,2.364382835284091,2.664016514444461,6.190036639158908e-05,confluence_lost
A,BTCUSDT/SOLUSDT,short_a_long_b,2022-07-08T05:30:00,21995.38,37.9,2022-07-08T06:00:00,21851.95,37.8,0.0014823924192226136,2,2.768618074333891,2.418924359131764,6.190036639158908e-05,confluence_lost
A,BTCUSDT/SOLUSDT,short_a_long_b,2022-07-08T07:00:00,21812.37,37.54,2022-07-08T07:30:00,21803.81,37.51,-0.002806709706948449,2,2.5544661911969815,2.4768033235241966,6.190036639158908e-05,confluence_lost
A,BTCUSDT/SOLUSDT,short_a_long_b,2022-07-08T08:00:00,21778.27,37.47,2022-07-08T08:30:00,21764.94,36.92,-0.016466331391659136,2,2.369342694587166,3.0118827498304683,6.190036639158908e-05,regime_break
A,BTCUSDT/SOLUSDT,short_a_long_b,2022-07-08T10:30:00,21676.32,36.95,2022-07-08T13:00:00,21410.71,36.81,0.006064559763341262,6,2.4061703453242447,1.7144918826094473,7.036695163790262e-05,confluence_lost
A,BTCUSDT/SOLUSDT,short_a_long_b,2022-07-11T01:00:00,20802.75,35.65,2022-07-11T01:30:00,20584.01,35.56,0.005590411775819384,2,2.9726824317014335,2.0639258072213,8.07285538884398e-05,confluence_lost
A,BTCUSDT/SOLUSDT,short_a_long_b,2022-07-11T06:00:00,20499.31,35.1,2022-07-11T06:30:00,20438.05,34.91,-0.0048247121452345415,2,2.5081857695162055,2.624948725269549,8.07285538884398e-05,confluence_lost
A,BTCUSDT/SOLUSDT,short_a_long_b,2022-07-11T13:30:00,20533.49,34.79,2022-07-11T14:00:00,20347.94,34.9,0.009798285138558807,2,2.6864732097835824,1.6079775142765798,7.88688752465643e-05,confluence_lost
A,BTCUSDT/SOLUSDT,short_a_long_b,2022-07-11T22:00:00,20194.36,33.96,2022-07-11T22:30:00,20111.64,33.53,-0.01096576204692494,2,2.7103956716440782,3.1850470008958736,8.023134741399446e-05,regime_break
A,BTCUSDT/SOLUSDT,short_a_long_b,2022-07-11T23:00:00,20021.73,33.5,2022-07-11T23:30:00,19973.32,33.42,-0.00237018672048632,2,2.7697200720229653,2.639345241777539,8.023134741399446e-05,confluence_lost
A,BTCUSDT/SOLUSDT,short_a_long_b,2022-07-13T12:30:00,19616.72,32.4,2022-07-13T13:00:00,19144.81,32.01,0.009619482095621204,2,3.4482298899319557,2.034414477064621,3.894587031087749e-05,confluence_lost
A,BTCUSDT/SOLUSDT,long_a_short_b,2022-07-13T23:00:00,19846.5,34.68,2022-07-13T23:30:00,20121.6,34.94,0.0039642696449577325,2,-2.791378478505757,-2.0436352207120687,2.758456579734916e-05,confluence_lost
A,BTCUSDT/SOLUSDT,long_a_short_b,2022-07-14T15:30:00,20113.84,35.16,2022-07-14T16:00:00,20410.12,35.07,0.014889882914776623,2,-2.5929819909032132,-0.5986077836599653,3.900770029716184e-05,confluence_lost
A,BTCUSDT/SOLUSDT,long_a_short_b,2022-07-14T17:00:00,20196.05,35.79,2022-07-14T17:30:00,20647.95,36.54,-0.000979911615052218,2,-3.794318602997475,-3.3945904813679415,3.8008211342236984e-05,regime_break
A,BTCUSDT/SOLUSDT,long_a_short_b,2022-07-14T18:00:00,20700.53,36.77,2022-07-14T18:30:00,20709.0,36.62,0.002088580832263223,2,-3.4825137430919004,-2.8964742112569106,3.8008211342236984e-05,confluence_lost
A,BTCUSDT/SOLUSDT,long_a_short_b,2022-07-14T19:00:00,20717.42,36.94,2022-07-14T19:30:00,20868.14,36.36,0.020576174121540405,2,-3.4137580558138017,-1.4035481425865095,3.8008211342236984e-05,confluence_lost
A,BTCUSDT/SOLUSDT,long_a_short_b,2022-07-14T20:00:00,20622.09,36.74,2022-07-14T20:30:00,20621.93,36.83,-0.0048574048326564395,2,-3.0912382074185767,-3.087692111014251,3.8008211342236984e-05,regime_break
A,BTCUSDT/SOLUSDT,long_a_short_b,2022-07-14T21:00:00,20657.06,36.62,2022-07-14T21:30:00,20574.66,36.68,-0.008027399928034515,2,-2.413579217101313,-2.702725950539517,3.8008211342236984e-05,confluence_lost
A,BTCUSDT/SOLUSDT,long_a_short_b,2022-07-14T22:00:00,20495.51,36.47,2022-07-14T22:30:00,20490.8,36.75,-0.010307349616954717,2,-2.457920005462642,-2.8474231283113487,3.8008211342236984e-05,confluence_lost
A,BTCUSDT/SOLUSDT,long_a_short_b,2022-07-14T23:00:00,20503.88,36.97,2022-07-14T23:30:00,20544.16,37.15,-0.005304306320676397,2,-3.0151539700991137,-3.020651016385601,3.8008211342236984e-05,regime_break
A,BTCUSDT/SOLUSDT,long_a_short_b,2022-07-15T00:30:00,20464.08,36.77,2022-07-15T01:00:00,20409.97,36.87,-0.007763753629930578,2,-2.445240806087089,-2.6397739683704193,5.013305326618432e-05,confluence_lost
A,BTCUSDT/SOLUSDT,long_a_short_b,2022-07-15T01:30:00,20441.3,37.61,2022-07-15T02:00:00,20766.01,37.39,0.019334505639056546,2,-3.415898073094397,-2.1825731462155686,5.013305326618432e-05,confluence_lost
A,BTCUSDT/SOLUSDT,long_a_short_b,2022-07-15T03:30:00,20525.13,37.36,2022-07-15T04:00:00,20606.42,37.53,-0.002989810352196629,2,-2.477734804157272,-2.403549888246772,5.013305326618432e-05,confluence_lost
A,BTCUSDT/SOLUSDT,long_a_short_b,2022-07-16T16:00:00,20952.76,38.86,2022-07-16T16:30:00,21186.43,40.05,-0.02187051826312718,2,-2.728905120008705,-4.144657769767264,5.01976102563799e-05,regime_break
A,BTCUSDT/SOLUSDT,long_a_short_b,2022-07-16T17:00:00,21415.54,39.88,2022-07-16T17:30:00,21437.53,39.4,0.010662932771148118,2,-2.7517961851408015,-1.6481537763171488,4.082036353273992e-05,confluence_lost
A,BTCUSDT/SOLUSDT,long_a_short_b,2022-07-16T18:00:00,21283.26,39.94,2022-07-16T18:30:00,21288.41,39.97,-0.0029091524811966506,2,-3.129223728209444,-3.001679971508681,4.082036353273992e-05,regime_break
A,BTCUSDT/SOLUSDT,long_a_short_b,2022-07-16T19:00:00,21325.3,39.85,2022-07-16T19:30:00,21288.01,39.42,0.006641837023466726,2,-2.5340531561974013,-1.8639087639947995,4.082036353273992e-05,confluence_lost
A,BTCUSDT/SOLUSDT,long_a_short_b,2022-07-16T20:30:00,20998.71,39.36,2022-07-16T21:00:00,21186.83,39.57,0.001223279701235216,2,-2.592663504567012,-2.2601960047186163,4.082036353273992e-05,confluence_lost
A,BTCUSDT/SOLUSDT,long_a_short_b,2022-07-16T22:30:00,21219.69,39.81,2022-07-17T01:00:00,21317.69,39.45,0.011261306137642493,6,-2.3655774126682845,-1.2240162250634432,4.082036353273992e-05,confluence_lost
A,BTCUSDT/SOLUSDT,long_a_short_b,2022-07-17T06:30:00,21414.43,40.99,2022-07-17T07:00:00,21555.27,40.6,0.013691389367017262,2,-2.4691776860212054,-1.6243650118716126,4.961139385879772e-05,confluence_lost
A,BTCUSDT/SOLUSDT,long_a_short_b,2022-07-18T05:00:00,21338.29,41.98,2022-07-18T05:30:00,21631.45,41.98,0.011338682902894262,2,-2.799845512864675,-2.121219003201835,7.406042262492128e-05,confluence_lost
A,BTCUSDT/SOLUSDT,long_a_short_b,2022-07-18T23:30:00,22177.08,43.52,2022-07-19T00:00:00,22377.74,44.03,-0.00507066972973895,2,-3.0820552406346526,-3.067456601952117,8.430815689655733e-05,regime_break
A,BTCUSDT/SOLUSDT,long_a_short_b,2022-07-19T00:30:00,22625.92,44.06,2022-07-19T04:00:00,21907.07,43.04,-0.011020834123999165,8,-2.3085648320259398,-2.1805468239349928,8.779523314176682e-05,confluence_lost
A,BTCUSDT/SOLUSDT,long_a_short_b,2022-07-19T04:30:00,21902.75,43.28,2022-07-19T05:00:00,21883.31,43.57,-0.00998811430995665,2,-2.3760646819777707,-2.6275878404904778,8.779523314176682e-05,confluence_lost
A,BTCUSDT/SOLUSDT,long_a_short_b,2022-07-19T05:30:00,22005.44,43.61,2022-07-19T07:00:00,21757.62,43.26,-0.005636078545270637,4,-2.308464146498195,-2.2401150563633254,8.779523314176682e-05,confluence_lost
A,BTCUSDT/SOLUSDT,long_a_short_b,2022-07-19T07:30:00,21763.29,43.48,2022-07-19T08:00:00,21798.81,43.55,-0.0023778294274523913,2,-2.3514549524447084,-2.260565326868177,8.779523314176682e-05,confluence_lost
A,BTCUSDT/SOLUSDT,long_a_short_b,2022-07-19T08:30:00,21818.45,44.58,2022-07-19T09:00:00,21915.0,44.63,0.0009035747573257892,2,-3.002337369195608,-2.732716787478125,9.050740355470753e-05,confluence_lost
A,BTCUSDT/SOLUSDT,long_a_short_b,2022-07-19T09:30:00,21902.84,44.44,2022-07-19T10:00:00,21890.97,45.01,-0.015768221481854347,2,-2.480081937957597,-2.8171720449668087,9.050740355470753e-05,confluence_lost
A,BTCUSDT/SOLUSDT,long_a_short_b,2022-07-19T10:30:00,21883.96,45.34,2022-07-19T11:00:00,22011.8,45.7,-0.00449828730565098,2,-2.9163407548570945,-2.8285636851078504,9.050740355470753e-05,confluence_lost
A,BTCUSDT/SOLUSDT,long_a_short_b,2022-07-19T11:30:00,22213.7,45.54,2022-07-19T12:00:00,21990.2,45.46,-0.010704661122125356,2,-2.3224631898457404,-2.4778446761798127,9.050740355470753e-05,confluence_lost
A,BTCUSDT/SOLUSDT,long_a_short_b,2022-07-19T12:30:00,21993.68,46.89,2022-07-19T15:00:00,22636.22,45.86,0.04878106035508119,6,-3.2117721798224497,-1.352446979185738,9.050740355470753e-05,confluence_lost
A,BTCUSDT/SOLUSDT,short_a_long_b,2022-07-20T20:00:00,23664.04,41.62,2022-07-20T20:30:00,23022.39,42.19,0.038410319991432365,2,2.7642854205475027,1.6273064956162946,9.234395914263873e-05,confluence_lost
A,BTCUSDT/SOLUSDT,short_a_long_b,2022-07-21T02:30:00,23025.46,40.04,2022-07-21T03:00:00,22734.38,40.08,0.011240659406694012,2,2.324047717429851,1.952555330480701,9.404530155538568e-05,confluence_lost
A,BTCUSDT/SOLUSDT,short_a_long_b,2022-07-25T02:00:00,22200.59,38.85,2022-07-25T02:30:00,21985.5,38.71,0.003684877648471321,2,2.404032073542918,1.764871695605539,8.22464873580075e-05,confluence_lost
A,BTCUSDT/SOLUSDT,short_a_long_b,2022-07-25T03:00:00,21942.08,38.2,2022-07-25T03:30:00,21857.94,38.09,-0.0014449401332961441,2,2.6922380283494807,2.49112312027695,8.22464873580075e-05,confluence_lost
A,BTCUSDT/SOLUSDT,short_a_long_b,2022-07-25T19:00:00,21823.22,37.52,2022-07-25T19:30:00,21656.27,37.95,0.016710662833456305,2,2.7944819332344943,1.2514336486096154,5.704713432768356e-05,confluence_lost
A,BTCUSDT/SOLUSDT,short_a_long_b,2022-07-25T22:00:00,21998.84,37.65,2022-07-25T22:30:00,21550.27,37.8,0.021974684341378573,2,2.8461089473988666,1.013757268033496,5.704713432768356e-05,confluence_lost
A,BTCUSDT/SOLUSDT,short_a_long_b,2022-07-25T23:30:00,21649.69,36.65,2022-07-26T00:00:00,21249.42,36.58,0.014178527367915986,2,3.3086709403034193,2.0917238259467688,5.704713432768356e-05,confluence_lost
A,BTCUSDT/SOLUSDT,short_a_long_b,2022-07-26T05:00:00,21125.88,35.85,2022-07-26T05:30:00,21107.71,35.96,0.0015284228217401076,2,2.3000154528620644,2.021927979528989,6.659221558819832e-05,confluence_lost
A,BTCUSDT/SOLUSDT,short_a_long_b,2022-07-26T06:30:00,21143.0,35.55,2022-07-26T07:00:00,21079.2,35.77,0.006806014126696083,2,2.5366494294857365,1.996431169203355,6.659221558819832e-05,confluence_lost
A,BTCUSDT/SOLUSDT,long_a_short_b,2022-07-27T19:00:00,22597.16,39.93,2022-07-27T19:30:00,22828.0,39.38,0.021589547685767554,2,-2.457189266454307,-0.6414247131454367,5.249751913480075e-05,confluence_lost
A,BTCUSDT/SOLUSDT,long_a_short_b,2022-07-28T02:30:00,22751.36,40.13,2022-07-28T03:00:00,23313.09,39.93,0.02727375524205118,2,-2.3105355755997348,-0.05197921791415783,6.134029266040059e-05,z_mean_revert
A,BTCUSDT/SOLUSDT,long_a_short_b,2022-07-28T15:00:00,23144.86,41.45,2022-07-28T15:30:00,23463.15,41.93,-0.00022813567340444806,2,-2.8887837917631294,-2.627490081279361,6.993133873586712e-05,confluence_lost
A,BTCUSDT/SOLUSDT,long_a_short_b,2022-07-28T16:00:00,23709.11,42.32,2022-07-28T16:30:00,23916.98,41.88,0.016764491371732818,2,-2.4458097547232676,-1.0957402856869298,6.993133873586712e-05,confluence_lost
A,BTCUSDT/SOLUSDT,long_a_short_b,2022-07-28T17:30:00,23894.63,42.83,2022-07-28T18:00:00,23969.03,41.78,0.02522919681014031,2,-2.555874988712275,-0.6651451607897112,7.661326346122998e-05,confluence_lost
A,BTCUSDT/SOLUSDT,long_a_short_b,2022-07-28T20:00:00,23786.87,43.32,2022-07-28T20:30:00,23944.83,43.81,-0.0070705343667947645,2,-3.3906741258751367,-3.439953656710561,7.661326346122998e-05,regime_break
A,BTCUSDT/SOLUSDT,long_a_short_b,2022-07-28T21:00:00,24047.36,43.36,2022-07-28T21:30:00,23938.39,43.39,-0.007623356475693829,2,-2.433920480700379,-2.6460182402427734,7.661326346122998e-05,confluence_lost
A,BTCUSDT/SOLUSDT,long_a_short_b,2022-07-28T22:00:00,23905.3,43.76,2022-07-28T22:30:00,23940.44,43.3,0.0095818499092752,2,-3.0442641361581595,-2.2718284615182576,7.661326346122998e-05,confluence_lost
A,BTCUSDT/SOLUSDT,long_a_short_b,2022-07-30T15:00:00,24358.0,45.75,2022-07-30T15:30:00,24506.63,46.28,-0.007882802746104686,2,-3.603120176532508,-3.6548954885110962,9.334347946608568e-05,regime_break
A,BTCUSDT/SOLUSDT,long_a_short_b,2022-07-30T16:00:00,24521.48,46.0,2022-07-30T16:30:00,24523.66,46.22,-0.007093707046975248,2,-3.031444165403772,-3.1235273699085804,9.482270625139998e-05,regime_break
A,BTCUSDT/SOLUSDT,long_a_short_b,2022-07-30T17:00:00,24554.83,45.98,2022-07-30T17:30:00,24506.29,46.39,-0.013293720891156921,2,-2.6138757347913546,-3.0374732287758284,9.482270625139998e-05,regime_break
A,BTCUSDT/SOLUSDT,long_a_short_b,2022-07-30T18:00:00,24496.01,46.07,2022-07-30T18:30:00,24527.68,45.93,0.0019317175312497238,2,-2.577636676534874,-2.2610701207245643,9.482270625139998e-05,confluence_lost
A,BTCUSDT/SOLUSDT,long_a_short_b,2022-07-30T20:00:00,23894.98,45.39,2022-07-30T22:00:00,23665.43,44.27,0.01266841825207328,5,-2.7323641904833122,-1.8063762697142387,9.482270625139998e-05,confluence_lost
A,BTCUSDT/SOLUSDT,short_a_long_b,2022-08-01T17:00:00,23199.03,41.45,2022-08-01T17:30:00,22955.63,41.18,0.0015779458417696924,2,2.5477063182174318,2.1706536374779355,8.707426985831157e-05,confluence_lost
A,BTCUSDT/SOLUSDT,short_a_long_b,2022-08-01T19:00:00,22929.78,40.92,2022-08-01T19:30:00,22967.41,41.11,0.0006021089581850904,2,2.387486440773796,2.0721074766949514,8.707426985831157e-05,confluence_lost
A,BTCUSDT/SOLUSDT,short_a_long_b,2022-08-01T22:00:00,23027.45,40.94,2022-08-01T22:30:00,22982.05,41.37,0.010074735408046112,2,2.4032200116162667,1.393538998753792,8.707426985831157e-05,confluence_lost
A,BTCUSDT/SOLUSDT,short_a_long_b,2022-08-02T00:30:00,23287.96,41.1,2022-08-02T01:00:00,23186.38,41.22,0.004881618647387523,2,2.651101691971738,2.043034186559742,8.994665433424234e-05,confluence_lost
A,BTCUSDT/SOLUSDT,short_a_long_b,2022-08-02T01:30:00,23146.0,40.69,2022-08-02T02:00:00,22994.4,40.67,0.0036582065564468437,2,2.713402559562209,2.2109435775403683,8.994665433424234e-05,confluence_lost
A,BTCUSDT/SOLUSDT,short_a_long_b,2022-08-02T02:30:00,22978.91,40.25,2022-08-02T03:00:00,22918.87,40.19,-0.0012778525951143015,2,2.7238552807717142,2.5375867354183264,8.994665433424234e-05,confluence_lost
A,BTCUSDT/SOLUSDT,short_a_long_b,2022-08-02T23:30:00,23029.47,39.79,2022-08-03T00:00:00,23001.45,38.89,-0.023802046525128115,2,2.494359006597616,3.584974205568374,8.431242052318365e-05,regime_break
A,BTCUSDT/SOLUSDT,short_a_long_b,2022-08-03T00:30:00,22836.32,38.06,2022-08-03T01:00:00,22782.38,38.72,0.017303067268848296,2,4.026796155239447,2.819163706706019,6.630521596247617e-05,confluence_lost
A,BTCUSDT/SOLUSDT,short_a_long_b,2022-08-03T01:30:00,22773.28,38.95,2022-08-03T02:00:00,22813.47,38.83,-0.007245660419349639,2,2.3888722060525867,2.5305403562164104,6.630521596247617e-05,confluence_lost
A,BTCUSDT/SOLUSDT,short_a_long_b,2022-08-03T02:30:00,22761.22,38.65,2022-08-03T03:00:00,22779.87,39.01,0.00609498352348932,2,2.538563467923289,2.052752638603826,6.630521596247617e-05,confluence_lost
A,BTCUSDT/SOLUSDT,short_a_long_b,2022-08-03T03:30:00,22838.0,38.54,2022-08-03T04:30:00,22879.16,38.48,-0.005759083471120238,3,2.64675465174508,2.5695957520520016,6.630521596247617e-05,confluence_lost
A,BTCUSDT/SOLUSDT,short_a_long_b,2022-08-03T06:30:00,23032.17,38.63,2022-08-03T07:00:00,23045.62,38.64,-0.0027250996520527403,2,2.3843959533143866,2.309671026611352,6.630521596247617e-05,confluence_lost
A,BTCUSDT/SOLUSDT,short_a_long_b,2022-08-03T07:30:00,23038.6,38.33,2022-08-03T08:30:00,23186.59,39.2,0.013874058476241971,3,2.534228072896242,1.7830716833465599,6.630521596247617e-05,confluence_lost
A,BTCUSDT/SOLUSDT,long_a_short_b,2022-08-05T01:30:00,22661.66,39.45,2022-08-05T02:30:00,23035.07,39.65,0.009007901709785673,3,-2.564325363807979,-1.2502353395610533,2.4169738527455274e-05,confluence_lost
A,BTCUSDT/SOLUSDT,long_a_short_b,2022-08-05T11:00:00,23193.04,40.75,2022-08-05T11:30:00,23278.3,41.01,-0.005104265267310379,2,-2.644538055739108,-2.761312194704888,3.385201885468743e-05,confluence_lost
A,BTCUSDT/SOLUSDT,long_a_short_b,2022-08-05T14:00:00,23026.39,40.53,2022-08-05T14:30:00,23221.8,40.42,0.008800388776033022,2,-2.4820298830418754,-1.4629441359462476,3.385201885468743e-05,confluence_lost
A,BTCUSDT/SOLUSDT,short_a_long_b,2022-08-07T00:30:00,22995.55,39.39,2022-08-07T01:00:00,22864.59,39.52,0.00659534493806109,2,2.6772317623381503,1.226652666580851,6.960952972769619e-05,confluence_lost
A,BTCUSDT/SOLUSDT,long_a_short_b,2022-08-07T20:30:00,23244.3,41.26,2022-08-07T21:00:00,23267.17,41.28,-0.0019008338468414075,2,-3.344369240330992,-3.151698524159466,4.6171196995766835e-05,regime_break
A,BTCUSDT/SOLUSDT,long_a_short_b,2022-08-07T21:30:00,23323.92,41.22,2022-08-07T22:00:00,23290.19,40.95,0.0027040634918551044,2,-2.345982390451629,-1.4104459103493987,4.6171196995766835e-05,confluence_lost
A,BTCUSDT/SOLUSDT,long_a_short_b,2022-08-08T02:00:00,23204.61,41.1,2022-08-08T02:30:00,23238.23,41.47,-0.009953583055483814,2,-2.382854296761189,-3.355966362417806,5.8133153218929766e-05,regime_break
A,BTCUSDT/SOLUSDT,long_a_short_b,2022-08-08T03:00:00,23315.05,41.9,2022-08-08T03:30:00,23296.79,41.93,-0.0038991755635074264,2,-4.00981160202107,-3.840255092972223,5.8133153218929766e-05,regime_break
A,BTCUSDT/SOLUSDT,long_a_short_b,2022-08-08T04:00:00,23303.36,41.96,2022-08-08T04:30:00,23309.5,41.97,-0.002374840893914418,2,-3.5873624029367557,-3.332062174177337,5.8133153218929766e-05,regime_break
A,BTCUSDT/SOLUSDT,long_a_short_b,2022-08-08T05:00:00,23344.47,42.34,2022-08-08T05:30:00,23395.53,42.42,-0.002102224450758514,2,-3.791106671035888,-3.4750638627813686,5.8133153218929766e-05,regime_break
A,BTCUSDT/SOLUSDT,long_a_short_b,2022-08-08T06:00:00,23454.66,42.46,2022-08-08T06:30:00,23689.99,42.62,0.003865148139158905,2,-3.112923416132151,-2.428759842970565,5.8133153218929766e-05,confluence_lost
A,BTCUSDT/SOLUSDT,short_a_long_b,2022-08-10T00:30:00,23031.19,39.6,2022-08-10T01:00:00,22794.86,39.89,0.015184534496502547,2,2.4544099023474257,0.9230424923334668,5.8232873683163076e-05,confluence_lost
A,BTCUSDT/SOLUSDT,short_a_long_b,2022-08-10T02:00:00,22903.93,39.35,2022-08-10T02:30:00,22843.02,39.44,0.0025465353928862534,2,2.3617816382937993,1.8932840260922714,5.8232873683163076e-05,confluence_lost
A,BTCUSDT/SOLUSDT,long_a_short_b,2022-08-11T03:30:00,24337.09,43.82,2022-08-11T04:00:00,24337.72,43.97,-0.005797208062885459,2,-2.37475015823336,-2.5819469772843378,6.050943165065149e-05,confluence_lost
A,BTCUSDT/SOLUSDT,long_a_short_b,2022-08-11T04:30:00,24296.46,44.24,2022-08-11T05:00:00,24497.4,44.13,0.008356778230542108,2,-3.1148123127150917,-2.207885859694542,6.050943165065149e-05,confluence_lost
A,BTCUSDT/SOLUSDT,long_a_short_b,2022-08-11T05:30:00,24558.35,44.39,2022-08-11T06:00:00,24563.43,44.78,-0.010978908271285712,2,-2.4145081473404946,-2.923568485039321,6.050943165065149e-05,confluence_lost
A,BTCUSDT/SOLUSDT,long_a_short_b,2022-08-11T06:30:00,24560.16,44.82,2022-08-11T07:00:00,24550.14,44.95,-0.0057084686504882826,2,-2.875945519379987,-2.9592371616984376,6.050943165065149e-05,confluence_lost
A,BTCUSDT/SOLUSDT,long_a_short_b,2022-08-11T08:00:00,24394.91,44.42,2022-08-11T08:30:00,24442.88,44.35,0.0011422605359002326,2,-2.4424213210533434,-2.1406364687429895,6.928511350606227e-05,confluence_lost
A,BTCUSDT/SOLUSDT,long_a_short_b,2022-08-12T19:30:00,24233.83,44.65,2022-08-12T20:00:00,24153.42,44.57,-0.003926375478089425,2,-2.6481409921222334,-2.713129886478298,3.7541237239453667e-05,confluence_lost
A,BTCUSDT/SOLUSDT,long_a_short_b,2022-08-12T20:30:00,24092.51,44.81,2022-08-12T21:00:00,24213.58,44.51,0.009320147396650838,2,-3.273555629100934,-2.0912690649809687,3.7541237239453667e-05,confluence_lost
A,BTCUSDT/SOLUSDT,long_a_short_b,2022-08-12T22:00:00,24123.11,44.52,2022-08-12T22:30:00,24090.85,44.77,-0.009352760568451066,2,-2.369858498086359,-2.917592067564099,3.7541237239453667e-05,confluence_lost
A,BTCUSDT/SOLUSDT,long_a_short_b,2022-08-12T23:00:00,24222.61,45.1,2022-08-12T23:30:00,24377.27,45.48,-0.004440776966958812,2,-2.9595510810523185,-2.97012834204447,3.7541237239453667e-05,confluence_lost
A,BTCUSDT/SOLUSDT,long_a_short_b,2022-08-13T00:00:00,24383.25,46.12,2022-08-13T00:30:00,24393.57,47.05,-0.02214154614638013,2,-3.817681012646778,-4.678991741331997,3.7541237239453667e-05,regime_break
A,BTCUSDT/SOLUSDT,long_a_short_b,2022-08-13T01:00:00,24475.01,47.11,2022-08-13T01:30:00,24500.49,47.19,-0.0030570913752106387,2,-4.083887967843628,-3.7784823346220398,2.1289851186241742e-05,regime_break
A,BTCUSDT/SOLUSDT,long_a_short_b,2022-08-13T02:00:00,24554.35,47.39,2022-08-13T02:30:00,24554.21,47.67,-0.008314121135172423,2,-3.636481161605331,-3.6676516231736125,2.1289851186241742e-05,regime_break
A,BTCUSDT/SOLUSDT,long_a_short_b,2022-08-13T03:00:00,24648.16,47.18,2022-08-13T03:30:00,24731.69,47.42,-0.004098007291612624,2,-2.7671172732059457,-2.710347732828398,2.1289851186241742e-05,confluence_lost
A,BTCUSDT/SOLUSDT,long_a_short_b,2022-08-13T05:00:00,24723.46,47.78,2022-08-13T05:30:00,24698.3,47.96,-0.007184923552477726,2,-2.733548909403402,-2.79149366732588,2.1289851186241742e-05,confluence_lost
A,BTCUSDT/SOLUSDT,long_a_short_b,2022-08-13T06:00:00,24748.62,47.74,2022-08-13T06:30:00,24784.46,47.61,0.0017712449223031414,2,-2.407193648488019,-2.158149536863217,2.1289851186241742e-05,confluence_lost
A,BTCUSDT/SOLUSDT,long_a_short_b,2022-08-13T07:00:00,24678.81,47.73,2022-08-13T07:30:00,24653.29,47.16,0.008508089215783013,2,-2.338668487100479,-1.853078425683876,2.1289851186241742e-05,confluence_lost
A,BTCUSDT/SOLUSDT,short_a_long_b,2022-08-15T06:00:00,24814.81,44.68,2022-08-15T06:30:00,24404.37,43.9,-0.0033173527682208025,2,3.4549436135095832,3.290314055769992,7.642746800134271e-06,regime_break
A,BTCUSDT/SOLUSDT,short_a_long_b,2022-08-15T07:30:00,24066.24,43.83,2022-08-15T08:00:00,24034.09,43.93,0.001217438582266819,2,2.3019184076958252,2.009092741266872,7.642746800134271e-06,confluence_lost
A,BTCUSDT/SOLUSDT,short_a_long_b,2022-08-15T12:30:00,24176.09,43.6,2022-08-15T13:00:00,23945.99,44.01,0.016521337800956507,2,2.359088496444942,1.2271694524973762,8.337691955659988e-06,confluence_lost
A,BTCUSDT/SOLUSDT,short_a_long_b,2022-08-17T12:00:00,23743.53,41.98,2022-08-17T12:30:00,23571.36,42.13,0.00842436860986713,2,3.342193614753077,1.8853103166444287,9.045057044698172e-06,confluence_lost
A,BTCUSDT/SOLUSDT,short_a_long_b,2022-08-17T13:00:00,23670.24,41.85,2022-08-17T13:30:00,23663.22,41.39,-0.013095061858417398,2,3.1056435090788708,4.03353049854104,9.045057044698172e-06,regime_break
A,BTCUSDT/SOLUSDT,short_a_long_b,2022-08-17T14:00:00,23418.41,41.33,2022-08-17T14:30:00,23414.99,40.93,-0.011932160905128983,2,2.8525283731444047,3.590250975787236,9.045057044698172e-06,regime_break
A,BTCUSDT/SOLUSDT,short_a_long_b,2022-08-17T15:00:00,23351.24,41.2,2022-08-17T15:30:00,23449.63,41.11,-0.008797946759626571,2,2.5269667451409297,3.0101844435339875,9.045057044698172e-06,regime_break
A,BTCUSDT/SOLUSDT,short_a_long_b,2022-08-17T19:00:00,23449.58,40.86,2022-08-17T19:30:00,23317.8,40.76,0.0007723355543292755,2,2.9678839709571876,2.57523405659227,2.784393325698747e-05,confluence_lost
A,BTCUSDT/SOLUSDT,short_a_long_b,2022-08-17T20:30:00,23374.7,40.87,2022-08-17T21:00:00,23393.03,40.38,-0.015173415344435434,2,2.410394876937829,3.21488397042156,2.784393325698747e-05,regime_break
A,BTCUSDT/SOLUSDT,short_a_long_b,2022-08-17T21:30:00,23343.99,40.57,2022-08-17T22:00:00,23306.69,40.34,-0.0064713720332539165,2,2.5776412088910616,2.739713775956371,2.784393325698747e-05,confluence_lost
A,BTCUSDT/SOLUSDT,short_a_long_b,2022-08-17T22:30:00,23354.29,40.36,2022-08-17T23:30:00,23327.87,40.54,0.0031911309212711704,3,2.708716968737252,2.1437405658906132,2.784393325698747e-05,confluence_lost
A,BTCUSDT/SOLUSDT,short_a_long_b,2022-08-18T00:00:00,23354.7,40.31,2022-08-18T07:00:00,23361.93,40.92,0.012423147747246913,15,2.4723860373448927,1.0568427485272802,2.784393325698747e-05,confluence_lost
A,BTCUSDT/SOLUSDT,short_a_long_b,2022-08-18T23:00:00,23350.38,39.52,2022-08-18T23:30:00,23224.83,39.52,0.002976786159368652,2,2.321618646771491,1.9681915853034941,5.76003691456059e-05,confluence_lost
A,BTCUSDT/SOLUSDT,short_a_long_b,2022-08-19T00:00:00,23175.69,38.72,2022-08-19T00:30:00,22963.51,38.54,0.0021065226405003325,2,2.8120056254878256,2.489936405971223,6.702250933547126e-05,confluence_lost
A,BTCUSDT/SOLUSDT,short_a_long_b,2022-08-19T01:00:00,22911.48,37.89,2022-08-19T01:30:00,22794.01,38.17,0.010116936659831446,2,3.077338064527274,2.3740161223008975,6.702250933547126e-05,confluence_lost
A,BTCUSDT/SOLUSDT,short_a_long_b,2022-08-19T06:00:00,22812.81,37.95,2022-08-19T06:30:00,22728.12,35.95,-0.051388534357767066,2,2.318171375644162,4.316593420608985,6.702250933547126e-05,regime_break
A,BTCUSDT/SOLUSDT,short_a_long_b,2022-08-19T07:00:00,21938.69,36.19,2022-08-19T07:30:00,21916.42,36.65,0.011325795192711666,2,2.3474488785425764,1.7105972142520391,6.702250933547126e-05,confluence_lost
A,BTCUSDT/SOLUSDT,short_a_long_b,2022-08-20T19:30:00,21084.42,34.44,2022-08-20T20:00:00,20986.79,35.15,0.022845996575762986,2,2.3007038715570842,1.014095891545233,-6.591424505050623e-06,confluence_lost
A,BTCUSDT/SOLUSDT,short_a_long_b,2022-08-20T20:30:00,21104.72,34.38,2022-08-20T21:00:00,20847.12,34.51,0.013587068587802856,2,2.3358654126004392,1.5052701417261758,-6.591424505050623e-06,confluence_lost
A,BTCUSDT/SOLUSDT,short_a_long_b,2022-08-22T08:00:00,21091.84,34.26,2022-08-22T08:30:00,20932.62,34.4,0.009235289077435496,2,2.440159763006769,1.618146921810832,-3.285488953461767e-05,confluence_lost
A,BTCUSDT/SOLUSDT,short_a_long_b,2022-08-22T09:00:00,21173.3,34.35,2022-08-22T09:30:00,21135.38,34.49,0.003466626221342042,2,2.4205895873592342,1.990840456872775,-3.2698247415813746e-05,confluence_lost
A,BTCUSDT/SOLUSDT,short_a_long_b,2022-08-22T12:30:00,21270.3,34.3,2022-08-22T13:00:00,21212.55,34.27,-0.0005595821842165204,2,2.5164835400470835,2.336478591111362,-3.2698247415813746e-05,confluence_lost
A,BTCUSDT/SOLUSDT,short_a_long_b,2022-08-22T14:00:00,21306.49,34.23,2022-08-22T14:30:00,21233.99,34.17,-0.0007501293010007547,2,2.583691574680366,2.393003854876708,-3.2698247415813746e-05,confluence_lost
A,BTCUSDT/SOLUSDT,short_a_long_b,2022-08-26T00:30:00,21520.65,34.83,2022-08-26T01:00:00,21491.29,35.0,0.00384512090267626,2,2.458694991814649,1.6647589241384284,-1.2177002894280823e-06,confluence_lost
A,BTCUSDT/SOLUSDT,short_a_long_b,2022-08-26T05:00:00,21523.82,34.44,2022-08-26T05:30:00,21357.58,34.64,0.011130736992917847,2,3.5880196167190603,1.9430750399736647,-1.2177002894280823e-06,confluence_lost
A,BTCUSDT/SOLUSDT,short_a_long_b,2022-08-26T08:00:00,21450.37,34.58,2022-08-26T08:30:00,21399.12,34.61,0.0008567896754781558,2,2.3694320781130274,1.9662203492019514,-1.2177002894280823e-06,confluence_lost
A,BTCUSDT/SOLUSDT,short_a_long_b,2022-08-26T11:00:00,21413.91,34.29,2022-08-26T11:30:00,21175.25,34.25,0.007578571287147742,2,2.619549520445911,1.6229828677837832,6.179566441555936e-06,confluence_lost
A,BTCUSDT/SOLUSDT,short_a_long_b,2022-08-26T14:00:00,21726.08,34.69,2022-08-26T14:30:00,21373.17,34.15,-0.0017228342967992448,2,2.5670643137989058,2.4057212511182144,6.179566441555936e-06,confluence_lost
A,BTCUSDT/SOLUSDT,short_a_long_b,2022-08-26T15:00:00,21040.12,33.26,2022-08-26T15:30:00,20810.27,33.28,0.009125690261919853,2,3.118727075443767,2.1129257062444746,6.179566441555936e-06,confluence_lost
A,BTCUSDT/SOLUSDT,short_a_long_b,2022-08-26T16:00:00,20771.9,32.92,2022-08-26T16:30:00,20584.11,33.15,0.013627213123823825,2,2.69897729995138,1.4262447857022942,1.0581885010099062e-05,confluence_lost
A,BTCUSDT/SOLUSDT,short_a_long_b,2022-08-26T18:00:00,20657.55,32.64,2022-08-26T18:30:00,20594.62,32.94,0.009837520301294103,2,2.619806037402031,1.6985627265856353,1.0581885010099062e-05,confluence_lost
A,BTCUSDT/SOLUSDT,short_a_long_b,2022-08-26T21:00:00,20666.94,32.39,2022-08-26T21:30:00,20570.0,32.8,0.014948810972646845,2,2.716873800953864,1.5658244099068137,1.0581885010099062e-05,confluence_lost
A,BTCUSDT/SOLUSDT,short_a_long_b,2022-08-26T22:30:00,20670.57,32.3,2022-08-26T23:00:00,20617.12,31.82,-0.014674879174885011,2,2.64196505983481,3.1676012272678733,1.0581885010099062e-05,regime_break
A,BTCUSDT/SOLUSDT,short_a_long_b,2022-08-26T23:30:00,20293.72,31.72,2022-08-27T00:00:00,20230.57,31.79,0.00291860968753628,2,2.3538472312575927,1.993127887633004,1.0581885010099062e-05,confluence_lost
A,BTCUSDT/SOLUSDT,short_a_long_b,2022-08-28T23:00:00,19889.45,30.75,2022-08-28T23:30:00,19712.15,30.44,-0.0035670271654210527,2,2.85040792490602,2.893064907466087,-3.158782305175336e-05,confluence_lost
A,BTCUSDT/SOLUSDT,short_a_long_b,2022-08-29T00:00:00,19589.98,30.22,2022-08-29T00:30:00,19693.78,30.19,-0.008691347208256081,2,2.8805524065907058,3.4554481712363234,-5.484164015136372e-05,regime_break
A,BTCUSDT/SOLUSDT,short_a_long_b,2022-08-29T01:00:00,19636.94,30.16,2022-08-29T01:30:00,19597.18,30.33,0.0052613601590304065,2,3.048561279636375,2.057804488023348,-5.484164015136372e-05,confluence_lost
A,BTCUSDT/SOLUSDT,short_a_long_b,2022-08-29T04:00:00,19866.9,30.54,2022-08-29T04:30:00,19812.2,30.46,-0.0022661920226453723,2,2.5037869320899535,2.3887041933449664,-5.484164015136372e-05,confluence_lost
A,BTCUSDT/SOLUSDT,short_a_long_b,2022-08-29T05:00:00,19813.41,30.37,2022-08-29T05:30:00,19797.8,30.16,-0.008526868223279346,2,2.583401230159905,3.0135707906199176,-5.484164015136372e-05,regime_break
A,BTCUSDT/SOLUSDT,short_a_long_b,2022-08-31T23:00:00,20139.9,31.27,2022-08-31T23:30:00,20006.51,31.5,0.011578463532146602,2,3.30332471897624,1.4593904230784567,-4.2494661269605615e-06,confluence_lost
A,BTCUSDT/SOLUSDT,short_a_long_b,2022-09-01T02:30:00,20191.95,31.43,2022-09-01T03:00:00,20112.2,31.39,0.00027692434963928715,2,2.526859993721867,2.1398101116744863,1.7561526345697343e-05,confluence_lost
A,BTCUSDT/SOLUSDT,short_a_long_b,2022-09-01T03:30:00,20135.21,31.24,2022-09-01T04:00:00,20027.24,31.3,0.004882863115558925,2,2.6689240077798106,1.8423224589598772,1.7561526345697343e-05,confluence_lost
A,BTCUSDT/SOLUSDT,short_a_long_b,2022-09-01T14:30:00,19913.33,30.58,2022-09-01T15:00:00,19708.18,30.74,0.01313432223655682,2,2.729038627811786,1.268215960128089,1.8694520491097932e-05,confluence_lost
A,BTCUSDT/SOLUSDT,long_a_short_b,2022-09-04T02:00:00,19783.52,31.64,2022-09-04T02:30:00,19806.38,31.44,0.005076619725844347,2,-3.6693725126309293,-2.163066801788929,2.7555693802127274e-05,confluence_lost
A,BTCUSDT/SOLUSDT,long_a_short_b,2022-09-04T03:30:00,19761.12,31.43,2022-09-04T06:30:00,19734.94,31.28,0.001047686646235404,7,-2.3871174028207056,-1.481551548208031,2.7555693802127274e-05,confluence_lost
A,BTCUSDT/SOLUSDT,long_a_short_b,2022-09-04T10:00:00,19780.26,31.62,2022-09-04T11:00:00,19751.27,31.68,-0.005763135782328052,3,-2.357483371556954,-2.604103114492407,3.3572206290543434e-05,confluence_lost
A,BTCUSDT/SOLUSDT,long_a_short_b,2022-09-04T11:30:00,19758.02,31.86,2022-09-04T12:00:00,19888.29,31.74,0.007959750340652286,2,-3.112821422571016,-1.760445772743862,3.3572206290543434e-05,confluence_lost
A,BTCUSDT/SOLUSDT,long_a_short_b,2022-09-04T14:30:00,19718.54,31.69,2022-09-04T15:30:00,19737.1,31.82,-0.005560994297232155,3,-2.359353414165485,-2.538071463317111,3.3572206290543434e-05,confluence_lost
A,BTCUSDT/SOLUSDT,long_a_short_b,2022-09-06T00:00:00,19806.68,32.74,2022-09-06T00:30:00,19926.21,33.17,-0.009498948614460809,2,-3.6632965674534375,-4.155375085906745,3.4845606965949516e-05,regime_break
A,BTCUSDT/SOLUSDT,long_a_short_b,2022-09-06T01:00:00,20149.42,33.05,2022-09-06T01:30:00,20038.12,32.55,0.007204860844089292,2,-2.436372337478369,-1.3485027111612948,2.6557694306849623e-05,confluence_lost
A,BTCUSDT/SOLUSDT,long_a_short_b,2022-09-06T02:00:00,19752.62,32.48,2022-09-06T02:30:00,19724.81,32.82,-0.014275894789947438,2,-2.5765967701443264,-3.5557835178246515,2.6557694306849623e-05,regime_break
A,BTCUSDT/SOLUSDT,long_a_short_b,2022-09-06T03:00:00,19814.38,32.73,2022-09-06T04:30:00,19830.45,32.53,0.00452162903719984,4,-2.7021862558453367,-1.7605269779280521,2.6557694306849623e-05,confluence_lost
A,BTCUSDT/SOLUSDT,long_a_short_b,2022-09-06T05:00:00,19753.04,32.86,2022-09-06T06:00:00,19796.18,33.0,-0.004476531454711982,3,-2.8673196121939433,-2.7707827766260196,2.6557694306849623e-05,confluence_lost
A,BTCUSDT/SOLUSDT,long_a_short_b,2022-09-06T06:30:00,19818.81,33.07,2022-09-06T07:00:00,19867.52,33.18,-0.003268511460709209,2,-2.720244634015246,-2.6604504656025667,2.6557694306849623e-05,confluence_lost
A,BTCUSDT/SOLUSDT,long_a_short_b,2022-09-06T15:30:00,19781.67,33.79,2022-09-06T17:00:00,19749.58,31.85,0.05339122708495665,4,-3.0270296451476675,0.4638271362328339,2.1418206683105262e-05,z_mean_revert
A,BTCUSDT/SOLUSDT,long_a_short_b,2022-09-07T17:30:00,18913.18,32.11,2022-09-07T18:00:00,19000.2,31.99,0.005938177793997482,2,-2.3232902924285717,-1.62733679513418,-3.1096579414516454e-06,confluence_lost
A,BTCUSDT/SOLUSDT,long_a_short_b,2022-09-07T20:00:00,19011.94,32.5,2022-09-07T20:30:00,19223.99,32.66,0.0038304402876867118,2,-2.7993498249981545,-2.2153065279089916,-3.1096579414516454e-06,confluence_lost
A,BTCUSDT/SOLUSDT,long_a_short_b,2022-09-08T10:00:00,19184.41,33.05,2022-09-08T10:30:00,19291.26,33.03,0.003774770309055444,2,-2.3575713438658834,-1.852714380996273,6.583787171220609e-06,confluence_lost
A,BTCUSDT/SOLUSDT,long_a_short_b,2022-09-08T13:30:00,19098.24,33.1,2022-09-08T14:00:00,19196.79,33.21,-0.0005631014846967796,2,-2.448554180464086,-2.237768089943405,6.583787171220609e-06,confluence_lost
A,BTCUSDT/SOLUSDT,long_a_short_b,2022-09-08T14:30:00,19228.95,33.71,2022-09-08T15:00:00,19320.29,33.55,0.007096495425720398,2,-2.9308521644997128,-2.2507846377540948,6.583787171220609e-06,confluence_lost
A,BTCUSDT/SOLUSDT,long_a_short_b,2022-09-09T00:00:00,19315.44,34.18,2022-09-09T00:30:00,19381.67,34.18,0.0010288631271148786,2,-2.4889960366480763,-2.2224865416164072,1.7714056688727138e-05,confluence_lost
A,BTCUSDT/SOLUSDT,long_a_short_b,2022-09-09T02:00:00,19345.16,34.29,2022-09-09T02:30:00,19416.35,34.05,0.00827911534981414,2,-2.3023010862687663,-1.718697419329383,1.669315520234333e-05,confluence_lost
A,BTCUSDT/SOLUSDT,short_a_long_b,2022-09-09T17:00:00,21267.79,34.77,2022-09-09T17:30:00,21313.16,34.71,-0.0062588984369122275,2,2.4488357653263693,2.5513162827881852,4.960450129524473e-05,confluence_lost
A,BTCUSDT/SOLUSDT,short_a_long_b,2022-09-09T18:00:00,21234.56,34.52,2022-09-09T18:30:00,21178.01,34.52,0.0002631114560415894,2,2.545265417331994,2.3201335488482484,4.960450129524473e-05,confluence_lost
A,BTCUSDT/SOLUSDT,long_a_short_b,2022-09-11T16:30:00,21644.26,35.75,2022-09-11T17:00:00,21706.34,35.68,0.002426238884155454,2,-2.383600331364809,-1.7185781061456635,7.746666431999836e-05,confluence_lost
A,BTCUSDT/SOLUSDT,short_a_long_b,2022-09-12T00:30:00,21750.46,34.41,2022-09-12T01:00:00,21644.82,34.94,0.01785940804689075,2,2.8728297943290904,0.4537231993978451,8.247407224888761e-05,z_mean_revert
A,BTCUSDT/SOLUSDT,long_a_short_b,2022-09-12T09:30:00,22162.1,37.43,2022-09-12T10:00:00,22153.95,37.93,-0.01612601370228621,2,-4.436251548950842,-4.979421659239995,8.247094508246815e-05,regime_break
A,BTCUSDT/SOLUSDT,long_a_short_b,2022-09-12T10:30:00,22091.93,37.98,2022-09-12T11:00:00,22147.43,37.8,0.004851566071746263,2,-4.655973264784608,-3.741684503489821,8.247094508246815e-05,regime_break
A,BTCUSDT/SOLUSDT,long_a_short_b,2022-09-12T11:30:00,22229.03,37.71,2022-09-12T12:00:00,22301.05,37.57,0.004552450546369505,2,-3.105502873697992,-2.5190958398055567,8.247094508246815e-05,confluence_lost
A,BTCUSDT/SOLUSDT,long_a_short_b,2022-09-12T12:30:00,22305.42,37.94,2022-09-12T13:00:00,22333.26,37.91,-0.0003611506702511512,2,-2.979904287760457,-2.7120703955963106,8.247094508246815e-05,confluence_lost
A,BTCUSDT/SOLUSDT,long_a_short_b,2022-09-12T13:30:00,22347.43,38.06,2022-09-12T14:00:00,22397.73,37.9,0.004054706699973501,2,-2.7633175633881955,-2.299630154222583,8.247094508246815e-05,confluence_lost
A,BTCUSDT/SOLUSDT,long_a_short_b,2022-09-13T03:30:00,22189.31,38.79,2022-09-13T06:30:00,22429.94,38.29,0.021334331197577286,7,-2.6356877154643916,-1.35269188123256,8.931822603754246e-05,confluence_lost
A,BTCUSDT/SOLUSDT,short_a_long_b,2022-09-16T13:30:00,19734.28,32.03,2022-09-16T14:00:00,19573.16,32.14,0.009198753552973574,2,2.8822900964894145,1.7414371354511982,4.74055528715247e-05,confluence_lost
A,BTCUSDT/SOLUSDT,short_a_long_b,2022-09-16T16:00:00,19637.43,31.74,2022-09-16T16:30:00,19486.11,31.96,0.012237009599411389,2,3.0441663697598287,1.646993719116031,4.33576522334081e-05,confluence_lost
A,BTCUSDT/SOLUSDT,short_a_long_b,2022-09-16T17:00:00,19515.68,31.62,2022-09-16T17:30:00,19402.01,31.78,0.0084846357874135,2,2.6426291604940495,1.6560983358940489,4.33576522334081e-05,confluence_lost
A,BTCUSDT/SOLUSDT,long_a_short_b,2022-09-18T00:30:00,19995.91,33.67,2022-09-18T01:00:00,19988.15,33.76,-0.005461082035232143,2,-2.324681559876097,-2.616665141716907,4.167747340533651e-05,confluence_lost
A,BTCUSDT/SOLUSDT,short_a_long_b,2022-09-18T21:00:00,19707.97,31.41,2022-09-18T21:30:00,19442.93,31.36,0.009456516591448152,2,3.8978507834844507,2.6555111889517304,4.66483481094011e-05,confluence_lost
A,BTCUSDT/SOLUSDT,short_a_long_b,2022-09-18T22:00:00,19453.99,30.93,2022-09-18T22:30:00,19369.2,31.28,0.013274363482398036,2,3.733142102816474,2.3101120527452785,4.66483481094011e-05,confluence_lost
A,BTCUSDT/SOLUSDT,short_a_long_b,2022-09-18T23:00:00,19435.26,31.26,2022-09-18T23:30:00,19444.81,31.1,-0.008009737078713261,2,2.591903774465472,2.9370929889757296,4.66483481094011e-05,confluence_lost
A,BTCUSDT/SOLUSDT,short_a_long_b,2022-09-19T02:00:00,19464.66,30.87,2022-09-19T02:30:00,18804.8,30.8,0.02923283864088007,2,3.2005482420471374,0.797633145248816,4.423982630731196e-05,confluence_lost
A,BTCUSDT/SOLUSDT,short_a_long_b,2022-09-21T14:30:00,19430.28,31.69,2022-09-21T15:00:00,19251.85,31.51,0.0011030642425737393,2,3.6703014675422843,3.0226228670050346,3.046236453897205e-05,regime_break
A,BTCUSDT/SOLUSDT,short_a_long_b,2022-09-21T15:30:00,19255.87,31.51,2022-09-21T16:30:00,19253.27,31.68,0.0031301364242321684,3,2.90442623925756,2.0635308539105557,3.046236453897205e-05,confluence_lost
A,BTCUSDT/SOLUSDT,long_a_short_b,2022-09-21T18:30:00,18998.48,33.04,2022-09-21T19:00:00,19614.56,32.23,0.0545435958852752,2,-4.43014639139066,2.0079408952628004,2.976406130808937e-05,confluence_lost
A,BTCUSDT/SOLUSDT,short_a_long_b,2022-09-21T21:00:00,18890.36,30.55,2022-09-21T21:30:00,18514.82,30.69,0.02206263250322134,2,3.426752271200947,0.8147745462559122,2.976406130808937e-05,confluence_lost
A,BTCUSDT/SOLUSDT,long_a_short_b,2022-09-23T03:00:00,19323.49,33.07,2022-09-23T03:30:00,19420.87,33.0,0.004756184437776326,2,-2.3347696632351767,-1.581383003450981,1.8804382136979512e-05,confluence_lost
A,BTCUSDT/SOLUSDT,long_a_short_b,2022-09-23T20:00:00,18819.94,32.82,2022-09-23T20:30:00,18925.71,32.55,0.011446793975425876,2,-3.792700848384819,-2.2904737495417993,5.360922527308593e-06,confluence_lost
A,BTCUSDT/SOLUSDT,long_a_short_b,2022-09-23T21:00:00,18846.59,33.23,2022-09-23T21:30:00,18855.17,33.51,-0.010370866204796367,2,-4.505099199626264,-4.623176978114672,5.360922527308593e-06,regime_break
A,BTCUSDT/SOLUSDT,long_a_short_b,2022-09-23T22:00:00,19023.61,33.9,2022-09-23T22:30:00,19184.02,33.75,0.010456932279768363,2,-4.366533430582882,-3.154683573642612,5.360922527308593e-06,regime_break
A,BTCUSDT/SOLUSDT,long_a_short_b,2022-09-23T23:00:00,19338.13,33.81,2022-09-24T00:30:00,19219.05,33.63,-0.0032339138998304516,4,-2.574547290035863,-2.396247334050981,5.360922527308593e-06,confluence_lost
A,BTCUSDT/SOLUSDT,long_a_short_b,2022-09-24T01:00:00,19154.04,33.75,2022-09-24T01:30:00,19134.15,34.07,-0.012919904707077642,2,-2.723590198509252,-3.185074804929941,1.0718495299017794e-05,regime_break
A,BTCUSDT/SOLUSDT,long_a_short_b,2022-09-24T02:00:00,19127.72,34.37,2022-09-24T02:30:00,19185.58,34.11,0.008189665953934847,2,-3.4655414772310884,-2.7107683545647396,1.0718495299017794e-05,confluence_lost
A,BTCUSDT/SOLUSDT,long_a_short_b,2022-09-24T03:00:00,19134.11,34.07,2022-09-24T03:30:00,19110.01,33.98,-0.0010179105605206272,2,-2.665892313644826,-2.489798902805585,1.0718495299017794e-05,confluence_lost
A,BTCUSDT/SOLUSDT,long_a_short_b,2022-09-24T11:00:00,19033.72,34.63,2022-09-24T11:30:00,19088.84,34.48,0.004827417623712041,2,-2.428713921922472,-2.067676245663816,1.2061051899236062e-05,confluence_lost
A,BTCUSDT/SOLUSDT,short_a_long_b,2022-09-25T19:30:00,18973.04,32.73,2022-09-25T20:00:00,18920.95,32.53,-0.005765127262914824,2,2.3744082256925236,2.6174227632530216,2.3421342114017035e-05,confluence_lost
A,BTCUSDT/SOLUSDT,short_a_long_b,2022-09-25T20:30:00,18929.83,32.51,2022-09-25T21:00:00,18909.86,32.44,-0.003498234912017659,2,2.7094337288624377,2.680228598949662,2.3421342114017035e-05,confluence_lost
A,BTCUSDT/SOLUSDT,short_a_long_b,2022-09-25T21:30:00,18882.23,32.18,2022-09-25T22:00:00,18728.82,32.5,0.015668634668667372,2,3.082710214691356,1.4731954857656206,2.3421342114017035e-05,confluence_lost
A,BTCUSDT/SOLUSDT,short_a_long_b,2022-09-25T22:30:00,18871.4,32.29,2022-09-25T23:00:00,18776.13,32.53,0.010081021773119828,2,2.5709621449818525,1.5094341665516704,2.3421342114017035e-05,confluence_lost
A,BTCUSDT/SOLUSDT,short_a_long_b,2022-09-26T00:30:00,18870.8,32.3,2022-09-26T01:00:00,18781.41,32.24,0.000479362949792408,2,2.356246613774748,2.0602637192027595,1.6749932755346582e-05,confluence_lost
A,BTCUSDT/SOLUSDT,short_a_long_b,2022-09-26T11:00:00,19118.69,32.26,2022-09-26T12:30:00,18902.22,32.87,0.027831293939896876,4,2.387402226607915,0.349752167406635,2.1241058809714008e-05,z_mean_revert
A,BTCUSDT/SOLUSDT,short_a_long_b,2022-09-27T16:00:00,19924.33,33.44,2022-09-27T16:30:00,19462.75,32.94,0.005814497914102115,2,2.680419196439254,1.8627344524066396,4.2140168959851725e-05,confluence_lost
A,BTCUSDT/SOLUSDT,short_a_long_b,2022-09-28T02:00:00,18992.84,31.81,2022-09-28T02:30:00,18611.53,32.22,0.030565541651219122,2,2.4956779938132105,-0.2692496024268848,4.278479356830537e-05,z_mean_revert
A,BTCUSDT/SOLUSDT,long_a_short_b,2022-09-29T14:30:00,18946.07,33.93,2022-09-29T15:00:00,19203.92,33.77,0.015925273563795098,2,-4.431839370688018,-2.3986395291582427,4.850415932898966e-05,confluence_lost
A,BTCUSDT/SOLUSDT,long_a_short_b,2022-09-29T15:30:00,19272.67,34.11,2022-09-29T16:00:00,19305.1,33.79,0.008664106755047432,2,-2.890213915298983,-1.7795819753511095,4.850415932898966e-05,confluence_lost
A,BTCUSDT/SOLUSDT,long_a_short_b,2022-09-29T16:30:00,19233.55,34.13,2022-09-29T18:00:00,19217.37,33.76,0.0075996640749446814,4,-2.9828064798289953,-1.8875079264299346,5.2581012811436404e-05,confluence_lost
A,BTCUSDT/SOLUSDT,long_a_short_b,2022-09-30T14:30:00,19597.3,35.06,2022-09-30T15:00:00,20070.07,34.93,0.02543217086882972,2,-2.3138891069351355,-0.18619952979187163,7.131443984889364e-05,z_mean_revert
A,BTCUSDT/SOLUSDT,short_a_long_b,2022-09-30T22:00:00,19321.45,32.73,2022-09-30T22:30:00,19335.7,32.82,-0.00038775143497686614,2,2.3642930884540365,2.1775012072156734,7.768900877136171e-05,confluence_lost
A,BTCUSDT/SOLUSDT,short_a_long_b,2022-10-01T00:30:00,19433.57,32.83,2022-10-01T03:30:00,19380.47,33.08,0.00794737154184906,7,2.5631806733768707,1.4601245001821512,6.753145126661467e-05,confluence_lost
A,BTCUSDT/SOLUSDT,short_a_long_b,2022-10-02T22:30:00,19197.2,32.22,2022-10-02T23:00:00,19166.24,32.06,-0.005753124523914341,2,2.6309455424668675,3.164285915460657,6.242403430097025e-05,regime_break
A,BTCUSDT/SOLUSDT,short_a_long_b,2022-10-03T05:00:00,19097.75,31.99,2022-10-03T06:00:00,19268.93,32.27,-0.0026106243283037654,3,2.38430980492948,2.3214438507776842,5.743202667853241e-05,confluence_lost
A,BTCUSDT/SOLUSDT,long_a_short_b,2022-10-04T14:30:00,20075.14,34.28,2022-10-04T15:00:00,20098.6,34.22,0.0005189012492666368,2,-2.405048005020212,-1.7347261801263256,8.266149307348825e-05,confluence_lost
A,BTCUSDT/SOLUSDT,short_a_long_b,2022-10-05T08:00:00,20217.72,33.64,2022-10-05T09:00:00,20124.07,33.75,0.005501991994811564,3,2.8382048237274167,1.3022430641550058,9.184210167929558e-05,confluence_lost
A,BTCUSDT/SOLUSDT,long_a_short_b,2022-10-06T14:30:00,19902.62,34.04,2022-10-06T15:00:00,20079.4,33.95,0.009126195959997599,2,-2.854688561420701,-0.6371691211076077,9.616164729217886e-05,confluence_lost
A,BTCUSDT/SOLUSDT,short_a_long_b,2022-10-07T06:00:00,19962.98,33.23,2022-10-07T06:30:00,19850.82,33.22,0.002917466765801582,2,2.300642312884892,1.127187299248239,9.767803354712055e-05,confluence_lost
A,BTCUSDT/SOLUSDT,short_a_long_b,2022-10-07T10:00:00,19975.62,33.19,2022-10-07T10:30:00,19953.68,33.27,0.0011087034427296884,2,2.468521404205015,1.7135858712983507,9.819402609220487e-05,confluence_lost
A,BTCUSDT/SOLUSDT,short_a_long_b,2022-10-07T12:00:00,19993.79,33.17,2022-10-07T12:30:00,19813.53,32.79,-0.004840335656087255,2,2.570637642315334,2.8948263017299274,9.819402609220487e-05,confluence_lost
A,BTCUSDT/SOLUSDT,long_a_short_b,2022-10-10T00:30:00,19417.08,33.29,2022-10-10T01:00:00,19509.28,33.2,0.00505191134126555,2,-4.381130731632419,-2.324038375285359,4.896102331953156e-05,confluence_lost
A,BTCUSDT/SOLUSDT,long_a_short_b,2022-10-10T02:30:00,19476.46,33.18,2022-10-10T04:00:00,19444.7,33.06,-0.0004140499519576378,4,-2.3624699830907594,-1.7479805474351424,4.896102331953156e-05,confluence_lost
A,BTCUSDT/SOLUSDT,short_a_long_b,2022-10-10T23:30:00,19176.33,31.96,2022-10-11T00:00:00,19103.78,31.5,-0.013009681293923589,2,2.6944464894223663,4.369416239124731,6.233024867477835e-05,regime_break
A,BTCUSDT/SOLUSDT,short_a_long_b,2022-10-11T00:30:00,19036.78,31.54,2022-10-11T01:00:00,19030.28,31.66,0.0017461367529049833,2,3.284028397950954,2.4701911998154302,7.070130452482761e-05,confluence_lost
A,BTCUSDT/SOLUSDT,short_a_long_b,2022-10-11T01:30:00,19044.95,31.49,2022-10-11T02:00:00,19027.91,31.49,-0.0015052746266070315,2,3.3071651752778117,3.013932417567492,7.070130452482761e-05,regime_break
A,BTCUSDT/SOLUSDT,short_a_long_b,2022-10-11T02:30:00,19029.48,31.47,2022-10-11T03:00:00,19052.21,31.41,-0.005501040179666947,2,2.9737611062960347,3.2280844021950403,7.070130452482761e-05,regime_break
A,BTCUSDT/SOLUSDT,short_a_long_b,2022-10-11T03:30:00,19053.7,31.36,2022-10-11T04:00:00,19043.24,31.33,-0.002807657913246928,2,3.2451484012958374,3.107304920022242,7.070130452482761e-05,regime_break
A,BTCUSDT/SOLUSDT,short_a_long_b,2022-10-11T04:30:00,19027.31,31.35,2022-10-11T07:30:00,19095.59,31.56,0.0007100384169790998,7,2.7749557741645625,1.9611618370981305,7.070130452482761e-05,confluence_lost
A,BTCUSDT/SOLUSDT,short_a_long_b,2022-10-11T09:00:00,19104.5,31.38,2022-10-11T09:30:00,19084.19,31.37,-0.001655573998170776,2,2.354385162262752,2.2000142211901133,7.721212574153259e-05,confluence_lost
A,BTCUSDT/SOLUSDT,short_a_long_b,2022-10-11T23:00:00,19040.27,30.51,2022-10-12T00:30:00,19096.91,31.04,0.01199660592249581,4,2.9502981913232387,1.7680599636668208,8.227609779896979e-05,confluence_lost
A,BTCUSDT/SOLUSDT,short_a_long_b,2022-10-13T02:00:00,19111.0,30.61,2022-10-13T02:30:00,19038.18,30.82,0.008270874094089845,2,2.946624118986743,1.4715328213943966,8.788282134054664e-05,confluence_lost
A,BTCUSDT/SOLUSDT,short_a_long_b,2022-10-13T05:00:00,19085.67,30.62,2022-10-13T07:00:00,19053.83,30.11,-0.017387513191564327,5,2.313538148700106,3.5443723959692357,8.788282134054664e-05,regime_break
A,BTCUSDT/SOLUSDT,short_a_long_b,2022-10-13T07:30:00,19035.49,29.72,2022-10-13T08:00:00,19004.01,29.72,-0.0007462469313895136,2,4.343197953333482,3.826054904005191,8.788282134054664e-05,regime_break
A,BTCUSDT/SOLUSDT,short_a_long_b,2022-10-13T08:30:00,19017.77,29.71,2022-10-13T09:00:00,19006.38,29.66,-0.0034840214962680725,2,3.6156201311551994,3.4364835942660723,9.057552770931405e-05,regime_break
A,BTCUSDT/SOLUSDT,short_a_long_b,2022-10-13T09:30:00,19014.97,29.44,2022-10-13T10:00:00,18991.23,28.73,-0.02526835782058072,2,3.728048685143437,4.7343034062345595,9.057552770931405e-05,regime_break
A,BTCUSDT/SOLUSDT,short_a_long_b,2022-10-13T10:30:00,18634.53,28.91,2022-10-13T11:00:00,18666.58,28.85,-0.006195331755192976,2,2.911122309885388,2.971011049216734,9.057552770931405e-05,confluence_lost
A,BTCUSDT/SOLUSDT,short_a_long_b,2022-10-13T11:30:00,18707.32,28.8,2022-10-13T12:00:00,18760.76,29.67,0.024951697535153985,2,3.0218854727187474,1.4444249102220392,9.057552770931405e-05,confluence_lost
A,BTCUSDT/SOLUSDT,short_a_long_b,2022-10-13T13:00:00,18362.41,28.31,2022-10-13T13:30:00,18324.29,28.98,0.023342529145281746,2,2.6820964217763517,1.277251916180937,9.057552770931405e-05,confluence_lost
A,BTCUSDT/SOLUSDT,long_a_short_b,2022-10-16T19:30:00,19174.28,30.38,2022-10-16T20:00:00,19374.67,30.28,0.01134261836045787,2,-4.074568861494382,-0.11952366995692462,3.975242902112401e-05,z_mean_revert
A,BTCUSDT/SOLUSDT,long_a_short_b,2022-10-16T20:30:00,19270.09,30.34,2022-10-16T21:00:00,19333.6,30.29,0.0025437706349998447,2,-2.3212633717416624,-0.8454019179469333,3.975242902112401e-05,confluence_lost
A,BTCUSDT/SOLUSDT,long_a_short_b,2022-10-16T22:00:00,19118.3,30.15,2022-10-16T22:30:00,19287.3,30.27,0.0024595985878236993,2,-2.6857020698577014,-1.2678875853266152,3.975242902112401e-05,confluence_lost
A,BTCUSDT/SOLUSDT,long_a_short_b,2022-10-17T04:30:00,19183.28,30.28,2022-10-17T05:00:00,19239.43,30.24,0.0018480320833334641,2,-2.995684247868695,-1.7566011654421523,3.1654111460874234e-05,confluence_lost
A,BTCUSDT/SOLUSDT,long_a_short_b,2022-10-17T05:30:00,19240.16,30.32,2022-10-17T06:00:00,19276.53,30.25,0.001799024044451938,2,-2.427711783742922,-1.2470190173830489,3.1654111460874234e-05,confluence_lost
A,BTCUSDT/SOLUSDT,long_a_short_b,2022-10-17T10:00:00,19361.39,30.56,2022-10-17T10:30:00,19415.01,30.61,-0.0012666963934313967,2,-2.488853992932765,-2.1244976831508584,3.53754200251244e-05,confluence_lost
A,BTCUSDT/SOLUSDT,long_a_short_b,2022-10-17T13:00:00,19534.77,30.85,2022-10-17T13:30:00,19602.66,31.0,-0.0037868949688247143,2,-2.3138528455080905,-2.524382419680205,3.53754200251244e-05,confluence_lost
A,BTCUSDT/SOLUSDT,long_a_short_b,2022-10-17T15:00:00,19474.39,30.81,2022-10-17T15:30:00,19535.22,30.93,-0.003171249844188304,2,-2.3688839903880448,-2.424486187412397,3.53754200251244e-05,confluence_lost
A,BTCUSDT/SOLUSDT,long_a_short_b,2022-10-17T17:00:00,19510.28,30.95,2022-10-17T17:30:00,19502.99,30.86,0.00013426681987178902,2,-2.5403780284211677,-1.9939516771522363,4.1865326686207864e-05,confluence_lost
A,BTCUSDT/SOLUSDT,long_a_short_b,2022-10-17T22:00:00,19536.88,31.12,2022-10-17T22:30:00,19574.21,31.01,0.0030454495864066923,2,-2.696388003301791,-1.7457123845669742,4.1865326686207864e-05,confluence_lost
A,BTCUSDT/SOLUSDT,long_a_short_b,2022-10-17T23:00:00,19518.47,31.1,2022-10-18T00:00:00,19562.89,31.38,-0.009127422300707885,3,-2.5708910150434874,-3.2900318089053004,4.1865326686207864e-05,regime_break
A,BTCUSDT/SOLUSDT,long_a_short_b,2022-10-18T00:30:00,19597.26,31.34,2022-10-18T01:00:00,19587.02,31.23,0.0005873694864059887,2,-2.7001932511289732,-2.191678373817176,5.4784142978161675e-05,confluence_lost
A,BTCUSDT/SOLUSDT,short_a_long_b,2022-10-18T18:30:00,19393.58,29.9,2022-10-18T19:00:00,19173.04,29.91,0.009306252644287041,2,2.8486245678081827,1.2433021847594494,7.264719760407312e-05,confluence_lost
A,BTCUSDT/SOLUSDT,short_a_long_b,2022-10-19T22:30:00,19181.58,29.18,2022-10-19T23:00:00,19145.64,29.09,-0.0036106317634188455,2,2.7619368553107493,2.764879092243479,8.390127404416608e-05,confluence_lost
A,BTCUSDT/SOLUSDT,short_a_long_b,2022-10-19T23:30:00,19127.36,28.86,2022-10-20T00:00:00,19124.22,28.86,-0.002235837250932724,2,3.254830721622467,3.111974562899182,8.390127404416608e-05,regime_break
A,BTCUSDT/SOLUSDT,short_a_long_b,2022-10-20T00:30:00,19146.1,28.64,2022-10-20T01:00:00,18947.36,28.87,0.0160109081216971,2,3.6569451571389835,2.0180065108969587,8.747876870101807e-05,confluence_lost
A,BTCUSDT/SOLUSDT,short_a_long_b,2022-10-20T01:30:00,19010.07,28.79,2022-10-20T02:00:00,19037.44,28.9,-1.8992140194782226e-05,2,2.448458230426478,2.183556135494177,8.747876870101807e-05,confluence_lost
A,BTCUSDT/SOLUSDT,short_a_long_b,2022-10-20T18:00:00,19090.88,28.25,2022-10-20T18:30:00,18990.85,28.47,0.010627285270401868,2,2.9554209781370466,1.93264130500669,6.798147736234427e-05,confluence_lost
A,BTCUSDT/SOLUSDT,short_a_long_b,2022-10-20T19:30:00,19050.82,28.26,2022-10-20T20:00:00,19064.87,28.24,-0.0038452151464565686,2,2.5138946026003604,2.5202538361361433,6.798147736234427e-05,confluence_lost
A,BTCUSDT/SOLUSDT,short_a_long_b,2022-10-20T23:30:00,19023.47,28.01,2022-10-21T00:00:00,19045.94,27.64,-0.0167907405314746,2,2.3441150149550363,3.0275774622427485,6.798147736234427e-05,regime_break
A,BTCUSDT/SOLUSDT,short_a_long_b,2022-10-21T01:00:00,19038.38,27.87,2022-10-21T01:30:00,19041.55,28.03,0.003174434315317234,2,2.3521428482397035,1.9854919393573882,6.333670461515666e-05,confluence_lost
A,BTCUSDT/SOLUSDT,long_a_short_b,2022-10-23T02:00:00,19183.44,28.48,2022-10-23T04:30:00,19218.14,28.28,0.006431323711457562,6,-2.626475246701043,-1.351804984228517,3.993736302104762e-05,confluence_lost
A,BTCUSDT/SOLUSDT,long_a_short_b,2022-10-23T07:30:00,19155.36,28.42,2022-10-23T08:00:00,19160.45,28.38,-0.0007268184942140076,2,-2.3085761499736956,-2.0306040084679733,3.993736302104762e-05,confluence_lost
A,BTCUSDT/SOLUSDT,long_a_short_b,2022-10-23T23:30:00,19541.52,29.28,2022-10-24T00:00:00,19564.23,29.34,-0.0032870394094551146,2,-2.6603803220783617,-2.6313017892031696,3.768136775347325e-05,confluence_lost
A,BTCUSDT/SOLUSDT,long_a_short_b,2022-10-25T15:30:00,19640.47,29.69,2022-10-25T16:00:00,19754.51,30.57,-0.02623323093546008,2,-3.0256570109784127,-5.139154749446727,5.9963660482525106e-05,regime_break
A,BTCUSDT/SOLUSDT,long_a_short_b,2022-10-25T16:30:00,19802.04,31.36,2022-10-25T17:00:00,19926.97,31.52,-0.0011930948693433118,2,-6.029854054834763,-5.026703173353454,4.626951370863064e-05,regime_break
A,BTCUSDT/SOLUSDT,long_a_short_b,2022-10-25T17:30:00,19992.97,32.15,2022-10-25T18:00:00,20144.55,31.94,0.01171354675927512,2,-5.236440693792698,-3.928095147576659,4.626951370863064e-05,regime_break
A,BTCUSDT/SOLUSDT,long_a_short_b,2022-10-25T18:30:00,20361.77,31.62,2022-10-25T19:00:00,20279.03,31.61,-0.00614724189232356,2,-2.589930495712666,-2.6665173868451966,4.626951370863064e-05,confluence_lost
A,BTCUSDT/SOLUSDT,long_a_short_b,2022-10-28T17:00:00,20699.31,32.18,2022-10-28T17:30:00,20687.33,31.88,0.006343797343182869,2,-3.169660160159787,-1.9837667193065787,8.889485083839215e-06,confluence_lost
A,BTCUSDT/SOLUSDT,long_a_short_b,2022-10-28T19:30:00,20567.09,32.01,2022-10-28T20:00:00,20618.96,32.23,-0.006750862005598976,2,-2.892112293014395,-3.2032773703584336,8.889485083839215e-06,regime_break
A,BTCUSDT/SOLUSDT,long_a_short_b,2022-10-28T20:30:00,20676.61,32.32,2022-10-28T21:00:00,20628.42,32.29,-0.003802435027016646,2,-3.0153695287202633,-2.985606975404724,8.889485083839215e-06,confluence_lost
A,BTCUSDT/SOLUSDT,long_a_short_b,2022-10-28T21:30:00,20618.74,32.21,2022-10-28T22:00:00,20608.13,32.11,0.0001900454671999864,2,-2.653143040312733,-2.3024587462189383,8.889485083839215e-06,confluence_lost
A,BTCUSDT/SOLUSDT,long_a_short_b,2022-10-28T22:30:00,20605.51,32.16,2022-10-28T23:00:00,20629.65,32.29,-0.005270757253208289,2,-2.3699257248968317,-2.526256767200568,8.889485083839215e-06,confluence_lost
A,BTCUSDT/SOLUSDT,long_a_short_b,2022-10-29T03:00:00,20740.21,32.59,2022-10-29T03:30:00,20762.6,32.89,-0.010525732210602975,2,-2.342683901243024,-2.8377404412714755,1.2434043954097167e-05,confluence_lost
A,BTCUSDT/SOLUSDT,long_a_short_b,2022-10-29T04:30:00,20668.64,32.65,2022-10-29T05:00:00,20683.4,32.98,-0.011793072188836892,2,-2.4283077503214083,-2.9408356287716138,1.2434043954097167e-05,confluence_lost
A,BTCUSDT/SOLUSDT,long_a_short_b,2022-10-29T05:30:00,20698.76,32.77,2022-10-29T06:00:00,20658.96,32.8,-0.005238291965265415,2,-2.3491604911528627,-2.4460089665667484,1.2434043954097167e-05,confluence_lost
A,BTCUSDT/SOLUSDT,long_a_short_b,2022-10-29T07:30:00,20742.03,33.29,2022-10-29T08:00:00,20758.14,33.61,-0.011235812381485341,2,-2.802701765652528,-3.1242774553692194,1.2434043954097167e-05,regime_break
A,BTCUSDT/SOLUSDT,long_a_short_b,2022-10-29T08:30:00,20950.68,33.65,2022-10-29T09:00:00,20926.52,33.58,-0.00147294678525127,2,-2.5455812829607725,-2.391191255645637,2.023758974207557e-05,confluence_lost
A,BTCUSDT/SOLUSDT,long_a_short_b,2022-10-29T09:30:00,20901.46,33.61,2022-10-29T10:00:00,20937.29,33.36,0.006752496738544125,2,-2.3985516944190897,-1.8660162219283827,2.023758974207557e-05,confluence_lost
A,BTCUSDT/SOLUSDT,long_a_short_b,2022-10-31T05:30:00,20581.4,33.37,2022-10-31T06:00:00,20549.64,32.97,0.008043673609839888,2,-2.5000657805059143,-1.3323214555276166,2.308561890624844e-05,confluence_lost
A,BTCUSDT/SOLUSDT,long_a_short_b,2022-10-31T06:30:00,20480.33,33.23,2022-10-31T07:00:00,20520.58,33.15,0.0019727634995331945,2,-2.435397842316912,-1.9198908714151046,2.308561890624844e-05,confluence_lost
A,BTCUSDT/SOLUSDT,long_a_short_b,2022-10-31T07:30:00,20503.84,33.41,2022-10-31T08:00:00,20539.24,33.27,0.003516868031283107,2,-2.69992499204017,-2.1102262433828853,2.308561890624844e-05,confluence_lost
A,BTCUSDT/SOLUSDT,long_a_short_b,2022-10-31T08:30:00,20486.15,33.3,2022-10-31T09:00:00,20480.16,33.65,-0.013202903175799127,2,-2.389311082912476,-3.2354264031146855,2.649325914930434e-05,regime_break
A,BTCUSDT/SOLUSDT,long_a_short_b,2022-10-31T09:30:00,20530.77,33.96,2022-10-31T10:30:00,20771.7,34.32,-0.0012656378391114197,3,-3.586285619798872,-3.117453850796282,2.649325914930434e-05,regime_break
A,BTCUSDT/SOLUSDT,long_a_short_b,2022-10-31T11:00:00,20772.84,34.21,2022-10-31T13:30:00,20690.08,32.76,0.03600121906399052,6,-2.7231377037310907,0.2923806219914916,2.649325914930434e-05,z_mean_revert
A,BTCUSDT/SOLUSDT,short_a_long_b,2022-11-02T07:00:00,20475.76,31.66,2022-11-02T08:30:00,20452.82,31.9,0.0063008924070495215,4,2.3726124914988596,1.5920709596509368,1.9368230224429847e-05,confluence_lost
A,BTCUSDT/SOLUSDT,short_a_long_b,2022-11-02T09:00:00,20527.46,31.64,2022-11-02T10:30:00,20388.74,31.39,-0.0035436135013563884,4,2.39131604905803,2.2937098988522675,1.773751239677877e-05,confluence_lost
A,BTCUSDT/SOLUSDT,short_a_long_b,2022-11-02T11:00:00,20414.83,31.36,2022-11-02T12:30:00,20398.95,31.24,-0.005448664717696602,4,2.410946487555734,2.4223597469671274,1.773751239677877e-05,confluence_lost
A,BTCUSDT/SOLUSDT,short_a_long_b,2022-11-02T20:00:00,20217.56,30.41,2022-11-02T20:30:00,20146.46,30.29,-0.00282932552206143,2,2.7077358523341335,2.6079621723301174,2.723139853082793e-05,confluence_lost
A,BTCUSDT/SOLUSDT,short_a_long_b,2022-11-02T21:00:00,20162.95,30.35,2022-11-02T21:30:00,20122.3,30.51,0.0048879027023538,2,2.432672426679812,1.9591143050602402,2.723139853082793e-05,confluence_lost
A,BTCUSDT/SOLUSDT,long_a_short_b,2022-11-04T12:30:00,20428.19,32.95,2022-11-04T13:00:00,20772.02,33.41,0.00047060713859110826,2,-3.152073125634407,-2.778388969470493,2.992597360002075e-05,confluence_lost
A,BTCUSDT/SOLUSDT,long_a_short_b,2022-11-04T14:00:00,20769.93,33.74,2022-11-04T14:30:00,21201.45,33.73,0.01867257353765657,2,-3.242577680245528,-1.7187072133357324,2.992597360002075e-05,confluence_lost
A,BTCUSDT/SOLUSDT,long_a_short_b,2022-11-05T00:30:00,21126.95,34.92,2022-11-05T01:00:00,21412.59,34.73,0.016561180120784405,2,-3.678148057520363,-2.3116168662346213,3.982534205433354e-05,confluence_lost
A,BTCUSDT/SOLUSDT,long_a_short_b,2022-11-05T01:30:00,21373.65,34.76,2022-11-05T02:00:00,21368.69,34.89,-0.006371992395258805,2,-2.38807550784385,-2.523676552199479,3.982534205433354e-05,confluence_lost
A,BTCUSDT/SOLUSDT,long_a_short_b,2022-11-05T06:30:00,21410.0,35.2,2022-11-05T07:00:00,21402.21,35.22,-0.003332030487028168,2,-2.3224224280576085,-2.279522811342122,3.982534205433354e-05,confluence_lost
A,BTCUSDT/SOLUSDT,long_a_short_b,2022-11-05T15:00:00,21276.65,36.93,2022-11-05T15:30:00,21309.39,37.24,-0.00925548333357322,2,-3.5252092327151074,-3.5197095050668383,4.106637715337053e-05,regime_break
A,BTCUSDT/SOLUSDT,long_a_short_b,2022-11-05T16:00:00,21314.09,38.46,2022-11-05T16:30:00,21340.4,37.71,0.01833517474380693,2,-4.228541399750708,-3.2833475675974664,4.106637715337053e-05,regime_break
A,BTCUSDT/SOLUSDT,long_a_short_b,2022-11-05T17:00:00,21324.1,37.1,2022-11-05T17:30:00,21300.64,36.86,0.0029688390308318514,2,-2.6569154617087896,-2.391988308410509,5.4162737785954855e-05,confluence_lost
A,BTCUSDT/SOLUSDT,short_a_long_b,2022-11-06T23:00:00,21131.52,32.73,2022-11-06T23:30:00,20997.67,32.62,0.0005733086698149338,2,2.561989294417455,2.4040441924155775,6.628839377308986e-05,confluence_lost
A,BTCUSDT/SOLUSDT,short_a_long_b,2022-11-07T00:30:00,20915.89,32.39,2022-11-07T01:00:00,20869.29,32.65,0.007855140053352708,2,2.3720569496474235,1.9897117234895492,6.891986182351434e-05,confluence_lost
A,BTCUSDT/SOLUSDT,short_a_long_b,2022-11-07T07:30:00,20792.53,30.78,2022-11-07T08:00:00,20621.97,31.24,0.020747715292576976,2,2.7044058656789156,2.068906306402716,6.891986182351434e-05,confluence_lost
A,BTCUSDT/SOLUSDT,short_a_long_b,2022-11-07T22:00:00,20671.0,28.86,2022-11-07T22:30:00,20466.16,29.42,0.026913554501499085,2,2.8744890199903255,2.200959222677673,8.11984349302741e-05,confluence_lost
A,BTCUSDT/SOLUSDT,short_a_long_b,2022-11-08T00:30:00,20593.6,29.06,2022-11-08T01:00:00,20506.72,29.31,0.010421676990313447,2,2.3086337379017605,1.9976471450828146,7.763211605687986e-05,confluence_lost
A,BTCUSDT/SOLUSDT,short_a_long_b,2022-11-08T02:30:00,20647.76,27.79,2022-11-08T03:00:00,20430.96,26.69,-0.03148265534166565,2,2.840397786030378,3.176028470013483,7.763211605687986e-05,regime_break
A,BTCUSDT/SOLUSDT,short_a_long_b,2022-11-08T03:30:00,20403.78,26.5,2022-11-08T04:00:00,20119.67,27.63,0.054165890112444395,2,3.0897215857822693,2.105488967365456,7.763211605687986e-05,confluence_lost
A,BTCUSDT/SOLUSDT,short_a_long_b,2022-11-08T05:00:00,19652.38,25.63,2022-11-08T05:30:00,19556.1,26.18,0.023958379631569507,2,2.7324305405898457,2.246373430713689,7.763211605687986e-05,confluence_lost
A,BTCUSDT/SOLUSDT,short_a_long_b,2022-11-08T17:30:00,19754.47,25.5,2022-11-08T18:30:00,18685.71,24.35,0.006604146264359637,3,2.4577062981398687,2.1024473973023645,6.659177391095202e-05,confluence_lost
A,BTCUSDT/SOLUSDT,short_a_long_b,2022-11-08T19:00:00,18711.84,21.18,2022-11-08T19:30:00,17666.32,23.77,0.17575995771818592,2,4.034606466973066,1.360437623331757,6.659177391095202e-05,confluence_lost
A,BTCUSDT/SOLUSDT,short_a_long_b,2022-11-09T05:00:00,18229.27,21.07,2022-11-09T05:30:00,18400.67,20.49,-0.039329750972954367,2,2.378791164170405,2.6984480311595047,2.0940268597407126e-05,confluence_lost
A,BTCUSDT/SOLUSDT,short_a_long_b,2022-11-09T06:00:00,18395.92,20.35,2022-11-09T06:30:00,18388.72,20.14,-0.012328019184854641,2,2.649588961913447,2.6372667790517474,2.0940268597407126e-05,confluence_lost
A,BTCUSDT/SOLUSDT,short_a_long_b,2022-11-09T07:00:00,18318.68,20.13,2022-11-09T07:30:00,18336.9,19.29,-0.04512337618922084,2,2.4900575364038895,2.8018883605544413,2.0940268597407126e-05,confluence_lost
A,BTCUSDT/SOLUSDT,short_a_long_b,2022-11-09T08:00:00,18253.4,18.34,2022-11-09T08:30:00,18142.53,18.5,0.01239803723753781,2,3.0782239179143285,2.786646890006805,2.0940268597407126e-05,confluence_lost
A,BTCUSDT/SOLUSDT,short_a_long_b,2022-11-09T09:00:00,18131.28,17.81,2022-11-09T09:30:00,17951.72,17.33,-0.0194478237502113,2,2.964715118237128,2.947862036168661,3.252020890909443e-05,confluence_lost
A,BTCUSDT/SOLUSDT,short_a_long_b,2022-11-09T10:00:00,17802.83,16.9,2022-11-09T10:30:00,17489.98,17.67,0.06073517895683851,2,2.926143673217433,2.318772169845852,3.252020890909443e-05,confluence_lost
A,BTCUSDT/SOLUSDT,short_a_long_b,2022-11-09T15:30:00,17657.46,16.07,2022-11-09T16:00:00,17095.59,16.4,0.04995570365156572,2,2.5913753808008866,2.1361962706804007,3.252020890909443e-05,confluence_lost
A,BTCUSDT/SOLUSDT,short_a_long_b,2022-11-09T17:30:00,16952.44,14.57,2022-11-09T18:00:00,16926.11,13.67,-0.06261759309200636,2,2.663508080896839,2.934053998645802,-4.798650418181545e-05,confluence_lost
A,BTCUSDT/SOLUSDT,short_a_long_b,2022-11-09T18:30:00,16773.77,14.27,2022-11-09T19:00:00,16630.74,14.63,0.0313547542939618,2,2.490454866008388,2.2023663594569003,-4.798650418181545e-05,confluence_lost
A,BTCUSDT/SOLUSDT,short_a_long_b,2022-11-09T19:30:00,16878.52,13.84,2022-11-09T20:00:00,16813.77,13.77,-0.003621566641756544,2,2.5439594435417874,2.4544679815000667,-4.798650418181545e-05,confluence_lost
A,BTCUSDT/SOLUSDT,short_a_long_b,2022-11-09T20:30:00,16728.09,13.47,2022-11-09T21:00:00,16219.61,12.45,-0.047727055012215344,2,2.458918806244437,2.6251772551405623,-4.798650418181545e-05,confluence_lost
A,BTCUSDT/SOLUSDT,short_a_long_b,2022-11-09T21:30:00,15976.46,12.49,2022-11-09T22:00:00,15709.39,13.48,0.09357987983375378,2,2.4216272708276385,1.8424874884325884,-4.798650418181545e-05,confluence_lost
A,BTCUSDT/SOLUSDT,short_a_long_b,2022-11-14T01:30:00,16186.15,12.52,2022-11-14T02:00:00,16104.36,12.34,-0.011723911296822417,2,2.3766573247914353,2.5118409606097742,-5.041305266397238e-05,confluence_lost
A,BTCUSDT/SOLUSDT,short_a_long_b,2022-11-17T12:00:00,16597.31,13.79,2022-11-17T12:30:00,16579.01,13.68,-0.009274206467827659,2,2.3681591087267564,3.029635022691479,-5.5360506857425766e-05,regime_break
A,BTCUSDT/SOLUSDT,short_a_long_b,2022-11-17T13:00:00,16568.33,13.3,2022-11-17T13:30:00,16532.2,13.17,-0.009993769722522902,2,5.005493813866973,4.92308157562417,-5.5360506857425766e-05,regime_break
A,BTCUSDT/SOLUSDT,short_a_long_b,2022-11-17T14:00:00,16490.02,13.11,2022-11-17T14:30:00,16503.04,13.3,0.011303185144799735,2,4.503691705878884,3.339921619979125,-5.5360506857425766e-05,regime_break
A,BTCUSDT/SOLUSDT,short_a_long_b,2022-11-17T15:30:00,16643.65,13.52,2022-11-17T16:30:00,16608.29,13.44,-0.0061926257818852165,3,2.67645293910944,2.6907422155758463,-5.5360506857425766e-05,confluence_lost
A,BTCUSDT/SOLUSDT,short_a_long_b,2022-11-17T17:00:00,16654.31,13.47,2022-11-17T17:30:00,16637.19,13.7,0.015702943571361774,2,2.5948550281493468,1.5656281543310955,-4.906039422244226e-05,confluence_lost
A,BTCUSDT/SOLUSDT,short_a_long_b,2022-11-17T18:00:00,16701.22,13.53,2022-11-17T18:30:00,16696.45,13.55,-0.0006361955221040748,2,2.3638205342797587,2.1937650695696864,-4.906039422244226e-05,confluence_lost
A,BTCUSDT/SOLUSDT,short_a_long_b,2022-11-17T19:00:00,16705.55,13.44,2022-11-17T19:30:00,16666.84,13.45,0.000661241605477272,2,2.523924676312456,2.2793107297381683,-4.906039422244226e-05,confluence_lost
A,BTCUSDT/SOLUSDT,short_a_long_b,2022-11-20T21:30:00,16498.54,12.24,2022-11-20T22:00:00,16248.24,12.44,0.029110908657863324,2,3.432033167963559,0.7633701536771696,7.063687818902356e-06,confluence_lost
A,BTCUSDT/SOLUSDT,short_a_long_b,2022-11-20T23:00:00,16314.15,12.21,2022-11-20T23:30:00,16267.19,12.27,0.005392487703485063,2,2.600851778448959,1.9304355717930668,7.063687818902356e-06,confluence_lost
A,BTCUSDT/SOLUSDT,short_a_long_b,2022-11-21T00:00:00,16290.62,12.12,2022-11-21T00:30:00,16227.13,12.27,0.013873572409056137,2,2.975205051275944,1.5727689577330484,7.063687818902356e-06,confluence_lost
A,BTCUSDT/SOLUSDT,short_a_long_b,2022-11-21T01:00:00,16263.28,12.11,2022-11-21T01:30:00,16230.26,12.02,-0.007801533740824859,2,2.7422435417184343,3.0289789245868306,2.3045090525812944e-05,regime_break
A,BTCUSDT/SOLUSDT,short_a_long_b,2022-11-21T02:00:00,16203.15,11.69,2022-11-21T02:30:00,15939.0,11.76,0.01989040959933093,2,4.481941922578452,2.7587096880200823,2.3045090525812944e-05,confluence_lost
A,BTCUSDT/SOLUSDT,short_a_long_b,2022-11-21T03:00:00,15996.37,11.6,2022-11-21T03:30:00,15995.61,11.75,0.010578545261766673,2,3.613072631512468,2.66485334237575,2.3045090525812944e-05,confluence_lost
A,BTCUSDT/SOLUSDT,short_a_long_b,2022-11-21T04:00:00,16075.37,11.85,2022-11-21T04:30:00,16181.62,11.74,-0.018292190592307064,2,2.356792063105899,3.0967155573124088,2.3045090525812944e-05,regime_break
A,BTCUSDT/SOLUSDT,short_a_long_b,2022-11-21T06:00:00,16226.11,11.81,2022-11-21T06:30:00,16169.55,11.76,-0.0031479602953996965,2,2.6102503827414916,2.5330313851989783,2.3045090525812944e-05,confluence_lost
A,BTCUSDT/SOLUSDT,short_a_long_b,2022-11-21T07:30:00,16102.01,11.72,2022-11-21T08:00:00,16040.8,11.71,0.0005481464498997136,2,2.318146032440016,2.1005128111950575,2.3045090525812944e-05,confluence_lost
A,BTCUSDT/SOLUSDT,short_a_long_b,2022-11-21T09:00:00,16032.02,11.57,2022-11-21T09:30:00,16004.0,11.76,0.0157695327774124,2,2.442042683675766,1.5940287233143493,1.5217292631187847e-05,confluence_lost
A,BTCUSDT/SOLUSDT,short_a_long_b,2022-11-22T11:30:00,15759.23,11.04,2022-11-22T13:00:00,15847.16,11.42,0.026440702527519025,4,2.411508801930873,1.0941683674171245,1.8351870678977114e-06,confluence_lost
A,BTCUSDT/SOLUSDT,long_a_short_b,2022-11-22T22:30:00,16124.18,12.27,2022-11-22T23:00:00,16182.98,12.43,-0.011793237727978842,2,-2.452783589674062,-2.9463433134702255,1.894070105280933e-05,confluence_lost
A,BTCUSDT/SOLUSDT,long_a_short_b,2022-11-22T23:30:00,16215.55,12.44,2022-11-23T00:00:00,16233.75,12.68,-0.020570225057185573,2,-2.784046010322797,-3.622976488009974,1.894070105280933e-05,regime_break
A,BTCUSDT/SOLUSDT,long_a_short_b,2022-11-23T00:30:00,16216.61,12.61,2022-11-23T01:00:00,16188.75,12.62,-0.004911013026348485,2,-3.2061387865082476,-3.1521255338198038,3.563387859662948e-05,regime_break
A,BTCUSDT/SOLUSDT,long_a_short_b,2022-11-23T01:30:00,16194.47,12.61,2022-11-23T02:00:00,16222.53,13.21,-0.048248594461539215,2,-2.9241910545598073,-4.570769440233088,3.563387859662948e-05,regime_break
A,BTCUSDT/SOLUSDT,long_a_short_b,2022-11-23T02:30:00,16450.56,13.19,2022-11-23T03:00:00,16515.74,13.06,0.01141812662622961,2,-3.563820395646767,-2.820996348617951,3.563387859662948e-05,confluence_lost
A,BTCUSDT/SOLUSDT,long_a_short_b,2022-11-23T03:30:00,16545.69,13.08,2022-11-23T04:00:00,16569.41,12.95,0.008972443892800122,2,-2.67247041361979,-2.1489912982572714,3.563387859662948e-05,confluence_lost
A,BTCUSDT/SOLUSDT,long_a_short_b,2022-11-23T06:00:00,16480.83,13.1,2022-11-23T06:30:00,16488.45,13.09,-0.0011742858666983634,2,-2.4578032807799994,-2.319771138117893,3.563387859662948e-05,confluence_lost
A,BTCUSDT/SOLUSDT,long_a_short_b,2022-11-23T19:30:00,16439.34,14.06,2022-11-24T00:00:00,16615.39,14.16,0.0011966918622214463,10,-2.80234183363877,-1.8659252141172002,3.797358087944252e-05,confluence_lost
A,BTCUSDT/SOLUSDT,long_a_short_b,2022-11-26T10:00:00,16590.54,14.67,2022-11-26T10:30:00,16606.46,14.85,-0.01371035565903593,2,-2.372573668557199,-3.2569907763981822,1.7272660874387882e-05,regime_break
A,BTCUSDT/SOLUSDT,long_a_short_b,2022-11-26T11:00:00,16591.22,14.74,2022-11-26T11:30:00,16579.86,14.75,-0.0037631255492465575,2,-2.594296387045215,-2.604541345880309,1.7272660874387882e-05,confluence_lost
A,BTCUSDT/SOLUSDT,short_a_long_b,2022-11-28T01:00:00,16461.01,13.31,2022-11-28T01:30:00,16189.66,13.07,-0.00394714752125995,2,5.939138999319205,5.119361098705841,1.6429089591963237e-05,regime_break
A,BTCUSDT/SOLUSDT,short_a_long_b,2022-11-28T02:00:00,16117.32,13.03,2022-11-28T02:30:00,16115.29,12.79,-0.02069308153985476,2,4.42067958564282,4.852238508972942,1.6429089591963237e-05,regime_break
A,BTCUSDT/SOLUSDT,short_a_long_b,2022-11-28T03:00:00,16130.0,13.01,2022-11-28T03:30:00,16168.97,13.1,0.002101760532338972,2,3.6023442287907157,3.146972892130213,1.6429089591963237e-05,regime_break
A,BTCUSDT/SOLUSDT,short_a_long_b,2022-11-28T04:00:00,16171.66,13.21,2022-11-28T04:30:00,16217.96,13.29,0.000792984935844523,2,2.6032292598430913,2.3485635951676818,1.6429089591963237e-05,confluence_lost
A,BTCUSDT/SOLUSDT,short_a_long_b,2022-11-30T03:30:00,16916.97,13.5,2022-11-30T04:00:00,16851.67,13.63,0.011089658937478666,2,3.3195601437200106,1.8516973083393913,2.3226075785279803e-05,confluence_lost
A,BTCUSDT/SOLUSDT,short_a_long_b,2022-11-30T04:30:00,16876.92,13.58,2022-11-30T05:00:00,16875.39,13.63,0.001372541477172431,2,2.3087936549312644,1.8676858218464418,2.3226075785279803e-05,confluence_lost
A,BTCUSDT/SOLUSDT,short_a_long_b,2022-11-30T17:00:00,16874.96,13.32,2022-11-30T17:30:00,16762.59,13.38,0.008763483251713236,2,2.929546373436142,1.9622446122069042,4.216515695652729e-05,confluence_lost
A,BTCUSDT/SOLUSDT,short_a_long_b,2022-11-30T18:00:00,16778.03,13.3,2022-11-30T19:00:00,16950.11,13.75,0.02117831680876199,3,2.407763637159682,0.5929213468585491,4.216515695652729e-05,confluence_lost
A,BTCUSDT/SOLUSDT,short_a_long_b,2022-12-01T15:00:00,17111.94,13.57,2022-12-01T15:30:00,16925.69,13.62,0.012168811390276105,2,2.4305790540279153,0.7488617786712808,1.617250235641775e-05,confluence_lost
A,BTCUSDT/SOLUSDT,short_a_long_b,2022-12-03T22:30:00,16922.27,13.32,2022-12-03T23:00:00,16902.57,13.3,-0.002737355083792734,2,3.150305570723273,3.0989450710511863,4.6781583762744725e-05,regime_break
A,BTCUSDT/SOLUSDT,short_a_long_b,2022-12-03T23:30:00,16890.01,13.29,2022-12-04T00:00:00,16879.99,13.37,0.004212813674446439,2,2.933786299443217,1.630738566319675,4.6781583762744725e-05,confluence_lost
A,BTCUSDT/SOLUSDT,long_a_short_b,2022-12-05T00:00:00,17098.8,14.03,2022-12-05T00:30:00,17132.89,13.93,0.0067212909098453705,2,-4.991606188430938,-3.3001491305839425,5.161652020661377e-05,regime_break
A,BTCUSDT/SOLUSDT,long_a_short_b,2022-12-05T01:00:00,17208.91,14.03,2022-12-05T01:30:00,17218.0,14.05,-0.0032973020052505107,2,-3.441222080448582,-3.33034504152679,4.026618238292182e-05,regime_break
A,BTCUSDT/SOLUSDT,long_a_short_b,2022-12-05T02:00:00,17271.22,14.09,2022-12-05T02:30:00,17256.86,14.11,-0.004650887391115674,2,-3.1046609518940698,-3.1762031084741724,4.026618238292182e-05,regime_break
A,BTCUSDT/SOLUSDT,long_a_short_b,2022-12-05T03:00:00,17248.7,14.01,2022-12-05T03:30:00,17224.62,13.91,0.0033417115054116954,2,-2.3023534277854303,-1.6047107554075153,4.026618238292182e-05,confluence_lost
A,BTCUSDT/SOLUSDT,long_a_short_b,2022-12-05T17:00:00,17037.11,13.97,2022-12-05T17:30:00,17078.69,13.91,0.004335472446194769,2,-2.377242106263993,-1.7244734821879868,2.7297073293372456e-05,confluence_lost
A,BTCUSDT/SOLUSDT,long_a_short_b,2022-12-05T21:30:00,16954.09,13.97,2022-12-05T22:00:00,16969.18,13.89,0.0042166076269842395,2,-2.410829939565803,-1.8139873346784845,2.7297073293372456e-05,confluence_lost
A,BTCUSDT/SOLUSDT,long_a_short_b,2022-12-06T03:30:00,17045.96,14.16,2022-12-06T04:30:00,16986.59,14.13,-0.003764292651519827,3,-2.349319480371903,-2.248818654730117,2.613327922817858e-05,confluence_lost
A,BTCUSDT/SOLUSDT,short_a_long_b,2022-12-08T00:30:00,16862.15,13.37,2022-12-08T01:30:00,16829.46,13.41,0.002530434065251288,3,2.751870730332124,2.176904159165524,1.944556409444507e-05,confluence_lost
A,BTCUSDT/SOLUSDT,long_a_short_b,2022-12-11T16:30:00,17153.51,13.69,2022-12-11T17:00:00,17168.75,13.74,-0.005163853045933073,2,-2.4338058048172537,-3.7110994029991553,9.578526187417843e-06,regime_break
A,BTCUSDT/SOLUSDT,long_a_short_b,2022-12-11T18:00:00,17170.93,13.73,2022-12-11T18:30:00,17174.76,13.78,-0.005818609195823041,2,-3.0255895859973134,-4.105840267361649,9.578526187417843e-06,regime_break
A,BTCUSDT/SOLUSDT,long_a_short_b,2022-12-11T19:00:00,17205.96,13.77,2022-12-11T19:30:00,17229.5,13.73,0.0018729962279727254,2,-2.903368874434049,-1.2247236882107833,9.578526187417843e-06,confluence_lost
A,BTCUSDT/SOLUSDT,short_a_long_b,2022-12-11T22:30:00,17124.36,13.48,2022-12-11T23:00:00,17112.17,13.42,-0.006139187154650935,2,3.4043231968411196,4.264700041838218,9.578526187417843e-06,regime_break
A,BTCUSDT/SOLUSDT,short_a_long_b,2022-12-11T23:30:00,17095.82,13.42,2022-12-12T00:00:00,17086.36,13.4,-0.0033369613277200315,2,3.6404009391319834,3.611847705120431,9.578526187417843e-06,regime_break
A,BTCUSDT/SOLUSDT,short_a_long_b,2022-12-12T02:00:00,16946.91,13.31,2022-12-12T02:30:00,16951.2,12.94,-0.03045179112677414,2,2.920835162553792,7.104356605958226,1.2796631479102767e-05,regime_break
A,BTCUSDT/SOLUSDT,short_a_long_b,2022-12-12T03:00:00,16892.19,13.0,2022-12-12T03:30:00,16906.99,12.96,-0.006353067614724359,2,4.8343162748223,4.725081529157376,1.2796631479102767e-05,regime_break
A,BTCUSDT/SOLUSDT,short_a_long_b,2022-12-12T04:00:00,16915.48,13.01,2022-12-12T04:30:00,16928.23,13.0,-0.003922386963064614,2,3.8709500374981576,3.72276854116712,1.2796631479102767e-05,regime_break
A,BTCUSDT/SOLUSDT,short_a_long_b,2022-12-12T05:00:00,16932.29,12.99,2022-12-12T05:30:00,16926.43,13.03,0.0010253760787196221,2,3.545430002341069,2.9833830514005792,1.2796631479102767e-05,confluence_lost
A,BTCUSDT/SOLUSDT,short_a_long_b,2022-12-12T06:00:00,16943.3,13.01,2022-12-12T06:30:00,16939.25,13.01,-0.0021609674620646645,2,3.052427878344416,2.8634747070090323,1.2796631479102767e-05,confluence_lost
A,BTCUSDT/SOLUSDT,short_a_long_b,2022-12-12T07:00:00,16941.35,13.01,2022-12-12T07:30:00,16923.44,12.98,-0.003648741852931556,2,2.729822218807951,2.7029618066221763,1.2796631479102767e-05,confluence_lost
A,BTCUSDT/SOLUSDT,short_a_long_b,2022-12-12T08:00:00,16924.73,12.99,2022-12-12T08:30:00,16919.24,13.07,0.004082960930923377,2,2.523231963426235,1.91110671255878,1.2796631479102767e-05,confluence_lost
A,BTCUSDT/SOLUSDT,short_a_long_b,2022-12-13T07:00:00,17150.71,12.88,2022-12-13T07:30:00,17144.76,12.96,0.004158104537265353,2,2.342452873367175,1.8819463525858933,1.3354107815270574e-05,confluence_lost
A,BTCUSDT/SOLUSDT,long_a_short_b,2022-12-14T15:00:00,18062.75,14.41,2022-12-14T15:30:00,18032.83,14.48,-0.008914185343789224,2,-2.3750542460164406,-2.7566425092635765,5.989700851462653e-05,confluence_lost
A,BTCUSDT/SOLUSDT,long_a_short_b,2022-12-14T16:00:00,18097.66,14.76,2022-12-14T16:30:00,18138.01,14.63,0.008637158086589117,2,-3.6475064611277928,-2.701041528181071,5.989700851462653e-05,confluence_lost
A,BTCUSDT/SOLUSDT,long_a_short_b,2022-12-14T17:00:00,18102.69,14.61,2022-12-14T17:30:00,18103.61,14.7,-0.008509343094746755,2,-2.6120496218648745,-2.8586557692591024,6.880878440026507e-05,confluence_lost
A,BTCUSDT/SOLUSDT,long_a_short_b,2022-12-14T18:00:00,18094.06,14.78,2022-12-14T18:30:00,18256.0,14.64,0.016022158285523738,2,-3.0464020859837064,-1.861831922143713,6.880878440026507e-05,confluence_lost
A,BTCUSDT/SOLUSDT,short_a_long_b,2022-12-16T13:30:00,16989.81,13.26,2022-12-16T14:00:00,16932.87,13.25,0.0001972728326981722,2,2.6932574522542727,2.392955247038004,6.618526104447586e-05,confluence_lost
A,BTCUSDT/SOLUSDT,short_a_long_b,2022-12-16T14:30:00,17027.71,13.26,2022-12-16T15:00:00,17011.43,13.05,-0.01728101543804865,2,2.7712785070828576,3.8737114010779887,6.618526104447586e-05,regime_break
A,BTCUSDT/SOLUSDT,short_a_long_b,2022-12-16T15:30:00,16929.72,13.01,2022-12-16T16:00:00,16976.29,12.82,-0.019754934482018857,2,3.438519663619272,4.3972409986613465,6.618526104447586e-05,regime_break
A,BTCUSDT/SOLUSDT,short_a_long_b,2022-12-16T16:30:00,16879.72,12.81,2022-12-16T17:00:00,16813.7,12.96,0.013220804192058247,2,3.6832729763818586,2.4598277193073317,4.7061869701259e-05,confluence_lost
A,BTCUSDT/SOLUSDT,short_a_long_b,2022-12-16T17:30:00,16802.3,12.91,2022-12-16T18:00:00,16796.37,12.91,-0.0020470721270301894,2,2.5661591835308655,2.451004129507936,4.7061869701259e-05,confluence_lost
A,BTCUSDT/SOLUSDT,short_a_long_b,2022-12-16T18:30:00,16810.24,12.91,2022-12-16T19:00:00,16801.61,12.91,-0.0018866224396558028,2,2.4011149475845888,2.285282098372853,4.7061869701259e-05,confluence_lost
A,BTCUSDT/SOLUSDT,short_a_long_b,2022-12-16T22:30:00,16859.5,12.48,2022-12-16T23:00:00,16726.59,12.19,-0.017753790300074332,2,3.6542854248797365,4.022995100373634,4.7061869701259e-05,regime_break
A,BTCUSDT/SOLUSDT,short_a_long_b,2022-12-16T23:30:00,16571.0,12.25,2022-12-17T00:00:00,16626.14,12.31,-0.000829540665460413,2,3.1380992528375558,2.8973004630675057,4.7061869701259e-05,confluence_lost
A,BTCUSDT/SOLUSDT,short_a_long_b,2022-12-17T00:30:00,16717.77,12.26,2022-12-17T01:00:00,16701.27,12.17,-0.008753972425279796,2,3.101465595795784,3.1459739252545087,4.107700976764589e-05,regime_break
A,BTCUSDT/SOLUSDT,short_a_long_b,2022-12-17T01:30:00,16673.86,12.11,2022-12-17T02:00:00,16670.99,11.98,-0.01296280409953103,2,3.076901226315148,3.2325709830913385,4.107700976764589e-05,regime_break
A,BTCUSDT/SOLUSDT,short_a_long_b,2022-12-17T02:30:00,16614.5,12.2,2022-12-17T03:00:00,16660.83,12.21,-0.0043688559617832,2,2.387205147202496,2.353883168648849,4.107700976764589e-05,confluence_lost
A,BTCUSDT/SOLUSDT,short_a_long_b,2022-12-19T15:30:00,16728.09,12.17,2022-12-19T16:00:00,16665.97,12.09,-0.005260027280767729,2,2.3669311577270804,2.684467680212061,4.7367650042280524e-05,confluence_lost
A,BTCUSDT/SOLUSDT,short_a_long_b,2022-12-19T16:30:00,16662.1,12.07,2022-12-19T17:00:00,16636.11,12.06,-0.001668673021544762,2,2.7561909661013573,2.569984260503503,4.6832616699551514e-05,confluence_lost
A,BTCUSDT/SOLUSDT,short_a_long_b,2022-12-19T18:30:00,16620.97,11.95,2022-12-19T19:00:00,16547.06,11.96,0.0028836122985768787,2,3.3555821227511617,2.573240464707947,4.6832616699551514e-05,confluence_lost
A,BTCUSDT/SOLUSDT,short_a_long_b,2022-12-19T22:00:00,16588.94,11.95,2022-12-19T22:30:00,16546.24,11.79,-0.013215117213271996,2,2.6199026627450195,3.5278074099393275,4.6832616699551514e-05,regime_break
A,BTCUSDT/SOLUSDT,short_a_long_b,2022-12-21T03:00:00,16850.85,12.07,2022-12-21T07:30:00,16835.49,12.03,-0.004802474938764331,10,2.61283784360937,2.1287179044236972,3.7262812482186134e-05,confluence_lost
A,BTCUSDT/SOLUSDT,short_a_long_b,2022-12-22T14:30:00,16760.15,11.83,2022-12-22T15:00:00,16675.68,11.82,0.0017946224892541741,2,2.894991612226112,2.226630354568825,5.5116042184076957e-05,confluence_lost
A,BTCUSDT/SOLUSDT,short_a_long_b,2022-12-22T15:30:00,16676.65,11.77,2022-12-22T16:00:00,16635.57,11.83,0.005161030500928823,2,2.777941105789218,1.582629754928423,5.5116042184076957e-05,confluence_lost
A,BTCUSDT/SOLUSDT,short_a_long_b,2022-12-22T17:30:00,16622.73,11.74,2022-12-22T18:00:00,16570.04,11.77,0.0033251223802249342,2,2.477643284150694,1.5805190262142157,5.8863588365393185e-05,confluence_lost
A,BTCUSDT/SOLUSDT,short_a_long_b,2022-12-22T21:30:00,16820.48,11.84,2022-12-22T22:30:00,16806.14,11.79,-0.0057704408216908,3,2.7214187287624036,3.1001575225563935,5.8863588365393185e-05,regime_break
A,BTCUSDT/SOLUSDT,short_a_long_b,2022-12-22T23:00:00,16798.48,11.71,2022-12-23T00:00:00,16824.34,11.76,0.00033042982934090815,3,3.776208024264716,3.129348404067063,5.8863588365393185e-05,regime_break
A,BTCUSDT/SOLUSDT,short_a_long_b,2022-12-24T05:00:00,16824.99,11.37,2022-12-24T05:30:00,16813.05,11.37,-0.0016903413315549208,2,4.336153395982735,3.8930452679754417,8.305006792643028e-05,regime_break
A,BTCUSDT/SOLUSDT,short_a_long_b,2022-12-24T06:00:00,16821.76,11.32,2022-12-24T06:30:00,16818.46,11.28,-0.0057373944258234805,2,3.9357672132680355,3.847173568610723,8.305006792643028e-05,regime_break
A,BTCUSDT/SOLUSDT,short_a_long_b,2022-12-24T07:00:00,16814.83,11.33,2022-12-24T08:30:00,16833.13,11.28,-0.007901387673830793,4,3.2725461289970625,3.100664764138003,8.305006792643028e-05,regime_break
A,BTCUSDT/SOLUSDT,short_a_long_b,2022-12-24T09:00:00,16832.56,11.26,2022-12-24T10:00:00,16830.75,11.31,0.002148027028155044,3,3.0362405799919743,2.5110615368662694,7.514560838722356e-05,confluence_lost
A,BTCUSDT/SOLUSDT,short_a_long_b,2022-12-24T10:30:00,16833.13,11.3,2022-12-24T11:00:00,16826.17,11.33,0.0006683375975661955,2,2.4666528687280773,2.219811047224633,7.514560838722356e-05,confluence_lost
A,BTCUSDT/SOLUSDT,short_a_long_b,2022-12-26T15:30:00,16814.99,11.19,2022-12-26T23:00:00,16850.03,11.26,0.0017717304027222293,16,2.685404635439469,1.129758858455318,2.1531008298472387e-05,confluence_lost
A,BTCUSDT/SOLUSDT,short_a_long_b,2022-12-27T08:30:00,16871.38,11.14,2022-12-27T09:00:00,16841.83,11.17,0.002044485042140345,2,2.361820628852517,1.712048780582804,3.139815616786835e-05,confluence_lost
A,BTCUSDT/SOLUSDT,short_a_long_b,2022-12-27T12:30:00,16821.13,11.08,2022-12-27T13:00:00,16811.7,11.12,0.001770712733510218,2,2.3629561195138606,1.7539205470459813,3.139815616786835e-05,confluence_lost
A,BTCUSDT/SOLUSDT,short_a_long_b,2022-12-27T13:30:00,16831.31,11.05,2022-12-27T14:00:00,16818.41,11.08,0.001081360883579199,2,2.636796214668856,2.1099375494791905,3.139815616786835e-05,confluence_lost
A,BTCUSDT/SOLUSDT,short_a_long_b,2022-12-27T14:30:00,16812.63,10.86,2022-12-27T15:00:00,16756.56,10.91,0.005539044365433246,2,4.180338240491863,3.0767391451147126,3.139815616786835e-05,regime_break
A,BTCUSDT/SOLUSDT,short_a_long_b,2022-12-27T15:30:00,16821.46,10.77,2022-12-27T16:00:00,16791.61,10.9,0.011445085365659205,2,4.394346611737219,2.850114668943171,3.139815616786835e-05,confluence_lost
A,BTCUSDT/SOLUSDT,short_a_long_b,2022-12-27T16:30:00,16783.68,10.86,2022-12-27T17:00:00,16775.96,10.78,-0.009306511866460296,2,2.9853818834387984,3.375387337635462,2.8756343686119827e-05,regime_break
A,BTCUSDT/SOLUSDT,short_a_long_b,2022-12-27T17:30:00,16751.21,10.8,2022-12-27T18:00:00,16675.76,10.84,0.005807855941064324,2,2.9124108603134014,2.146423923709483,2.8756343686119827e-05,confluence_lost
A,BTCUSDT/SOLUSDT,short_a_long_b,2022-12-28T03:00:00,16685.88,10.78,2022-12-28T03:30:00,16630.41,10.78,0.0009243676689512782,2,2.3198282252222215,1.9849251096659506,3.18149339780932e-05,confluence_lost
A,BTCUSDT/SOLUSDT,short_a_long_b,2022-12-28T04:30:00,16659.58,10.71,2022-12-28T05:00:00,16654.98,10.35,-0.03573732797303057,2,2.5017237539009156,4.6010218080060525,3.18149339780932e-05,regime_break
A,BTCUSDT/SOLUSDT,short_a_long_b,2022-12-28T05:30:00,16631.85,9.94,2022-12-28T06:00:00,16598.58,9.98,0.003624523660510095,2,5.873686714428219,4.774961585064378,3.18149339780932e-05,regime_break
A,BTCUSDT/SOLUSDT,short_a_long_b,2022-12-28T06:30:00,16615.34,9.92,2022-12-28T07:00:00,16613.35,10.11,0.016872994646571618,2,4.505001418106969,3.3882566445104283,3.18149339780932e-05,regime_break
A,BTCUSDT/SOLUSDT,short_a_long_b,2022-12-28T07:30:00,16646.2,10.14,2022-12-28T08:00:00,16645.61,10.07,-0.009267909532551008,2,3.137769207043879,3.1935648569696844,3.18149339780932e-05,regime_break
A,BTCUSDT/SOLUSDT,short_a_long_b,2022-12-28T08:30:00,16645.38,10.05,2022-12-28T09:00:00,16645.6,9.99,-0.008383366134331147,2,3.0709411850431754,3.087957278683461,4.644272642740582e-05,regime_break
A,BTCUSDT/SOLUSDT,short_a_long_b,2022-12-28T09:30:00,16641.9,10.0,2022-12-28T10:00:00,16658.01,9.99,-0.004368038505218649,2,2.881143527399574,2.794364858151438,4.644272642740582e-05,confluence_lost
A,BTCUSDT/SOLUSDT,short_a_long_b,2022-12-28T10:30:00,16656.69,9.97,2022-12-28T15:00:00,16751.89,10.06,0.0009116599925702152,10,2.7149634870543387,1.896370533735211,4.644272642740582e-05,confluence_lost
A,BTCUSDT/SOLUSDT,short_a_long_b,2022-12-29T19:00:00,16637.06,8.77,2022-12-29T19:30:00,16612.64,8.79,0.0013483091234649104,2,2.4473680699842864,2.3091662014818564,6.959473039966489e-05,confluence_lost
A,BTCUSDT/SOLUSDT,short_a_long_b,2022-12-29T20:00:00,16611.33,8.53,2022-12-29T20:30:00,16599.64,8.28,-0.031004587017811655,2,2.764121358416268,3.133931425529406,6.959473039966489e-05,regime_break
A,BTCUSDT/SOLUSDT,short_a_long_b,2022-12-29T21:00:00,16597.5,8.37,2022-12-29T22:00:00,16597.39,8.53,0.01672251758777439,3,2.816111810919782,2.3184981634415127,6.959473039966489e-05,confluence_lost
A,BTCUSDT/SOLUSDT,long_a_short_b,2023-01-02T07:00:00,16640.96,11.03,2023-01-02T07:30:00,16740.15,11.09,-0.001879116262540712,2,-7.473487710760165,-5.879256693067965,5.506474157459478e-05,regime_break
A,BTCUSDT/SOLUSDT,long_a_short_b,2023-01-02T08:00:00,16721.63,11.28,2023-01-02T08:30:00,16737.97,11.19,0.006555900868414025,2,-5.6547756300230025,-4.563303462957888,5.506474157459478e-05,regime_break
A,BTCUSDT/SOLUSDT,long_a_short_b,2023-01-02T09:00:00,16736.64,11.13,2023-01-02T09:30:00,16722.91,11.14,-0.00411882841471882,2,-3.925352480207027,-3.6643221625161493,3.314813233579594e-05,regime_break
A,BTCUSDT/SOLUSDT,long_a_short_b,2023-01-02T10:00:00,16721.73,10.98,2023-01-02T14:00:00,16697.1,11.16,-0.020266376344521594,9,-2.948185336386274,-2.460063578355973,3.314813233579594e-05,confluence_lost
A,BTCUSDT/SOLUSDT,long_a_short_b,2023-01-03T15:00:00,16674.5,12.83,2023-01-03T15:30:00,16629.97,13.09,-0.025335548741039424,2,-2.413473873849159,-2.635660417318216,5.6418586270477384e-05,confluence_lost
A,BTCUSDT/SOLUSDT,long_a_short_b,2023-01-03T16:00:00,16673.88,13.35,2023-01-03T16:30:00,16643.84,13.11,0.01377590783113554,2,-2.7507280852579705,-2.427047831612846,5.1263344877037966e-05,confluence_lost
A,BTCUSDT/SOLUSDT,short_a_long_b,2023-01-06T13:00:00,16725.12,12.73,2023-01-06T13:30:00,16749.07,12.99,0.01659221704782317,2,2.8011452065232585,1.2253328072929097,5.7245299513300756e-05,confluence_lost
A,BTCUSDT/SOLUSDT,short_a_long_b,2023-01-08T00:30:00,16939.22,12.92,2023-01-08T01:00:00,16923.8,12.97,0.0023802825021427966,2,3.068589972571943,2.444519930567537,5.671388760046819e-05,confluence_lost
A,BTCUSDT/SOLUSDT,long_a_short_b,2023-01-08T08:30:00,16948.76,13.61,2023-01-08T09:30:00,16963.18,13.51,0.005798338279098772,3,-3.2102259350334776,-2.0277260429479638,6.633302368925305e-05,confluence_lost
A,BTCUSDT/SOLUSDT,long_a_short_b,2023-01-08T10:00:00,16936.95,13.6,2023-01-08T13:00:00,16920.98,13.55,0.0003335617410105819,7,-2.7877647794491596,-2.182021260493613,6.633302368925305e-05,confluence_lost
A,BTCUSDT/SOLUSDT,long_a_short_b,2023-01-08T14:00:00,16933.91,13.66,2023-01-08T14:30:00,16940.46,13.82,-0.013726232895530141,2,-2.7121163295013204,-3.5218695378666496,6.633302368925305e-05,regime_break
A,BTCUSDT/SOLUSDT,long_a_short_b,2023-01-08T15:00:00,16949.68,13.74,2023-01-08T15:30:00,16948.35,13.88,-0.012667696087929656,2,-2.789739485832249,-3.416632594834707,6.633302368925305e-05,regime_break
A,BTCUSDT/SOLUSDT,long_a_short_b,2023-01-08T23:00:00,16968.16,13.88,2023-01-08T23:30:00,17060.94,14.45,-0.03799839432917067,2,-2.355449108086585,-4.137020757882189,6.815235175830793e-05,regime_break
A,BTCUSDT/SOLUSDT,long_a_short_b,2023-01-09T00:00:00,17134.66,14.68,2023-01-09T00:30:00,17116.52,14.94,-0.021169844550878378,2,-4.277318167552917,-4.5927718243542275,6.815235175830793e-05,regime_break
A,BTCUSDT/SOLUSDT,long_a_short_b,2023-01-09T01:00:00,17186.23,14.86,2023-01-09T01:30:00,17162.07,15.46,-0.044182627207036515,2,-3.7872878099946017,-4.7802570647562925,6.588738470090616e-05,regime_break
A,BTCUSDT/SOLUSDT,long_a_short_b,2023-01-09T02:00:00,17175.95,16.38,2023-01-09T02:30:00,17230.64,15.97,0.0258146283843423,2,-5.598482675471974,-4.215435813325706,6.588738470090616e-05,regime_break
A,BTCUSDT/SOLUSDT,long_a_short_b,2023-01-09T03:00:00,17185.79,16.02,2023-01-09T03:30:00,17180.33,16.05,-0.0045903635119959735,2,-3.9549579853112498,-3.6746557817433714,6.588738470090616e-05,regime_break
A,BTCUSDT/SOLUSDT,long_a_short_b,2023-01-09T04:00:00,17199.0,16.18,2023-01-09T04:30:00,17225.74,16.23,-0.003935493303107537,2,-3.538438982780447,-3.3226842424898573,6.588738470090616e-05,regime_break
A,BTCUSDT/SOLUSDT,long_a_short_b,2023-01-09T05:00:00,17226.25,16.41,2023-01-09T05:30:00,17233.2,16.08,0.018113143244806243,2,-3.303632013169016,-2.753550127536768,6.588738470090616e-05,confluence_lost
A,BTCUSDT/SOLUSDT,long_a_short_b,2023-01-09T06:00:00,17207.22,16.22,2023-01-09T06:30:00,17208.02,15.98,0.012443039584288343,2,-2.7890141375525985,-2.4163852845792078,6.588738470090616e-05,confluence_lost
A,BTCUSDT/SOLUSDT,long_a_short_b,2023-01-09T07:00:00,17192.83,16.39,2023-01-09T07:30:00,17205.34,16.35,0.0007681414087438855,2,-2.7256903959388765,-2.5512590355076323,6.588738470090616e-05,confluence_lost
A,BTCUSDT/SOLUSDT,long_a_short_b,2023-01-09T08:00:00,17198.84,16.28,2023-01-09T08:30:00,17207.02,16.1,0.00913212452811725,2,-2.3861271363687053,-2.1276657861070207,4.9765743656260346e-05,confluence_lost
A,BTCUSDT/SOLUSDT,short_a_long_b,2023-01-11T15:30:00,17398.42,15.41,2023-01-11T16:00:00,17332.44,15.44,0.0033390861812471885,2,2.877457237882163,2.538355690170199,3.8164235381567044e-05,confluence_lost
A,BTCUSDT/SOLUSDT,short_a_long_b,2023-01-11T16:30:00,17361.64,15.34,2023-01-11T17:00:00,17350.11,15.52,0.009998136451802211,2,2.894484764671218,2.167205264624226,2.9214405296774368e-05,confluence_lost
A,BTCUSDT/SOLUSDT,short_a_long_b,2023-01-12T18:00:00,18933.81,16.38,2023-01-12T18:30:00,18656.43,16.55,0.022628493662382135,2,2.3681083548780544,1.1305266878372244,6.339994652509411e-05,confluence_lost
A,BTCUSDT/SOLUSDT,short_a_long_b,2023-01-12T21:00:00,19013.52,16.43,2023-01-12T21:30:00,18799.15,16.46,0.010700536984840373,2,2.3088060884735597,1.612335344921239,6.339994652509411e-05,confluence_lost
A,BTCUSDT/SOLUSDT,long_a_short_b,2023-01-13T21:30:00,19447.02,18.3,2023-01-13T22:00:00,19841.73,18.51,0.00642127315186776,2,-3.20877693301976,-2.609983549202058,7.646828759685498e-05,confluence_lost
A,BTCUSDT/SOLUSDT,long_a_short_b,2023-01-14T00:00:00,19902.73,18.44,2023-01-14T00:30:00,20399.2,20.01,-0.06259617870297433,2,-2.303881729416722,-4.973016492042692,7.891089035310942e-05,regime_break
A,BTCUSDT/SOLUSDT,long_a_short_b,2023-01-14T01:00:00,20860.93,19.87,2023-01-14T01:30:00,20735.12,20.89,-0.05976456008773638,2,-3.2774445169601805,-5.0951546543342445,7.891089035310942e-05,regime_break
A,BTCUSDT/SOLUSDT,long_a_short_b,2023-01-14T02:00:00,20938.21,22.14,2023-01-14T02:30:00,20966.38,22.27,-0.006926338170782295,2,-5.7180236791440375,-4.992499922073931,7.891089035310942e-05,regime_break
A,BTCUSDT/SOLUSDT,long_a_short_b,2023-01-14T03:00:00,20948.74,22.08,2023-01-14T03:30:00,20888.31,21.92,0.001961716445385855,2,-4.250887039875971,-3.776274998317146,7.891089035310942e-05,regime_break
A,BTCUSDT/SOLUSDT,long_a_short_b,2023-01-14T04:00:00,20962.13,21.98,2023-01-14T04:30:00,20951.3,22.34,-0.019295171903280825,2,-3.474954356645267,-3.550239258978011,7.891089035310942e-05,regime_break
A,BTCUSDT/SOLUSDT,long_a_short_b,2023-01-14T05:00:00,20908.72,22.01,2023-01-14T05:30:00,20810.61,23.79,-0.08796463138738324,2,-3.080367280496662,-4.207827866481919,7.891089035310942e-05,regime_break
A,BTCUSDT/SOLUSDT,long_a_short_b,2023-01-14T06:00:00,20842.73,23.5,2023-01-14T06:30:00,20896.09,23.73,-0.009627108761459932,2,-3.635963539826469,-3.471304324662844,7.891089035310942e-05,regime_break
A,BTCUSDT/SOLUSDT,long_a_short_b,2023-01-14T07:00:00,20953.26,23.89,2023-01-14T07:30:00,20933.58,23.57,0.010055492504540256,2,-3.2900148790891572,-2.9307135020815096,7.891089035310942e-05,confluence_lost
A,BTCUSDT/SOLUSDT,long_a_short_b,2023-01-14T08:00:00,20890.61,23.74,2023-01-14T09:30:00,20542.92,22.58,0.029819316287048328,4,-2.8898090651063764,-2.1756445836729292,7.891089035310942e-05,confluence_lost
A,BTCUSDT/SOLUSDT,long_a_short_b,2023-01-16T06:30:00,21159.75,24.64,2023-01-16T07:00:00,21121.13,24.43,0.004297563931950646,2,-2.7442346851715436,-2.3467287873091403,0.00014225530924251792,confluence_lost
A,BTCUSDT/SOLUSDT,short_a_long_b,2023-01-17T23:30:00,21220.83,22.86,2023-01-18T00:00:00,21147.47,22.79,-0.002005136523469495,2,2.341189573175395,2.2795111552357814,0.00011202704503783298,confluence_lost
A,BTCUSDT/SOLUSDT,short_a_long_b,2023-01-18T00:30:00,21166.86,22.71,2023-01-18T01:30:00,21193.47,22.99,0.008672216449778739,3,2.5287961415277795,1.548649677549972,0.00010935436836275898,confluence_lost
A,BTCUSDT/SOLUSDT,short_a_long_b,2023-01-18T08:00:00,21313.34,22.6,2023-01-18T08:30:00,21220.31,22.34,-0.0095395528253273,2,2.999405609102364,3.3071179354510027,0.00010935436836275898,regime_break
A,BTCUSDT/SOLUSDT,short_a_long_b,2023-01-18T09:00:00,21245.72,22.48,2023-01-18T10:00:00,21222.03,22.46,-0.002174631602082464,3,2.8042652009342843,2.5398914492178983,0.00010727561983770143,confluence_lost
A,BTCUSDT/SOLUSDT,short_a_long_b,2023-01-18T10:30:00,21233.98,22.32,2023-01-18T11:00:00,21174.57,22.55,0.010702533471904821,2,2.8480742723916577,1.9513975592701052,0.00010727561983770143,confluence_lost
A,BTCUSDT/SOLUSDT,short_a_long_b,2023-01-18T15:30:00,21405.51,21.79,2023-01-18T16:00:00,20963.07,20.77,-0.02854101905925037,2,4.012269559331223,4.764007108915257,0.00010727561983770143,regime_break
A,BTCUSDT/SOLUSDT,short_a_long_b,2023-01-18T16:30:00,20715.81,21.4,2023-01-18T17:00:00,20859.61,21.89,0.01355563809910039,2,2.6062369157368024,1.8152990344045097,0.00010565881542932335,confluence_lost
A,BTCUSDT/SOLUSDT,short_a_long_b,2023-01-18T20:30:00,20860.51,21.35,2023-01-18T21:00:00,20754.06,21.32,0.0012977910876832,2,2.4491848727599588,2.2122674651862964,0.00010565881542932335,confluence_lost
A,BTCUSDT/SOLUSDT,short_a_long_b,2023-01-18T22:00:00,20765.25,21.01,2023-01-18T22:30:00,20737.74,21.15,0.005588303051860269,2,2.6328188646482267,2.244169425019244,0.00010565881542932335,confluence_lost
A,BTCUSDT/SOLUSDT,short_a_long_b,2023-01-18T23:00:00,20805.09,21.05,2023-01-18T23:30:00,20746.35,20.79,-0.011928196387178389,2,2.445981070675597,2.668287168683755,0.00010565881542932335,confluence_lost
A,BTCUSDT/SOLUSDT,long_a_short_b,2023-01-20T17:30:00,21339.65,22.5,2023-01-20T18:00:00,21369.77,22.66,-0.008099654034729828,2,-2.932564795770406,-3.4126151734518615,0.00010125273356109986,regime_break
A,BTCUSDT/SOLUSDT,long_a_short_b,2023-01-20T18:30:00,21323.56,22.9,2023-01-20T19:00:00,21380.2,22.88,0.0011295793247726028,2,-4.117247696691007,-3.652285359524286,0.00010125273356109986,regime_break
A,BTCUSDT/SOLUSDT,long_a_short_b,2023-01-20T19:30:00,21383.27,23.29,2023-01-20T20:00:00,21513.44,23.69,-0.01348728379695889,2,-4.423598475563403,-4.546853570281956,0.00010125273356109986,regime_break
A,BTCUSDT/SOLUSDT,long_a_short_b,2023-01-20T20:30:00,21865.76,24.1,2023-01-20T21:00:00,22249.67,23.94,0.02179659190301604,2,-4.127805792316906,-2.708463403317383,0.00010125273356109986,confluence_lost
A,BTCUSDT/SOLUSDT,long_a_short_b,2023-01-20T21:30:00,22293.32,24.26,2023-01-20T22:00:00,22334.94,25.16,-0.03763117692078714,2,-3.09218740410092,-4.252250024910347,0.00010125273356109986,regime_break
A,BTCUSDT/SOLUSDT,long_a_short_b,2023-01-20T22:30:00,22531.95,25.22,2023-01-20T23:00:00,22588.93,25.45,-0.008990892760634847,2,-3.6442891856263855,-3.596599960574837,0.00010125273356109986,regime_break
A,BTCUSDT/SOLUSDT,long_a_short_b,2023-01-20T23:30:00,22637.07,25.51,2023-01-21T00:00:00,22685.44,25.17,0.013064867256860471,2,-3.353952167997956,-2.662807249680392,0.00010125273356109986,confluence_lost
A,BTCUSDT/SOLUSDT,long_a_short_b,2023-01-21T00:30:00,22614.08,24.91,2023-01-21T01:00:00,22603.17,24.9,-0.0024809975939703998,2,-2.318596984214407,-2.2358217815937653,0.00010097434832529989,confluence_lost
A,BTCUSDT/SOLUSDT,long_a_short_b,2023-01-21T02:00:00,22573.93,25.11,2023-01-21T02:30:00,22620.05,24.89,0.008404514342783068,2,-2.3641102313957774,-1.965501805401915,0.00010097434832529989,confluence_lost
A,BTCUSDT/SOLUSDT,short_a_long_b,2023-01-22T20:00:00,22711.28,24.14,2023-01-22T20:30:00,22579.99,23.87,-0.0078039277394343215,2,3.4275320317772024,3.648398697992641,0.00010027732683539629,regime_break
A,BTCUSDT/SOLUSDT,short_a_long_b,2023-01-22T21:00:00,22427.39,23.98,2023-01-22T21:30:00,22459.56,24.2,0.005339905158809402,2,2.5425165547630035,1.7993732834643055,0.00010027732683539629,confluence_lost
A,BTCUSDT/SOLUSDT,short_a_long_b,2023-01-22T22:00:00,22613.5,24.02,2023-01-22T22:30:00,22569.59,24.21,0.0074518353903788165,2,2.9803611924491644,2.0501619657192713,0.00010027732683539629,confluence_lost
A,BTCUSDT/SOLUSDT,short_a_long_b,2023-01-22T23:00:00,22690.74,24.18,2023-01-22T23:30:00,22685.75,24.21,-0.0009393917131651918,2,2.563163694645647,2.3828794842004144,0.00010027732683539629,confluence_lost
A,BTCUSDT/SOLUSDT,short_a_long_b,2023-01-23T13:30:00,22870.08,24.14,2023-01-23T14:00:00,22779.94,24.13,0.0011271439637742932,2,2.57434875942167,2.193690975744471,0.0001001677656164743,confluence_lost
A,BTCUSDT/SOLUSDT,short_a_long_b,2023-01-23T14:30:00,22769.94,23.99,2023-01-23T15:30:00,22849.2,24.17,0.001622221214602162,3,2.523693244458854,2.1141851287245492,0.0001001677656164743,confluence_lost
A,BTCUSDT/SOLUSDT,short_a_long_b,2023-01-24T21:30:00,23004.93,23.96,2023-01-24T22:00:00,22874.98,22.59,-0.0539298418574367,2,2.826168838838222,6.421854819330782,0.00010006139387976754,regime_break
A,BTCUSDT/SOLUSDT,short_a_long_b,2023-01-24T22:30:00,22751.93,22.99,2023-01-24T23:00:00,22772.93,22.89,-0.007672715888714252,2,4.0832633355724095,4.0336983963957795,0.00010006139387976754,regime_break
A,BTCUSDT/SOLUSDT,short_a_long_b,2023-01-24T23:30:00,22650.26,22.78,2023-01-25T00:00:00,22609.44,22.55,-0.01069438912564584,2,3.6627013142839315,3.8134149287300967,0.00010006139387976754,regime_break
A,BTCUSDT/SOLUSDT,short_a_long_b,2023-01-25T00:30:00,22511.65,22.8,2023-01-25T01:00:00,22647.21,22.36,-0.027720016563743274,2,2.7742383351291147,3.8204704068926016,0.00010004775079537475,regime_break
A,BTCUSDT/SOLUSDT,short_a_long_b,2023-01-25T01:30:00,22406.37,22.55,2023-01-25T02:00:00,22493.91,22.76,0.003005713898352094,2,2.6984422528251377,2.342853479445667,0.00010004775079537475,confluence_lost
A,BTCUSDT/SOLUSDT,short_a_long_b,2023-01-25T02:30:00,22562.75,22.71,2023-01-25T03:00:00,22542.88,22.9,0.006847013494402268,2,2.490882842335795,1.9949119978168037,0.00010004775079537475,confluence_lost
A,BTCUSDT/SOLUSDT,long_a_short_b,2023-01-29T17:00:00,23567.27,26.18,2023-01-29T17:30:00,23618.6,26.27,-0.0036597181125821864,2,-5.338116499971534,-4.741614331805729,9.982578962638113e-05,regime_break
A,BTCUSDT/SOLUSDT,long_a_short_b,2023-01-29T18:00:00,23578.59,26.06,2023-01-29T18:30:00,23606.04,26.01,0.0006828410228371796,2,-3.834645420905922,-3.3476744831215925,9.982578962638113e-05,regime_break
A,BTCUSDT/SOLUSDT,long_a_short_b,2023-01-29T19:00:00,23674.22,26.21,2023-01-29T19:30:00,23870.01,26.32,0.0016733060103910203,2,-3.419139391577082,-2.9697595123323457,9.982578962638113e-05,confluence_lost
A,BTCUSDT/SOLUSDT,long_a_short_b,2023-01-29T20:00:00,23899.57,26.31,2023-01-29T20:30:00,23802.95,26.05,0.0034394235183498735,2,-2.7322111084179475,-2.278775969169609,9.982578962638113e-05,confluence_lost
A,BTCUSDT/SOLUSDT,long_a_short_b,2023-01-29T21:00:00,23713.75,26.24,2023-01-29T21:30:00,23762.26,26.39,-0.006070814793053977,2,-2.787630992365438,-2.837090636353245,9.982578962638113e-05,confluence_lost
A,BTCUSDT/SOLUSDT,long_a_short_b,2023-01-29T22:00:00,23793.41,26.32,2023-01-29T22:30:00,23774.31,26.27,-0.001303047231965102,2,-2.5036986746063516,-2.3468486220998193,9.982578962638113e-05,confluence_lost
A,BTCUSDT/SOLUSDT,short_a_long_b,2023-02-01T06:30:00,23100.8,23.51,2023-02-01T07:00:00,23048.9,23.66,0.006226939157378444,2,2.4515994223204207,1.5863163455659464,9.997000404273555e-05,confluence_lost
A,BTCUSDT/SOLUSDT,short_a_long_b,2023-02-01T08:00:00,23064.12,23.32,2023-02-01T08:30:00,22943.33,23.34,0.0036947718310985224,2,2.9986642677976985,2.3440586872017803,9.997666981101654e-05,confluence_lost
A,BTCUSDT/SOLUSDT,short_a_long_b,2023-02-01T15:00:00,23098.7,23.22,2023-02-01T15:30:00,23050.97,22.81,-0.017990842021464656,2,2.6812020994571117,3.69293029550965,9.997666981101654e-05,regime_break
A,BTCUSDT/SOLUSDT,short_a_long_b,2023-02-01T16:00:00,22973.27,22.89,2023-02-01T16:30:00,23000.8,22.85,-0.005345837197951939,2,2.9780442854602724,3.016006732741669,9.997666981101654e-05,regime_break
A,BTCUSDT/SOLUSDT,short_a_long_b,2023-02-01T17:00:00,22993.35,22.83,2023-02-01T17:30:00,23014.5,22.67,-0.010328153551406413,2,2.8951876917283696,3.2240201939607482,9.998185429745731e-05,regime_break
A,BTCUSDT/SOLUSDT,long_a_short_b,2023-02-02T00:30:00,23768.72,25.73,2023-02-02T01:00:00,24151.23,25.62,0.017968164715726,2,-2.6564323305610875,-1.4555396196210506,9.998588667580014e-05,confluence_lost
A,BTCUSDT/SOLUSDT,short_a_long_b,2023-02-05T11:30:00,23387.74,24.19,2023-02-05T12:00:00,23363.13,24.19,-0.0013477392856257463,2,2.3680636174635734,2.135217168919494,9.9998856635711e-05,confluence_lost
A,BTCUSDT/SOLUSDT,short_a_long_b,2023-02-05T12:30:00,23365.43,23.61,2023-02-05T13:00:00,23123.64,23.64,0.009218841922069634,2,5.290711258390243,3.3581239852524765,9.9998856635711e-05,regime_break
A,BTCUSDT/SOLUSDT,short_a_long_b,2023-02-05T13:30:00,23135.95,23.65,2023-02-05T14:00:00,23158.03,23.71,-0.0008173610231354965,2,3.1722076762527767,2.8229037948934153,9.9998856635711e-05,confluence_lost
A,BTCUSDT/SOLUSDT,short_a_long_b,2023-02-05T14:30:00,23196.15,23.75,2023-02-05T15:00:00,23163.92,23.74,-0.0014315979160333535,2,2.6975956612058685,2.4835038393362145,9.9998856635711e-05,confluence_lost
A,BTCUSDT/SOLUSDT,short_a_long_b,2023-02-05T15:30:00,23161.79,23.64,2023-02-05T16:00:00,23079.84,23.68,0.0028302022435954944,2,2.8169768500718497,2.14777602166292,9.9998856635711e-05,confluence_lost
A,BTCUSDT/SOLUSDT,short_a_long_b,2023-02-05T16:30:00,23155.75,23.35,2023-02-05T17:00:00,23066.73,23.48,0.007011853318676445,2,3.7360342445176835,2.6400792552863916,9.999911071666411e-05,confluence_lost
A,BTCUSDT/SOLUSDT,short_a_long_b,2023-02-05T17:30:00,23023.75,23.36,2023-02-05T18:00:00,22853.98,23.47,0.009682594320783847,2,2.810152739664483,1.6067251008975614,9.999911071666411e-05,confluence_lost
A,BTCUSDT/SOLUSDT,short_a_long_b,2023-02-06T05:00:00,22875.98,23.0,2023-02-06T05:30:00,22680.73,23.12,0.011352544770997189,2,2.3656484677093226,1.3153243803251973,9.99993083351832e-05,confluence_lost
A,BTCUSDT/SOLUSDT,short_a_long_b,2023-02-06T23:00:00,22870.05,22.63,2023-02-06T23:30:00,22705.13,22.66,0.006136851822182557,2,2.8069371090548945,2.0336992628358486,9.999958158548119e-05,confluence_lost
A,BTCUSDT/SOLUSDT,short_a_long_b,2023-02-07T17:00:00,22977.97,22.82,2023-02-07T18:00:00,23329.7,22.83,-0.017269058303906168,3,2.525819098119536,3.881134578410215,9.999980313281214e-05,regime_break
A,BTCUSDT/SOLUSDT,long_a_short_b,2023-02-08T00:30:00,23248.96,24.12,2023-02-08T01:00:00,23342.03,23.96,0.00823668899091641,2,-2.6756932730292653,-1.4759963203136321,9.999984688107612e-05,confluence_lost
A,BTCUSDT/SOLUSDT,short_a_long_b,2023-02-09T02:30:00,22926.01,22.63,2023-02-09T03:00:00,22795.01,22.34,-0.00950081357473613,2,3.0024960007049133,3.492597504829525,9.99999279563911e-05,regime_break
A,BTCUSDT/SOLUSDT,short_a_long_b,2023-02-09T19:00:00,22502.38,21.93,2023-02-09T19:30:00,22037.73,21.8,0.012320974337129378,2,3.214694123151411,1.8792723109864085,9.999995641806377e-05,confluence_lost
A,BTCUSDT/SOLUSDT,short_a_long_b,2023-02-09T20:00:00,22010.06,21.43,2023-02-09T20:30:00,21907.1,21.56,0.00834412319095286,2,3.0249841158807556,2.088729233548004,9.999995641806377e-05,confluence_lost
A,BTCUSDT/SOLUSDT,short_a_long_b,2023-02-09T21:00:00,21978.0,21.29,2023-02-09T21:30:00,21755.11,21.29,0.007741505141505137,2,3.124811403848435,2.2736640217269306,9.999995641806377e-05,confluence_lost
A,BTCUSDT/SOLUSDT,short_a_long_b,2023-02-09T22:00:00,21855.46,21.16,2023-02-09T22:30:00,21891.17,20.27,-0.04609440814395986,2,2.883232236092738,5.0609160202075225,9.999995641806377e-05,regime_break
A,BTCUSDT/SOLUSDT,short_a_long_b,2023-02-09T23:00:00,21759.88,20.53,2023-02-09T23:30:00,21832.26,20.48,-0.00816176541029727,2,3.6379749441489437,3.6395639238891677,9.999995641806377e-05,regime_break
A,BTCUSDT/SOLUSDT,short_a_long_b,2023-02-10T00:00:00,21803.87,20.54,2023-02-10T00:30:00,21833.61,20.4,-0.010579946887384548,2,3.2100135035944035,3.3813648103708727,9.999995641806377e-05,regime_break
A,BTCUSDT/SOLUSDT,short_a_long_b,2023-02-10T01:00:00,21799.89,20.59,2023-02-10T01:30:00,21824.53,20.79,0.006183172199978507,2,2.736083227837168,2.2655130697501136,9.999996610293848e-05,confluence_lost
A,BTCUSDT/SOLUSDT,short_a_long_b,2023-02-10T02:00:00,21892.64,20.72,2023-02-10T02:30:00,21877.56,20.87,0.005528198206757609,2,2.4494849086916948,2.0412741172539204,9.999996610293848e-05,confluence_lost
A,BTCUSDT/SOLUSDT,long_a_short_b,2023-02-12T15:00:00,21935.35,21.27,2023-02-12T15:30:00,21896.31,21.43,-0.011702107490643862,2,-2.3465631428921347,-3.0607029700583093,7.904008154857627e-05,regime_break
A,BTCUSDT/SOLUSDT,long_a_short_b,2023-02-12T16:00:00,21951.21,21.65,2023-02-12T16:30:00,21941.67,21.59,-6.323760172170833e-05,2,-3.5009595101537454,-3.101682349988475,7.904008154857627e-05,regime_break
A,BTCUSDT/SOLUSDT,long_a_short_b,2023-02-12T17:00:00,22010.07,21.76,2023-02-12T17:30:00,22021.73,21.77,-0.0023298013079920275,2,-3.262470497363991,-3.091647842172,6.652006342667044e-05,regime_break
A,BTCUSDT/SOLUSDT,long_a_short_b,2023-02-12T18:00:00,21981.86,22.11,2023-02-12T18:30:00,21963.33,22.16,-0.005504387964402377,2,-3.967542960247048,-3.813358251507542,6.652006342667044e-05,regime_break
A,BTCUSDT/SOLUSDT,long_a_short_b,2023-02-12T19:00:00,21977.98,22.05,2023-02-12T19:30:00,21964.49,22.04,-0.0025602814331215228,2,-3.2370944502143875,-3.0682585842649486,6.652006342667044e-05,regime_break
A,BTCUSDT/SOLUSDT,long_a_short_b,2023-02-12T20:00:00,22011.46,22.16,2023-02-12T20:30:00,21994.58,22.14,-0.0022643461802096952,2,-3.061360486594269,-2.8907559683719133,6.652006342667044e-05,confluence_lost
A,BTCUSDT/SOLUSDT,long_a_short_b,2023-02-14T14:30:00,21594.74,21.95,2023-02-14T15:00:00,22208.09,21.9,0.028280654256936114,2,-2.5328207289442974,-1.0584417604277174,8.01804976546944e-05,confluence_lost
A,BTCUSDT/SOLUSDT,short_a_long_b,2023-02-16T13:30:00,24539.85,23.29,2023-02-16T14:00:00,24410.13,23.19,-0.0014075923974494063,2,2.5094888010921124,2.348541992794748,7.975450337587266e-05,confluence_lost
A,BTCUSDT/SOLUSDT,short_a_long_b,2023-02-16T16:00:00,25063.07,23.62,2023-02-16T16:30:00,24861.6,23.68,0.008178740573095936,2,2.870896840509301,1.935189850065893,7.975450337587266e-05,confluence_lost
A,BTCUSDT/SOLUSDT,short_a_long_b,2023-02-16T20:00:00,24870.58,23.11,2023-02-16T22:00:00,24526.29,22.59,-0.011057817974696224,5,3.315178737273239,3.36827432916655,0.00011352239151456763,regime_break
A,BTCUSDT/SOLUSDT,short_a_long_b,2023-02-16T22:30:00,24334.33,22.41,2023-02-16T23:00:00,24050.46,22.36,0.007034265798982434,2,3.1605337636790254,2.4695715437375525,0.00011352239151456763,confluence_lost
A,BTCUSDT/SOLUSDT,short_a_long_b,2023-02-16T23:30:00,23919.19,22.24,2023-02-17T00:00:00,23471.26,22.44,0.025319610467428325,2,2.3654980851315948,0.7451302228870031,0.00011352239151456763,confluence_lost
A,BTCUSDT/SOLUSDT,long_a_short_b,2023-02-19T05:30:00,24806.29,23.96,2023-02-19T06:00:00,24745.28,23.64,0.0084961357989249,2,-2.7340216153034533,-0.9867157224969071,0.00010232831759417249,confluence_lost
A,BTCUSDT/SOLUSDT,long_a_short_b,2023-02-19T12:30:00,24685.24,24.4,2023-02-19T13:00:00,24700.89,24.17,0.007660211596278235,2,-4.934616156083748,-3.399221680374919,0.00010181091368435638,regime_break
A,BTCUSDT/SOLUSDT,long_a_short_b,2023-02-19T13:30:00,24692.4,24.29,2023-02-19T14:00:00,24672.57,24.26,-0.001968004946947197,2,-3.687192304592742,-3.382019450551351,0.00010181091368435638,regime_break
A,BTCUSDT/SOLUSDT,long_a_short_b,2023-02-19T14:30:00,24754.25,24.33,2023-02-19T15:00:00,24764.63,24.46,-0.007323875763697571,2,-3.128176904273762,-3.3516843317686096,0.00010181091368435638,regime_break
A,BTCUSDT/SOLUSDT,long_a_short_b,2023-02-19T15:30:00,24838.63,25.26,2023-02-19T16:00:00,24960.46,25.0,0.012797813175442777,2,-5.087698718902077,-3.594527520805229,0.00010181091368435638,regime_break
A,BTCUSDT/SOLUSDT,long_a_short_b,2023-02-19T17:00:00,24746.47,24.68,2023-02-19T18:00:00,24380.18,24.3,-0.0018046244137334554,3,-2.9994444044070385,-2.697963931860119,0.00010140848842116608,confluence_lost
A,BTCUSDT/SOLUSDT,long_a_short_b,2023-02-19T18:30:00,24449.49,24.27,2023-02-19T19:00:00,24459.73,24.48,-0.010633834959869623,2,-2.340654882277112,-2.7052104852568424,0.00010140848842116608,confluence_lost
A,BTCUSDT/SOLUSDT,long_a_short_b,2023-02-19T19:30:00,24539.12,24.65,2023-02-19T20:00:00,24505.04,24.16,0.01608949328758842,2,-2.7775318950306143,-1.6681465942268046,0.00010140848842116608,confluence_lost
A,BTCUSDT/SOLUSDT,long_a_short_b,2023-02-19T20:30:00,24354.57,24.67,2023-02-19T21:00:00,24506.52,24.69,0.003028374202351538,2,-3.0039335940551517,-2.5885146552175655,0.00010140848842116608,confluence_lost
A,BTCUSDT/SOLUSDT,long_a_short_b,2023-02-19T21:30:00,24506.41,25.19,2023-02-19T22:00:00,24529.37,25.6,-0.017739402384991762,2,-3.3779150203145756,-3.769006686914752,0.00010140848842116608,regime_break
A,BTCUSDT/SOLUSDT,long_a_short_b,2023-02-19T22:30:00,24544.71,25.2,2023-02-19T23:00:00,24471.27,25.07,-0.0002333606013561894,2,-2.8632223402583845,-2.6456646979726957,0.00010140848842116608,confluence_lost
A,BTCUSDT/SOLUSDT,long_a_short_b,2023-02-19T23:30:00,24386.65,24.84,2023-02-20T00:00:00,24310.99,24.61,0.003756742103356372,2,-2.312020157367027,-1.9905795267143473,0.00010140848842116608,confluence_lost
A,BTCUSDT/SOLUSDT,long_a_short_b,2023-02-20T01:30:00,24016.41,24.68,2023-02-20T02:00:00,24224.38,25.78,-0.038311006694661295,2,-2.354853093622693,-3.4103480368265373,0.00010109549099424028,regime_break
A,BTCUSDT/SOLUSDT,long_a_short_b,2023-02-20T02:30:00,24286.49,25.75,2023-02-20T03:00:00,24351.9,25.78,-0.0008717816286268197,2,-3.0781317063101206,-2.8630728546800226,0.00010109549099424028,confluence_lost
A,BTCUSDT/SOLUSDT,long_a_short_b,2023-02-20T03:30:00,24423.02,26.16,2023-02-20T04:00:00,24413.2,25.96,0.004843180261549909,2,-3.047446690701407,-2.68505101955484,0.00010109549099424028,confluence_lost
A,BTCUSDT/SOLUSDT,long_a_short_b,2023-02-20T04:30:00,24459.95,26.49,2023-02-20T05:00:00,24476.11,26.51,-0.0024943300545697132,2,-3.035154390787207,-2.872277583036243,0.00010109549099424028,confluence_lost
A,BTCUSDT/SOLUSDT,long_a_short_b,2023-02-20T05:30:00,24459.72,26.46,2023-02-20T06:00:00,24488.8,26.7,-0.010281401371246265,2,-2.6991077880628116,-2.7555799808673456,0.00010109549099424028,confluence_lost
A,BTCUSDT/SOLUSDT,long_a_short_b,2023-02-20T06:30:00,24454.13,26.58,2023-02-20T07:00:00,24504.92,26.9,-0.012362177380156145,2,-2.557759514504648,-2.664843334354391,0.00010109549099424028,confluence_lost
A,BTCUSDT/SOLUSDT,short_a_long_b,2023-02-22T06:30:00,24025.39,23.54,2023-02-22T07:00:00,23941.31,23.66,0.0061973370476403195,2,2.6118718959689873,2.1909142202055683,0.00010024251689271505,confluence_lost
A,BTCUSDT/SOLUSDT,short_a_long_b,2023-02-22T08:00:00,24061.82,23.59,2023-02-22T08:30:00,23980.63,23.37,-0.008351760362254976,2,2.4624369262945316,2.635150763601509,0.00010024251689271505,confluence_lost
A,BTCUSDT/SOLUSDT,short_a_long_b,2023-02-24T15:30:00,23571.01,23.05,2023-02-24T16:00:00,23346.86,22.67,-0.009376337410743882,2,3.479640398206476,4.182551085376162,6.478547303346045e-05,regime_break
A,BTCUSDT/SOLUSDT,short_a_long_b,2023-02-25T12:30:00,22948.6,22.47,2023-02-25T13:00:00,23016.86,22.62,0.0013010940348760626,2,2.387591720312196,1.8563936535667098,4.119533230518098e-05,confluence_lost
A,BTCUSDT/SOLUSDT,short_a_long_b,2023-02-25T13:30:00,23038.61,22.55,2023-02-25T14:00:00,23012.21,22.58,7.627940560291048e-05,2,2.361370900754509,1.9516039637086378,4.119533230518098e-05,confluence_lost
A,BTCUSDT/SOLUSDT,short_a_long_b,2023-02-25T14:30:00,23029.38,22.49,2023-02-25T15:00:00,23007.44,22.51,-0.0005580197959286636,2,2.516260208503392,2.177879462381562,4.119533230518098e-05,confluence_lost
A,BTCUSDT/SOLUSDT,short_a_long_b,2023-02-25T15:30:00,23019.98,22.34,2023-02-25T16:00:00,23012.07,22.35,-0.001608757879126219,2,3.0793199199169106,2.818825263330064,4.119533230518098e-05,confluence_lost
A,BTCUSDT/SOLUSDT,short_a_long_b,2023-02-25T16:30:00,23048.59,22.27,2023-02-25T17:00:00,23012.04,22.34,0.0023290223311644566,2,3.228390128119628,2.5613190868996982,3.1934147348474096e-05,confluence_lost
A,BTCUSDT/SOLUSDT,short_a_long_b,2023-02-25T17:30:00,23018.17,22.31,2023-02-25T18:00:00,23043.73,22.2,-0.008440951538916372,2,2.616693234974412,3.0772321521659034,3.1934147348474096e-05,regime_break
A,BTCUSDT/SOLUSDT,short_a_long_b,2023-02-25T18:30:00,23017.26,21.93,2023-02-25T19:00:00,22991.26,21.75,-0.009478347235367376,2,3.8475449425788186,4.09109599004951,3.1934147348474096e-05,regime_break
A,BTCUSDT/SOLUSDT,short_a_long_b,2023-02-25T19:30:00,22935.45,21.92,2023-02-25T20:00:00,22984.0,21.56,-0.020940168103967746,2,3.012223533193138,4.125895430050451,3.1934147348474096e-05,regime_break
A,BTCUSDT/SOLUSDT,short_a_long_b,2023-02-25T20:30:00,22910.92,21.68,2023-02-25T21:00:00,22910.59,21.69,-0.0019243417755518276,2,3.2290842915937104,3.0077145328795845,3.1934147348474096e-05,regime_break
A,BTCUSDT/SOLUSDT,short_a_long_b,2023-02-25T21:30:00,22920.73,21.77,2023-02-25T22:00:00,22938.37,22.06,0.010151475064759954,2,2.6502380383327835,1.7711858809685108,3.1934147348474096e-05,confluence_lost
A,BTCUSDT/SOLUSDT,short_a_long_b,2023-02-28T04:00:00,23464.68,22.44,2023-02-28T08:00:00,23217.37,22.21,-0.0021098836791715735,9,2.3953984884441004,1.7105558142200084,4.573031290184076e-05,confluence_lost
A,BTCUSDT/SOLUSDT,short_a_long_b,2023-03-01T19:30:00,23644.34,22.15,2023-03-01T20:00:00,23328.78,22.22,0.014106382465628522,2,2.678523497893435,0.3382296284145495,6.060640093720872e-05,z_mean_revert
A,BTCUSDT/SOLUSDT,short_a_long_b,2023-03-02T02:30:00,23527.15,22.04,2023-03-02T03:00:00,23490.16,22.02,-0.0017352148860970006,2,2.860957450966398,2.6616879279010464,6.6276089617829e-05,confluence_lost
A,BTCUSDT/SOLUSDT,short_a_long_b,2023-03-02T03:30:00,23489.76,22.04,2023-03-02T04:00:00,23495.57,22.07,-0.0012861802959347889,2,2.429964416939547,2.1627999322468945,6.6276089617829e-05,confluence_lost
A,BTCUSDT/SOLUSDT,short_a_long_b,2023-03-02T05:30:00,23484.94,21.95,2023-03-02T06:00:00,23444.22,22.0,0.0016117814424583955,2,2.707291208583781,2.0206667690086784,6.6276089617829e-05,confluence_lost
A,BTCUSDT/SOLUSDT,short_a_long_b,2023-03-03T01:00:00,23417.77,21.01,2023-03-03T01:30:00,22804.95,20.54,0.0013987162361232676,2,5.242123332186269,4.30368488539188,7.961500512882762e-05,regime_break
A,BTCUSDT/SOLUSDT,short_a_long_b,2023-03-07T11:30:00,22380.71,20.31,2023-03-07T12:00:00,22345.29,20.42,0.0045986640903439985,2,2.4852594389935616,1.7471940566710618,3.551131506561224e-05,confluence_lost
A,BTCUSDT/SOLUSDT,short_a_long_b,2023-03-07T16:00:00,22317.96,20.12,2023-03-07T16:30:00,22251.21,20.17,0.0030759542196769486,2,2.853825829638112,2.2414310966127275,3.551131506561224e-05,confluence_lost
A,BTCUSDT/SOLUSDT,short_a_long_b,2023-03-07T19:30:00,22219.67,20.02,2023-03-07T20:00:00,22138.27,19.98,-0.0007345812541295492,2,2.580871899024068,2.355112304760582,3.3466578384365075e-05,confluence_lost
A,BTCUSDT/SOLUSDT,short_a_long_b,2023-03-08T03:00:00,22172.18,19.87,2023-03-08T03:30:00,22109.66,20.0,0.0069622762163037005,2,2.604749855948074,1.6430648269961226,3.2511783187839506e-05,confluence_lost
A,BTCUSDT/SOLUSDT,short_a_long_b,2023-03-08T05:00:00,22145.65,19.78,2023-03-08T05:30:00,22058.72,19.65,-0.005046919383842094,2,2.653446773517399,2.7596097204998737,3.2511783187839506e-05,confluence_lost
A,BTCUSDT/SOLUSDT,short_a_long_b,2023-03-08T06:00:00,21947.11,19.61,2023-03-08T06:30:00,22014.28,19.55,-0.008520203070713925,2,2.394371369734279,2.786459520164828,3.2511783187839506e-05,confluence_lost
A,BTCUSDT/SOLUSDT,short_a_long_b,2023-03-08T07:00:00,22025.64,19.19,2023-03-08T07:30:00,21979.66,19.19,-0.00031243296449050316,2,3.99588031135573,3.5374305247117515,3.2511783187839506e-05,regime_break
A,BTCUSDT/SOLUSDT,short_a_long_b,2023-03-08T08:00:00,21974.59,19.35,2023-03-08T08:30:00,22007.13,19.31,-0.0059479846970493105,2,2.76612277971104,2.855262020038028,3.2511783187839506e-05,confluence_lost
A,BTCUSDT/SOLUSDT,short_a_long_b,2023-03-08T09:00:00,22000.73,19.33,2023-03-08T09:30:00,21977.65,19.36,0.00020104782221304308,2,2.6341468635414116,2.366449164515714,3.376694247943072e-05,confluence_lost
A,BTCUSDT/SOLUSDT,short_a_long_b,2023-03-08T10:00:00,22016.1,19.33,2023-03-08T10:30:00,22042.46,19.48,0.0041626530053855,2,2.464954788717217,1.9984904383562856,3.376694247943072e-05,confluence_lost
A,BTCUSDT/SOLUSDT,short_a_long_b,2023-03-08T11:00:00,22113.07,19.39,2023-03-08T11:30:00,22090.5,19.34,-0.003957985442782738,2,2.3702548814760926,2.3625838846973366,3.376694247943072e-05,confluence_lost
A,BTCUSDT/SOLUSDT,short_a_long_b,2023-03-08T12:00:00,22075.86,19.18,2023-03-08T12:30:00,22054.36,19.04,-0.008725355579967273,2,2.663357775095986,2.8515375933530405,3.376694247943072e-05,confluence_lost
A,BTCUSDT/SOLUSDT,short_a_long_b,2023-03-08T13:00:00,22016.29,18.91,2023-03-08T13:30:00,22016.68,18.77,-0.009821204373016187,2,2.951062953495527,3.1263619732368273,3.376694247943072e-05,regime_break
A,BTCUSDT/SOLUSDT,short_a_long_b,2023-03-08T14:00:00,21986.04,18.8,2023-03-08T14:30:00,22009.25,18.84,-0.0013280102960496064,2,2.8295545940078672,2.6519074295139444,3.376694247943072e-05,confluence_lost
A,BTCUSDT/SOLUSDT,short_a_long_b,2023-03-08T17:30:00,22086.3,18.83,2023-03-08T18:00:00,22038.32,18.65,-0.009786826612602148,2,2.379570521023808,2.5722638476073105,4.84853997062239e-05,confluence_lost
A,BTCUSDT/SOLUSDT,short_a_long_b,2023-03-08T22:30:00,21995.06,18.37,2023-03-08T23:00:00,21783.28,18.49,0.013760915443961366,2,2.3515706411917514,1.7583623314074335,4.84853997062239e-05,confluence_lost
A,BTCUSDT/SOLUSDT,short_a_long_b,2023-03-09T20:30:00,20687.61,16.83,2023-03-09T21:00:00,20211.06,17.26,0.046185140846758135,2,2.337225764420423,0.46392329583196235,7.576199190567188e-05,z_mean_revert
A,BTCUSDT/SOLUSDT,short_a_long_b,2023-03-10T09:30:00,19912.27,16.48,2023-03-10T10:00:00,19866.86,16.16,-0.019536972299867103,2,2.436561025751839,3.673722233216226,3.1626143251579285e-05,regime_break
A,BTCUSDT/SOLUSDT,short_a_long_b,2023-03-10T10:30:00,19824.12,16.18,2023-03-10T11:00:00,19650.11,16.34,0.016266442559901353,2,3.2993791882926153,1.789212513677292,3.1626143251579285e-05,confluence_lost
A,BTCUSDT/SOLUSDT,long_a_short_b,2023-03-10T15:30:00,19868.0,17.67,2023-03-10T16:00:00,19990.45,17.81,-0.004159856421937433,2,-3.4936592597164324,-3.4005720109260635,3.1626143251579285e-05,regime_break
A,BTCUSDT/SOLUSDT,long_a_short_b,2023-03-10T17:30:00,19909.66,17.66,2023-03-10T23:00:00,20093.66,18.19,-0.02316958006631946,12,-2.77821943754078,-2.7884252059827204,2.0938111417895e-05,confluence_lost
A,BTCUSDT/SOLUSDT,long_a_short_b,2023-03-10T23:30:00,20146.75,18.17,2023-03-11T00:00:00,20150.72,18.23,-0.00550509227972866,2,-2.489176844067171,-2.5201643280966284,2.0938111417895e-05,confluence_lost
A,BTCUSDT/SOLUSDT,long_a_short_b,2023-03-11T01:30:00,20363.52,18.73,2023-03-11T02:00:00,20568.04,18.47,0.021524923820097144,2,-2.9219632728828655,-1.8549106609346262,2.153853110280722e-05,confluence_lost
A,BTCUSDT/SOLUSDT,long_a_short_b,2023-03-12T22:00:00,21212.98,20.05,2023-03-12T22:30:00,21811.5,19.83,0.03678736913934251,2,-4.386617958883782,-1.8876925622048142,8.988738712677287e-06,confluence_lost
A,BTCUSDT/SOLUSDT,long_a_short_b,2023-03-12T23:00:00,21729.28,20.03,2023-03-12T23:30:00,21855.61,20.2,-0.0050734547407945,2,-2.6759949258785296,-2.7354925745989,8.988738712677287e-06,confluence_lost
A,BTCUSDT/SOLUSDT,short_a_long_b,2023-03-13T15:30:00,24395.34,20.71,2023-03-13T16:00:00,24030.97,20.66,0.010121756649602534,2,2.5532230257804636,1.7600458758790716,3.607936045581712e-05,confluence_lost
A,BTCUSDT/SOLUSDT,short_a_long_b,2023-03-13T19:00:00,24279.09,20.54,2023-03-13T19:30:00,24195.49,20.52,6.958231527760773e-05,2,2.370838004941344,2.149461044535355,5.02839470211911e-05,confluence_lost
A,BTCUSDT/SOLUSDT,short_a_long_b,2023-03-13T20:00:00,24269.03,20.29,2023-03-13T20:30:00,24069.07,20.32,0.007317868330472946,2,2.7938238053347058,2.1896231570842155,5.02839470211911e-05,confluence_lost
A,BTCUSDT/SOLUSDT,short_a_long_b,2023-03-14T02:00:00,24442.32,20.26,2023-03-14T02:30:00,24276.27,20.25,0.0038999615506742492,2,2.315679357943222,1.9832549690425763,7.25364032387042e-05,confluence_lost
A,BTCUSDT/SOLUSDT,short_a_long_b,2023-03-15T15:00:00,24687.63,19.82,2023-03-15T15:30:00,24601.53,19.24,-0.028175793761248277,2,2.9003432557716318,4.138764119740152,0.00014797509284806109,regime_break
A,BTCUSDT/SOLUSDT,short_a_long_b,2023-03-15T16:00:00,24458.59,19.26,2023-03-15T16:30:00,24341.06,18.79,-0.021997642845266216,2,3.475534849392476,4.136459057758468,0.00014797509284806109,regime_break
A,BTCUSDT/SOLUSDT,short_a_long_b,2023-03-15T17:00:00,24157.49,19.03,2023-03-15T17:30:00,24284.26,19.03,-0.007647647830962431,2,2.9293413448391523,3.005464482626941,0.00016426062777071416,regime_break
A,BTCUSDT/SOLUSDT,short_a_long_b,2023-03-15T18:00:00,24251.6,19.02,2023-03-15T18:30:00,24423.35,19.14,-0.0031728586953812398,2,2.813449947748773,2.711051041016672,0.00016426062777071416,confluence_lost
A,BTCUSDT/SOLUSDT,short_a_long_b,2023-03-15T19:00:00,24416.73,19.17,2023-03-15T19:30:00,24429.61,19.09,-0.007100694435924246,2,2.5143351038223236,2.5884025008859024,0.00016426062777071416,confluence_lost
A,BTCUSDT/SOLUSDT,short_a_long_b,2023-03-17T12:00:00,26876.78,20.38,2023-03-17T12:30:00,26644.45,20.35,0.004772233274202911,2,2.6401656498582398,2.1349427043536315,0.0001067291407296041,confluence_lost
A,BTCUSDT/SOLUSDT,short_a_long_b,2023-03-17T14:00:00,26502.57,20.16,2023-03-17T14:30:00,26433.78,20.01,-0.0072448788578401285,2,2.5216552007518658,2.8529055280806204,0.0001067291407296041,confluence_lost
A,BTCUSDT/SOLUSDT,short_a_long_b,2023-03-17T15:00:00,26266.18,19.97,2023-03-17T15:30:00,26351.0,20.04,-0.0021239897616667646,2,2.4241243371164343,2.3114387003936954,0.0001067291407296041,confluence_lost
A,BTCUSDT/SOLUSDT,short_a_long_b,2023-03-17T16:00:00,26407.13,20.04,2023-03-17T16:30:00,26520.99,19.99,-0.009206724278413222,2,2.3746995435084095,2.767062522513553,0.0001067291407296041,confluence_lost
A,BTCUSDT/SOLUSDT,short_a_long_b,2023-03-17T18:00:00,26457.68,19.95,2023-03-17T18:30:00,26405.09,20.19,0.011617777813445931,2,2.465355542787193,1.4918540298261662,0.00010523377612302541,confluence_lost
A,BTCUSDT/SOLUSDT,long_a_short_b,2023-03-18T00:30:00,27211.53,22.19,2023-03-18T01:00:00,27570.94,22.45,-0.0009089855278881375,2,-2.729733672730269,-2.532680511454685,0.0001040707147623531,confluence_lost
A,BTCUSDT/SOLUSDT,long_a_short_b,2023-03-18T02:00:00,27333.05,22.53,2023-03-18T02:30:00,27385.43,22.56,-0.0018151965946338476,2,-3.042984485269647,-2.875420033128134,0.0001040707147623531,confluence_lost
A,BTCUSDT/SOLUSDT,long_a_short_b,2023-03-18T03:00:00,27275.26,22.63,2023-03-18T03:30:00,27273.91,22.64,-0.0028913866982683144,2,-3.0815281245479795,-2.95113841290439,0.0001040707147623531,confluence_lost
A,BTCUSDT/SOLUSDT,long_a_short_b,2023-03-18T04:00:00,27299.66,22.69,2023-03-18T04:30:00,27320.85,22.49,0.007190655850512109,2,-2.866652935781841,-2.3220852221382895,0.0001040707147623531,confluence_lost
A,BTCUSDT/SOLUSDT,short_a_long_b,2023-03-19T23:30:00,28216.9,21.86,2023-03-20T01:00:00,27839.5,22.2,0.026528485646625535,4,2.4078469088846024,0.3550762946516213,0.0001011586394860348,z_mean_revert
A,BTCUSDT/SOLUSDT,long_a_short_b,2023-03-20T07:30:00,27826.06,23.09,2023-03-20T12:30:00,28198.59,23.74,-0.01716290475062214,11,-2.833334606341729,-3.0666894882956566,0.00010090116404469374,regime_break
A,BTCUSDT/SOLUSDT,long_a_short_b,2023-03-20T14:00:00,27857.55,23.29,2023-03-20T14:30:00,27967.91,23.21,0.004996533748164625,2,-2.381313095313576,-1.8927569702331177,9.865868314587291e-05,confluence_lost
A,BTCUSDT/SOLUSDT,short_a_long_b,2023-03-22T19:30:00,27521.9,21.1,2023-03-22T20:00:00,26752.93,21.3,0.03501896780554366,2,3.6293822003781404,0.2829360815295779,4.059054002106257e-05,z_mean_revert
A,BTCUSDT/SOLUSDT,short_a_long_b,2023-03-24T08:00:00,28284.56,21.76,2023-03-24T08:30:00,28161.26,21.6,-0.0053936723739859554,2,2.307911640082716,2.521901243167168,5.315430065395081e-05,confluence_lost
A,BTCUSDT/SOLUSDT,short_a_long_b,2023-03-24T09:30:00,28177.3,21.59,2023-03-24T10:00:00,28032.36,21.58,0.0022806795375395895,2,2.497498863804668,1.955639680578469,6.356445606418397e-05,confluence_lost
A,BTCUSDT/SOLUSDT,short_a_long_b,2023-03-24T14:30:00,28156.85,21.45,2023-03-24T15:00:00,28017.24,21.2,-0.009096715538791475,2,2.8666362152026688,3.367152099451038,6.356445606418397e-05,regime_break
A,BTCUSDT/SOLUSDT,short_a_long_b,2023-03-24T15:30:00,27967.75,21.2,2023-03-24T16:00:00,28025.39,21.1,-0.009177926327881211,2,3.0468579567647796,3.4962753328916407,6.356445606418397e-05,regime_break
A,BTCUSDT/SOLUSDT,short_a_long_b,2023-03-24T16:30:00,27926.61,20.97,2023-03-24T17:00:00,27870.23,20.73,-0.01182605830343357,2,3.468607638100895,3.9193243425135336,7.166124360547641e-05,regime_break
A,BTCUSDT/SOLUSDT,short_a_long_b,2023-03-24T17:30:00,27700.67,20.42,2023-03-24T18:00:00,27641.85,20.59,0.00804858574399521,2,4.1777280391440845,3.1858624517258747,7.166124360547641e-05,regime_break
A,BTCUSDT/SOLUSDT,short_a_long_b,2023-03-24T18:30:00,27692.42,20.7,2023-03-24T19:00:00,27725.0,20.66,-0.005508862378416787,2,2.8012802219533937,2.852082058519196,7.166124360547641e-05,confluence_lost
A,BTCUSDT/SOLUSDT,short_a_long_b,2023-03-24T19:30:00,27851.96,20.75,2023-03-24T20:00:00,27805.13,20.58,-0.008911381336542387,2,2.722315791877041,2.9513181763787495,7.166124360547641e-05,confluence_lost
A,BTCUSDT/SOLUSDT,short_a_long_b,2023-03-24T20:30:00,27702.07,20.51,2023-03-24T21:00:00,27579.32,20.43,-0.0018694595125171997,2,2.799618198692544,2.649348783985352,7.166124360547641e-05,confluence_lost
A,BTCUSDT/SOLUSDT,short_a_long_b,2023-03-27T05:30:00,27841.74,20.51,2023-03-27T06:00:00,27694.25,20.55,0.004847710060259261,2,2.4811550583061477,1.3501415504638323,2.102173287817355e-05,confluence_lost
A,BTCUSDT/SOLUSDT,short_a_long_b,2023-03-27T07:30:00,27812.64,20.45,2023-03-27T09:30:00,27925.19,20.61,0.0013772396771742491,5,2.462040822754652,1.6952438179949716,2.102173287817355e-05,confluence_lost
A,BTCUSDT/SOLUSDT,short_a_long_b,2023-03-27T14:00:00,27689.68,20.22,2023-03-27T14:30:00,27296.38,19.89,-0.004516626990113612,2,2.5899508372915583,2.702828500347843,2.1703570016357207e-05,confluence_lost
A,BTCUSDT/SOLUSDT,short_a_long_b,2023-03-27T16:30:00,27235.08,19.69,2023-03-27T17:00:00,27128.96,19.64,-0.0010429147614733768,2,3.247811312246888,2.927955646648606,1.600055445716672e-05,confluence_lost
A,BTCUSDT/SOLUSDT,short_a_long_b,2023-03-27T19:30:00,27100.0,19.68,2023-03-27T20:00:00,27013.97,19.72,0.002807059070590603,2,2.3579911684780543,1.8082829388119745,1.600055445716672e-05,confluence_lost
A,BTCUSDT/SOLUSDT,long_a_short_b,2023-03-28T18:30:00,26891.7,20.65,2023-03-28T19:00:00,27370.84,20.56,0.01977574698174374,2,-3.4480156058676164,-1.4439557042079711,2.4285254017569524e-05,confluence_lost
A,BTCUSDT/SOLUSDT,long_a_short_b,2023-03-28T19:30:00,27223.62,20.7,2023-03-28T20:00:00,27442.41,20.62,0.009501505309397154,2,-2.4921500357850053,-1.4349950201047676,2.4285254017569524e-05,confluence_lost
A,BTCUSDT/SOLUSDT,long_a_short_b,2023-03-29T01:00:00,27277.04,20.79,2023-03-29T01:30:00,27406.4,20.75,0.004266451984565614,2,-2.566243806318971,-1.9410930740031016,3.238853090255407e-05,confluence_lost
A,BTCUSDT/SOLUSDT,long_a_short_b,2023-03-29T06:00:00,27535.41,21.14,2023-03-29T06:30:00,28078.19,21.16,0.016365998770262638,2,-2.452082664450368,-1.123212031464039,3.238853090255407e-05,confluence_lost
A,BTCUSDT/SOLUSDT,short_a_long_b,2023-03-30T03:00:00,28992.32,20.91,2023-03-30T04:00:00,28472.81,21.2,0.029387845564692386,3,3.145739028720323,0.332103675770764,5.759155843563244e-05,z_mean_revert
A,BTCUSDT/SOLUSDT,short_a_long_b,2023-03-30T08:30:00,28701.23,20.7,2023-03-30T09:00:00,28565.19,20.65,-7.559238792469213e-05,2,2.9136260683884045,2.6203468595189845,5.7322323227714116e-05,confluence_lost
A,BTCUSDT/SOLUSDT,short_a_long_b,2023-03-30T09:30:00,28578.01,20.67,2023-03-30T10:00:00,28587.83,20.63,-0.004678792593430667,2,2.516341801448674,2.60838766031198,5.7322323227714116e-05,confluence_lost
A,BTCUSDT/SOLUSDT,short_a_long_b,2023-03-30T12:00:00,28648.88,20.49,2023-03-30T12:30:00,28649.0,20.64,0.004916455571271031,2,2.873095431205589,2.2809404515007565,5.7322323227714116e-05,confluence_lost
A,BTCUSDT/SOLUSDT,long_a_short_b,2023-03-31T22:30:00,28564.51,21.4,2023-03-31T23:00:00,28563.38,21.29,0.0027006273365357126,2,-2.59744037392488,-2.0573127033557386,5.171689652030812e-05,confluence_lost
A,BTCUSDT/SOLUSDT,short_a_long_b,2023-04-02T15:00:00,28275.72,20.55,2023-04-02T15:30:00,28067.81,20.58,0.006412805592843032,2,3.382742919336498,1.587932039672754,6.833392876791849e-05,confluence_lost
A,BTCUSDT/SOLUSDT,short_a_long_b,2023-04-02T16:00:00,28117.67,20.46,2023-04-02T16:30:00,28002.22,20.58,0.0075710616323418495,2,3.0138752634727153,1.0578464360822202,6.833392876791849e-05,confluence_lost
A,BTCUSDT/SOLUSDT,short_a_long_b,2023-04-02T18:00:00,28195.79,20.58,2023-04-02T18:30:00,28162.83,20.55,-0.0026887571050101954,2,2.3341733427497924,2.3331910180427964,6.317972237504772e-05,confluence_lost
A,BTCUSDT/SOLUSDT,short_a_long_b,2023-04-02T19:00:00,28157.89,20.54,2023-04-02T19:30:00,28120.95,20.34,-0.0108252102735346,2,2.3028960780902854,3.5414710452392426,6.317972237504772e-05,regime_break
A,BTCUSDT/SOLUSDT,short_a_long_b,2023-04-02T21:30:00,28111.84,20.42,2023-04-02T22:00:00,27980.0,20.4,0.0013104069426809885,2,2.5332093870497947,1.9000091070698968,6.317972237504772e-05,confluence_lost
A,BTCUSDT/SOLUSDT,short_a_long_b,2023-04-03T01:00:00,28133.91,20.36,2023-04-03T01:30:00,28019.22,20.12,-0.01011124404579726,2,2.729342866352645,3.5971113943920434,5.304867295837045e-05,regime_break
A,BTCUSDT/SOLUSDT,short_a_long_b,2023-04-03T04:00:00,27753.75,20.04,2023-04-03T04:30:00,27691.97,20.06,0.0008240094867688198,2,2.3624947282601934,1.9118209840836164,5.304867295837045e-05,confluence_lost
A,BTCUSDT/SOLUSDT,short_a_long_b,2023-04-03T10:30:00,28488.87,20.39,2023-04-03T12:00:00,28249.32,20.35,0.004046800962844224,4,2.549984065641044,1.752827294700975,3.850452341206591e-05,confluence_lost
A,BTCUSDT/SOLUSDT,short_a_long_b,2023-04-03T14:30:00,28243.27,20.16,2023-04-03T15:00:00,27962.87,20.21,0.010008187602169774,2,2.42176135035595,1.2420952428422272,3.850452341206591e-05,confluence_lost
A,BTCUSDT/SOLUSDT,long_a_short_b,2023-04-04T12:00:00,28300.8,21.14,2023-04-04T14:00:00,28170.69,20.96,0.001517267603776087,5,-2.6307664076914077,-2.076924316016732,1.236160703750152e-05,confluence_lost
A,BTCUSDT/SOLUSDT,short_a_long_b,2023-04-06T20:30:00,28088.03,20.57,2023-04-06T21:30:00,28021.48,20.58,0.0004554815601453678,3,2.9563656370737865,2.108781207850973,1.7223744967714637e-05,confluence_lost
A,BTCUSDT/SOLUSDT,short_a_long_b,2023-04-07T02:30:00,28012.69,20.52,2023-04-07T03:00:00,28017.31,20.5,-0.003539584122914927,2,2.4282912333589213,2.5971606730509325,1.5627357197111385e-05,confluence_lost
A,BTCUSDT/SOLUSDT,short_a_long_b,2023-04-07T04:30:00,28054.74,20.52,2023-04-07T05:00:00,28021.76,20.48,-0.003173758813632841,2,2.4415006200958156,2.513871479984603,1.5627357197111385e-05,confluence_lost
A,BTCUSDT/SOLUSDT,short_a_long_b,2023-04-07T05:30:00,27971.89,20.45,2023-04-07T06:00:00,27984.74,20.42,-0.004326382430976758,2,2.3497416853204838,2.6410560215151975,1.5627357197111385e-05,confluence_lost
A,BTCUSDT/SOLUSDT,short_a_long_b,2023-04-07T06:30:00,27947.39,20.41,2023-04-07T07:30:00,27909.97,20.28,-0.007430482399364877,3,2.371261225792757,3.068146642879809,1.5627357197111385e-05,regime_break
A,BTCUSDT/SOLUSDT,short_a_long_b,2023-04-07T08:30:00,27916.14,20.28,2023-04-07T09:00:00,27819.3,20.32,0.0030413475544378145,2,2.8972763183000336,1.8678500385604233,8.881277819975523e-06,confluence_lost
A,BTCUSDT/SOLUSDT,short_a_long_b,2023-04-08T17:30:00,27999.59,20.28,2023-04-08T18:00:00,27930.99,20.24,-0.0019223507122460436,2,2.8908542283855123,2.7052761950305344,1.2612224972681181e-05,confluence_lost
A,BTCUSDT/SOLUSDT,short_a_long_b,2023-04-08T18:30:00,27946.0,20.15,2023-04-08T20:30:00,27948.94,20.19,-0.0005200912287591096,5,3.62702488073121,2.787930022618826,1.2612224972681181e-05,confluence_lost
A,BTCUSDT/SOLUSDT,short_a_long_b,2023-04-08T21:00:00,27911.7,20.15,2023-04-08T22:00:00,27929.81,19.94,-0.013470668080163548,3,2.795212739498139,4.338609460551106,1.2612224972681181e-05,regime_break
A,BTCUSDT/SOLUSDT,short_a_long_b,2023-04-08T22:30:00,27885.87,19.94,2023-04-08T23:00:00,27933.07,20.01,-0.0005820819044537883,2,3.7329244912022648,3.210307984706708,1.2612224972681181e-05,regime_break
A,BTCUSDT/SOLUSDT,short_a_long_b,2023-04-08T23:30:00,27958.12,20.04,2023-04-09T00:00:00,27937.74,20.13,0.0028199654040283596,2,2.942990209806581,2.0719038474987004,1.2612224972681181e-05,confluence_lost
A,BTCUSDT/SOLUSDT,short_a_long_b,2023-04-09T00:30:00,28023.91,20.13,2023-04-09T02:00:00,28082.71,20.23,0.0004695016057418423,4,2.453903547666559,1.8433921220577976,1.1920619423196474e-05,confluence_lost
A,BTCUSDT/SOLUSDT,short_a_long_b,2023-04-10T17:00:00,29092.64,20.51,2023-04-10T17:30:00,29239.94,20.53,-0.006488002162457415,2,3.6524323292721834,4.055284716901057,4.6197383370517086e-05,regime_break
A,BTCUSDT/SOLUSDT,short_a_long_b,2023-04-10T18:00:00,29157.93,20.56,2023-04-10T18:30:00,29144.58,20.66,0.0029216646614122622,2,3.1050712262391253,2.0996757024380583,4.6197383370517086e-05,confluence_lost
A,BTCUSDT/SOLUSDT,short_a_long_b,2023-04-10T19:00:00,29245.39,20.67,2023-04-10T19:30:00,29083.12,20.69,0.004116152673005205,2,2.5035902477490013,1.381058174838567,4.6197383370517086e-05,confluence_lost
A,BTCUSDT/SOLUSDT,short_a_long_b,2023-04-10T20:00:00,29205.05,20.57,2023-04-10T21:00:00,29129.5,20.64,0.0035898954765930103,3,2.9081351408151135,1.8041346075957656,4.6197383370517086e-05,confluence_lost
A,BTCUSDT/SOLUSDT,short_a_long_b,2023-04-10T22:30:00,29613.54,20.84,2023-04-10T23:00:00,29634.75,20.88,-0.0011968406323113333,2,2.6639392510013185,2.3856522771863524,4.6197383370517086e-05,confluence_lost
A,BTCUSDT/SOLUSDT,short_a_long_b,2023-04-10T23:30:00,29661.95,20.89,2023-04-11T00:00:00,29657.81,20.86,-0.0036965210724994456,2,2.3508396457606966,2.4267761151686527,4.6197383370517086e-05,confluence_lost
A,BTCUSDT/SOLUSDT,short_a_long_b,2023-04-11T01:00:00,29876.14,20.86,2023-04-11T01:30:00,29860.3,21.17,0.01299116692176834,2,3.1342821618673007,1.1744570766027378,5.8153520399291067e-05,confluence_lost
A,BTCUSDT/SOLUSDT,short_a_long_b,2023-04-11T02:30:00,30270.03,21.24,2023-04-11T03:00:00,30062.71,21.12,-0.001200698864324321,2,2.304099766987065,2.0847554106098225,5.8153520399291067e-05,confluence_lost
A,BTCUSDT/SOLUSDT,long_a_short_b,2023-04-11T04:30:00,30119.29,22.4,2023-04-11T05:00:00,30103.96,22.2,0.006019595287367466,2,-4.14394609643927,-3.064678008714049,5.8153520399291067e-05,regime_break
A,BTCUSDT/SOLUSDT,long_a_short_b,2023-04-11T06:00:00,29918.08,22.24,2023-04-11T06:30:00,30072.49,22.28,0.0009625320741543787,2,-3.4795119078900965,-2.9860481588185195,5.8153520399291067e-05,confluence_lost
A,BTCUSDT/SOLUSDT,long_a_short_b,2023-04-11T07:00:00,30035.79,22.56,2023-04-11T07:30:00,30100.02,22.47,0.0037278105326727508,2,-3.8197100058988753,-3.117292167362264,5.8153520399291067e-05,regime_break
A,BTCUSDT/SOLUSDT,long_a_short_b,2023-04-11T08:00:00,30112.75,22.42,2023-04-11T08:30:00,30130.3,22.41,-0.0013711600627112496,2,-2.7654626035527774,-2.5703466621591233,5.8153520399291067e-05,confluence_lost
A,BTCUSDT/SOLUSDT,long_a_short_b,2023-04-11T09:00:00,30084.87,22.45,2023-04-11T09:30:00,30065.0,22.49,-0.004842202071956778,2,-2.6711922653752795,-2.7028000568933526,6.74527380883375e-05,confluence_lost
A,BTCUSDT/SOLUSDT,long_a_short_b,2023-04-11T10:00:00,30047.79,22.42,2023-04-11T10:30:00,30079.19,22.43,-0.0018010283515475377,2,-2.4327703018514497,-2.3046423098524444,6.74527380883375e-05,confluence_lost
A,BTCUSDT/SOLUSDT,long_a_short_b,2023-04-11T14:00:00,30227.35,23.02,2023-04-11T14:30:00,30190.96,23.17,-0.010119949601686315,2,-2.975971041605711,-3.1687143022273108,6.74527380883375e-05,regime_break
A,BTCUSDT/SOLUSDT,long_a_short_b,2023-04-11T15:00:00,30055.78,23.37,2023-04-11T15:30:00,30195.74,23.32,0.004396170101403432,2,-3.527751687781956,-3.021552564755977,6.74527380883375e-05,regime_break
A,BTCUSDT/SOLUSDT,long_a_short_b,2023-04-11T16:00:00,30189.99,23.37,2023-04-11T19:30:00,30367.06,23.42,0.001325694011659897,8,-2.94761883648269,-2.059702104480558,6.74527380883375e-05,confluence_lost
A,BTCUSDT/SOLUSDT,long_a_short_b,2023-04-13T12:30:00,30212.28,25.03,2023-04-13T13:00:00,30275.0,24.96,0.0024726210802068073,2,-2.5119884371227053,-2.246879400596178,6.132437832864762e-05,confluence_lost
A,BTCUSDT/SOLUSDT,long_a_short_b,2023-04-16T20:00:00,30326.09,24.68,2023-04-16T20:30:00,30360.03,25.37,-0.02923869226942015,2,-2.4291757325653633,-5.292150116277613,7.605255929240775e-05,regime_break
A,BTCUSDT/SOLUSDT,long_a_short_b,2023-04-16T21:00:00,30339.34,25.15,2023-04-16T21:30:00,30318.69,25.28,-0.008249620533688315,2,-3.910665555790762,-4.118517022157715,7.605255929240775e-05,regime_break
A,BTCUSDT/SOLUSDT,long_a_short_b,2023-04-16T22:00:00,30385.63,25.26,2023-04-16T22:30:00,30324.99,25.42,-0.01072980529385241,2,-3.536341315564211,-3.9665973745716068,7.605255929240775e-05,regime_break
A,BTCUSDT/SOLUSDT,long_a_short_b,2023-04-16T23:00:00,30339.99,25.32,2023-04-16T23:30:00,30287.37,25.34,-0.004924234087316057,2,-3.37469477620059,-3.364509885697944,7.605255929240775e-05,regime_break
A,BTCUSDT/SOLUSDT,long_a_short_b,2023-04-17T01:00:00,29779.72,25.59,2023-04-17T01:30:00,29949.99,25.38,0.01152398005866391,2,-4.569230135018328,-3.3692010805363504,8.13742127829838e-05,regime_break
A,BTCUSDT/SOLUSDT,long_a_short_b,2023-04-17T02:00:00,29943.9,25.45,2023-04-17T02:30:00,29981.91,25.66,-0.009382099748533698,2,-3.3093714281382187,-3.4456382145757023,8.13742127829838e-05,regime_break
A,BTCUSDT/SOLUSDT,long_a_short_b,2023-04-17T03:00:00,30030.0,25.83,2023-04-17T03:30:00,29997.73,25.81,-0.0027002986173717968,2,-3.4463111770037758,-3.2312526076471078,8.13742127829838e-05,regime_break
A,BTCUSDT/SOLUSDT,long_a_short_b,2023-04-17T04:00:00,29981.02,25.58,2023-04-17T04:30:00,29941.91,25.58,-0.003704491975256394,2,-2.683620389617555,-2.617086060392262,8.13742127829838e-05,confluence_lost
A,BTCUSDT/SOLUSDT,long_a_short_b,2023-04-17T05:00:00,29981.17,25.53,2023-04-17T05:30:00,29967.09,25.48,-0.0009111478838895047,2,-2.3661456813098862,-2.214046236443809,8.13742127829838e-05,confluence_lost
A,BTCUSDT/SOLUSDT,short_a_long_b,2023-04-19T08:00:00,30070.01,22.65,2023-04-19T08:30:00,29252.07,22.83,0.03274820802811236,2,5.423188937415813,3.2141565874030698,6.89497382770717e-05,regime_break
A,BTCUSDT/SOLUSDT,short_a_long_b,2023-04-19T09:00:00,29201.6,22.87,2023-04-19T09:30:00,29182.56,22.93,0.0008755433350476484,2,2.8696295062269876,2.579114980681761,6.747424088216687e-05,confluence_lost
A,BTCUSDT/SOLUSDT,short_a_long_b,2023-04-21T17:00:00,28050.0,21.48,2023-04-21T17:30:00,27869.45,21.62,0.010554411017835344,2,2.9880512560636285,1.4356884645588535,7.412526567887485e-05,confluence_lost
A,BTCUSDT/SOLUSDT,short_a_long_b,2023-04-21T19:00:00,27801.0,21.38,2023-04-21T19:30:00,27373.38,21.21,0.005030104690663853,2,2.316014002260528,1.4342809832341787,7.412526567887485e-05,confluence_lost
A,BTCUSDT/SOLUSDT,long_a_short_b,2023-04-23T07:30:00,27619.13,22.07,2023-04-23T08:00:00,27715.68,22.16,-0.0029821684118063606,2,-2.4805655191465483,-2.4667600700979784,5.8786825620328996e-05,confluence_lost
A,BTCUSDT/SOLUSDT,long_a_short_b,2023-04-23T08:30:00,27678.46,22.16,2023-04-23T09:00:00,27712.64,22.14,-0.0002625776301575099,2,-2.5394273777939893,-2.19955387139241,4.8780864371367e-05,confluence_lost
A,BTCUSDT/SOLUSDT,long_a_short_b,2023-04-23T11:30:00,27554.99,22.13,2023-04-23T12:30:00,27688.63,22.07,0.005161189945280989,3,-2.5089211203035466,-1.569331903835898,4.8780864371367e-05,confluence_lost
A,BTCUSDT/SOLUSDT,short_a_long_b,2023-04-23T18:00:00,27527.57,21.12,2023-04-23T18:30:00,27430.62,21.11,0.0006484388084160987,2,2.590239328007573,2.2087203083400584,4.320511673328545e-05,confluence_lost
A,BTCUSDT/SOLUSDT,short_a_long_b,2023-04-25T03:30:00,27402.93,20.87,2023-04-25T07:00:00,27338.72,21.01,0.0066513736698966125,8,2.355538467047545,1.3387617424644878,4.1472486705779356e-05,confluence_lost
A,BTCUSDT/SOLUSDT,short_a_long_b,2023-04-26T14:00:00,29861.9,22.6,2023-04-26T14:30:00,29658.94,22.63,0.005724054071090071,2,2.387831100056358,1.3730559715607387,4.4823920222614886e-05,confluence_lost
A,BTCUSDT/SOLUSDT,short_a_long_b,2023-04-26T19:00:00,29730.87,22.16,2023-04-26T19:30:00,29148.27,21.09,-0.03108940468917791,2,3.845637135851872,5.891799808481611,5.7085271284256025e-05,regime_break
A,BTCUSDT/SOLUSDT,short_a_long_b,2023-04-26T22:00:00,28700.01,21.35,2023-04-27T00:00:00,28390.86,22.02,0.03975350627133041,5,2.9220277943018336,-0.9736834307049675,5.7085271284256025e-05,confluence_lost
A,BTCUSDT/SOLUSDT,short_a_long_b,2023-04-27T01:00:00,29309.25,21.71,2023-04-27T01:30:00,28815.87,21.55,0.007063717856761145,2,2.8220104187646964,1.9659558660785137,4.99952109988658e-05,confluence_lost
A,BTCUSDT/SOLUSDT,long_a_short_b,2023-04-28T16:30:00,29167.88,23.01,2023-04-28T17:00:00,29254.04,23.0,0.000988527914124695,2,-3.169104341258844,-2.770231562415495,6.300900457684191e-05,confluence_lost
A,BTCUSDT/SOLUSDT,long_a_short_b,2023-04-28T17:30:00,29234.82,23.15,2023-04-28T18:30:00,29179.23,23.28,-0.009917050406014469,3,-3.1030985467799925,-3.2210113230215316,6.300900457684191e-05,regime_break
A,BTCUSDT/SOLUSDT,long_a_short_b,2023-04-28T19:00:00,29269.63,23.27,2023-04-28T21:00:00,29354.89,23.18,0.0043805576431208,5,-2.844543590707845,-2.1291247326373295,6.300900457684191e-05,confluence_lost
A,BTCUSDT/SOLUSDT,short_a_long_b,2023-04-30T19:00:00,29568.27,23.13,2023-04-30T19:30:00,29317.59,23.18,0.008239701767417243,2,2.645607348267296,1.0191874673370525,5.141303422103465e-05,confluence_lost
A,BTCUSDT/SOLUSDT,short_a_long_b,2023-04-30T23:30:00,29390.44,22.74,2023-05-01T00:00:00,29252.66,22.88,0.008444471259434885,2,3.5264570339604067,2.072936977239019,5.141303422103465e-05,confluence_lost
A,BTCUSDT/SOLUSDT,short_a_long_b,2023-05-01T00:30:00,29293.55,22.84,2023-05-01T01:00:00,29300.54,22.8,-0.0043899325667888095,2,2.3682950132785163,2.494262622444349,4.5399026616360276e-05,confluence_lost
A,BTCUSDT/SOLUSDT,short_a_long_b,2023-05-01T01:30:00,29241.02,22.19,2023-05-01T02:00:00,28459.96,22.16,0.022959146178411396,2,4.707654225502578,2.002352027364511,4.5399026616360276e-05,confluence_lost
A,BTCUSDT/SOLUSDT,short_a_long_b,2023-05-01T02:30:00,28625.05,22.2,2023-05-01T03:00:00,28540.47,22.14,-0.002147948038518741,2,2.3075286092627345,2.201803471654506,4.5399026616360276e-05,confluence_lost
A,BTCUSDT/SOLUSDT,short_a_long_b,2023-05-03T00:30:00,28618.23,21.93,2023-05-03T01:00:00,28519.35,22.03,0.0056151038277114235,2,2.7856814428782597,1.3407137486684868,3.686195935651967e-05,confluence_lost
A,BTCUSDT/SOLUSDT,short_a_long_b,2023-05-03T02:00:00,28543.89,21.81,2023-05-03T02:30:00,28460.0,21.9,0.00466553019380829,2,3.356067520122984,2.020399928052374,3.686195935651967e-05,confluence_lost
A,BTCUSDT/SOLUSDT,short_a_long_b,2023-05-03T03:00:00,28503.36,21.88,2023-05-03T07:00:00,28614.92,21.78,-0.010884308446057853,9,2.365611704097196,2.844257002000708,3.686195935651967e-05,confluence_lost
A,BTCUSDT/SOLUSDT,short_a_long_b,2023-05-03T07:30:00,28661.06,21.75,2023-05-03T08:00:00,28654.07,21.75,-0.002156115091346875,2,3.0547800090949093,2.8589713799019383,3.686195935651967e-05,confluence_lost
A,BTCUSDT/SOLUSDT,short_a_long_b,2023-05-03T08:30:00,28705.03,21.79,2023-05-03T09:00:00,28691.74,21.73,-0.004690571618658754,2,2.7088881067004595,2.826098227323367,4.0748190610626414e-05,confluence_lost
A,BTCUSDT/SOLUSDT,short_a_long_b,2023-05-03T09:30:00,28636.04,21.73,2023-05-03T10:00:00,28654.79,21.69,-0.004895542429406638,2,2.4892649688219644,2.6348682755626043,4.0748190610626414e-05,confluence_lost
A,BTCUSDT/SOLUSDT,short_a_long_b,2023-05-03T10:30:00,28620.79,21.64,2023-05-03T11:00:00,28586.06,21.59,-0.0034970824674345623,2,2.6240409285544857,2.6086646960598427,4.0748190610626414e-05,confluence_lost
A,BTCUSDT/SOLUSDT,short_a_long_b,2023-05-03T11:30:00,28633.08,21.41,2023-05-03T12:30:00,28524.8,21.29,-0.0042232175659470544,3,3.3494363358302346,3.1187016871979365,4.0748190610626414e-05,regime_break
A,BTCUSDT/SOLUSDT,short_a_long_b,2023-05-05T05:00:00,29228.97,21.76,2023-05-05T05:30:00,29207.79,21.78,-0.0007562588030863159,2,2.393269860077602,2.1148216526019747,5.586970955634809e-05,confluence_lost
A,BTCUSDT/SOLUSDT,long_a_short_b,2023-05-05T19:00:00,29412.37,22.83,2023-05-05T19:30:00,29427.04,22.87,-0.00365331086038849,2,-2.5426067919153867,-2.559381970710846,6.991994775630935e-05,confluence_lost
A,BTCUSDT/SOLUSDT,long_a_short_b,2023-05-07T18:00:00,28894.89,22.66,2023-05-07T20:30:00,28935.43,22.54,0.0042986914412522365,6,-2.4310069989219154,-1.59197790768944,6.663083430443273e-05,confluence_lost
A,BTCUSDT/SOLUSDT,short_a_long_b,2023-05-08T01:30:00,28462.16,21.13,2023-05-08T02:00:00,28160.38,21.12,0.0077295887710899375,2,3.116023354098994,2.040708594010237,5.3423982236781006e-05,confluence_lost
A,BTCUSDT/SOLUSDT,short_a_long_b,2023-05-08T17:30:00,27899.47,20.45,2023-05-08T18:00:00,27537.34,20.48,0.012046809127500072,2,3.5462174413366445,2.1743411296639232,4.16927793778058e-05,confluence_lost
A,BTCUSDT/SOLUSDT,short_a_long_b,2023-05-10T17:00:00,28200.26,20.35,2023-05-10T17:30:00,27198.66,20.74,0.05228202219565488,2,6.055289205939018,-3.3488782556322,4.016130851970299e-05,confluence_lost
A,BTCUSDT/SOLUSDT,long_a_short_b,2023-05-10T19:00:00,27439.66,20.98,2023-05-10T19:30:00,27709.05,20.96,0.008370830317515357,2,-3.4321140125528267,-1.690575735950086,4.016130851970299e-05,confluence_lost
A,BTCUSDT/SOLUSDT,long_a_short_b,2023-05-10T20:00:00,27690.0,21.17,2023-05-10T20:30:00,27887.58,21.22,0.0023735951700906833,2,-3.1604942018612445,-2.3526286333394038,4.016130851970299e-05,confluence_lost
A,BTCUSDT/SOLUSDT,long_a_short_b,2023-05-10T22:30:00,27533.12,21.04,2023-05-10T23:00:00,27692.28,20.99,0.005757100185193334,2,-2.679626302326606,-1.549107822505545,4.016130851970299e-05,confluence_lost
A,BTCUSDT/SOLUSDT,short_a_long_b,2023-05-11T17:00:00,27120.68,19.87,2023-05-11T17:30:00,26939.58,19.99,0.010316816340624382,2,2.5455824823446402,1.0441431543092434,4.458368837072445e-05,confluence_lost
A,BTCUSDT/SOLUSDT,long_a_short_b,2023-05-12T06:30:00,26208.27,20.07,2023-05-12T09:00:00,26293.93,20.22,-0.006605407583144582,6,-2.392022269677479,-2.4227690024473487,4.2749535399452346e-05,confluence_lost
A,BTCUSDT/SOLUSDT,long_a_short_b,2023-05-12T09:30:00,26339.72,20.29,2023-05-12T10:00:00,26376.24,20.25,0.0009579136630085273,2,-2.4798231470828176,-2.0828218919790364,4.205852753290738e-05,confluence_lost
A,BTCUSDT/SOLUSDT,long_a_short_b,2023-05-12T12:00:00,26341.47,20.35,2023-05-12T12:30:00,26405.54,20.36,-0.00045911406243485985,2,-2.3429410717399093,-2.1146748839370115,4.205852753290738e-05,confluence_lost
A,BTCUSDT/SOLUSDT,long_a_short_b,2023-05-12T14:00:00,26431.94,20.49,2023-05-12T14:30:00,26450.0,20.39,0.0031636937406517985,2,-2.309233419890574,-1.8206298143088628,4.205852753290738e-05,confluence_lost
A,BTCUSDT/SOLUSDT,long_a_short_b,2023-05-12T19:30:00,25962.11,20.49,2023-05-12T20:30:00,26419.2,20.57,0.011301698453639333,3,-2.9853182782695664,-1.972910393330976,3.884996585892796e-05,confluence_lost
A,BTCUSDT/SOLUSDT,long_a_short_b,2023-05-12T21:00:00,26488.56,20.78,2023-05-12T21:30:00,26770.97,20.73,0.010667743486658957,2,-2.364503604955242,-1.5089949349977692,3.884996585892796e-05,confluence_lost
A,BTCUSDT/SOLUSDT,short_a_long_b,2023-05-15T20:00:00,27400.29,21.08,2023-05-15T20:30:00,27346.84,21.15,0.002871392392768748,2,2.724392976124876,1.6010894678717205,1.834740834425666e-05,confluence_lost
A,BTCUSDT/SOLUSDT,short_a_long_b,2023-05-15T23:30:00,27277.45,20.99,2023-05-16T00:00:00,27174.27,21.13,0.008052454426694292,2,2.3032608012880864,0.38130337692860683,1.834740834425666e-05,z_mean_revert
A,BTCUSDT/SOLUSDT,short_a_long_b,2023-05-16T00:30:00,27285.65,20.98,2023-05-16T01:00:00,27211.97,20.71,-0.012569078929889385,2,2.372796727339718,3.8890673710175094,3.351465093442185e-05,regime_break
A,BTCUSDT/SOLUSDT,short_a_long_b,2023-05-16T19:30:00,27035.71,20.5,2023-05-16T20:00:00,26930.09,20.52,0.0024822946554398785,2,2.9910115075480697,2.201016722407633,3.8633554268971236e-05,confluence_lost
A,BTCUSDT/SOLUSDT,short_a_long_b,2023-05-16T20:30:00,26973.82,20.51,2023-05-16T21:00:00,26953.13,20.62,0.003730277486195768,2,2.397210633693081,1.5195606756805553,3.8633554268971236e-05,confluence_lost
A,BTCUSDT/SOLUSDT,short_a_long_b,2023-05-18T10:00:00,27406.51,20.77,2023-05-18T10:30:00,27356.9,20.8,0.0008545448133861623,2,2.6580615722673433,1.941014587718201,7.067321422206303e-05,confluence_lost
A,BTCUSDT/SOLUSDT,short_a_long_b,2023-05-18T12:00:00,27396.67,20.7,2023-05-18T12:30:00,27327.22,20.56,-0.006628305408018884,2,2.89863948307582,3.426950479533349,7.067321422206303e-05,regime_break
A,BTCUSDT/SOLUSDT,short_a_long_b,2023-05-18T13:00:00,27244.96,20.57,2023-05-18T13:30:00,27219.98,20.63,0.0014337360530407152,2,2.678929165560885,1.9733563074057396,7.067321422206303e-05,confluence_lost
A,BTCUSDT/SOLUSDT,short_a_long_b,2023-05-18T14:30:00,27379.29,20.59,2023-05-18T15:00:00,27243.53,20.49,-0.00229823421678492,2,2.9986540313498953,2.8242305567102166,7.067321422206303e-05,confluence_lost
A,BTCUSDT/SOLUSDT,short_a_long_b,2023-05-18T17:30:00,27016.3,20.21,2023-05-18T18:00:00,26484.65,20.33,0.023216515166170584,2,3.186493818407502,-0.27689893034087937,7.35058332838268e-05,z_mean_revert
A,BTCUSDT/SOLUSDT,short_a_long_b,2023-05-21T15:30:00,26938.55,19.94,2023-05-21T17:00:00,26880.16,19.91,-0.0017369878200468735,4,2.704086639582241,2.3585096304271245,4.5635895459271755e-05,confluence_lost
A,BTCUSDT/SOLUSDT,short_a_long_b,2023-05-21T20:30:00,26890.45,19.74,2023-05-21T21:00:00,26835.29,19.6,-0.007440912716132161,2,3.5791958006232916,4.085259442629372,4.6763474246100255e-05,regime_break
A,BTCUSDT/SOLUSDT,short_a_long_b,2023-05-21T21:30:00,26730.82,19.62,2023-05-21T22:00:00,26767.68,19.66,-0.0017401966491286535,2,3.1203016094954035,2.8751674019798634,4.6763474246100255e-05,confluence_lost
A,BTCUSDT/SOLUSDT,short_a_long_b,2023-05-21T22:30:00,26766.99,19.66,2023-05-21T23:00:00,26756.53,19.68,-0.0009919261646303278,2,2.7526216907516785,2.4627776438328075,4.6763474246100255e-05,confluence_lost
A,BTCUSDT/SOLUSDT,short_a_long_b,2023-05-21T23:30:00,26779.53,19.61,2023-05-22T00:00:00,26744.12,19.55,-0.004137384816000608,2,2.9500863227765866,3.015427656637337,4.6763474246100255e-05,regime_break
A,BTCUSDT/SOLUSDT,short_a_long_b,2023-05-22T00:30:00,26608.99,19.48,2023-05-22T01:00:00,26656.53,19.49,-0.003673267200650796,2,2.681763523764573,2.714376885189028,4.308047996918909e-05,confluence_lost
A,BTCUSDT/SOLUSDT,short_a_long_b,2023-05-22T01:30:00,26658.48,19.46,2023-05-22T02:00:00,26563.11,19.55,0.005802344815644636,2,2.768716831518624,1.7401376291649322,4.308047996918909e-05,confluence_lost
A,BTCUSDT/SOLUSDT,short_a_long_b,2023-05-24T13:30:00,26674.77,19.11,2023-05-24T14:00:00,26419.84,19.05,0.004017253450043626,2,3.5192583543610345,2.265872986304277,6.444637518145443e-05,confluence_lost
A,BTCUSDT/SOLUSDT,short_a_long_b,2023-05-25T01:00:00,26261.88,18.88,2023-05-25T01:30:00,26002.45,19.1,0.0191311192302885,2,2.55253259092267,-1.0409704151452628,5.945867140606502e-05,confluence_lost
A,BTCUSDT/SOLUSDT,long_a_short_b,2023-05-25T04:00:00,26178.01,19.4,2023-05-25T06:00:00,26271.21,19.38,0.0021911678991359397,5,-2.420913483932977,-1.4893062356796907,5.945867140606502e-05,confluence_lost
A,BTCUSDT/SOLUSDT,long_a_short_b,2023-05-27T14:00:00,26634.48,19.57,2023-05-27T14:30:00,26686.76,19.55,0.000584841589848908,2,-2.394391346241881,-1.5757297534097106,7.767482436657337e-05,confluence_lost
A,BTCUSDT/SOLUSDT,long_a_short_b,2023-05-27T15:30:00,26666.01,19.61,2023-05-27T16:00:00,26690.05,19.58,3.13539184952495e-05,2,-2.537621205302546,-1.8935040432396584,7.767482436657337e-05,confluence_lost
A,BTCUSDT/SOLUSDT,long_a_short_b,2023-05-27T17:00:00,26671.34,19.6,2023-05-27T17:30:00,26677.69,19.64,-0.004202733050624727,2,-2.3132949581575386,-2.6762192786840253,7.677375228511263e-05,confluence_lost
A,BTCUSDT/SOLUSDT,long_a_short_b,2023-05-27T20:00:00,26738.23,19.76,2023-05-27T20:30:00,26741.04,19.82,-0.005331344277084857,2,-3.1958919391205436,-3.5676048023932023,7.677375228511263e-05,regime_break
A,BTCUSDT/SOLUSDT,long_a_short_b,2023-05-27T21:00:00,26766.1,19.93,2023-05-27T21:30:00,26737.24,19.95,-0.004481741844585205,2,-4.1039226228998436,-4.063287580742633,7.677375228511263e-05,regime_break
A,BTCUSDT/SOLUSDT,long_a_short_b,2023-05-27T22:00:00,26777.43,20.16,2023-05-27T22:30:00,26788.21,20.37,-0.012414088824058297,2,-4.869043392941134,-5.327116373612642,7.677375228511263e-05,regime_break
A,BTCUSDT/SOLUSDT,long_a_short_b,2023-05-27T23:00:00,26808.07,20.34,2023-05-27T23:30:00,26829.86,20.43,-0.006011963813920926,2,-4.43753049118619,-4.312163543616673,7.677375228511263e-05,regime_break
A,BTCUSDT/SOLUSDT,long_a_short_b,2023-05-28T00:00:00,26864.35,20.34,2023-05-28T00:30:00,26814.25,20.63,-0.01852254552959702,2,-3.440550674043401,-4.421141957565854,7.677375228511263e-05,regime_break
A,BTCUSDT/SOLUSDT,long_a_short_b,2023-05-28T01:00:00,27085.45,20.74,2023-05-28T01:30:00,27126.08,20.6,0.005850308459387901,2,-3.671430954218441,-2.840009231308182,8.166847399953205e-05,confluence_lost
A,BTCUSDT/SOLUSDT,long_a_short_b,2023-05-28T02:00:00,27102.39,20.55,2023-05-28T04:00:00,27205.91,20.44,0.006772387396017668,5,-2.5926325334456113,-1.6744270647802428,8.166847399953205e-05,confluence_lost
A,BTCUSDT/SOLUSDT,long_a_short_b,2023-05-30T12:30:00,27894.24,21.31,2023-05-30T14:00:00,27760.03,21.16,-0.00017243873365506467,4,-2.4353473362647287,-2.091625255442369,8.811104157752155e-05,confluence_lost
A,BTCUSDT/SOLUSDT,long_a_short_b,2023-05-30T17:30:00,27645.41,21.28,2023-05-30T18:00:00,27679.62,21.24,0.000717156026659851,2,-2.7762467996251146,-2.433887469383082,7.711081011585009e-05,confluence_lost
A,BTCUSDT/SOLUSDT,long_a_short_b,2023-05-30T18:30:00,27710.23,21.36,2023-05-30T21:30:00,27819.78,21.23,0.007639555917004451,7,-2.7224944157750453,-1.549056944021695,7.711081011585009e-05,confluence_lost
A,BTCUSDT/SOLUSDT,long_a_short_b,2023-06-01T12:30:00,26869.3,20.83,2023-06-01T13:00:00,26948.4,20.77,0.0034243410641428686,2,-2.3043187771215625,-1.296986584619163,6.515736262455067e-05,confluence_lost
A,BTCUSDT/SOLUSDT,long_a_short_b,2023-06-02T05:00:00,27074.13,21.1,2023-06-02T05:30:00,27133.23,21.07,0.0012046965755384133,2,-2.8353962949443847,-2.168340304810347,6.730013294571583e-05,confluence_lost
A,BTCUSDT/SOLUSDT,long_a_short_b,2023-06-02T08:30:00,27104.82,21.19,2023-06-02T09:30:00,27122.79,21.15,0.0001506645824936449,3,-2.7805122796149186,-2.2230954574912563,7.293565895777899e-05,confluence_lost
A,BTCUSDT/SOLUSDT,long_a_short_b,2023-06-02T10:00:00,27078.95,21.21,2023-06-02T10:30:00,27094.61,21.19,-0.0008787395802993124,2,-2.7339824875915335,-2.4344813113255745,7.293565895777899e-05,confluence_lost
A,BTCUSDT/SOLUSDT,long_a_short_b,2023-06-02T11:00:00,27102.57,21.23,2023-06-02T11:30:00,27082.33,21.25,-0.004088855765568097,2,-2.537608103862822,-2.6472414668762476,7.293565895777899e-05,confluence_lost
A,BTCUSDT/SOLUSDT,long_a_short_b,2023-06-02T18:30:00,27019.49,21.26,2023-06-02T19:00:00,27170.19,21.27,0.0027070884988118073,2,-2.352638888902114,-1.695221029029291,7.882995696716144e-05,confluence_lost
A,BTCUSDT/SOLUSDT,long_a_short_b,2023-06-04T04:00:00,27060.45,21.32,2023-06-04T04:30:00,27067.58,21.31,-0.0016674726857191379,2,-2.753330958836871,-2.459805833799796,7.044709140041984e-05,confluence_lost
A,BTCUSDT/SOLUSDT,long_a_short_b,2023-06-04T05:30:00,27040.38,21.31,2023-06-04T06:00:00,27043.72,21.28,-0.0008686912557234615,2,-2.5188510445523766,-2.0674911434248733,7.044709140041984e-05,confluence_lost
A,BTCUSDT/SOLUSDT,long_a_short_b,2023-06-04T06:30:00,27073.98,21.66,2023-06-04T07:00:00,27145.65,21.61,0.002555593726129748,2,-5.23013702690207,-3.8167869899526052,7.044709140041984e-05,regime_break
A,BTCUSDT/SOLUSDT,long_a_short_b,2023-06-04T07:30:00,27136.18,21.6,2023-06-04T08:30:00,27129.99,21.51,0.00153855792033615,3,-3.5386773226326933,-2.5749146829284513,7.044709140041984e-05,confluence_lost
A,BTCUSDT/SOLUSDT,long_a_short_b,2023-06-04T09:00:00,27161.0,21.58,2023-06-04T09:30:00,27202.11,21.63,-0.00320339290112974,2,-2.7890818679012166,-2.771881551264683,7.701440442254876e-05,confluence_lost
A,BTCUSDT/SOLUSDT,long_a_short_b,2023-06-04T11:00:00,27218.25,21.63,2023-06-04T11:30:00,27223.13,21.7,-0.005456954486651885,2,-2.399172642893451,-2.7180260299595083,7.701440442254876e-05,confluence_lost
A,BTCUSDT/SOLUSDT,long_a_short_b,2023-06-04T12:00:00,27188.16,21.69,2023-06-04T12:30:00,27166.78,21.76,-0.006413665398471699,2,-2.697561157121783,-3.049092149377033,7.701440442254876e-05,regime_break
A,BTCUSDT/SOLUSDT,long_a_short_b,2023-06-04T13:00:00,27213.73,21.86,2023-06-04T13:30:00,27227.9,22.06,-0.01102843778534783,2,-3.1964990300474794,-3.882654281485594,7.701440442254876e-05,regime_break
A,BTCUSDT/SOLUSDT,long_a_short_b,2023-06-04T14:00:00,27235.81,22.0,2023-06-04T14:30:00,27189.35,22.08,-0.007742206054856135,2,-3.295313540139694,-3.5615439342465813,7.701440442254876e-05,regime_break
A,BTCUSDT/SOLUSDT,long_a_short_b,2023-06-04T15:00:00,27241.7,22.05,2023-06-04T15:30:00,27214.09,22.05,-0.003413519714261668,2,-3.0400589011074692,-2.9585277803391734,7.701440442254876e-05,confluence_lost
A,BTCUSDT/SOLUSDT,long_a_short_b,2023-06-04T16:00:00,27179.5,21.93,2023-06-04T17:00:00,27174.53,22.2,-0.014894759909099983,3,-2.4693948308385196,-3.1513193311948537,8.212231455087125e-05,regime_break
A,BTCUSDT/SOLUSDT,long_a_short_b,2023-06-04T17:30:00,27202.32,22.11,2023-06-04T19:30:00,27221.27,22.21,-0.006226208585856249,5,-2.6179519701024114,-2.3902814329071993,8.212231455087125e-05,confluence_lost
A,BTCUSDT/SOLUSDT,short_a_long_b,2023-06-05T15:30:00,26460.22,19.93,2023-06-05T16:00:00,25977.08,20.19,0.02890476725439546,2,3.396976774958459,1.5182815056854062,8.815843719744064e-05,confluence_lost
A,BTCUSDT/SOLUSDT,short_a_long_b,2023-06-07T16:00:00,26314.71,19.05,2023-06-07T16:30:00,26319.1,19.04,-0.0030917612264393245,2,2.4017164431036813,2.3395092176753725,5.6149783029095916e-05,confluence_lost
A,BTCUSDT/SOLUSDT,short_a_long_b,2023-06-07T17:00:00,26333.66,18.72,2023-06-07T18:00:00,26499.99,19.08,0.010514518470335424,3,2.9781979715815217,2.250843805644927,5.6149783029095916e-05,confluence_lost
A,BTCUSDT/SOLUSDT,short_a_long_b,2023-06-07T18:30:00,26489.16,18.95,2023-06-07T19:30:00,26490.97,18.97,-0.0014129208665876612,3,2.4280962699369013,2.229200139667212,5.6149783029095916e-05,confluence_lost
A,BTCUSDT/SOLUSDT,short_a_long_b,2023-06-07T21:30:00,26454.8,18.58,2023-06-07T22:00:00,26204.36,18.59,0.007604926167464068,2,2.6420649404494045,2.1887914845463112,5.6149783029095916e-05,confluence_lost
A,BTCUSDT/SOLUSDT,short_a_long_b,2023-06-08T03:00:00,26384.56,18.28,2023-06-08T03:30:00,26276.44,18.47,0.012091724252840066,2,2.384831666689785,1.8672749822941899,5.590316457818571e-05,confluence_lost
A,BTCUSDT/SOLUSDT,short_a_long_b,2023-06-09T17:00:00,26472.56,18.35,2023-06-09T17:30:00,26472.79,18.29,-0.005678443010103937,2,2.835593969257211,3.110933367149779,5.494319475462018e-05,regime_break
A,BTCUSDT/SOLUSDT,short_a_long_b,2023-06-09T18:00:00,26490.77,18.09,2023-06-09T18:30:00,26466.97,17.96,-0.008687864637316564,2,4.137125647742332,4.32350132276363,5.494319475462018e-05,regime_break
A,BTCUSDT/SOLUSDT,short_a_long_b,2023-06-09T19:00:00,26456.29,17.61,2023-06-09T19:30:00,26417.31,17.39,-0.013419528131634648,2,5.276910361330258,5.232950341169116,5.494319475462018e-05,regime_break
A,BTCUSDT/SOLUSDT,short_a_long_b,2023-06-09T20:00:00,26415.84,17.61,2023-06-09T20:30:00,26457.01,17.67,-0.0005513795506700146,2,3.9037559823627235,3.4956314464603144,5.494319475462018e-05,regime_break
A,BTCUSDT/SOLUSDT,short_a_long_b,2023-06-09T21:00:00,26452.93,17.63,2023-06-09T21:30:00,26449.76,17.63,-0.002280164503516133,2,3.379292045416458,3.160038217304823,5.494319475462018e-05,regime_break
A,BTCUSDT/SOLUSDT,short_a_long_b,2023-06-09T22:00:00,26479.51,17.52,2023-06-09T22:30:00,26465.47,17.45,-0.005865212498095171,2,3.327398466313664,3.272888975075195,5.494319475462018e-05,regime_break
A,BTCUSDT/SOLUSDT,short_a_long_b,2023-06-09T23:00:00,26493.52,17.13,2023-06-10T00:00:00,26481.27,17.21,0.002732546508895719,3,3.8659464528268,3.2045782862845336,5.494319475462018e-05,regime_break
A,BTCUSDT/SOLUSDT,short_a_long_b,2023-06-10T00:30:00,26471.24,16.92,2023-06-10T01:30:00,26486.11,17.0,0.0017663906634810124,3,3.585257328262687,3.0431416575846053,6.207137369803792e-05,regime_break
A,BTCUSDT/SOLUSDT,short_a_long_b,2023-06-10T02:00:00,26416.58,16.78,2023-06-10T02:30:00,26410.01,16.45,-0.021817561927741244,2,3.1895067403237674,3.5441166224035294,6.207137369803792e-05,regime_break
A,BTCUSDT/SOLUSDT,short_a_long_b,2023-06-10T03:00:00,26318.14,16.44,2023-06-10T03:30:00,26352.22,16.29,-0.012819011928599397,2,3.2285371837551504,3.292437004012898,6.207137369803792e-05,regime_break
A,BTCUSDT/SOLUSDT,short_a_long_b,2023-06-10T04:00:00,26315.26,13.93,2023-06-10T04:30:00,25872.32,14.57,0.06037606440402095,2,5.949406329537705,4.116903558403928,6.207137369803792e-05,regime_break
A,BTCUSDT/SOLUSDT,short_a_long_b,2023-06-10T05:00:00,25764.58,14.85,2023-06-10T05:30:00,25600.3,14.28,-0.034407642847175166,2,3.3898513248354583,3.6677539371744006,6.207137369803792e-05,regime_break
A,BTCUSDT/SOLUSDT,short_a_long_b,2023-06-10T06:00:00,25534.93,14.38,2023-06-10T06:30:00,25616.2,14.04,-0.02922664908021204,2,3.264532068150147,3.4323543614823406,6.207137369803792e-05,regime_break
A,BTCUSDT/SOLUSDT,short_a_long_b,2023-06-10T07:00:00,25541.38,14.44,2023-06-10T07:30:00,25667.31,14.42,-0.008715472091804718,2,2.802292820636793,2.7467959322278523,6.207137369803792e-05,confluence_lost
A,BTCUSDT/SOLUSDT,short_a_long_b,2023-06-10T09:00:00,25667.82,14.59,2023-06-10T09:30:00,25628.97,14.68,0.0052821769873963725,2,2.305302662930023,2.127559307608215,5.364884620958505e-05,confluence_lost
A,BTCUSDT/SOLUSDT,short_a_long_b,2023-06-12T18:00:00,25788.94,14.9,2023-06-12T21:00:00,25885.07,15.13,0.009308674677006315,7,2.3869051648187574,1.3068520986022651,4.7735469892023196e-05,confluence_lost
A,BTCUSDT/SOLUSDT,short_a_long_b,2023-06-13T15:00:00,25970.83,14.85,2023-06-13T15:30:00,25763.73,14.8,0.002207327834579511,2,2.459112051053394,2.046705434301426,5.989429660134737e-05,confluence_lost
A,BTCUSDT/SOLUSDT,short_a_long_b,2023-06-14T20:00:00,25877.73,14.63,2023-06-14T20:30:00,25517.12,14.18,-0.019223566870857065,2,3.391947708824064,4.5343126564472485,4.482499102878144e-05,regime_break
A,BTCUSDT/SOLUSDT,long_a_short_b,2023-06-17T05:30:00,26394.05,16.06,2023-06-17T06:00:00,26705.96,15.99,0.013776091170289176,2,-4.477320543681006,-2.8164725986382018,4.300565561826049e-05,confluence_lost
A,BTCUSDT/SOLUSDT,long_a_short_b,2023-06-17T10:00:00,26592.59,15.92,2023-06-17T10:30:00,26637.84,15.85,0.00369858676182673,2,-2.4688553680666336,-1.879767271718364,5.567106548086927e-05,confluence_lost
A,BTCUSDT/SOLUSDT,long_a_short_b,2023-06-19T19:00:00,26428.01,15.78,2023-06-19T19:30:00,26653.58,15.85,0.0016992674674449339,2,-2.7148769001513875,-1.8968848273955121,5.8066715999897036e-05,confluence_lost
A,BTCUSDT/SOLUSDT,long_a_short_b,2023-06-19T23:30:00,26768.72,16.1,2023-06-20T00:00:00,26831.35,16.21,-0.006892627057864684,2,-3.281468532214658,-3.6597496693621796,5.8066715999897036e-05,regime_break
A,BTCUSDT/SOLUSDT,long_a_short_b,2023-06-20T00:30:00,26908.97,16.18,2023-06-20T01:00:00,26971.84,16.21,-0.0019177452815804384,2,-2.8099615897113783,-2.6127852391160857,5.482966799991992e-05,confluence_lost
A,BTCUSDT/SOLUSDT,short_a_long_b,2023-06-21T10:30:00,29053.4,16.69,2023-06-21T12:00:00,28930.17,16.79,0.007833111877794743,4,2.805342574462315,1.637824876722227,4.920782089129824e-05,confluence_lost
A,BTCUSDT/SOLUSDT,short_a_long_b,2023-06-21T12:30:00,29130.01,16.6,2023-06-21T13:30:00,29022.8,16.73,0.009111722252664725,3,3.213007411062875,2.0112228344652756,4.920782089129824e-05,confluence_lost
A,BTCUSDT/SOLUSDT,short_a_long_b,2023-06-21T14:00:00,29306.0,16.77,2023-06-21T14:30:00,29356.19,16.89,0.00304301648621115,2,2.55497606589099,2.0286458841704618,4.920782089129824e-05,confluence_lost
A,BTCUSDT/SOLUSDT,short_a_long_b,2023-06-21T15:30:00,29830.0,16.89,2023-06-21T16:00:00,29814.0,17.23,0.01826662736759528,2,3.1088049019242554,1.4648836725112093,4.920782089129824e-05,confluence_lost
A,BTCUSDT/SOLUSDT,short_a_long_b,2023-06-21T16:30:00,30652.68,16.96,2023-06-21T17:00:00,30184.0,16.93,0.011121149131076605,2,4.309969603881622,3.1435672700692083,4.394163847100974e-05,regime_break
A,BTCUSDT/SOLUSDT,short_a_long_b,2023-06-21T17:30:00,29979.99,16.99,2023-06-21T18:00:00,30062.01,17.17,0.005458642538587591,2,2.3608049411123635,1.8055148126635783,4.394163847100974e-05,confluence_lost
A,BTCUSDT/SOLUSDT,short_a_long_b,2023-06-23T12:00:00,30136.42,16.4,2023-06-23T15:00:00,30256.77,16.63,0.007630883384096301,7,2.47189527784859,1.4466696865375677,8.301716875446259e-05,confluence_lost
A,BTCUSDT/SOLUSDT,short_a_long_b,2023-06-26T16:30:00,30305.38,16.35,2023-06-26T17:00:00,30124.27,16.36,0.004187787403148249,2,2.324247017658642,1.698988615500437,9.862416802041667e-05,confluence_lost
A,BTCUSDT/SOLUSDT,short_a_long_b,2023-06-26T17:30:00,30156.0,16.25,2023-06-26T18:00:00,30081.49,16.29,0.002532356872468291,2,2.343413319611751,1.9009369229322401,9.862416802041667e-05,confluence_lost
A,BTCUSDT/SOLUSDT,short_a_long_b,2023-06-26T19:00:00,30205.6,16.23,2023-06-26T19:30:00,30135.21,16.31,0.00485950614307902,2,2.492540798500581,1.8610556041976278,9.862416802041667e-05,confluence_lost
A,BTCUSDT/SOLUSDT,short_a_long_b,2023-06-26T20:00:00,30266.43,16.28,2023-06-26T20:30:00,30201.25,16.18,-0.006388965074068317,2,2.3315034633758276,2.5921739741161947,9.862416802041667e-05,confluence_lost
A,BTCUSDT/SOLUSDT,short_a_long_b,2023-06-26T21:00:00,30181.14,16.19,2023-06-26T21:30:00,30203.68,16.07,-0.010558806715335087,2,2.4390153741366754,2.958324320374902,9.862416802041667e-05,confluence_lost
A,BTCUSDT/SOLUSDT,short_a_long_b,2023-06-26T22:00:00,30112.0,16.13,2023-06-26T22:30:00,30184.56,16.28,0.004489771470247608,2,2.3850662562650786,1.8552541336149173,9.862416802041667e-05,confluence_lost
A,BTCUSDT/SOLUSDT,long_a_short_b,2023-06-29T09:00:00,30382.9,16.99,2023-06-29T09:30:00,30433.36,17.22,-0.014276572303899601,2,-3.683783442274866,-4.273995982268318,8.434695469762415e-05,regime_break
A,BTCUSDT/SOLUSDT,long_a_short_b,2023-06-29T10:00:00,30424.09,17.48,2023-06-29T10:30:00,30644.13,17.49,0.004260344292553911,2,-4.829894060841716,-3.971128222261473,8.434695469762415e-05,regime_break
A,BTCUSDT/SOLUSDT,long_a_short_b,2023-06-29T11:00:00,30682.01,18.08,2023-06-29T11:30:00,30649.98,18.06,-0.0023377395239531505,2,-5.138460834368327,-4.523670496001765,8.434695469762415e-05,regime_break
A,BTCUSDT/SOLUSDT,long_a_short_b,2023-06-29T12:00:00,30647.83,18.0,2023-06-29T12:30:00,30690.28,17.9,0.004540645462410245,2,-3.9479382774605853,-3.3759031407503364,8.434695469762415e-05,regime_break
A,BTCUSDT/SOLUSDT,long_a_short_b,2023-06-29T13:00:00,30639.99,17.93,2023-06-29T13:30:00,30701.99,17.59,0.018586131814492937,2,-3.2794649924725223,-2.3256273970457957,8.434695469762415e-05,confluence_lost
A,BTCUSDT/SOLUSDT,long_a_short_b,2023-06-29T15:30:00,30525.06,17.68,2023-06-29T16:00:00,30499.74,17.69,-0.0037950932587802887,2,-2.394799481484187,-2.3492979494068145,8.434695469762415e-05,confluence_lost
A,BTCUSDT/SOLUSDT,long_a_short_b,2023-06-30T01:30:00,30430.01,18.54,2023-06-30T02:30:00,30558.01,18.46,0.006121368511490213,3,-2.396419180784205,-2.031475220204546,9.053087382942696e-05,confluence_lost
A,BTCUSDT/SOLUSDT,short_a_long_b,2023-07-05T10:30:00,30678.0,18.62,2023-07-05T11:00:00,30438.0,18.76,0.01294199276795556,2,2.5209669922488596,1.0313903345414088,9.983017626333773e-05,confluence_lost
A,BTCUSDT/SOLUSDT,long_a_short_b,2023-07-06T00:00:00,30493.78,19.56,2023-07-06T00:30:00,30498.2,19.29,0.011548628574186107,2,-2.805741603584906,-1.4660251742104418,9.989726712226605e-05,confluence_lost
A,BTCUSDT/SOLUSDT,long_a_short_b,2023-07-06T01:30:00,30402.28,19.67,2023-07-06T02:30:00,30500.3,19.52,0.008449926428905255,3,-3.220399158917896,-2.142142068709666,9.989726712226605e-05,confluence_lost
A,BTCUSDT/SOLUSDT,long_a_short_b,2023-07-06T08:30:00,30817.54,20.24,2023-07-06T09:00:00,31471.26,20.11,0.02523552006614678,2,-3.234092116856918,-1.3516431687002026,9.48534299839847e-05,confluence_lost
A,BTCUSDT/SOLUSDT,long_a_short_b,2023-07-06T10:30:00,31141.06,20.34,2023-07-06T11:00:00,31261.64,20.16,0.01032161582713971,2,-2.563070126822258,-1.7130227839732968,9.48534299839847e-05,confluence_lost
A,BTCUSDT/SOLUSDT,long_a_short_b,2023-07-06T17:30:00,30231.19,20.07,2023-07-06T18:30:00,30282.78,20.76,-0.03507315546303484,3,-2.7883751225122535,-3.867735153438496,7.709044554309922e-05,regime_break
A,BTCUSDT/SOLUSDT,long_a_short_b,2023-07-06T19:00:00,30344.91,20.81,2023-07-06T19:30:00,30290.36,20.91,-0.009003047600120426,2,-3.5746113832952844,-3.558592631861929,7.709044554309922e-05,regime_break
A,BTCUSDT/SOLUSDT,long_a_short_b,2023-07-06T20:00:00,30302.41,20.76,2023-07-06T20:30:00,30289.19,20.75,-0.0023545733620242014,2,-3.0600405612151844,-2.890459967459843,7.709044554309922e-05,confluence_lost
A,BTCUSDT/SOLUSDT,long_a_short_b,2023-07-06T21:00:00,30326.23,20.58,2023-07-07T00:00:00,29902.7,19.88,0.01764780751741009,7,-2.440411039487288,-1.4510593749535121,7.709044554309922e-05,confluence_lost
A,BTCUSDT/SOLUSDT,short_a_long_b,2023-07-10T08:00:00,30100.25,20.68,2023-07-10T09:30:00,30189.52,20.62,-0.008267110063555003,4,2.4050315720497584,2.6167786849829877,3.6613454179214335e-05,confluence_lost
A,BTCUSDT/SOLUSDT,long_a_short_b,2023-07-11T12:30:00,30401.17,22.23,2023-07-11T13:00:00,30428.67,22.15,0.0021033108899434906,2,-2.4177826323560847,-2.0844002191325286,5.3464217809973266e-05,confluence_lost
A,BTCUSDT/SOLUSDT,long_a_short_b,2023-07-13T15:00:00,30581.54,22.71,2023-07-13T15:30:00,30798.0,24.06,-0.05476705211952364,2,-3.24418881137462,-6.6270461302504335,4.4726164411713714e-05,regime_break
A,BTCUSDT/SOLUSDT,long_a_short_b,2023-07-13T16:00:00,30885.0,24.5,2023-07-13T16:30:00,30899.62,25.29,-0.03417152900985547,2,-6.117328524160394,-6.232548996319754,3.596257232022178e-05,regime_break
A,BTCUSDT/SOLUSDT,long_a_short_b,2023-07-13T17:00:00,30820.68,25.39,2023-07-13T17:30:00,30888.01,25.99,-0.02384677874869827,2,-5.405157093958631,-5.254270992307276,3.596257232022178e-05,regime_break
A,BTCUSDT/SOLUSDT,long_a_short_b,2023-07-13T18:00:00,31079.74,25.9,2023-07-13T18:30:00,31182.49,25.48,0.01712222842867346,2,-4.34721676691849,-3.4405407463197757,3.596257232022178e-05,regime_break
A,BTCUSDT/SOLUSDT,long_a_short_b,2023-07-13T19:00:00,31274.9,25.9,2023-07-13T19:30:00,31667.01,26.2,-0.001445481486992237,2,-3.5411908224656643,-3.274854322224625,3.596257232022178e-05,regime_break
A,BTCUSDT/SOLUSDT,long_a_short_b,2023-07-13T20:00:00,31625.28,25.91,2023-07-13T20:30:00,31548.0,25.56,0.008664683225987527,2,-2.85263075621904,-2.4600648389955926,3.596257232022178e-05,confluence_lost
A,BTCUSDT/SOLUSDT,long_a_short_b,2023-07-13T21:00:00,31362.39,25.46,2023-07-13T21:30:00,31193.17,25.64,-0.014865548297631578,2,-2.4043825472170344,-2.5753622882867178,3.596257232022178e-05,confluence_lost
A,BTCUSDT/SOLUSDT,long_a_short_b,2023-07-13T22:00:00,31242.33,25.72,2023-07-13T22:30:00,31314.38,25.78,-0.002426648904626336,2,-2.495525762845321,-2.3925589814487713,3.596257232022178e-05,confluence_lost
A,BTCUSDT/SOLUSDT,long_a_short_b,2023-07-13T23:30:00,31371.58,26.01,2023-07-14T00:00:00,31455.83,25.8,0.008359369462377322,2,-2.3583187692497347,-2.065193123348601,3.596257232022178e-05,confluence_lost
A,BTCUSDT/SOLUSDT,long_a_short_b,2023-07-14T00:30:00,31401.24,29.35,2023-07-14T01:00:00,31410.78,29.67,-0.012999086423299652,2,-4.181589878822035,-3.954050069417609,5.019311180461694e-05,regime_break
A,BTCUSDT/SOLUSDT,long_a_short_b,2023-07-14T01:30:00,31423.62,29.4,2023-07-14T02:00:00,31416.34,28.96,0.0123343135319149,2,-3.504733506603305,-3.074839148054731,5.019311180461694e-05,regime_break
A,BTCUSDT/SOLUSDT,long_a_short_b,2023-07-14T02:30:00,31399.23,28.94,2023-07-14T03:00:00,31471.69,28.61,0.01131060245920952,2,-2.902103713096084,-2.5835115913401707,5.019311180461694e-05,confluence_lost
A,BTCUSDT/SOLUSDT,long_a_short_b,2023-07-14T03:30:00,31523.64,28.54,2023-07-14T04:00:00,31449.57,28.65,-0.00860390486726774,2,-2.4220557299011136,-2.400077911997409,5.019311180461694e-05,confluence_lost
A,BTCUSDT/SOLUSDT,long_a_short_b,2023-07-14T04:30:00,31454.42,28.79,2023-07-14T05:00:00,31390.53,28.45,0.007378463058212395,2,-2.3609077408261503,-2.158259519326906,5.019311180461694e-05,confluence_lost
A,BTCUSDT/SOLUSDT,short_a_long_b,2023-07-17T12:00:00,30169.99,26.6,2023-07-17T12:30:00,30036.96,27.1,0.02080634097618113,2,3.034884788862504,1.1483286119781428,4.45980827653915e-05,confluence_lost
A,BTCUSDT/SOLUSDT,short_a_long_b,2023-07-17T16:30:00,30183.7,26.77,2023-07-17T17:00:00,30135.91,26.41,-0.014264584532113253,2,2.3072442874950494,3.066217769193956,4.860073103974895e-05,regime_break
A,BTCUSDT/SOLUSDT,short_a_long_b,2023-07-17T17:30:00,30150.02,26.04,2023-07-17T18:00:00,30039.99,26.11,0.003937589190992699,2,3.8064738399732656,3.1485070414218677,4.860073103974895e-05,regime_break
A,BTCUSDT/SOLUSDT,short_a_long_b,2023-07-17T18:30:00,30010.01,26.18,2023-07-17T19:00:00,29799.39,26.2,0.005382266826008911,2,2.7567884129629134,2.1787145551195106,4.860073103974895e-05,confluence_lost
A,BTCUSDT/SOLUSDT,short_a_long_b,2023-07-17T19:30:00,29913.17,26.18,2023-07-17T20:00:00,29906.63,26.26,0.0008744005578400073,2,2.3642356780652443,2.0938992285335907,4.860073103974895e-05,confluence_lost
A,BTCUSDT/SOLUSDT,short_a_long_b,2023-07-18T07:30:00,30004.14,25.71,2023-07-18T08:00:00,29970.45,25.93,0.007279826766558764,2,2.416800448806827,1.9143530279718848,4.665167969758252e-05,confluence_lost
A,BTCUSDT/SOLUSDT,short_a_long_b,2023-07-18T08:30:00,30044.01,25.61,2023-07-18T09:00:00,30028.25,25.66,7.692615669514747e-05,2,2.474375368415002,2.279436706831673,5.139130643145307e-05,confluence_lost
A,BTCUSDT/SOLUSDT,short_a_long_b,2023-07-18T09:30:00,30005.1,25.46,2023-07-18T10:00:00,29957.81,25.36,-0.004751664369976802,2,2.4747827849682853,2.4657169065802074,5.139130643145307e-05,confluence_lost
A,BTCUSDT/SOLUSDT,short_a_long_b,2023-07-18T11:30:00,30026.0,25.02,2023-07-18T12:00:00,29892.4,24.89,-0.0031463662055102736,2,2.780259583143189,2.6819148853028145,5.139130643145307e-05,confluence_lost
A,BTCUSDT/SOLUSDT,short_a_long_b,2023-07-21T00:00:00,29806.78,25.22,2023-07-21T01:30:00,29858.0,25.41,0.0034153024287388446,4,2.3439879810955344,1.812948557089645,6.373156194248345e-05,confluence_lost
A,BTCUSDT/SOLUSDT,short_a_long_b,2023-07-22T23:00:00,29808.05,24.29,2023-07-22T23:30:00,29676.0,24.52,0.011498928605889927,2,5.598486356035908,3.625666902085286,2.5422405329982514e-05,regime_break
A,BTCUSDT/SOLUSDT,short_a_long_b,2023-07-23T00:00:00,29808.35,24.44,2023-07-23T00:30:00,29795.99,24.31,-0.007304500020681989,2,4.062398912173492,4.114240568006595,2.6235204145541955e-05,regime_break
A,BTCUSDT/SOLUSDT,short_a_long_b,2023-07-23T01:00:00,29780.0,24.51,2023-07-23T02:00:00,29829.15,24.7,0.003701501449909064,3,3.103220171874567,2.3278536292106122,2.6235204145541955e-05,confluence_lost
A,BTCUSDT/SOLUSDT,short_a_long_b,2023-07-23T02:30:00,29880.04,24.67,2023-07-23T03:00:00,29885.12,24.72,-0.0005432600178188339,2,2.454550290729685,2.2228403181307845,2.6235204145541955e-05,confluence_lost
A,BTCUSDT/SOLUSDT,short_a_long_b,2023-07-24T09:30:00,29745.0,23.4,2023-07-24T10:00:00,29197.99,23.73,0.030092545612061608,2,3.1646650825530456,1.289999777007272,5.957930272114712e-05,confluence_lost
A,BTCUSDT/SOLUSDT,long_a_short_b,2023-07-26T10:30:00,29173.08,23.68,2023-07-26T11:00:00,29193.93,23.85,-0.008864354063514976,2,-2.3698883546163207,-3.2957872213511727,8.428721187458296e-05,regime_break
A,BTCUSDT/SOLUSDT,long_a_short_b,2023-07-26T11:30:00,29197.99,23.82,2023-07-26T12:00:00,29172.41,24.28,-0.02258759064200437,2,-2.937090281800525,-5.098237163879787,8.428721187458296e-05,regime_break
A,BTCUSDT/SOLUSDT,long_a_short_b,2023-07-26T12:30:00,29238.71,24.4,2023-07-26T13:00:00,29236.62,24.45,-0.004520660909604499,2,-4.7532751663032755,-4.4344933851331945,8.428721187458296e-05,regime_break
A,BTCUSDT/SOLUSDT,long_a_short_b,2023-07-26T13:30:00,29266.0,24.54,2023-07-26T14:00:00,29319.91,24.34,0.00759202854563186,2,-4.2114611153919785,-3.0763139400929815,8.428721187458296e-05,regime_break
A,BTCUSDT/SOLUSDT,long_a_short_b,2023-07-26T14:30:00,29307.5,24.49,2023-07-26T15:00:00,29275.0,24.73,-0.013308849494979721,2,-3.3932728251937174,-3.9017578756171734,8.428721187458296e-05,regime_break
A,BTCUSDT/SOLUSDT,long_a_short_b,2023-07-26T15:30:00,29292.76,24.91,2023-07-26T16:00:00,29325.3,24.8,0.0031267519258641597,2,-3.9824142263609024,-3.342528627737794,8.428721187458296e-05,regime_break
A,BTCUSDT/SOLUSDT,long_a_short_b,2023-07-26T16:30:00,29294.0,24.68,2023-07-26T18:00:00,29300.7,25.0,-0.015137248565622971,4,-2.921116315455658,-3.159204547454959,7.837449812467564e-05,regime_break
A,BTCUSDT/SOLUSDT,long_a_short_b,2023-07-26T18:30:00,29281.01,25.09,2023-07-26T19:00:00,29384.11,25.14,-0.0008717724207365917,2,-3.1742032624833953,-2.920607123733325,7.837449812467564e-05,confluence_lost
A,BTCUSDT/SOLUSDT,long_a_short_b,2023-07-26T19:30:00,29349.43,25.37,2023-07-26T20:00:00,29405.2,25.36,-0.00010562640053972438,2,-3.204139556196088,-2.9220923978748017,7.837449812467564e-05,confluence_lost
A,BTCUSDT/SOLUSDT,long_a_short_b,2023-07-26T20:30:00,29485.49,25.24,2023-07-26T21:00:00,29602.72,25.25,0.001179657372627221,2,-2.475632714139618,-2.2343672698445243,7.837449812467564e-05,confluence_lost
A,BTCUSDT/SOLUSDT,short_a_long_b,2023-07-30T13:30:00,29306.31,24.78,2023-07-30T15:00:00,29408.28,25.03,0.004209325826890223,4,2.701707849079935,1.0663822487114367,6.800113073923337e-05,confluence_lost
A,BTCUSDT/SOLUSDT,short_a_long_b,2023-07-30T15:30:00,29440.07,24.9,2023-07-30T16:00:00,29353.48,24.92,0.0013444422710368743,2,2.463374167200307,1.5539944210301833,6.800113073923337e-05,confluence_lost
A,BTCUSDT/SOLUSDT,short_a_long_b,2023-07-30T19:30:00,29357.63,24.24,2023-07-30T20:00:00,29166.04,24.11,-0.001236964546475525,2,5.804345314384639,4.818488757126879,6.257199057495928e-05,regime_break
A,BTCUSDT/SOLUSDT,short_a_long_b,2023-07-30T20:30:00,29152.77,24.29,2023-07-30T21:00:00,29252.53,24.27,-0.00664535738944165,2,3.3726095940562737,3.643545783404731,6.257199057495928e-05,regime_break
A,BTCUSDT/SOLUSDT,short_a_long_b,2023-07-30T21:30:00,29205.11,24.25,2023-07-30T22:00:00,29202.0,24.11,-0.008066707662410952,2,3.3013075610871723,3.6739430196447325,6.257199057495928e-05,regime_break
A,BTCUSDT/SOLUSDT,short_a_long_b,2023-07-30T22:30:00,29150.01,24.1,2023-07-30T23:30:00,29264.57,24.25,-0.00010594941441292903,3,3.283971998794515,2.781945562973807,6.257199057495928e-05,confluence_lost
A,BTCUSDT/SOLUSDT,short_a_long_b,2023-07-31T00:00:00,29279.5,24.25,2023-07-31T00:30:00,29309.45,24.48,0.006061636101258608,2,2.6974190682908916,1.8383222540108044,5.393154822496833e-05,confluence_lost
A,BTCUSDT/SOLUSDT,short_a_long_b,2023-07-31T01:00:00,29479.99,24.4,2023-07-31T01:30:00,29443.99,24.48,0.002099855831634925,2,2.5774479563128447,2.0927268821596177,5.393154822496833e-05,confluence_lost
A,BTCUSDT/SOLUSDT,short_a_long_b,2023-07-31T15:30:00,29290.16,23.92,2023-07-31T16:00:00,29239.0,24.03,0.003945323884863308,2,2.316022777206626,1.823172234654949,5.830675973053092e-05,confluence_lost
A,BTCUSDT/SOLUSDT,short_a_long_b,2023-07-31T19:30:00,29225.99,23.68,2023-07-31T20:00:00,29172.42,23.88,0.007878903529247652,2,2.382142440755392,1.6916736130677839,6.365859090152405e-05,confluence_lost
A,BTCUSDT/SOLUSDT,short_a_long_b,2023-08-01T02:00:00,29208.38,23.32,2023-08-01T02:30:00,28990.0,23.41,0.008935969634326038,2,2.5873828650171546,1.876004472072026,6.351223736785203e-05,confluence_lost
A,BTCUSDT/SOLUSDT,short_a_long_b,2023-08-02T16:30:00,29250.72,23.01,2023-08-02T17:00:00,28973.41,23.14,0.012730167909875315,2,2.6809305441927584,1.0523927709300311,8.698622387240241e-05,confluence_lost
A,BTCUSDT/SOLUSDT,short_a_long_b,2023-08-03T07:00:00,29084.01,22.7,2023-08-03T07:30:00,29055.96,22.71,-0.0009950238908921637,2,2.8111966734555636,2.553445760513241,8.987817412297966e-05,confluence_lost
A,BTCUSDT/SOLUSDT,short_a_long_b,2023-08-03T08:00:00,29043.11,22.67,2023-08-03T08:30:00,29079.17,22.69,-0.0027593793669516285,2,2.604585638889439,2.555653464934473,9.212746876231752e-05,confluence_lost
A,BTCUSDT/SOLUSDT,short_a_long_b,2023-08-03T09:00:00,29127.99,22.7,2023-08-03T09:30:00,29113.88,22.73,-0.0005940003079798893,2,2.5717469875125016,2.3065305096252153,9.212746876231752e-05,confluence_lost
A,BTCUSDT/SOLUSDT,long_a_short_b,2023-08-06T08:00:00,29100.0,23.31,2023-08-06T08:30:00,29105.99,23.27,-0.00047815635959962176,2,-2.405045093388677,-2.1023240117761226,9.193469501262307e-05,confluence_lost
A,BTCUSDT/SOLUSDT,long_a_short_b,2023-08-07T01:00:00,29055.99,23.44,2023-08-07T01:30:00,29200.15,23.46,0.0017082131312235595,2,-2.3918676164848534,-1.9347764360581863,9.62052131540874e-05,confluence_lost
A,BTCUSDT/SOLUSDT,long_a_short_b,2023-08-08T15:00:00,29440.59,23.72,2023-08-08T15:30:00,29502.05,23.73,-0.0007339911276101206,2,-2.3114558286531866,-1.9830881559553049,9.425406748711537e-05,confluence_lost
A,BTCUSDT/SOLUSDT,long_a_short_b,2023-08-08T16:00:00,29544.0,23.91,2023-08-08T16:30:00,29643.77,24.04,-0.004460058603869485,2,-2.7826227404025095,-2.942218505546381,8.651760804553417e-05,confluence_lost
A,BTCUSDT/SOLUSDT,long_a_short_b,2023-08-08T17:30:00,29714.01,24.18,2023-08-08T18:00:00,29800.01,24.37,-0.007363476039583358,2,-3.1219274832124264,-3.490382743414634,8.651760804553417e-05,regime_break
A,BTCUSDT/SOLUSDT,long_a_short_b,2023-08-08T18:30:00,29905.93,24.27,2023-08-08T19:00:00,29846.51,24.55,-0.01592377371572433,2,-2.4461124942616492,-3.714060488754199,8.651760804553417e-05,regime_break
A,BTCUSDT/SOLUSDT,long_a_short_b,2023-08-08T19:30:00,29909.89,24.59,2023-08-08T20:00:00,29905.0,24.65,-0.005003507339460353,2,-3.399899606218063,-3.4041669852335943,8.651760804553417e-05,regime_break
A,BTCUSDT/SOLUSDT,long_a_short_b,2023-08-08T20:30:00,29979.99,24.49,2023-08-08T21:00:00,29992.57,24.43,0.00046959279885146156,2,-2.4347404093991925,-2.0977529133978403,8.651760804553417e-05,confluence_lost
A,BTCUSDT/SOLUSDT,long_a_short_b,2023-08-11T00:00:00,29455.52,24.78,2023-08-11T01:00:00,29481.66,24.81,-0.0027232139794289155,3,-2.389453975155904,-2.277768142130988,9.255833505561992e-05,confluence_lost
A,BTCUSDT/SOLUSDT,long_a_short_b,2023-08-11T02:00:00,29448.94,24.87,2023-08-11T02:30:00,29410.58,24.75,0.0011224968966199868,2,-2.6372443891205455,-2.125321601291678,9.255833505561992e-05,confluence_lost
A,BTCUSDT/SOLUSDT,long_a_short_b,2023-08-11T03:00:00,29357.8,24.78,2023-08-11T03:30:00,29411.17,24.68,0.003453428021469043,2,-2.4325584516299714,-1.6384260664739985,9.255833505561992e-05,confluence_lost
A,BTCUSDT/SOLUSDT,long_a_short_b,2023-08-12T22:00:00,29424.58,25.06,2023-08-12T22:30:00,29422.28,24.99,0.00031513014784940964,2,-3.8013552150667227,-3.043156665519854,9.332933762264905e-05,regime_break
A,BTCUSDT/SOLUSDT,long_a_short_b,2023-08-12T23:00:00,29426.49,24.92,2023-08-13T00:30:00,29430.0,24.89,-0.0010768673914178105,4,-2.364646491778088,-1.9712822790540931,9.332933762264905e-05,confluence_lost
A,BTCUSDT/SOLUSDT,short_a_long_b,2023-08-13T23:30:00,29333.24,24.23,2023-08-14T00:00:00,29295.06,24.3,0.0017905756530886686,2,2.39331478505446,1.6515644493963308,8.759202030805024e-05,confluence_lost
A,BTCUSDT/SOLUSDT,long_a_short_b,2023-08-14T22:00:00,29404.39,25.13,2023-08-14T22:30:00,29464.88,25.08,0.001646829616502934,2,-2.650094728174028,-2.098530732238493,9.416195194192214e-05,confluence_lost
A,BTCUSDT/SOLUSDT,long_a_short_b,2023-08-14T23:00:00,29432.93,25.19,2023-08-15T05:00:00,29378.01,25.01,0.0028797555009648225,13,-2.7215291174854106,-1.5915754257122618,9.416195194192214e-05,confluence_lost
A,BTCUSDT/SOLUSDT,short_a_long_b,2023-08-15T19:00:00,29323.01,23.99,2023-08-15T19:30:00,29165.32,24.05,0.005478730134948442,2,2.596722780060752,1.790566391028763,9.725315434304431e-05,confluence_lost
A,BTCUSDT/SOLUSDT,short_a_long_b,2023-08-15T22:30:00,29227.02,23.84,2023-08-15T23:00:00,29183.61,23.77,-0.003850972158019481,2,2.4938062480836525,2.5258926582981474,9.725315434304431e-05,confluence_lost
A,BTCUSDT/SOLUSDT,short_a_long_b,2023-08-16T03:30:00,29223.17,23.69,2023-08-16T04:00:00,29227.27,23.69,-0.0025402996321071546,2,2.3913112597713884,2.3211738133778272,9.786356448903446e-05,confluence_lost
A,BTCUSDT/SOLUSDT,short_a_long_b,2023-08-16T04:30:00,29218.94,23.54,2023-08-16T05:00:00,29206.0,23.49,-0.004081180749755095,2,2.625356309625193,2.61691918607743,9.786356448903446e-05,confluence_lost
A,BTCUSDT/SOLUSDT,short_a_long_b,2023-08-16T05:30:00,29187.25,23.46,2023-08-16T08:00:00,29198.0,23.38,-0.0061783711819245885,6,2.5464985620217218,2.3459791245706625,9.786356448903446e-05,confluence_lost
A,BTCUSDT/SOLUSDT,short_a_long_b,2023-08-16T12:00:00,29158.01,23.12,2023-08-16T12:30:00,29099.82,23.32,0.00824619706266734,2,2.3078704820014826,1.76566956319977,9.833832793591569e-05,confluence_lost
A,BTCUSDT/SOLUSDT,short_a_long_b,2023-08-17T21:30:00,27672.95,21.26,2023-08-17T22:00:00,26217.87,21.54,0.06335158416557703,2,3.487501855719172,-1.165739584336171,9.939191058895499e-05,confluence_lost
A,BTCUSDT/SOLUSDT,short_a_long_b,2023-08-21T01:00:00,26124.76,21.5,2023-08-21T03:30:00,26108.67,21.4,-0.006435271965289188,6,2.5298585352851735,3.1037843720382594,-7.93203959686385e-06,regime_break
A,BTCUSDT/SOLUSDT,short_a_long_b,2023-08-21T04:00:00,26090.67,21.43,2023-08-21T04:30:00,26056.03,21.46,0.00032758434463848974,2,2.6771863417864594,2.152958284823204,-7.93203959686385e-06,confluence_lost
A,BTCUSDT/SOLUSDT,short_a_long_b,2023-08-21T06:30:00,26102.99,21.4,2023-08-21T07:00:00,26045.02,21.37,-0.0015810507775358283,2,2.662472518043355,2.431116902726099,-7.93203959686385e-06,confluence_lost
A,BTCUSDT/SOLUSDT,short_a_long_b,2023-08-21T07:30:00,26009.83,21.35,2023-08-21T08:00:00,26016.01,21.33,-0.0035743706255622486,2,2.305548451983685,2.3910915420321297,-7.93203959686385e-06,confluence_lost
A,BTCUSDT/SOLUSDT,short_a_long_b,2023-08-21T08:30:00,26060.43,21.31,2023-08-21T09:00:00,26049.03,21.35,-8.550215749085531e-05,2,2.6396191309355292,2.2311024015467225,-4.3560307975607715e-06,confluence_lost
A,BTCUSDT/SOLUSDT,short_a_long_b,2023-08-21T09:30:00,26059.9,21.27,2023-08-21T10:00:00,26020.01,21.17,-0.005570753189705943,2,2.6617267674393483,2.9089906920173143,-4.3560307975607715e-06,confluence_lost
A,BTCUSDT/SOLUSDT,short_a_long_b,2023-08-21T10:30:00,25985.99,21.09,2023-08-21T11:00:00,25938.44,21.14,0.001800623996339692,2,3.0265015683402328,2.42012434051311,-4.3560307975607715e-06,confluence_lost
A,BTCUSDT/SOLUSDT,short_a_long_b,2023-08-21T12:30:00,26040.0,21.12,2023-08-21T13:00:00,26016.01,21.07,-0.003846149280826758,2,2.692855078240658,2.715698555595883,-4.3560307975607715e-06,confluence_lost
A,BTCUSDT/SOLUSDT,short_a_long_b,2023-08-21T14:00:00,26124.32,21.21,2023-08-21T14:30:00,26071.99,21.27,0.002431968653438046,2,2.331953738525983,1.7906497220660902,-4.3560307975607715e-06,confluence_lost
A,BTCUSDT/SOLUSDT,short_a_long_b,2023-08-21T15:00:00,26129.31,20.62,2023-08-21T15:30:00,25915.49,20.71,0.010147842055460335,2,4.482796818331687,3.1719395799348105,-4.3560307975607715e-06,regime_break
A,BTCUSDT/SOLUSDT,short_a_long_b,2023-08-21T16:30:00,26003.3,20.92,2023-08-21T17:00:00,26014.0,21.09,0.005314708794241077,2,2.430128542148398,1.7536218017610403,-6.985801731436155e-06,confluence_lost
A,BTCUSDT/SOLUSDT,short_a_long_b,2023-08-22T16:00:00,25925.18,20.52,2023-08-22T16:30:00,25853.85,20.66,0.007173991246879077,2,2.316093005777007,1.5409470813048458,-2.599314045028833e-07,confluence_lost
A,BTCUSDT/SOLUSDT,short_a_long_b,2023-08-22T17:00:00,26030.0,20.45,2023-08-22T17:30:00,25930.05,20.16,-0.012741128864851167,2,2.74116494979768,3.325695948707752,-2.599314045028833e-07,regime_break
A,BTCUSDT/SOLUSDT,short_a_long_b,2023-08-22T18:00:00,25839.89,20.1,2023-08-22T18:30:00,25852.15,20.3,0.0070757885321234976,2,3.118070421577821,2.376129562367086,-2.599314045028833e-07,confluence_lost
A,BTCUSDT/SOLUSDT,short_a_long_b,2023-08-22T19:00:00,25919.42,20.22,2023-08-22T20:00:00,25812.02,20.21,0.0012490513964736462,3,2.7129052365873005,2.2813854447054513,-2.599314045028833e-07,confluence_lost
A,BTCUSDT/SOLUSDT,short_a_long_b,2023-08-22T21:00:00,25882.54,19.77,2023-08-22T21:30:00,25660.68,19.96,0.01578232267701636,2,3.556838100451866,2.375085097382098,-2.599314045028833e-07,confluence_lost
A,BTCUSDT/SOLUSDT,long_a_short_b,2023-08-24T04:30:00,26413.72,21.93,2023-08-24T05:30:00,26448.0,21.8,0.004825762956742266,3,-2.311205361929089,-1.750895585499444,-1.3526497945757389e-06,confluence_lost
A,BTCUSDT/SOLUSDT,short_a_long_b,2023-08-25T14:30:00,26074.78,20.3,2023-08-25T15:00:00,25862.01,20.6,0.02053831726882001,2,2.3967161202247826,0.857940650799219,1.3799961567325656e-05,confluence_lost
A,BTCUSDT/SOLUSDT,long_a_short_b,2023-08-27T11:00:00,26077.63,20.68,2023-08-27T11:30:00,26067.03,20.57,0.002512670279942466,2,-2.5544716373486436,-1.680695882229887,2.6863347951012997e-05,confluence_lost
A,BTCUSDT/SOLUSDT,long_a_short_b,2023-08-27T12:30:00,26058.6,20.65,2023-08-27T13:00:00,26073.11,20.68,-0.0032959625715250217,2,-2.496673209217045,-2.708878064569022,2.6863347951012997e-05,confluence_lost
A,BTCUSDT/SOLUSDT,long_a_short_b,2023-08-27T13:30:00,26084.9,20.69,2023-08-27T14:00:00,26079.98,20.79,-0.00742186764825907,2,-2.6318047410270453,-3.397572201240828,2.6863347951012997e-05,regime_break
A,BTCUSDT/SOLUSDT,long_a_short_b,2023-08-27T14:30:00,26168.73,20.84,2023-08-27T15:00:00,26150.99,20.8,-0.001158522531447812,2,-3.031186843452195,-2.843906580405469,2.6863347951012997e-05,confluence_lost
A,BTCUSDT/SOLUSDT,long_a_short_b,2023-08-27T21:00:00,26094.09,20.82,2023-08-27T21:30:00,26117.69,20.69,0.004748415510735196,2,-2.4653188369571737,-1.4492362986462142,2.363149285078789e-05,confluence_lost
A,BTCUSDT/SOLUSDT,short_a_long_b,2023-08-29T11:30:00,26007.14,20.15,2023-08-29T12:30:00,25992.33,20.26,0.003628516074372714,3,2.4693750209230894,1.4621962961860628,2.6911973112892546e-05,confluence_lost
A,BTCUSDT/SOLUSDT,long_a_short_b,2023-08-29T14:00:00,26096.96,21.22,2023-08-29T14:30:00,27007.17,21.73,0.008444078525089618,2,-4.3487533382148715,-2.8403980696669398,2.6911973112892546e-05,confluence_lost
A,BTCUSDT/SOLUSDT,short_a_long_b,2023-08-29T18:30:00,27965.86,21.56,2023-08-29T19:00:00,27909.06,21.55,-0.0008327740361856882,2,2.371049642470096,2.1106658496754074,-3.3662431344169046e-06,confluence_lost
A,BTCUSDT/SOLUSDT,short_a_long_b,2023-08-30T14:30:00,27302.61,20.91,2023-08-30T15:00:00,27148.92,20.81,-0.0015532686052917443,2,2.9695594184341316,2.721701101909848,1.911301341251323e-05,confluence_lost
A,BTCUSDT/SOLUSDT,short_a_long_b,2023-08-30T15:30:00,27204.84,20.84,2023-08-30T16:00:00,27205.58,20.76,-0.0062659726352576745,2,2.659283014778907,2.922471354054486,1.911301341251323e-05,confluence_lost
A,BTCUSDT/SOLUSDT,short_a_long_b,2023-08-30T16:30:00,27177.96,20.67,2023-08-30T17:00:00,27145.19,20.8,0.005095064605207214,2,3.0803039347378536,2.227291204460216,2.3630121543065847e-05,confluence_lost
A,BTCUSDT/SOLUSDT,short_a_long_b,2023-08-30T17:30:00,27243.09,20.71,2023-08-30T18:00:00,27161.99,20.63,-0.0032859665139167026,2,2.8564776946459687,2.7887882434632427,2.3630121543065847e-05,confluence_lost
A,BTCUSDT/SOLUSDT,short_a_long_b,2023-08-30T19:00:00,27256.56,20.68,2023-08-30T19:30:00,27236.18,20.68,-0.0016522900908992198,2,2.666097851557514,2.4873895374928225,2.3630121543065847e-05,confluence_lost
A,BTCUSDT/SOLUSDT,short_a_long_b,2023-08-31T16:30:00,26631.72,19.69,2023-08-31T17:00:00,26142.44,19.8,0.02155866878516373,2,2.5521102020580715,1.0804823028114183,4.489491315400766e-05,confluence_lost
A,BTCUSDT/SOLUSDT,short_a_long_b,2023-09-01T14:30:00,25882.92,19.38,2023-09-01T15:00:00,25728.91,19.54,0.011806189951465054,2,2.7183276387509063,0.17769632295811533,4.488531783390587e-05,z_mean_revert
A,BTCUSDT/SOLUSDT,short_a_long_b,2023-09-01T15:30:00,25892.28,19.39,2023-09-01T16:00:00,25814.3,19.5,0.006284735842931613,2,2.5911721651568107,1.0494753865145356,4.488531783390587e-05,confluence_lost
A,BTCUSDT/SOLUSDT,short_a_long_b,2023-09-01T16:30:00,25929.98,19.33,2023-09-01T17:00:00,25780.28,19.06,-0.01059468541705437,2,3.145879785806235,4.085063023862397,4.880858053748234e-05,regime_break
A,BTCUSDT/SOLUSDT,long_a_short_b,2023-09-04T02:30:00,25914.94,19.81,2023-09-04T03:00:00,25986.67,19.84,-0.0011464852235001798,2,-2.511646422528452,-2.2254984685769563,2.6795099968571785e-05,confluence_lost
A,BTCUSDT/SOLUSDT,long_a_short_b,2023-09-05T13:30:00,25774.57,19.96,2023-09-05T14:00:00,25736.25,19.94,-0.0028847327251283893,2,-3.5108608088205187,-3.3393253418244133,1.4398493373653537e-05,regime_break
A,BTCUSDT/SOLUSDT,long_a_short_b,2023-09-05T14:30:00,25699.99,20.13,2023-09-05T15:00:00,25710.14,20.18,-0.004488913154956406,2,-4.2129228719104574,-4.026204777091922,1.4398493373653537e-05,regime_break
A,BTCUSDT/SOLUSDT,long_a_short_b,2023-09-05T15:30:00,25671.41,20.41,2023-09-05T16:00:00,25759.95,20.45,-0.0009108506143913763,2,-4.681458639022855,-4.085286254930468,1.4398493373653537e-05,regime_break
A,BTCUSDT/SOLUSDT,long_a_short_b,2023-09-05T16:30:00,25794.33,20.32,2023-09-05T17:00:00,25750.0,20.31,-0.0036264687611823753,2,-3.218960776964253,-3.1149983196416975,1.8678828179508306e-05,regime_break
A,BTCUSDT/SOLUSDT,long_a_short_b,2023-09-05T17:30:00,25750.41,20.39,2023-09-05T20:00:00,25692.63,20.17,0.006145754978583565,6,-3.190074130575554,-2.0528843092923803,1.8678828179508306e-05,confluence_lost
A,BTCUSDT/SOLUSDT,short_a_long_b,2023-09-09T18:00:00,25874.16,19.4,2023-09-09T18:30:00,25850.39,19.46,0.0016114606718725245,2,2.3213250263015164,1.2510073988563772,5.8338657136284e-07,confluence_lost
A,BTCUSDT/SOLUSDT,short_a_long_b,2023-09-10T00:00:00,25902.67,19.31,2023-09-10T01:00:00,25869.26,19.29,-0.0021459043578493796,3,3.1667776011143514,3.0983155766810877,2.9152288883776445e-07,regime_break
A,BTCUSDT/SOLUSDT,short_a_long_b,2023-09-10T01:30:00,25842.52,19.3,2023-09-10T02:00:00,25852.74,19.24,-0.0059042805583400665,2,2.6222709638502195,3.2580370508758563,2.9152288883776445e-07,regime_break
A,BTCUSDT/SOLUSDT,short_a_long_b,2023-09-10T02:30:00,25846.49,19.3,2023-09-10T03:00:00,25854.44,19.24,-0.005816393575430109,2,2.402297463454467,3.019426151636573,2.9152288883776445e-07,regime_break
A,BTCUSDT/SOLUSDT,short_a_long_b,2023-09-10T03:30:00,25836.76,19.2,2023-09-10T04:00:00,25860.31,18.32,-0.049144825331555994,2,3.178693031235812,7.859908359941245,2.9152288883776445e-07,regime_break
A,BTCUSDT/SOLUSDT,short_a_long_b,2023-09-10T04:30:00,25788.22,18.38,2023-09-10T05:00:00,25827.3,18.34,-0.006091699170429218,2,5.732821049248809,5.146293962410677,2.9152288883776445e-07,regime_break
A,BTCUSDT/SOLUSDT,short_a_long_b,2023-09-10T05:30:00,25841.81,18.39,2023-09-10T06:00:00,25843.61,18.53,0.0051431784977761935,2,4.3801500044605985,3.5018489635976087,2.9152288883776445e-07,regime_break
A,BTCUSDT/SOLUSDT,short_a_long_b,2023-09-10T06:30:00,25862.4,18.54,2023-09-10T08:00:00,25852.24,18.47,-0.005782771975599552,4,3.2773727901241547,2.957205880657202,2.9152288883776445e-07,confluence_lost
A,BTCUSDT/SOLUSDT,short_a_long_b,2023-09-10T08:30:00,25865.18,18.35,2023-09-10T10:00:00,25837.1,18.39,0.0008654659182816961,4,3.164798869167402,2.5415871665382843,7.546740024651594e-06,confluence_lost
A,BTCUSDT/SOLUSDT,short_a_long_b,2023-09-10T10:30:00,25829.1,18.3,2023-09-10T11:00:00,25805.0,18.34,0.0007188484763436943,2,2.643168302525623,2.3882430089727276,7.546740024651594e-06,confluence_lost
A,BTCUSDT/SOLUSDT,short_a_long_b,2023-09-10T11:30:00,25816.25,18.33,2023-09-10T12:00:00,25793.4,18.38,0.001212870123263279,2,2.337572457181445,2.0968634873723304,7.546740024651594e-06,confluence_lost
A,BTCUSDT/SOLUSDT,short_a_long_b,2023-09-10T14:30:00,25794.59,18.13,2023-09-10T15:00:00,25756.38,18.06,-0.00477968549153189,2,2.315383755232382,2.3189944246847047,7.546740024651594e-06,confluence_lost
A,BTCUSDT/SOLUSDT,long_a_short_b,2023-09-12T03:00:00,25213.02,18.36,2023-09-12T03:30:00,25843.87,18.19,0.0318800620032383,2,-2.4976768699442817,0.11453885129300324,1.5650169513358724e-05,z_mean_revert
A,BTCUSDT/SOLUSDT,short_a_long_b,2023-09-12T16:30:00,26457.67,17.94,2023-09-12T17:00:00,26081.15,17.88,0.008486552344350098,2,2.730342672267655,1.7913481437438243,1.1061707483389843e-05,confluence_lost
A,BTCUSDT/SOLUSDT,long_a_short_b,2023-09-14T00:30:00,26186.86,19.27,2023-09-14T01:00:00,26466.96,19.12,0.016080324521197745,2,-4.539026825828567,-2.879886484665096,1.45713335875048e-05,confluence_lost
A,BTCUSDT/SOLUSDT,long_a_short_b,2023-09-14T01:30:00,26208.4,18.9,2023-09-14T07:00:00,26280.38,18.73,0.009341156698498401,12,-2.6189542328479996,-1.3424052066706318,1.45713335875048e-05,confluence_lost
A,BTCUSDT/SOLUSDT,long_a_short_b,2023-09-16T02:00:00,26657.44,19.36,2023-09-16T02:30:00,26669.14,19.22,0.005270306818721385,2,-2.6621033563980867,-1.397814357091252,7.74794565198461e-06,confluence_lost
A,BTCUSDT/SOLUSDT,long_a_short_b,2023-09-16T03:00:00,26680.74,19.35,2023-09-16T03:30:00,26656.56,19.21,0.003928870403760734,2,-2.3746833513084717,-1.3401694264702222,7.74794565198461e-06,confluence_lost
A,BTCUSDT/SOLUSDT,long_a_short_b,2023-09-16T04:30:00,26589.79,19.32,2023-09-16T06:30:00,26486.08,19.12,0.004051597596626391,5,-2.5007331120108214,-1.299751256086666,7.74794565198461e-06,confluence_lost
A,BTCUSDT/SOLUSDT,short_a_long_b,2023-09-17T20:30:00,26493.39,18.72,2023-09-17T21:00:00,26427.16,18.78,0.003304997040336002,2,2.6629172607312204,1.654436868262839,8.99833312850975e-09,confluence_lost
A,BTCUSDT/SOLUSDT,short_a_long_b,2023-09-18T00:00:00,26529.35,18.73,2023-09-18T00:30:00,26455.75,18.67,-0.0028291311399722273,2,2.5085938370541654,2.46875650939729,-1.1218901853444922e-06,confluence_lost
A,BTCUSDT/SOLUSDT,long_a_short_b,2023-09-18T10:30:00,27033.56,19.63,2023-09-18T11:00:00,27159.15,19.6,0.0037739800911461142,2,-2.7439663133921113,-1.5901864124658256,4.1408541139872805e-07,confluence_lost
A,BTCUSDT/SOLUSDT,long_a_short_b,2023-09-18T12:00:00,27217.68,19.77,2023-09-18T12:30:00,27281.57,19.9,-0.006628248358195685,2,-2.7530954804738137,-3.34667361443227,4.1408541139872805e-07,regime_break
A,BTCUSDT/SOLUSDT,long_a_short_b,2023-09-18T14:00:00,27279.58,19.84,2023-09-18T14:30:00,27240.0,19.89,-0.00637106339365405,2,-2.543915854910111,-3.0027812144359705,4.1408541139872805e-07,regime_break
A,BTCUSDT/SOLUSDT,long_a_short_b,2023-09-18T15:00:00,27282.65,19.93,2023-09-18T17:30:00,26884.46,19.71,-0.005956354632909375,6,-2.905130346591843,-2.787685927159589,4.1408541139872805e-07,confluence_lost
A,BTCUSDT/SOLUSDT,long_a_short_b,2023-09-18T18:00:00,26750.01,19.59,2023-09-18T18:30:00,26743.96,19.56,-0.0010947745716031608,2,-2.533123965064787,-2.2846481423966636,-1.4731266902245432e-05,confluence_lost
A,BTCUSDT/SOLUSDT,long_a_short_b,2023-09-18T19:00:00,26687.23,19.63,2023-09-18T19:30:00,26732.01,19.78,-0.008363409171146238,2,-2.7977598314298464,-3.233992504880304,-1.4731266902245432e-05,regime_break
A,BTCUSDT/SOLUSDT,long_a_short_b,2023-09-18T20:00:00,26835.6,19.77,2023-09-18T23:00:00,26857.14,19.66,0.0039666509536141065,7,-2.6393410836355793,-1.5432346704817508,-1.4731266902245432e-05,confluence_lost
A,BTCUSDT/SOLUSDT,long_a_short_b,2023-09-19T01:00:00,26670.0,19.8,2023-09-19T02:00:00,26687.1,19.82,-0.00276893115633263,3,-2.4588692355058477,-2.314711647745049,-5.973207590635336e-06,confluence_lost
A,BTCUSDT/SOLUSDT,long_a_short_b,2023-09-19T02:30:00,26744.55,19.89,2023-09-19T03:30:00,26792.53,19.96,-0.004125346092065427,3,-2.323212766035167,-2.2869502485299757,-5.973207590635336e-06,confluence_lost
A,BTCUSDT/SOLUSDT,long_a_short_b,2023-09-20T18:00:00,27132.06,20.36,2023-09-20T19:00:00,27174.98,20.06,0.013916666484844756,3,-2.640607066366792,0.08409769399614943,-1.7384232416735395e-05,z_mean_revert
A,BTCUSDT/SOLUSDT,long_a_short_b,2023-09-20T20:30:00,26991.32,20.3,2023-09-20T21:00:00,27072.31,20.37,-0.0028476815969496337,2,-2.6616478443945315,-2.601318425389534,-1.7384232416735395e-05,confluence_lost
A,BTCUSDT/SOLUSDT,long_a_short_b,2023-09-25T00:30:00,26116.74,19.43,2023-09-25T01:00:00,26228.17,19.47,-0.00019206001420872575,2,-3.3450880703247328,-2.681839209028236,1.3904129537028403e-05,confluence_lost
A,BTCUSDT/SOLUSDT,long_a_short_b,2023-09-25T02:00:00,26161.03,19.43,2023-09-25T02:30:00,26169.93,19.5,-0.005662475601276459,2,-2.676920567802834,-3.2006278394752012,1.3904129537028403e-05,regime_break
A,BTCUSDT/SOLUSDT,long_a_short_b,2023-09-25T03:00:00,26225.3,19.52,2023-09-25T03:30:00,26182.48,19.47,-0.0014712990484160725,2,-2.8272144847672944,-2.5269073462686316,1.3904129537028403e-05,confluence_lost
A,BTCUSDT/SOLUSDT,long_a_short_b,2023-09-25T04:00:00,26157.5,19.53,2023-09-25T04:30:00,26175.29,19.48,0.0008402747173506665,2,-3.131449404043054,-2.404897813116419,1.3904129537028403e-05,confluence_lost
A,BTCUSDT/SOLUSDT,long_a_short_b,2023-09-25T11:30:00,26059.25,19.55,2023-09-25T15:30:00,26228.43,19.57,0.003069110612013495,9,-2.606568456244358,-1.446204361473649,2.984765630657764e-05,confluence_lost
A,BTCUSDT/SOLUSDT,short_a_long_b,2023-09-26T21:00:00,26160.0,19.02,2023-09-26T21:30:00,26145.45,19.0,-0.0028953320502802947,2,2.377164993632523,2.3624701912857775,2.107912251060706e-05,confluence_lost
A,BTCUSDT/SOLUSDT,short_a_long_b,2023-09-26T22:00:00,26163.73,19.0,2023-09-26T22:30:00,26196.03,18.94,-0.006792428192125263,2,2.374280434401837,2.8171390129791276,2.107912251060706e-05,confluence_lost
A,BTCUSDT/SOLUSDT,short_a_long_b,2023-09-26T23:00:00,26156.02,18.96,2023-09-26T23:30:00,26183.86,19.03,0.00022760100306502785,2,2.4374432908049712,2.041089300400387,2.107912251060706e-05,confluence_lost
A,BTCUSDT/SOLUSDT,short_a_long_b,2023-09-27T02:30:00,26277.54,18.96,2023-09-27T09:30:00,26291.05,19.18,0.008689248253716378,15,2.479663214597572,0.6494019837413678,3.849265084158327e-05,confluence_lost
A,BTCUSDT/SOLUSDT,short_a_long_b,2023-09-28T16:30:00,27259.99,19.51,2023-09-28T17:00:00,27082.19,19.55,0.0061726101529217675,2,2.513562971429139,0.886491184081092,3.52958598273451e-06,confluence_lost
A,BTCUSDT/SOLUSDT,long_a_short_b,2023-09-28T22:30:00,27021.38,19.84,2023-09-28T23:00:00,27008.37,19.92,-0.006913728662983162,2,-2.535181466490275,-3.2099779162367144,3.52958598273451e-06,regime_break
A,BTCUSDT/SOLUSDT,long_a_short_b,2023-09-28T23:30:00,27030.9,19.96,2023-09-29T01:30:00,27022.74,20.21,-0.015226926841263297,5,-3.2131179910799124,-4.292496386236274,3.52958598273451e-06,regime_break
A,BTCUSDT/SOLUSDT,long_a_short_b,2023-09-29T02:00:00,27042.81,20.2,2023-09-29T02:30:00,26971.65,20.15,-0.0025561358263120203,2,-3.758549015771757,-3.4953634223289765,-5.908099791206493e-06,regime_break
A,BTCUSDT/SOLUSDT,long_a_short_b,2023-09-29T03:00:00,26887.48,20.13,2023-09-29T03:30:00,26885.14,20.2,-0.005964426273458764,2,-3.475233189486308,-3.5767561236450125,-5.908099791206493e-06,regime_break
A,BTCUSDT/SOLUSDT,long_a_short_b,2023-09-29T04:00:00,26954.69,20.15,2023-09-29T04:30:00,26900.01,20.22,-0.007902534868258135,2,-2.8691975447737277,-3.213851760722935,-5.908099791206493e-06,regime_break
A,BTCUSDT/SOLUSDT,long_a_short_b,2023-09-29T05:00:00,26973.8,20.11,2023-09-29T05:30:00,26961.58,20.1,-0.002355767159350306,2,-2.318944102191723,-2.22824601729053,-5.908099791206493e-06,confluence_lost
A,BTCUSDT/SOLUSDT,long_a_short_b,2023-09-29T07:30:00,27047.71,20.27,2023-09-29T08:00:00,27164.26,20.23,0.003882412056256237,2,-2.3694200429177887,-1.7839502082586718,-5.908099791206493e-06,confluence_lost
A,BTCUSDT/SOLUSDT,long_a_short_b,2023-09-29T14:30:00,26799.24,20.36,2023-09-29T15:00:00,26873.3,20.31,0.0028193068818485735,2,-2.646373796089991,-2.1894501885142366,-1.0299633170938383e-05,confluence_lost
A,BTCUSDT/SOLUSDT,long_a_short_b,2023-09-30T13:00:00,26928.05,21.0,2023-09-30T14:00:00,26985.18,21.05,-0.0026593728384305825,3,-2.9834576733191556,-2.8072838818620895,1.0474153941949705e-06,confluence_lost
A,BTCUSDT/SOLUSDT,long_a_short_b,2023-09-30T14:30:00,26978.65,21.3,2023-09-30T15:00:00,26995.87,21.38,-0.005517586050851217,2,-3.344316918542998,-3.3247540790984185,1.0474153941949705e-06,regime_break
A,BTCUSDT/SOLUSDT,long_a_short_b,2023-09-30T15:30:00,27005.82,21.43,2023-09-30T16:00:00,26996.3,21.56,-0.008818778854863193,2,-3.2321192287788505,-3.3725920182059226,1.0474153941949705e-06,regime_break
A,BTCUSDT/SOLUSDT,long_a_short_b,2023-09-30T16:30:00,27000.0,21.52,2023-09-30T17:00:00,27014.95,21.59,-0.005099084400385354,2,-3.135515586027571,-3.1157152389637464,4.203545306596088e-06,regime_break
A,BTCUSDT/SOLUSDT,long_a_short_b,2023-09-30T17:30:00,27002.72,21.48,2023-09-30T18:00:00,27015.7,21.37,0.0032017351459808353,2,-2.76225221158292,-2.4171264739495255,4.203545306596088e-06,confluence_lost
A,BTCUSDT/SOLUSDT,long_a_short_b,2023-09-30T19:00:00,27001.79,21.37,2023-09-30T19:30:00,27003.24,21.41,-0.004218082729603487,2,-2.3082251853857034,-2.3175354744510024,4.203545306596088e-06,confluence_lost
A,BTCUSDT/SOLUSDT,long_a_short_b,2023-10-01T10:00:00,27224.91,22.81,2023-10-01T10:30:00,27201.21,23.11,-0.016422652554163017,2,-3.2521210188400693,-3.5102280059885556,1.6772064200396094e-06,regime_break
A,BTCUSDT/SOLUSDT,long_a_short_b,2023-10-01T11:00:00,27200.59,23.05,2023-10-01T11:30:00,27208.67,22.97,0.0013677682152548189,2,-3.2105315529352483,-2.91981764444111,1.6772064200396094e-06,confluence_lost
A,BTCUSDT/SOLUSDT,long_a_short_b,2023-10-01T12:00:00,27189.79,23.15,2023-10-01T12:30:00,27150.01,23.15,-0.003863049181328779,2,-3.0197204721321342,-2.9021860694920836,1.6772064200396094e-06,confluence_lost
A,BTCUSDT/SOLUSDT,long_a_short_b,2023-10-01T13:00:00,27196.33,23.32,2023-10-01T13:30:00,27167.12,23.12,0.005102287355529603,2,-2.9075343129318374,-2.5729751648938257,1.6772064200396094e-06,confluence_lost
A,BTCUSDT/SOLUSDT,long_a_short_b,2023-10-01T14:00:00,27189.85,23.23,2023-10-01T14:30:00,27198.38,23.09,0.003940409634973288,2,-2.564784420281934,-2.298282932416046,1.6772064200396094e-06,confluence_lost
A,BTCUSDT/SOLUSDT,long_a_short_b,2023-10-03T09:30:00,27557.83,24.28,2023-10-03T10:00:00,27553.4,24.17,0.0019697248990335338,2,-2.5574183982594407,-2.143497779530661,1.3372779100805622e-05,confluence_lost
A,BTCUSDT/SOLUSDT,long_a_short_b,2023-10-03T13:00:00,27474.73,24.61,2023-10-03T13:30:00,27517.22,24.33,0.010524000838719585,2,-3.210994630571072,-2.2292084905563527,1.3372779100805622e-05,confluence_lost
A,BTCUSDT/SOLUSDT,long_a_short_b,2023-10-07T04:00:00,27904.1,23.83,2023-10-07T09:00:00,28022.86,23.59,0.011927344038650992,11,-2.4951320029748927,-0.4582435209501358,-2.9525099773078713e-06,z_mean_revert
A,BTCUSDT/SOLUSDT,short_a_long_b,2023-10-09T07:00:00,27898.19,22.93,2023-10-09T07:30:00,27857.59,22.99,0.0016719509421716096,2,3.3611307832165527,2.4723525489159672,2.2274815931927922e-05,confluence_lost
A,BTCUSDT/SOLUSDT,short_a_long_b,2023-10-09T08:00:00,27822.99,22.92,2023-10-09T08:30:00,27816.41,22.9,-0.0030361052778778296,2,2.764226091460655,2.846453698068346,2.513596794705505e-05,confluence_lost
A,BTCUSDT/SOLUSDT,short_a_long_b,2023-10-09T09:00:00,27739.25,22.87,2023-10-09T09:30:00,27752.24,22.4,-0.023419229613756906,2,2.466686794213569,5.382815214262528,2.513596794705505e-05,regime_break
A,BTCUSDT/SOLUSDT,short_a_long_b,2023-10-09T10:00:00,27518.42,22.4,2023-10-09T10:30:00,27513.5,22.25,-0.008917639236866434,2,3.7102493901269433,4.203679841412981,2.513596794705505e-05,regime_break
A,BTCUSDT/SOLUSDT,short_a_long_b,2023-10-09T11:00:00,27526.0,22.19,2023-10-09T11:30:00,27490.0,22.17,-0.001993452502786639,2,4.188154009679944,3.7771993128322428,2.513596794705505e-05,regime_break
A,BTCUSDT/SOLUSDT,short_a_long_b,2023-10-09T12:00:00,27436.69,22.26,2023-10-09T12:30:00,27526.91,22.17,-0.009731424216153292,2,2.9252562543191156,3.4595437958518636,2.513596794705505e-05,regime_break
A,BTCUSDT/SOLUSDT,short_a_long_b,2023-10-09T13:00:00,27442.4,22.2,2023-10-09T16:00:00,27442.45,21.95,-0.013663083259337225,7,2.842455992110674,3.1136805039245927,2.513596794705505e-05,regime_break
A,BTCUSDT/SOLUSDT,short_a_long_b,2023-10-09T16:30:00,27435.8,22.03,2023-10-09T17:00:00,27394.99,22.02,-0.0013664538915805634,2,2.6578305503046487,2.464311960274422,3.6967975069931705e-05,confluence_lost
A,BTCUSDT/SOLUSDT,short_a_long_b,2023-10-09T18:30:00,27728.46,22.23,2023-10-09T19:30:00,27616.36,22.2,0.00029325004393894417,3,2.4198763159177923,2.084763827080267,3.6967975069931705e-05,confluence_lost
A,BTCUSDT/SOLUSDT,long_a_short_b,2023-10-11T08:30:00,27027.7,22.2,2023-10-11T10:00:00,27284.24,22.29,0.0030376896015289058,4,-2.4548913968974886,-1.6568432075617168,5.251925040221413e-05,confluence_lost
A,BTCUSDT/SOLUSDT,short_a_long_b,2023-10-12T16:00:00,26677.7,21.1,2023-10-12T17:30:00,26592.97,21.28,0.009306866592004373,4,2.300431021238651,1.1595080660027082,6.009985066540408e-05,confluence_lost
A,BTCUSDT/SOLUSDT,long_a_short_b,2023-10-13T20:30:00,26754.62,21.97,2023-10-13T21:00:00,26996.01,21.95,0.00753269924939344,2,-2.4414198932972013,-1.4633080854407647,4.0054360463969274e-05,confluence_lost
A,BTCUSDT/SOLUSDT,long_a_short_b,2023-10-14T01:30:00,26847.52,21.99,2023-10-14T02:00:00,26918.06,21.98,0.0006821829246274748,2,-2.402716012444334,-2.0203129204345998,3.1386724805309434e-05,confluence_lost
A,BTCUSDT/SOLUSDT,long_a_short_b,2023-10-14T04:00:00,26931.85,22.11,2023-10-14T04:30:00,26923.44,22.03,0.0009060026017206481,2,-2.3719881305936843,-1.9956397158737567,3.1386724805309434e-05,confluence_lost
A,BTCUSDT/SOLUSDT,short_a_long_b,2023-10-15T22:30:00,27262.55,21.87,2023-10-15T23:00:00,27092.6,21.88,0.004291073626992173,2,3.2919490236870463,1.9305394361548005,2.3631437006601904e-05,confluence_lost
A,BTCUSDT/SOLUSDT,long_a_short_b,2023-10-16T05:00:00,27260.09,22.61,2023-10-16T05:30:00,27830.36,22.71,0.014096771681998368,2,-3.103648129228036,-0.18217854870670577,1.9515562116245924e-05,z_mean_revert
A,BTCUSDT/SOLUSDT,long_a_short_b,2023-10-16T09:30:00,27676.42,22.86,2023-10-16T10:30:00,27725.71,23.0,-0.006743296040070443,3,-2.5073664302064294,-3.075867086631882,1.5240992757080163e-05,regime_break
A,BTCUSDT/SOLUSDT,long_a_short_b,2023-10-16T11:00:00,27770.68,23.07,2023-10-16T11:30:00,27740.01,23.16,-0.00740557254795475,2,-3.1275817704935225,-3.640539669241176,1.5240992757080163e-05,regime_break
A,BTCUSDT/SOLUSDT,long_a_short_b,2023-10-16T12:00:00,27743.96,23.1,2023-10-16T12:30:00,27810.2,23.42,-0.013865267157965586,2,-3.0284638693135246,-4.188362404656909,1.5240992757080163e-05,regime_break
A,BTCUSDT/SOLUSDT,long_a_short_b,2023-10-16T13:00:00,27866.49,24.5,2023-10-16T13:30:00,29887.85,23.29,0.1195250570729743,2,-6.8943987708692,3.927135363075332,1.5240992757080163e-05,confluence_lost
A,BTCUSDT/SOLUSDT,long_a_short_b,2023-10-16T18:30:00,28339.15,24.0,2023-10-16T19:00:00,28549.01,23.88,0.010005303264212076,2,-2.663289987365299,-1.6924122572819809,3.328521658884013e-05,confluence_lost
A,BTCUSDT/SOLUSDT,long_a_short_b,2023-10-16T20:00:00,28486.68,24.12,2023-10-16T20:30:00,28563.11,23.9,0.009404069699203557,2,-2.439693142949789,-1.5646814769505337,3.328521658884013e-05,confluence_lost
A,BTCUSDT/SOLUSDT,long_a_short_b,2023-10-16T22:30:00,28400.51,24.14,2023-10-16T23:00:00,28514.55,23.98,0.008243424163838567,2,-2.347843496379202,-1.6278351365071422,3.328521658884013e-05,confluence_lost
A,BTCUSDT/SOLUSDT,long_a_short_b,2023-10-17T01:30:00,28350.25,24.3,2023-10-17T02:00:00,28317.05,24.05,0.006717000332735215,2,-2.476762965285614,-1.8925621459419832,2.6341835124653436e-05,confluence_lost
A,BTCUSDT/SOLUSDT,short_a_long_b,2023-10-18T23:00:00,28357.56,23.47,2023-10-18T23:30:00,28346.54,23.42,-0.004141770314491075,2,2.6096714653231787,2.716831616605598,3.3530343094726454e-06,confluence_lost
A,BTCUSDT/SOLUSDT,short_a_long_b,2023-10-19T01:00:00,28392.99,23.47,2023-10-19T01:30:00,28374.54,23.34,-0.007289177659354815,2,2.4168613149613516,2.913405464499653,3.234711295898358e-07,confluence_lost
A,BTCUSDT/SOLUSDT,short_a_long_b,2023-10-19T02:00:00,28241.45,23.31,2023-10-19T02:30:00,28184.6,23.27,-0.002103003091639175,2,2.3951319706289036,2.2744210111437577,3.234711295898358e-07,confluence_lost
A,BTCUSDT/SOLUSDT,long_a_short_b,2023-10-19T11:30:00,28425.44,24.28,2023-10-19T12:00:00,28461.97,24.17,0.0034155941903883514,2,-2.3794147481932244,-1.5523131825161745,-1.1350780103190165e-06,confluence_lost
A,BTCUSDT/SOLUSDT,long_a_short_b,2023-10-19T14:30:00,28500.01,24.48,2023-10-19T15:00:00,28733.71,24.51,0.0045745069267295185,2,-2.7732969292374876,-1.8426966750039182,-1.1350780103190165e-06,confluence_lost
A,BTCUSDT/SOLUSDT,long_a_short_b,2023-10-19T15:30:00,28612.22,24.77,2023-10-19T16:00:00,28690.0,25.31,-0.02148214628652116,2,-3.4244810228283393,-4.856496091632395,-1.1350780103190165e-06,regime_break
A,BTCUSDT/SOLUSDT,long_a_short_b,2023-10-19T16:30:00,28730.01,24.99,2023-10-19T17:00:00,28610.01,24.81,0.0006260639498216337,2,-3.212284849728592,-2.768311892260977,-2.5340616230248122e-05,confluence_lost
A,BTCUSDT/SOLUSDT,long_a_short_b,2023-10-19T17:30:00,28642.97,24.81,2023-10-19T18:00:00,28546.52,25.13,-0.018665343393008113,2,-2.547375970801226,-3.6681338715120235,-2.5340616230248122e-05,regime_break
A,BTCUSDT/SOLUSDT,long_a_short_b,2023-10-19T18:30:00,28641.01,25.04,2023-10-19T21:30:00,28643.79,24.85,0.0052849230410426246,7,-2.921555534648029,-1.8046509671588817,-2.5340616230248122e-05,confluence_lost
A,BTCUSDT/SOLUSDT,long_a_short_b,2023-10-20T02:30:00,28794.13,25.42,2023-10-20T03:00:00,28995.65,25.61,-0.0028757809000968114,2,-2.30910907027936,-2.247146910468236,-4.031381262352632e-05,confluence_lost
A,BTCUSDT/SOLUSDT,long_a_short_b,2023-10-20T04:00:00,29245.0,25.97,2023-10-20T04:30:00,29286.81,26.08,-0.00520601043341222,2,-2.373537548999768,-2.415548027440229,-4.031381262352632e-05,confluence_lost
A,BTCUSDT/SOLUSDT,long_a_short_b,2023-10-20T05:00:00,29325.01,26.2,2023-10-20T05:30:00,29174.05,26.37,-0.014036373949838407,2,-2.4682385373436486,-2.866502442808575,-4.031381262352632e-05,confluence_lost
A,BTCUSDT/SOLUSDT,long_a_short_b,2023-10-20T06:30:00,29186.29,26.28,2023-10-20T07:00:00,29281.99,26.48,-0.006731413287631979,2,-2.477503793866479,-2.546798935864847,-4.031381262352632e-05,confluence_lost
A,BTCUSDT/SOLUSDT,long_a_short_b,2023-10-20T08:00:00,29243.35,26.73,2023-10-20T08:30:00,29612.4,26.97,0.0012412875257718638,2,-2.7575186960153673,-2.4984101350705785,-4.031381262352632e-05,confluence_lost
A,BTCUSDT/SOLUSDT,long_a_short_b,2023-10-21T11:00:00,29774.5,28.64,2023-10-21T11:30:00,29822.25,29.52,-0.03152253567809664,2,-2.411688808797271,-3.206125229318426,-2.1338857047838323e-06,regime_break
A,BTCUSDT/SOLUSDT,long_a_short_b,2023-10-21T12:00:00,29816.74,29.15,2023-10-21T13:30:00,29752.9,28.93,0.003006090672555042,4,-2.6900160954895935,-2.282512842625789,-2.1338857047838323e-06,confluence_lost
A,BTCUSDT/SOLUSDT,long_a_short_b,2023-10-21T17:30:00,29928.75,29.74,2023-10-21T18:00:00,30230.63,29.44,0.017774046739171892,2,-2.3973493675033994,-1.7798437365005402,1.1289200007390353e-05,confluence_lost
A,BTCUSDT/SOLUSDT,long_a_short_b,2023-10-23T05:00:00,30642.66,31.14,2023-10-23T05:30:00,30856.53,30.79,0.0158190487251086,2,-2.3743926233797428,-1.4550327776949485,3.3999522819348304e-05,confluence_lost
A,BTCUSDT/SOLUSDT,short_a_long_b,2023-10-24T02:30:00,34737.68,32.04,2023-10-24T03:00:00,34551.03,32.18,0.007342666046801519,2,2.347544635252828,1.809069023067224,5.223116094243686e-05,confluence_lost
A,BTCUSDT/SOLUSDT,short_a_long_b,2023-10-24T03:30:00,34634.5,31.4,2023-10-24T04:00:00,34132.85,31.67,0.020682838776879778,2,2.991844046396514,1.8279809339944455,5.223116094243686e-05,confluence_lost
A,BTCUSDT/SOLUSDT,short_a_long_b,2023-10-24T04:30:00,34511.72,31.42,2023-10-24T05:00:00,34414.18,31.76,0.011247419294979702,2,2.6175691154131444,1.9390374267675667,5.223116094243686e-05,confluence_lost
A,BTCUSDT/SOLUSDT,short_a_long_b,2023-10-24T05:30:00,34529.93,31.1,2023-10-24T06:00:00,33968.99,30.74,0.002269474575392463,2,2.8969479259572806,2.5642511970814352,5.223116094243686e-05,confluence_lost
A,BTCUSDT/SOLUSDT,short_a_long_b,2023-10-28T19:30:00,34165.97,31.58,2023-10-28T21:30:00,34172.54,31.97,0.00975729174315361,5,2.392178319944822,1.0576513486348695,9.858380807205235e-05,confluence_lost
A,BTCUSDT/SOLUSDT,long_a_short_b,2023-10-29T17:00:00,34400.18,32.99,2023-10-29T17:30:00,34448.76,32.91,0.001437179178735384,2,-2.5200745488563943,-1.9959405491224207,9.933367101332504e-05,confluence_lost
A,BTCUSDT/SOLUSDT,long_a_short_b,2023-10-30T02:30:00,34288.04,32.99,2023-10-30T03:00:00,34326.67,32.87,0.0023640978088926424,2,-2.411138950408895,-1.8416390893060697,9.948174412147504e-05,confluence_lost
A,BTCUSDT/SOLUSDT,long_a_short_b,2023-10-30T08:30:00,34201.48,33.85,2023-10-30T09:00:00,34409.09,34.92,-0.027939839164129496,2,-4.349510298931838,-5.408115480089707,9.959691209448059e-05,regime_break
A,BTCUSDT/SOLUSDT,long_a_short_b,2023-10-30T09:30:00,34618.1,34.76,2023-10-30T10:00:00,34551.56,34.36,0.00718536397455645,2,-4.141994474162252,-3.2650507804815403,9.959691209448059e-05,regime_break
A,BTCUSDT/SOLUSDT,long_a_short_b,2023-10-30T10:30:00,34469.44,34.74,2023-10-30T11:00:00,34552.12,34.68,0.0017257621699593019,2,-3.7510688691320326,-3.277950899658532,9.959691209448059e-05,regime_break
A,BTCUSDT/SOLUSDT,long_a_short_b,2023-10-30T11:30:00,34485.01,34.94,2023-10-30T12:00:00,34607.08,35.15,-0.004870504490687419,2,-3.5020118612835884,-3.3693496028369694,9.959691209448059e-05,regime_break
A,BTCUSDT/SOLUSDT,long_a_short_b,2023-10-30T12:30:00,34785.03,34.75,2023-10-30T13:00:00,34572.41,34.98,-0.015131104536560788,2,-2.4645144483671526,-2.8889116290679047,9.959691209448059e-05,confluence_lost
A,BTCUSDT/SOLUSDT,long_a_short_b,2023-10-30T13:30:00,34659.43,34.7,2023-10-30T14:00:00,34686.63,34.69,-0.0013270363546847162,2,-2.322272582849044,-2.192612317826118,9.959691209448059e-05,confluence_lost
A,BTCUSDT/SOLUSDT,long_a_short_b,2023-10-30T15:30:00,34644.43,35.04,2023-10-30T16:30:00,34501.49,34.88,-0.0019597057220386714,3,-2.3735713972588113,-2.1884601570567654,9.959691209448059e-05,confluence_lost
A,BTCUSDT/SOLUSDT,long_a_short_b,2023-10-31T01:30:00,34423.5,36.17,2023-10-31T02:00:00,34450.53,35.84,0.007508802479438595,2,-2.3808887958672935,-2.0221630999583806,9.975615669913023e-05,confluence_lost
A,BTCUSDT/SOLUSDT,long_a_short_b,2023-11-01T14:00:00,34597.32,40.45,2023-11-01T15:00:00,34204.13,41.26,-0.03378947498690703,3,-2.332787680512879,-2.9067046501532308,9.99107654678573e-05,confluence_lost
A,BTCUSDT/SOLUSDT,long_a_short_b,2023-11-01T15:30:00,34285.45,40.66,2023-11-01T16:00:00,34290.2,40.97,-0.009885657954037216,2,-2.4006088858452963,-2.479988978793833,9.99107654678573e-05,confluence_lost
A,BTCUSDT/SOLUSDT,long_a_short_b,2023-11-01T16:30:00,34468.91,41.35,2023-11-01T17:00:00,34485.0,42.22,-0.0229731057942804,2,-2.4756156090535404,-2.804334810320852,9.993059536388901e-05,confluence_lost
A,BTCUSDT/SOLUSDT,long_a_short_b,2023-11-01T17:30:00,34404.33,44.58,2023-11-01T18:00:00,34539.17,44.79,-0.0031913584560350626,2,-3.728979829834523,-3.478476384074663,9.993059536388901e-05,regime_break
A,BTCUSDT/SOLUSDT,long_a_short_b,2023-11-01T18:30:00,34603.54,43.91,2023-11-01T20:30:00,34810.24,42.13,0.04411084028278485,5,-2.8996648008914363,-1.772033629211451,9.993059536388901e-05,confluence_lost
A,BTCUSDT/SOLUSDT,short_a_long_b,2023-11-06T04:00:00,34987.53,40.21,2023-11-06T04:30:00,34898.68,40.24,0.000885559271580474,2,2.6060477767668178,2.274400589247261,9.999735448408194e-05,confluence_lost
A,BTCUSDT/SOLUSDT,short_a_long_b,2023-11-06T05:00:00,34875.24,39.78,2023-11-06T05:30:00,34732.92,39.94,0.005702953801088387,2,2.940302898487915,2.2793489262739075,9.999735448408194e-05,confluence_lost
A,BTCUSDT/SOLUSDT,long_a_short_b,2023-11-07T13:30:00,34667.93,41.99,2023-11-07T14:00:00,34753.04,41.72,0.006485109093071831,2,-2.4428243661461786,-1.8011878604850091,9.99990318726232e-05,confluence_lost
A,BTCUSDT/SOLUSDT,long_a_short_b,2023-11-07T17:30:00,34721.74,43.04,2023-11-07T18:00:00,34863.51,43.62,-0.01179280372606821,2,-3.317656338281007,-3.5522521428386264,9.999924701204026e-05,regime_break
A,BTCUSDT/SOLUSDT,long_a_short_b,2023-11-07T18:30:00,35184.43,43.95,2023-11-07T19:00:00,35428.17,43.62,0.012036028477570862,2,-3.2330390590723908,-2.3961818003550217,9.999924701204026e-05,confluence_lost
A,BTCUSDT/SOLUSDT,long_a_short_b,2023-11-07T19:30:00,35371.93,43.86,2023-11-07T20:00:00,35487.37,43.84,0.0013196011369532436,2,-2.615068400241166,-2.3422510432996306,9.999924701204026e-05,confluence_lost
A,BTCUSDT/SOLUSDT,long_a_short_b,2023-11-07T20:30:00,35401.92,44.33,2023-11-07T21:00:00,35599.99,43.89,0.013120452600874424,2,-2.8092147253053827,-2.0508365062234875,9.999924701204026e-05,confluence_lost
A,BTCUSDT/SOLUSDT,long_a_short_b,2023-11-09T09:00:00,36669.0,46.22,2023-11-09T09:30:00,36705.12,46.5,-0.007472955331425266,2,-2.6861275383180407,-2.9809764099856024,9.999978567852734e-05,confluence_lost
A,BTCUSDT/SOLUSDT,long_a_short_b,2023-11-09T10:00:00,36819.54,46.85,2023-11-09T10:30:00,36779.78,46.69,-6.470665048112544e-05,2,-3.1670616846258324,-2.893430664739087,9.999978567852734e-05,confluence_lost
A,BTCUSDT/SOLUSDT,long_a_short_b,2023-11-09T11:00:00,36758.27,46.71,2023-11-09T11:30:00,36711.98,47.13,-0.012650959059647457,2,-2.824279622888494,-3.319640389488212,9.999978567852734e-05,regime_break
A,BTCUSDT/SOLUSDT,long_a_short_b,2023-11-09T12:00:00,36790.0,47.8,2023-11-09T12:30:00,36920.24,47.84,0.0003032723327353738,2,-3.7944257434392887,-3.383573599301579,9.999978567852734e-05,regime_break
A,BTCUSDT/SOLUSDT,long_a_short_b,2023-11-09T13:00:00,36883.0,47.51,2023-11-09T13:30:00,36825.01,47.5,-0.003761787063261177,2,-2.879676392827311,-2.800183136049906,9.999978567852734e-05,confluence_lost
A,BTCUSDT/SOLUSDT,long_a_short_b,2023-11-09T14:00:00,37230.98,48.38,2023-11-09T14:30:00,37548.96,48.56,0.0024201910934817518,2,-3.0124954392370284,-2.6383318406923166,9.999978567852734e-05,confluence_lost
A,BTCUSDT/SOLUSDT,long_a_short_b,2023-11-10T06:30:00,36637.82,48.74,2023-11-10T07:00:00,36621.09,47.27,0.027303400855147666,2,-3.0496779404733445,-1.7777000401348395,0.00011733048763268938,confluence_lost
A,BTCUSDT/SOLUSDT,long_a_short_b,2023-11-10T09:30:00,36493.41,49.08,2023-11-10T11:00:00,36753.41,48.87,0.009003302604785726,4,-2.930364630609136,-2.165841500001136,0.00011721704593653619,confluence_lost
A,BTCUSDT/SOLUSDT,long_a_short_b,2023-11-10T11:30:00,37010.2,50.7,2023-11-10T12:00:00,37061.04,50.74,-0.001815279269938894,2,-2.9355835023798544,-2.7674290091868463,0.00011721704593653619,confluence_lost
A,BTCUSDT/SOLUSDT,long_a_short_b,2023-11-10T12:30:00,37006.32,51.44,2023-11-10T13:00:00,37176.09,50.74,0.01579568185935372,2,-3.0182947941502034,-2.4074722384206777,0.00011721704593653619,confluence_lost
A,BTCUSDT/SOLUSDT,long_a_short_b,2023-11-10T17:30:00,37257.84,52.61,2023-11-10T18:00:00,37203.74,53.84,-0.02723162901211877,2,-2.4931851213690575,-2.8756356635277194,0.00011339103572841704,confluence_lost
A,BTCUSDT/SOLUSDT,long_a_short_b,2023-11-10T18:30:00,37213.92,53.42,2023-11-10T19:00:00,37234.27,54.07,-0.014020889055549143,2,-2.579288023330586,-2.6825020876858665,0.00011339103572841704,confluence_lost
A,BTCUSDT/SOLUSDT,long_a_short_b,2023-11-10T19:30:00,37300.27,54.11,2023-11-10T20:00:00,37236.0,54.67,-0.014472332314249534,2,-2.5449607505587672,-2.64813746857401,0.00011339103572841704,confluence_lost
A,BTCUSDT/SOLUSDT,long_a_short_b,2023-11-10T20:30:00,37147.2,54.61,2023-11-10T21:00:00,37221.4,54.41,0.00325979166472963,2,-2.5549218482684264,-2.3582844358868207,0.00011339103572841704,confluence_lost
A,BTCUSDT/SOLUSDT,long_a_short_b,2023-11-10T22:30:00,37333.92,56.62,2023-11-10T23:00:00,37384.34,56.97,-0.007231046793849713,2,-2.7017872631617723,-2.651546786599091,0.00011339103572841704,confluence_lost
A,BTCUSDT/SOLUSDT,long_a_short_b,2023-11-10T23:30:00,37333.07,56.67,2023-11-11T00:00:00,37281.1,56.39,0.0011488224397981496,2,-2.4826484749226108,-2.3358295939213662,0.00011339103572841704,confluence_lost
A,BTCUSDT/SOLUSDT,long_a_short_b,2023-11-11T00:30:00,37373.38,56.74,2023-11-11T01:00:00,37317.79,56.34,0.0031622780566518817,2,-2.3049130984845627,-2.148829644338719,0.00011041525001099103,confluence_lost
A,BTCUSDT/SOLUSDT,long_a_short_b,2023-11-11T14:00:00,37141.68,62.91,2023-11-11T14:30:00,37193.88,62.09,0.012039922877866774,2,-2.526587344746006,-2.262939650488685,0.0001227829722307708,confluence_lost
A,BTCUSDT/SOLUSDT,short_a_long_b,2023-11-13T17:00:00,36851.61,54.18,2023-11-13T18:00:00,36690.25,53.85,-0.004112166614851073,3,2.680568959777337,2.4932281890490073,0.00019367922215256792,confluence_lost
A,BTCUSDT/SOLUSDT,short_a_long_b,2023-11-13T20:30:00,36811.33,53.5,2023-11-13T21:00:00,36773.73,52.43,-0.021378575346231818,2,2.4759684875746366,3.0137175573175288,0.00019367922215256792,regime_break
A,BTCUSDT/SOLUSDT,short_a_long_b,2023-11-13T21:30:00,36535.64,52.15,2023-11-13T22:00:00,36511.08,52.46,0.004216611509904558,2,2.8148922646761103,2.47743999210287,0.00019367922215256792,confluence_lost
A,BTCUSDT/SOLUSDT,short_a_long_b,2023-11-13T22:30:00,36581.8,52.24,2023-11-13T23:00:00,36484.0,52.61,0.007356155825970559,2,2.561228430455813,2.16545646936699,0.00019367922215256792,confluence_lost
A,BTCUSDT/SOLUSDT,short_a_long_b,2023-11-13T23:30:00,36553.68,51.6,2023-11-14T00:00:00,36456.19,53.2,0.031274788471652284,2,2.7033538132272272,1.6584559722967556,0.00019367922215256792,confluence_lost
A,BTCUSDT/SOLUSDT,long_a_short_b,2023-11-15T11:00:00,35891.02,61.33,2023-11-15T11:30:00,36181.3,62.99,-0.021378871454437218,2,-2.368904977543107,-2.6478351775469378,0.00014534465692421904,confluence_lost
A,BTCUSDT/SOLUSDT,long_a_short_b,2023-11-15T12:00:00,36200.01,63.28,2023-11-15T12:30:00,36296.0,63.24,0.0008837679776419606,2,-2.609195266234698,-2.4414467720292596,0.00014534465692421904,confluence_lost
A,BTCUSDT/SOLUSDT,short_a_long_b,2023-11-16T23:00:00,36148.0,56.68,2023-11-16T23:30:00,36101.73,57.8,0.01864007194917079,2,2.477045455143297,1.8370336933576565,0.00013005537285094496,confluence_lost
A,BTCUSDT/SOLUSDT,short_a_long_b,2023-11-17T15:00:00,36017.39,55.07,2023-11-17T15:30:00,36087.3,55.04,-0.004885768043313463,2,2.4333003765129098,2.393658984718483,0.00011818164530489262,confluence_lost
A,BTCUSDT/SOLUSDT,long_a_short_b,2023-11-19T06:30:00,36576.01,60.32,2023-11-19T07:00:00,36597.65,60.4,-0.00313461531430663,2,-2.7593454685302086,-2.6979272372113883,0.00010517500571795173,confluence_lost
A,BTCUSDT/SOLUSDT,long_a_short_b,2023-11-19T07:30:00,36598.35,60.44,2023-11-19T08:00:00,36610.0,61.23,-0.015152493669006215,2,-2.628479857180359,-3.2079874590476227,0.00010517500571795173,regime_break
A,BTCUSDT/SOLUSDT,long_a_short_b,2023-11-19T08:30:00,36680.01,61.17,2023-11-19T09:00:00,36622.0,61.3,-0.006106740164656774,2,-2.9095955918588445,-2.956910615709761,0.0001040250044472958,confluence_lost
A,BTCUSDT/SOLUSDT,long_a_short_b,2023-11-19T09:30:00,36630.01,61.27,2023-11-19T10:00:00,36627.88,60.14,0.01598480835939027,2,-2.7712958375654924,-1.7763819655166107,0.0001040250044472958,confluence_lost
A,BTCUSDT/SOLUSDT,short_a_long_b,2023-11-20T16:00:00,37510.42,58.29,2023-11-20T17:30:00,36977.15,58.35,0.012845919097028105,4,2.507577376734966,1.4300315689874046,0.00010147295163511008,confluence_lost
A,BTCUSDT/SOLUSDT,short_a_long_b,2023-11-20T18:00:00,37586.73,57.73,2023-11-20T18:30:00,37543.89,57.25,-0.009574803861766276,2,2.830172110173458,3.039378310526643,0.00010147295163511008,regime_break
A,BTCUSDT/SOLUSDT,short_a_long_b,2023-11-20T19:00:00,37521.1,57.44,2023-11-20T19:30:00,37604.01,57.54,-0.0028687429392096207,2,2.698052640194688,2.5979841291525716,0.00010147295163511008,confluence_lost
A,BTCUSDT/SOLUSDT,short_a_long_b,2023-11-20T20:00:00,37561.11,57.55,2023-11-20T20:30:00,37506.04,57.11,-0.008579381524986981,2,2.4324394547920813,2.598944136479332,0.00010147295163511008,confluence_lost
A,BTCUSDT/SOLUSDT,short_a_long_b,2023-11-20T21:00:00,37505.09,56.42,2023-11-20T22:00:00,37428.36,57.3,0.015243161562413746,3,2.967408716098015,2.0561595533888744,0.00010147295163511008,confluence_lost
A,BTCUSDT/SOLUSDT,short_a_long_b,2023-11-20T22:30:00,37533.22,56.44,2023-11-20T23:00:00,37476.03,56.39,-0.0017621796705915992,2,2.656479813541655,2.5186189298754655,0.00010147295163511008,confluence_lost
A,BTCUSDT/SOLUSDT,short_a_long_b,2023-11-20T23:30:00,37473.95,56.57,2023-11-21T00:30:00,37513.45,56.92,0.0027329593673312692,3,2.305079691717812,2.0136046086547514,0.00010147295163511008,confluence_lost
A,BTCUSDT/SOLUSDT,short_a_long_b,2023-11-21T02:00:00,37602.01,55.86,2023-11-21T02:30:00,37517.61,55.4,-0.008390312033956057,2,2.5425096959159634,2.6221679846811123,0.00010114562904953006,confluence_lost
A,BTCUSDT/SOLUSDT,long_a_short_b,2023-11-22T20:30:00,37330.09,58.54,2023-11-22T21:00:00,37604.74,58.69,0.0023949850675490515,2,-2.9085515394105323,-2.505161867762986,0.00010032607812893449,confluence_lost
A,BTCUSDT/SOLUSDT,long_a_short_b,2023-11-23T01:00:00,37305.24,58.36,2023-11-23T01:30:00,37454.26,58.4,0.0009092121296454115,2,-2.334377345797519,-2.0999452833329126,0.0001002536163225046,confluence_lost
A,BTCUSDT/SOLUSDT,long_a_short_b,2023-11-25T02:30:00,37736.23,59.61,2023-11-25T03:00:00,37821.59,59.21,0.006572300674414791,2,-2.7622226599904063,-1.9032171376203444,0.00010005614490926809,confluence_lost
A,BTCUSDT/SOLUSDT,short_a_long_b,2023-11-27T03:00:00,37321.71,56.36,2023-11-27T03:30:00,37250.82,56.6,0.003757769900790422,2,2.737270583061666,1.9079346859200825,0.00010001242921120216,confluence_lost
A,BTCUSDT/SOLUSDT,short_a_long_b,2023-11-27T06:30:00,37391.09,56.46,2023-11-27T07:00:00,37281.71,55.81,-0.01098727943533477,2,2.41207982519884,3.2084960375513285,0.00010001242921120216,regime_break
A,BTCUSDT/SOLUSDT,short_a_long_b,2023-11-27T07:30:00,37230.31,55.93,2023-11-27T08:30:00,37342.83,55.76,-0.008461782361580503,3,2.678737928690039,3.027408942129598,0.00010001242921120216,regime_break
A,BTCUSDT/SOLUSDT,short_a_long_b,2023-11-27T09:00:00,37374.71,56.08,2023-11-27T09:30:00,37416.51,56.02,-0.004588303469394803,2,2.4328856437284014,2.527698044422726,0.00010000966716426835,confluence_lost
A,BTCUSDT/SOLUSDT,short_a_long_b,2023-11-27T10:00:00,37356.0,55.56,2023-11-27T10:30:00,37236.72,55.05,-0.008386204303141895,2,2.969557384955774,3.2716879059200914,0.00010000966716426835,regime_break
A,BTCUSDT/SOLUSDT,short_a_long_b,2023-11-27T11:00:00,37077.76,54.94,2023-11-27T11:30:00,37017.95,55.02,0.0006692303326061989,2,2.909985156351201,2.5437774439748235,0.00010000966716426835,confluence_lost
A,BTCUSDT/SOLUSDT,short_a_long_b,2023-11-27T12:00:00,36999.48,54.92,2023-11-27T12:30:00,36978.53,54.57,-0.008206681871195151,2,2.527833104195433,2.8089839946811423,0.00010000966716426835,confluence_lost
A,BTCUSDT/SOLUSDT,short_a_long_b,2023-11-27T14:00:00,36950.58,54.24,2023-11-27T14:30:00,36840.85,54.21,1.6544809334175913e-05,2,2.8190192350144465,2.540829590536194,0.00010000966716426835,confluence_lost
A,BTCUSDT/SOLUSDT,short_a_long_b,2023-11-27T15:30:00,36984.01,53.94,2023-11-27T16:00:00,36786.02,54.33,0.010183650455495255,2,2.870792253364381,2.0464383883283963,0.00010000966716426835,confluence_lost
A,BTCUSDT/SOLUSDT,short_a_long_b,2023-11-27T18:30:00,37039.57,54.09,2023-11-27T21:00:00,36794.04,54.53,0.012363447149812815,6,2.3736549433880496,1.3147498199778913,0.00010000751890554205,confluence_lost
A,BTCUSDT/SOLUSDT,long_a_short_b,2023-11-29T06:30:00,38014.25,59.51,2023-11-29T08:30:00,38143.0,61.25,-0.02825189558594081,5,-2.5261915473336534,-3.3671006223291657,0.00010000275154583241,regime_break
A,BTCUSDT/SOLUSDT,long_a_short_b,2023-11-29T09:00:00,38282.01,61.23,2023-11-29T09:30:00,38183.63,61.19,-0.004316600972091675,2,-2.983802039127148,-2.9041410020033127,0.00010000214009120298,confluence_lost
A,BTCUSDT/SOLUSDT,long_a_short_b,2023-11-29T10:00:00,38251.25,60.67,2023-11-29T11:00:00,37925.0,60.7,-0.011423611360234995,3,-2.3356519300503304,-2.53446147467938,0.00010000214009120298,confluence_lost
A,BTCUSDT/SOLUSDT,short_a_long_b,2023-12-01T17:00:00,38838.09,60.21,2023-12-01T17:30:00,38738.99,60.77,0.009452399385777868,2,2.6321355450551747,1.1076663093303556,0.00010000036848600307,confluence_lost
A,BTCUSDT/SOLUSDT,short_a_long_b,2023-12-01T21:30:00,38803.96,60.05,2023-12-01T22:00:00,38791.1,60.07,-0.001735534738452491,2,2.364303984715672,2.2225392144487186,0.00010000036848600307,confluence_lost
A,BTCUSDT/SOLUSDT,short_a_long_b,2023-12-01T23:30:00,38715.44,59.75,2023-12-02T01:30:00,38779.09,60.51,0.008675618349085215,5,2.3916226588034792,1.1897041633100398,0.00010000036848600307,confluence_lost
A,BTCUSDT/SOLUSDT,long_a_short_b,2023-12-03T00:30:00,39452.28,65.24,2023-12-03T01:00:00,39503.16,64.65,0.007933190880581933,2,-3.35790597326,-2.429522204064412,9.335690972944572e-05,confluence_lost
A,BTCUSDT/SOLUSDT,long_a_short_b,2023-12-03T01:30:00,39511.11,65.18,2023-12-03T02:00:00,39485.45,64.75,0.003547678091089537,2,-2.8808460449744624,-2.3541446634150214,9.335690972944572e-05,confluence_lost
A,BTCUSDT/SOLUSDT,long_a_short_b,2023-12-03T02:30:00,39405.99,64.77,2023-12-03T07:30:00,39465.28,63.96,0.01161038330843607,11,-2.4307205003456107,-1.1690110918913004,9.335690972944572e-05,confluence_lost
A,BTCUSDT/SOLUSDT,short_a_long_b,2023-12-04T06:30:00,41671.09,64.34,2023-12-04T07:00:00,41425.78,63.95,-0.002574732970397606,2,3.0498707719673237,2.895069507842411,9.687437590836747e-05,confluence_lost
A,BTCUSDT/SOLUSDT,short_a_long_b,2023-12-04T07:30:00,41496.05,63.69,2023-12-04T08:00:00,41471.45,64.16,0.0055723219362149995,2,3.152741441907408,2.432953692729626,9.687437590836747e-05,confluence_lost
A,BTCUSDT/SOLUSDT,short_a_long_b,2023-12-04T08:30:00,41547.53,64.18,2023-12-04T09:00:00,41719.99,64.15,-0.007018343948081804,2,2.4400545825921127,2.6420916995917083,9.756895903984137e-05,confluence_lost
A,BTCUSDT/SOLUSDT,short_a_long_b,2023-12-04T09:30:00,41667.06,63.22,2023-12-04T10:00:00,41562.98,63.54,0.005159585758674548,2,3.325786085906654,2.6885337251960997,9.756895903984137e-05,confluence_lost
A,BTCUSDT/SOLUSDT,short_a_long_b,2023-12-04T10:30:00,41767.11,62.95,2023-12-04T11:00:00,41957.74,61.27,-0.033651965053670005,2,3.3369234553381237,4.563551876145789,9.756895903984137e-05,regime_break
A,BTCUSDT/SOLUSDT,short_a_long_b,2023-12-04T11:30:00,41622.13,62.11,2023-12-04T12:00:00,41594.76,61.59,-0.01011465991785536,2,3.199020898086832,3.3334645963554133,9.756895903984137e-05,regime_break
A,BTCUSDT/SOLUSDT,short_a_long_b,2023-12-04T12:30:00,41712.72,61.81,2023-12-04T13:00:00,41766.76,61.0,-0.016800203697557234,2,3.0945555026747846,3.4591492276503653,9.756895903984137e-05,regime_break
A,BTCUSDT/SOLUSDT,short_a_long_b,2023-12-04T13:30:00,41788.25,60.59,2023-12-04T14:00:00,41728.16,60.32,-0.005418216866948586,2,3.4766033160194354,3.3404461287293623,9.756895903984137e-05,regime_break
A,BTCUSDT/SOLUSDT,short_a_long_b,2023-12-04T14:30:00,41535.32,61.02,2023-12-04T16:00:00,41288.65,60.88,0.0012444712732138786,4,2.6185608125592683,2.1663472896032943,9.756895903984137e-05,confluence_lost
A,BTCUSDT/SOLUSDT,long_a_short_b,2023-12-07T17:00:00,43654.35,67.36,2023-12-07T17:30:00,43576.33,66.34,0.010955296151822627,2,-3.1102390330651852,-2.373824401200318,9.980305381073947e-05,confluence_lost
A,BTCUSDT/SOLUSDT,long_a_short_b,2023-12-07T21:00:00,43253.88,67.54,2023-12-07T21:30:00,43349.74,68.67,-0.016914608811146745,2,-3.0301721926603027,-3.4257809748966577,9.980305381073947e-05,regime_break
A,BTCUSDT/SOLUSDT,long_a_short_b,2023-12-07T22:00:00,43386.1,68.88,2023-12-07T23:00:00,43146.86,67.19,0.016621215457978858,3,-3.327760752125869,-2.45737275061498,9.980305381073947e-05,confluence_lost
A,BTCUSDT/SOLUSDT,long_a_short_b,2023-12-07T23:30:00,43246.37,67.74,2023-12-08T03:00:00,43516.75,70.8,-0.04132063378540156,8,-2.6005509533056435,-2.9176241835944197,9.980305381073947e-05,confluence_lost
A,BTCUSDT/SOLUSDT,long_a_short_b,2023-12-08T03:30:00,43420.75,71.47,2023-12-08T04:00:00,43366.01,71.87,-0.009257441457237323,2,-3.0646572464602824,-3.0595030526484366,9.984681963057514e-05,regime_break
A,BTCUSDT/SOLUSDT,long_a_short_b,2023-12-08T04:30:00,43539.57,71.74,2023-12-08T07:30:00,43134.09,71.39,-0.006834179032934748,7,-2.7553546775252302,-2.2169417135849954,9.984681963057514e-05,confluence_lost
A,BTCUSDT/SOLUSDT,short_a_long_b,2023-12-11T14:00:00,42033.98,67.43,2023-12-11T14:30:00,41961.09,67.32,-0.002297248127662008,2,2.558076650932136,2.4836190005960415,0.00016762227389222073,confluence_lost
A,BTCUSDT/SOLUSDT,long_a_short_b,2023-12-11T18:30:00,40640.95,69.8,2023-12-11T19:00:00,41012.8,69.27,0.014342761689568786,2,-2.391864611261654,-1.1965113050131517,0.00015259510191617168,confluence_lost
A,BTCUSDT/SOLUSDT,long_a_short_b,2023-12-12T00:00:00,41231.1,71.67,2023-12-12T00:30:00,41569.74,71.16,0.012929165787907551,2,-2.8100924288760125,-1.7904522454953087,0.00014090730149035575,confluence_lost
A,BTCUSDT/SOLUSDT,short_a_long_b,2023-12-13T06:30:00,40999.99,64.3,2023-12-13T07:00:00,40859.41,65.3,0.016580880857529914,2,2.5438270681763253,1.6853473437789575,0.00012348941620190948,confluence_lost
A,BTCUSDT/SOLUSDT,long_a_short_b,2023-12-14T11:30:00,42980.5,73.53,2023-12-14T12:00:00,43326.88,73.02,0.012594948014031895,2,-2.314832738762992,-1.535911991955134,0.00011226188512433848,confluence_lost
A,BTCUSDT/SOLUSDT,long_a_short_b,2023-12-14T13:30:00,41938.91,72.25,2023-12-14T14:00:00,42500.0,71.92,0.015546219466480563,2,-2.6938684412800273,-1.714357473714495,0.00011226188512433848,confluence_lost
A,BTCUSDT/SOLUSDT,long_a_short_b,2023-12-14T16:00:00,42464.82,73.13,2023-12-14T16:30:00,42502.26,73.48,-0.006304326546029457,2,-2.4445729659881943,-2.5226027404704956,0.00010953702176337438,confluence_lost
A,BTCUSDT/SOLUSDT,long_a_short_b,2023-12-14T17:00:00,42625.36,73.84,2023-12-14T18:00:00,43189.2,73.36,0.01732834788165745,3,-2.5047178552177063,-1.5031405882510158,0.00010953702176337438,confluence_lost
A,BTCUSDT/SOLUSDT,long_a_short_b,2023-12-14T22:00:00,42942.18,75.14,2023-12-14T22:30:00,43034.74,75.72,-0.00796346819734954,2,-2.3606511033755924,-2.4710511478250443,0.00010953702176337438,confluence_lost
A,BTCUSDT/SOLUSDT,long_a_short_b,2023-12-14T23:00:00,43098.0,76.2,2023-12-14T23:30:00,43062.31,75.68,0.0035960343081852942,2,-2.546939887355015,-2.2364813150846685,0.00010953702176337438,confluence_lost
A,BTCUSDT/SOLUSDT,long_a_short_b,2023-12-15T09:30:00,42885.86,78.5,2023-12-15T10:00:00,42850.38,78.59,-0.004373809127549963,2,-2.400274229755759,-2.374586626031213,0.00010576930946179439,confluence_lost
A,BTCUSDT/SOLUSDT,long_a_short_b,2023-12-15T11:30:00,42739.29,79.14,2023-12-15T12:00:00,42774.15,78.11,0.011430553222081044,2,-2.414349837425816,-1.9772354571462079,0.00010576930946179439,confluence_lost
A,BTCUSDT/SOLUSDT,short_a_long_b,2023-12-17T23:30:00,41577.28,70.87,2023-12-18T00:00:00,41415.45,71.83,0.015038199175083602,2,2.423685239679465,0.8809711096519701,0.0001009933734511126,confluence_lost
A,BTCUSDT/SOLUSDT,short_a_long_b,2023-12-18T01:30:00,41224.59,69.76,2023-12-18T02:00:00,41036.43,69.45,-0.002279541206056932,2,2.8440613161579487,2.694376990837233,0.00010822817935086536,confluence_lost
A,BTCUSDT/SOLUSDT,short_a_long_b,2023-12-18T02:30:00,40973.98,68.94,2023-12-18T03:00:00,40877.66,69.43,0.007058389988388328,2,2.982184007541872,2.1736693279969184,0.00010822817935086536,confluence_lost
A,BTCUSDT/SOLUSDT,short_a_long_b,2023-12-18T07:30:00,41294.01,68.94,2023-12-18T08:00:00,41140.0,69.48,0.009162494789363554,2,2.6995434128180276,1.9139859207275032,0.00010822817935086536,confluence_lost
A,BTCUSDT/SOLUSDT,short_a_long_b,2023-12-18T09:00:00,41178.02,68.34,2023-12-18T09:30:00,40909.85,68.64,0.008502270573367457,2,2.7705524541770736,2.062617810825078,0.00010639969505067306,confluence_lost
A,BTCUSDT/SOLUSDT,short_a_long_b,2023-12-18T10:00:00,41048.6,67.69,2023-12-18T10:30:00,40761.1,68.07,0.01021772069053746,2,2.881462816504195,2.1170040913748482,0.00010639969505067306,confluence_lost
A,BTCUSDT/SOLUSDT,long_a_short_b,2023-12-20T09:30:00,42938.86,77.98,2023-12-20T10:00:00,42788.48,77.35,0.002176805687702579,2,-2.6834053985116313,-2.4104300293531313,0.00010584031059518674,confluence_lost
A,BTCUSDT/SOLUSDT,long_a_short_b,2023-12-20T10:30:00,42777.85,77.91,2023-12-20T11:30:00,42784.14,77.07,0.008528709871821485,3,-2.8248365594380993,-2.0601304672072827,0.00010584031059518674,confluence_lost
A,BTCUSDT/SOLUSDT,long_a_short_b,2023-12-20T13:00:00,42995.99,78.2,2023-12-20T13:30:00,43341.11,79.26,-0.007928192155341837,2,-2.6528403608558815,-2.8809587291640524,0.00010584031059518674,confluence_lost
A,BTCUSDT/SOLUSDT,long_a_short_b,2023-12-20T15:00:00,43842.62,80.59,2023-12-20T15:30:00,44152.35,80.68,0.0035478230582930005,2,-2.987624715197252,-2.5164986934476063,0.00010584031059518674,confluence_lost
A,BTCUSDT/SOLUSDT,long_a_short_b,2023-12-20T16:30:00,43933.79,80.52,2023-12-20T17:00:00,43716.3,81.59,-0.020639027722410372,2,-2.530705682920685,-3.3657989258951004,0.0001348469082407008,regime_break
A,BTCUSDT/SOLUSDT,long_a_short_b,2023-12-20T17:30:00,43904.71,83.19,2023-12-20T18:30:00,43978.03,82.88,0.0029963897065073543,3,-3.8618618033872028,-3.1696805115466757,0.0001348469082407008,regime_break
A,BTCUSDT/SOLUSDT,long_a_short_b,2023-12-20T19:00:00,44250.0,82.17,2023-12-20T20:00:00,43781.11,80.48,0.007570732771868219,3,-2.367774035628689,-1.7931480371596886,0.0001348469082407008,confluence_lost
A,BTCUSDT/SOLUSDT,long_a_short_b,2023-12-20T21:00:00,43499.41,81.21,2023-12-20T21:30:00,43622.76,79.95,0.01595100126903555,2,-2.350904980003306,-1.5145179226900365,0.0001348469082407008,confluence_lost
A,BTCUSDT/SOLUSDT,long_a_short_b,2023-12-20T22:00:00,43434.89,81.77,2023-12-20T22:30:00,43647.25,81.63,0.004201276440041049,2,-2.5424685706591124,-2.186663193369366,0.0001348469082407008,confluence_lost
A,BTCUSDT/SOLUSDT,long_a_short_b,2023-12-20T23:30:00,43581.83,82.21,2023-12-21T00:00:00,43634.01,82.21,-0.0012027120476583585,2,-2.343571839749981,-2.2134417215310154,0.0001348469082407008,confluence_lost
A,BTCUSDT/SOLUSDT,long_a_short_b,2023-12-21T00:30:00,43668.36,82.95,2023-12-21T01:00:00,43590.36,82.24,0.004373182840355108,2,-2.413277983964107,-2.091521190059918,0.00016519870640943396,confluence_lost
A,BTCUSDT/SOLUSDT,long_a_short_b,2023-12-21T01:30:00,43436.05,82.79,2023-12-21T02:00:00,43427.87,82.96,-0.004641710923571504,2,-2.355076305605852,-2.3352369285614896,0.00016519870640943396,confluence_lost
A,BTCUSDT/SOLUSDT,long_a_short_b,2023-12-21T04:30:00,43633.81,84.83,2023-12-21T05:00:00,43624.54,84.31,0.0035174569398215972,2,-2.4370992479289173,-2.1795943397708903,0.00016519870640943396,confluence_lost
A,BTCUSDT/SOLUSDT,long_a_short_b,2023-12-21T06:30:00,43661.7,86.62,2023-12-21T07:00:00,43752.35,86.23,0.004178614727673849,2,-2.6166538817771534,-2.3436153691522925,0.00016519870640943396,confluence_lost
A,BTCUSDT/SOLUSDT,long_a_short_b,2023-12-21T07:30:00,43773.35,86.83,2023-12-21T08:00:00,43775.99,86.71,-0.000957678505770929,2,-2.4051553607050717,-2.277620666786585,0.00016519870640943396,confluence_lost
A,BTCUSDT/SOLUSDT,long_a_short_b,2023-12-21T17:00:00,43625.99,92.14,2023-12-21T17:30:00,43585.25,92.5,-0.007240944897178123,2,-2.559799101808208,-2.5490364082191608,0.0002147606989390403,confluence_lost
A,BTCUSDT/SOLUSDT,long_a_short_b,2023-12-21T18:00:00,43484.02,94.21,2023-12-21T18:30:00,43586.74,91.69,0.02671099988307786,2,-2.798615529859127,-2.1839966771944934,0.0002147606989390403,confluence_lost
A,BTCUSDT/SOLUSDT,long_a_short_b,2023-12-23T18:30:00,43787.69,102.84,2023-12-23T19:00:00,43809.05,102.63,0.00012981533268659152,2,-3.786392739604371,-3.433658927397261,0.00018259548425785584,regime_break
A,BTCUSDT/SOLUSDT,long_a_short_b,2023-12-23T19:30:00,43783.24,102.88,2023-12-23T20:00:00,43714.71,102.92,-0.004354013285892397,2,-3.3411617035852923,-3.2131684880187943,0.00018259548425785584,regime_break
A,BTCUSDT/SOLUSDT,long_a_short_b,2023-12-23T20:30:00,43690.0,102.8,2023-12-23T21:00:00,43705.73,102.35,0.002337468528267286,2,-3.011063387016925,-2.6984280538006327,0.00018259548425785584,confluence_lost
A,BTCUSDT/SOLUSDT,long_a_short_b,2023-12-23T21:30:00,43774.7,102.76,2023-12-23T22:00:00,43769.01,107.74,-0.0509924205035565,2,-2.6885618385132766,-4.1464872365224315,0.00018259548425785584,regime_break
A,BTCUSDT/SOLUSDT,long_a_short_b,2023-12-23T22:30:00,43773.93,108.81,2023-12-23T23:00:00,43745.85,108.28,0.0018293981371639424,2,-4.059789869182751,-3.608928025316996,0.00018259548425785584,regime_break
A,BTCUSDT/SOLUSDT,long_a_short_b,2023-12-23T23:30:00,43776.75,107.88,2023-12-24T00:00:00,43694.57,108.24,-0.007614293351213594,2,-3.245699404201386,-3.1836079626672604,0.00018259548425785584,regime_break
A,BTCUSDT/SOLUSDT,long_a_short_b,2023-12-24T00:30:00,43718.27,109.37,2023-12-24T01:00:00,43737.28,111.8,-0.02418332889536727,2,-3.2368411606299627,-3.5174076392326623,0.00016424093220055455,regime_break
A,BTCUSDT/SOLUSDT,long_a_short_b,2023-12-24T01:30:00,43815.62,112.07,2023-12-24T02:00:00,43793.03,112.12,-0.0033617192895713387,2,-3.291214723694728,-3.1072003579499503,0.00016424093220055455,regime_break
A,BTCUSDT/SOLUSDT,long_a_short_b,2023-12-24T02:30:00,43882.75,112.4,2023-12-24T03:00:00,43863.91,114.03,-0.017331105233492725,2,-2.9436366316352984,-3.059876822178497,0.00016424093220055455,regime_break
A,BTCUSDT/SOLUSDT,long_a_short_b,2023-12-24T03:30:00,43845.42,116.22,2023-12-24T04:30:00,43855.32,114.87,0.009441694130396042,3,-3.2229779488566206,-2.6819999755917596,0.00016424093220055455,confluence_lost
A,BTCUSDT/SOLUSDT,long_a_short_b,2023-12-24T05:00:00,43793.93,114.9,2023-12-24T05:30:00,43649.99,113.26,0.008586524250675145,2,-2.586500893429052,-2.3071320302624203,0.00016424093220055455,confluence_lost
A,BTCUSDT/SOLUSDT,long_a_short_b,2023-12-25T17:00:00,43502.99,123.36,2023-12-25T17:30:00,43645.19,123.7,-0.0018874199918173383,2,-2.352749549721783,-2.3537438296316533,0.000199249595547676,confluence_lost
A,BTCUSDT/SOLUSDT,long_a_short_b,2023-12-25T18:00:00,43582.1,123.36,2023-12-25T18:30:00,43638.0,122.77,0.003665386354565883,2,-2.348355902195861,-2.1603925552788277,0.000199249595547676,confluence_lost
A,BTCUSDT/SOLUSDT,short_a_long_b,2023-12-27T16:30:00,43145.78,105.43,2023-12-27T17:00:00,43102.7,106.05,0.004479154524891296,2,2.5230437961765335,2.255617735680191,0.00029627679841523057,confluence_lost
A,BTCUSDT/SOLUSDT,short_a_long_b,2023-12-28T01:00:00,43546.01,105.41,2023-12-28T01:30:00,43583.82,105.09,-0.0063040421323665025,2,2.3569275007761994,2.4030861670944286,0.00025937306543406824,confluence_lost
A,BTCUSDT/SOLUSDT,short_a_long_b,2023-12-28T02:00:00,43451.69,103.75,2023-12-28T03:00:00,43396.2,104.32,0.004371026347452192,3,2.605745954079679,2.2180613527628634,0.00025937306543406824,confluence_lost
A,BTCUSDT/SOLUSDT,short_a_long_b,2023-12-28T14:00:00,42809.09,99.32,2023-12-28T14:30:00,42742.23,99.25,-0.0015429747607324383,2,2.3856103642904207,2.279637175859608,0.0002859101620042753,confluence_lost
A,BTCUSDT/SOLUSDT,short_a_long_b,2023-12-31T03:00:00,42096.1,99.73,2023-12-31T03:30:00,42077.65,100.65,0.007263190130885791,2,2.4862433866271707,1.8805011541964607,0.0003749064454259457,confluence_lost
A,BTCUSDT/SOLUSDT,short_a_long_b,2023-12-31T22:30:00,42588.0,100.53,2023-12-31T23:00:00,42277.25,100.72,0.00678663942474296,2,2.625626820986463,1.904840893685902,0.00036121105957865853,confluence_lost
A,BTCUSDT/SOLUSDT,long_a_short_b,2024-01-01T15:30:00,42683.21,105.98,2024-01-01T16:00:00,42805.78,107.02,-0.00934155134781349,2,-2.4299584726923,-3.030867669046269,0.0003436412582636329,regime_break
A,BTCUSDT/SOLUSDT,long_a_short_b,2024-01-01T16:30:00,42717.98,106.64,2024-01-01T17:00:00,42746.44,106.5,-0.00042094178862676955,2,-2.728501296746964,-2.4296891414741904,0.0003419454230939367,confluence_lost
A,BTCUSDT/SOLUSDT,long_a_short_b,2024-01-01T17:30:00,42742.43,107.09,2024-01-01T18:00:00,42843.36,108.12,-0.00965672444028036,2,-2.8288234066811793,-3.2717166051245825,0.0003419454230939367,regime_break
A,BTCUSDT/SOLUSDT,long_a_short_b,2024-01-01T18:30:00,43062.69,107.88,2024-01-01T19:00:00,43143.99,108.56,-0.006815354737019816,2,-2.5043595580343245,-2.7466189266721486,0.0003419454230939367,confluence_lost
A,BTCUSDT/SOLUSDT,long_a_short_b,2024-01-01T19:30:00,43249.41,108.81,2024-01-01T20:00:00,43606.72,108.5,0.008710618440984377,2,-2.607559097052357,-1.6899751385858066,0.0003419454230939367,confluence_lost
A,BTCUSDT/SOLUSDT,long_a_short_b,2024-01-02T07:00:00,45189.72,114.46,2024-01-02T08:30:00,45742.38,114.49,0.009567672314953993,4,-2.4576501536318083,-1.4285676723285525,0.00041228199573972854,confluence_lost
A,BTCUSDT/SOLUSDT,long_a_short_b,2024-01-02T09:00:00,45773.88,116.52,2024-01-02T09:30:00,45811.94,115.87,0.00400992003303309,2,-2.511572615360328,-2.00594666000886,0.00039883933001978885,confluence_lost
A,BTCUSDT/SOLUSDT,short_a_long_b,2024-01-03T11:00:00,45164.4,104.46,2024-01-03T11:30:00,44384.36,103.42,0.00491516104002894,2,2.626822072714416,2.2006135384470675,0.0003345087657020406,confluence_lost
A,BTCUSDT/SOLUSDT,short_a_long_b,2024-01-03T12:00:00,43555.0,97.76,2024-01-03T12:30:00,42155.99,100.31,0.05580482530412374,2,3.5841552770093097,1.1045235240887303,0.0003345087657020406,confluence_lost
A,BTCUSDT/SOLUSDT,short_a_long_b,2024-01-03T14:00:00,42474.01,96.38,2024-01-03T14:30:00,42243.99,96.57,0.004986910413818893,2,2.7617843652861875,2.376023163511645,0.0003345087657020406,confluence_lost
A,BTCUSDT/SOLUSDT,short_a_long_b,2024-01-05T14:30:00,43755.36,97.45,2024-01-05T16:30:00,43422.01,96.1,-0.008634762884136046,5,2.7328040777299134,2.8074047705125205,0.00015191492898756283,confluence_lost
A,BTCUSDT/SOLUSDT,short_a_long_b,2024-01-06T05:00:00,43858.01,95.9,2024-01-06T06:00:00,43675.01,92.9,-0.029510030090351067,3,2.346567521660687,3.235895651650182,0.00013140532741222935,regime_break
A,BTCUSDT/SOLUSDT,short_a_long_b,2024-01-06T06:30:00,43579.5,92.03,2024-01-06T07:00:00,43489.24,93.45,0.01510090847830066,2,3.3011426499902163,2.4884986894372823,0.00013140532741222935,confluence_lost
A,BTCUSDT/SOLUSDT,short_a_long_b,2024-01-07T22:00:00,44201.11,90.54,2024-01-07T22:30:00,43947.69,89.29,-0.010472712392624747,2,2.9560761241665627,3.240780577730723,0.00010893883618380226,regime_break
A,BTCUSDT/SOLUSDT,short_a_long_b,2024-01-07T23:00:00,43873.03,87.98,2024-01-07T23:30:00,43736.87,89.44,0.017298181780677727,2,3.7074041087988823,2.6503307348845273,0.00010893883618380226,confluence_lost
A,BTCUSDT/SOLUSDT,short_a_long_b,2024-01-08T00:00:00,43896.79,89.1,2024-01-08T00:30:00,43841.09,88.46,-0.008314055023735542,2,2.8981503219146076,3.048479853140747,0.00010695242814295731,regime_break
A,BTCUSDT/SOLUSDT,short_a_long_b,2024-01-08T02:00:00,43692.83,88.65,2024-01-08T02:30:00,43616.01,88.04,-0.007522809460160859,2,2.598224622048432,2.7430267134953663,0.00010695242814295731,confluence_lost
A,BTCUSDT/SOLUSDT,short_a_long_b,2024-01-08T03:00:00,43324.0,85.66,2024-01-08T03:30:00,43293.99,87.25,0.01685444343446281,2,3.486327782739678,2.567073446897066,0.00010695242814295731,confluence_lost
A,BTCUSDT/SOLUSDT,long_a_short_b,2024-01-09T04:30:00,46731.14,103.37,2024-01-09T09:00:00,46585.86,100.9,0.01838589926334984,10,-2.3321381361934073,-1.2528546734932176,0.000103271169894423,confluence_lost
A,BTCUSDT/SOLUSDT,short_a_long_b,2024-01-10T14:30:00,45384.0,92.59,2024-01-10T15:00:00,44810.22,93.68,0.022015111222268027,2,2.5686353270496767,1.1346371475437453,0.00010119708564494888,confluence_lost
A,BTCUSDT/SOLUSDT,long_a_short_b,2024-01-10T21:30:00,45624.0,101.68,2024-01-10T23:00:00,46864.63,102.83,0.013482494278481652,4,-2.473032236397181,-1.4247124594708678,0.00010093106661273802,confluence_lost
A,BTCUSDT/SOLUSDT,long_a_short_b,2024-01-11T12:30:00,47120.92,106.8,2024-01-11T13:00:00,47340.0,105.71,0.01245530750576003,2,-2.7602452303395726,-1.9622999789979199,0.00010056323782745881,confluence_lost
A,BTCUSDT/SOLUSDT,short_a_long_b,2024-01-12T22:00:00,43410.79,87.93,2024-01-12T22:30:00,42119.61,90.27,0.053955374329019826,2,4.0887467875673815,0.5237377721351684,0.00010020611705894355,confluence_lost
A,BTCUSDT/SOLUSDT,long_a_short_b,2024-01-13T19:00:00,42834.13,94.63,2024-01-13T19:30:00,42935.85,94.8,-0.0018217286400441933,2,-2.681649983075086,-2.545510208842291,0.00010009697963129992,confluence_lost
A,BTCUSDT/SOLUSDT,long_a_short_b,2024-01-13T20:00:00,42761.1,95.03,2024-01-13T20:30:00,42829.24,96.67,-0.018064203715540114,2,-2.99830196891966,-3.9862720734146406,0.00010009697963129992,regime_break
A,BTCUSDT/SOLUSDT,long_a_short_b,2024-01-13T21:00:00,42878.63,96.28,2024-01-13T21:30:00,42904.89,96.53,-0.00438416698642112,2,-3.3196317263214077,-3.242447228173481,0.00010009697963129992,regime_break
A,BTCUSDT/SOLUSDT,long_a_short_b,2024-01-13T22:00:00,42944.02,95.82,2024-01-13T22:30:00,42907.99,96.17,-0.006891681348974596,2,-2.5113889354885663,-2.702759529767905,0.00010009697963129992,confluence_lost
A,BTCUSDT/SOLUSDT,long_a_short_b,2024-01-13T23:30:00,42855.46,95.85,2024-01-14T00:00:00,42838.01,95.19,0.004078576343062815,2,-2.372294562910355,-1.8893369074128004,0.00010009697963129992,confluence_lost
A,BTCUSDT/SOLUSDT,long_a_short_b,2024-01-14T01:30:00,42792.28,96.03,2024-01-14T02:00:00,42786.58,94.88,0.009442222750382714,2,-2.3127792633848094,-1.5498989065359834,0.00010007542860212216,confluence_lost
A,BTCUSDT/SOLUSDT,long_a_short_b,2024-01-14T03:30:00,42723.41,96.93,2024-01-14T04:00:00,42664.0,96.55,0.00012978237310119723,2,-2.6140588706165766,-2.3721297042766594,0.00010007542860212216,confluence_lost
A,BTCUSDT/SOLUSDT,long_a_short_b,2024-01-14T05:00:00,42588.0,97.81,2024-01-14T07:00:00,43018.14,97.76,0.00821122335126874,5,-2.9014351009443855,-1.9838235742013548,0.00010007542860212216,confluence_lost
A,BTCUSDT/SOLUSDT,long_a_short_b,2024-01-14T16:00:00,42929.16,101.9,2024-01-14T19:30:00,42755.54,96.14,0.05008166865907189,8,-2.738826635168511,-0.5621222182372467,0.00010005866669053945,confluence_lost
A,BTCUSDT/SOLUSDT,long_a_short_b,2024-01-17T00:30:00,43064.19,98.56,2024-01-17T01:00:00,43103.61,100.18,-0.017921310592985226,2,-2.315923294531305,-3.7820010159731154,0.00010000785662155985,regime_break
A,BTCUSDT/SOLUSDT,long_a_short_b,2024-01-17T01:30:00,43194.64,99.37,2024-01-17T02:00:00,42983.1,99.15,-0.00508341902393121,2,-2.5803592946246385,-2.7494258052067844,0.00010000785662155985,confluence_lost
A,BTCUSDT/SOLUSDT,long_a_short_b,2024-01-17T02:30:00,42986.84,100.65,2024-01-17T03:00:00,42995.44,100.05,0.0037613130909323745,2,-3.943204512561871,-3.1853563114792296,0.00010000785662155985,regime_break
A,BTCUSDT/SOLUSDT,long_a_short_b,2024-01-17T03:30:00,42953.24,99.96,2024-01-17T04:00:00,42848.0,99.38,0.0009522147198524756,2,-3.0087097184988085,-2.595328729539021,0.00010000785662155985,confluence_lost
A,BTCUSDT/SOLUSDT,long_a_short_b,2024-01-17T04:30:00,42799.99,99.36,2024-01-17T05:00:00,42833.07,99.52,-0.00323740858128678,2,-2.5583599232797902,-2.510819333973863,0.00010000785662155985,confluence_lost
A,BTCUSDT/SOLUSDT,long_a_short_b,2024-01-17T10:00:00,42679.02,100.72,2024-01-17T10:30:00,42743.89,101.91,-0.012694981934283242,2,-3.0422298488682173,-3.45355407418082,0.00010000611070565767,regime_break
A,BTCUSDT/SOLUSDT,long_a_short_b,2024-01-17T11:00:00,42834.0,102.44,2024-01-17T11:30:00,42734.83,102.02,-0.0006152559310309978,2,-3.3856119597382617,-3.0781010456698814,0.00010000611070565767,regime_break
A,BTCUSDT/SOLUSDT,long_a_short_b,2024-01-17T12:00:00,42665.35,101.23,2024-01-17T12:30:00,42611.93,102.35,-0.014715983747621772,2,-2.6038557806319447,-3.074981012623861,0.00010000611070565767,regime_break
A,BTCUSDT/SOLUSDT,long_a_short_b,2024-01-17T13:00:00,42766.0,101.71,2024-01-17T14:30:00,42501.22,101.34,-0.004953573246500517,4,-2.4536301608502726,-2.3335012571819185,0.00010000611070565767,confluence_lost
A,BTCUSDT/SOLUSDT,short_a_long_b,2024-01-18T19:30:00,41526.48,92.36,2024-01-18T20:00:00,40978.01,92.71,0.014597236372440994,2,2.567882401408392,1.6279954468753404,0.00010000223621464474,confluence_lost
A,BTCUSDT/SOLUSDT,short_a_long_b,2024-01-19T03:00:00,41108.46,91.81,2024-01-19T03:30:00,40919.81,93.09,0.016130916118674524,2,2.316778417981928,1.2495419731768154,0.00010000173927805702,confluence_lost
A,BTCUSDT/SOLUSDT,short_a_long_b,2024-01-19T15:00:00,41014.63,91.0,2024-01-19T15:30:00,40836.51,91.2,0.00414064278907407,2,2.309871457697054,1.8829837619782166,0.00010000135277182212,confluence_lost
A,BTCUSDT/SOLUSDT,short_a_long_b,2024-01-19T16:00:00,40907.11,89.43,2024-01-19T16:30:00,40520.0,88.42,-0.004230602185628027,2,2.8903207786672094,2.8280537493250706,0.00010000135277182212,confluence_lost
A,BTCUSDT/SOLUSDT,short_a_long_b,2024-01-22T00:00:00,41597.47,90.9,2024-01-22T01:00:00,41664.43,90.36,-0.009950307342449546,3,2.3042019016066653,3.230564489832949,0.0001000001811627035,regime_break
A,BTCUSDT/SOLUSDT,short_a_long_b,2024-01-22T01:30:00,41364.72,90.23,2024-01-22T02:00:00,41345.41,90.33,-0.0008248982219430244,2,2.3432938252596123,2.0555483458005415,0.0001000001811627035,confluence_lost
A,BTCUSDT/SOLUSDT,short_a_long_b,2024-01-22T02:30:00,41397.66,89.4,2024-01-22T03:00:00,41329.87,88.94,-0.005907881700553383,2,3.49009039218605,3.6753227065898892,0.0001000001811627035,regime_break
A,BTCUSDT/SOLUSDT,short_a_long_b,2024-01-22T03:30:00,41211.09,89.34,2024-01-22T04:00:00,41176.04,89.12,-0.004012003575880649,2,2.6436510663261306,2.72403946814026,0.0001000001811627035,confluence_lost
A,BTCUSDT/SOLUSDT,short_a_long_b,2024-01-22T04:30:00,40990.74,88.6,2024-01-22T05:00:00,40733.03,89.39,0.01280350826006256,2,2.753801549904567,0.9256912944267625,0.0001000001811627035,confluence_lost
A,BTCUSDT/SOLUSDT,short_a_long_b,2024-01-22T08:00:00,41001.11,88.63,2024-01-22T08:30:00,40900.37,88.12,-0.005697252628382318,2,2.3777058926381534,2.6119553385797087,0.00010000014090432494,confluence_lost
A,BTCUSDT/SOLUSDT,short_a_long_b,2024-01-22T09:30:00,40985.01,87.49,2024-01-22T10:00:00,40776.1,86.35,-0.010332831127877015,2,3.264058611225095,3.7005213778209396,0.00010000014090432494,regime_break
A,BTCUSDT/SOLUSDT,short_a_long_b,2024-01-22T14:00:00,40960.11,87.25,2024-01-22T14:30:00,40562.45,87.4,0.00902766772893522,2,2.6600533569317606,1.7066857406128653,0.00010000014090432494,confluence_lost
A,BTCUSDT/SOLUSDT,short_a_long_b,2024-01-22T15:00:00,40732.67,86.24,2024-01-22T15:30:00,40474.01,87.26,0.015777643500453922,2,2.912769401280099,1.530379889409522,0.00010000014090432494,confluence_lost
A,BTCUSDT/SOLUSDT,short_a_long_b,2024-01-22T16:00:00,40745.23,86.43,2024-01-22T16:30:00,40444.99,85.95,-0.0005849119054845285,2,2.6072072598162883,2.3826085866416107,0.00010000010959225273,confluence_lost
A,BTCUSDT/SOLUSDT,short_a_long_b,2024-01-22T19:00:00,40368.47,84.11,2024-01-22T19:30:00,39815.99,83.64,0.005698008066595442,2,3.1188682383632402,2.510289238108228,0.00010000010959225273,confluence_lost
A,BTCUSDT/SOLUSDT,short_a_long_b,2024-01-23T08:00:00,39793.99,81.72,2024-01-23T09:00:00,39432.96,79.39,-0.021839516651348242,3,2.5530516000640286,3.146104052569002,0.00010000006629654795,regime_break
A,BTCUSDT/SOLUSDT,short_a_long_b,2024-01-23T10:30:00,39121.15,79.37,2024-01-23T11:00:00,38931.99,79.86,0.008608853418716936,2,2.6129044813914497,2.0807709394724294,0.00010000006629654795,confluence_lost
A,BTCUSDT/SOLUSDT,long_a_short_b,2024-01-26T10:30:00,40336.32,90.54,2024-01-26T11:00:00,40741.59,91.85,-0.0068214705644274315,2,-3.219205195552632,-3.4695143947945075,0.00010000000690542943,regime_break
A,BTCUSDT/SOLUSDT,long_a_short_b,2024-01-26T14:30:00,41154.04,92.08,2024-01-26T15:00:00,41467.57,91.67,0.009671099965950905,2,-2.3895768823264754,-1.0187894369453758,0.00010000000690542943,confluence_lost
A,BTCUSDT/SOLUSDT,long_a_short_b,2024-01-26T15:30:00,41241.54,92.42,2024-01-26T16:00:00,41425.2,93.22,-0.006602858072722248,2,-2.4336354100807704,-2.7445412966042575,0.00010000000690542943,confluence_lost
A,BTCUSDT/SOLUSDT,long_a_short_b,2024-01-28T01:00:00,42013.48,94.83,2024-01-28T01:30:00,42209.91,93.98,0.011238812383956145,2,-2.54471373879894,-0.9081270598692247,9.598060858032402e-05,confluence_lost
A,BTCUSDT/SOLUSDT,long_a_short_b,2024-01-28T03:30:00,42115.51,96.65,2024-01-28T04:00:00,42233.05,96.93,-0.002506155415106279,2,-3.979348841428326,-3.6647591226713674,9.598060858032402e-05,regime_break
A,BTCUSDT/SOLUSDT,long_a_short_b,2024-01-28T04:30:00,42494.36,97.01,2024-01-28T05:00:00,42766.55,96.79,0.006273128054490609,2,-2.956376912139319,-2.051426183574765,9.598060858032402e-05,confluence_lost
A,BTCUSDT/SOLUSDT,long_a_short_b,2024-01-28T08:00:00,42422.49,96.96,2024-01-28T08:30:00,42492.47,96.5,0.003993821133997891,2,-2.6921995340378384,-2.038887573927395,8.515158445136313e-05,confluence_lost
A,BTCUSDT/SOLUSDT,long_a_short_b,2024-01-28T09:00:00,42482.15,96.98,2024-01-28T09:30:00,42576.97,97.19,-0.0023333986648295534,2,-2.4212717703402826,-2.344519479524333,8.515158445136313e-05,confluence_lost
A,BTCUSDT/SOLUSDT,long_a_short_b,2024-01-28T10:00:00,42581.1,97.6,2024-01-28T10:30:00,42511.44,98.98,-0.01817528133296735,2,-2.587571424145323,-3.632011646967887,8.515158445136313e-05,regime_break
A,BTCUSDT/SOLUSDT,long_a_short_b,2024-01-28T11:00:00,42609.33,98.34,2024-01-28T11:30:00,42492.0,98.4,-0.005763750396958797,2,-2.8034969565682766,-2.8943244334416205,8.515158445136313e-05,confluence_lost
A,BTCUSDT/SOLUSDT,long_a_short_b,2024-01-28T12:30:00,42421.66,97.93,2024-01-28T15:30:00,42353.79,97.07,0.004781892661409895,7,-2.4797869089420295,-1.6170180100691536,8.515158445136313e-05,confluence_lost
A,BTCUSDT/SOLUSDT,long_a_short_b,2024-01-29T15:30:00,42028.21,99.92,2024-01-29T16:00:00,42651.1,100.51,0.006516035896442188,2,-2.9774709700473134,-2.296929272864481,9.110704179261667e-05,confluence_lost
A,BTCUSDT/SOLUSDT,long_a_short_b,2024-01-30T01:00:00,43167.2,102.62,2024-01-30T01:30:00,43450.0,102.84,0.0020074387972425912,2,-2.4206248588498926,-2.068832153685276,9.462030923257058e-05,confluence_lost
A,BTCUSDT/SOLUSDT,long_a_short_b,2024-01-30T11:00:00,43493.27,104.8,2024-01-30T13:30:00,43212.0,104.46,-0.005622702725524828,6,-2.3461002970318705,-2.1280851803180525,9.468690718088822e-05,confluence_lost
A,BTCUSDT/SOLUSDT,long_a_short_b,2024-01-30T14:00:00,43241.11,105.5,2024-01-30T16:30:00,43320.01,104.49,0.008998112228029112,6,-2.520588458242027,-1.6390468770659017,9.468690718088822e-05,confluence_lost
A,BTCUSDT/SOLUSDT,short_a_long_b,2024-01-31T20:30:00,42958.94,98.01,2024-01-31T21:00:00,42513.82,95.94,-0.013158771891950402,2,2.378097814255062,2.9509108947136276,8.24361658499181e-05,confluence_lost
A,BTCUSDT/SOLUSDT,short_a_long_b,2024-02-01T01:00:00,42440.38,95.28,2024-02-01T01:30:00,41962.02,94.16,-0.0028834867614468272,2,2.633398084393378,2.5397969402795404,8.633924010549186e-05,confluence_lost
A,BTCUSDT/SOLUSDT,short_a_long_b,2024-02-01T02:00:00,42005.61,93.98,2024-02-01T02:30:00,42084.5,94.3,-0.0008731026922415429,2,2.571693402417443,2.390684440464216,8.633924010549186e-05,confluence_lost
A,BTCUSDT/SOLUSDT,short_a_long_b,2024-02-01T03:00:00,42178.24,93.73,2024-02-01T03:30:00,42025.01,93.6,-0.00015404662190136907,2,2.6662343279238288,2.4516605119652755,8.633924010549186e-05,confluence_lost
A,BTCUSDT/SOLUSDT,short_a_long_b,2024-02-05T15:30:00,42856.41,95.6,2024-02-05T16:00:00,42659.39,95.68,0.003034032029339786,2,2.551309707535264,1.5623311085909521,9.426934602261014e-05,confluence_lost
A,BTCUSDT/SOLUSDT,short_a_long_b,2024-02-05T20:00:00,42791.02,95.38,2024-02-05T20:30:00,42396.01,95.88,0.012073331560122094,2,2.3172207095322643,-0.044831120169204736,9.554282468425234e-05,z_mean_revert
A,BTCUSDT/SOLUSDT,short_a_long_b,2024-02-06T04:30:00,42913.05,95.42,2024-02-06T05:00:00,42834.97,95.2,-0.002886103173177543,2,2.430763114343226,2.424729934881676,9.653330808775182e-05,confluence_lost
A,BTCUSDT/SOLUSDT,short_a_long_b,2024-02-06T10:00:00,42998.41,94.96,2024-02-06T10:30:00,43033.55,93.95,-0.013853296808461077,2,2.915196675165618,4.17633764366148,9.00214618460292e-05,regime_break
A,BTCUSDT/SOLUSDT,short_a_long_b,2024-02-06T11:00:00,42779.12,93.96,2024-02-06T11:30:00,42815.5,94.29,0.00026171794718372844,2,3.150382806762619,2.681414815704212,9.00214618460292e-05,confluence_lost
A,BTCUSDT/SOLUSDT,short_a_long_b,2024-02-06T12:00:00,42853.84,94.2,2024-02-06T13:30:00,42909.12,93.85,-0.007405465018481647,4,2.7952042405100377,3.0321661206309884,9.00214618460292e-05,regime_break
A,BTCUSDT/SOLUSDT,short_a_long_b,2024-02-06T14:00:00,42924.39,94.34,2024-02-06T15:30:00,43239.99,95.76,0.0052994765423263895,4,2.398629962018204,1.4076130232310338,9.00214618460292e-05,confluence_lost
A,BTCUSDT/SOLUSDT,long_a_short_b,2024-02-07T22:00:00,44173.21,100.72,2024-02-07T22:30:00,44319.99,100.96,-0.0014600150520647647,2,-2.6025061185700333,-2.389888185291471,8.126215057038808e-05,confluence_lost
A,BTCUSDT/SOLUSDT,long_a_short_b,2024-02-07T23:00:00,44173.63,101.06,2024-02-07T23:30:00,44208.03,101.14,-0.002412863797906659,2,-2.7672770593165597,-2.6470420139106174,8.126215057038808e-05,confluence_lost
A,BTCUSDT/SOLUSDT,long_a_short_b,2024-02-08T00:00:00,44393.18,102.1,2024-02-08T00:30:00,44472.4,101.96,0.0007557130424193505,2,-3.0298948985170058,-2.587704648880814,8.542611711030183e-05,confluence_lost
A,BTCUSDT/SOLUSDT,long_a_short_b,2024-02-08T01:30:00,44569.73,102.2,2024-02-08T02:00:00,44659.82,101.98,0.0017739689093691636,2,-2.458495390067697,-2.010910567712208,8.542611711030183e-05,confluence_lost
A,BTCUSDT/SOLUSDT,long_a_short_b,2024-02-08T13:30:00,44720.3,103.51,2024-02-08T14:00:00,44950.0,104.54,-0.007214359561608583,2,-2.434043015016137,-2.722423555798676,8.096475775245699e-05,confluence_lost
A,BTCUSDT/SOLUSDT,long_a_short_b,2024-02-08T14:30:00,44983.56,104.34,2024-02-08T15:00:00,45139.17,104.65,-0.0019117923781762224,2,-2.4308417307504766,-2.304283504587345,8.096475775245699e-05,confluence_lost
A,BTCUSDT/SOLUSDT,short_a_long_b,2024-02-09T14:00:00,47481.35,105.07,2024-02-09T14:30:00,46970.7,104.9,0.006736779996793299,2,2.5823052408449265,1.6837543271382924,6.926023581494203e-05,confluence_lost
A,BTCUSDT/SOLUSDT,short_a_long_b,2024-02-09T17:30:00,47569.62,105.27,2024-02-09T18:00:00,47820.0,106.45,0.0035458280484319117,2,2.414009600176413,1.8285336763860998,7.564907230051047e-05,confluence_lost
A,BTCUSDT/SOLUSDT,short_a_long_b,2024-02-09T18:30:00,47999.99,105.71,2024-02-09T19:00:00,47569.89,105.14,0.0011683080424546711,2,2.7700420196465614,2.384707717854154,7.564907230051047e-05,confluence_lost
A,BTCUSDT/SOLUSDT,short_a_long_b,2024-02-09T19:30:00,47533.18,104.99,2024-02-09T20:00:00,47559.99,105.18,-0.0011543309033446446,2,2.3891387830570467,2.211148534968139,7.564907230051047e-05,confluence_lost
A,BTCUSDT/SOLUSDT,short_a_long_b,2024-02-11T20:30:00,48332.01,107.35,2024-02-12T00:00:00,48295.82,109.22,0.015768434454768457,8,2.7509670316462858,0.7367058526791781,9.337017551728745e-05,confluence_lost
A,BTCUSDT/SOLUSDT,short_a_long_b,2024-02-12T02:00:00,48505.72,107.46,2024-02-12T02:30:00,48355.6,105.86,-0.014194368394363097,2,2.347628952014956,3.1742563688200813,9.484346984677913e-05,regime_break
A,BTCUSDT/SOLUSDT,short_a_long_b,2024-02-12T03:00:00,48155.99,106.37,2024-02-12T07:30:00,48324.89,105.93,-0.01004385649079502,10,2.358678146639461,2.2170187239733776,9.484346984677913e-05,confluence_lost
A,BTCUSDT/SOLUSDT,short_a_long_b,2024-02-12T09:30:00,48052.72,104.73,2024-02-12T10:00:00,47925.0,105.0,0.002835971920803162,2,2.3332424362106954,1.9383394171347499,9.598936543638377e-05,confluence_lost
A,BTCUSDT/SOLUSDT,short_a_long_b,2024-02-12T10:30:00,48058.01,104.53,2024-02-12T11:00:00,47898.37,103.69,-0.00711415175784251,2,2.3198020132986863,2.521753489136854,9.598936543638377e-05,confluence_lost
A,BTCUSDT/SOLUSDT,short_a_long_b,2024-02-15T05:30:00,52141.09,115.38,2024-02-15T06:00:00,51946.8,115.02,-0.0017938889322862005,2,2.7050519541191167,2.516062400321873,0.0001034088232243527,confluence_lost
A,BTCUSDT/SOLUSDT,short_a_long_b,2024-02-15T06:30:00,51908.59,114.96,2024-02-15T07:00:00,51970.5,115.62,0.0021484538431597168,2,2.3890346694853766,1.8017259205156957,0.0001034088232243527,confluence_lost
A,BTCUSDT/SOLUSDT,short_a_long_b,2024-02-15T07:30:00,52022.16,115.01,2024-02-15T08:00:00,51753.42,115.48,0.006852476630494889,2,2.4359235143043656,1.352839761009911,0.0001034088232243527,confluence_lost
A,BTCUSDT/SOLUSDT,short_a_long_b,2024-02-15T15:00:00,52632.56,115.79,2024-02-15T15:30:00,52118.79,114.05,-0.007665756375189778,2,2.3911321161790706,2.7950539945911044,0.00010265130695227433,confluence_lost
A,BTCUSDT/SOLUSDT,short_a_long_b,2024-02-15T16:30:00,52285.99,114.14,2024-02-15T17:00:00,52280.93,114.02,-0.0033545650131198567,2,2.8270384132823927,2.766725535320134,0.0001020621276295467,confluence_lost
A,BTCUSDT/SOLUSDT,short_a_long_b,2024-02-15T17:30:00,52197.06,113.34,2024-02-15T21:00:00,51627.1,113.26,0.007813548113535032,8,2.984679954608024,1.6839873626416668,0.0001020621276295467,confluence_lost
A,BTCUSDT/SOLUSDT,short_a_long_b,2024-02-15T21:30:00,51640.31,111.99,2024-02-15T22:00:00,51377.52,112.67,0.00876082474837199,2,2.496215150886296,1.5885566891293448,0.0001020621276295467,confluence_lost
A,BTCUSDT/SOLUSDT,short_a_long_b,2024-02-15T22:30:00,51719.87,112.02,2024-02-15T23:00:00,51622.3,113.12,0.009306184053504432,2,2.437156080241101,1.528941185311968,0.0001020621276295467,confluence_lost
A,BTCUSDT/SOLUSDT,short_a_long_b,2024-02-16T14:00:00,52486.79,110.98,2024-02-16T15:00:00,51900.3,108.84,-0.010508703950324813,3,2.407305653984851,2.6578434432546065,0.00010124745992404678,confluence_lost
A,BTCUSDT/SOLUSDT,short_a_long_b,2024-02-16T16:30:00,52131.1,109.33,2024-02-16T22:00:00,51980.01,109.1,-0.0016054527357979719,12,2.4166399943070838,1.7649491657812306,0.00010097024660759194,confluence_lost
A,BTCUSDT/SOLUSDT,long_a_short_b,2024-02-18T10:00:00,51960.87,112.54,2024-02-18T10:30:00,51856.24,111.48,0.005005242647823718,2,-3.3001420040584457,-2.4007080998040964,0.00013269958872688442,confluence_lost
A,BTCUSDT/SOLUSDT,long_a_short_b,2024-02-18T11:00:00,51800.0,111.45,2024-02-18T11:30:00,51760.55,111.78,-0.006122552055997474,2,-2.4962455943126063,-2.91806266391325,0.00013269958872688442,confluence_lost
A,BTCUSDT/SOLUSDT,long_a_short_b,2024-02-18T12:00:00,51826.02,111.6,2024-02-18T12:30:00,51813.66,110.82,0.00435075707082562,2,-2.5332895716199078,-1.7301741605899352,0.00013269958872688442,confluence_lost
A,BTCUSDT/SOLUSDT,long_a_short_b,2024-02-18T13:00:00,51575.6,111.25,2024-02-18T13:30:00,51605.11,111.26,-0.0019177178547369754,2,-2.8434376710239246,-2.7479261236875043,0.00013269958872688442,confluence_lost
A,BTCUSDT/SOLUSDT,long_a_short_b,2024-02-18T14:00:00,51649.91,111.39,2024-02-18T14:30:00,51687.99,112.13,-0.008306053881794992,2,-2.6563129666888425,-3.1866825891210357,0.00013269958872688442,regime_break
A,BTCUSDT/SOLUSDT,long_a_short_b,2024-02-18T15:00:00,51861.11,112.12,2024-02-18T15:30:00,51821.04,112.32,-0.0049564436845877385,2,-2.6424181170934515,-2.790163133576002,0.00013269958872688442,confluence_lost
A,BTCUSDT/SOLUSDT,long_a_short_b,2024-02-18T16:00:00,51762.7,111.87,2024-02-18T16:30:00,51722.0,112.61,-0.009801101242480834,2,-2.3716318919586517,-2.9927792668755795,0.0001411996801209101,confluence_lost
A,BTCUSDT/SOLUSDT,long_a_short_b,2024-02-18T17:00:00,51841.1,113.86,2024-02-18T17:30:00,51872.5,113.23,0.0037388078620469024,2,-3.5921592643872606,-2.8404316389774027,0.0001411996801209101,confluence_lost
A,BTCUSDT/SOLUSDT,long_a_short_b,2024-02-18T18:00:00,51814.18,112.97,2024-02-18T18:30:00,51720.1,113.46,-0.008553153889037476,2,-2.607129707850127,-2.9783862780266195,0.0001411996801209101,confluence_lost
A,BTCUSDT/SOLUSDT,long_a_short_b,2024-02-18T19:00:00,51797.49,113.22,2024-02-18T19:30:00,51816.0,112.73,0.0022852104921339956,2,-2.5468769310064663,-2.0854754830853706,0.0001411996801209101,confluence_lost
A,BTCUSDT/SOLUSDT,short_a_long_b,2024-02-20T07:30:00,51967.11,109.42,2024-02-20T08:00:00,51866.51,108.82,-0.00594761843103557,2,2.5625646697964446,2.908765425580575,0.0001484084913839819,confluence_lost
A,BTCUSDT/SOLUSDT,short_a_long_b,2024-02-20T09:00:00,51783.0,108.58,2024-02-20T09:30:00,51614.85,108.97,0.00443902637936007,2,2.8543143748055777,2.068435007210876,0.0001396777155208748,confluence_lost
A,BTCUSDT/SOLUSDT,short_a_long_b,2024-02-20T12:00:00,52309.98,109.73,2024-02-20T12:30:00,52318.96,109.08,-0.008495299692569278,2,2.3672668944743336,2.801422841353061,0.0001396777155208748,confluence_lost
A,BTCUSDT/SOLUSDT,short_a_long_b,2024-02-20T13:00:00,52199.42,109.14,2024-02-20T14:00:00,52800.0,109.09,-0.014363618999576541,3,2.435693952610109,3.2024647740325207,0.0001396777155208748,regime_break
A,BTCUSDT/SOLUSDT,short_a_long_b,2024-02-20T14:30:00,52254.0,107.76,2024-02-20T15:00:00,52016.0,104.95,-0.02392179098105933,2,3.1464400076832773,4.309292569831579,0.0001396777155208748,regime_break
A,BTCUSDT/SOLUSDT,short_a_long_b,2024-02-20T15:30:00,51430.0,106.62,2024-02-20T16:00:00,51636.02,107.34,0.0003471212462570895,2,2.3130351109612497,2.054554215921894,0.0001396777155208748,confluence_lost
A,BTCUSDT/SOLUSDT,short_a_long_b,2024-02-20T16:30:00,51737.72,105.98,2024-02-20T17:00:00,51170.4,105.17,0.0009223558228846486,2,2.8792948698650402,2.5620501843162335,0.00015365822318290264,confluence_lost
A,BTCUSDT/SOLUSDT,short_a_long_b,2024-02-23T16:00:00,50908.06,99.59,2024-02-23T18:00:00,51132.0,101.41,0.011476016695016925,5,2.4888338257928027,1.1880131277177663,0.00011821445935328718,confluence_lost
A,BTCUSDT/SOLUSDT,short_a_long_b,2024-02-26T11:30:00,51145.99,100.95,2024-02-26T12:00:00,51108.61,100.89,-0.0022635045552776155,2,2.462298281366314,2.3618328364059242,0.00017032805418313487,confluence_lost
A,BTCUSDT/SOLUSDT,long_a_short_b,2024-02-26T17:30:00,53231.11,109.6,2024-02-26T18:00:00,53474.07,109.66,0.001616802982069301,2,-4.068055894882088,-3.2605289623177853,0.000192981819920216,regime_break
A,BTCUSDT/SOLUSDT,long_a_short_b,2024-02-26T18:30:00,53564.82,109.24,2024-02-26T19:00:00,53566.01,109.35,-0.003384741084641749,2,-2.399727834217304,-2.4354219620073208,0.000192981819920216,confluence_lost
A,BTCUSDT/SOLUSDT,long_a_short_b,2024-02-27T01:00:00,54547.58,111.63,2024-02-27T01:30:00,54749.35,110.67,0.009898811283060208,2,-2.771213730264812,-1.1836682304110575,0.00022179030438239025,confluence_lost
A,BTCUSDT/SOLUSDT,short_a_long_b,2024-02-27T03:30:00,56521.15,110.17,2024-02-27T04:00:00,55616.05,109.66,0.008984265198336241,2,3.1434953868713054,1.7381803970920224,0.00022179030438239025,confluence_lost
A,BTCUSDT/SOLUSDT,short_a_long_b,2024-02-27T04:30:00,56000.0,109.34,2024-02-27T05:00:00,55711.1,109.97,0.00852077236144129,2,2.7360129284184613,1.4836440020131183,0.00022179030438239025,confluence_lost
A,BTCUSDT/SOLUSDT,short_a_long_b,2024-02-27T12:30:00,56850.0,110.01,2024-02-27T13:00:00,56732.01,109.51,-0.004869579618451511,2,2.959020406328481,3.0061489498478124,0.0003358835700751924,regime_break
A,BTCUSDT/SOLUSDT,short_a_long_b,2024-02-27T13:30:00,56810.59,110.29,2024-02-27T14:00:00,57133.39,109.43,-0.015879663655997175,2,2.4024251201050784,3.3197154863535907,0.0003358835700751924,regime_break
A,BTCUSDT/SOLUSDT,short_a_long_b,2024-02-27T14:30:00,56858.33,109.18,2024-02-27T15:00:00,57022.4,109.36,-0.0036369394173292745,2,2.9368378310376433,2.8663340557172705,0.0003358835700751924,confluence_lost
A,BTCUSDT/SOLUSDT,short_a_long_b,2024-02-27T15:30:00,57181.09,106.81,2024-02-27T16:00:00,56768.1,107.31,0.009503702235323444,2,4.283404498971654,3.2588368792050986,0.0003358835700751924,regime_break
A,BTCUSDT/SOLUSDT,short_a_long_b,2024-02-27T16:30:00,56934.49,106.88,2024-02-27T17:00:00,57048.01,107.24,-0.0010256070261814164,2,3.4211749585381237,3.129643368033635,0.000312276110058483,regime_break
A,BTCUSDT/SOLUSDT,short_a_long_b,2024-02-27T17:30:00,57091.21,107.19,2024-02-27T18:00:00,56708.96,107.31,0.005414933910587519,2,3.0092277461624666,2.4810953947712853,0.000312276110058483,confluence_lost
A,BTCUSDT/SOLUSDT,short_a_long_b,2024-02-27T18:30:00,56964.01,107.21,2024-02-27T19:00:00,57138.99,107.89,0.0008709278290434798,2,2.6271122952499035,2.3658167395519802,0.000312276110058483,confluence_lost
A,BTCUSDT/SOLUSDT,short_a_long_b,2024-02-28T18:00:00,61334.19,110.67,2024-02-28T18:30:00,60175.4,113.14,0.03881165619204981,2,2.382757439317792,0.8952627148697971,0.00034276543998636443,confluence_lost
A,BTCUSDT/SOLUSDT,long_a_short_b,2024-02-29T01:30:00,61273.49,123.62,2024-02-29T05:00:00,62330.11,125.22,0.0019014359006756655,8,-2.3058627057755414,-1.9691814897145419,0.00042013089776717235,confluence_lost
A,BTCUSDT/SOLUSDT,long_a_short_b,2024-02-29T08:00:00,62742.56,128.63,2024-02-29T08:30:00,62508.16,131.65,-0.029614094384711562,2,-2.658336837542949,-3.4592429336682207,0.0004964062538189119,regime_break
A,BTCUSDT/SOLUSDT,long_a_short_b,2024-02-29T09:00:00,62713.46,129.92,2024-02-29T09:30:00,62388.01,129.0,-0.0005081952828287916,2,-2.7444365457119515,-2.5784027517654184,0.0004964062538189119,confluence_lost
A,BTCUSDT/SOLUSDT,long_a_short_b,2024-02-29T10:30:00,62368.02,128.72,2024-02-29T11:00:00,62661.22,130.13,-0.008652881424609224,2,-2.3707116613157604,-2.4785676092991036,0.0004964062538189119,confluence_lost
A,BTCUSDT/SOLUSDT,long_a_short_b,2024-02-29T13:00:00,62661.08,131.3,2024-02-29T13:30:00,62437.54,132.77,-0.017163180651674034,2,-2.4523017404723264,-2.734990690307053,0.0004964062538189119,confluence_lost
A,BTCUSDT/SOLUSDT,long_a_short_b,2024-02-29T14:00:00,62987.99,133.99,2024-02-29T14:30:00,63229.99,131.55,0.019652316463618272,2,-2.615726423815426,-1.9609690338288592,0.0004964062538189119,confluence_lost
A,BTCUSDT/SOLUSDT,short_a_long_b,2024-03-04T01:30:00,63778.02,130.18,2024-03-04T03:30:00,63678.4,128.98,-0.010056025707611813,5,2.7396472402749596,3.1657842157257923,0.0004948826409833388,regime_break
A,BTCUSDT/SOLUSDT,short_a_long_b,2024-03-04T04:00:00,63442.01,129.3,2024-03-04T08:00:00,64031.78,132.07,0.009726841082754414,9,2.3196151884393426,0.6028840678957736,0.0004948826409833388,confluence_lost
A,BTCUSDT/SOLUSDT,short_a_long_b,2024-03-04T11:00:00,65099.0,131.32,2024-03-04T11:30:00,64865.83,132.58,0.010776658178910783,2,2.3829327984206925,1.19700341511694,0.0004889820540981524,confluence_lost
A,BTCUSDT/SOLUSDT,short_a_long_b,2024-03-04T13:30:00,65241.58,130.72,2024-03-04T14:30:00,65515.15,131.86,0.0021277454568368738,3,2.683213725921705,2.142030616561037,0.0004889820540981524,confluence_lost
A,BTCUSDT/SOLUSDT,short_a_long_b,2024-03-04T15:00:00,66099.99,132.15,2024-03-04T15:30:00,66173.59,131.77,-0.006388984858406818,2,2.548614099343292,2.7129532115989945,0.0004889820540981524,confluence_lost
A,BTCUSDT/SOLUSDT,short_a_long_b,2024-03-04T16:00:00,66492.03,130.58,2024-03-04T16:30:00,66312.51,129.6,-0.007205105340513593,2,3.449930873415934,3.4921280482443096,0.0005216971531874519,regime_break
A,BTCUSDT/SOLUSDT,short_a_long_b,2024-03-04T17:00:00,66571.76,130.58,2024-03-04T17:30:00,67330.85,127.44,-0.037849144211624816,2,3.0609456220686693,4.571029412706077,0.0005216971531874519,regime_break
A,BTCUSDT/SOLUSDT,short_a_long_b,2024-03-04T18:00:00,66869.32,127.62,2024-03-04T18:30:00,66234.4,130.13,0.026762700963032418,2,3.765734905297573,2.2405503512807052,0.0005216971531874519,confluence_lost
A,BTCUSDT/SOLUSDT,short_a_long_b,2024-03-04T19:00:00,66599.56,130.04,2024-03-04T19:30:00,67090.0,129.53,-0.013685882808884872,2,2.4362878470636242,2.818671502341225,0.0005216971531874519,confluence_lost
A,BTCUSDT/SOLUSDT,short_a_long_b,2024-03-04T20:00:00,67286.4,129.16,2024-03-04T20:30:00,67372.6,129.54,-0.0007390036447263858,2,2.909194970483901,2.6984347442616587,0.0005216971531874519,confluence_lost
A,BTCUSDT/SOLUSDT,short_a_long_b,2024-03-04T21:00:00,67397.96,129.81,2024-03-04T21:30:00,66938.18,130.46,0.009429186587392183,2,2.5114527549150814,1.9665374649059126,0.0005216971531874519,confluence_lost
A,BTCUSDT/SOLUSDT,short_a_long_b,2024-03-04T22:00:00,67499.99,130.05,2024-03-04T22:30:00,67402.19,130.79,0.004739008288467919,2,2.328492411948042,1.9860205340001882,0.0005216971531874519,confluence_lost
A,BTCUSDT/SOLUSDT,short_a_long_b,2024-03-05T02:00:00,68493.14,130.07,2024-03-05T02:30:00,68120.68,129.93,0.0019615733409729798,2,2.373353321546698,2.1458784223001004,0.0005145644524791292,confluence_lost
A,BTCUSDT/SOLUSDT,long_a_short_b,2024-03-07T01:30:00,66035.59,137.37,2024-03-07T02:00:00,66378.85,137.4,0.002579717757213065,2,-2.7288110493783395,-2.4084388483780845,0.00047420944230820933,confluence_lost
A,BTCUSDT/SOLUSDT,long_a_short_b,2024-03-07T02:30:00,65926.61,141.06,2024-03-07T08:00:00,66397.0,139.71,0.014305450753614848,12,-3.6300186517782533,-1.950365103766307,0.00047420944230820933,confluence_lost
A,BTCUSDT/SOLUSDT,long_a_short_b,2024-03-07T14:00:00,66918.86,146.65,2024-03-07T15:00:00,67072.0,145.88,0.005139039707501916,3,-2.4013478031629982,-2.0383619209947805,0.0004599051217952739,confluence_lost
A,BTCUSDT/SOLUSDT,short_a_long_b,2024-03-10T13:00:00,69781.12,144.39,2024-03-10T14:00:00,69294.91,143.8,0.00048148841923574505,3,2.492968413457841,2.1960283781289536,0.0004169180875313841,confluence_lost
A,BTCUSDT/SOLUSDT,short_a_long_b,2024-03-10T15:00:00,69221.1,143.29,2024-03-10T15:30:00,69301.24,142.91,-0.006209704022812554,2,2.3400070595056692,2.5867215373037364,0.0004169180875313841,confluence_lost
A,BTCUSDT/SOLUSDT,short_a_long_b,2024-03-10T16:30:00,69691.99,144.07,2024-03-10T17:00:00,69421.1,144.65,0.0055127811051255,2,2.338207424904516,1.6921260617382707,0.0004453340680799654,confluence_lost
A,BTCUSDT/SOLUSDT,short_a_long_b,2024-03-11T00:30:00,68531.11,140.28,2024-03-11T01:00:00,67941.66,139.5,0.0006408952060830832,2,2.398231327404973,2.113050789822542,0.0004252353862844176,confluence_lost
A,BTCUSDT/SOLUSDT,short_a_long_b,2024-03-11T01:30:00,68045.03,138.59,2024-03-11T02:00:00,68307.36,138.13,-0.009574383949572482,2,2.5322025127190715,2.8385746499611444,0.0004252353862844176,confluence_lost
A,BTCUSDT/SOLUSDT,short_a_long_b,2024-03-11T02:30:00,68517.4,139.04,2024-03-11T03:00:00,68332.31,141.21,0.01590837717406708,2,2.5098233662681073,1.3818742350300015,0.0004252353862844176,confluence_lost
A,BTCUSDT/SOLUSDT,long_a_short_b,2024-03-12T06:30:00,71509.27,153.5,2024-03-12T07:00:00,72185.97,152.78,0.011753662514903243,2,-2.3137526299981372,-1.3846859092717516,0.0005190885288004874,confluence_lost
A,BTCUSDT/SOLUSDT,long_a_short_b,2024-03-13T15:00:00,72443.19,158.49,2024-03-13T15:30:00,72660.01,157.25,0.008416803402566966,2,-3.224440050033887,-2.422968344565271,0.000502344157544577,confluence_lost
A,BTCUSDT/SOLUSDT,long_a_short_b,2024-03-13T16:00:00,72570.79,157.59,2024-03-13T16:30:00,72755.0,158.17,-0.0035420874687977365,2,-2.548037230373821,-2.534034498043684,0.0004916054558680044,confluence_lost
A,BTCUSDT/SOLUSDT,long_a_short_b,2024-03-13T17:00:00,72999.34,158.4,2024-03-13T17:30:00,72838.02,159.05,-0.008713418346998056,2,-2.354097266589961,-2.6410911149461826,0.0004916054558680044,confluence_lost
A,BTCUSDT/SOLUSDT,long_a_short_b,2024-03-13T18:00:00,72860.25,159.41,2024-03-13T18:30:00,72974.79,161.06,-0.011178617484852535,2,-2.6436516637387797,-3.006983208243437,0.0004916054558680044,regime_break
A,BTCUSDT/SOLUSDT,long_a_short_b,2024-03-13T19:00:00,73160.0,159.84,2024-03-13T19:30:00,72856.96,161.44,-0.016552164192623328,2,-2.3496750069163834,-3.0074089126686783,0.0004916054558680044,regime_break
A,BTCUSDT/SOLUSDT,long_a_short_b,2024-03-13T21:00:00,73175.86,162.8,2024-03-13T21:30:00,73020.0,165.76,-0.022711755568273137,2,-2.9085329671198483,-3.6450865805200188,0.0004916054558680044,regime_break
A,BTCUSDT/SOLUSDT,long_a_short_b,2024-03-13T22:00:00,73240.71,164.2,2024-03-14T00:00:00,73039.79,166.79,-0.02091673008886867,5,-2.889699282328315,-3.1173917045923827,0.0004916054558680044,regime_break
A,BTCUSDT/SOLUSDT,long_a_short_b,2024-03-14T00:30:00,73050.74,167.76,2024-03-14T02:30:00,73119.99,164.96,0.015238481484792524,5,-3.154898209539737,-2.049674017592212,0.0004365664656751145,confluence_lost
A,BTCUSDT/SOLUSDT,long_a_short_b,2024-03-14T03:00:00,73016.26,166.71,2024-03-14T03:30:00,73202.02,167.45,-0.004294755035921402,2,-2.3684876787769733,-2.334402600706592,0.0004365664656751145,confluence_lost
A,BTCUSDT/SOLUSDT,long_a_short_b,2024-03-14T09:00:00,73342.98,173.52,2024-03-14T09:30:00,73432.0,172.41,0.005210706550787217,2,-2.4700278517605656,-2.1902767468286313,0.00042566947330286684,confluence_lost
A,BTCUSDT/SOLUSDT,long_a_short_b,2024-03-15T01:00:00,72006.75,184.11,2024-03-15T01:30:00,71948.3,183.9,-0.0020711070019512755,2,-2.3786294830183436,-2.2895241491798983,0.00040921758261531447,confluence_lost
A,BTCUSDT/SOLUSDT,long_a_short_b,2024-03-15T03:30:00,67788.71,176.02,2024-03-15T04:00:00,68423.04,176.64,0.0034351308928810133,2,-2.3038641775076973,-2.1410331852961906,0.00040921758261531447,confluence_lost
A,BTCUSDT/SOLUSDT,long_a_short_b,2024-03-17T23:00:00,68300.0,203.09,2024-03-17T23:30:00,68234.11,201.86,0.0026917136896730943,2,-2.3191484726326532,-2.0797973678052797,0.00021825481275747688,confluence_lost
A,BTCUSDT/SOLUSDT,long_a_short_b,2024-03-18T02:30:00,67436.9,202.9,2024-03-18T03:00:00,67840.89,204.49,-0.004245735423921634,2,-2.6536582523805454,-2.619279113816105,0.000214600409922482,confluence_lost
A,BTCUSDT/SOLUSDT,long_a_short_b,2024-03-18T03:30:00,67940.05,203.93,2024-03-18T04:00:00,67905.76,203.38,-0.00020770579295297008,2,-2.3701120551253667,-2.21183624795803,0.000214600409922482,confluence_lost
A,BTCUSDT/SOLUSDT,long_a_short_b,2024-03-18T10:30:00,67875.54,208.93,2024-03-18T11:30:00,68398.4,208.08,0.009371565050063937,3,-2.4255055803158334,-1.9232495541501569,0.00023490476327304159,confluence_lost
A,BTCUSDT/SOLUSDT,short_a_long_b,2024-03-19T10:00:00,64013.3,172.99,2024-03-19T10:30:00,63040.01,175.49,0.02725619897610139,2,2.789789676621844,1.6731168764951192,0.0002582053687279194,confluence_lost
A,BTCUSDT/SOLUSDT,short_a_long_b,2024-03-19T11:00:00,63256.0,171.88,2024-03-19T11:30:00,62680.01,177.84,0.041381052382009245,2,2.450001096545643,0.9361866363715481,0.0002582053687279194,confluence_lost
A,BTCUSDT/SOLUSDT,short_a_long_b,2024-03-19T22:00:00,64000.0,166.3,2024-03-19T22:30:00,63007.81,169.25,0.03084199460688504,2,3.192611217947065,2.150520324659489,0.0002541997312328262,confluence_lost
A,BTCUSDT/SOLUSDT,long_a_short_b,2024-03-24T22:00:00,66508.07,184.25,2024-03-24T22:30:00,66962.0,184.97,0.0005174527210977799,2,-2.4612657314149233,-2.0959529262016,0.0001337991191837805,confluence_lost
A,BTCUSDT/SOLUSDT,long_a_short_b,2024-03-25T06:30:00,67092.61,187.83,2024-03-25T08:00:00,66854.82,186.62,0.0004977898822124539,4,-2.860863489190961,-2.378101157801268,0.00016084153714294037,confluence_lost
A,BTCUSDT/SOLUSDT,long_a_short_b,2024-03-25T08:30:00,67032.02,187.15,2024-03-25T09:00:00,66990.0,188.55,-0.010507495104251682,2,-2.3115959133172272,-2.7938400308742803,0.00016137452888895362,confluence_lost
A,BTCUSDT/SOLUSDT,long_a_short_b,2024-03-25T09:30:00,66880.0,189.27,2024-03-25T10:00:00,67020.0,190.77,-0.00823188480647001,2,-3.0198218933589684,-3.215427211516154,0.00016137452888895362,regime_break
A,BTCUSDT/SOLUSDT,long_a_short_b,2024-03-25T10:30:00,67137.99,189.42,2024-03-25T11:00:00,66964.89,188.62,-0.0007548531461097218,2,-2.5021040327005903,-2.3090492496633748,0.00016137452888895362,confluence_lost
A,BTCUSDT/SOLUSDT,long_a_short_b,2024-03-25T13:30:00,67028.21,190.52,2024-03-25T14:00:00,68203.99,193.79,-0.0020219829452479553,2,-2.5395903292923347,-2.4186082961299946,0.00016137452888895362,confluence_lost
A,BTCUSDT/SOLUSDT,short_a_long_b,2024-03-27T13:30:00,71641.2,185.64,2024-03-27T14:00:00,69932.0,184.3,0.014239508235865464,2,3.5827532265773483,2.3240027185001604,0.000242346707742264,confluence_lost
A,BTCUSDT/SOLUSDT,short_a_long_b,2024-03-27T15:00:00,70030.69,182.0,2024-03-27T15:30:00,69180.0,181.11,0.004857278633407527,2,3.192269627470692,2.5457566420024156,0.000242346707742264,confluence_lost
A,BTCUSDT/SOLUSDT,long_a_short_b,2024-03-29T20:00:00,69686.01,189.45,2024-03-29T20:30:00,69656.52,189.63,-0.0037733027009039665,2,-2.682421879584466,-2.730774656058091,0.00026915741163160105,confluence_lost
A,BTCUSDT/SOLUSDT,long_a_short_b,2024-03-29T22:00:00,69461.39,191.02,2024-03-29T22:30:00,69764.44,192.24,-0.004423910390209326,2,-3.419666711172823,-3.4147553084702698,0.00026915741163160105,regime_break
A,BTCUSDT/SOLUSDT,long_a_short_b,2024-03-29T23:00:00,69750.01,192.62,2024-03-29T23:30:00,69843.83,192.01,0.002111946437083303,2,-3.3718365330175675,-2.8504038588908487,0.00026915741163160105,confluence_lost
A,BTCUSDT/SOLUSDT,long_a_short_b,2024-03-30T00:00:00,69875.57,191.22,2024-03-30T00:30:00,69735.59,194.09,-0.01941216553400653,2,-2.3960907949929546,-3.5041117982339203,0.0002529535423801341,regime_break
A,BTCUSDT/SOLUSDT,long_a_short_b,2024-03-30T01:00:00,69918.01,192.98,2024-03-30T01:30:00,70069.93,192.32,0.0031928742476940576,2,-2.718749576313026,-2.220898511092236,0.0002529535423801341,confluence_lost
A,BTCUSDT/SOLUSDT,long_a_short_b,2024-03-30T04:00:00,69765.99,194.48,2024-03-30T04:30:00,69878.7,198.36,-0.02073509397823385,2,-2.801521340491817,-3.6354681964314075,0.0002529535423801341,regime_break
A,BTCUSDT/SOLUSDT,long_a_short_b,2024-03-30T05:00:00,70139.04,198.11,2024-03-30T05:30:00,69953.99,198.67,-0.007865043381983503,2,-3.130500599033105,-3.214840776329493,0.0002529535423801341,regime_break
A,BTCUSDT/SOLUSDT,long_a_short_b,2024-03-30T06:00:00,69992.36,199.08,2024-03-30T06:30:00,70034.0,197.77,0.004775191312849272,2,-3.0917158708530876,-2.6005948137251202,0.0002529535423801341,confluence_lost
A,BTCUSDT/SOLUSDT,long_a_short_b,2024-03-31T23:00:00,70962.9,202.08,2024-03-31T23:30:00,71099.5,202.45,-0.002306008520547118,2,-2.3090915409518713,-2.247736797352201,0.0003361552078237212,confluence_lost
A,BTCUSDT/SOLUSDT,long_a_short_b,2024-04-01T01:00:00,71121.51,204.15,2024-04-01T03:30:00,70580.07,202.58,-0.0023224630262085742,6,-3.076964149145499,-2.7754883799192824,0.00041736738386289425,confluence_lost
A,BTCUSDT/SOLUSDT,long_a_short_b,2024-04-01T04:00:00,70597.99,202.4,2024-04-01T04:30:00,70580.54,201.08,0.0038745649545126183,2,-2.5189387987662144,-1.746441773218085,0.00041736738386289425,confluence_lost
A,BTCUSDT/SOLUSDT,short_a_long_b,2024-04-01T15:30:00,68755.99,188.08,2024-04-01T16:00:00,68322.55,190.9,0.018897652301299653,2,2.6803507827299056,0.5235198072344615,0.00039904352078225106,confluence_lost
A,BTCUSDT/SOLUSDT,short_a_long_b,2024-04-02T02:00:00,69375.01,186.72,2024-04-02T02:30:00,68518.77,185.4,0.002872787678782809,2,3.083392458851663,2.5492277393679195,0.0003131539817077815,confluence_lost
A,BTCUSDT/SOLUSDT,short_a_long_b,2024-04-02T11:00:00,66036.01,177.76,2024-04-02T11:30:00,65104.93,179.87,0.023569516904720603,2,2.3906777371271866,0.6663128367472749,0.0002657864302171634,confluence_lost
A,BTCUSDT/SOLUSDT,long_a_short_b,2024-04-03T06:00:00,66052.01,191.45,2024-04-03T06:30:00,66336.15,190.58,0.0064460290294068995,2,-2.7778322416868235,-2.168321307998505,0.00021144907506964205,confluence_lost
A,BTCUSDT/SOLUSDT,short_a_long_b,2024-04-04T18:00:00,69033.0,187.68,2024-04-04T18:30:00,68676.12,186.06,-0.00586201210785324,2,2.853591214412357,2.9597583384698534,0.00013172152965664914,confluence_lost
A,BTCUSDT/SOLUSDT,short_a_long_b,2024-04-04T19:00:00,68520.0,186.34,2024-04-04T19:30:00,68765.62,185.66,-0.009633890137111953,2,2.542302603624142,2.9171633902747613,0.00013172152965664914,confluence_lost
A,BTCUSDT/SOLUSDT,short_a_long_b,2024-04-04T20:00:00,68542.88,182.38,2024-04-04T20:30:00,67959.09,182.53,0.006939608743092254,2,3.6443274635382403,2.856355487041948,0.00013172152965664914,confluence_lost
A,BTCUSDT/SOLUSDT,short_a_long_b,2024-04-04T21:00:00,67903.58,183.15,2024-04-04T21:30:00,67937.92,182.03,-0.009020923192273364,2,2.482255535886023,2.747411171498253,0.00013172152965664914,confluence_lost
A,BTCUSDT/SOLUSDT,short_a_long_b,2024-04-04T22:30:00,67908.0,182.29,2024-04-04T23:00:00,67907.99,183.12,0.0021533317443132717,2,2.439392330772014,2.1232089741314653,0.00013172152965664914,confluence_lost
A,BTCUSDT/SOLUSDT,short_a_long_b,2024-04-05T01:00:00,68578.29,182.79,2024-04-05T01:30:00,67962.71,182.34,0.004114468683889497,2,2.464697875375886,2.062743121819328,0.00012467230084406043,confluence_lost
A,BTCUSDT/SOLUSDT,short_a_long_b,2024-04-05T02:00:00,68126.0,180.96,2024-04-05T03:00:00,67666.66,179.25,-0.005107095590001817,3,2.445433562576878,2.327465934752568,0.00012467230084406043,confluence_lost
A,BTCUSDT/SOLUSDT,short_a_long_b,2024-04-05T03:30:00,67882.0,179.42,2024-04-05T05:30:00,66704.54,175.55,-0.00662381362195856,5,2.3347572886731913,2.0799083087335872,0.00012467230084406043,confluence_lost
A,BTCUSDT/SOLUSDT,short_a_long_b,2024-04-05T08:30:00,67383.27,172.93,2024-04-05T09:00:00,67089.58,172.24,-0.002031553516235005,2,2.561783909510983,2.447264473174406,0.00011918956732315811,confluence_lost
A,BTCUSDT/SOLUSDT,short_a_long_b,2024-04-05T10:00:00,66880.0,170.65,2024-04-05T10:30:00,66820.42,172.0,0.006401778083937451,2,2.4721066519589026,2.1152958073452393,0.00011918956732315811,confluence_lost
A,BTCUSDT/SOLUSDT,short_a_long_b,2024-04-05T11:30:00,66767.99,169.76,2024-04-05T12:00:00,66504.16,171.52,0.01191902215406622,2,2.3245522759902477,1.8385620112195726,0.00011918956732315811,confluence_lost
A,BTCUSDT/SOLUSDT,short_a_long_b,2024-04-07T18:00:00,69764.46,178.88,2024-04-07T18:30:00,69535.1,178.79,0.00038450325646406614,2,2.364118695010098,1.8012819646407294,0.00010330410542949696,confluence_lost
A,BTCUSDT/SOLUSDT,short_a_long_b,2024-04-08T00:00:00,69337.98,177.49,2024-04-08T01:30:00,69636.62,177.2,-0.008340913906521294,4,2.3858449431225592,3.2168079307893778,0.00010330410542949696,regime_break
A,BTCUSDT/SOLUSDT,short_a_long_b,2024-04-08T02:00:00,69391.74,177.27,2024-04-08T06:00:00,69730.0,176.94,-0.009136210682530496,9,2.5071453569416584,2.5194145420094705,0.00010256985977849764,confluence_lost
A,BTCUSDT/SOLUSDT,short_a_long_b,2024-04-08T06:30:00,69752.71,176.94,2024-04-08T07:00:00,69816.12,178.16,0.003585924030310175,2,2.458466654888755,1.6877964687969647,0.00010256985977849764,confluence_lost
A,BTCUSDT/SOLUSDT,short_a_long_b,2024-04-08T09:30:00,72394.0,183.0,2024-04-08T10:00:00,72238.0,182.82,-0.0012287318440030036,2,2.647847594665379,2.406158545601301,0.00010199877982772039,confluence_lost
A,BTCUSDT/SOLUSDT,short_a_long_b,2024-04-08T11:00:00,72344.01,182.97,2024-04-08T11:30:00,72410.39,182.74,-0.004574597089912744,2,2.326981441596773,2.4534941500790968,0.00010199877982772039,confluence_lost
A,BTCUSDT/SOLUSDT,short_a_long_b,2024-04-08T12:00:00,72414.0,181.93,2024-04-08T12:30:00,72222.01,180.5,-0.007608883096814775,2,2.776480148058605,3.102069928740631,0.00010199877982772039,regime_break
A,BTCUSDT/SOLUSDT,short_a_long_b,2024-04-08T13:30:00,72101.16,180.96,2024-04-08T14:00:00,71944.01,180.12,-0.004862333230534907,2,2.5025445526985477,2.601423639724624,0.00010199877982772039,confluence_lost
A,BTCUSDT/SOLUSDT,short_a_long_b,2024-04-08T19:00:00,71898.02,179.0,2024-04-08T20:30:00,71527.99,180.01,0.008389053236279878,4,2.4072923839019302,1.4502258362827425,0.00015753016208822697,confluence_lost
A,BTCUSDT/SOLUSDT,short_a_long_b,2024-04-10T12:00:00,69150.54,168.3,2024-04-10T12:30:00,68514.68,165.54,-0.009603986415755258,2,2.8031435568108054,3.3204455714276513,0.00015731206987784432,regime_break
A,BTCUSDT/SOLUSDT,short_a_long_b,2024-04-10T13:00:00,67862.7,164.25,2024-04-10T13:30:00,67606.82,165.91,0.01147709927040215,2,2.9714750840409687,1.6233050422711057,0.00015731206987784432,confluence_lost
A,BTCUSDT/SOLUSDT,short_a_long_b,2024-04-12T12:30:00,70823.16,169.65,2024-04-12T13:00:00,70427.31,168.5,-0.0035893886116766115,2,3.169283774861987,3.1831460196632784,0.00017657123008773976,regime_break
A,BTCUSDT/SOLUSDT,short_a_long_b,2024-04-12T13:30:00,70200.0,167.74,2024-04-12T14:00:00,69896.01,167.89,0.002824582967739089,2,3.1319873504154128,2.4186030471939017,0.00017657123008773976,confluence_lost
A,BTCUSDT/SOLUSDT,short_a_long_b,2024-04-12T14:30:00,69828.15,167.47,2024-04-12T15:00:00,69379.99,168.2,0.00837703167720534,2,2.4783487540028935,1.2760969510049265,0.00017657123008773976,confluence_lost
A,BTCUSDT/SOLUSDT,short_a_long_b,2024-04-12T16:00:00,69350.57,166.02,2024-04-12T16:30:00,68923.35,165.97,0.003459126904179224,2,2.4486223482883056,1.8056492507733088,0.00016447540117935314,confluence_lost
A,BTCUSDT/SOLUSDT,short_a_long_b,2024-04-12T17:00:00,68837.49,162.12,2024-04-12T17:30:00,67654.13,163.43,0.022871066850650948,2,3.7252690769860517,1.3007920693742576,0.00016447540117935314,confluence_lost
A,BTCUSDT/SOLUSDT,short_a_long_b,2024-04-12T18:00:00,68011.99,160.31,2024-04-12T18:30:00,67654.62,150.99,-0.055282844185298094,2,3.353151531611635,6.222628857614924,0.00016447540117935314,regime_break
A,BTCUSDT/SOLUSDT,short_a_long_b,2024-04-12T19:00:00,66467.23,152.14,2024-04-12T19:30:00,66919.84,149.26,-0.02813945397910249,2,4.055731662899136,4.852922561501246,0.00016447540117935314,regime_break
A,BTCUSDT/SOLUSDT,short_a_long_b,2024-04-12T20:00:00,66783.65,153.07,2024-04-12T20:30:00,67377.27,152.53,-0.014816500288798148,2,3.1751970027497944,3.5089847043486078,0.00016447540117935314,regime_break
A,BTCUSDT/SOLUSDT,short_a_long_b,2024-04-12T21:00:00,66950.0,152.44,2024-04-12T22:30:00,67125.49,151.51,-0.011121970813233004,4,3.0418806029675247,2.9118168278177436,0.00016447540117935314,confluence_lost
A,BTCUSDT/SOLUSDT,short_a_long_b,2024-04-12T23:00:00,66999.79,152.1,2024-04-13T00:00:00,67068.0,153.15,0.0034852901647632463,3,2.561184428266116,2.1716381196391192,0.00016447540117935314,confluence_lost
A,BTCUSDT/SOLUSDT,short_a_long_b,2024-04-13T00:30:00,67087.92,151.62,2024-04-13T02:00:00,65976.72,149.53,0.00037887841704327364,4,2.437951808062884,2.013645062927778,0.000150147534250608,confluence_lost
A,BTCUSDT/SOLUSDT,short_a_long_b,2024-04-13T17:00:00,67359.43,140.7,2024-04-13T17:30:00,66900.0,139.35,-0.005174308386465085,2,2.6134085593050167,2.564833626988575,0.00013033616269481226,confluence_lost
A,BTCUSDT/SOLUSDT,short_a_long_b,2024-04-13T19:30:00,67112.28,133.73,2024-04-13T20:00:00,64822.18,124.6,-0.036548478836318996,2,3.10700104136542,3.549278795615127,0.00013033616269481226,regime_break
A,BTCUSDT/SOLUSDT,short_a_long_b,2024-04-13T20:30:00,62312.54,124.4,2024-04-13T22:30:00,62920.01,141.01,0.12137214028062689,5,2.7020462357750796,0.46529172025169313,0.00013033616269481226,z_mean_revert
A,BTCUSDT/SOLUSDT,long_a_short_b,2024-04-17T18:00:00,61179.11,137.0,2024-04-17T18:30:00,61764.1,135.6,0.017380902098795906,2,-2.4986135223526222,-1.2536585169095549,6.492281324715949e-05,confluence_lost
A,BTCUSDT/SOLUSDT,long_a_short_b,2024-04-17T21:00:00,60928.01,136.67,2024-04-17T21:30:00,61456.93,135.15,0.01740274471068877,2,-2.3671882783407474,-1.2286730276972617,6.492281324715949e-05,confluence_lost
A,BTCUSDT/SOLUSDT,long_a_short_b,2024-04-18T22:30:00,63430.17,142.89,2024-04-19T00:00:00,63402.18,139.11,0.023612642936891873,4,-2.330661404365581,-0.5995537180672852,4.280250335223004e-05,confluence_lost
A,BTCUSDT/SOLUSDT,long_a_short_b,2024-04-19T06:30:00,62070.89,145.06,2024-04-19T07:00:00,64711.28,143.08,0.053787822077870764,2,-3.6939461103323117,-0.7699505502697926,2.635750260729003e-05,confluence_lost
A,BTCUSDT/SOLUSDT,long_a_short_b,2024-04-20T15:30:00,63940.0,147.19,2024-04-20T16:00:00,64899.63,147.74,0.008871622127825732,2,-2.3560787549647526,-1.5070136979545152,4.007543724433827e-05,confluence_lost
A,BTCUSDT/SOLUSDT,long_a_short_b,2024-04-20T17:00:00,64805.8,149.61,2024-04-20T17:30:00,65299.99,150.62,-0.001525179294887866,2,-2.3872472986896844,-2.2813041551925526,4.0512006745596426e-05,confluence_lost
A,BTCUSDT/SOLUSDT,long_a_short_b,2024-04-20T18:30:00,65041.86,150.53,2024-04-20T19:00:00,64975.52,150.27,-0.0016927280789198894,2,-2.3433153307404875,-2.2105236382147266,4.0512006745596426e-05,confluence_lost
A,BTCUSDT/SOLUSDT,long_a_short_b,2024-04-20T19:30:00,64883.71,151.2,2024-04-20T20:30:00,64793.34,151.26,-0.004189624914608878,3,-2.5840898467322106,-2.482113916633799,4.0512006745596426e-05,confluence_lost
A,BTCUSDT/SOLUSDT,long_a_short_b,2024-04-20T21:00:00,64706.26,151.06,2024-04-20T21:30:00,64685.81,150.69,-0.0002666857389554277,2,-2.382928504574734,-2.1762405201482182,4.0512006745596426e-05,confluence_lost
A,BTCUSDT/SOLUSDT,long_a_short_b,2024-04-22T22:30:00,66715.55,158.03,2024-04-22T23:00:00,66984.03,157.55,0.004661647181672016,2,-2.9354568763015396,-1.9788110038353839,3.0167868948035015e-05,confluence_lost
A,BTCUSDT/SOLUSDT,long_a_short_b,2024-04-23T00:00:00,66799.09,158.07,2024-04-23T00:30:00,66834.0,158.88,-0.007001700103831873,2,-2.600147564588547,-2.9920883423487497,2.0717231404027235e-05,confluence_lost
A,BTCUSDT/SOLUSDT,long_a_short_b,2024-04-23T15:00:00,66847.08,159.27,2024-04-23T15:30:00,66768.85,157.92,0.004905889557002177,2,-2.4409117426461084,-1.6625753641827332,2.775784664757674e-05,confluence_lost
A,BTCUSDT/SOLUSDT,long_a_short_b,2024-04-23T17:30:00,66696.02,159.22,2024-04-23T18:00:00,66755.39,159.43,-0.002828771719286125,2,-2.332184297488289,-2.2876581159003795,1.918276961478191e-05,confluence_lost
A,BTCUSDT/SOLUSDT,short_a_long_b,2024-04-24T18:30:00,64702.0,148.63,2024-04-24T19:00:00,64103.98,150.1,0.016733013529795462,2,2.804085496104226,0.5926433296921868,3.5749094619849376e-05,confluence_lost
A,BTCUSDT/SOLUSDT,short_a_long_b,2024-04-24T22:00:00,64331.75,148.2,2024-04-24T22:30:00,64212.0,146.92,-0.009175532281539042,2,2.431652042594198,3.0265822569179326,3.5749094619849376e-05,regime_break
A,BTCUSDT/SOLUSDT,short_a_long_b,2024-04-24T23:00:00,64033.24,147.03,2024-04-24T23:30:00,64098.0,147.78,0.0016896500657259251,2,2.5221006747608614,2.0298556212980183,3.5749094619849376e-05,confluence_lost
A,BTCUSDT/SOLUSDT,short_a_long_b,2024-04-25T01:30:00,64524.03,145.97,2024-04-25T05:30:00,64110.0,147.82,0.016690516271196956,9,3.4354515840284314,1.2037441760334466,4.340485137099396e-05,confluence_lost
A,BTCUSDT/SOLUSDT,short_a_long_b,2024-04-25T10:00:00,63942.01,144.08,2024-04-25T10:30:00,63406.01,143.74,0.003622795306267037,2,2.4639228244470925,1.9978360542912075,4.2801551066328636e-05,confluence_lost
A,BTCUSDT/SOLUSDT,short_a_long_b,2024-04-25T12:30:00,64154.0,143.57,2024-04-25T13:00:00,63536.0,143.97,0.010019167798394693,2,2.546217206477723,1.7551869931753148,4.2801551066328636e-05,confluence_lost
A,BTCUSDT/SOLUSDT,short_a_long_b,2024-04-26T22:00:00,64038.0,140.08,2024-04-26T22:30:00,63770.2,139.21,-0.004428844720249112,2,2.4413258048175543,2.486032024144857,3.269656517455495e-05,confluence_lost
A,BTCUSDT/SOLUSDT,short_a_long_b,2024-04-26T23:30:00,63804.76,139.23,2024-04-27T00:00:00,63779.25,138.43,-0.007746074667981648,2,2.3509844596064404,2.625089224627319,3.269656517455495e-05,confluence_lost
A,BTCUSDT/SOLUSDT,short_a_long_b,2024-04-27T00:30:00,63382.5,137.73,2024-04-27T01:00:00,63131.24,134.78,-0.019854532083220897,2,2.448840665697816,3.407046764202189,4.765288402465385e-05,regime_break
A,BTCUSDT/SOLUSDT,short_a_long_b,2024-04-27T01:30:00,62710.01,134.96,2024-04-27T02:00:00,62628.01,136.82,0.012689467526071987,2,2.7433194246863515,1.772272443845215,4.765288402465385e-05,confluence_lost
A,BTCUSDT/SOLUSDT,short_a_long_b,2024-04-27T02:30:00,63131.99,135.42,2024-04-27T03:00:00,62967.22,136.17,0.005748254027843472,2,2.7491222155960515,2.186434257911659,4.765288402465385e-05,confluence_lost
A,BTCUSDT/SOLUSDT,short_a_long_b,2024-04-29T16:30:00,62905.59,133.63,2024-04-29T17:00:00,62852.02,135.27,0.010724286891708526,2,2.6802434790981127,1.7635856999467707,4.0565519751857725e-05,confluence_lost
A,BTCUSDT/SOLUSDT,short_a_long_b,2024-04-30T08:30:00,62714.93,130.87,2024-04-30T09:00:00,61996.01,130.92,0.009445357621392272,2,2.5372027851102685,1.8050710187917063,6.171642552890157e-05,confluence_lost
A,BTCUSDT/SOLUSDT,short_a_long_b,2024-04-30T16:00:00,60815.04,124.32,2024-04-30T16:30:00,60276.67,125.57,0.016507277442830495,2,2.9593835853977093,1.9001487369411951,7.0223886522479e-05,confluence_lost
A,BTCUSDT/SOLUSDT,short_a_long_b,2024-04-30T18:00:00,60392.6,123.87,2024-04-30T18:30:00,60242.56,124.21,0.0028292234521833516,2,2.5709834330295878,2.256449524826546,7.0223886522479e-05,confluence_lost
A,BTCUSDT/SOLUSDT,short_a_long_b,2024-04-30T19:00:00,60449.99,122.1,2024-04-30T19:30:00,59990.22,123.04,0.012904398865818914,2,3.1969400250628826,2.332815935596535,7.0223886522479e-05,confluence_lost
A,BTCUSDT/SOLUSDT,short_a_long_b,2024-05-01T07:00:00,59430.01,120.46,2024-05-01T07:30:00,58079.72,120.58,0.021316857273249903,2,2.4437305225837145,1.1318867071477643,7.684080062859478e-05,confluence_lost
A,BTCUSDT/SOLUSDT,long_a_short_b,2024-05-01T16:00:00,56758.0,125.23,2024-05-01T17:00:00,57007.99,125.72,-0.0019083112121794231,3,-2.5980225549338685,-2.443680265287837,8.395060778766844e-05,confluence_lost
A,BTCUSDT/SOLUSDT,long_a_short_b,2024-05-01T17:30:00,57234.01,126.85,2024-05-01T18:00:00,57534.0,129.73,-0.01986251713226865,2,-2.6200982874226884,-3.34613136699881,8.395060778766844e-05,regime_break
A,BTCUSDT/SOLUSDT,long_a_short_b,2024-05-01T18:30:00,57920.0,133.96,2024-05-01T19:00:00,59189.99,131.12,0.04072698124409198,2,-4.202277746516923,-2.0735673420797593,8.395060778766844e-05,confluence_lost
A,BTCUSDT/SOLUSDT,long_a_short_b,2024-05-01T19:30:00,57867.99,129.73,2024-05-01T20:00:00,57162.0,131.55,-0.0286291464598281,2,-2.5312472947497477,-3.455136186124172,8.395060778766844e-05,regime_break
A,BTCUSDT/SOLUSDT,long_a_short_b,2024-05-01T20:30:00,57254.0,131.79,2024-05-01T21:00:00,57275.02,134.15,-0.019940140807493775,2,-3.2399747124106075,-3.621102427622636,8.395060778766844e-05,regime_break
A,BTCUSDT/SOLUSDT,long_a_short_b,2024-05-01T21:30:00,57950.58,133.41,2024-05-02T02:00:00,57217.29,129.38,0.015153917741879533,10,-2.8250414157884784,-1.6116313833870275,8.395060778766844e-05,confluence_lost
A,BTCUSDT/SOLUSDT,long_a_short_b,2024-05-06T08:00:00,64565.3,153.85,2024-05-06T08:30:00,65344.01,154.4,0.006085902224250719,2,-5.506073705902578,-3.88883268415457,2.390294638248319e-05,regime_break
A,BTCUSDT/SOLUSDT,long_a_short_b,2024-05-06T09:00:00,65178.71,155.27,2024-05-06T09:30:00,65188.01,156.37,-0.009341748939178982,2,-4.396982374797296,-4.565731020437669,2.390294638248319e-05,regime_break
A,BTCUSDT/SOLUSDT,long_a_short_b,2024-05-06T10:00:00,65150.0,154.93,2024-05-06T10:30:00,64768.0,152.54,0.007162929392666675,2,-3.387534268544546,-2.4075270239261264,2.390294638248319e-05,confluence_lost
A,BTCUSDT/SOLUSDT,long_a_short_b,2024-05-06T11:00:00,64073.6,153.89,2024-05-06T11:30:00,64247.09,153.99,-0.00034214737032871355,2,-3.9229334921762664,-3.4608342381567385,2.390294638248319e-05,regime_break
A,BTCUSDT/SOLUSDT,long_a_short_b,2024-05-06T12:00:00,64188.01,152.7,2024-05-06T12:30:00,63691.64,151.0,0.0009998762403029128,2,-2.698041037279934,-2.334210234621167,2.390294638248319e-05,confluence_lost
A,BTCUSDT/SOLUSDT,long_a_short_b,2024-05-06T13:00:00,63520.69,151.46,2024-05-06T13:30:00,63558.13,153.59,-0.015873704723037327,2,-2.651045160429294,-3.402456970731472,2.390294638248319e-05,regime_break
A,BTCUSDT/SOLUSDT,long_a_short_b,2024-05-06T14:00:00,63919.67,154.85,2024-05-06T15:00:00,63144.99,153.09,-0.0031537490676869927,3,-3.3289053173202445,-3.055554596265973,2.390294638248319e-05,regime_break
A,BTCUSDT/SOLUSDT,long_a_short_b,2024-05-06T15:30:00,63366.0,153.82,2024-05-06T16:00:00,63559.87,152.96,0.006250477652816569,2,-2.953490081821014,-2.3455273203188827,2.390294638248319e-05,confluence_lost
A,BTCUSDT/SOLUSDT,long_a_short_b,2024-05-06T18:30:00,63048.1,152.94,2024-05-06T19:00:00,63365.58,151.74,0.01048173470107601,2,-2.3812300500105503,-1.6803479437686857,3.580451385304248e-05,confluence_lost
A,BTCUSDT/SOLUSDT,long_a_short_b,2024-05-06T19:30:00,62945.65,153.48,2024-05-06T20:00:00,63212.49,154.85,-0.007087031744181169,2,-2.4743804932613545,-2.5753776694948227,3.580451385304248e-05,confluence_lost
A,BTCUSDT/SOLUSDT,long_a_short_b,2024-05-06T21:00:00,63331.12,155.67,2024-05-06T21:30:00,63527.51,155.56,0.0014076260932585761,2,-2.516843934802038,-2.2600971784507697,3.580451385304248e-05,confluence_lost
A,BTCUSDT/SOLUSDT,short_a_long_b,2024-05-08T11:00:00,62424.58,145.0,2024-05-08T11:30:00,62223.99,145.39,0.0035029727469972484,2,2.3639651142505356,1.9206921652811173,4.970538780213187e-05,confluence_lost
A,BTCUSDT/SOLUSDT,short_a_long_b,2024-05-08T20:00:00,62191.49,142.82,2024-05-08T20:30:00,61712.9,141.08,-0.006887741770302089,2,2.306612017522034,2.447459123823186,5.9308634957213675e-05,confluence_lost
A,BTCUSDT/SOLUSDT,long_a_short_b,2024-05-09T19:30:00,62426.6,150.86,2024-05-09T20:00:00,62426.11,149.62,0.005811692078444744,2,-2.4597987608908753,-1.7451222020675954,5.7345215075890664e-05,confluence_lost
A,BTCUSDT/SOLUSDT,long_a_short_b,2024-05-09T22:00:00,62585.34,151.51,2024-05-09T22:30:00,62683.6,152.95,-0.010334306909957555,2,-2.572871362204108,-3.0937904717130524,5.7345215075890664e-05,regime_break
A,BTCUSDT/SOLUSDT,long_a_short_b,2024-05-09T23:30:00,62947.99,152.57,2024-05-10T00:00:00,63094.0,151.96,0.0039176987285829,2,-2.4089127642432318,-1.8700924694746692,5.7345215075890664e-05,confluence_lost
A,BTCUSDT/SOLUSDT,long_a_short_b,2024-05-10T01:00:00,62879.99,152.49,2024-05-10T01:30:00,62779.64,153.4,-0.009963501633442992,2,-2.302562077113896,-2.749144884941724,4.6881833947914964e-05,confluence_lost
A,BTCUSDT/SOLUSDT,long_a_short_b,2024-05-10T02:00:00,62874.02,153.6,2024-05-10T02:30:00,62872.07,153.61,-0.0024961185665731,2,-2.627817950152188,-2.53089291811145,4.6881833947914964e-05,confluence_lost
A,BTCUSDT/SOLUSDT,long_a_short_b,2024-05-10T03:00:00,62876.01,153.85,2024-05-10T03:30:00,62904.62,153.93,-0.0024649644885595266,2,-2.5253151987766707,-2.439168853114832,4.6881833947914964e-05,confluence_lost
A,BTCUSDT/SOLUSDT,long_a_short_b,2024-05-10T04:00:00,62888.01,153.98,2024-05-10T04:30:00,62963.99,153.74,0.0003668234085347356,2,-2.379587093036728,-2.1279464594417257,4.6881833947914964e-05,confluence_lost
A,BTCUSDT/SOLUSDT,long_a_short_b,2024-05-10T06:30:00,62826.31,154.94,2024-05-10T07:00:00,63258.99,155.03,0.0039060536329162533,2,-2.4203337418414805,-1.9996081795969933,4.6881833947914964e-05,confluence_lost
A,BTCUSDT/SOLUSDT,short_a_long_b,2024-05-12T16:30:00,61775.95,144.96,2024-05-12T17:00:00,61295.87,145.04,0.005923185440903048,2,2.3752951565784626,1.2423608581017347,5.690982745804899e-05,confluence_lost
A,BTCUSDT/SOLUSDT,short_a_long_b,2024-05-12T21:00:00,61256.09,143.4,2024-05-12T22:00:00,61255.18,143.24,-0.0035009044457965798,3,2.683165537856752,2.7043331372663273,5.690982745804899e-05,confluence_lost
A,BTCUSDT/SOLUSDT,short_a_long_b,2024-05-12T22:30:00,61375.08,143.23,2024-05-12T23:00:00,61290.01,143.85,0.0033147695273006562,2,2.8492419440991616,1.9815681044490254,5.690982745804899e-05,confluence_lost
A,BTCUSDT/SOLUSDT,short_a_long_b,2024-05-12T23:30:00,61444.34,143.43,2024-05-13T00:30:00,61806.32,145.19,0.0039796086947749415,3,2.616162142315524,1.701945664115917,5.690982745804899e-05,confluence_lost
A,BTCUSDT/SOLUSDT,short_a_long_b,2024-05-13T01:30:00,61431.61,143.1,2024-05-13T02:00:00,61386.0,141.35,-0.013886758695781862,2,2.66984849457567,3.818281551907212,6.648542135626033e-05,regime_break
A,BTCUSDT/SOLUSDT,short_a_long_b,2024-05-13T02:30:00,61058.52,140.48,2024-05-13T03:00:00,61004.91,139.16,-0.010918345208053723,2,3.603109690435681,4.101860614993203,6.648542135626033e-05,regime_break
A,BTCUSDT/SOLUSDT,short_a_long_b,2024-05-13T03:30:00,60858.38,140.13,2024-05-13T04:00:00,61130.01,138.75,-0.01671131131009622,2,2.9825335625238925,3.9582960699012437,6.648542135626033e-05,regime_break
A,BTCUSDT/SOLUSDT,short_a_long_b,2024-05-13T04:30:00,60992.89,138.73,2024-05-13T05:00:00,60920.0,138.33,-0.004088241167942194,2,3.484615573918002,3.3687311252811827,6.648542135626033e-05,regime_break
A,BTCUSDT/SOLUSDT,short_a_long_b,2024-05-13T05:30:00,60946.75,138.23,2024-05-13T06:30:00,61206.73,141.22,0.014964924689071471,3,3.2297425047939297,1.8328851282118608,6.648542135626033e-05,confluence_lost
A,BTCUSDT/SOLUSDT,long_a_short_b,2024-05-16T00:00:00,66258.01,160.44,2024-05-16T00:30:00,66161.2,161.53,-0.010654923366079358,2,-2.9897037278464063,-3.456880482667825,5.36616749108484e-05,regime_break
A,BTCUSDT/SOLUSDT,long_a_short_b,2024-05-16T01:00:00,66085.55,160.79,2024-05-16T02:00:00,66022.26,161.67,-0.008830675189362466,3,-2.9828273667913217,-3.1283427117361446,4.641019159732654e-05,regime_break
A,BTCUSDT/SOLUSDT,long_a_short_b,2024-05-16T02:30:00,65978.96,161.46,2024-05-16T03:00:00,65931.55,163.18,-0.013771355663806203,2,-2.9093610534815557,-3.430175873212528,4.641019159732654e-05,regime_break
A,BTCUSDT/SOLUSDT,long_a_short_b,2024-05-16T03:30:00,66000.0,163.11,2024-05-16T05:30:00,65752.22,161.7,0.0024902306307513357,5,-3.123683411001804,-2.348782463925372,4.641019159732654e-05,confluence_lost
A,BTCUSDT/SOLUSDT,long_a_short_b,2024-05-17T07:00:00,66017.37,169.15,2024-05-17T07:30:00,66224.05,169.2,0.0004350955853255757,2,-2.444399174448317,-2.253292308674934,4.520720948955144e-05,confluence_lost
A,BTCUSDT/SOLUSDT,long_a_short_b,2024-05-18T02:00:00,66952.6,173.9,2024-05-18T06:30:00,66731.24,172.87,0.0002167245967839705,10,-2.446662353614784,-1.7613058091710219,2.3246437386716246e-05,confluence_lost
A,BTCUSDT/SOLUSDT,long_a_short_b,2024-05-20T05:00:00,67135.77,177.43,2024-05-20T07:00:00,66481.93,177.28,-0.011293666721944248,5,-2.5571793484304894,-2.8716834501158814,4.0784812786574204e-05,confluence_lost
A,BTCUSDT/SOLUSDT,long_a_short_b,2024-05-20T07:30:00,66772.38,178.03,2024-05-20T08:00:00,66883.8,177.85,0.0002797195660778208,2,-2.7165742526059775,-2.4050744560413335,4.0784812786574204e-05,confluence_lost
A,BTCUSDT/SOLUSDT,short_a_long_b,2024-05-23T10:30:00,69743.98,173.65,2024-05-23T11:30:00,69951.66,175.67,0.006254846255246263,3,2.8597946641856993,1.8327164472884312,9.752120778551284e-05,confluence_lost
A,BTCUSDT/SOLUSDT,short_a_long_b,2024-05-23T12:30:00,69896.78,172.75,2024-05-23T13:30:00,69362.01,171.32,-0.0030270050185133156,3,3.3192152841156712,3.1054377774909248,9.752120778551284e-05,regime_break
A,BTCUSDT/SOLUSDT,long_a_short_b,2024-05-23T21:30:00,67500.02,178.97,2024-05-23T22:00:00,67875.46,176.5,0.016963268157180703,2,-3.295024662122203,-1.5286577939640087,9.807205049984333e-05,confluence_lost
A,BTCUSDT/SOLUSDT,short_a_long_b,2024-05-24T05:00:00,67679.1,167.76,2024-05-24T07:00:00,66899.34,166.77,0.0032201422525996583,5,2.5275181735483696,1.7463424096608378,9.850048372210036e-05,confluence_lost
A,BTCUSDT/SOLUSDT,short_a_long_b,2024-05-24T07:30:00,67254.09,166.16,2024-05-24T08:00:00,67155.93,163.41,-0.017490773464628726,2,2.3174232292039805,3.202559348492968,9.850048372210036e-05,regime_break
A,BTCUSDT/SOLUSDT,short_a_long_b,2024-05-24T09:00:00,67219.93,164.79,2024-05-24T09:30:00,67130.52,165.82,0.005180490741991076,2,2.5051014178615154,1.9475020327110202,9.883370956163362e-05,confluence_lost
A,BTCUSDT/SOLUSDT,short_a_long_b,2024-05-24T10:00:00,67397.47,165.26,2024-05-24T14:00:00,67253.35,167.42,0.012808672645016575,9,2.327846012186707,1.0624515682259208,9.883370956163362e-05,confluence_lost
A,BTCUSDT/SOLUSDT,short_a_long_b,2024-05-24T16:00:00,68385.31,165.86,2024-05-24T16:30:00,68135.99,165.68,0.00016055961388135266,2,2.3224068334941683,2.1081224584907474,9.909288521460392e-05,confluence_lost
A,BTCUSDT/SOLUSDT,short_a_long_b,2024-05-26T08:00:00,69334.65,165.38,2024-05-26T08:30:00,69330.13,164.32,-0.008744290125135376,2,2.318564161327579,2.871113907833281,9.974180971399767e-05,confluence_lost
A,BTCUSDT/SOLUSDT,short_a_long_b,2024-05-26T09:00:00,69193.82,163.19,2024-05-26T10:30:00,69151.55,164.23,0.004583832225244791,4,3.1702999164650945,2.159095557324871,9.974180971399767e-05,confluence_lost
A,BTCUSDT/SOLUSDT,short_a_long_b,2024-05-26T15:30:00,69240.0,162.85,2024-05-26T16:00:00,68880.01,163.06,0.004088692576465783,2,2.4546502728024353,1.8582827440769154,9.974180971399767e-05,confluence_lost
A,BTCUSDT/SOLUSDT,short_a_long_b,2024-05-26T18:00:00,68808.16,161.43,2024-05-26T18:30:00,68730.73,161.83,0.0012031567586735094,2,2.302932101517107,1.9648294144221123,9.97991853331093e-05,confluence_lost
A,BTCUSDT/SOLUSDT,long_a_short_b,2024-05-28T13:00:00,68248.79,172.75,2024-05-28T13:30:00,68350.01,169.77,0.016333465011422257,2,-2.78269192510645,-1.5396956555366872,9.994284251881604e-05,confluence_lost
A,BTCUSDT/SOLUSDT,long_a_short_b,2024-05-28T14:00:00,67650.64,170.92,2024-05-28T14:30:00,68108.12,168.59,0.01799449841986296,2,-2.514104457022618,-1.223259913014702,9.994284251881604e-05,confluence_lost
A,BTCUSDT/SOLUSDT,long_a_short_b,2024-05-29T06:00:00,68611.59,173.89,2024-05-29T06:30:00,68617.69,173.14,0.002001977744018404,2,-2.858292498726479,-2.3875627884014494,9.996542325212329e-05,confluence_lost
A,BTCUSDT/SOLUSDT,long_a_short_b,2024-05-29T16:30:00,67347.99,171.56,2024-05-29T17:00:00,67574.68,170.74,0.005745619411369821,2,-2.911792596032451,-2.0516548327747013,0.00010566352764634619,confluence_lost
A,BTCUSDT/SOLUSDT,long_a_short_b,2024-05-29T19:00:00,67364.01,171.26,2024-05-29T19:30:00,67663.58,169.41,0.01284932228139353,2,-2.4430589368569593,-1.0092451659138924,0.00010566352764634619,confluence_lost
A,BTCUSDT/SOLUSDT,short_a_long_b,2024-05-30T07:30:00,67785.42,165.0,2024-05-30T08:00:00,67604.99,164.53,-0.002586703008083322,2,2.3582110348256613,2.2969283830402714,0.00010440496594715816,confluence_lost
A,BTCUSDT/SOLUSDT,short_a_long_b,2024-06-02T07:00:00,67841.09,165.44,2024-06-02T07:30:00,67740.09,165.02,-0.0034499114701671972,2,2.501156840341248,2.763251676056471,0.00010458792049168057,confluence_lost
A,BTCUSDT/SOLUSDT,short_a_long_b,2024-06-02T08:30:00,67769.98,165.29,2024-06-02T09:00:00,67759.68,164.41,-0.007571991343277948,2,2.365805314876531,3.4894825671104037,0.00010356838260464044,regime_break
A,BTCUSDT/SOLUSDT,short_a_long_b,2024-06-02T09:30:00,67563.98,164.6,2024-06-02T10:00:00,67563.99,164.38,-0.0037367215194020064,2,2.4052735875139892,2.5949999431687885,0.00010356838260464044,confluence_lost
A,BTCUSDT/SOLUSDT,short_a_long_b,2024-06-02T12:00:00,68287.99,165.56,2024-06-02T12:30:00,68123.88,165.01,-0.0033188540394561293,2,3.0357327226708737,3.0363033688308234,0.00010356838260464044,regime_break
A,BTCUSDT/SOLUSDT,short_a_long_b,2024-06-02T14:00:00,68162.0,165.51,2024-06-02T14:30:00,68315.99,165.66,-0.0037528870171792826,2,2.3805182440375003,2.5208007826049057,0.00010356838260464044,confluence_lost
A,BTCUSDT/SOLUSDT,short_a_long_b,2024-06-02T15:00:00,68262.71,165.0,2024-06-02T15:30:00,68088.02,165.16,0.0011287808384738553,2,2.9368681198432482,2.2480575602413695,0.00010356838260464044,confluence_lost
A,BTCUSDT/SOLUSDT,short_a_long_b,2024-06-02T16:00:00,68136.0,164.67,2024-06-02T16:30:00,68109.7,164.36,-0.0038965602643157714,2,2.7470844040550224,2.8435036145831165,0.00010277540869249813,confluence_lost
A,BTCUSDT/SOLUSDT,short_a_long_b,2024-06-02T17:00:00,68099.55,163.19,2024-06-02T17:30:00,67876.01,162.25,-0.004877609484011766,2,3.6385837746365834,3.6730164454519962,0.00010277540869249813,regime_break
A,BTCUSDT/SOLUSDT,short_a_long_b,2024-06-02T18:00:00,67791.99,162.6,2024-06-02T18:30:00,67568.38,163.07,0.0037890011879288667,2,3.01551247046909,2.127414008337785,0.00010277540869249813,confluence_lost
A,BTCUSDT/SOLUSDT,short_a_long_b,2024-06-02T19:00:00,67718.39,162.69,2024-06-02T19:30:00,67584.78,163.12,0.002216087366349553,2,2.587533794032142,1.95182603775994,0.00010277540869249813,confluence_lost
A,BTCUSDT/SOLUSDT,short_a_long_b,2024-06-02T20:00:00,67739.29,162.25,2024-06-02T20:30:00,67733.0,163.17,0.0033631179486488107,2,2.7343227869426103,1.9965501602887874,0.00010277540869249813,confluence_lost
A,BTCUSDT/SOLUSDT,short_a_long_b,2024-06-02T21:30:00,67827.83,162.63,2024-06-02T22:00:00,67848.61,163.1,0.00018363177403930798,2,2.3475926862924754,2.000395183106244,0.00010277540869249813,confluence_lost
A,BTCUSDT/SOLUSDT,short_a_long_b,2024-06-03T14:30:00,69656.0,163.35,2024-06-03T15:00:00,68854.9,164.29,0.014855318796268072,2,2.636566732638405,1.2444263773069681,0.00011086783982632603,confluence_lost
A,BTCUSDT/SOLUSDT,short_a_long_b,2024-06-03T16:00:00,69715.61,163.93,2024-06-03T17:30:00,69220.0,165.35,0.013371258674044498,4,2.305057682485407,1.0012772737150082,0.0001084527643093647,confluence_lost
A,BTCUSDT/SOLUSDT,long_a_short_b,2024-06-04T23:00:00,70556.01,171.15,2024-06-04T23:30:00,70462.79,171.78,-0.007402201431644537,2,-2.367186621919872,-3.1380611766221627,0.00010667645837875458,regime_break
A,BTCUSDT/SOLUSDT,long_a_short_b,2024-06-05T00:00:00,70589.99,171.98,2024-06-05T00:30:00,70590.0,172.04,-0.0027487361133407416,2,-2.8594530993337446,-2.7755451035106558,0.00010519280096125357,confluence_lost
A,BTCUSDT/SOLUSDT,long_a_short_b,2024-06-05T01:00:00,70772.13,172.59,2024-06-05T01:30:00,70980.46,173.21,-0.003048655756467775,2,-2.787699000588951,-2.7658420576422844,0.00010519280096125357,confluence_lost
A,BTCUSDT/SOLUSDT,long_a_short_b,2024-06-05T02:00:00,70958.97,174.42,2024-06-05T02:30:00,70977.15,173.41,0.003646824737004353,2,-3.5998915309309583,-2.5826862521464244,0.00010519280096125357,confluence_lost
A,BTCUSDT/SOLUSDT,long_a_short_b,2024-06-05T03:00:00,70803.98,173.32,2024-06-05T04:00:00,70967.55,172.42,0.005102887999681463,3,-2.7145200460352306,-1.5786450063298867,0.00010519280096125357,confluence_lost
A,BTCUSDT/SOLUSDT,long_a_short_b,2024-06-05T06:30:00,70962.48,174.0,2024-06-05T07:00:00,71105.4,173.57,0.00208528642566981,2,-2.3925013416381393,-1.8079762425838706,0.00010519280096125357,confluence_lost
A,BTCUSDT/SOLUSDT,short_a_long_b,2024-06-06T19:00:00,71054.85,170.15,2024-06-06T19:30:00,70842.04,169.12,-0.0054584720287391,2,3.146256649662149,3.5702046377490158,0.00011473545810692455,regime_break
A,BTCUSDT/SOLUSDT,short_a_long_b,2024-06-07T01:00:00,70885.3,169.82,2024-06-07T01:30:00,70746.21,170.16,0.0015643038705566849,2,2.511196917853829,1.7938970748609262,0.00011146091186094132,confluence_lost
A,BTCUSDT/SOLUSDT,short_a_long_b,2024-06-07T15:00:00,71348.02,170.08,2024-06-07T16:00:00,71047.99,170.12,0.002040345688653147,3,2.377729396408086,1.6292057807475409,0.00010891404255850992,confluence_lost
A,BTCUSDT/SOLUSDT,short_a_long_b,2024-06-07T16:30:00,71192.7,168.67,2024-06-07T17:00:00,70777.0,167.76,-0.0019560684774997815,2,3.012133848915333,2.8011493513425374,0.00010730203310106327,confluence_lost
A,BTCUSDT/SOLUSDT,short_a_long_b,2024-06-07T17:30:00,70460.0,165.36,2024-06-07T18:00:00,69633.2,159.7,-0.024894032922912854,2,3.809250303633431,5.4963346977669465,0.00010730203310106327,regime_break
A,BTCUSDT/SOLUSDT,short_a_long_b,2024-06-07T18:30:00,69032.0,161.08,2024-06-07T19:00:00,69074.24,162.66,0.006796900525117347,2,3.420465154219265,2.415504187476513,0.00010730203310106327,confluence_lost
A,BTCUSDT/SOLUSDT,short_a_long_b,2024-06-07T19:30:00,69199.99,162.01,2024-06-07T20:00:00,69247.99,162.24,-0.0016739762659845757,2,2.8160607405764244,2.619435857176233,0.00010730203310106327,confluence_lost
A,BTCUSDT/SOLUSDT,short_a_long_b,2024-06-08T13:00:00,69359.98,158.83,2024-06-08T13:30:00,69250.94,160.47,0.009497593369098459,2,2.407293906465373,1.6158142217247011,0.00010441727928335927,confluence_lost
A,BTCUSDT/SOLUSDT,short_a_long_b,2024-06-11T01:30:00,69458.59,156.39,2024-06-11T02:00:00,68556.01,155.86,0.00720554158258109,2,3.2015500016542515,1.8057141925863052,0.00010059156041246416,confluence_lost
A,BTCUSDT/SOLUSDT,short_a_long_b,2024-06-11T04:00:00,68396.0,154.35,2024-06-11T04:30:00,67960.85,154.52,0.005063607102698778,2,2.919272891390348,1.8158612440067212,0.00010059156041246416,confluence_lost
A,BTCUSDT/SOLUSDT,short_a_long_b,2024-06-11T05:00:00,67971.31,153.94,2024-06-11T05:30:00,67840.03,154.33,0.0020648577096900734,2,2.319293838480572,1.6573708495364428,0.00010059156041246416,confluence_lost
A,BTCUSDT/SOLUSDT,short_a_long_b,2024-06-11T13:30:00,67195.98,151.24,2024-06-11T14:00:00,66882.58,152.05,0.007619695479920766,2,2.634959447713238,1.3797979066867254,0.00010046010254302768,confluence_lost
A,BTCUSDT/SOLUSDT,short_a_long_b,2024-06-11T15:30:00,66830.0,147.67,2024-06-11T16:00:00,66336.01,148.91,0.01338884188198193,2,4.245621743036562,2.4162000445778387,0.00010046010254302768,confluence_lost
A,BTCUSDT/SOLUSDT,short_a_long_b,2024-06-11T16:30:00,66645.19,147.73,2024-06-11T17:00:00,66480.69,146.6,-0.007580794393983556,2,3.4809082595422316,3.6688736809066467,0.00010035785753346598,regime_break
A,BTCUSDT/SOLUSDT,short_a_long_b,2024-06-11T17:30:00,66344.38,147.62,2024-06-11T19:00:00,67180.0,147.84,-0.013504875956081672,4,2.6960434463498917,3.182994961819529,0.00010035785753346598,regime_break
A,BTCUSDT/SOLUSDT,short_a_long_b,2024-06-11T19:30:00,67183.32,149.23,2024-06-11T20:00:00,67312.93,148.82,-0.007076635935327744,2,2.3440316795460334,2.59063247239793,0.00010035785753346598,confluence_lost
A,BTCUSDT/SOLUSDT,short_a_long_b,2024-06-11T20:30:00,67294.11,148.31,2024-06-11T21:00:00,67314.45,148.56,-0.001016596860924188,2,2.696076826318563,2.487766493264539,0.00010035785753346598,confluence_lost
A,BTCUSDT/SOLUSDT,short_a_long_b,2024-06-12T01:00:00,67196.01,146.83,2024-06-12T02:30:00,67516.0,149.28,0.009523924660557584,4,2.5559261944178773,1.6675933789005526,0.0001002783336371402,confluence_lost
A,BTCUSDT/SOLUSDT,short_a_long_b,2024-06-14T15:30:00,66952.01,143.78,2024-06-14T16:00:00,66456.83,141.91,-0.008009937537381037,2,2.7520867088204217,3.0064811809225236,0.00010004792414889818,regime_break
A,BTCUSDT/SOLUSDT,short_a_long_b,2024-06-14T18:00:00,65393.99,140.63,2024-06-14T18:30:00,65294.04,141.45,0.004959331708310491,2,2.3401406462635768,1.7590103989791024,0.00010003727433803192,confluence_lost
A,BTCUSDT/SOLUSDT,long_a_short_b,2024-06-16T15:00:00,66548.0,147.18,2024-06-16T15:30:00,66620.0,148.53,-0.010490516079894083,2,-2.6596942636497265,-3.8629465973673827,0.00010001060932106053,regime_break
A,BTCUSDT/SOLUSDT,long_a_short_b,2024-06-16T16:00:00,66692.0,148.75,2024-06-16T16:30:00,66623.29,148.3,-0.0004050484177358514,2,-3.8151844888722164,-3.2493753419407465,0.00010000825169415819,regime_break
A,BTCUSDT/SOLUSDT,long_a_short_b,2024-06-16T17:00:00,66545.52,148.55,2024-06-16T17:30:00,66583.31,147.93,0.0023415608510833487,2,-3.4379343621198277,-2.6052068491339173,0.00010000825169415819,confluence_lost
A,BTCUSDT/SOLUSDT,long_a_short_b,2024-06-16T18:00:00,66606.65,148.5,2024-06-16T18:30:00,66655.28,148.36,-0.0007271317781612362,2,-2.9988631041726883,-2.633334278047642,0.00010000825169415819,confluence_lost
A,BTCUSDT/SOLUSDT,long_a_short_b,2024-06-16T19:00:00,66590.01,148.63,2024-06-16T20:00:00,66562.52,149.19,-0.006580570094525881,3,-2.862706927025022,-3.0675855278665805,0.00010000825169415819,regime_break
A,BTCUSDT/SOLUSDT,long_a_short_b,2024-06-16T20:30:00,66588.68,148.93,2024-06-16T21:00:00,66505.63,148.98,-0.003982937179524179,2,-2.703491890060974,-2.7479012457846115,0.00010000825169415819,confluence_lost
A,BTCUSDT/SOLUSDT,long_a_short_b,2024-06-16T21:30:00,66520.0,149.22,2024-06-16T22:00:00,66588.16,149.93,-0.006133421085696963,2,-2.761002015279048,-3.0276523038952234,0.00010000825169415819,regime_break
A,BTCUSDT/SOLUSDT,long_a_short_b,2024-06-16T22:30:00,66730.0,150.4,2024-06-16T23:30:00,66644.01,151.3,-0.009672668358676459,3,-2.9605156633586414,-3.3208224350572415,0.00010000825169415819,regime_break
A,BTCUSDT/SOLUSDT,long_a_short_b,2024-06-17T00:00:00,66655.0,151.02,2024-06-17T01:00:00,66547.56,149.41,0.006648957544527059,3,-2.950969402078637,-1.9737317878794882,0.00010000641798434526,confluence_lost
A,BTCUSDT/SOLUSDT,short_a_long_b,2024-06-18T00:00:00,66540.55,141.5,2024-06-18T01:00:00,65874.01,137.98,-0.01725927533446729,3,2.3395952191199556,3.110581469666287,0.00010000301971005544,regime_break
A,BTCUSDT/SOLUSDT,short_a_long_b,2024-06-18T01:30:00,65414.97,132.64,2024-06-18T02:00:00,65164.38,134.72,0.017112318544325336,2,4.578583830695112,3.2324032724119953,0.00010000301971005544,regime_break
A,BTCUSDT/SOLUSDT,short_a_long_b,2024-06-18T02:30:00,65317.99,134.75,2024-06-18T03:00:00,65508.2,134.27,-0.008874213573315679,2,3.1417829061214917,3.2477321810530246,0.00010000301971005544,regime_break
A,BTCUSDT/SOLUSDT,short_a_long_b,2024-06-18T03:30:00,65420.02,135.62,2024-06-18T04:30:00,65695.99,136.81,0.0021560835930915646,3,2.575415045795693,2.217492770958095,0.00010000301971005544,confluence_lost
A,BTCUSDT/SOLUSDT,short_a_long_b,2024-06-23T15:30:00,64142.4,131.58,2024-06-23T16:00:00,64110.13,131.33,-0.003796885446183993,2,2.339547469166486,2.5072929814976725,6.825007614718103e-05,confluence_lost
A,BTCUSDT/SOLUSDT,short_a_long_b,2024-06-23T16:30:00,64106.51,130.7,2024-06-23T17:00:00,63965.65,130.88,0.001174480438142347,2,3.0876124118877923,2.681320751033868,6.347450367002968e-05,confluence_lost
A,BTCUSDT/SOLUSDT,short_a_long_b,2024-06-23T17:30:00,64111.03,131.18,2024-06-23T18:00:00,64119.99,131.55,0.0002807943709006301,2,2.7996375898318484,2.454170100800609,6.347450367002968e-05,confluence_lost
A,BTCUSDT/SOLUSDT,short_a_long_b,2024-06-23T19:30:00,64148.02,131.46,2024-06-23T20:00:00,64152.01,130.68,-0.008395563654149105,2,2.4821721155132055,3.1492800040699636,6.347450367002968e-05,regime_break
A,BTCUSDT/SOLUSDT,short_a_long_b,2024-06-23T20:30:00,63992.29,130.55,2024-06-23T21:00:00,63713.95,130.03,-0.002033561729825759,2,2.7967525993451656,2.6464942346457585,6.347450367002968e-05,confluence_lost
A,BTCUSDT/SOLUSDT,short_a_long_b,2024-06-23T22:00:00,63790.47,128.98,2024-06-23T22:30:00,63718.0,129.22,0.0005968167193399344,2,3.4407611254218655,2.9240628958011485,6.347450367002968e-05,confluence_lost
A,BTCUSDT/SOLUSDT,short_a_long_b,2024-06-23T23:00:00,63656.0,128.96,2024-06-23T23:30:00,63517.37,128.69,-0.0023158730346831,2,2.8734706273303554,2.724458338719779,6.347450367002968e-05,confluence_lost
A,BTCUSDT/SOLUSDT,short_a_long_b,2024-06-24T01:30:00,63250.01,127.67,2024-06-24T02:00:00,63330.14,127.65,-0.003823531143325829,2,2.717662966472314,2.7125104224876972,7.055572507668976e-05,confluence_lost
A,BTCUSDT/SOLUSDT,short_a_long_b,2024-06-24T02:30:00,63218.0,126.69,2024-06-24T03:00:00,62844.54,126.91,0.005244016920467456,2,3.0449311638357295,2.2934197685745357,7.055572507668976e-05,confluence_lost
A,BTCUSDT/SOLUSDT,short_a_long_b,2024-06-24T03:30:00,62978.56,126.23,2024-06-24T04:00:00,62853.55,126.06,-0.0017617867684324583,2,2.776884252842178,2.6005007011292616,7.055572507668976e-05,confluence_lost
A,BTCUSDT/SOLUSDT,short_a_long_b,2024-06-24T04:30:00,62732.0,126.09,2024-06-24T05:00:00,62874.0,124.8,-0.014894385058698265,2,2.3390146362068798,3.112427717393272,7.055572507668976e-05,regime_break
A,BTCUSDT/SOLUSDT,short_a_long_b,2024-06-24T05:30:00,62594.64,123.93,2024-06-24T06:00:00,62355.83,124.77,0.008193202747364528,2,3.112389344380975,2.295191628247565,7.055572507668976e-05,confluence_lost
A,BTCUSDT/SOLUSDT,short_a_long_b,2024-06-24T09:00:00,62846.01,124.91,2024-06-24T09:30:00,61877.96,126.15,0.02293067117486143,2,2.3013310456480576,0.7151267852705215,7.709889728186982e-05,confluence_lost
A,BTCUSDT/SOLUSDT,long_a_short_b,2024-06-24T18:30:00,60365.69,130.29,2024-06-24T19:00:00,60380.01,128.52,0.011422300283328427,2,-2.572344259137661,-1.7398615571651919,7.660580899700986e-05,confluence_lost
A,BTCUSDT/SOLUSDT,long_a_short_b,2024-06-24T20:30:00,58651.63,128.28,2024-06-24T21:00:00,59540.15,130.31,-0.003075648248195326,2,-3.020826600435172,-2.897869176039734,7.660580899700986e-05,confluence_lost
A,BTCUSDT/SOLUSDT,long_a_short_b,2024-06-24T21:30:00,59855.18,130.97,2024-06-24T22:00:00,60081.96,130.85,0.002305051955307571,2,-2.7517288869142167,-2.4259533944030793,7.660580899700986e-05,confluence_lost
A,BTCUSDT/SOLUSDT,long_a_short_b,2024-06-24T23:00:00,60034.9,131.44,2024-06-24T23:30:00,60213.59,132.33,-0.006194714961329326,2,-2.4908076056954487,-2.5424338182562525,7.660580899700986e-05,confluence_lost
A,BTCUSDT/SOLUSDT,long_a_short_b,2024-06-25T00:00:00,60267.73,132.19,2024-06-25T00:30:00,60337.06,132.26,-0.00177917394117437,2,-2.366595691705217,-2.2581321879928837,7.613118477545211e-05,confluence_lost
A,BTCUSDT/SOLUSDT,long_a_short_b,2024-06-27T11:30:00,61182.33,139.05,2024-06-27T13:00:00,61334.01,146.68,-0.054793200910701764,4,-2.342628640122605,-6.57675227253702,9.247544733062878e-05,regime_break
A,BTCUSDT/SOLUSDT,long_a_short_b,2024-06-27T13:30:00,61630.0,148.03,2024-06-27T14:00:00,62110.0,150.3,-0.009946314713649415,2,-5.651120822438817,-5.251213440854164,9.247544733062878e-05,regime_break
A,BTCUSDT/SOLUSDT,long_a_short_b,2024-06-27T14:30:00,62243.5,148.06,2024-06-27T15:00:00,61689.98,146.89,-0.0033906143072684335,2,-3.72409955622062,-3.501361969031222,9.247544733062878e-05,regime_break
A,BTCUSDT/SOLUSDT,long_a_short_b,2024-06-27T15:30:00,61608.67,147.77,2024-06-27T16:00:00,61583.39,147.11,0.001656068629730736,2,-3.619063573581231,-3.175436058162707,9.247544733062878e-05,regime_break
A,BTCUSDT/SOLUSDT,long_a_short_b,2024-06-27T16:30:00,61634.01,147.86,2024-06-27T17:00:00,61712.0,148.54,-0.005733572144823548,2,-3.177067999210103,-3.1333223838652944,9.414757014604461e-05,regime_break
A,BTCUSDT/SOLUSDT,long_a_short_b,2024-06-27T17:30:00,61937.26,148.27,2024-06-27T18:00:00,61804.81,148.87,-0.008585125912966493,2,-2.7328186814322506,-2.8500874527003965,9.414757014604461e-05,confluence_lost
A,BTCUSDT/SOLUSDT,long_a_short_b,2024-06-27T18:30:00,61796.78,148.8,2024-06-27T19:00:00,61850.77,148.45,0.0008258206544270032,2,-2.6955604146392482,-2.4522966851528247,9.414757014604461e-05,confluence_lost
A,BTCUSDT/SOLUSDT,long_a_short_b,2024-06-27T19:30:00,61555.95,148.46,2024-06-27T20:00:00,61484.02,148.51,-0.0039053214730913476,2,-2.526899469189052,-2.472453601251247,9.414757014604461e-05,confluence_lost
A,BTCUSDT/SOLUSDT,long_a_short_b,2024-06-27T20:30:00,61468.01,149.52,2024-06-27T21:00:00,61486.01,149.76,-0.003712301187822884,2,-2.606647893540399,-2.534657364762169,9.414757014604461e-05,confluence_lost
A,BTCUSDT/SOLUSDT,long_a_short_b,2024-06-27T21:30:00,61538.63,149.99,2024-06-27T22:00:00,61556.01,150.14,-0.0031176424442474347,2,-2.4497139994192176,-2.373251309049347,9.414757014604461e-05,confluence_lost
A,BTCUSDT/SOLUSDT,short_a_long_b,2024-06-30T02:00:00,60961.05,139.23,2024-06-30T02:30:00,60885.55,138.93,-0.003316212309050923,2,2.3998924164660327,2.438120811124897,9.899231468169333e-05,confluence_lost
A,BTCUSDT/SOLUSDT,short_a_long_b,2024-06-30T03:00:00,60824.24,138.9,2024-06-30T03:30:00,60859.11,138.3,-0.00729294560234843,2,2.3143944545669113,2.7854744559513205,9.899231468169333e-05,confluence_lost
A,BTCUSDT/SOLUSDT,short_a_long_b,2024-06-30T04:00:00,60890.02,137.47,2024-06-30T04:30:00,60796.0,137.61,0.00016249941890485132,2,3.28275747847446,2.8887815528190677,9.899231468169333e-05,confluence_lost
A,BTCUSDT/SOLUSDT,short_a_long_b,2024-06-30T05:00:00,60766.39,137.53,2024-06-30T05:30:00,60765.35,137.68,-0.001292214149590507,2,2.7518372021029416,2.5248261770900466,9.899231468169333e-05,confluence_lost
A,BTCUSDT/SOLUSDT,long_a_short_b,2024-06-30T22:00:00,61976.01,147.2,2024-06-30T22:30:00,62897.88,147.04,0.013561583010278613,2,-2.669512740003026,-1.0000682773477112,9.93904125852219e-05,confluence_lost
A,BTCUSDT/SOLUSDT,long_a_short_b,2024-07-02T11:00:00,62692.05,149.5,2024-07-02T12:00:00,62835.51,149.99,-0.0033892635488266686,3,-2.525459516785459,-2.5478459915059775,9.982649434062939e-05,confluence_lost
A,BTCUSDT/SOLUSDT,long_a_short_b,2024-07-02T12:30:00,62779.84,150.53,2024-07-02T13:30:00,62950.99,148.87,0.011353895750765022,3,-3.0432160091272022,-1.1679367204779791,9.982649434062939e-05,confluence_lost
A,BTCUSDT/SOLUSDT,long_a_short_b,2024-07-02T15:30:00,61966.01,148.39,2024-07-02T16:00:00,61904.01,148.1,-0.0014462389369278993,2,-2.5378877496135694,-2.341352541193645,9.982649434062939e-05,confluence_lost
A,BTCUSDT/SOLUSDT,long_a_short_b,2024-07-02T16:30:00,61873.09,149.01,2024-07-02T17:00:00,61904.01,148.68,0.00031434906649969964,2,-2.971323567501354,-2.537601552411728,9.986505115382286e-05,confluence_lost
A,BTCUSDT/SOLUSDT,long_a_short_b,2024-07-02T17:30:00,61949.88,149.98,2024-07-02T18:00:00,62165.0,152.6,-0.01639651133507218,2,-3.2109124434305305,-4.187619745409086,9.986505115382286e-05,regime_break
A,BTCUSDT/SOLUSDT,long_a_short_b,2024-07-02T18:30:00,62302.0,152.95,2024-07-02T19:00:00,62367.51,152.29,0.002966626789130691,2,-3.821077107583194,-3.134069916377032,9.986505115382286e-05,regime_break
A,BTCUSDT/SOLUSDT,long_a_short_b,2024-07-02T19:30:00,62042.39,152.79,2024-07-02T20:00:00,61964.0,153.41,-0.0077213481673074486,2,-3.5478254921971097,-3.638397231186395,9.986505115382286e-05,regime_break
A,BTCUSDT/SOLUSDT,long_a_short_b,2024-07-02T20:30:00,62080.72,153.09,2024-07-02T21:00:00,62029.44,153.14,-0.003552626612567209,2,-3.1472965247326297,-3.0362179176771873,9.986505115382286e-05,regime_break
A,BTCUSDT/SOLUSDT,long_a_short_b,2024-07-02T21:30:00,62020.01,153.69,2024-07-02T22:00:00,61988.0,154.22,-0.006364623975534542,2,-3.0833447560004883,-3.129724765881719,9.986505115382286e-05,regime_break
A,BTCUSDT/SOLUSDT,long_a_short_b,2024-07-02T22:30:00,62058.56,154.72,2024-07-02T23:00:00,62078.53,154.56,-0.001044081000938044,2,-3.0578817036290578,-2.8245585134986375,9.986505115382286e-05,confluence_lost
A,BTCUSDT/SOLUSDT,long_a_short_b,2024-07-02T23:30:00,62144.76,154.03,2024-07-03T00:00:00,62149.95,153.99,-0.0020567956450546075,2,-2.469576844157529,-2.3523247289403675,9.986505115382286e-05,confluence_lost
A,BTCUSDT/SOLUSDT,short_a_long_b,2024-07-04T01:30:00,60162.23,134.16,2024-07-04T02:00:00,57875.0,136.0,0.04933267366136136,2,3.3370114462873093,0.850246096507214,9.99506154275764e-05,confluence_lost
A,BTCUSDT/SOLUSDT,short_a_long_b,2024-07-04T23:30:00,57848.1,127.86,2024-07-05T00:00:00,57186.01,126.5,-0.001591314092958138,2,2.523888343916659,2.4252338329860486,9.997012538211412e-05,confluence_lost
A,BTCUSDT/SOLUSDT,short_a_long_b,2024-07-05T02:00:00,57138.01,125.87,2024-07-05T02:30:00,57232.01,122.82,-0.028276489354317078,2,2.4488018247866314,3.3456803275569182,9.997676418608876e-05,regime_break
A,BTCUSDT/SOLUSDT,short_a_long_b,2024-07-07T21:00:00,57284.0,133.68,2024-07-07T21:30:00,56286.01,134.27,0.0194353180062959,2,2.9416371307736893,1.2945858254603622,8.169371081938457e-05,confluence_lost
A,BTCUSDT/SOLUSDT,short_a_long_b,2024-07-07T22:30:00,56571.1,133.05,2024-07-07T23:00:00,56446.0,133.41,0.0025171261983677052,2,2.300253449893494,1.9191389523329312,8.169371081938457e-05,confluence_lost
A,BTCUSDT/SOLUSDT,short_a_long_b,2024-07-07T23:30:00,56401.11,131.64,2024-07-08T00:00:00,55915.39,132.84,0.015327657530907438,2,2.7558986606230205,1.4796055393088345,8.169371081938457e-05,confluence_lost
A,BTCUSDT/SOLUSDT,short_a_long_b,2024-07-08T00:30:00,55931.01,129.14,2024-07-08T01:00:00,55051.11,129.87,0.018984661044441256,2,3.2872121566171493,1.8182460914884682,8.1106219526188e-05,confluence_lost
A,BTCUSDT/SOLUSDT,short_a_long_b,2024-07-11T14:00:00,58604.01,140.51,2024-07-11T14:30:00,57856.0,140.79,0.012356543070685524,2,3.1827290576704517,0.8555755673259564,8.668201561224336e-05,confluence_lost
A,BTCUSDT/SOLUSDT,short_a_long_b,2024-07-11T15:30:00,57692.01,138.45,2024-07-11T16:00:00,57438.83,138.97,0.005744344522470482,2,2.9298603588908874,1.622643953406711,8.668201561224336e-05,confluence_lost
A,BTCUSDT/SOLUSDT,short_a_long_b,2024-07-11T16:30:00,57650.01,138.29,2024-07-11T17:30:00,57880.99,138.21,-0.006985085273594802,3,2.827323027132045,3.2115555555193396,8.96415676984115e-05,regime_break
A,BTCUSDT/SOLUSDT,short_a_long_b,2024-07-11T18:00:00,57792.83,138.36,2024-07-11T19:00:00,57838.01,136.88,-0.013878491035374127,3,2.7131512046290127,3.8258770998987037,8.96415676984115e-05,regime_break
A,BTCUSDT/SOLUSDT,short_a_long_b,2024-07-11T19:30:00,57412.01,136.57,2024-07-11T20:00:00,57367.43,136.25,-0.003966628159897831,2,3.0035303236006348,3.0119862951909857,8.96415676984115e-05,regime_break
A,BTCUSDT/SOLUSDT,short_a_long_b,2024-07-11T20:30:00,57392.1,136.97,2024-07-11T21:00:00,57531.7,136.7,-0.006803625097561203,2,2.3649233592433276,2.7294430277264534,8.96415676984115e-05,confluence_lost
A,BTCUSDT/SOLUSDT,short_a_long_b,2024-07-11T21:30:00,57417.19,136.68,2024-07-11T22:00:00,57431.0,136.98,-0.0004456124902392643,2,2.4240301793978807,2.140110563494884,8.96415676984115e-05,confluence_lost
A,BTCUSDT/SOLUSDT,short_a_long_b,2024-07-11T22:30:00,57486.01,136.77,2024-07-11T23:00:00,57282.83,136.54,-0.0005472301753727681,2,2.301516361706373,2.0464498991226403,8.96415676984115e-05,confluence_lost
A,BTCUSDT/SOLUSDT,short_a_long_b,2024-07-11T23:30:00,57306.65,135.73,2024-07-12T00:00:00,57380.0,136.64,0.0030245306832456654,2,2.5456865914897393,1.9934461858838637,8.96415676984115e-05,confluence_lost
A,BTCUSDT/SOLUSDT,short_a_long_b,2024-07-12T00:30:00,57484.0,135.84,2024-07-12T01:00:00,57234.0,134.96,-0.0045291734048554105,2,2.593612482919838,2.650840463429875,8.389455265432006e-05,confluence_lost
A,BTCUSDT/SOLUSDT,long_a_short_b,2024-07-13T22:30:00,58372.36,142.2,2024-07-13T23:00:00,59414.14,142.09,0.01622070383254688,2,-3.3838788146808687,-0.15883166693680817,7.583147498621751e-05,z_mean_revert
A,BTCUSDT/SOLUSDT,long_a_short_b,2024-07-14T00:00:00,59226.0,143.84,2024-07-14T00:30:00,59360.0,144.9,-0.007506779382097137,2,-2.7242948637180104,-3.378485359243384,7.839559165594696e-05,regime_break
A,BTCUSDT/SOLUSDT,long_a_short_b,2024-07-14T01:30:00,59586.0,144.93,2024-07-14T02:00:00,59744.0,143.58,0.00956647122510941,2,-2.648837976394704,-0.7590833901031967,7.839559165594696e-05,confluence_lost
A,BTCUSDT/SOLUSDT,long_a_short_b,2024-07-14T03:00:00,59352.01,144.26,2024-07-14T04:30:00,59675.06,144.95,-0.0017400810237698104,4,-2.410419157338887,-2.053205979753625,7.839559165594696e-05,confluence_lost
A,BTCUSDT/SOLUSDT,long_a_short_b,2024-07-14T21:00:00,60082.01,147.08,2024-07-14T21:30:00,60852.01,148.1,0.0034808148886870806,2,-2.3544864322345953,-1.5266761075920938,7.23746171745852e-05,confluence_lost
A,BTCUSDT/SOLUSDT,long_a_short_b,2024-07-15T00:00:00,60784.01,149.09,2024-07-15T00:30:00,60959.5,150.33,-0.007830015910288021,2,-2.411862221193226,-2.9309041212087155,6.649136891356626e-05,confluence_lost
A,BTCUSDT/SOLUSDT,long_a_short_b,2024-07-15T01:00:00,61204.01,150.35,2024-07-15T01:30:00,61401.7,150.9,-0.002828113909442862,2,-2.359801329838896,-2.315395424703402,6.649136891356626e-05,confluence_lost
A,BTCUSDT/SOLUSDT,long_a_short_b,2024-07-15T02:00:00,61350.89,151.45,2024-07-15T02:30:00,62084.54,151.9,0.0065869840807992325,2,-2.692551201550129,-1.6544030841911317,6.649136891356626e-05,confluence_lost
A,BTCUSDT/SOLUSDT,long_a_short_b,2024-07-15T18:00:00,63032.62,155.66,2024-07-15T18:30:00,63448.13,155.74,0.0036780430028988255,2,-2.4487484008894675,-1.6584562472844784,4.4615272552651196e-05,confluence_lost
A,BTCUSDT/SOLUSDT,long_a_short_b,2024-07-15T20:00:00,63380.0,156.68,2024-07-15T21:00:00,63704.0,157.05,0.00035052157126243223,3,-2.495756409457421,-2.059255939733295,4.4615272552651196e-05,confluence_lost
A,BTCUSDT/SOLUSDT,long_a_short_b,2024-07-15T22:00:00,63540.01,157.37,2024-07-15T22:30:00,64182.0,158.78,-0.0012560637176664423,2,-2.647901730076919,-2.396515571117952,4.4615272552651196e-05,confluence_lost
A,BTCUSDT/SOLUSDT,long_a_short_b,2024-07-16T15:30:00,64417.68,160.98,2024-07-16T16:00:00,64916.37,159.61,0.013851882191399614,2,-2.8155276583301827,-0.8359546831123255,3.7827016729381595e-05,confluence_lost
A,BTCUSDT/SOLUSDT,long_a_short_b,2024-07-16T16:30:00,64348.01,160.99,2024-07-16T17:00:00,64415.73,160.74,0.00020529388146868456,2,-2.790259575511043,-2.3957000747366775,3.5458790789519016e-05,confluence_lost
A,BTCUSDT/SOLUSDT,long_a_short_b,2024-07-16T17:30:00,64312.35,162.13,2024-07-16T18:00:00,64513.02,161.71,0.0033107542989145445,2,-3.3241847969490306,-2.5921466291477353,3.5458790789519016e-05,confluence_lost
A,BTCUSDT/SOLUSDT,long_a_short_b,2024-07-16T18:30:00,64720.3,162.05,2024-07-16T19:00:00,64753.4,162.47,-0.004480361158278698,2,-2.3804859653699197,-2.4906116025248166,3.5458790789519016e-05,confluence_lost
A,BTCUSDT/SOLUSDT,long_a_short_b,2024-07-19T03:30:00,64048.01,161.83,2024-07-19T04:00:00,64317.53,161.34,0.004835962023689702,2,-2.75111044896849,-1.9207864122808445,2.4445562374159828e-05,confluence_lost
A,BTCUSDT/SOLUSDT,long_a_short_b,2024-07-19T05:30:00,64124.0,162.29,2024-07-19T06:00:00,64172.61,165.56,-0.021791053276494485,2,-2.5872816132498038,-4.017311353681649,2.4445562374159828e-05,regime_break
A,BTCUSDT/SOLUSDT,long_a_short_b,2024-07-19T06:30:00,64341.3,164.47,2024-07-19T07:00:00,64188.6,163.69,-3.077500401831067e-05,2,-3.0085756924055302,-2.6712843417939767,2.4445562374159828e-05,confluence_lost
A,BTCUSDT/SOLUSDT,long_a_short_b,2024-07-19T08:30:00,63562.31,161.87,2024-07-19T10:30:00,64073.5,162.03,0.004653897071071403,5,-2.3513398857046766,-1.6484132099676028,2.9802104068790976e-05,confluence_lost
A,BTCUSDT/SOLUSDT,long_a_short_b,2024-07-19T13:30:00,64148.95,167.04,2024-07-19T14:00:00,65084.0,168.03,0.006249508208818269,2,-3.148222789730723,-2.499682892317783,2.9802104068790976e-05,confluence_lost
A,BTCUSDT/SOLUSDT,long_a_short_b,2024-07-21T16:30:00,67028.01,176.99,2024-07-21T17:00:00,67675.87,176.33,0.010994535716620193,2,-3.0718104352739397,-1.6789984951654187,6.813267748782049e-06,confluence_lost
A,BTCUSDT/SOLUSDT,long_a_short_b,2024-07-21T18:00:00,66656.01,176.54,2024-07-21T19:30:00,67565.95,177.98,0.0030944904955065434,4,-3.113984033500537,-2.318055530954965,6.813267748782049e-06,confluence_lost
A,BTCUSDT/SOLUSDT,long_a_short_b,2024-07-21T20:00:00,67409.35,183.98,2024-07-21T20:30:00,68092.0,182.29,0.01691271449301697,2,-4.755153002200119,-3.066724338791291,6.813267748782049e-06,regime_break
A,BTCUSDT/SOLUSDT,long_a_short_b,2024-07-21T21:00:00,67781.72,182.65,2024-07-21T21:30:00,67840.01,184.27,-0.010409456018139404,2,-3.3210240103929722,-3.6229687498530554,6.813267748782049e-06,regime_break
A,BTCUSDT/SOLUSDT,long_a_short_b,2024-07-21T22:00:00,68200.01,183.53,2024-07-21T22:30:00,68076.0,183.95,-0.006506782382802931,2,-2.8516409298048733,-2.955510914634291,6.813267748782049e-06,confluence_lost
A,BTCUSDT/SOLUSDT,long_a_short_b,2024-07-21T23:00:00,68046.0,184.03,2024-07-21T23:30:00,68056.01,184.49,-0.004752486088530891,2,-2.852569414313282,-2.8392163297911894,6.813267748782049e-06,confluence_lost
A,BTCUSDT/SOLUSDT,long_a_short_b,2024-07-22T00:00:00,68226.79,183.81,2024-07-22T00:30:00,68228.0,183.01,0.0019700552996940314,2,-2.386929664570572,-2.0681965915581575,2.5601430471274926e-05,confluence_lost
A,BTCUSDT/SOLUSDT,short_a_long_b,2024-07-23T16:30:00,66208.18,171.57,2024-07-23T17:00:00,65862.19,172.22,0.006614330441138974,2,2.4159087176078784,1.5661126501499025,3.911847147167129e-05,confluence_lost
A,BTCUSDT/SOLUSDT,short_a_long_b,2024-07-23T23:00:00,65966.01,171.22,2024-07-24T02:30:00,65599.99,173.36,0.015647155002740123,8,2.3141979214366404,0.20513030036909305,3.911847147167129e-05,z_mean_revert
A,BTCUSDT/SOLUSDT,long_a_short_b,2024-07-24T14:30:00,66800.55,180.91,2024-07-24T15:00:00,66796.0,179.07,0.0077026899501504015,2,-2.3766410168911163,-1.3213274682931282,6.317043335940609e-05,confluence_lost
A,BTCUSDT/SOLUSDT,long_a_short_b,2024-07-24T16:30:00,66279.99,180.5,2024-07-24T17:00:00,66406.01,181.52,-0.0061496415415592115,2,-2.8297852802002996,-3.057861297816333,7.135478150176029e-05,regime_break
A,BTCUSDT/SOLUSDT,long_a_short_b,2024-07-24T17:30:00,66580.01,181.55,2024-07-24T18:00:00,66547.65,179.64,0.00763448599530743,2,-2.7377154199944544,-1.787300126827633,7.135478150176029e-05,confluence_lost
A,BTCUSDT/SOLUSDT,long_a_short_b,2024-07-24T19:00:00,65746.01,179.94,2024-07-24T21:30:00,65584.0,177.49,0.008751469705438789,6,-2.954410711954099,-1.7456022686725459,7.135478150176029e-05,confluence_lost
A,BTCUSDT/SOLUSDT,long_a_short_b,2024-07-24T22:00:00,65657.35,179.1,2024-07-24T22:30:00,65518.0,177.37,0.005137025813868504,2,-2.308087240017144,-1.6509791506743494,7.135478150176029e-05,confluence_lost
A,BTCUSDT/SOLUSDT,long_a_short_b,2024-07-25T00:00:00,65444.02,179.14,2024-07-25T00:30:00,65479.47,178.49,0.0017701313527450214,2,-2.306313925535412,-1.932623753341333,7.772038561248021e-05,confluence_lost
A,BTCUSDT/SOLUSDT,long_a_short_b,2024-07-27T08:30:00,68006.74,187.24,2024-07-27T09:00:00,67980.0,186.94,-0.0011909745739336207,2,-2.474640064766962,-2.296989327473519,7.684705278007422e-05,confluence_lost
A,BTCUSDT/SOLUSDT,long_a_short_b,2024-07-29T04:30:00,69324.0,193.6,2024-07-29T06:00:00,69716.05,193.43,0.004133427775480827,4,-2.4503456004339568,-1.7169636143186413,7.359638124396191e-05,confluence_lost
A,BTCUSDT/SOLUSDT,short_a_long_b,2024-07-31T19:00:00,66550.01,177.91,2024-07-31T19:30:00,65686.0,176.59,0.003163386311254526,2,2.5350361654712685,1.8140685872862434,5.50394561130817e-05,confluence_lost
A,BTCUSDT/SOLUSDT,short_a_long_b,2024-07-31T22:00:00,64932.01,172.3,2024-07-31T22:30:00,64722.0,173.33,0.006812251605160705,2,2.9196739889954797,1.8607485426255899,5.50394561130817e-05,confluence_lost
A,BTCUSDT/SOLUSDT,short_a_long_b,2024-07-31T23:00:00,64951.99,172.61,2024-07-31T23:30:00,64737.93,171.71,-0.004318401394344626,2,2.5664320804244913,2.6353762625169197,5.50394561130817e-05,confluence_lost
A,BTCUSDT/SOLUSDT,short_a_long_b,2024-08-01T00:00:00,64634.01,171.39,2024-08-01T00:30:00,64602.01,172.0,0.0016542295225082239,2,2.5421994543644892,2.084289960810756,6.10484658657302e-05,confluence_lost
A,BTCUSDT/SOLUSDT,short_a_long_b,2024-08-01T02:00:00,64232.01,169.63,2024-08-01T02:30:00,64092.0,170.04,0.0021967795904133803,2,2.5663531828562203,2.088449187865578,6.10484658657302e-05,confluence_lost
A,BTCUSDT/SOLUSDT,short_a_long_b,2024-08-01T03:30:00,64037.99,168.62,2024-08-01T04:00:00,63950.0,167.62,-0.006956466467763531,2,2.536768920365207,2.766287465557423,6.10484658657302e-05,confluence_lost
A,BTCUSDT/SOLUSDT,short_a_long_b,2024-08-01T04:30:00,63855.6,166.63,2024-08-01T05:00:00,63632.0,169.31,0.017185188977607527,2,2.9533085649581103,1.4446376088385307,6.10484658657302e-05,confluence_lost
A,BTCUSDT/SOLUSDT,short_a_long_b,2024-08-01T07:30:00,64340.0,168.23,2024-08-01T08:00:00,64353.73,168.92,0.0014881300950703859,2,2.3100871695684346,1.9850693662718613,6.10484658657302e-05,confluence_lost
A,BTCUSDT/SOLUSDT,short_a_long_b,2024-08-01T14:30:00,64186.37,164.89,2024-08-01T15:00:00,63874.01,162.99,-0.009056379669439438,2,2.4712523803946023,2.699894196028614,6.970436234001237e-05,confluence_lost
A,BTCUSDT/SOLUSDT,short_a_long_b,2024-08-01T16:00:00,62880.01,161.04,2024-08-01T17:30:00,62660.01,162.25,0.008612388381141381,4,2.3454813220475708,1.633171521435963,7.643672626445408e-05,confluence_lost
A,BTCUSDT/SOLUSDT,short_a_long_b,2024-08-01T18:30:00,63024.78,159.95,2024-08-01T19:30:00,63389.99,162.4,0.007122581775679662,3,2.3624072508225105,1.8372143114486932,7.643672626445408e-05,confluence_lost
A,BTCUSDT/SOLUSDT,short_a_long_b,2024-08-02T14:30:00,65040.0,157.61,2024-08-02T16:00:00,63384.01,154.93,0.006057103652709575,4,2.85244476911556,2.3267805364117398,8.574567391306482e-05,confluence_lost
A,BTCUSDT/SOLUSDT,short_a_long_b,2024-08-02T19:30:00,62927.1,151.3,2024-08-02T21:30:00,61305.46,154.61,0.045247202623409824,5,2.5396227496859423,0.5734290713102431,8.891330193238375e-05,confluence_lost
A,BTCUSDT/SOLUSDT,short_a_long_b,2024-08-03T15:30:00,61646.0,146.2,2024-08-03T16:00:00,60944.01,146.63,0.011928614422766784,2,2.466530820674429,1.7331030706366968,9.282212092205931e-05,confluence_lost
A,BTCUSDT/SOLUSDT,short_a_long_b,2024-08-03T17:00:00,60966.0,143.45,2024-08-03T17:30:00,60708.0,142.46,-0.005069492416431329,2,2.5991534721931155,2.6190941229695026,8.163276071715724e-05,confluence_lost
A,BTCUSDT/SOLUSDT,short_a_long_b,2024-08-03T18:00:00,60601.66,141.26,2024-08-03T18:30:00,60642.99,141.64,-0.000391919480686551,2,2.7733556685928065,2.5670182679870344,8.163276071715724e-05,confluence_lost
A,BTCUSDT/SOLUSDT,short_a_long_b,2024-08-03T19:30:00,59979.57,140.42,2024-08-03T20:00:00,60303.59,142.06,0.003877075197212101,2,2.3015585314092752,1.9890871415176612,8.163276071715724e-05,confluence_lost
A,BTCUSDT/SOLUSDT,short_a_long_b,2024-08-03T20:30:00,60570.37,140.87,2024-08-03T21:00:00,60364.46,142.04,0.009305046879743165,2,2.4141166389385122,1.9077763188588601,8.163276071715724e-05,confluence_lost
A,BTCUSDT/SOLUSDT,short_a_long_b,2024-08-04T14:30:00,60384.0,137.79,2024-08-04T15:00:00,59488.01,135.98,-0.0006977293171875208,2,2.3732985064121865,2.211886227957235,7.854006512519388e-05,confluence_lost
A,BTCUSDT/SOLUSDT,short_a_long_b,2024-08-04T16:30:00,58977.99,133.19,2024-08-04T17:00:00,58719.38,133.76,0.0062644566838854915,2,2.4550216677514047,2.0364701278234785,8.330893954181747e-05,confluence_lost
A,BTCUSDT/SOLUSDT,short_a_long_b,2024-08-05T05:30:00,53568.0,118.53,2024-08-05T06:00:00,52828.93,113.75,-0.028930486956480414,2,3.091544448421894,3.9357841033286665,8.701806408808026e-05,regime_break
A,BTCUSDT/SOLUSDT,short_a_long_b,2024-08-05T10:00:00,52516.0,116.64,2024-08-05T10:30:00,51269.99,115.96,0.015496388961242571,2,2.5026464624505462,1.7018230586157712,7.752293873517353e-05,confluence_lost
A,BTCUSDT/SOLUSDT,short_a_long_b,2024-08-05T11:00:00,51311.03,111.43,2024-08-05T11:30:00,50915.79,115.96,0.045956152205236814,2,3.231449579129311,1.2788477144959407,7.752293873517353e-05,confluence_lost
A,BTCUSDT/SOLUSDT,short_a_long_b,2024-08-05T12:00:00,51145.99,112.76,2024-08-05T12:30:00,50326.0,111.83,0.005384736395568204,2,2.5369088033095273,2.158987853843589,7.752293873517353e-05,confluence_lost
A,BTCUSDT/SOLUSDT,long_a_short_b,2024-08-05T16:00:00,54334.21,135.23,2024-08-05T16:30:00,55297.89,131.17,0.045359079452882825,2,-2.417700391028671,-0.510207626772317,7.355561901624608e-05,confluence_lost
A,BTCUSDT/SOLUSDT,long_a_short_b,2024-08-06T00:00:00,54012.0,138.12,2024-08-06T00:30:00,55546.0,138.94,0.0200642295598243,2,-2.784107789312059,-1.9792929663101309,6.513437034596917e-05,confluence_lost
A,BTCUSDT/SOLUSDT,long_a_short_b,2024-08-06T05:30:00,55523.99,143.1,2024-08-06T06:00:00,55870.0,142.44,0.008443880068230006,2,-2.3184759362443725,-1.9565241945808167,6.513437034596917e-05,confluence_lost
A,BTCUSDT/SOLUSDT,long_a_short_b,2024-08-08T14:00:00,57312.48,158.46,2024-08-08T14:30:00,58104.44,159.58,0.004350252025571558,2,-2.442758396985899,-2.011207818146909,2.0659409044430455e-05,confluence_lost
A,BTCUSDT/SOLUSDT,short_a_long_b,2024-08-09T04:30:00,61067.69,156.03,2024-08-09T05:00:00,60749.19,156.9,0.008391374751752514,2,2.471114063610537,1.7386148680505245,2.5577914113297436e-05,confluence_lost
A,BTCUSDT/SOLUSDT,short_a_long_b,2024-08-09T15:30:00,60261.37,151.13,2024-08-09T16:00:00,59872.96,152.09,0.01039756982271163,2,2.432395242629991,1.7526861882910634,2.4747266532564674e-05,confluence_lost
A,BTCUSDT/SOLUSDT,short_a_long_b,2024-08-11T12:00:00,60676.0,152.14,2024-08-11T12:30:00,60523.98,151.55,-0.003772568375011873,2,2.3869092950814643,2.5426009676554386,4.187592903614328e-06,confluence_lost
A,BTCUSDT/SOLUSDT,short_a_long_b,2024-08-11T13:00:00,60482.5,150.32,2024-08-11T13:30:00,60316.64,151.54,0.008458299984159215,2,3.5312705168189407,1.7735647080840218,4.187592903614328e-06,confluence_lost
A,BTCUSDT/SOLUSDT,short_a_long_b,2024-08-11T14:00:00,60468.47,150.83,2024-08-11T14:30:00,60521.43,149.29,-0.013485998735426816,2,2.781909613983637,4.0536514750138135,4.187592903614328e-06,regime_break
A,BTCUSDT/SOLUSDT,short_a_long_b,2024-08-11T15:00:00,60302.49,149.35,2024-08-11T15:30:00,60372.01,148.73,-0.0077041769475046235,2,3.263166539882354,3.6992190208805846,4.187592903614328e-06,regime_break
A,BTCUSDT/SOLUSDT,short_a_long_b,2024-08-11T16:00:00,60102.0,149.03,2024-08-11T16:30:00,60185.81,148.72,-0.005874580843691454,2,2.7429341937710228,2.976312565713872,4.187592903614328e-06,confluence_lost
A,BTCUSDT/SOLUSDT,short_a_long_b,2024-08-11T17:00:00,60206.99,148.18,2024-08-11T17:30:00,60027.49,149.08,0.006655075553498049,2,3.207117509492877,2.16189158200109,5.8903500361444775e-06,confluence_lost
A,BTCUSDT/SOLUSDT,short_a_long_b,2024-08-11T18:00:00,60246.06,147.38,2024-08-11T18:30:00,60204.8,147.95,0.002152411327419237,2,3.466837203626557,2.8593032245810073,5.8903500361444775e-06,confluence_lost
A,BTCUSDT/SOLUSDT,short_a_long_b,2024-08-11T19:00:00,60236.27,145.79,2024-08-11T19:30:00,59722.11,145.78,0.006067129276177655,2,3.895839399348417,2.977167489366128,5.8903500361444775e-06,confluence_lost
A,BTCUSDT/SOLUSDT,short_a_long_b,2024-08-11T20:00:00,59608.49,145.22,2024-08-11T20:30:00,58590.67,143.91,0.005654288404870991,2,2.9617497834800974,2.239419632492969,5.8903500361444775e-06,confluence_lost
A,BTCUSDT/SOLUSDT,short_a_long_b,2024-08-11T22:00:00,59016.26,141.77,2024-08-11T23:30:00,58910.02,141.57,-0.002010553850477923,4,3.4296177777518206,2.9139795529942307,5.8903500361444775e-06,confluence_lost
A,BTCUSDT/SOLUSDT,short_a_long_b,2024-08-12T00:00:00,58722.99,142.35,2024-08-12T07:30:00,58330.77,145.94,0.029498685141858896,16,2.30918290651011,0.054869336627351724,7.0547166947790376e-06,z_mean_revert
A,BTCUSDT/SOLUSDT,short_a_long_b,2024-08-14T01:00:00,60760.01,144.15,2024-08-14T01:30:00,60543.01,143.99,6.147307555411053e-05,2,2.7084851768333933,2.4081903621453677,8.233068665052298e-06,confluence_lost
A,BTCUSDT/SOLUSDT,short_a_long_b,2024-08-14T04:30:00,61156.97,144.61,2024-08-14T05:00:00,60907.42,145.12,0.005207210444608548,2,2.3657209393516765,1.7965544630735457,8.233068665052298e-06,confluence_lost
A,BTCUSDT/SOLUSDT,short_a_long_b,2024-08-16T14:00:00,58236.0,138.86,2024-08-16T14:30:00,58151.99,138.36,-0.004558170481986409,2,3.0136724560913692,3.0555134673497593,-4.859520409025791e-05,regime_break
A,BTCUSDT/SOLUSDT,short_a_long_b,2024-08-16T15:00:00,57984.01,137.09,2024-08-16T16:30:00,58610.89,138.34,-0.004093158813504957,4,3.4463990873766677,3.1820584717669083,-4.859520409025791e-05,regime_break
A,BTCUSDT/SOLUSDT,short_a_long_b,2024-08-16T17:00:00,58527.15,137.29,2024-08-16T17:30:00,58671.53,139.6,0.011958808130414902,2,3.451718249574699,2.193570877256539,-3.9034047625756155e-05,confluence_lost
A,BTCUSDT/SOLUSDT,short_a_long_b,2024-08-16T18:00:00,59167.49,139.22,2024-08-16T18:30:00,59427.09,139.41,-0.005422798134480808,2,2.9190336246501847,2.9712729481499474,-3.9034047625756155e-05,confluence_lost
A,BTCUSDT/SOLUSDT,short_a_long_b,2024-08-16T19:30:00,59778.31,140.94,2024-08-16T20:00:00,59667.89,141.92,0.006400471742024252,2,2.4070492522082536,1.7496286335503297,-3.9034047625756155e-05,confluence_lost
A,BTCUSDT/SOLUSDT,long_a_short_b,2024-08-18T11:30:00,59859.24,144.62,2024-08-18T13:00:00,59965.22,145.81,-0.008857973898214008,4,-2.404365849356766,-3.1877559526328993,-1.4774658071446362e-06,regime_break
A,BTCUSDT/SOLUSDT,long_a_short_b,2024-08-18T14:00:00,59867.41,145.47,2024-08-18T14:30:00,59832.45,145.09,-0.0003717346631993278,2,-2.9144007878258096,-2.5557230837188736,-1.4774658071446362e-06,confluence_lost
A,BTCUSDT/SOLUSDT,long_a_short_b,2024-08-18T15:00:00,59780.01,145.61,2024-08-18T15:30:00,59824.0,145.8,-0.002968990721110163,2,-2.901539895206918,-2.8178836502839717,-1.4774658071446362e-06,confluence_lost
A,BTCUSDT/SOLUSDT,long_a_short_b,2024-08-18T16:00:00,59856.01,146.14,2024-08-18T16:30:00,59912.84,146.07,-0.0009715620764686882,2,-2.8813089544562644,-2.6067134773877663,-8.146917850001382e-06,confluence_lost
A,BTCUSDT/SOLUSDT,long_a_short_b,2024-08-18T18:30:00,59584.21,145.57,2024-08-18T19:00:00,59588.0,146.13,-0.006183339030492882,2,-2.4667403224684787,-2.672787123123117,-8.146917850001382e-06,confluence_lost
A,BTCUSDT/SOLUSDT,long_a_short_b,2024-08-18T19:30:00,59674.09,146.44,2024-08-18T20:30:00,59729.13,146.65,-0.0029116910681464135,3,-2.6055732296933938,-2.4403373618993403,-8.146917850001382e-06,confluence_lost
A,BTCUSDT/SOLUSDT,short_a_long_b,2024-08-20T14:00:00,60810.0,143.78,2024-08-20T14:30:00,59857.0,142.52,0.004508376002191852,2,3.6015662125374446,2.554430719926483,-1.654071717226326e-05,confluence_lost
A,BTCUSDT/SOLUSDT,short_a_long_b,2024-08-21T13:00:00,59538.0,140.72,2024-08-21T13:30:00,59473.99,141.3,0.0027967717274826743,2,2.424815843987341,1.7775648657664336,-1.8865330576250066e-05,confluence_lost
A,BTCUSDT/SOLUSDT,short_a_long_b,2024-08-21T14:00:00,59860.0,141.01,2024-08-21T14:30:00,59649.04,139.85,-0.007102143736894148,2,2.620925858762773,3.05636440292817,-1.8865330576250066e-05,regime_break
A,BTCUSDT/SOLUSDT,short_a_long_b,2024-08-21T15:00:00,59395.99,140.09,2024-08-21T15:30:00,59534.75,140.36,-0.0028088522190028863,2,2.345244271456638,2.3248362248086027,-1.8865330576250066e-05,confluence_lost
A,BTCUSDT/SOLUSDT,short_a_long_b,2024-08-21T19:00:00,60793.66,142.5,2024-08-21T19:30:00,61068.0,143.43,-0.0003863258247998468,2,2.628421420055282,2.3246349517245117,-1.379303489263894e-05,confluence_lost
A,BTCUSDT/SOLUSDT,short_a_long_b,2024-08-21T20:00:00,61637.0,143.16,2024-08-21T20:30:00,61220.4,143.07,0.0037302600422304956,2,3.261500618616407,2.5421583491893602,-1.379303489263894e-05,confluence_lost
A,BTCUSDT/SOLUSDT,short_a_long_b,2024-08-21T22:30:00,61429.76,142.9,2024-08-21T23:00:00,61169.32,142.68,0.00030010075959126204,2,2.6271894828743245,2.3052422718485635,-1.379303489263894e-05,confluence_lost
A,BTCUSDT/SOLUSDT,short_a_long_b,2024-08-23T14:30:00,61862.91,143.53,2024-08-23T15:00:00,60960.0,144.2,0.016863350344498887,2,2.370602744380332,-0.31390236085832873,-1.4541091253714415e-05,z_mean_revert
A,BTCUSDT/SOLUSDT,long_a_short_b,2024-08-24T02:00:00,63808.61,153.7,2024-08-24T02:30:00,63871.99,153.36,0.0008053843778382387,2,-2.478946584003255,-1.9916134315019935,-1.797349964730872e-05,confluence_lost
A,BTCUSDT/SOLUSDT,long_a_short_b,2024-08-24T05:00:00,63881.57,154.94,2024-08-24T05:30:00,63977.29,154.53,0.001744583358429821,2,-2.950234672830507,-2.3370167104425845,-1.797349964730872e-05,confluence_lost
A,BTCUSDT/SOLUSDT,long_a_short_b,2024-08-24T08:30:00,64144.51,155.62,2024-08-24T09:00:00,64430.01,155.35,0.00378588303689982,2,-2.47256558783588,-1.7201275735938584,-1.5586055281240116e-05,confluence_lost
A,BTCUSDT/SOLUSDT,long_a_short_b,2024-08-24T09:30:00,64337.98,157.6,2024-08-24T10:00:00,64310.0,158.01,-0.005436413711143603,2,-3.312015669202077,-3.385048536822086,-1.5586055281240116e-05,regime_break
A,BTCUSDT/SOLUSDT,long_a_short_b,2024-08-24T10:30:00,64267.75,157.91,2024-08-24T11:00:00,64120.99,157.97,-0.0050635347349099885,2,-3.1716953479554038,-3.2221352123795666,-1.5586055281240116e-05,regime_break
A,BTCUSDT/SOLUSDT,long_a_short_b,2024-08-24T11:30:00,64078.4,157.34,2024-08-24T12:00:00,63930.87,157.78,-0.007498827562618257,2,-2.7654141633923204,-3.0394728291730804,-1.5586055281240116e-05,regime_break
A,BTCUSDT/SOLUSDT,long_a_short_b,2024-08-24T12:30:00,64137.99,157.28,2024-08-24T13:00:00,64100.45,157.58,-0.004892726783355103,2,-2.4069578125993094,-2.503100007692513,-1.5586055281240116e-05,confluence_lost
A,BTCUSDT/SOLUSDT,long_a_short_b,2024-08-24T13:30:00,64193.93,157.95,2024-08-24T14:00:00,64194.51,158.39,-0.005176656552412326,2,-2.4724718219641324,-2.576801780191909,-1.5586055281240116e-05,confluence_lost
A,BTCUSDT/SOLUSDT,long_a_short_b,2024-08-24T14:30:00,64154.99,158.71,2024-08-24T15:00:00,64139.99,158.86,-0.003578928811135349,2,-2.6505474351648974,-2.6122418009403825,-1.5586055281240116e-05,confluence_lost
A,BTCUSDT/SOLUSDT,long_a_short_b,2024-08-24T15:30:00,63969.49,159.46,2024-08-24T16:00:00,63981.99,161.46,-0.01474692471144294,2,-2.908993001441367,-3.475396320193133,-1.5586055281240116e-05,regime_break
A,BTCUSDT/SOLUSDT,long_a_short_b,2024-08-24T16:30:00,64271.7,161.19,2024-08-24T17:00:00,64287.0,161.21,-0.0022860252806904823,2,-2.9071336406515442,-2.7517557593082493,2.0886236701465743e-06,confluence_lost
A,BTCUSDT/SOLUSDT,long_a_short_b,2024-08-24T17:30:00,64077.01,160.83,2024-08-24T18:00:00,64021.0,161.5,-0.007439993904982886,2,-2.6732663341086673,-2.806475051366568,2.0886236701465743e-06,confluence_lost
A,BTCUSDT/SOLUSDT,long_a_short_b,2024-08-24T18:30:00,64437.99,161.45,2024-08-24T19:00:00,64227.99,161.52,-0.006092517855005683,2,-2.3352023561170143,-2.4280720994179332,2.0886236701465743e-06,confluence_lost
A,BTCUSDT/SOLUSDT,long_a_short_b,2024-08-26T09:30:00,63618.18,160.69,2024-08-26T10:00:00,63841.0,161.25,-0.0023825131170965162,2,-2.313356271863557,-2.232551281534725,1.114124503419454e-05,confluence_lost
A,BTCUSDT/SOLUSDT,long_a_short_b,2024-08-27T01:00:00,62762.87,158.81,2024-08-27T01:30:00,63126.01,158.25,0.006912131254833656,2,-2.3450238145922935,-1.1212527150674905,1.9499765514512746e-05,confluence_lost
A,BTCUSDT/SOLUSDT,short_a_long_b,2024-08-27T21:00:00,61861.0,150.95,2024-08-27T21:30:00,61215.01,149.25,-0.0032194020916620912,2,2.991185829664882,2.927267238446007,3.205146308902623e-05,confluence_lost
A,BTCUSDT/SOLUSDT,short_a_long_b,2024-08-27T22:00:00,60290.45,145.81,2024-08-27T22:30:00,58898.06,147.48,0.032147963488027134,2,3.6424842456277124,-0.4986944624159627,3.205146308902623e-05,z_mean_revert
A,BTCUSDT/SOLUSDT,short_a_long_b,2024-08-28T07:30:00,58972.01,143.97,2024-08-28T08:00:00,58655.19,145.22,0.011654743583059138,2,2.308067883597612,0.7036515192056203,9.811137958131511e-06,confluence_lost
A,BTCUSDT/SOLUSDT,short_a_long_b,2024-08-28T13:30:00,59836.42,145.21,2024-08-28T14:00:00,59259.0,145.86,0.011726251455715556,2,2.552532154411652,1.0173931211295897,1.3037551745213398e-05,confluence_lost
A,BTCUSDT/SOLUSDT,short_a_long_b,2024-08-28T16:00:00,58905.99,142.21,2024-08-28T16:30:00,58335.0,143.01,0.012918725162938419,2,2.7632913735008975,1.229066583597067,1.3037551745213398e-05,confluence_lost
A,BTCUSDT/SOLUSDT,short_a_long_b,2024-08-28T17:00:00,59219.99,142.01,2024-08-28T19:00:00,59691.11,145.27,0.01260070804058451,5,3.1742232101650507,1.6339785123760102,1.2680318024054865e-05,confluence_lost
A,BTCUSDT/SOLUSDT,short_a_long_b,2024-08-28T21:30:00,59418.63,142.96,2024-08-29T04:00:00,59145.01,143.6,0.006681729746436507,14,2.352849233337721,1.2470518335571383,1.2680318024054865e-05,confluence_lost
A,BTCUSDT/SOLUSDT,short_a_long_b,2024-08-29T18:00:00,60453.18,141.91,2024-08-29T18:30:00,59581.1,139.72,-0.0034066069723411173,2,3.1287619520909176,3.0651223409595496,3.054882143005239e-06,regime_break
A,BTCUSDT/SOLUSDT,short_a_long_b,2024-08-29T19:30:00,59431.99,140.28,2024-08-29T20:00:00,59284.0,139.73,-0.0038306568615416457,2,2.4297948260472357,2.452123574785888,3.054882143005239e-06,confluence_lost
A,BTCUSDT/SOLUSDT,short_a_long_b,2024-08-29T21:00:00,59501.32,139.7,2024-08-29T21:30:00,59494.99,139.33,-0.00494214837529032,2,2.536585023784788,2.588592270752243,3.054882143005239e-06,confluence_lost
A,BTCUSDT/SOLUSDT,short_a_long_b,2024-08-29T22:00:00,59388.0,139.29,2024-08-30T05:30:00,58740.0,138.08,-0.00017561698641947775,16,2.3922326813922346,1.6010385657394868,3.054882143005239e-06,confluence_lost
A,BTCUSDT/SOLUSDT,short_a_long_b,2024-08-30T14:30:00,59300.0,135.67,2024-08-30T15:00:00,58462.02,133.39,-0.005074286592889485,2,2.5979296149430615,2.635067213106564,1.1416904012435269e-05,confluence_lost
A,BTCUSDT/SOLUSDT,short_a_long_b,2024-09-01T01:30:00,58915.99,133.63,2024-09-01T02:00:00,58841.92,133.01,-0.005782462845782363,2,2.443387652413966,2.6771653726306526,2.4319000926975892e-05,confluence_lost
A,BTCUSDT/SOLUSDT,short_a_long_b,2024-09-01T08:00:00,58499.99,131.76,2024-09-01T08:30:00,58249.98,131.46,-0.00040319108674728753,2,2.6208572326013466,2.3331420443031337,2.4319000926975892e-05,confluence_lost
A,BTCUSDT/SOLUSDT,short_a_long_b,2024-09-01T09:30:00,58278.27,131.22,2024-09-01T10:00:00,58202.01,130.87,-0.0037587268481771717,2,2.4212530802698904,2.4640405212920595,1.1288111832092361e-05,confluence_lost
A,BTCUSDT/SOLUSDT,short_a_long_b,2024-09-01T10:30:00,57983.0,130.46,2024-09-01T11:30:00,58066.0,131.91,0.007283063813004545,3,2.3188110298083306,1.3417655800784498,1.1288111832092361e-05,confluence_lost
A,BTCUSDT/SOLUSDT,short_a_long_b,2024-09-02T04:30:00,57652.75,127.56,2024-09-02T07:30:00,57556.7,127.66,4.995380378520998e-05,7,2.8280516872794594,2.245162698367238,-1.356080496635483e-06,confluence_lost
A,BTCUSDT/SOLUSDT,short_a_long_b,2024-09-03T23:30:00,57678.0,127.54,2024-09-04T00:00:00,57488.0,128.45,0.008029166748025854,2,2.4844863415770275,1.2911786844843953,2.690370260449876e-05,confluence_lost
A,BTCUSDT/SOLUSDT,short_a_long_b,2024-09-04T00:30:00,57815.99,126.7,2024-09-04T01:00:00,56725.01,125.22,0.004788729734462829,2,3.2400335549923462,2.369693013652622,2.5833990914610147e-05,confluence_lost
A,BTCUSDT/SOLUSDT,long_a_short_b,2024-09-04T14:30:00,56533.0,132.86,2024-09-04T15:00:00,57541.0,132.6,0.017387240973121457,2,-3.469672954461992,-1.543871301614328,2.2426437378030114e-05,confluence_lost
A,BTCUSDT/SOLUSDT,long_a_short_b,2024-09-04T15:30:00,57415.92,133.83,2024-09-04T16:00:00,58159.99,134.26,0.007346266242191438,2,-2.5107708444475025,-1.5832570996301547,2.2426437378030114e-05,confluence_lost
A,BTCUSDT/SOLUSDT,long_a_short_b,2024-09-05T13:30:00,56657.99,134.54,2024-09-05T14:00:00,57198.11,134.06,0.010700701285170935,2,-2.339988338345241,-1.503858014188487,2.8658886173750794e-05,confluence_lost
A,BTCUSDT/SOLUSDT,long_a_short_b,2024-09-06T12:30:00,56540.01,133.55,2024-09-06T13:00:00,56816.01,133.76,0.0009090541825264721,2,-2.6010184341991094,-2.160254001511662,2.0770065785454764e-05,confluence_lost
A,BTCUSDT/SOLUSDT,long_a_short_b,2024-09-06T15:30:00,54256.0,128.09,2024-09-06T16:00:00,54050.01,127.7,-0.0031518966160925398,2,-2.3888119684921088,-2.376095778133922,2.0770065785454764e-05,confluence_lost
A,BTCUSDT/SOLUSDT,long_a_short_b,2024-09-08T08:30:00,54391.98,129.82,2024-09-08T09:30:00,54622.51,129.64,0.0032248438650049473,3,-2.405453125465509,-1.5714284427865433,-1.951930157892792e-05,confluence_lost
A,BTCUSDT/SOLUSDT,long_a_short_b,2024-09-08T10:00:00,54475.05,130.43,2024-09-08T10:30:00,54604.01,130.68,-0.0019494146591117344,2,-2.533827634168146,-2.3830833776661384,-1.951930157892792e-05,confluence_lost
A,BTCUSDT/SOLUSDT,long_a_short_b,2024-09-08T22:00:00,54500.0,131.48,2024-09-08T22:30:00,55135.99,129.4,0.025089437846618393,2,-2.890788263594692,0.36575883385016716,-2.6837234561388383e-05,z_mean_revert
A,BTCUSDT/SOLUSDT,short_a_long_b,2024-09-09T14:00:00,55670.6,128.01,2024-09-09T15:00:00,54884.38,128.06,0.012113309167241584,3,3.269472858531368,1.283025034708991,-4.514030238898804e-05,confluence_lost
A,BTCUSDT/SOLUSDT,long_a_short_b,2024-09-10T14:00:00,56756.36,135.93,2024-09-10T14:30:00,57112.06,135.15,0.009605386675836838,2,-2.3624763381935847,-0.6927013005535245,-4.3377920054078044e-05,confluence_lost
A,BTCUSDT/SOLUSDT,short_a_long_b,2024-09-11T10:00:00,56684.0,130.88,2024-09-11T10:30:00,56593.09,130.95,-0.0002613553817594626,2,2.5060716087785533,2.143166460671826,-4.239098296097225e-05,confluence_lost
A,BTCUSDT/SOLUSDT,short_a_long_b,2024-09-11T13:30:00,56712.0,129.61,2024-09-11T14:00:00,55802.0,129.5,0.012797286794027876,2,3.4166907551682564,1.5893822684885173,-4.239098296097225e-05,confluence_lost
A,BTCUSDT/SOLUSDT,short_a_long_b,2024-09-11T18:30:00,57914.0,132.26,2024-09-11T19:00:00,57420.01,131.96,0.0038614569872688765,2,3.084315271731054,2.29212253051118,-4.455298674742286e-05,confluence_lost
A,BTCUSDT/SOLUSDT,short_a_long_b,2024-09-13T11:30:00,58141.26,132.58,2024-09-13T12:00:00,57913.28,132.0,-0.0028535774999641082,2,2.9332525779480627,2.8476849572451925,-2.0854585653676377e-05,confluence_lost
A,BTCUSDT/SOLUSDT,short_a_long_b,2024-09-13T13:00:00,57931.7,131.91,2024-09-13T13:30:00,57702.68,132.67,0.00731478006875548,2,2.801538102150114,1.3457462333491446,-2.0854585653676377e-05,confluence_lost
A,BTCUSDT/SOLUSDT,short_a_long_b,2024-09-15T11:00:00,59990.0,135.63,2024-09-15T11:30:00,59961.24,135.61,-0.0020680467659352363,2,2.4779811063508252,2.3422691833223723,-1.0057587366366864e-05,confluence_lost
A,BTCUSDT/SOLUSDT,short_a_long_b,2024-09-15T13:30:00,60211.76,135.76,2024-09-15T14:00:00,60191.99,135.12,-0.006785860357567383,2,2.5461931879249375,3.0581871171221158,-1.0057587366366864e-05,regime_break
A,BTCUSDT/SOLUSDT,short_a_long_b,2024-09-15T15:00:00,60246.01,135.71,2024-09-15T15:30:00,60244.53,135.76,-0.0020070013704427824,2,2.397362750433804,2.262078578356735,-1.0057587366366864e-05,confluence_lost
A,BTCUSDT/SOLUSDT,short_a_long_b,2024-09-15T16:00:00,60350.01,134.92,2024-09-15T16:30:00,60113.45,133.83,-0.0065590610371941,2,3.213190645145786,3.5076046199890656,-6.929234618285339e-06,regime_break
A,BTCUSDT/SOLUSDT,short_a_long_b,2024-09-15T17:00:00,59961.65,133.35,2024-09-15T18:30:00,59853.5,133.7,0.002028324750780588,4,3.3873820660465768,2.4782761371157487,-6.929234618285339e-06,confluence_lost
A,BTCUSDT/SOLUSDT,short_a_long_b,2024-09-15T19:00:00,59974.66,133.49,2024-09-15T20:00:00,59856.0,132.98,-0.004242008645574377,3,2.747603772275162,2.7177468835625564,-6.929234618285339e-06,confluence_lost
A,BTCUSDT/SOLUSDT,short_a_long_b,2024-09-15T21:00:00,59775.56,132.22,2024-09-15T22:30:00,59483.99,131.88,-9.372576748904781e-05,4,2.937418266497858,2.3754182632110226,-6.929234618285339e-06,confluence_lost
A,BTCUSDT/SOLUSDT,short_a_long_b,2024-09-17T15:30:00,61215.91,134.67,2024-09-17T16:00:00,61150.0,133.59,-0.009342922592691358,2,2.5316899529781085,3.219353855628709,3.178588077309486e-05,regime_break
A,BTCUSDT/SOLUSDT,short_a_long_b,2024-09-17T16:30:00,60909.64,132.39,2024-09-17T19:00:00,60535.5,132.66,0.005781970600262157,6,3.564403567933621,2.0673196957332625,3.6560129490184894e-05,confluence_lost
A,BTCUSDT/SOLUSDT,short_a_long_b,2024-09-18T00:00:00,60334.0,130.73,2024-09-18T00:30:00,60046.38,131.31,0.006803754750155003,2,2.5394233664254773,1.7559605961549107,3.142232293681047e-05,confluence_lost
A,BTCUSDT/SOLUSDT,long_a_short_b,2024-09-19T15:00:00,62873.1,142.02,2024-09-19T15:30:00,63160.05,142.96,-0.004454831072318963,2,-2.3537703602445585,-2.4097544408067453,3.212527623400121e-05,confluence_lost
A,BTCUSDT/SOLUSDT,long_a_short_b,2024-09-19T16:00:00,63152.11,143.6,2024-09-19T16:30:00,63267.82,143.21,0.002148120255499222,2,-2.6152997359385757,-2.210297286754133,3.212527623400121e-05,confluence_lost
A,BTCUSDT/SOLUSDT,long_a_short_b,2024-09-20T04:30:00,63829.92,148.16,2024-09-20T05:00:00,63814.0,149.18,-0.009533862058615214,2,-2.39659032158292,-2.6233260103916343,4.4394055993408134e-05,confluence_lost
A,BTCUSDT/SOLUSDT,long_a_short_b,2024-09-20T06:30:00,63678.35,151.43,2024-09-20T07:00:00,63754.0,150.0,0.00823130902622378,2,-3.046082119032109,-2.4694866259187047,4.4394055993408134e-05,confluence_lost
A,BTCUSDT/SOLUSDT,long_a_short_b,2024-09-20T07:30:00,63469.99,151.04,2024-09-20T08:00:00,63512.11,150.36,0.0027657393567856593,2,-2.8030719584803405,-2.483045287398266,4.4394055993408134e-05,confluence_lost
A,BTCUSDT/SOLUSDT,long_a_short_b,2024-09-20T08:30:00,63210.0,150.8,2024-09-20T09:00:00,63299.99,150.94,-0.0019047148215896458,2,-2.6586973095880806,-2.526196392559562,3.3410932439317436e-05,confluence_lost
A,BTCUSDT/SOLUSDT,long_a_short_b,2024-09-20T09:30:00,63453.84,150.96,2024-09-20T10:00:00,63507.5,150.62,0.0006979063529340547,2,-2.350963592179255,-2.163207412004744,3.3410932439317436e-05,confluence_lost
A,BTCUSDT/SOLUSDT,long_a_short_b,2024-09-20T10:30:00,63468.23,151.59,2024-09-20T11:00:00,63681.3,150.35,0.00913707178477137,2,-2.3258915763810997,-1.8655104640987212,3.3410932439317436e-05,confluence_lost
A,BTCUSDT/SOLUSDT,short_a_long_b,2024-09-22T12:00:00,62789.99,144.64,2024-09-22T12:30:00,62793.99,144.83,-0.0011500982269856829,2,2.382291925419823,2.140176678904802,6.762629294795332e-05,confluence_lost
A,BTCUSDT/SOLUSDT,short_a_long_b,2024-09-22T13:00:00,62751.99,144.34,2024-09-22T13:30:00,62711.1,143.62,-0.0067366094515711045,2,2.5104962875785346,3.064675296069637,6.762629294795332e-05,regime_break
A,BTCUSDT/SOLUSDT,short_a_long_b,2024-09-22T14:00:00,62604.0,143.24,2024-09-22T14:30:00,62494.01,143.35,0.00012485840662486382,2,3.055826031910804,2.535404424970162,6.762629294795332e-05,confluence_lost
A,BTCUSDT/SOLUSDT,short_a_long_b,2024-09-22T15:00:00,62667.28,143.66,2024-09-22T15:30:00,62757.99,143.13,-0.007536752156380541,2,2.5117401303503355,3.086533264001628,6.762629294795332e-05,regime_break
A,BTCUSDT/SOLUSDT,short_a_long_b,2024-09-22T16:00:00,62663.99,143.27,2024-09-22T16:30:00,62650.01,143.58,-1.3158592798754188e-05,2,2.6061748784626295,2.1984289253904765,6.490267229285258e-05,confluence_lost
A,BTCUSDT/SOLUSDT,short_a_long_b,2024-09-22T19:00:00,62971.99,143.39,2024-09-22T19:30:00,62897.99,144.68,0.007771568905808504,2,2.648037621716499,1.3976043620134766,6.490267229285258e-05,confluence_lost
A,BTCUSDT/SOLUSDT,short_a_long_b,2024-09-22T21:30:00,63227.78,141.9,2024-09-22T22:00:00,62799.84,142.45,0.008244196502370807,2,3.7112140032689123,2.477115759925734,6.490267229285258e-05,confluence_lost
A,BTCUSDT/SOLUSDT,short_a_long_b,2024-09-22T23:00:00,63872.0,144.44,2024-09-22T23:30:00,63469.44,144.63,0.005218030300423518,2,2.645443943300363,1.8449592807780744,6.490267229285258e-05,confluence_lost
A,BTCUSDT/SOLUSDT,short_a_long_b,2024-09-23T00:00:00,63552.0,143.96,2024-09-23T00:30:00,63082.0,145.59,0.0163181082386374,2,2.321685333745601,0.5676894173954509,6.502652289444089e-05,confluence_lost
A,BTCUSDT/SOLUSDT,long_a_short_b,2024-09-24T22:00:00,64122.0,151.11,2024-09-24T22:30:00,64362.99,153.35,-0.0134653339270248,2,-2.665978345929314,-3.4831552004739392,3.2886751516314724e-05,regime_break
A,BTCUSDT/SOLUSDT,long_a_short_b,2024-09-24T23:00:00,64537.03,153.07,2024-09-24T23:30:00,64331.99,152.73,-0.0033558847496101695,2,-2.909011227628611,-2.8348953243316197,3.2886751516314724e-05,confluence_lost
A,BTCUSDT/SOLUSDT,long_a_short_b,2024-09-25T00:00:00,64289.0,152.31,2024-09-25T00:30:00,64153.82,151.97,-0.0022704031192920947,2,-2.5447167396559793,-2.4336632358481034,2.829636229046701e-05,confluence_lost
A,BTCUSDT/SOLUSDT,long_a_short_b,2024-09-25T01:00:00,64100.73,152.81,2024-09-25T01:30:00,64423.73,152.5,0.004667607219882866,2,-2.7975864576109117,-2.174695162965306,2.829636229046701e-05,confluence_lost
A,BTCUSDT/SOLUSDT,long_a_short_b,2024-09-26T15:00:00,64460.0,155.91,2024-09-26T15:30:00,64949.97,157.11,-0.0024956001251588565,2,-2.85989197600184,-2.783783001661105,3.007590700493999e-05,confluence_lost
A,BTCUSDT/SOLUSDT,long_a_short_b,2024-09-26T16:00:00,65166.03,157.36,2024-09-26T16:30:00,65476.71,156.62,0.0070701073893394,2,-2.545116474762275,-1.4953187123948954,4.561459433717555e-05,confluence_lost
A,BTCUSDT/SOLUSDT,long_a_short_b,2024-09-27T06:00:00,65369.97,158.36,2024-09-27T06:30:00,65436.44,157.62,0.0032897249537166685,2,-2.4706403517052227,-1.746437624153308,5.7700240040025434e-05,confluence_lost
A,BTCUSDT/SOLUSDT,long_a_short_b,2024-09-27T14:00:00,65675.98,160.04,2024-09-27T14:30:00,66247.99,159.92,0.00705938947285685,2,-2.640978728210947,-1.5448472956561172,5.981574225335311e-05,confluence_lost
A,BTCUSDT/SOLUSDT,long_a_short_b,2024-09-29T19:30:00,65845.99,159.42,2024-09-29T20:00:00,65949.58,159.54,-0.0015795121098399066,2,-2.9681683553008424,-2.6604851155536227,4.5595736418645654e-05,confluence_lost
A,BTCUSDT/SOLUSDT,long_a_short_b,2024-09-29T20:30:00,65890.0,160.24,2024-09-29T21:00:00,65809.99,160.75,-0.006797022465997268,2,-3.5772062280948456,-4.072135496314155,4.5595736418645654e-05,regime_break
A,BTCUSDT/SOLUSDT,long_a_short_b,2024-09-29T21:30:00,65836.01,160.07,2024-09-29T22:00:00,65889.99,159.74,0.0004815140816086384,2,-2.994763497639833,-2.384273409018432,4.5595736418645654e-05,confluence_lost
A,BTCUSDT/SOLUSDT,long_a_short_b,2024-09-30T00:30:00,65197.52,158.71,2024-09-30T01:00:00,65451.99,159.03,-0.0005131934940419279,2,-2.8227264547527713,-2.4174646320443127,4.230112832561329e-05,confluence_lost
A,BTCUSDT/SOLUSDT,long_a_short_b,2024-09-30T03:00:00,64370.83,156.63,2024-09-30T03:30:00,64399.19,156.19,0.0008497403313082043,2,-2.4405136973219577,-1.9002065058228184,4.230112832561329e-05,confluence_lost
A,BTCUSDT/SOLUSDT,long_a_short_b,2024-09-30T07:00:00,64371.05,157.49,2024-09-30T07:30:00,64559.91,156.86,0.004534181580714017,2,-2.6367278493725954,-1.692824399989256,4.230112832561329e-05,confluence_lost
A,BTCUSDT/SOLUSDT,long_a_short_b,2024-09-30T12:30:00,63846.02,156.74,2024-09-30T13:00:00,64033.99,156.8,0.00016131506509382788,2,-2.4433318530025807,-2.078628744444137,5.054309980881034e-05,confluence_lost
A,BTCUSDT/SOLUSDT,short_a_long_b,2024-10-01T15:00:00,62579.99,149.01,2024-10-01T15:30:00,62410.17,149.61,0.004340222363691429,2,2.812242612816881,1.9060118506522323,7.673015532842518e-05,confluence_lost
A,BTCUSDT/SOLUSDT,short_a_long_b,2024-10-01T16:00:00,62567.14,148.34,2024-10-01T17:00:00,62404.0,146.22,-0.014084053532445281,3,3.2973693947185887,4.3003443245653115,7.673015532842518e-05,regime_break
A,BTCUSDT/SOLUSDT,short_a_long_b,2024-10-01T18:30:00,62294.01,147.35,2024-10-01T19:00:00,61924.0,147.53,0.004761317689972636,2,3.0591306668228975,2.1821022307305333,8.190123192210847e-05,confluence_lost
A,BTCUSDT/SOLUSDT,short_a_long_b,2024-10-01T19:30:00,62002.0,145.42,2024-10-01T20:00:00,61708.0,143.65,-0.009829858241537079,2,3.6128994229483817,3.972220459673293,8.190123192210847e-05,regime_break
A,BTCUSDT/SOLUSDT,short_a_long_b,2024-10-02T19:00:00,60707.99,139.13,2024-10-02T19:30:00,60289.98,139.98,0.010594978674709446,2,3.1714077550501543,2.215157716453985,8.018688964236379e-05,confluence_lost
A,BTCUSDT/SOLUSDT,short_a_long_b,2024-10-02T20:00:00,60302.0,139.11,2024-10-02T20:30:00,60419.89,140.85,0.00815309392440762,2,2.540366738939828,1.8208286173187491,8.018688964236379e-05,confluence_lost
A,BTCUSDT/SOLUSDT,short_a_long_b,2024-10-03T08:00:00,60908.01,137.35,2024-10-03T09:30:00,60695.29,137.33,0.0009468664925018212,4,2.604881367572054,2.241186271014681,6.440466163550402e-05,confluence_lost
A,BTCUSDT/SOLUSDT,short_a_long_b,2024-10-03T10:00:00,60706.0,137.03,2024-10-03T10:30:00,60822.0,138.27,0.004738264322864352,2,2.301851621874411,1.9044691088781818,6.440466163550402e-05,confluence_lost
A,BTCUSDT/SOLUSDT,short_a_long_b,2024-10-03T11:00:00,61047.16,137.36,2024-10-03T11:30:00,60700.71,136.85,-0.00043775060993427083,2,2.366219523043998,2.210331828025446,6.440466163550402e-05,confluence_lost
A,BTCUSDT/SOLUSDT,short_a_long_b,2024-10-03T12:00:00,60711.0,135.66,2024-10-03T12:30:00,60575.75,136.12,0.0032185976365824566,2,2.5820951840500954,2.24440875403587,6.440466163550402e-05,confluence_lost
A,BTCUSDT/SOLUSDT,short_a_long_b,2024-10-03T15:00:00,60149.36,133.93,2024-10-03T16:00:00,60615.01,134.4,-0.006632266104138515,3,2.373481824839197,2.411406406289928,6.440466163550402e-05,confluence_lost
A,BTCUSDT/SOLUSDT,long_a_short_b,2024-10-06T14:00:00,62228.0,145.31,2024-10-06T14:30:00,62409.99,146.37,-0.006770181438263065,2,-2.691105517580705,-3.4123187060608,2.1397475069128593e-05,regime_break
A,BTCUSDT/SOLUSDT,long_a_short_b,2024-10-06T15:30:00,62528.0,146.0,2024-10-06T16:00:00,62747.99,145.51,0.004474428201371186,2,-2.378119089583086,-0.9591424939398526,2.1397475069128593e-05,confluence_lost
A,BTCUSDT/SOLUSDT,long_a_short_b,2024-10-07T00:00:00,62828.01,147.46,2024-10-07T00:30:00,62761.99,149.25,-0.015589690327538139,2,-2.80053058951485,-4.559869784667667,3.033106516527532e-05,regime_break
A,BTCUSDT/SOLUSDT,long_a_short_b,2024-10-07T01:30:00,63885.87,150.44,2024-10-07T02:00:00,63859.98,150.24,-0.001475820270477699,2,-2.7288497079688923,-2.4770449013916203,3.033106516527532e-05,confluence_lost
A,BTCUSDT/SOLUSDT,long_a_short_b,2024-10-07T03:00:00,63675.01,150.08,2024-10-07T03:30:00,63634.84,149.94,-0.0020980239151296297,2,-2.5677438750039197,-2.435179487583609,3.033106516527532e-05,confluence_lost
A,BTCUSDT/SOLUSDT,long_a_short_b,2024-10-07T04:00:00,63559.98,150.39,2024-10-07T04:30:00,63644.0,149.53,0.00464036630583993,2,-2.854099424160048,-1.8642178865204233,3.033106516527532e-05,confluence_lost
A,BTCUSDT/SOLUSDT,short_a_long_b,2024-10-07T22:30:00,63236.01,144.46,2024-10-07T23:00:00,62169.11,144.91,0.017586765121777995,2,2.3249322110953403,-0.2743474931241322,2.154076781603075e-05,z_mean_revert
A,BTCUSDT/SOLUSDT,short_a_long_b,2024-10-08T05:00:00,62723.67,143.07,2024-10-08T05:30:00,62451.99,143.76,0.0067541932137351185,2,2.6171398711175415,1.4045786877520574,1.3025041634690583e-05,confluence_lost
A,BTCUSDT/SOLUSDT,short_a_long_b,2024-10-08T07:00:00,62488.02,142.73,2024-10-08T07:30:00,62135.0,143.08,0.005701585319917338,2,2.3115077380994227,1.2739439838680775,1.3025041634690583e-05,confluence_lost
A,BTCUSDT/SOLUSDT,short_a_long_b,2024-10-08T14:00:00,63154.0,142.75,2024-10-08T15:30:00,62222.0,142.8,0.012707839414253755,4,3.019972826658553,1.23276548141543,2.5895032382537117e-05,confluence_lost
A,BTCUSDT/SOLUSDT,short_a_long_b,2024-10-09T16:00:00,62329.99,141.19,2024-10-09T16:30:00,61818.01,140.85,0.003405920901211237,2,2.591170837708376,1.696732219021673,5.7911219745537516e-05,confluence_lost
A,BTCUSDT/SOLUSDT,short_a_long_b,2024-10-10T09:00:00,60834.71,137.8,2024-10-10T09:30:00,60719.22,138.43,0.004070266042945206,2,2.5224572142510224,1.3536235034591406,4.204950330285603e-05,confluence_lost
A,BTCUSDT/SOLUSDT,short_a_long_b,2024-10-10T13:30:00,61051.6,138.08,2024-10-10T14:00:00,61032.01,137.23,-0.008234975568830613,2,2.5486736103228753,3.4316290301535797,4.204950330285603e-05,regime_break
A,BTCUSDT/SOLUSDT,long_a_short_b,2024-10-11T01:30:00,60138.74,140.26,2024-10-11T05:00:00,60742.26,140.95,0.0027160260005278515,8,-2.517678392629465,-1.4924087374394037,4.76790822449376e-05,confluence_lost
A,BTCUSDT/SOLUSDT,long_a_short_b,2024-10-13T09:30:00,62802.31,147.68,2024-10-13T10:00:00,62821.33,147.73,-0.002435714778837459,2,-3.5379135350140256,-3.303578262155627,2.191952570657318e-05,regime_break
A,BTCUSDT/SOLUSDT,long_a_short_b,2024-10-13T12:00:00,62574.46,147.43,2024-10-13T12:30:00,62719.99,147.3,0.0008074836444470069,2,-3.333779006381385,-2.4171431135328154,2.191952570657318e-05,confluence_lost
A,BTCUSDT/SOLUSDT,long_a_short_b,2024-10-13T13:00:00,62660.0,148.03,2024-10-13T13:30:00,62757.57,147.23,0.004561443674806667,2,-3.5761503283502436,-1.927005567607515,2.191952570657318e-05,confluence_lost
A,BTCUSDT/SOLUSDT,long_a_short_b,2024-10-13T23:30:00,62719.99,147.74,2024-10-14T00:30:00,62637.68,147.2,-5.727105339185844e-05,3,-2.384299629233185,-1.8140804114049633,2.5799631105112473e-05,confluence_lost
A,BTCUSDT/SOLUSDT,long_a_short_b,2024-10-14T01:00:00,62547.93,148.21,2024-10-14T02:00:00,62592.5,148.55,-0.0039814686957633655,3,-3.288399718777544,-3.2709453029901625,3.2130824192865255e-05,regime_break
A,BTCUSDT/SOLUSDT,long_a_short_b,2024-10-14T02:30:00,62580.0,148.42,2024-10-14T03:00:00,62625.29,150.0,-0.01232175192414546,2,-2.9806111838804905,-4.213529651610078,3.2130824192865255e-05,regime_break
A,BTCUSDT/SOLUSDT,long_a_short_b,2024-10-14T03:30:00,63279.88,152.51,2024-10-14T04:00:00,64369.99,152.11,0.017449581413446283,2,-4.55383703228458,-1.7342596492358513,3.2130824192865255e-05,confluence_lost
A,BTCUSDT/SOLUSDT,long_a_short_b,2024-10-14T06:00:00,63910.0,152.08,2024-10-14T06:30:00,64052.81,151.99,0.0004263423766867748,2,-2.3944474669279945,-1.967634375276072,3.2130824192865255e-05,confluence_lost
A,BTCUSDT/SOLUSDT,long_a_short_b,2024-10-14T07:30:00,64089.99,153.04,2024-10-14T08:00:00,64660.71,152.66,0.008987989742536853,2,-2.57055331928865,-1.185394019240692,3.2130824192865255e-05,confluence_lost
A,BTCUSDT/SOLUSDT,long_a_short_b,2024-10-15T13:30:00,65830.0,158.55,2024-10-15T14:00:00,67868.94,155.06,0.05058479235119791,2,-2.4401827004405914,3.6506803399973067,7.51632539074942e-05,confluence_lost
A,BTCUSDT/SOLUSDT,short_a_long_b,2024-10-15T14:30:00,66764.0,152.37,2024-10-15T15:00:00,65394.0,153.19,0.023501677545664193,2,3.5586975050992087,0.7881456102169965,7.51632539074942e-05,confluence_lost
A,BTCUSDT/SOLUSDT,short_a_long_b,2024-10-15T17:00:00,66949.01,154.45,2024-10-15T17:30:00,66653.2,154.77,0.004090305173877942,2,2.331267541107266,1.6587328433451451,8.068253081693993e-05,confluence_lost
A,BTCUSDT/SOLUSDT,short_a_long_b,2024-10-15T20:00:00,66945.48,153.38,2024-10-15T20:30:00,66643.99,152.78,-0.0018083375164276582,2,2.81001750453817,2.643803580058096,8.068253081693993e-05,confluence_lost
A,BTCUSDT/SOLUSDT,short_a_long_b,2024-10-15T22:30:00,66809.64,152.99,2024-10-15T23:00:00,66779.73,153.59,0.001969514840153688,2,2.459751311166622,2.0241332596836026,8.068253081693993e-05,confluence_lost
A,BTCUSDT/SOLUSDT,short_a_long_b,2024-10-16T00:00:00,67108.0,153.61,2024-10-16T00:30:00,66839.99,153.79,0.002765510340037205,2,2.3013536532999175,1.828604096350185,8.125307952428661e-05,confluence_lost
A,BTCUSDT/SOLUSDT,short_a_long_b,2024-10-17T16:00:00,67542.0,151.62,2024-10-17T16:30:00,67290.01,151.29,-0.0008456301073981741,2,2.560602459477981,2.299040143777965,9.157120011245422e-05,confluence_lost
A,BTCUSDT/SOLUSDT,short_a_long_b,2024-10-17T17:00:00,67425.3,149.9,2024-10-17T17:30:00,67266.01,149.47,-0.0029061127381283945,2,3.510319092239568,3.3650857134459136,9.344426675413105e-05,regime_break
A,BTCUSDT/SOLUSDT,short_a_long_b,2024-10-17T18:00:00,67286.0,148.27,2024-10-17T18:30:00,66960.0,148.52,0.004131103214421297,2,4.023293182787213,3.101491421230768,9.344426675413105e-05,regime_break
A,BTCUSDT/SOLUSDT,short_a_long_b,2024-10-17T19:00:00,66962.26,149.12,2024-10-17T19:30:00,66901.55,149.38,0.0002501923245909611,2,2.5598614742520125,2.2215685750335106,9.344426675413105e-05,confluence_lost
A,BTCUSDT/SOLUSDT,long_a_short_b,2024-10-19T14:30:00,68286.0,156.97,2024-10-19T16:30:00,68107.99,156.09,0.0005993366865166406,5,-2.942716564892448,-2.156562658050452,9.81340546213599e-05,confluence_lost
A,BTCUSDT/SOLUSDT,long_a_short_b,2024-10-19T19:00:00,68180.0,156.64,2024-10-19T21:00:00,68238.0,157.84,-0.009210189095679541,5,-2.440425107053183,-3.0603521661135438,9.854870914994659e-05,regime_break
A,BTCUSDT/SOLUSDT,long_a_short_b,2024-10-19T22:00:00,68227.22,157.85,2024-10-19T22:30:00,68270.0,158.91,-0.008488213513611328,2,-2.875747003528025,-3.4379391100359746,9.854870914994659e-05,regime_break
A,BTCUSDT/SOLUSDT,long_a_short_b,2024-10-19T23:00:00,68321.11,159.49,2024-10-19T23:30:00,68385.05,159.79,-0.0033451209491919686,2,-3.5570391187933383,-3.4397410011522345,9.854870914994659e-05,regime_break
A,BTCUSDT/SOLUSDT,long_a_short_b,2024-10-20T00:00:00,68385.36,159.71,2024-10-20T01:00:00,68233.12,159.31,-0.002121668002861885,3,-3.1976490005145166,-2.916385148217141,9.887121822773624e-05,confluence_lost
A,BTCUSDT/SOLUSDT,long_a_short_b,2024-10-20T01:30:00,68230.0,158.8,2024-10-20T02:00:00,68158.0,158.83,-0.0036441711635448047,2,-2.475491377652897,-2.50292055124953,9.887121822773624e-05,confluence_lost
A,BTCUSDT/SOLUSDT,long_a_short_b,2024-10-20T03:30:00,68136.31,159.03,2024-10-20T04:00:00,68188.01,159.4,-0.003967831930763929,2,-2.412267146383125,-2.4504897617141466,9.887121822773624e-05,confluence_lost
A,BTCUSDT/SOLUSDT,long_a_short_b,2024-10-20T05:00:00,68244.86,159.87,2024-10-20T07:00:00,68383.0,159.06,0.004690798373908692,5,-2.4462031919614757,-1.605783190537036,9.887121822773624e-05,confluence_lost
A,BTCUSDT/SOLUSDT,long_a_short_b,2024-10-20T21:30:00,68690.0,163.76,2024-10-20T22:00:00,68849.62,165.32,-0.009602362333467604,2,-2.428341519336321,-2.791622825177527,9.93171567056676e-05,confluence_lost
A,BTCUSDT/SOLUSDT,long_a_short_b,2024-10-20T22:30:00,69107.29,166.69,2024-10-20T23:00:00,69072.33,167.47,-0.007585224951546496,2,-2.9369653778119638,-3.080070084303751,9.93171567056676e-05,regime_break
A,BTCUSDT/SOLUSDT,long_a_short_b,2024-10-20T23:30:00,69092.01,167.4,2024-10-21T00:00:00,69004.07,169.8,-0.018009713071206065,2,-2.878529604697158,-3.522587853436925,9.93171567056676e-05,regime_break
A,BTCUSDT/SOLUSDT,long_a_short_b,2024-10-21T00:30:00,69479.76,168.73,2024-10-21T01:30:00,69346.78,169.82,-0.010773963569807796,3,-2.660656658834163,-2.8127844472815062,9.946889965996369e-05,confluence_lost
A,BTCUSDT/SOLUSDT,long_a_short_b,2024-10-21T02:00:00,69262.94,169.31,2024-10-21T03:00:00,68742.01,168.87,-0.007322266199399838,3,-2.603954603626125,-2.6208177322039465,9.946889965996369e-05,confluence_lost
A,BTCUSDT/SOLUSDT,long_a_short_b,2024-10-21T03:30:00,68826.94,169.51,2024-10-21T04:00:00,68927.96,168.96,0.0023123855647286386,2,-2.622320646358238,-2.3228884405391916,9.946889965996369e-05,confluence_lost
A,BTCUSDT/SOLUSDT,long_a_short_b,2024-10-21T04:30:00,68826.83,170.62,2024-10-21T06:00:00,68927.99,170.69,-0.0013404927653493525,4,-2.695030996409941,-2.381129243703716,9.946889965996369e-05,confluence_lost
A,BTCUSDT/SOLUSDT,long_a_short_b,2024-10-23T13:00:00,66396.62,167.99,2024-10-23T13:30:00,66515.98,169.07,-0.007031272234460359,2,-2.5971444996176563,-3.203322166593873,9.990855387786657e-05,regime_break
A,BTCUSDT/SOLUSDT,long_a_short_b,2024-10-23T15:30:00,66195.49,168.13,2024-10-23T16:00:00,66280.0,166.43,0.008987896536521392,2,-2.9116347443674466,-1.467923990756163,9.990855387786657e-05,confluence_lost
A,BTCUSDT/SOLUSDT,long_a_short_b,2024-10-23T17:00:00,65883.99,167.29,2024-10-23T17:30:00,65854.01,166.23,0.003481259965220043,2,-2.732562504868609,-1.9442950035495121,9.992887523834066e-05,confluence_lost
A,BTCUSDT/SOLUSDT,long_a_short_b,2024-10-23T18:00:00,65743.99,167.56,2024-10-23T18:30:00,65630.01,169.73,-0.01708427945834738,2,-2.971296750009893,-4.204401074543405,9.992887523834066e-05,regime_break
A,BTCUSDT/SOLUSDT,long_a_short_b,2024-10-23T19:00:00,66131.99,170.56,2024-10-23T19:30:00,66154.14,173.02,-0.016488140684200833,2,-3.5997797317215694,-4.410204978819273,9.992887523834066e-05,regime_break
A,BTCUSDT/SOLUSDT,long_a_short_b,2024-10-23T20:00:00,66406.0,172.73,2024-10-23T20:30:00,66444.01,173.6,-0.006864374540207538,2,-3.617439805049342,-3.6669510553373326,9.992887523834066e-05,regime_break
A,BTCUSDT/SOLUSDT,long_a_short_b,2024-10-23T21:00:00,66618.0,172.15,2024-10-23T23:30:00,66693.98,170.85,0.006292086466222216,6,-2.674838594146463,-1.6849787285933537,9.992887523834066e-05,confluence_lost
A,BTCUSDT/SOLUSDT,long_a_short_b,2024-10-24T00:30:00,66598.0,172.92,2024-10-24T01:00:00,67386.53,172.86,0.009787126612721811,2,-2.4445770330838608,-1.6102628255814977,9.994468074093163e-05,confluence_lost
A,BTCUSDT/SOLUSDT,short_a_long_b,2024-10-25T17:00:00,67620.0,170.0,2024-10-25T17:30:00,67454.39,167.94,-0.012068519581745749,2,2.9117484913909437,3.8288682013084028,9.998425458877946e-05,regime_break
A,BTCUSDT/SOLUSDT,short_a_long_b,2024-10-25T18:30:00,67388.0,169.36,2024-10-25T19:00:00,67081.99,168.22,-0.004590207224715856,2,2.6732759808261255,2.760490349747466,9.998425458877946e-05,confluence_lost
A,BTCUSDT/SOLUSDT,short_a_long_b,2024-10-25T19:30:00,66894.02,167.95,2024-10-25T20:00:00,66867.03,167.86,-0.002532399739448674,2,2.536891127943447,2.4461145769748702,9.998425458877946e-05,confluence_lost
A,BTCUSDT/SOLUSDT,short_a_long_b,2024-10-25T20:30:00,66869.98,167.15,2024-10-25T21:00:00,66974.0,168.14,0.0019672677901447356,2,2.7382683297902632,2.2366475799686616,9.998425458877946e-05,confluence_lost
A,BTCUSDT/SOLUSDT,short_a_long_b,2024-10-25T22:00:00,67304.72,165.99,2024-10-25T22:30:00,67252.4,163.79,-0.014876450428005047,2,3.4743462136844263,4.073896203565258,9.998425458877946e-05,regime_break
A,BTCUSDT/SOLUSDT,short_a_long_b,2024-10-25T23:00:00,66634.64,161.97,2024-10-25T23:30:00,66046.0,164.9,0.024523613488991527,2,3.8399463950441985,1.8978122607129813,9.998425458877946e-05,confluence_lost
A,BTCUSDT/SOLUSDT,short_a_long_b,2024-10-26T00:00:00,66759.01,164.72,2024-10-26T00:30:00,66756.51,164.87,-0.0014519156400953225,2,2.590125618164578,2.422404001595063,8.833219801349513e-05,confluence_lost
A,BTCUSDT/SOLUSDT,short_a_long_b,2024-10-26T01:30:00,66743.62,163.33,2024-10-26T02:00:00,66688.31,163.56,-0.0001631145569184621,2,2.762365158097131,2.5119901838803593,8.833219801349513e-05,confluence_lost
A,BTCUSDT/SOLUSDT,short_a_long_b,2024-10-29T14:00:00,71736.0,179.13,2024-10-29T14:30:00,71554.49,179.42,0.001749185773131059,2,2.31616650110463,1.9058844927367984,9.647178000706543e-05,confluence_lost
A,BTCUSDT/SOLUSDT,short_a_long_b,2024-10-29T17:30:00,72970.0,180.9,2024-10-29T18:00:00,72754.76,181.05,0.0013788927547179887,2,2.4828535230825164,2.1237445960124735,9.725582889438422e-05,confluence_lost
A,BTCUSDT/SOLUSDT,short_a_long_b,2024-10-29T19:00:00,73374.86,179.06,2024-10-29T19:30:00,72856.0,178.17,-0.0002990416644739623,2,3.357254644987635,3.03798362331171,9.725582889438422e-05,regime_break
A,BTCUSDT/SOLUSDT,short_a_long_b,2024-10-29T20:00:00,72627.61,177.05,2024-10-29T20:30:00,71903.08,178.44,0.015426847758204867,2,3.093913221897872,1.821698676459213,9.725582889438422e-05,confluence_lost
A,BTCUSDT/SOLUSDT,short_a_long_b,2024-10-30T15:00:00,72401.23,174.2,2024-10-30T15:30:00,71940.0,173.93,0.0024205292881484676,2,2.406286574222673,2.0425164952309394,9.833994587438059e-05,confluence_lost
A,BTCUSDT/SOLUSDT,long_a_short_b,2024-11-01T13:30:00,70245.99,172.97,2024-11-01T14:00:00,71062.0,173.34,0.007077364535225519,2,-3.1960473286412645,-1.717439801354954,9.963250161763019e-05,confluence_lost
A,BTCUSDT/SOLUSDT,short_a_long_b,2024-11-01T15:30:00,70826.98,164.09,2024-11-01T16:30:00,70266.0,166.31,0.01904958888924098,3,5.2808837711689325,2.3481188158843276,9.963250161763019e-05,confluence_lost
A,BTCUSDT/SOLUSDT,short_a_long_b,2024-11-02T13:30:00,69626.0,164.25,2024-11-02T14:30:00,69188.65,163.46,-0.00092832338695352,3,2.339579995096739,1.9942369483608036,9.982708923847348e-05,confluence_lost
A,BTCUSDT/SOLUSDT,short_a_long_b,2024-11-03T15:00:00,67865.49,158.45,2024-11-03T15:30:00,67582.02,159.99,0.011496093131488541,2,2.9090340521255524,1.089427330605042,9.991864418216243e-05,confluence_lost
A,BTCUSDT/SOLUSDT,short_a_long_b,2024-11-03T16:30:00,68300.01,159.51,2024-11-03T20:00:00,68763.2,160.98,3.402575562301514e-05,8,2.951368539529393,2.1268343468546025,9.993672325279301e-05,confluence_lost
A,BTCUSDT/SOLUSDT,short_a_long_b,2024-11-04T21:30:00,67424.01,155.37,2024-11-04T22:00:00,67178.0,156.6,0.009165286431770572,2,3.319166881722405,1.837522236589914,9.997022781304253e-05,confluence_lost
A,BTCUSDT/SOLUSDT,short_a_long_b,2024-11-05T01:00:00,67999.91,157.31,2024-11-05T02:30:00,67996.2,158.27,0.0037571588575984883,4,2.448599044650682,1.6386343170648097,9.997684385458863e-05,confluence_lost
A,BTCUSDT/SOLUSDT,long_a_short_b,2024-11-05T14:00:00,68801.0,165.16,2024-11-05T14:30:00,69460.0,166.9,-0.003356889404649441,2,-2.6163645188891453,-2.614785988339066,9.998198966468004e-05,confluence_lost
A,BTCUSDT/SOLUSDT,long_a_short_b,2024-11-05T16:00:00,69565.2,167.86,2024-11-05T16:30:00,69983.96,168.56,-0.0005504652799013664,2,-2.9202096357141643,-2.5764612603066372,9.998198966468004e-05,confluence_lost
A,BTCUSDT/SOLUSDT,long_a_short_b,2024-11-05T22:30:00,69348.11,167.39,2024-11-05T23:30:00,69865.33,166.62,0.009658350137355123,3,-2.3093554668901195,-0.9895519216438037,9.998599196141782e-05,confluence_lost
A,BTCUSDT/SOLUSDT,long_a_short_b,2024-11-06T00:00:00,69436.0,169.07,2024-11-06T00:30:00,70487.99,172.53,-0.007714397896248212,2,-2.9394860340711335,-3.221118744010913,9.998910485888052e-05,regime_break
A,BTCUSDT/SOLUSDT,long_a_short_b,2024-11-06T01:30:00,71154.07,173.29,2024-11-06T02:00:00,71199.63,177.34,-0.025130926733888878,2,-2.549104225118076,-4.054163681307901,9.998910485888052e-05,regime_break
A,BTCUSDT/SOLUSDT,long_a_short_b,2024-11-06T02:30:00,72682.16,179.63,2024-11-06T03:00:00,73139.98,181.39,-0.00589898571477647,2,-3.219111653459262,-3.2443773502516593,9.998910485888052e-05,regime_break
A,BTCUSDT/SOLUSDT,long_a_short_b,2024-11-06T03:30:00,73922.0,184.94,2024-11-06T04:00:00,74566.99,186.91,-0.0043268253891564495,2,-3.5560911356592904,-3.41228941212915,9.998910485888052e-05,regime_break
A,BTCUSDT/SOLUSDT,long_a_short_b,2024-11-06T04:30:00,74726.45,185.1,2024-11-06T06:00:00,74770.33,186.3,-0.008295773760319577,4,-2.5601441678454115,-2.5201883740115916,9.998910485888052e-05,confluence_lost
A,BTCUSDT/SOLUSDT,long_a_short_b,2024-11-06T07:00:00,74437.77,186.94,2024-11-06T08:00:00,73500.47,181.07,0.016408723394306948,3,-2.700002926555019,-1.6294296941662612,9.998910485888052e-05,confluence_lost
A,BTCUSDT/SOLUSDT,long_a_short_b,2024-11-06T08:30:00,72836.5,183.16,2024-11-06T09:00:00,73514.99,184.06,0.0020015105394497047,2,-2.5176847049803825,-2.2249278573073985,9.999152600135152e-05,confluence_lost
A,BTCUSDT/SOLUSDT,long_a_short_b,2024-11-08T00:00:00,75917.99,199.26,2024-11-08T00:30:00,76315.37,198.9,0.004641017202010447,2,-3.142513227373489,-2.5462458726259394,9.999758806253646e-05,confluence_lost
A,BTCUSDT/SOLUSDT,long_a_short_b,2024-11-08T01:00:00,75990.36,199.98,2024-11-08T01:30:00,76165.43,198.29,0.008354689940619012,2,-3.1259610545031222,-2.32009958610585,9.999758806253646e-05,confluence_lost
A,BTCUSDT/SOLUSDT,long_a_short_b,2024-11-08T03:30:00,75770.0,198.15,2024-11-08T04:30:00,75984.39,197.77,0.0023472230511804716,3,-2.33731476844393,-1.8919727713519796,9.999758806253646e-05,confluence_lost
A,BTCUSDT/SOLUSDT,long_a_short_b,2024-11-08T05:00:00,75860.0,199.82,2024-11-08T05:30:00,76020.07,199.2,0.002812863697021564,2,-2.5289530799378808,-2.1342227769891746,9.999758806253646e-05,confluence_lost
A,BTCUSDT/SOLUSDT,long_a_short_b,2024-11-08T09:00:00,75827.69,201.93,2024-11-08T09:30:00,76042.01,202.29,-0.0013563878817639962,2,-2.526317244311321,-2.3720482855960285,9.999812404863947e-05,confluence_lost
A,BTCUSDT/SOLUSDT,long_a_short_b,2024-11-08T10:00:00,75926.27,202.13,2024-11-08T10:30:00,75970.01,203.57,-0.008948042842183798,2,-2.3163157052477596,-2.524082430290125,9.999812404863947e-05,confluence_lost
A,BTCUSDT/SOLUSDT,long_a_short_b,2024-11-08T11:00:00,76241.99,204.05,2024-11-08T11:30:00,76098.54,203.06,0.0005702428951619011,2,-2.3647407873559807,-2.145581334119773,9.999812404863947e-05,confluence_lost
A,BTCUSDT/SOLUSDT,short_a_long_b,2024-11-10T12:00:00,79976.43,203.72,2024-11-10T12:30:00,79365.64,205.49,0.01392552092540296,2,2.9115516883317607,1.0233561367478432,0.00013467291804019336,confluence_lost
A,BTCUSDT/SOLUSDT,long_a_short_b,2024-11-10T15:30:00,79599.99,212.23,2024-11-10T16:00:00,79733.99,210.23,0.008707155693933946,2,-3.035884094992409,-1.4558957220466138,0.00013467291804019336,confluence_lost
A,BTCUSDT/SOLUSDT,long_a_short_b,2024-11-10T17:30:00,79800.0,212.75,2024-11-10T18:00:00,80346.01,214.3,-0.00284331583954027,2,-2.7136901353918326,-2.643381706788373,0.00013610782514237262,confluence_lost
A,BTCUSDT/SOLUSDT,short_a_long_b,2024-11-10T20:30:00,79537.06,202.49,2024-11-10T21:00:00,78958.01,205.99,0.022165058197752788,2,2.9907529087187075,0.10160941632165969,0.00013610782514237262,z_mean_revert
A,BTCUSDT/SOLUSDT,short_a_long_b,2024-11-11T04:00:00,81600.01,206.54,2024-11-11T04:30:00,81350.0,207.89,0.007200111825649683,2,3.3109559947885385,2.1928856671639005,0.00018781275288851204,confluence_lost
A,BTCUSDT/SOLUSDT,short_a_long_b,2024-11-11T05:00:00,81409.73,205.03,2024-11-11T05:30:00,81074.62,206.14,0.007130180304649694,2,3.4513351058411703,2.4090216632086454,0.00018781275288851204,confluence_lost
A,BTCUSDT/SOLUSDT,long_a_short_b,2024-11-11T14:30:00,81598.0,218.81,2024-11-11T15:00:00,82552.69,220.2,0.0029473758132562834,2,-2.51308091652124,-1.9925256285186894,0.00016829880780217603,confluence_lost
A,BTCUSDT/SOLUSDT,short_a_long_b,2024-11-11T21:30:00,88001.01,218.89,2024-11-11T22:00:00,87991.08,217.71,-0.007677995965514925,2,3.1471635453631004,3.2815645472542343,0.00015312129495724804,regime_break
A,BTCUSDT/SOLUSDT,short_a_long_b,2024-11-11T23:30:00,89033.29,222.13,2024-11-12T00:00:00,88786.41,220.47,-0.007100205940288193,2,2.4895515587735346,2.652333654262886,0.00015312129495724804,confluence_lost
A,BTCUSDT/SOLUSDT,short_a_long_b,2024-11-12T01:00:00,88698.25,219.43,2024-11-12T01:30:00,88870.0,218.98,-0.006387108243580061,2,2.66521271212106,2.745761513552222,0.00022827878496674847,confluence_lost
A,BTCUSDT/SOLUSDT,short_a_long_b,2024-11-12T02:00:00,88621.89,218.62,2024-11-12T03:00:00,87666.02,218.31,0.006967950073596477,3,2.560577589905787,1.9082323747222687,0.00022827878496674847,confluence_lost
A,BTCUSDT/SOLUSDT,short_a_long_b,2024-11-12T12:00:00,87088.31,209.63,2024-11-12T12:30:00,87091.99,208.93,-0.0057814726735134075,2,2.328493364514623,2.3561794030147776,0.00027474349941858215,confluence_lost
A,BTCUSDT/SOLUSDT,short_a_long_b,2024-11-14T14:30:00,91381.68,210.48,2024-11-14T15:00:00,88426.62,212.25,0.03834690392995517,2,2.3587414651194307,-0.49991817250377746,0.0001760517775314603,z_mean_revert
A,BTCUSDT/SOLUSDT,long_a_short_b,2024-11-17T03:30:00,90040.68,221.37,2024-11-17T04:00:00,90236.0,233.85,-0.05660696101253575,2,-3.4850118801937056,-6.847543648672518,0.00012937490034293532,regime_break
A,BTCUSDT/SOLUSDT,long_a_short_b,2024-11-17T04:30:00,90455.99,235.08,2024-11-17T05:00:00,90524.0,236.87,-0.009262571790823501,2,-5.728401069844509,-5.193222899855983,0.00012937490034293532,regime_break
A,BTCUSDT/SOLUSDT,long_a_short_b,2024-11-17T05:30:00,90669.75,236.59,2024-11-17T06:00:00,90473.25,237.58,-0.008751659829775146,2,-4.434148245646151,-4.242745495776386,0.00012937490034293532,regime_break
A,BTCUSDT/SOLUSDT,long_a_short_b,2024-11-17T06:30:00,90575.0,239.43,2024-11-17T07:00:00,90648.56,237.35,0.007099443633316785,2,-4.088532340668227,-3.4135049357731284,0.00012937490034293532,regime_break
A,BTCUSDT/SOLUSDT,long_a_short_b,2024-11-17T07:30:00,90501.11,237.23,2024-11-17T08:00:00,90591.55,238.5,-0.006754129693820762,2,-3.2285194202935097,-3.172072613613544,0.00012937490034293532,regime_break
A,BTCUSDT/SOLUSDT,long_a_short_b,2024-11-17T08:30:00,90576.35,237.74,2024-11-17T09:30:00,91178.48,238.15,0.0025231887423617506,3,-2.8961065839927533,-2.496082897024101,0.0001228471447111719,confluence_lost
A,BTCUSDT/SOLUSDT,long_a_short_b,2024-11-17T10:00:00,91319.36,238.84,2024-11-17T10:30:00,91086.53,240.67,-0.012611656810725111,2,-2.4314172770464078,-2.6141803840344005,0.0001228471447111719,confluence_lost
A,BTCUSDT/SOLUSDT,short_a_long_b,2024-11-19T20:30:00,93130.87,239.68,2024-11-19T21:00:00,92543.34,237.15,-0.006647091664725255,2,2.4700406799862953,2.736258558764741,0.00020579119586534487,confluence_lost
A,BTCUSDT/SOLUSDT,short_a_long_b,2024-11-19T21:30:00,92346.38,236.49,2024-11-19T22:00:00,92319.3,234.49,-0.01056377344671193,2,2.701280057540478,3.2038130825017266,0.00020579119586534487,regime_break
A,BTCUSDT/SOLUSDT,short_a_long_b,2024-11-19T22:30:00,91848.56,235.45,2024-11-19T23:00:00,91712.0,236.82,0.004905440367895822,2,2.345793612619434,1.7049381395617142,0.00020579119586534487,confluence_lost
A,BTCUSDT/SOLUSDT,short_a_long_b,2024-11-20T00:00:00,92328.47,235.66,2024-11-20T02:00:00,91961.38,234.25,-0.004407282741655624,5,2.468814972587343,2.3170210539571547,0.00020579119586534487,confluence_lost
A,BTCUSDT/SOLUSDT,short_a_long_b,2024-11-20T02:30:00,91846.77,232.87,2024-11-20T03:00:00,91720.37,231.83,-0.00548980590611374,2,2.5238578498650623,2.605152529225722,0.00018228204122860156,confluence_lost
A,BTCUSDT/SOLUSDT,short_a_long_b,2024-11-20T16:00:00,94753.01,233.63,2024-11-20T16:30:00,93400.0,234.7,0.016459226576080302,2,2.723741412989525,1.6771023476569178,0.0001497755558049565,confluence_lost
A,BTCUSDT/SOLUSDT,short_a_long_b,2024-11-20T17:30:00,94051.25,231.81,2024-11-20T18:00:00,94055.99,232.74,0.001561508248323087,2,2.4789918030407057,2.200923647101803,0.0001497755558049565,confluence_lost
A,BTCUSDT/SOLUSDT,long_a_short_b,2024-11-21T17:00:00,97044.84,257.74,2024-11-21T18:00:00,97869.78,258.64,0.0026087154707481043,3,-2.850141237787524,-2.504907163789808,0.00012341977454197542,confluence_lost
A,BTCUSDT/SOLUSDT,short_a_long_b,2024-11-24T11:30:00,97480.26,248.39,2024-11-24T12:00:00,97230.3,248.65,0.0012109524740080003,2,2.425438409709609,1.97852310484011,0.0001167985897912957,confluence_lost
A,BTCUSDT/SOLUSDT,short_a_long_b,2024-11-24T12:30:00,97054.28,244.81,2024-11-24T13:00:00,96846.64,247.82,0.012034670740041234,2,3.1908204536736,1.7623103180224768,0.0001167985897912957,confluence_lost
A,BTCUSDT/SOLUSDT,short_a_long_b,2024-11-24T13:30:00,97425.0,247.64,2024-11-24T14:00:00,97096.0,245.24,-0.00871453101004542,2,2.3234935543305686,2.776714609919434,0.0001167985897912957,confluence_lost
A,BTCUSDT/SOLUSDT,short_a_long_b,2024-11-24T15:30:00,96632.01,244.17,2024-11-24T16:00:00,95800.88,247.51,0.019879974294825867,2,2.4957744969007742,0.5935713965351997,0.0001167985897912957,confluence_lost
A,BTCUSDT/SOLUSDT,short_a_long_b,2024-11-25T01:00:00,97788.0,247.75,2024-11-25T01:30:00,97057.9,248.55,0.008295212819989864,2,2.308102145590939,1.3557517047932408,0.00015754754197251224,confluence_lost
A,BTCUSDT/SOLUSDT,short_a_long_b,2024-11-25T14:30:00,97105.16,242.06,2024-11-25T15:00:00,95776.45,242.59,0.013472746731538712,2,3.176506537287116,1.8016931057524521,0.00014475919931195396,confluence_lost
A,BTCUSDT/SOLUSDT,short_a_long_b,2024-11-25T17:00:00,95800.14,239.91,2024-11-25T17:30:00,95324.0,239.92,0.002611821172064335,2,2.5276684826410696,2.0532765087161775,0.0001686638216870753,confluence_lost
A,BTCUSDT/SOLUSDT,short_a_long_b,2024-11-25T22:00:00,93868.49,233.53,2024-11-25T22:30:00,93196.11,236.75,0.01855137843210926,2,2.454231237852982,0.9027133586693716,0.0001686638216870753,confluence_lost
A,BTCUSDT/SOLUSDT,short_a_long_b,2024-11-26T08:00:00,93676.0,231.19,2024-11-26T08:30:00,92350.01,232.65,0.018070218438525923,2,2.590679365409234,0.9715175777250876,0.00017974428719341593,confluence_lost
A,BTCUSDT/SOLUSDT,short_a_long_b,2024-11-26T10:30:00,93095.99,227.0,2024-11-26T11:00:00,92380.0,223.44,-0.010391940323914703,2,3.184549881039357,3.4887184799204114,0.00017974428719341593,regime_break
A,BTCUSDT/SOLUSDT,short_a_long_b,2024-11-26T18:00:00,93576.62,225.08,2024-11-26T19:30:00,91848.0,229.03,0.03362209243897503,4,2.8335405722856097,0.7608208168474827,0.00020557666781710127,confluence_lost
A,BTCUSDT/SOLUSDT,long_a_short_b,2024-11-30T08:00:00,96774.96,245.16,2024-11-30T08:30:00,96920.01,244.18,0.003096227589146252,2,-2.377338314299663,-1.547315408324272,0.00015496556738044088,confluence_lost
A,BTCUSDT/SOLUSDT,short_a_long_b,2024-12-01T02:30:00,96053.19,234.56,2024-12-01T03:00:00,95804.01,235.56,0.004457489158582975,2,2.791611185375939,1.8199988668940468,0.0001499297876745877,confluence_lost
A,BTCUSDT/SOLUSDT,short_a_long_b,2024-12-01T05:30:00,96384.0,235.31,2024-12-01T06:00:00,96327.71,236.06,0.0013713029525615618,2,2.3566073211449208,1.8524995948647793,0.0001499297876745877,confluence_lost
A,BTCUSDT/SOLUSDT,short_a_long_b,2024-12-02T02:00:00,98036.0,234.89,2024-12-02T02:30:00,97627.8,234.04,-0.001854938571387008,2,2.346761115838958,2.223796131890431,0.00017131881642302275,confluence_lost
A,BTCUSDT/SOLUSDT,short_a_long_b,2024-12-02T03:00:00,97616.0,232.86,2024-12-02T03:30:00,97404.01,228.47,-0.019080856740206584,2,2.5060034018158253,3.54041511590349,0.00017131881642302275,regime_break
A,BTCUSDT/SOLUSDT,short_a_long_b,2024-12-02T04:00:00,96564.49,228.37,2024-12-02T04:30:00,96441.86,229.37,0.0032487873907223875,2,2.8072666652456135,2.324000378396357,0.00017131881642302275,confluence_lost
A,BTCUSDT/SOLUSDT,short_a_long_b,2024-12-02T05:00:00,96697.0,229.55,2024-12-02T07:30:00,95840.4,228.62,0.0024071946202272733,6,2.359911995812757,1.6997094062529707,0.00017131881642302275,confluence_lost
A,BTCUSDT/SOLUSDT,short_a_long_b,2024-12-02T08:00:00,95916.01,226.13,2024-12-02T08:30:00,95285.25,225.73,0.002407276131485905,2,2.374793451084734,2.022486743134556,0.00017131881642302275,confluence_lost
A,BTCUSDT/SOLUSDT,short_a_long_b,2024-12-02T10:30:00,95108.38,223.59,2024-12-02T11:00:00,94986.21,225.16,0.005906315487225602,2,2.3076921355932822,1.7658695652845122,0.00018781685721790657,confluence_lost
A,BTCUSDT/SOLUSDT,short_a_long_b,2024-12-02T12:30:00,95367.89,222.11,2024-12-02T13:00:00,95012.52,225.02,0.014427922937891816,2,2.6541464049211214,1.6212860305976478,0.00018781685721790657,confluence_lost
A,BTCUSDT/SOLUSDT,short_a_long_b,2024-12-02T17:00:00,96176.02,223.3,2024-12-02T17:30:00,95318.86,220.5,-0.006026776225729821,2,2.32906645833972,2.4305768394107625,0.00017582866672503843,confluence_lost
A,BTCUSDT/SOLUSDT,long_a_short_b,2024-12-03T21:00:00,95567.81,235.3,2024-12-03T21:30:00,95931.03,237.47,-0.00782161731991797,2,-3.0379616201139945,-3.3334493953500877,0.00016954959216280958,regime_break
A,BTCUSDT/SOLUSDT,long_a_short_b,2024-12-03T22:00:00,95908.01,236.0,2024-12-03T22:30:00,95968.27,236.8,-0.005161520109791248,2,-2.8114252210243715,-2.9557933435724038,0.00016954959216280958,confluence_lost
A,BTCUSDT/SOLUSDT,long_a_short_b,2024-12-04T00:00:00,95974.91,238.72,2024-12-04T01:30:00,95739.99,239.15,-0.006648996514398028,4,-3.3537387803498526,-3.2117154198461035,0.00019105857168218523,regime_break
A,BTCUSDT/SOLUSDT,long_a_short_b,2024-12-04T02:30:00,95540.94,235.94,2024-12-04T05:30:00,96356.0,237.95,-0.0023881125082312747,7,-2.3445892880907158,-1.8344428503834882,0.00019105857168218523,confluence_lost
A,BTCUSDT/SOLUSDT,short_a_long_b,2024-12-05T03:30:00,102897.79,232.93,2024-12-05T04:00:00,103147.99,236.31,0.009679258132194238,2,2.4041983591905827,1.845280198997929,0.00022673436225924487,confluence_lost
A,BTCUSDT/SOLUSDT,short_a_long_b,2024-12-09T00:00:00,101212.0,234.93,2024-12-09T01:00:00,99708.53,234.43,0.010326367968344366,3,2.6989936977646756,1.357527451281847,0.00021324395569318922,confluence_lost
A,BTCUSDT/SOLUSDT,short_a_long_b,2024-12-09T08:00:00,99585.34,229.7,2024-12-09T08:30:00,99280.0,226.61,-0.012786215176848234,2,2.434570705994868,3.0784165980886367,0.0002125941877613694,regime_break
A,BTCUSDT/SOLUSDT,short_a_long_b,2024-12-09T09:00:00,98948.46,226.29,2024-12-09T09:30:00,98597.62,226.84,0.003576193811746411,2,2.778989600356171,2.251831510345128,0.0002125941877613694,confluence_lost
A,BTCUSDT/SOLUSDT,short_a_long_b,2024-12-09T15:00:00,100363.63,226.4,2024-12-09T15:30:00,98528.98,224.29,0.006560240347107185,2,2.933566700228099,2.283797156592901,0.0002125941877613694,confluence_lost
A,BTCUSDT/SOLUSDT,short_a_long_b,2024-12-09T21:30:00,96996.0,218.0,2024-12-10T01:00:00,97872.0,218.69,-0.008266162645125738,8,2.4974090591163045,2.1955429753219358,0.00019005103492550953,confluence_lost
A,BTCUSDT/SOLUSDT,short_a_long_b,2024-12-10T02:00:00,97868.01,215.84,2024-12-10T03:00:00,96691.22,209.57,-0.019425039840558808,3,2.669202423383554,3.160523012044386,0.00017003969383095187,regime_break
A,BTCUSDT/SOLUSDT,short_a_long_b,2024-12-10T15:30:00,96631.99,206.55,2024-12-10T16:00:00,95511.99,208.88,0.020470926247474555,2,2.5330757170955804,1.614105727703028,0.00015447531742407368,confluence_lost
A,BTCUSDT/SOLUSDT,short_a_long_b,2024-12-10T17:00:00,96059.97,205.64,2024-12-10T17:30:00,94728.01,203.75,0.002275102558690525,2,2.3294029093413555,2.0887619375544952,0.00014236969132983509,confluence_lost
A,BTCUSDT/SOLUSDT,short_a_long_b,2024-12-13T13:00:00,100261.76,223.72,2024-12-13T13:30:00,100096.68,223.48,-0.001826279385955185,2,2.3141187935207514,2.167404267071146,0.00010567413343627091,confluence_lost
A,BTCUSDT/SOLUSDT,short_a_long_b,2024-12-13T14:00:00,100236.86,222.88,2024-12-13T14:30:00,100331.99,223.94,0.001406870394235773,2,2.541987800104716,2.0428112893195967,0.00010567413343627091,confluence_lost
A,BTCUSDT/SOLUSDT,short_a_long_b,2024-12-13T15:00:00,101075.99,224.88,2024-12-13T15:30:00,101256.63,221.13,-0.02086273052589975,2,2.3309420620324786,4.013114189979491,0.00010567413343627091,regime_break
A,BTCUSDT/SOLUSDT,short_a_long_b,2024-12-13T16:00:00,100168.8,220.74,2024-12-13T17:00:00,100932.83,222.35,-0.0027337762703525813,3,2.907470992579127,2.6516964599687567,0.00010567413343627091,confluence_lost
A,BTCUSDT/SOLUSDT,short_a_long_b,2024-12-13T17:30:00,101287.98,223.34,2024-12-13T18:00:00,101732.34,222.71,-0.009607906411691,2,2.4571617625445197,2.9240296212635433,0.00010441321489487737,confluence_lost
A,BTCUSDT/SOLUSDT,short_a_long_b,2024-12-13T18:30:00,101681.82,222.11,2024-12-13T21:30:00,101307.99,223.75,0.008660197201873679,7,2.9343003473797524,1.6666639967988015,0.00010441321489487737,confluence_lost
A,BTCUSDT/SOLUSDT,short_a_long_b,2024-12-14T20:00:00,101297.85,216.72,2024-12-14T21:00:00,100882.0,217.5,0.005304334461307028,3,2.4418763628663003,1.8352881858601195,9.77074522756419e-05,confluence_lost
A,BTCUSDT/SOLUSDT,short_a_long_b,2024-12-16T09:30:00,104763.75,218.48,2024-12-16T11:30:00,104483.06,214.1,-0.019768335166392578,5,2.3821167660354954,3.412808917129614,9.74591730663807e-05,regime_break
A,BTCUSDT/SOLUSDT,short_a_long_b,2024-12-16T12:00:00,103710.0,215.16,2024-12-16T12:30:00,103843.18,214.3,-0.007681183216983342,2,2.3952004385026715,2.685944875955865,9.74591730663807e-05,confluence_lost
A,BTCUSDT/SOLUSDT,short_a_long_b,2024-12-16T15:00:00,105561.95,217.39,2024-12-16T15:30:00,105977.75,216.98,-0.008224930595221155,2,2.5258466452302,2.8168234590718666,9.74591730663807e-05,confluence_lost
A,BTCUSDT/SOLUSDT,short_a_long_b,2024-12-16T16:00:00,106399.0,217.65,2024-12-16T16:30:00,106737.22,218.51,-0.0016274913189023165,2,2.7431546386326717,2.587817206945097,9.620380127385166e-05,confluence_lost
A,BTCUSDT/SOLUSDT,short_a_long_b,2024-12-16T17:30:00,107080.0,219.4,2024-12-16T18:00:00,107012.38,218.79,-0.004548819461778139,2,2.3544111537578285,2.388210415689412,9.620380127385166e-05,confluence_lost
A,BTCUSDT/SOLUSDT,short_a_long_b,2024-12-17T00:30:00,106240.07,211.8,2024-12-17T01:00:00,105832.06,214.41,0.013763399217507646,2,2.850130693075822,1.9917530705763709,9.230517876855129e-05,confluence_lost
A,BTCUSDT/SOLUSDT,short_a_long_b,2024-12-19T17:30:00,99371.83,197.05,2024-12-19T18:00:00,98745.75,195.97,-0.0015804653470850448,2,3.202954914514141,2.974675040528501,9.828559190583003e-05,confluence_lost
A,BTCUSDT/SOLUSDT,short_a_long_b,2024-12-19T18:30:00,98141.19,194.73,2024-12-19T19:00:00,98920.0,193.11,-0.018654819088227456,2,2.8663641232907846,3.7343308764507386,9.828559190583003e-05,regime_break
A,BTCUSDT/SOLUSDT,short_a_long_b,2024-12-19T19:30:00,98050.9,191.88,2024-12-19T20:00:00,97213.18,191.63,0.004840828114402965,2,3.379108572231231,2.8006215004394823,9.828559190583003e-05,confluence_lost
A,BTCUSDT/SOLUSDT,short_a_long_b,2024-12-20T06:30:00,96772.69,189.76,2024-12-20T08:00:00,97814.04,184.45,-0.041143498861810054,4,2.3697011341651013,3.972984449973018,9.866657148231224e-05,regime_break
A,BTCUSDT/SOLUSDT,short_a_long_b,2024-12-20T08:30:00,96655.1,181.68,2024-12-20T09:00:00,95540.61,182.88,0.0157356064059377,2,3.781058277561627,2.782840987684877,9.89628889306873e-05,confluence_lost
A,BTCUSDT/SOLUSDT,short_a_long_b,2024-12-20T09:30:00,95269.63,182.85,2024-12-20T10:00:00,94847.85,182.21,-0.0014729126443917971,2,2.544691246318991,2.4032987962800396,9.89628889306873e-05,confluence_lost
A,BTCUSDT/SOLUSDT,short_a_long_b,2024-12-20T11:00:00,94423.37,180.46,2024-12-20T11:30:00,93492.01,176.01,-0.017195544443606645,2,2.4375556565999035,2.8935724077511713,9.89628889306873e-05,confluence_lost
A,BTCUSDT/SOLUSDT,short_a_long_b,2024-12-21T13:00:00,97155.8,184.32,2024-12-21T13:30:00,96518.01,185.61,0.01116330857295296,2,2.341073121731496,1.5933989197444471,7.996980919509704e-05,confluence_lost
A,BTCUSDT/SOLUSDT,short_a_long_b,2024-12-21T14:30:00,97470.6,184.29,2024-12-21T15:00:00,97142.66,186.03,0.010406142598227877,2,2.340204369767993,1.6477944117500816,7.996980919509704e-05,confluence_lost
A,BTCUSDT/SOLUSDT,short_a_long_b,2024-12-21T16:30:00,97581.33,183.93,2024-12-21T20:30:00,97745.19,181.59,-0.01680144594488779,9,2.3150867406029834,2.2802530254312634,8.44209627072977e-05,confluence_lost
A,BTCUSDT/SOLUSDT,long_a_short_b,2024-12-23T15:00:00,94121.2,184.46,2024-12-23T15:30:00,93394.05,180.87,0.009336536924452868,2,-2.4773394392410957,-1.5022457785775378,9.506703145221009e-05,confluence_lost
A,BTCUSDT/SOLUSDT,long_a_short_b,2024-12-23T16:00:00,93220.01,183.46,2024-12-23T16:30:00,93341.42,185.03,-0.009655320976380818,2,-2.650403279208244,-3.0120435036180315,9.506703145221009e-05,regime_break
A,BTCUSDT/SOLUSDT,long_a_short_b,2024-12-23T17:00:00,94000.0,185.92,2024-12-23T17:30:00,93724.07,184.6,0.0017644023510455377,2,-2.707830825222964,-2.3198517899903215,9.389880224060785e-05,confluence_lost
A,BTCUSDT/SOLUSDT,long_a_short_b,2024-12-23T18:00:00,93421.65,185.41,2024-12-23T18:30:00,93245.57,185.11,-0.0026667522433210665,2,-2.703884113580932,-2.6048714000886255,9.389880224060785e-05,confluence_lost
A,BTCUSDT/SOLUSDT,long_a_short_b,2024-12-23T19:00:00,92840.49,189.09,2024-12-23T19:30:00,93591.82,187.43,0.014471585845803062,2,-3.900385873710761,-2.753342546609963,9.389880224060785e-05,confluence_lost
A,BTCUSDT/SOLUSDT,long_a_short_b,2024-12-23T20:00:00,92977.06,189.4,2024-12-23T20:30:00,92963.29,191.23,-0.012210191860814887,2,-3.458199315276385,-3.6815057585295308,9.389880224060785e-05,regime_break
A,BTCUSDT/SOLUSDT,long_a_short_b,2024-12-23T21:00:00,93427.54,192.56,2024-12-23T22:30:00,94718.0,192.52,0.011620142944200176,4,-3.516888289718875,-2.504699966113453,9.389880224060785e-05,confluence_lost
A,BTCUSDT/SOLUSDT,short_a_long_b,2024-12-26T08:00:00,97737.06,189.98,2024-12-26T08:30:00,96095.23,189.12,0.009871646292215666,2,3.00398650493651,1.8197946002831145,9.322391750060263e-05,confluence_lost
A,BTCUSDT/SOLUSDT,short_a_long_b,2024-12-27T15:00:00,95563.88,184.56,2024-12-27T15:30:00,94626.2,184.13,0.005082209814701269,2,2.8805750313561376,1.9640627851096033,9.49096072739461e-05,confluence_lost
A,BTCUSDT/SOLUSDT,long_a_short_b,2024-12-28T14:30:00,94819.66,189.8,2024-12-28T15:00:00,94594.63,190.94,-0.010779564449553788,2,-2.5462880739266054,-3.5498466935717845,9.235826515084159e-05,regime_break
A,BTCUSDT/SOLUSDT,long_a_short_b,2024-12-28T15:30:00,94808.82,190.18,2024-12-28T16:00:00,94452.02,190.66,-0.008687287647415373,2,-2.5463302570064417,-3.1830413791014873,9.235826515084159e-05,regime_break
A,BTCUSDT/SOLUSDT,long_a_short_b,2024-12-28T16:30:00,94614.14,192.63,2024-12-28T17:00:00,94905.4,193.94,-0.006122203972449378,2,-3.920762458582868,-3.957349764858749,8.33297617839879e-05,regime_break
A,BTCUSDT/SOLUSDT,long_a_short_b,2024-12-28T17:30:00,95127.06,194.85,2024-12-28T18:00:00,95031.49,194.46,-0.0014031166527574278,2,-3.833727470117548,-3.453692793062922,8.33297617839879e-05,regime_break
A,BTCUSDT/SOLUSDT,long_a_short_b,2024-12-28T18:30:00,94963.1,193.7,2024-12-28T19:30:00,95048.72,193.76,-0.0018081439932307462,3,-2.9720227011620053,-2.629651261827998,8.33297617839879e-05,confluence_lost
A,BTCUSDT/SOLUSDT,long_a_short_b,2024-12-28T20:30:00,94878.27,193.26,2024-12-28T21:00:00,95048.01,193.22,-0.0004039956928072884,2,-2.377179523876452,-2.1441066561971986,8.33297617839879e-05,confluence_lost
A,BTCUSDT/SOLUSDT,long_a_short_b,2024-12-28T21:30:00,95053.89,194.46,2024-12-28T22:00:00,95186.78,195.21,-0.00485878526685006,2,-2.512906878269372,-2.5718596392841384,8.33297617839879e-05,confluence_lost
A,BTCUSDT/SOLUSDT,long_a_short_b,2024-12-28T22:30:00,95220.58,195.18,2024-12-28T23:00:00,95301.35,194.87,3.6518487449857095e-05,2,-2.4290712963653314,-2.1793825864846976,8.33297617839879e-05,confluence_lost
A,BTCUSDT/SOLUSDT,long_a_short_b,2024-12-30T19:30:00,94232.0,196.21,2024-12-30T20:00:00,94490.99,195.52,0.0038650697426045456,2,-2.423582264279959,-1.4163821870930526,7.946363277226332e-05,confluence_lost
A,BTCUSDT/SOLUSDT,long_a_short_b,2024-12-31T16:30:00,94961.06,198.95,2024-12-31T17:00:00,94875.24,197.52,0.003883996753108423,2,-2.9293135250180997,-1.9700749027269375,9.03374842810512e-05,confluence_lost
A,BTCUSDT/SOLUSDT,short_a_long_b,2024-12-31T23:30:00,93709.11,189.31,2025-01-01T00:30:00,93798.21,192.54,0.013711147154154182,3,2.3109656838766495,0.10727065694216528,9.03374842810512e-05,z_mean_revert
A,BTCUSDT/SOLUSDT,long_a_short_b,2025-01-02T02:00:00,94863.63,198.7,2025-01-02T03:00:00,95276.05,198.65,0.0021991395169193707,3,-2.5365293679583267,-1.878260899764647,9.646399935357476e-05,confluence_lost
A,BTCUSDT/SOLUSDT,long_a_short_b,2025-01-02T04:00:00,95143.19,200.13,2025-01-02T04:30:00,95197.22,204.47,-0.023518023266142093,2,-2.5990971617522023,-4.169226689754691,9.646399935357476e-05,regime_break
A,BTCUSDT/SOLUSDT,long_a_short_b,2025-01-02T05:00:00,95556.56,204.99,2025-01-02T05:30:00,95740.0,204.62,0.0013246668469597124,2,-3.713168509743177,-3.185553187611407,9.646399935357476e-05,regime_break
A,BTCUSDT/SOLUSDT,long_a_short_b,2025-01-02T06:00:00,95590.24,204.54,2025-01-02T06:30:00,95429.07,205.36,-0.00809504658891351,2,-3.076042539482472,-3.2622297818945265,9.646399935357476e-05,regime_break
A,BTCUSDT/SOLUSDT,long_a_short_b,2025-01-02T07:00:00,95592.51,206.59,2025-01-02T07:30:00,95777.47,205.91,0.0028264232631852316,2,-3.3126599842173596,-2.8104778064863356,9.646399935357476e-05,confluence_lost
A,BTCUSDT/SOLUSDT,long_a_short_b,2025-01-02T08:00:00,95865.4,206.05,2025-01-02T08:30:00,95717.63,206.8,-0.007581325279317805,2,-2.67160832255845,-2.8274492463079053,9.646399935357476e-05,confluence_lost
A,BTCUSDT/SOLUSDT,long_a_short_b,2025-01-02T09:00:00,96110.16,207.84,2025-01-02T09:30:00,96376.79,207.38,0.0025874533791565148,2,-2.7357343126938343,-2.3584253579452055,9.72497772750026e-05,confluence_lost
A,BTCUSDT/SOLUSDT,short_a_long_b,2025-01-05T09:30:00,97813.11,213.19,2025-01-05T10:00:00,97661.97,213.47,0.0004585740703079845,2,2.342228658302988,1.8113663721605167,8.246252921830623e-05,confluence_lost
A,BTCUSDT/SOLUSDT,short_a_long_b,2025-01-05T13:30:00,97965.31,212.59,2025-01-05T14:00:00,97710.07,212.16,-0.0018172606917492983,2,2.8061725596623956,2.6118390111789673,8.246252921830623e-05,confluence_lost
A,BTCUSDT/SOLUSDT,short_a_long_b,2025-01-05T16:00:00,98000.01,212.91,2025-01-05T19:30:00,98009.01,212.79,-0.0030554551556455788,8,2.5280726705300696,2.0732123777900457,8.262641161423818e-05,confluence_lost
A,BTCUSDT/SOLUSDT,short_a_long_b,2025-01-05T20:30:00,98413.04,213.01,2025-01-05T21:00:00,98235.99,213.27,0.0006196501789999666,2,2.407290488601106,1.8985444304347074,8.262641161423818e-05,confluence_lost
A,BTCUSDT/SOLUSDT,short_a_long_b,2025-01-06T00:30:00,98518.3,212.16,2025-01-06T01:30:00,98181.08,214.67,0.01285361118260904,3,2.578144466669233,0.5231891973276842,8.648720903329637e-05,confluence_lost
A,BTCUSDT/SOLUSDT,long_a_short_b,2025-01-06T14:30:00,98987.51,221.05,2025-01-06T15:00:00,100593.82,221.52,0.011701185022182828,2,-2.7118772969598903,-0.9330033690880284,8.949005147034162e-05,confluence_lost
A,BTCUSDT/SOLUSDT,short_a_long_b,2025-01-06T21:00:00,102143.3,217.87,2025-01-06T22:00:00,101628.93,217.98,0.0031406566124930336,3,2.4240603469588096,1.696459257714588,9.182559558804348e-05,confluence_lost
A,BTCUSDT/SOLUSDT,short_a_long_b,2025-01-07T15:00:00,99831.42,208.76,2025-01-07T15:30:00,98482.63,207.76,0.006320486606591527,2,2.434755403748392,1.6602539377724235,9.261721214585347e-05,confluence_lost
A,BTCUSDT/SOLUSDT,short_a_long_b,2025-01-08T01:00:00,97179.41,201.22,2025-01-08T01:30:00,97065.83,201.26,-0.0010324465033885598,2,2.316548301677559,2.1536149132285165,9.25593011746521e-05,confluence_lost
A,BTCUSDT/SOLUSDT,short_a_long_b,2025-01-08T02:30:00,97007.41,200.11,2025-01-08T03:00:00,96768.0,199.33,-0.0038299003806733655,2,2.3500131529389643,2.3638628235229713,9.25593011746521e-05,confluence_lost
A,BTCUSDT/SOLUSDT,short_a_long_b,2025-01-08T03:30:00,96592.34,198.67,2025-01-08T04:00:00,96559.26,198.37,-0.0035675715570989007,2,2.370491274448133,2.3570114834185345,9.25593011746521e-05,confluence_lost
A,BTCUSDT/SOLUSDT,short_a_long_b,2025-01-08T04:30:00,96416.27,196.97,2025-01-08T05:00:00,96300.79,197.67,0.002351563850757035,2,2.5933842826778912,2.223703916044851,9.25593011746521e-05,confluence_lost
A,BTCUSDT/SOLUSDT,short_a_long_b,2025-01-08T05:30:00,96643.95,196.1,2025-01-08T06:00:00,96536.0,195.1,-0.006382452431914196,2,2.7697298907459413,2.8409875803793914,9.25593011746521e-05,confluence_lost
A,BTCUSDT/SOLUSDT,short_a_long_b,2025-01-08T06:30:00,96169.12,193.45,2025-01-08T07:00:00,95411.22,194.72,0.012045912010475626,2,2.929561326540551,2.0881889610764115,9.25593011746521e-05,confluence_lost
A,BTCUSDT/SOLUSDT,short_a_long_b,2025-01-08T17:00:00,94749.09,189.98,2025-01-08T17:30:00,92791.99,193.2,0.03520475989438006,2,2.603481772704164,0.46207073874918614,9.549883651306116e-05,z_mean_revert
A,BTCUSDT/SOLUSDT,short_a_long_b,2025-01-09T13:30:00,92860.76,185.5,2025-01-09T14:00:00,92043.64,187.09,0.014970839646677184,2,2.6179872970226037,1.308479964935787,9.690818505111107e-05,confluence_lost
A,BTCUSDT/SOLUSDT,short_a_long_b,2025-01-09T17:30:00,93804.02,187.3,2025-01-09T20:00:00,91976.0,183.15,-0.005069316476243355,6,2.5643570678022063,2.6350467001497373,7.416414392864194e-05,confluence_lost
A,BTCUSDT/SOLUSDT,short_a_long_b,2025-01-10T15:00:00,93688.99,184.8,2025-01-10T17:30:00,94269.41,191.61,0.028255471027134507,6,2.4551399356128347,0.09793432642342335,4.9363988302511804e-05,z_mean_revert
A,BTCUSDT/SOLUSDT,long_a_short_b,2025-01-13T00:00:00,94587.41,190.44,2025-01-13T00:30:00,95546.05,190.64,0.00668476451280027,2,-2.447559044371683,-0.9512103578483588,4.992500867488393e-05,confluence_lost
A,BTCUSDT/SOLUSDT,short_a_long_b,2025-01-13T04:30:00,94837.57,185.36,2025-01-13T05:00:00,94527.71,184.53,-0.0036105024269752904,2,2.339311137932957,2.4436254127653827,4.992500867488393e-05,confluence_lost
A,BTCUSDT/SOLUSDT,short_a_long_b,2025-01-13T05:30:00,94243.25,183.89,2025-01-13T06:30:00,94123.81,182.07,-0.011029862494577089,3,2.417351199576601,3.335265027764215,4.992500867488393e-05,regime_break
A,BTCUSDT/SOLUSDT,short_a_long_b,2025-01-13T08:00:00,93607.6,181.03,2025-01-13T08:30:00,93201.31,180.56,-0.0006559020579994111,2,2.98806929138518,2.6583286423367682,5.436167341379862e-05,confluence_lost
A,BTCUSDT/SOLUSDT,short_a_long_b,2025-01-13T09:00:00,93017.03,179.9,2025-01-13T09:30:00,92818.98,179.98,0.0001738714959696598,2,2.7205610565793634,2.350398989181441,5.436167341379862e-05,confluence_lost
A,BTCUSDT/SOLUSDT,short_a_long_b,2025-01-13T10:00:00,92808.09,178.62,2025-01-13T10:30:00,91832.97,178.4,0.006875177681441261,2,3.01764654641467,1.979896949906397,5.436167341379862e-05,confluence_lost
A,BTCUSDT/SOLUSDT,short_a_long_b,2025-01-13T11:00:00,91513.0,177.0,2025-01-13T11:30:00,91474.82,175.41,-0.010965842363417175,2,2.350508739699704,3.038689857041115,5.436167341379862e-05,regime_break
A,BTCUSDT/SOLUSDT,short_a_long_b,2025-01-13T14:00:00,91107.74,175.41,2025-01-13T15:00:00,91904.16,178.69,0.007557529386677156,3,2.3018752701297447,1.3641583896540572,5.436167341379862e-05,confluence_lost
A,BTCUSDT/SOLUSDT,short_a_long_b,2025-01-13T18:00:00,92102.21,174.54,2025-01-13T18:30:00,91936.18,175.99,0.0077102224621904,2,2.976664750177632,2.1477112810445576,4.423907932184337e-05,confluence_lost
A,BTCUSDT/SOLUSDT,long_a_short_b,2025-01-15T13:30:00,98151.97,195.73,2025-01-15T14:00:00,99223.71,193.54,0.019708072549664404,2,-3.7222718858840502,-0.6531687215472352,7.211258321330118e-05,confluence_lost
A,BTCUSDT/SOLUSDT,long_a_short_b,2025-01-15T14:30:00,98738.34,195.72,2025-01-15T15:00:00,99674.39,196.8,0.001562019651221116,2,-2.74108944704734,-2.141812216398597,7.211258321330118e-05,confluence_lost
A,BTCUSDT/SOLUSDT,long_a_short_b,2025-01-15T16:00:00,99128.09,197.88,2025-01-15T16:30:00,99164.94,198.07,-0.0029884366364619085,2,-3.2433382968802387,-3.123051502743351,6.907423138812314e-05,regime_break
A,BTCUSDT/SOLUSDT,long_a_short_b,2025-01-15T17:00:00,99001.3,198.72,2025-01-15T17:30:00,99095.23,197.71,0.003631303600474991,2,-3.419953473146469,-2.6500944866983778,6.907423138812314e-05,confluence_lost
A,BTCUSDT/SOLUSDT,long_a_short_b,2025-01-15T18:00:00,98719.25,198.97,2025-01-15T18:30:00,99107.34,201.3,-0.010179058608960775,2,-3.5422460676276826,-3.9590980919650445,6.907423138812314e-05,regime_break
A,BTCUSDT/SOLUSDT,long_a_short_b,2025-01-15T19:00:00,99449.0,201.02,2025-01-15T19:30:00,99348.57,201.9,-0.007787538215879894,2,-3.2790644829295177,-3.4866234622497467,6.907423138812314e-05,regime_break
A,BTCUSDT/SOLUSDT,long_a_short_b,2025-01-15T20:00:00,99902.77,204.01,2025-01-15T20:30:00,99969.63,202.74,0.004494435752416662,2,-3.59157988326857,-2.8937373477627375,6.907423138812314e-05,confluence_lost
A,BTCUSDT/SOLUSDT,long_a_short_b,2025-01-15T21:00:00,99568.66,203.58,2025-01-15T21:30:00,99782.31,202.82,0.0034789316487507517,2,-3.2702632440569004,-2.709953677077464,6.907423138812314e-05,confluence_lost
A,BTCUSDT/SOLUSDT,long_a_short_b,2025-01-15T22:00:00,99641.0,203.15,2025-01-15T22:30:00,99582.41,204.49,-0.009584122207190557,2,-2.7675249005289397,-3.0438090034873353,6.907423138812314e-05,regime_break
A,BTCUSDT/SOLUSDT,long_a_short_b,2025-01-15T23:00:00,99774.8,205.23,2025-01-15T23:30:00,100098.98,205.86,-0.0022206096366410998,2,-2.967009727968311,-2.80117478416344,6.907423138812314e-05,confluence_lost
A,BTCUSDT/SOLUSDT,long_a_short_b,2025-01-16T11:30:00,99075.98,212.78,2025-01-16T12:00:00,99077.13,214.15,-0.008826967800704064,2,-3.33920481145025,-3.358362163954687,5.9861695531086835e-05,regime_break
A,BTCUSDT/SOLUSDT,long_a_short_b,2025-01-16T12:30:00,99229.02,215.14,2025-01-16T15:00:00,97405.07,208.66,0.00933870641608843,6,-3.2516736427839406,-2.370273452571123,5.9861695531086835e-05,confluence_lost
A,BTCUSDT/SOLUSDT,long_a_short_b,2025-01-16T16:00:00,99235.6,214.04,2025-01-16T16:30:00,99735.96,213.11,0.006987124380784929,2,-2.421104158736439,-2.0533631434590562,5.677687430195643e-05,confluence_lost
A,BTCUSDT/SOLUSDT,long_a_short_b,2025-01-16T17:00:00,99200.01,214.69,2025-01-16T17:30:00,99852.0,214.47,0.0051972125126000385,2,-2.352545957748153,-2.053184574684261,5.677687430195643e-05,confluence_lost
A,BTCUSDT/SOLUSDT,long_a_short_b,2025-01-18T04:30:00,103092.49,228.46,2025-01-18T05:00:00,103621.15,229.78,-0.0030498000861709927,2,-2.7613968019543687,-2.6862678047673114,5.903797518655653e-05,confluence_lost
A,BTCUSDT/SOLUSDT,long_a_short_b,2025-01-18T06:00:00,103024.0,234.34,2025-01-18T06:30:00,103120.42,236.29,-0.009785344207467392,2,-3.673999282370985,-3.7330523162395544,5.903797518655653e-05,regime_break
A,BTCUSDT/SOLUSDT,long_a_short_b,2025-01-18T07:00:00,103456.55,232.67,2025-01-18T07:30:00,103143.94,232.89,-0.00636720017739105,2,-2.7494766518970586,-2.8009286830167377,5.903797518655653e-05,confluence_lost
A,BTCUSDT/SOLUSDT,long_a_short_b,2025-01-18T08:00:00,102750.01,237.76,2025-01-18T08:30:00,102941.55,238.79,-0.004867963524614535,2,-3.6130397020359064,-3.5060212807424542,5.903797518655653e-05,regime_break
A,BTCUSDT/SOLUSDT,long_a_short_b,2025-01-18T09:00:00,103246.91,238.98,2025-01-18T09:30:00,103410.62,238.16,0.002616865937523263,2,-3.240950339274704,-2.9072403919408396,6.814064736732176e-05,confluence_lost
A,BTCUSDT/SOLUSDT,long_a_short_b,2025-01-18T10:00:00,103129.83,242.07,2025-01-18T10:30:00,103227.99,243.17,-0.00599233015862026,2,-3.3887922911431305,-3.3197034124737086,6.814064736732176e-05,regime_break
A,BTCUSDT/SOLUSDT,long_a_short_b,2025-01-18T11:00:00,103157.5,239.78,2025-01-18T13:00:00,103458.36,240.81,-0.0037790931438260044,5,-2.731010398021987,-2.3174994530981965,6.814064736732176e-05,confluence_lost
A,BTCUSDT/SOLUSDT,long_a_short_b,2025-01-18T15:00:00,103963.0,247.31,2025-01-18T15:30:00,104250.0,257.75,-0.04185362754139192,2,-2.5451424443148003,-3.2942644587609826,6.814064736732176e-05,regime_break
A,BTCUSDT/SOLUSDT,long_a_short_b,2025-01-18T16:00:00,104602.97,253.68,2025-01-18T16:30:00,104015.94,242.65,0.03546799262592544,2,-2.6883784317140753,-1.7348437694180956,7.522050350791692e-05,confluence_lost
A,BTCUSDT/SOLUSDT,long_a_short_b,2025-01-18T17:00:00,103344.0,251.81,2025-01-18T17:30:00,103885.95,252.1,0.0016924741218215657,2,-2.6066115632889213,-2.4114046218430945,7.522050350791692e-05,confluence_lost
A,BTCUSDT/SOLUSDT,long_a_short_b,2025-01-18T18:00:00,103876.77,255.92,2025-01-18T20:00:00,104426.93,252.82,0.015009435939915175,5,-2.6065065188846734,-1.9138666570886835,7.522050350791692e-05,confluence_lost
A,BTCUSDT/SOLUSDT,long_a_short_b,2025-01-22T13:00:00,105280.24,263.83,2025-01-22T13:30:00,104866.54,260.32,0.00697450921027383,2,-2.769445940504343,-2.221089553838956,9.843863904844634e-05,confluence_lost
A,BTCUSDT/SOLUSDT,long_a_short_b,2025-01-22T14:00:00,104154.37,262.13,2025-01-22T14:30:00,104593.64,256.09,0.024859491926290292,2,-2.7404384606422303,-1.4394625207606901,9.843863904844634e-05,confluence_lost
A,BTCUSDT/SOLUSDT,long_a_short_b,2025-01-22T19:30:00,104468.43,265.29,2025-01-22T20:00:00,104610.48,268.76,-0.014120284703895078,2,-2.5271530161843136,-2.831597520473415,9.87856081487916e-05,confluence_lost
A,BTCUSDT/SOLUSDT,long_a_short_b,2025-01-22T20:30:00,104399.52,268.14,2025-01-22T21:00:00,104206.29,265.35,0.006154141728288279,2,-2.681668085095475,-2.2818864342991114,9.87856081487916e-05,confluence_lost
A,BTCUSDT/SOLUSDT,short_a_long_b,2025-01-26T23:00:00,104197.67,243.69,2025-01-26T23:30:00,102925.65,240.5,-0.003282643159517249,2,2.5749547070037573,2.5232188993296125,8.346423883240065e-05,confluence_lost
A,BTCUSDT/SOLUSDT,short_a_long_b,2025-01-27T00:00:00,102527.99,239.74,2025-01-27T00:30:00,102896.01,237.59,-0.014957507558929703,2,2.3939530856031137,3.1038606645030007,8.510329686964494e-05,regime_break
A,BTCUSDT/SOLUSDT,short_a_long_b,2025-01-27T01:00:00,101689.0,235.64,2025-01-27T01:30:00,101584.58,235.82,-0.0006092665038577726,2,2.7271331986917944,2.5058304030605583,8.510329686964494e-05,confluence_lost
A,BTCUSDT/SOLUSDT,short_a_long_b,2025-01-27T02:00:00,101113.13,234.41,2025-01-27T02:30:00,101269.52,235.0,-0.0014297259353508872,2,2.4856601581818842,2.343866043459561,8.510329686964494e-05,confluence_lost
A,BTCUSDT/SOLUSDT,short_a_long_b,2025-01-27T04:00:00,101234.72,232.45,2025-01-27T05:00:00,100442.01,231.47,0.0012144558624615632,3,2.6799489543521964,2.2880340594768924,8.510329686964494e-05,confluence_lost
A,BTCUSDT/SOLUSDT,short_a_long_b,2025-01-27T06:00:00,100184.01,229.38,2025-01-27T06:30:00,99740.01,227.27,-0.0071668646028288235,2,2.451592791644279,2.575508370265776,8.510329686964494e-05,confluence_lost
A,BTCUSDT/SOLUSDT,short_a_long_b,2025-01-27T07:00:00,99149.99,222.38,2025-01-27T07:30:00,98315.21,227.53,0.029177922872475406,2,3.116376412864361,1.7122238618667163,8.510329686964494e-05,confluence_lost
A,BTCUSDT/SOLUSDT,short_a_long_b,2025-01-27T09:00:00,99051.62,224.4,2025-01-27T11:00:00,98523.87,227.24,0.015584001450136456,5,2.364055168668434,1.4411606483180326,7.444034200972384e-05,confluence_lost
A,BTCUSDT/SOLUSDT,short_a_long_b,2025-01-28T20:30:00,101989.61,228.1,2025-01-28T21:00:00,101435.98,229.44,0.0089029144356962,2,2.3838251604612615,1.5258097858026904,6.909070891104207e-05,confluence_lost
A,BTCUSDT/SOLUSDT,short_a_long_b,2025-01-28T21:30:00,101486.25,225.85,2025-01-28T22:00:00,100390.27,225.89,0.008576404171526233,2,2.7682503770384277,1.8672633338213522,6.909070891104207e-05,confluence_lost
A,BTCUSDT/SOLUSDT,short_a_long_b,2025-01-28T23:00:00,101019.1,225.56,2025-01-28T23:30:00,100782.72,227.06,0.006590068802204432,2,2.390952304677913,1.6239206730062332,6.909070891104207e-05,confluence_lost
A,BTCUSDT/SOLUSDT,short_a_long_b,2025-01-29T13:00:00,102201.12,226.24,2025-01-29T13:30:00,101808.16,227.18,0.0055998474217956035,2,2.4480953740376097,1.8056282302642257,8.130178687211187e-05,confluence_lost
A,BTCUSDT/SOLUSDT,short_a_long_b,2025-01-29T19:00:00,102569.03,222.93,2025-01-29T19:30:00,101797.6,231.68,0.04437106995417524,2,3.057287557768662,0.11507562267416895,8.534361201164256e-05,z_mean_revert
A,BTCUSDT/SOLUSDT,short_a_long_b,2025-01-29T23:30:00,104162.2,228.16,2025-01-30T00:00:00,103808.2,227.7,-0.0010175833026171842,2,2.3567351011878315,2.189363194726712,8.534361201164256e-05,confluence_lost
A,BTCUSDT/SOLUSDT,short_a_long_b,2025-01-31T18:30:00,103973.67,230.4,2025-01-31T19:00:00,102730.0,231.92,0.016158615909681665,2,2.3429215711365483,0.6760650551488486,8.291093846646709e-05,confluence_lost
A,BTCUSDT/SOLUSDT,short_a_long_b,2025-02-01T09:30:00,101823.55,227.01,2025-02-01T10:00:00,101719.85,228.15,0.003640233654854954,2,2.410621320746928,1.582790098252726,7.608365413403564e-05,confluence_lost
A,BTCUSDT/SOLUSDT,short_a_long_b,2025-02-01T10:30:00,101901.17,226.47,2025-02-01T11:00:00,101674.56,227.68,0.0051666923956060345,2,2.6435954097797345,1.6543784160109962,7.608365413403564e-05,confluence_lost
A,BTCUSDT/SOLUSDT,short_a_long_b,2025-02-01T13:30:00,102246.61,227.03,2025-02-01T14:00:00,101830.34,227.11,0.0020236115602996897,2,2.439544343318724,1.8583908645726277,7.608365413403564e-05,confluence_lost
A,BTCUSDT/SOLUSDT,short_a_long_b,2025-02-01T14:30:00,102121.58,225.35,2025-02-01T15:00:00,101909.49,225.86,0.0019399844327776107,2,2.9821750819994484,2.3824074377439115,7.608365413403564e-05,confluence_lost
A,BTCUSDT/SOLUSDT,short_a_long_b,2025-02-01T16:30:00,102096.0,224.89,2025-02-01T17:00:00,102080.0,227.32,0.008561997830989612,2,2.7867443026304217,1.5943881450233177,7.24383976598055e-05,confluence_lost
A,BTCUSDT/SOLUSDT,short_a_long_b,2025-02-01T18:30:00,102196.05,224.45,2025-02-01T19:00:00,102023.63,223.12,-0.0066384465445362,2,2.7831681882299617,3.015929603337919,7.24383976598055e-05,regime_break
A,BTCUSDT/SOLUSDT,short_a_long_b,2025-02-01T19:30:00,101783.93,221.75,2025-02-01T20:00:00,101608.39,217.64,-0.019209751828036012,2,3.1763462909045685,4.206844008201528,7.24383976598055e-05,regime_break
A,BTCUSDT/SOLUSDT,short_a_long_b,2025-02-01T20:30:00,101217.08,218.45,2025-02-01T21:00:00,101208.54,218.61,-0.0015831938372265352,2,3.335515657198692,3.080049325785212,7.24383976598055e-05,regime_break
A,BTCUSDT/SOLUSDT,short_a_long_b,2025-02-01T21:30:00,101391.56,216.12,2025-02-01T22:00:00,101188.0,214.69,-0.007009032252800293,2,3.721533155447854,3.71147909809483,7.24383976598055e-05,regime_break
A,BTCUSDT/SOLUSDT,short_a_long_b,2025-02-01T22:30:00,100555.0,215.85,2025-02-01T23:00:00,100523.21,213.63,-0.012368774690322756,2,2.8175054375385002,3.212581880157832,7.24383976598055e-05,regime_break
A,BTCUSDT/SOLUSDT,short_a_long_b,2025-02-01T23:30:00,100605.17,213.03,2025-02-02T00:00:00,100598.83,215.85,0.010900590803089319,2,3.1991225664449914,2.373857963640158,7.24383976598055e-05,confluence_lost
A,BTCUSDT/SOLUSDT,short_a_long_b,2025-02-02T02:30:00,100824.83,214.21,2025-02-02T03:30:00,99525.6,207.11,-0.022659032277711974,3,2.431483011197863,3.0289716221269978,6.928319817984872e-05,regime_break
A,BTCUSDT/SOLUSDT,short_a_long_b,2025-02-02T04:30:00,99547.91,208.56,2025-02-02T05:30:00,99867.38,212.29,0.012275333107962541,3,2.5308702608732894,1.8152562042195024,6.928319817984872e-05,confluence_lost
A,BTCUSDT/SOLUSDT,short_a_long_b,2025-02-02T18:30:00,97842.01,197.67,2025-02-02T19:00:00,97000.81,198.04,0.008069340468553524,2,2.6380439172453136,2.205487804054782,4.5840700133488736e-05,confluence_lost
A,BTCUSDT/SOLUSDT,short_a_long_b,2025-02-03T01:00:00,96744.02,193.62,2025-02-03T01:30:00,95066.01,184.93,-0.029936882420704733,2,2.3470615110828175,3.054521999437748,5.7876100103824575e-05,regime_break
A,BTCUSDT/SOLUSDT,short_a_long_b,2025-02-05T16:00:00,98082.0,199.4,2025-02-05T16:30:00,97866.0,199.79,0.0017581065457336754,2,2.598179812671373,2.221300551346739,3.6678529069720045e-05,confluence_lost
A,BTCUSDT/SOLUSDT,short_a_long_b,2025-02-05T17:00:00,98056.0,198.59,2025-02-05T18:30:00,97206.6,197.75,0.0020325767649937566,4,2.637919415151694,2.0594979397231032,3.6678529069720045e-05,confluence_lost
A,BTCUSDT/SOLUSDT,short_a_long_b,2025-02-06T15:00:00,97981.2,194.17,2025-02-06T15:30:00,97443.31,191.23,-0.012051644362975386,2,2.3061684797503315,2.7204901310371765,2.5437628696497312e-05,confluence_lost
A,BTCUSDT/SOLUSDT,short_a_long_b,2025-02-06T16:00:00,97293.01,190.37,2025-02-06T16:30:00,96968.26,190.34,0.0007802675569939656,2,2.780640115137946,2.5358290350262678,3.290260009727568e-05,confluence_lost
A,BTCUSDT/SOLUSDT,short_a_long_b,2025-02-06T17:30:00,96778.24,190.03,2025-02-06T18:00:00,96647.23,189.6,-0.003309087213699311,2,2.4160139991517027,2.381932650402299,3.290260009727568e-05,confluence_lost
A,BTCUSDT/SOLUSDT,long_a_short_b,2025-02-08T23:00:00,96462.09,199.92,2025-02-08T23:30:00,96581.56,199.32,0.001839718119608771,2,-2.4400035567156397,-2.054814924302319,2.0592804015581013e-05,confluence_lost
A,BTCUSDT/SOLUSDT,long_a_short_b,2025-02-09T00:30:00,96408.23,200.24,2025-02-09T01:00:00,96536.35,201.61,-0.007912857664541348,2,-2.4170504096192422,-2.7143516976424498,2.4623292012118565e-05,confluence_lost
A,BTCUSDT/SOLUSDT,long_a_short_b,2025-02-09T01:30:00,96838.79,201.94,2025-02-09T02:00:00,96964.17,201.4,0.0015687907084269283,2,-2.491521555276635,-2.126066620159064,2.4623292012118565e-05,confluence_lost
A,BTCUSDT/SOLUSDT,long_a_short_b,2025-02-09T03:00:00,96755.84,203.13,2025-02-09T03:30:00,96949.99,206.95,-0.019199093712319246,2,-2.6532260856144556,-3.489100704075869,2.4623292012118565e-05,regime_break
A,BTCUSDT/SOLUSDT,long_a_short_b,2025-02-09T04:00:00,97226.69,205.43,2025-02-09T04:30:00,97039.19,205.91,-0.006665045139189682,2,-2.7059897224297806,-2.812560532134979,2.4623292012118565e-05,confluence_lost
A,BTCUSDT/SOLUSDT,long_a_short_b,2025-02-09T05:00:00,97214.11,206.04,2025-02-09T05:30:00,97052.3,206.27,-0.005180758411372485,2,-2.625966247610335,-2.6564607850406987,2.4623292012118565e-05,confluence_lost
A,BTCUSDT/SOLUSDT,long_a_short_b,2025-02-09T06:30:00,96850.41,205.02,2025-02-09T07:00:00,96982.89,204.67,0.0006750332185249809,2,-2.3043519283052736,-2.0700492790691447,2.4623292012118565e-05,confluence_lost
A,BTCUSDT/SOLUSDT,long_a_short_b,2025-02-10T13:30:00,97453.08,208.56,2025-02-10T14:00:00,98252.0,206.69,0.01476424113590831,2,-2.4323491950620557,-1.0084052666503671,4.6370563042386327e-05,confluence_lost
A,BTCUSDT/SOLUSDT,short_a_long_b,2025-02-11T13:30:00,97555.75,198.31,2025-02-11T14:00:00,96595.54,199.14,0.011628046044151755,2,2.847870536865092,1.0325548391832502,5.488812499799521e-05,confluence_lost
A,BTCUSDT/SOLUSDT,short_a_long_b,2025-02-12T03:30:00,95685.21,194.33,2025-02-12T04:00:00,95387.58,193.9,-0.0015022188581650807,2,2.335095311571871,2.152736799172016,3.186071759137982e-05,confluence_lost
A,BTCUSDT/SOLUSDT,short_a_long_b,2025-02-12T06:30:00,95751.13,193.78,2025-02-12T07:30:00,96049.0,195.19,0.001765415578168963,3,2.3594992047064305,1.8279554062876686,3.186071759137982e-05,confluence_lost
A,BTCUSDT/SOLUSDT,short_a_long_b,2025-02-12T13:30:00,95244.28,191.97,2025-02-12T14:00:00,94827.0,189.95,-0.008541321982675473,2,2.5767251859575606,3.1395222514370573,3.566722479329541e-05,regime_break
A,BTCUSDT/SOLUSDT,short_a_long_b,2025-02-12T15:00:00,95458.98,192.4,2025-02-12T15:30:00,95641.11,192.0,-0.006386942012992655,2,2.3758513136148105,2.6987399557354292,3.566722479329541e-05,confluence_lost
A,BTCUSDT/SOLUSDT,short_a_long_b,2025-02-12T16:00:00,95722.23,190.07,2025-02-12T16:30:00,95495.88,194.68,0.024218876608636156,2,3.5983620157142777,0.9149215441990167,3.566722479329541e-05,confluence_lost
A,BTCUSDT/SOLUSDT,short_a_long_b,2025-02-12T17:30:00,97419.3,195.14,2025-02-12T18:00:00,97333.19,193.54,-0.009715330476562409,2,2.587497061139234,3.1382579272658093,3.876339706145199e-05,regime_break
A,BTCUSDT/SOLUSDT,short_a_long_b,2025-02-12T18:30:00,96778.11,193.14,2025-02-12T19:00:00,96919.29,192.87,-0.005256750636136773,2,2.665515622772589,2.790913376143768,3.876339706145199e-05,confluence_lost
A,BTCUSDT/SOLUSDT,long_a_short_b,2025-02-14T09:30:00,97082.15,199.92,2025-02-14T10:00:00,97122.0,199.88,-0.0017894428617426937,2,-2.514390146735364,-2.378113420699032,4.3883030947379696e-05,confluence_lost
A,BTCUSDT/SOLUSDT,long_a_short_b,2025-02-14T10:30:00,97018.86,200.61,2025-02-14T11:00:00,97017.39,199.8,0.0016225333673790111,2,-2.808791541081977,-2.3305529063166643,4.3883030947379696e-05,confluence_lost
A,BTCUSDT/SOLUSDT,long_a_short_b,2025-02-14T11:30:00,96887.01,199.59,2025-02-14T12:00:00,96820.26,197.54,0.007182108817676627,2,-2.3351790145074642,-1.2989730086103177,4.3883030947379696e-05,confluence_lost
A,BTCUSDT/SOLUSDT,long_a_short_b,2025-02-14T14:30:00,96656.44,199.76,2025-02-14T15:00:00,97224.54,198.65,0.00903418635423299,2,-2.6817835962412655,-1.390514670617359,4.3883030947379696e-05,confluence_lost
A,BTCUSDT/SOLUSDT,long_a_short_b,2025-02-14T15:30:00,96492.47,200.86,2025-02-14T16:00:00,96860.12,199.87,0.006338948002726677,2,-3.2000711624160285,-2.2288621235640362,4.3883030947379696e-05,confluence_lost
A,BTCUSDT/SOLUSDT,long_a_short_b,2025-02-14T16:30:00,96771.46,201.62,2025-02-14T17:00:00,97476.87,202.43,0.0008719839836632405,2,-3.0452705814746737,-2.603921244986218,4.989346851462865e-05,confluence_lost
A,BTCUSDT/SOLUSDT,long_a_short_b,2025-02-14T17:30:00,97332.47,204.63,2025-02-14T18:00:00,98638.02,203.99,0.014140900054822339,2,-3.4783862205123075,-1.9733237159571881,4.989346851462865e-05,confluence_lost
A,BTCUSDT/SOLUSDT,short_a_long_b,2025-02-16T21:00:00,96951.59,187.62,2025-02-16T21:30:00,97025.51,188.95,0.003926354134136736,2,2.3412622504735134,1.864684806216089,3.0980472032224734e-05,confluence_lost
A,BTCUSDT/SOLUSDT,short_a_long_b,2025-02-17T04:00:00,96171.75,185.5,2025-02-17T04:30:00,96246.0,183.18,-0.015678794787601855,2,2.403218878090531,3.3594113683294737,3.7960367136174796e-05,regime_break
A,BTCUSDT/SOLUSDT,short_a_long_b,2025-02-17T05:00:00,95967.85,181.71,2025-02-17T07:00:00,96364.57,181.9,-0.005488262275491526,5,3.53937503980785,3.188433364224551,3.7960367136174796e-05,regime_break
A,BTCUSDT/SOLUSDT,short_a_long_b,2025-02-17T07:30:00,96115.64,181.35,2025-02-17T12:30:00,96271.99,186.0,0.02161433928696295,11,3.0395789225624505,1.0179891022245913,3.7960367136174796e-05,confluence_lost
A,BTCUSDT/SOLUSDT,short_a_long_b,2025-02-17T15:30:00,96455.01,180.36,2025-02-17T16:00:00,95725.38,178.81,-0.003429463937897046,2,2.597983315406304,2.542050531569407,4.374028555035818e-05,confluence_lost
A,BTCUSDT/SOLUSDT,short_a_long_b,2025-02-17T16:30:00,95567.49,178.32,2025-02-17T17:00:00,95330.01,178.1,-0.0011487916460153767,2,2.490617683483814,2.3312439057048713,3.8484666539167474e-05,confluence_lost
A,BTCUSDT/SOLUSDT,short_a_long_b,2025-02-17T17:30:00,95338.07,177.41,2025-02-17T18:00:00,95460.54,177.39,-0.003797319741406888,2,2.430110883876791,2.401714920791051,3.8484666539167474e-05,confluence_lost
A,BTCUSDT/SOLUSDT,short_a_long_b,2025-02-17T18:30:00,95437.98,175.7,2025-02-17T19:00:00,95251.18,177.49,0.00974511220298764,2,2.7213677316445235,2.0824791256285184,3.8484666539167474e-05,confluence_lost
A,BTCUSDT/SOLUSDT,short_a_long_b,2025-02-18T05:30:00,95844.0,172.25,2025-02-18T06:00:00,95640.44,167.8,-0.026110674863586134,2,2.4287842240301556,3.1478392150089634,5.101696286379693e-05,regime_break
A,BTCUSDT/SOLUSDT,short_a_long_b,2025-02-18T06:30:00,95424.42,165.32,2025-02-18T07:00:00,95412.71,167.59,0.011453660963340398,2,3.3719886664452097,2.764582809705965,5.101696286379693e-05,confluence_lost
A,BTCUSDT/SOLUSDT,short_a_long_b,2025-02-18T07:30:00,95543.75,165.72,2025-02-18T08:00:00,95481.98,166.58,0.003435986331584442,2,3.004295034137837,2.6949512531886444,5.101696286379693e-05,confluence_lost
A,BTCUSDT/SOLUSDT,short_a_long_b,2025-02-18T08:30:00,95549.38,163.89,2025-02-18T09:00:00,95225.0,169.11,0.032845525344629325,2,3.03793468805115,1.9579985189774567,6.190208222739761e-05,confluence_lost
A,BTCUSDT/SOLUSDT,long_a_short_b,2025-02-21T09:00:00,98288.25,178.44,2025-02-21T09:30:00,98438.02,177.54,0.004167495533852608,2,-2.548149683457006,-1.7847230860048742,4.215275172017578e-05,confluence_lost
A,BTCUSDT/SOLUSDT,long_a_short_b,2025-02-21T10:00:00,98299.99,178.91,2025-02-21T11:00:00,98597.8,178.41,0.003424304809977199,3,-2.6568453397834557,-1.9341595700438536,4.215275172017578e-05,confluence_lost
A,BTCUSDT/SOLUSDT,short_a_long_b,2025-02-23T15:30:00,95680.74,166.76,2025-02-23T16:00:00,95465.99,167.66,0.005241421036053365,2,2.7895260092533194,1.704693681036209,4.1364253618232236e-05,confluence_lost
A,BTCUSDT/SOLUSDT,short_a_long_b,2025-02-23T22:00:00,95764.72,166.77,2025-02-23T22:30:00,95616.78,167.32,0.0024427830498232185,2,2.3522868336724,1.7576066231088512,3.5456641703069514e-05,confluence_lost
A,BTCUSDT/SOLUSDT,short_a_long_b,2025-02-24T00:30:00,96363.76,166.62,2025-02-24T01:00:00,96238.1,164.83,-0.01183899084740607,2,2.8715724871427097,3.5863636273131054,2.0977387991276286e-05,regime_break
A,BTCUSDT/SOLUSDT,short_a_long_b,2025-02-24T01:30:00,96073.01,163.64,2025-02-24T02:00:00,95891.87,163.95,0.0013798434293910834,2,3.778189389182258,3.204987821500148,2.0977387991276286e-05,regime_break
A,BTCUSDT/SOLUSDT,short_a_long_b,2025-02-24T02:30:00,95942.14,162.67,2025-02-24T03:00:00,95705.15,161.5,-0.007122340959981585,2,3.616663319135485,3.6684537242953934,2.0977387991276286e-05,regime_break
A,BTCUSDT/SOLUSDT,short_a_long_b,2025-02-24T03:30:00,95352.0,161.01,2025-02-24T04:00:00,95470.83,160.11,-0.009235939440018145,2,3.3627836105894056,3.545691937610995,2.0977387991276286e-05,regime_break
A,BTCUSDT/SOLUSDT,short_a_long_b,2025-02-24T04:30:00,95260.02,158.79,2025-02-24T05:00:00,95358.17,159.56,0.0014188340562743674,2,3.6238926005192322,3.1715162933351646,2.0977387991276286e-05,regime_break
A,BTCUSDT/SOLUSDT,short_a_long_b,2025-02-24T05:30:00,95575.81,159.86,2025-02-24T06:00:00,95701.35,159.53,-0.005777818546876243,2,3.0063391975339058,3.0042567836886884,2.0977387991276286e-05,regime_break
A,BTCUSDT/SOLUSDT,short_a_long_b,2025-02-24T06:30:00,95711.48,160.77,2025-02-24T08:30:00,95398.97,157.94,-0.016737661026752823,5,2.488868080242343,2.686596264112632,2.0977387991276286e-05,confluence_lost
A,BTCUSDT/SOLUSDT,short_a_long_b,2025-02-24T09:30:00,96029.42,158.19,2025-02-24T13:30:00,96017.43,157.99,-0.0035394448514483455,9,2.6851290398661973,2.0825787684358033,3.160685732654822e-05,confluence_lost
A,BTCUSDT/SOLUSDT,short_a_long_b,2025-02-24T15:00:00,94654.92,151.86,2025-02-24T15:30:00,94384.84,152.66,0.005721321807485705,2,2.6729271977448965,2.3163786332786653,3.160685732654822e-05,confluence_lost
A,BTCUSDT/SOLUSDT,short_a_long_b,2025-02-24T22:00:00,93888.88,146.69,2025-02-24T22:30:00,93529.99,140.26,-0.04241143810694652,2,2.4237126516620977,3.2821371333957527,2.9138666809537505e-05,regime_break
A,BTCUSDT/SOLUSDT,short_a_long_b,2025-02-24T23:00:00,92359.69,141.51,2025-02-24T23:30:00,92083.67,141.81,0.002708524721044172,2,2.620249001088639,2.397151565533391,2.9138666809537505e-05,confluence_lost
A,BTCUSDT/SOLUSDT,short_a_long_b,2025-02-25T00:30:00,91868.15,140.88,2025-02-25T01:00:00,91902.01,140.12,-0.008163233821383772,2,2.3261573146521664,2.36141415859372,4.4885629740751395e-05,confluence_lost
A,BTCUSDT/SOLUSDT,long_a_short_b,2025-02-28T12:30:00,80240.87,135.58,2025-02-28T14:00:00,81731.67,145.19,-0.054701600094031064,4,-2.4731685302723823,-4.430459714048832,7.297250735514591e-05,regime_break
A,BTCUSDT/SOLUSDT,long_a_short_b,2025-02-28T14:30:00,81711.06,144.34,2025-02-28T15:00:00,82244.94,146.9,-0.013602146917169475,2,-3.7927722984558923,-3.8998795085694855,7.297250735514591e-05,regime_break
A,BTCUSDT/SOLUSDT,long_a_short_b,2025-02-28T15:30:00,84207.54,145.68,2025-02-28T16:00:00,83940.96,144.89,-0.0001429051745165809,2,-2.4905838593415757,-2.3110100232662187,7.297250735514591e-05,confluence_lost
A,BTCUSDT/SOLUSDT,long_a_short_b,2025-02-28T16:30:00,83600.7,145.08,2025-02-28T17:00:00,84211.35,145.99,-0.0013680367573192663,2,-2.418392786462309,-2.297825426183024,5.5927505720669045e-05,confluence_lost
A,BTCUSDT/SOLUSDT,long_a_short_b,2025-02-28T18:30:00,83867.92,146.18,2025-02-28T19:00:00,84561.07,146.73,0.0021022964906435983,2,-2.364277677276986,-2.141320355320224,5.5927505720669045e-05,confluence_lost
A,BTCUSDT/SOLUSDT,long_a_short_b,2025-03-01T01:30:00,83925.95,150.23,2025-03-01T02:00:00,84595.14,149.37,0.0112981323878973,2,-2.3203931086199217,-1.8564464445006967,4.3468060004964815e-05,confluence_lost
A,BTCUSDT/SOLUSDT,long_a_short_b,2025-03-02T15:00:00,85207.81,151.88,2025-03-02T15:30:00,86745.97,157.46,-0.021087664836505968,2,-2.5445913138844256,-3.1889679029644,2.920701222253514e-07,regime_break
A,BTCUSDT/SOLUSDT,long_a_short_b,2025-03-02T16:00:00,87694.15,168.81,2025-03-02T16:30:00,89029.07,172.13,-0.006844629209244155,2,-4.930119412039969,-4.505298161054869,-6.148389904935838e-06,regime_break
A,BTCUSDT/SOLUSDT,long_a_short_b,2025-03-02T17:00:00,91515.82,172.33,2025-03-02T17:30:00,92814.0,171.41,0.01712390153448047,2,-3.381845523475212,-2.6431663398220917,-6.148389904935838e-06,confluence_lost
A,BTCUSDT/SOLUSDT,long_a_short_b,2025-03-02T19:30:00,93115.85,172.18,2025-03-02T20:00:00,93552.99,173.88,-0.007578806242866373,2,-2.423730146676961,-2.464674481114402,-6.148389904935838e-06,confluence_lost
A,BTCUSDT/SOLUSDT,long_a_short_b,2025-03-02T20:30:00,94020.75,175.58,2025-03-02T21:30:00,93960.01,175.53,-0.002761257130611192,3,-2.49351076086341,-2.334229091325586,-6.148389904935838e-06,confluence_lost
A,BTCUSDT/SOLUSDT,long_a_short_b,2025-03-02T22:00:00,94111.98,176.75,2025-03-03T01:00:00,93353.05,173.85,0.005943238210583138,7,-2.3774561321792045,-1.8164944988004257,-6.148389904935838e-06,confluence_lost
A,BTCUSDT/SOLUSDT,short_a_long_b,2025-03-05T15:00:00,89311.34,140.51,2025-03-05T15:30:00,88139.55,141.66,0.018904753230163232,2,2.308571239937556,1.1982098803512744,1.4179139200117842e-05,confluence_lost
A,BTCUSDT/SOLUSDT,short_a_long_b,2025-03-05T17:30:00,90053.36,142.62,2025-03-05T18:00:00,89542.01,143.17,0.007134701692350268,2,2.3020397226473306,1.6146475213453133,2.2201552711202767e-05,confluence_lost
A,BTCUSDT/SOLUSDT,short_a_long_b,2025-03-07T00:00:00,89883.75,137.98,2025-03-07T00:30:00,86720.01,136.51,0.022144412988969145,2,4.036494463360805,2.168537675165652,3.086914007919492e-05,confluence_lost
A,BTCUSDT/SOLUSDT,long_a_short_b,2025-03-07T18:30:00,88162.15,149.63,2025-03-07T19:00:00,88786.91,147.81,0.016849824024865415,2,-3.5224332030367846,-1.9611142964720603,2.0520590912105566e-05,confluence_lost
A,BTCUSDT/SOLUSDT,short_a_long_b,2025-03-09T15:30:00,83534.34,130.16,2025-03-09T16:00:00,83007.04,130.47,0.006294058129935401,2,2.4243930950121158,1.723874960465068,1.453540976917066e-05,confluence_lost
A,BTCUSDT/SOLUSDT,short_a_long_b,2025-03-09T16:30:00,83139.71,127.94,2025-03-09T17:00:00,82570.28,128.11,0.0057778215362824376,2,3.0902381736338027,2.4117607990405925,3.352754093157718e-05,confluence_lost
A,BTCUSDT/SOLUSDT,short_a_long_b,2025-03-09T17:30:00,82516.0,126.52,2025-03-09T18:00:00,82479.99,127.88,0.00878568886330773,2,3.052194302766755,2.2614156825329035,3.352754093157718e-05,confluence_lost
A,BTCUSDT/SOLUSDT,short_a_long_b,2025-03-09T18:30:00,83268.01,127.6,2025-03-09T20:30:00,83254.27,128.31,0.0033292726704113452,5,3.034625634337203,2.5641925148335636,3.352754093157718e-05,confluence_lost
A,BTCUSDT/SOLUSDT,short_a_long_b,2025-03-09T21:00:00,83069.33,127.56,2025-03-09T21:30:00,82127.35,127.9,0.011605096929289085,2,2.7342994143044903,1.73241775948893,3.352754093157718e-05,confluence_lost
A,BTCUSDT/SOLUSDT,short_a_long_b,2025-03-10T13:30:00,82813.48,125.0,2025-03-10T14:00:00,81496.43,122.01,-0.01041618820510852,2,2.624078289043167,2.9347184102222568,3.00993766129294e-05,confluence_lost
A,BTCUSDT/SOLUSDT,short_a_long_b,2025-03-10T17:00:00,79085.76,118.57,2025-03-10T17:30:00,79009.61,117.59,-0.009702281042519842,2,2.3685321777269355,2.606923568327665,3.238173736561175e-05,confluence_lost
A,BTCUSDT/SOLUSDT,short_a_long_b,2025-03-10T18:30:00,78682.79,115.81,2025-03-10T19:00:00,77904.13,118.15,0.027701701062345443,2,2.902067746552929,1.5039658146308623,3.238173736561175e-05,confluence_lost
A,BTCUSDT/SOLUSDT,short_a_long_b,2025-03-11T00:00:00,78804.15,115.25,2025-03-11T00:30:00,77479.99,115.68,0.018134195497645902,2,2.4794507226778935,1.6230862617105808,3.5641351284364695e-05,confluence_lost
A,BTCUSDT/SOLUSDT,long_a_short_b,2025-03-14T14:00:00,83038.0,129.08,2025-03-14T14:30:00,82903.9,130.69,-0.016487808320670913,2,-2.7984581239444304,-3.9275228831604854,3.9821246249480216e-05,regime_break
A,BTCUSDT/SOLUSDT,long_a_short_b,2025-03-14T15:00:00,83609.44,133.24,2025-03-14T15:30:00,84982.89,132.12,0.022432856958313832,2,-4.42494276246296,-2.1520581199794,3.9821246249480216e-05,confluence_lost
A,BTCUSDT/SOLUSDT,long_a_short_b,2025-03-14T16:30:00,84379.25,133.1,2025-03-14T17:30:00,84443.39,132.47,0.0030934227349501266,3,-3.099313191425907,-2.449369215587638,3.176541374959572e-05,confluence_lost
A,BTCUSDT/SOLUSDT,long_a_short_b,2025-03-14T18:00:00,84445.72,133.48,2025-03-14T18:30:00,84335.45,133.98,-0.007451688755290828,2,-2.8687994956183958,-3.042642506104351,3.176541374959572e-05,regime_break
A,BTCUSDT/SOLUSDT,long_a_short_b,2025-03-14T19:00:00,84565.48,134.0,2025-03-14T20:00:00,84470.02,133.01,0.0038592303020734266,3,-2.7201622481068095,-2.1116235240408106,3.176541374959572e-05,confluence_lost
A,BTCUSDT/SOLUSDT,long_a_short_b,2025-03-14T20:30:00,84098.28,134.26,2025-03-14T21:00:00,84124.5,133.52,0.0034234718053791214,2,-2.8225842746694285,-2.368122461556222,3.176541374959572e-05,confluence_lost
A,BTCUSDT/SOLUSDT,long_a_short_b,2025-03-14T21:30:00,84177.25,134.74,2025-03-14T22:00:00,84209.63,134.54,-0.0005309952866410649,2,-2.721716634469845,-2.500361746496392,3.176541374959572e-05,confluence_lost
A,BTCUSDT/SOLUSDT,long_a_short_b,2025-03-14T22:30:00,84299.4,135.42,2025-03-14T23:00:00,84423.93,134.37,0.006830890008052995,2,-2.662131812676043,-2.100983703683362,3.176541374959572e-05,confluence_lost
A,BTCUSDT/SOLUSDT,short_a_long_b,2025-03-16T13:30:00,82957.48,127.85,2025-03-16T14:00:00,82674.15,128.42,0.0054737137403026576,2,3.5344810753231513,2.669055517196723,1.136413163456545e-05,confluence_lost
A,BTCUSDT/SOLUSDT,short_a_long_b,2025-03-16T15:00:00,83310.43,128.59,2025-03-16T15:30:00,83071.49,128.78,0.001945632611696293,2,3.0918462745378466,2.627146147353723,1.136413163456545e-05,confluence_lost
A,BTCUSDT/SOLUSDT,short_a_long_b,2025-03-16T16:30:00,84357.57,129.31,2025-03-16T17:00:00,83714.3,129.04,0.0031375104348761586,2,3.498498888521531,2.848065982062748,1.1609880160217572e-05,confluence_lost
A,BTCUSDT/SOLUSDT,short_a_long_b,2025-03-16T18:00:00,83954.55,129.51,2025-03-16T18:30:00,84094.52,128.78,-0.009703841980406788,2,2.609364540821285,3.0490324290886903,1.1609880160217572e-05,regime_break
A,BTCUSDT/SOLUSDT,short_a_long_b,2025-03-16T19:00:00,83665.06,127.0,2025-03-16T19:30:00,83216.01,126.94,0.0024947935972316616,2,3.4894573750728344,2.9379796451862576,1.1609880160217572e-05,confluence_lost
A,BTCUSDT/SOLUSDT,short_a_long_b,2025-03-16T20:00:00,83166.79,126.9,2025-03-16T20:30:00,83076.4,127.14,0.0005781050507329267,2,2.7790581004821813,2.458633879556036,1.1609880160217572e-05,confluence_lost
A,BTCUSDT/SOLUSDT,short_a_long_b,2025-03-16T21:30:00,82864.49,126.52,2025-03-16T22:00:00,82829.93,126.58,-0.0015087002112195579,2,2.4280818404299853,2.278742596271106,1.1609880160217572e-05,confluence_lost
A,BTCUSDT/SOLUSDT,short_a_long_b,2025-03-16T22:30:00,82441.24,125.76,2025-03-16T23:00:00,82160.4,125.86,0.0018017128941729267,2,2.300178663978176,1.9766400152389973,1.1609880160217572e-05,confluence_lost
A,BTCUSDT/SOLUSDT,long_a_short_b,2025-03-19T13:30:00,83872.58,130.55,2025-03-19T14:00:00,84195.62,131.4,-0.005059358627640884,2,-2.999933645163525,-3.110346687043119,2.7715164454396015e-05,regime_break
A,BTCUSDT/SOLUSDT,long_a_short_b,2025-03-19T14:30:00,83881.09,131.82,2025-03-19T15:00:00,84367.59,131.53,0.005599846600442174,2,-3.5532888394512656,-2.6658527882813714,2.7715164454396015e-05,confluence_lost
A,BTCUSDT/SOLUSDT,long_a_short_b,2025-03-19T15:30:00,84327.91,132.32,2025-03-19T16:00:00,84701.91,131.47,0.008458888860272532,2,-3.09676047688858,-2.0571937464719987,2.7715164454396015e-05,confluence_lost
A,BTCUSDT/SOLUSDT,long_a_short_b,2025-03-19T18:30:00,84347.1,132.94,2025-03-19T19:00:00,85557.4,131.72,0.021126113409340855,2,-3.0525778061434545,-1.1537625438531363,3.2720683464530236e-05,confluence_lost
A,BTCUSDT/SOLUSDT,long_a_short_b,2025-03-19T19:30:00,85114.25,133.03,2025-03-19T20:00:00,85487.46,133.96,-0.005006092128374814,2,-2.303936911462039,-2.4219616727681417,3.2720683464530236e-05,confluence_lost
A,BTCUSDT/SOLUSDT,long_a_short_b,2025-03-19T21:00:00,85419.24,133.93,2025-03-19T21:30:00,85729.49,133.7,0.0029494007140321156,2,-2.307313800934155,-1.8796729249276536,3.2720683464530236e-05,confluence_lost
A,BTCUSDT/SOLUSDT,long_a_short_b,2025-03-22T09:00:00,84239.36,130.45,2025-03-22T09:30:00,84360.39,130.71,-0.0029563614944461557,2,-2.5252936501009127,-2.6294418190460442,1.891050409570121e-05,confluence_lost
A,BTCUSDT/SOLUSDT,long_a_short_b,2025-03-22T10:00:00,84387.19,130.93,2025-03-22T10:30:00,84374.44,131.27,-0.005147896736991828,2,-2.6959983872824242,-2.918244508531135,1.891050409570121e-05,confluence_lost
A,BTCUSDT/SOLUSDT,long_a_short_b,2025-03-23T10:30:00,84345.92,132.38,2025-03-23T11:00:00,84514.35,133.73,-0.010601019451726132,2,-2.30393927712506,-2.991579402742635,1.8961759814575464e-05,confluence_lost
A,BTCUSDT/SOLUSDT,long_a_short_b,2025-03-23T12:00:00,84727.49,133.34,2025-03-23T12:30:00,84703.94,133.26,-0.0020779799295082423,2,-2.3346750209516194,-2.2725049950943883,1.8961759814575464e-05,confluence_lost
A,BTCUSDT/SOLUSDT,long_a_short_b,2025-03-23T13:00:00,84717.68,133.51,2025-03-23T13:30:00,84964.21,133.6,-0.00016408849825104476,2,-2.355309524688362,-2.0791053655191556,1.8961759814575464e-05,confluence_lost
A,BTCUSDT/SOLUSDT,long_a_short_b,2025-03-24T03:00:00,85884.16,137.77,2025-03-24T03:30:00,86395.83,138.16,0.0007268710490344189,2,-4.092325545733758,-3.477406250258253,2.2949953468076516e-05,regime_break
A,BTCUSDT/SOLUSDT,long_a_short_b,2025-03-24T04:00:00,86676.02,138.44,2025-03-24T04:30:00,86736.0,139.17,-0.006981040233207822,2,-3.147412278016923,-3.3519963804889925,2.2949953468076516e-05,regime_break
A,BTCUSDT/SOLUSDT,long_a_short_b,2025-03-24T05:00:00,86871.99,138.57,2025-03-24T05:30:00,86914.54,138.04,0.0019145828418185152,2,-2.672943483373835,-2.199635661654603,2.2949953468076516e-05,confluence_lost
A,BTCUSDT/SOLUSDT,long_a_short_b,2025-03-24T06:00:00,86978.0,138.49,2025-03-24T06:30:00,86956.25,137.94,0.0013213426432995968,2,-2.333524151800122,-1.9464069174746765,2.2949953468076516e-05,confluence_lost
A,BTCUSDT/SOLUSDT,long_a_short_b,2025-03-24T07:30:00,86868.0,138.88,2025-03-24T08:00:00,86923.7,140.26,-0.011695433200306568,2,-2.45681663737416,-3.042564610509777,2.2949953468076516e-05,regime_break
A,BTCUSDT/SOLUSDT,long_a_short_b,2025-03-24T08:30:00,87413.25,140.27,2025-03-24T09:00:00,87464.65,139.95,0.0004693261504152414,2,-2.4900065735609593,-2.1859090236331937,3.0098852697392847e-05,confluence_lost
A,BTCUSDT/SOLUSDT,long_a_short_b,2025-03-24T10:00:00,87208.44,140.68,2025-03-24T10:30:00,87436.42,141.8,-0.0077471341637147945,2,-2.57505156197575,-2.797344926549004,3.0098852697392847e-05,confluence_lost
A,BTCUSDT/SOLUSDT,long_a_short_b,2025-03-24T11:30:00,87516.04,143.41,2025-03-24T12:00:00,87582.07,142.59,0.004072362098579821,2,-3.1635708857358544,-2.627320576681277,3.0098852697392847e-05,confluence_lost
A,BTCUSDT/SOLUSDT,long_a_short_b,2025-03-24T12:30:00,87309.29,143.17,2025-03-24T13:00:00,87317.89,143.16,-0.002231652564877382,2,-2.8901401668861966,-2.7375474574165355,3.0098852697392847e-05,confluence_lost
A,BTCUSDT/SOLUSDT,long_a_short_b,2025-03-24T13:30:00,87312.39,144.49,2025-03-24T14:00:00,87661.4,143.04,0.011632552848913472,2,-3.058155041692387,-2.229785186538205,3.0098852697392847e-05,confluence_lost
A,BTCUSDT/SOLUSDT,short_a_long_b,2025-03-26T18:30:00,86684.79,137.39,2025-03-26T19:00:00,86272.49,136.97,-0.0007006779733134548,2,2.316164484972885,2.1073255946154066,-7.671023682785942e-06,confluence_lost
A,BTCUSDT/SOLUSDT,short_a_long_b,2025-03-26T21:00:00,87277.24,137.47,2025-03-26T21:30:00,87029.34,137.43,0.0001494013864951761,2,2.5050133060406456,2.2483076154409853,-7.671023682785942e-06,confluence_lost
A,BTCUSDT/SOLUSDT,short_a_long_b,2025-03-26T22:00:00,86983.69,136.39,2025-03-27T00:00:00,86957.49,137.73,0.0077259731044093255,5,2.6945817502439593,1.7414288043437958,-7.671023682785942e-06,confluence_lost
A,BTCUSDT/SOLUSDT,short_a_long_b,2025-03-28T07:30:00,85592.42,131.62,2025-03-28T08:00:00,85247.4,131.54,0.0010231540610193403,2,2.4521019391562517,2.153310009515386,4.902757527454801e-06,confluence_lost
A,BTCUSDT/SOLUSDT,short_a_long_b,2025-03-28T09:30:00,85274.73,130.85,2025-03-28T10:00:00,85180.0,131.2,0.0013856985875417417,2,2.4084085041299805,2.121784311343885,2.797700299131512e-06,confluence_lost
A,BTCUSDT/SOLUSDT,short_a_long_b,2025-03-28T12:30:00,85148.79,130.78,2025-03-28T13:00:00,85016.91,131.19,0.0022838541891864873,2,2.305831720502813,1.9230813072320798,2.797700299131512e-06,confluence_lost
A,BTCUSDT/SOLUSDT,short_a_long_b,2025-03-28T13:30:00,85261.17,129.93,2025-03-28T14:30:00,84422.07,130.09,0.008672958059351712,3,2.8008063719429455,1.8109494474016217,2.797700299131512e-06,confluence_lost
A,BTCUSDT/SOLUSDT,long_a_short_b,2025-03-31T01:00:00,81543.24,126.36,2025-03-31T01:30:00,82122.0,126.22,0.0058055296071809065,2,-3.555792863369959,-2.263993991893203,2.8106288547788194e-05,confluence_lost
A,BTCUSDT/SOLUSDT,long_a_short_b,2025-03-31T02:30:00,81653.15,126.59,2025-03-31T03:00:00,81906.01,125.92,0.005989434589609502,2,-3.30600897020774,-2.032564413947322,2.8106288547788194e-05,confluence_lost
A,BTCUSDT/SOLUSDT,short_a_long_b,2025-03-31T17:30:00,83350.48,124.09,2025-03-31T18:00:00,82760.2,125.25,0.014029956659570367,2,2.321194100367976,0.23682850108460446,3.1507507886933595e-05,z_mean_revert
A,BTCUSDT/SOLUSDT,long_a_short_b,2025-04-01T08:00:00,83558.64,129.45,2025-04-01T08:30:00,83973.47,129.38,0.0031052868033712567,2,-2.574659941057258,-1.8256139990623081,3.330806168983724e-05,confluence_lost
A,BTCUSDT/SOLUSDT,short_a_long_b,2025-04-01T17:30:00,85200.0,127.29,2025-04-01T18:00:00,85041.37,126.34,-0.008001418381449008,2,2.3792690493577036,2.957065170232311,3.308265460249413e-05,confluence_lost
A,BTCUSDT/SOLUSDT,short_a_long_b,2025-04-01T18:30:00,84871.41,126.49,2025-04-01T19:00:00,85147.99,126.61,-0.0047101207647850946,2,2.4390707023925966,2.599219705193234,3.308265460249413e-05,confluence_lost
A,BTCUSDT/SOLUSDT,short_a_long_b,2025-04-01T20:00:00,84920.48,125.48,2025-04-01T20:30:00,84869.75,126.43,0.005768310036085869,2,3.058726710534363,2.07982471673002,3.308265460249413e-05,confluence_lost
A,BTCUSDT/SOLUSDT,short_a_long_b,2025-04-01T21:00:00,85246.01,126.39,2025-04-01T21:30:00,85172.21,126.33,-0.0020089914325978485,2,2.4825478365340357,2.3525258985615953,3.308265460249413e-05,confluence_lost
A,BTCUSDT/SOLUSDT,short_a_long_b,2025-04-02T02:00:00,85113.38,124.6,2025-04-02T04:00:00,84545.73,124.85,0.006275759726025745,5,2.888375826172612,1.8523127542516344,2.1037620246384325e-05,confluence_lost
A,BTCUSDT/SOLUSDT,short_a_long_b,2025-04-02T05:00:00,84567.61,123.82,2025-04-02T05:30:00,84292.49,123.75,0.00028791821997016477,2,2.394508925313644,2.114737451962293,2.1037620246384325e-05,confluence_lost
A,BTCUSDT/SOLUSDT,short_a_long_b,2025-04-02T22:00:00,84603.99,121.29,2025-04-02T22:30:00,83260.16,118.68,-0.008034908013345096,2,3.1617975317430975,3.3377503159586888,1.9602757926825084e-05,regime_break
A,BTCUSDT/SOLUSDT,short_a_long_b,2025-04-02T23:30:00,82730.6,117.42,2025-04-03T00:00:00,82521.01,118.87,0.012482236849738551,2,3.283112131141771,2.263995146804886,1.9602757926825084e-05,confluence_lost
A,BTCUSDT/SOLUSDT,short_a_long_b,2025-04-03T01:30:00,83442.91,119.4,2025-04-03T02:00:00,83815.46,119.84,-0.0031796371109269893,2,2.392153698036436,2.3397865411899024,2.82732561653084e-05,confluence_lost
A,BTCUSDT/SOLUSDT,short_a_long_b,2025-04-03T10:00:00,83510.09,116.77,2025-04-03T10:30:00,83328.05,115.96,-0.007156856846590329,2,2.4675571086958943,2.573565975762698,3.318586590635098e-05,confluence_lost
A,BTCUSDT/SOLUSDT,short_a_long_b,2025-04-03T11:00:00,83170.55,116.22,2025-04-03T11:30:00,83100.71,115.74,-0.005690377780176822,2,2.3041603340362844,2.360955040169604,3.318586590635098e-05,confluence_lost
A,BTCUSDT/SOLUSDT,short_a_long_b,2025-04-03T12:00:00,83125.62,114.94,2025-04-03T12:30:00,82587.68,113.11,-0.011849939891052472,2,2.563442821105835,2.818822778293286,3.318586590635098e-05,confluence_lost
A,BTCUSDT/SOLUSDT,short_a_long_b,2025-04-03T14:30:00,82378.91,112.61,2025-04-03T15:00:00,81589.86,114.02,0.019699391537468205,2,2.587918797609408,1.704516685958985,3.318586590635098e-05,confluence_lost
A,BTCUSDT/SOLUSDT,short_a_long_b,2025-04-06T12:30:00,82872.18,116.46,2025-04-06T13:00:00,82674.0,115.13,-0.01142883653242903,2,2.3029716623270176,3.221041801353437,4.2023546340419764e-05,regime_break
A,BTCUSDT/SOLUSDT,short_a_long_b,2025-04-06T13:30:00,82566.66,114.7,2025-04-06T14:00:00,82306.24,114.6,-0.00011778199943728073,2,3.3322350157046037,3.053587135024772,4.2023546340419764e-05,regime_break
A,BTCUSDT/SOLUSDT,short_a_long_b,2025-04-06T15:00:00,82685.45,114.85,2025-04-06T15:30:00,82457.76,114.97,0.0013985299262544017,2,3.0175456872996835,2.5873361347919106,4.2023546340419764e-05,confluence_lost
A,BTCUSDT/SOLUSDT,short_a_long_b,2025-04-06T16:00:00,82534.77,115.1,2025-04-06T16:30:00,82380.21,114.04,-0.00973671784294032,2,2.4654421441427528,2.915471513877409,4.2023546340419764e-05,confluence_lost
A,BTCUSDT/SOLUSDT,short_a_long_b,2025-04-06T17:00:00,81921.72,112.95,2025-04-06T17:30:00,81544.02,111.43,-0.011246783082520626,2,3.042084730764295,3.4834041637300626,3.1344980486993154e-05,regime_break
A,BTCUSDT/SOLUSDT,short_a_long_b,2025-04-06T18:00:00,80649.02,107.84,2025-04-06T18:30:00,79962.2,107.69,0.0047252109638554335,2,4.430274438224718,3.65056013017841,3.1344980486993154e-05,regime_break
A,BTCUSDT/SOLUSDT,short_a_long_b,2025-04-06T19:00:00,79147.48,107.82,2025-04-06T19:30:00,79614.0,108.07,-0.005975633463472005,2,2.8251460328556104,2.866421992559628,3.1344980486993154e-05,confluence_lost
A,BTCUSDT/SOLUSDT,short_a_long_b,2025-04-06T20:00:00,79542.05,107.85,2025-04-06T20:30:00,79450.01,106.53,-0.013482097329859319,2,2.784440903483295,3.176979168719414,3.1344980486993154e-05,regime_break
A,BTCUSDT/SOLUSDT,short_a_long_b,2025-04-06T21:00:00,78919.99,107.2,2025-04-06T21:30:00,79149.85,106.94,-0.007737943194207994,2,2.4281389048936703,2.5761748267996087,3.1344980486993154e-05,confluence_lost
A,BTCUSDT/SOLUSDT,short_a_long_b,2025-04-06T22:30:00,78776.0,105.99,2025-04-06T23:00:00,78064.01,104.42,-0.008174559350859797,2,2.5969073957439095,2.7261340302272936,3.1344980486993154e-05,confluence_lost
A,BTCUSDT/SOLUSDT,short_a_long_b,2025-04-07T00:00:00,78347.82,105.11,2025-04-07T04:00:00,77780.74,103.27,-0.012667489874991819,9,2.442560765867772,2.2414794216964484,3.537054037877245e-05,confluence_lost
A,BTCUSDT/SOLUSDT,short_a_long_b,2025-04-07T06:00:00,77029.34,99.82,2025-04-07T06:30:00,75721.98,97.18,-0.011875371474033211,2,2.695733266503526,2.8559467021240854,3.537054037877245e-05,confluence_lost
A,BTCUSDT/SOLUSDT,short_a_long_b,2025-04-07T07:00:00,74903.75,97.51,2025-04-07T08:30:00,76154.29,100.49,0.01146567581406073,4,2.312044219403124,1.7275990513825679,3.537054037877245e-05,confluence_lost
A,BTCUSDT/SOLUSDT,long_a_short_b,2025-04-09T17:00:00,78352.0,114.49,2025-04-09T17:30:00,81117.48,119.37,-0.009728220803527018,2,-4.839369217321393,-4.671778958958871,4.278572080754043e-05,regime_break
A,BTCUSDT/SOLUSDT,long_a_short_b,2025-04-09T18:00:00,82188.85,119.77,2025-04-09T18:30:00,82612.35,117.65,0.020453359875291247,2,-3.697016733411793,-2.1765343800176304,4.278572080754043e-05,confluence_lost
A,BTCUSDT/SOLUSDT,long_a_short_b,2025-04-09T19:00:00,81880.0,119.16,2025-04-09T19:30:00,82463.89,118.95,0.00649338178682142,2,-3.2953422150401606,-2.650286552107911,4.278572080754043e-05,confluence_lost
A,BTCUSDT/SOLUSDT,long_a_short_b,2025-04-09T20:00:00,82388.02,118.8,2025-04-09T20:30:00,81997.93,120.1,-0.01807755126785919,2,-2.5134721134935014,-3.1588831790494507,4.278572080754043e-05,regime_break
A,BTCUSDT/SOLUSDT,long_a_short_b,2025-04-12T13:00:00,83811.61,127.16,2025-04-12T14:00:00,84356.59,129.87,-0.01720929283576482,3,-2.348686133859199,-2.759008294463369,3.348058579878895e-05,confluence_lost
A,BTCUSDT/SOLUSDT,long_a_short_b,2025-04-12T14:30:00,84970.55,130.62,2025-04-12T15:00:00,84854.86,131.04,-0.006976964637422631,2,-2.5931932122993384,-2.7022232805639494,3.348058579878895e-05,confluence_lost
A,BTCUSDT/SOLUSDT,long_a_short_b,2025-04-12T15:30:00,85150.01,130.47,2025-04-12T16:00:00,85030.66,131.06,-0.008323756355755704,2,-2.3315380358101216,-2.493157574705748,3.348058579878895e-05,confluence_lost
A,BTCUSDT/SOLUSDT,long_a_short_b,2025-04-12T20:30:00,85314.35,132.77,2025-04-12T21:00:00,85533.15,132.3,0.0037045893461008085,2,-2.3509562385943688,-2.059907481315841,3.8013788954613625e-05,confluence_lost
A,BTCUSDT/SOLUSDT,short_a_long_b,2025-04-16T17:30:00,85168.78,125.15,2025-04-16T18:00:00,83502.25,128.43,0.043375931121141645,2,3.0202763726350845,-1.0229379908529075,3.830081411260307e-05,confluence_lost
A,BTCUSDT/SOLUSDT,long_a_short_b,2025-04-16T19:30:00,83984.55,132.45,2025-04-16T20:00:00,84311.58,133.32,-0.005074585930504402,2,-3.1104830253611246,-3.1358021173831565,3.830081411260307e-05,regime_break
A,BTCUSDT/SOLUSDT,long_a_short_b,2025-04-16T21:00:00,84354.0,132.9,2025-04-16T21:30:00,84620.0,132.97,0.00022666561980462475,2,-2.663716485659808,-2.3684384257381024,3.830081411260307e-05,confluence_lost
A,BTCUSDT/SOLUSDT,long_a_short_b,2025-04-17T06:00:00,84354.33,134.4,2025-04-17T06:30:00,84600.71,134.49,-0.00014886807296758718,2,-2.46033086740584,-2.243692098639075,3.2909522087580165e-05,confluence_lost
A,BTCUSDT/SOLUSDT,long_a_short_b,2025-04-19T02:00:00,84546.23,137.79,2025-04-19T02:30:00,84717.82,137.46,0.0020244893599360016,2,-3.9109272069414778,-3.155667183109638,3.6725451224278365e-05,regime_break
A,BTCUSDT/SOLUSDT,long_a_short_b,2025-04-19T03:00:00,84801.89,138.7,2025-04-19T03:30:00,84908.47,138.82,-0.0020083650290743525,2,-4.0182060386720195,-3.7717526335294225,3.6725451224278365e-05,regime_break
A,BTCUSDT/SOLUSDT,long_a_short_b,2025-04-19T04:00:00,84886.06,139.1,2025-04-19T04:30:00,85169.99,138.35,0.006336641053481265,2,-3.8214476243942257,-2.6958312976275822,3.6725451224278365e-05,confluence_lost
A,BTCUSDT/SOLUSDT,long_a_short_b,2025-04-19T05:00:00,85071.16,138.74,2025-04-19T05:30:00,85161.52,138.42,0.0009686421386940337,2,-2.983406297595969,-2.5000368131969473,3.6725451224278365e-05,confluence_lost
A,BTCUSDT/SOLUSDT,long_a_short_b,2025-04-19T06:00:00,85099.99,138.19,2025-04-19T06:30:00,84990.89,138.22,-0.003899113711237343,2,-2.3134108272473295,-2.3702090395729076,3.6725451224278365e-05,confluence_lost
A,BTCUSDT/SOLUSDT,long_a_short_b,2025-04-19T07:00:00,84921.98,138.77,2025-04-19T07:30:00,85173.91,138.76,0.0006386670324403788,2,-2.707457892448107,-2.3205090286843353,3.6725451224278365e-05,confluence_lost
A,BTCUSDT/SOLUSDT,long_a_short_b,2025-04-19T08:30:00,85222.01,139.1,2025-04-19T09:00:00,85308.6,139.38,-0.0033968882568258672,2,-2.308200425553603,-2.3038920253991826,4.195090650777206e-05,confluence_lost
A,BTCUSDT/SOLUSDT,short_a_long_b,2025-04-21T03:00:00,87412.96,139.36,2025-04-21T03:30:00,87377.58,139.39,-0.0017799847203651552,2,2.742172993622027,2.5477742534071495,1.6315385962101393e-05,confluence_lost
A,BTCUSDT/SOLUSDT,short_a_long_b,2025-04-21T12:30:00,87304.0,138.31,2025-04-21T13:00:00,87065.12,138.28,0.00011928214383923009,2,2.315721233761912,2.0229716633765746,2.4696411303856637e-05,confluence_lost
A,BTCUSDT/SOLUSDT,short_a_long_b,2025-04-21T13:30:00,87277.8,137.19,2025-04-21T14:00:00,86951.57,139.84,0.020654111518236554,2,2.770483028569617,0.8484457751288558,2.4696411303856637e-05,confluence_lost
A,BTCUSDT/SOLUSDT,short_a_long_b,2025-04-21T15:00:00,88231.97,139.11,2025-04-21T15:30:00,88301.99,138.33,-0.008800663436102793,2,2.314248000101719,2.6830583531416634,2.4696411303856637e-05,confluence_lost
A,BTCUSDT/SOLUSDT,short_a_long_b,2025-04-21T16:00:00,88078.94,137.37,2025-04-21T16:30:00,87817.83,135.56,-0.012611593961535703,2,2.856798316695261,3.349120717398259,2.4696411303856637e-05,regime_break
A,BTCUSDT/SOLUSDT,short_a_long_b,2025-04-21T17:00:00,86987.99,135.26,2025-04-21T18:00:00,86740.45,134.77,-0.003176972477909643,3,2.7110181782491787,2.491593852702999,2.265943101411072e-05,confluence_lost
A,BTCUSDT/SOLUSDT,short_a_long_b,2025-04-21T18:30:00,86930.44,135.19,2025-04-21T20:00:00,87323.97,136.5,0.0027631130190445964,4,2.33803762789684,1.878638349748401,2.265943101411072e-05,confluence_lost
A,BTCUSDT/SOLUSDT,long_a_short_b,2025-04-23T04:30:00,93099.96,151.52,2025-04-23T05:30:00,93392.27,150.68,0.006283566159328305,3,-2.5484201453701734,-1.7151130373124073,1.309912917055064e-07,confluence_lost
A,BTCUSDT/SOLUSDT,long_a_short_b,2025-04-23T10:30:00,93650.83,152.67,2025-04-23T11:00:00,93707.46,152.31,0.0005627201029479579,2,-2.33309363224393,-2.016252030161432,3.155215449104283e-06,confluence_lost
A,BTCUSDT/SOLUSDT,long_a_short_b,2025-04-23T15:30:00,92100.01,151.41,2025-04-23T17:00:00,93671.53,151.55,0.013738548628388705,4,-2.456024158486638,-1.2191142181081767,3.155215449104283e-06,confluence_lost
A,BTCUSDT/SOLUSDT,long_a_short_b,2025-04-25T07:30:00,93557.35,154.86,2025-04-25T08:00:00,93848.9,154.59,0.0024597806619142816,2,-2.9956726100010242,-2.336493764527591,1.1774581458296623e-06,confluence_lost
A,BTCUSDT/SOLUSDT,short_a_long_b,2025-04-27T01:30:00,94721.67,146.34,2025-04-27T02:00:00,94130.6,147.64,0.01272349373723887,2,2.4128875859036056,1.3410737206514791,-1.2206695205302727e-05,confluence_lost
A,BTCUSDT/SOLUSDT,long_a_short_b,2025-04-28T10:30:00,94700.0,152.46,2025-04-28T11:00:00,95060.01,152.67,2.417348099399653e-05,2,-2.7357826224428496,-2.3054079230936324,-4.5317169925212395e-06,confluence_lost
A,BTCUSDT/SOLUSDT,short_a_long_b,2025-04-28T15:00:00,94405.62,146.03,2025-04-28T17:30:00,93520.0,147.07,0.014102833591237499,6,2.5137626993003073,0.34659580328565814,-4.5317169925212395e-06,z_mean_revert
A,BTCUSDT/SOLUSDT,short_a_long_b,2025-04-30T12:30:00,94996.09,144.82,2025-04-30T13:00:00,94452.0,143.1,-0.008549313705254288,2,3.952652756364783,4.4860789976496385,-5.551223734061036e-06,regime_break
A,BTCUSDT/SOLUSDT,short_a_long_b,2025-04-30T13:30:00,94440.9,140.69,2025-04-30T14:00:00,93119.64,142.74,0.026161379531849452,2,5.764016377089966,1.9769600707103339,-5.551223734061036e-06,confluence_lost
A,BTCUSDT/SOLUSDT,short_a_long_b,2025-04-30T14:30:00,94032.0,141.93,2025-04-30T15:00:00,93920.0,142.42,0.00224349000202724,2,3.65077946154712,2.933588830111635,-5.551223734061036e-06,confluence_lost
A,BTCUSDT/SOLUSDT,short_a_long_b,2025-04-30T15:30:00,93854.41,142.22,2025-04-30T16:00:00,93961.01,142.05,-0.00473113289377218,2,2.851270001345755,2.9313635168095087,-5.551223734061036e-06,confluence_lost
A,BTCUSDT/SOLUSDT,short_a_long_b,2025-05-02T19:30:00,97099.25,148.08,2025-05-02T22:30:00,96707.8,147.73,-0.0007321451947125833,7,2.4468603678180734,1.8804736748186541,-5.6279979286426453e-05,confluence_lost
A,BTCUSDT/SOLUSDT,long_a_short_b,2025-05-05T04:00:00,94060.01,145.85,2025-05-05T06:00:00,94740.01,146.81,-0.0017526776462291481,5,-2.594403629336149,-2.04553596415904,-5.944003204177471e-06,confluence_lost
A,BTCUSDT/SOLUSDT,short_a_long_b,2025-05-06T13:00:00,93929.18,141.76,2025-05-06T13:30:00,93716.81,141.93,0.0010601686673609857,2,2.818956786616262,2.23183552507185,1.1891264792984284e-05,confluence_lost
A,BTCUSDT/SOLUSDT,short_a_long_b,2025-05-06T16:30:00,94539.06,142.46,2025-05-06T17:00:00,94253.3,143.87,0.010520181067267778,2,2.554626536180369,0.815455669453579,1.0930983727876665e-05,confluence_lost
A,BTCUSDT/SOLUSDT,short_a_long_b,2025-05-07T14:30:00,97446.7,146.08,2025-05-07T16:30:00,96528.18,146.23,0.008052705369237481,5,2.3148958754512066,0.8873459279567004,8.662200032913044e-06,confluence_lost
A,BTCUSDT/SOLUSDT,long_a_short_b,2025-05-08T09:30:00,99612.3,154.64,2025-05-08T10:00:00,99714.61,155.11,-0.004412235126740202,2,-3.7100051077273375,-3.7307391848832983,2.0096535817954972e-05,regime_break
A,BTCUSDT/SOLUSDT,long_a_short_b,2025-05-08T10:30:00,99816.44,154.88,2025-05-08T11:00:00,99771.22,153.89,0.0035390138697684727,2,-3.1128381588432155,-2.113439687274698,2.0096535817954972e-05,confluence_lost
A,BTCUSDT/SOLUSDT,long_a_short_b,2025-05-08T11:30:00,99494.81,154.57,2025-05-08T12:00:00,99429.28,155.21,-0.007199146178124158,2,-3.0116070448582506,-3.4284409085111776,2.0096535817954972e-05,regime_break
A,BTCUSDT/SOLUSDT,long_a_short_b,2025-05-08T12:30:00,99446.03,154.58,2025-05-08T13:00:00,99321.25,155.21,-0.007730310524602865,2,-2.716393242985099,-3.1943841025166195,2.0096535817954972e-05,regime_break
A,BTCUSDT/SOLUSDT,long_a_short_b,2025-05-08T13:30:00,99474.4,154.97,2025-05-08T14:00:00,99322.41,155.57,-0.007799647910844129,2,-2.677009707038199,-3.1192345481088264,2.0096535817954972e-05,regime_break
A,BTCUSDT/SOLUSDT,long_a_short_b,2025-05-08T14:30:00,99563.73,157.07,2025-05-08T15:00:00,99418.01,159.88,-0.02175369787168839,2,-3.6125113854027644,-4.8352129563832795,2.0096535817954972e-05,regime_break
A,BTCUSDT/SOLUSDT,long_a_short_b,2025-05-08T15:30:00,100518.0,160.24,2025-05-08T16:00:00,100990.0,159.53,0.0067265301156882035,2,-3.6983268130209344,-2.7765609760547285,2.0096535817954972e-05,confluence_lost
A,BTCUSDT/SOLUSDT,long_a_short_b,2025-05-08T16:30:00,100857.14,159.97,2025-05-08T17:30:00,101582.83,158.71,0.012671703672133286,3,-2.9383301153105226,-1.6327214882405012,2.8359527858409425e-05,confluence_lost
A,BTCUSDT/SOLUSDT,long_a_short_b,2025-05-08T18:00:00,101099.99,160.12,2025-05-08T18:30:00,101291.65,159.94,0.0006199038552113369,2,-2.5272811871460967,-2.225349800029129,2.8359527858409425e-05,confluence_lost
A,BTCUSDT/SOLUSDT,long_a_short_b,2025-05-08T19:30:00,101280.74,160.53,2025-05-08T20:00:00,101369.99,160.77,-0.003013833714066647,2,-2.3049823646747645,-2.2559283482858623,2.8359527858409425e-05,confluence_lost
A,BTCUSDT/SOLUSDT,long_a_short_b,2025-05-08T20:30:00,101604.06,162.85,2025-05-08T21:00:00,102529.51,161.92,0.012419172653739,2,-2.7822911311086775,-1.8138639004991783,2.8359527858409425e-05,confluence_lost
A,BTCUSDT/SOLUSDT,long_a_short_b,2025-05-09T10:30:00,103117.33,173.98,2025-05-09T11:30:00,103072.03,172.32,0.006702021188318377,3,-3.5388345919021895,-2.8239694495582044,5.666193660570447e-05,confluence_lost
A,BTCUSDT/SOLUSDT,long_a_short_b,2025-05-09T12:00:00,102974.51,171.8,2025-05-09T14:00:00,103522.52,168.7,0.020966039939278994,5,-2.6186966128392717,-1.4455535610221826,5.666193660570447e-05,confluence_lost
A,BTCUSDT/SOLUSDT,long_a_short_b,2025-05-12T13:30:00,104018.37,179.31,2025-05-12T14:30:00,102706.34,175.84,0.004338515186333172,3,-2.6001782789450156,-1.9266247202069864,7.43468127738735e-05,confluence_lost
A,BTCUSDT/SOLUSDT,long_a_short_b,2025-05-13T19:00:00,104288.45,180.86,2025-05-13T19:30:00,104680.0,182.05,-0.00522518433664447,2,-2.854208162085173,-2.95650499905855,7.222596821674596e-05,confluence_lost
A,BTCUSDT/SOLUSDT,long_a_short_b,2025-05-13T20:00:00,104862.67,181.78,2025-05-13T20:30:00,104470.58,183.13,-0.01356564041533452,2,-2.5687327439713457,-3.3147980686832006,7.222596821674596e-05,regime_break
A,BTCUSDT/SOLUSDT,long_a_short_b,2025-05-13T21:00:00,104587.0,182.4,2025-05-13T21:30:00,104492.27,182.71,-0.005005314508579037,2,-2.7643833028337825,-2.821651456012064,7.222596821674596e-05,confluence_lost
A,BTCUSDT/SOLUSDT,long_a_short_b,2025-05-13T22:00:00,104425.13,182.63,2025-05-13T22:30:00,104240.08,182.94,-0.005869504037711734,2,-2.7213930841482044,-2.8412092298566667,7.222596821674596e-05,confluence_lost
A,BTCUSDT/SOLUSDT,long_a_short_b,2025-05-13T23:00:00,104147.06,183.33,2025-05-13T23:30:00,103994.97,183.75,-0.006151289615382624,2,-2.898587180560729,-2.9813404235094088,7.222596821674596e-05,confluence_lost
A,BTCUSDT/SOLUSDT,long_a_short_b,2025-05-14T00:00:00,104029.38,182.65,2025-05-14T00:30:00,103847.46,182.09,-0.00108276357836383,2,-2.449093293598733,-2.2743877333500557,7.222596821674596e-05,confluence_lost
A,BTCUSDT/SOLUSDT,long_a_short_b,2025-05-14T01:00:00,103920.58,183.59,2025-05-14T01:30:00,103952.39,182.88,0.001773412172878699,2,-2.619612723739038,-2.276549115609971,7.822241972413575e-05,confluence_lost
A,BTCUSDT/SOLUSDT,short_a_long_b,2025-05-15T14:00:00,102180.14,168.62,2025-05-15T14:30:00,102067.89,169.55,0.004213910051515682,2,2.3188306015828086,1.8997388251993654,5.7784339240611176e-05,confluence_lost
A,BTCUSDT/SOLUSDT,short_a_long_b,2025-05-15T21:00:00,103416.78,168.09,2025-05-15T21:30:00,102842.14,169.04,0.008808279269065203,2,2.366386862395247,1.7740279654839348,4.8141152742697585e-05,confluence_lost
A,BTCUSDT/SOLUSDT,short_a_long_b,2025-05-17T01:30:00,103012.83,165.13,2025-05-17T02:00:00,102902.1,166.14,0.00479130779377597,2,2.3549150151256644,1.8169670741102093,4.696575944752582e-05,confluence_lost
A,BTCUSDT/SOLUSDT,long_a_short_b,2025-05-18T15:30:00,105325.68,176.26,2025-05-18T16:00:00,105644.59,175.9,0.002670283888766514,2,-2.778009713640387,-2.1910197980730945,4.625251462178166e-05,confluence_lost
A,BTCUSDT/SOLUSDT,short_a_long_b,2025-05-19T06:00:00,102990.08,162.08,2025-05-19T06:30:00,102585.01,159.66,-0.013397801075945723,2,2.314281124875815,2.9690222154598325,5.85749779810778e-05,confluence_lost
A,BTCUSDT/SOLUSDT,long_a_short_b,2025-05-21T14:30:00,107452.39,172.76,2025-05-21T15:00:00,108639.96,172.68,0.00911512772220531,2,-2.322783760981729,-0.5852773585232985,6.137256324920165e-05,confluence_lost
A,BTCUSDT/SOLUSDT,short_a_long_b,2025-05-21T17:00:00,109343.0,167.1,2025-05-21T17:30:00,106874.21,167.13,0.020357933294125122,2,4.759955959485686,1.6297949057208643,5.910977141604573e-05,confluence_lost
A,BTCUSDT/SOLUSDT,long_a_short_b,2025-05-22T07:30:00,110700.01,178.49,2025-05-22T08:00:00,111098.52,178.73,-0.00014470380302515672,2,-2.7885600564049415,-2.3684608368098337,6.819648887914669e-05,confluence_lost
A,BTCUSDT/SOLUSDT,long_a_short_b,2025-05-22T08:30:00,110664.01,179.79,2025-05-22T09:00:00,110336.31,180.06,-0.006862967709379261,2,-3.52461651379903,-3.778707623270655,7.526393579489187e-05,regime_break
A,BTCUSDT/SOLUSDT,long_a_short_b,2025-05-22T09:30:00,110653.9,179.69,2025-05-22T10:00:00,110828.26,178.97,0.0031826247200218006,2,-2.9929612206485214,-2.251172797059119,7.526393579489187e-05,confluence_lost
A,BTCUSDT/SOLUSDT,long_a_short_b,2025-05-23T01:00:00,111609.18,182.34,2025-05-23T02:00:00,111347.82,184.72,-0.01779428206909621,3,-2.4131372219273057,-3.408185249206559,8.352731918456421e-05,regime_break
A,BTCUSDT/SOLUSDT,long_a_short_b,2025-05-23T02:30:00,111583.81,183.76,2025-05-23T03:00:00,111274.79,184.25,-0.00783591972687707,2,-2.6479560623747154,-2.9210231510231766,8.352731918456421e-05,confluence_lost
A,BTCUSDT/SOLUSDT,long_a_short_b,2025-05-23T03:30:00,111086.49,185.0,2025-05-23T06:30:00,110637.47,180.84,0.016044410802935685,7,-3.156727721606628,-1.4539238451813778,8.352731918456421e-05,confluence_lost
A,BTCUSDT/SOLUSDT,long_a_short_b,2025-05-23T08:00:00,110772.35,184.87,2025-05-23T08:30:00,110869.57,186.19,-0.008662496698611563,2,-2.5733191433722595,-2.8117165707982994,8.110124825466106e-05,confluence_lost
A,BTCUSDT/SOLUSDT,long_a_short_b,2025-05-23T09:00:00,110938.42,186.4,2025-05-23T10:00:00,111335.02,186.34,0.0014968446805488501,3,-2.704948635393048,-2.2736483063100654,8.110124825466106e-05,confluence_lost
A,BTCUSDT/SOLUSDT,short_a_long_b,2025-05-25T01:30:00,107963.53,171.54,2025-05-25T03:30:00,108177.28,173.64,0.007862207444570848,5,2.30901335491076,1.3116391019283091,7.525363375190247e-05,confluence_lost
A,BTCUSDT/SOLUSDT,short_a_long_b,2025-05-25T15:00:00,107393.37,169.53,2025-05-25T15:30:00,106841.24,170.29,0.007224174971075928,2,2.390730209190241,1.4502082906217721,6.98928262514797e-05,confluence_lost
A,BTCUSDT/SOLUSDT,short_a_long_b,2025-05-27T01:00:00,109107.12,172.16,2025-05-27T01:30:00,108524.53,172.09,0.0025330163535530327,2,2.5246060501079515,1.7743561547387898,7.78778575557354e-05,confluence_lost
A,BTCUSDT/SOLUSDT,short_a_long_b,2025-05-30T00:30:00,105987.98,161.85,2025-05-30T01:00:00,105221.51,163.9,0.01749771791121764,2,5.141308578316192,2.5846553020768077,4.597963208276815e-05,confluence_lost
A,BTCUSDT/SOLUSDT,short_a_long_b,2025-05-30T01:30:00,105762.85,163.45,2025-05-30T02:00:00,105694.22,164.84,0.0067530343044636815,2,3.316973316196367,2.1902642373018986,4.597963208276815e-05,confluence_lost
A,BTCUSDT/SOLUSDT,short_a_long_b,2025-05-30T06:00:00,106087.1,164.02,2025-05-30T06:30:00,105937.34,163.46,-0.004402547556398281,2,2.535775358158836,2.609542006272577,4.597963208276815e-05,confluence_lost
A,BTCUSDT/SOLUSDT,short_a_long_b,2025-05-30T07:30:00,105516.2,162.68,2025-05-30T08:00:00,105125.63,163.0,0.003268568804460983,2,2.4987484960734205,1.9191329561046842,4.597963208276815e-05,confluence_lost
A,BTCUSDT/SOLUSDT,short_a_long_b,2025-05-30T12:00:00,105860.16,162.41,2025-05-30T13:30:00,105536.26,160.89,-0.00869933274838379,4,2.3601534636147123,2.5733673991160617,4.431526939770856e-05,confluence_lost
A,BTCUSDT/SOLUSDT,short_a_long_b,2025-05-30T14:00:00,105667.68,160.6,2025-05-30T14:30:00,105329.16,160.99,0.003232022107782575,2,2.667291569099019,2.178465689011572,4.431526939770856e-05,confluence_lost
A,BTCUSDT/SOLUSDT,short_a_long_b,2025-05-30T16:00:00,105532.25,159.25,2025-05-30T16:30:00,104705.21,157.86,-0.003291568360104622,2,2.7658290008279685,2.687224486016677,5.089409842043999e-05,confluence_lost
A,BTCUSDT/SOLUSDT,short_a_long_b,2025-05-30T22:30:00,104491.44,156.75,2025-05-30T23:00:00,103963.82,156.11,-0.0014335257772925413,2,2.3545670673268857,2.223930217871416,5.089409842043999e-05,confluence_lost
A,BTCUSDT/SOLUSDT,short_a_long_b,2025-05-31T00:00:00,104102.09,155.36,2025-05-31T00:30:00,103917.37,155.84,0.002464010374105332,2,2.3813234408177797,2.0692880854870395,5.8486520993675544e-05,confluence_lost
A,BTCUSDT/SOLUSDT,short_a_long_b,2025-05-31T01:30:00,103850.0,153.3,2025-05-31T02:00:00,103491.06,154.01,0.005687772864733723,2,2.6630789188866295,2.195827417604263,5.8486520993675544e-05,confluence_lost
A,BTCUSDT/SOLUSDT,short_a_long_b,2025-05-31T02:30:00,103588.85,152.54,2025-05-31T03:00:00,103285.93,153.31,0.005572109248060134,2,2.604496932057505,2.1616756198013394,5.8486520993675544e-05,confluence_lost
A,BTCUSDT/SOLUSDT,short_a_long_b,2025-06-01T09:00:00,104434.94,151.86,2025-06-01T09:30:00,103957.0,151.52,-6.246652148871089e-05,2,2.305351172348212,2.099664383297388,3.9783053940834474e-05,confluence_lost
A,BTCUSDT/SOLUSDT,long_a_short_b,2025-06-03T01:00:00,106276.75,160.57,2025-06-03T01:30:00,106296.26,161.95,-0.010810805201175763,2,-2.756665758088465,-3.530462952991892,4.036182674700004e-05,regime_break
A,BTCUSDT/SOLUSDT,long_a_short_b,2025-06-03T02:00:00,106449.73,160.87,2025-06-03T02:30:00,106073.39,159.85,0.00040514571914369813,2,-2.479795455445325,-2.093860972968637,4.036182674700004e-05,confluence_lost
A,BTCUSDT/SOLUSDT,long_a_short_b,2025-06-03T06:30:00,105218.01,159.91,2025-06-03T07:00:00,105394.15,159.47,0.0020255957531676995,2,-2.430859917100016,-1.9552187537434533,4.036182674700004e-05,confluence_lost
A,BTCUSDT/SOLUSDT,long_a_short_b,2025-06-03T10:00:00,105184.24,160.75,2025-06-03T10:30:00,105278.0,161.23,-0.004494614818789919,2,-2.4483416050627174,-2.523561422500606,4.4872531914333367e-05,confluence_lost
A,BTCUSDT/SOLUSDT,long_a_short_b,2025-06-03T11:00:00,105304.33,161.02,2025-06-03T11:30:00,105228.98,160.56,-0.0002587571486086103,2,-2.3095761787148104,-2.0716222469504517,4.4872531914333367e-05,confluence_lost
A,BTCUSDT/SOLUSDT,long_a_short_b,2025-06-03T14:30:00,105907.39,163.19,2025-06-03T15:00:00,106573.96,162.72,0.006773973508090239,2,-2.4350569885805635,-1.709340128972845,4.4872531914333367e-05,confluence_lost
A,BTCUSDT/SOLUSDT,short_a_long_b,2025-06-05T13:30:00,105661.13,150.37,2025-06-05T14:00:00,104492.42,150.19,0.007463879284425004,2,2.8347569501723027,2.074655290317814,2.3274380800859186e-05,confluence_lost
A,BTCUSDT/SOLUSDT,short_a_long_b,2025-06-05T16:00:00,104549.43,149.11,2025-06-05T16:30:00,104032.87,148.65,-0.0005441500113361618,2,2.6027770716194576,2.3844815076127848,2.956007395622381e-05,confluence_lost
A,BTCUSDT/SOLUSDT,short_a_long_b,2025-06-05T19:00:00,103005.84,146.32,2025-06-05T19:30:00,102205.22,146.2,0.0045524487273126,2,2.879377778831242,2.2473299061979137,2.956007395622381e-05,confluence_lost
A,BTCUSDT/SOLUSDT,short_a_long_b,2025-06-05T20:00:00,101903.77,144.7,2025-06-05T20:30:00,101414.76,141.82,-0.017504505128573974,2,2.72180817792958,3.653643506395958,2.956007395622381e-05,regime_break
A,BTCUSDT/SOLUSDT,long_a_short_b,2025-06-09T21:00:00,108727.28,159.5,2025-06-09T21:30:00,110246.59,159.04,0.014457598561018761,2,-2.6122303056684375,-0.7682939026704748,1.2476238926660785e-05,confluence_lost
A,BTCUSDT/SOLUSDT,long_a_short_b,2025-06-10T00:00:00,110202.7,161.75,2025-06-10T01:30:00,109821.88,160.04,0.004716237957737637,4,-2.3526854733489313,-1.5031294638093229,2.3868185831847275e-05,confluence_lost
A,BTCUSDT/SOLUSDT,long_a_short_b,2025-06-10T12:30:00,109500.73,161.53,2025-06-10T13:00:00,109673.1,160.72,0.004188693137949076,2,-2.601276331793458,-1.7845485945095922,4.078636675810343e-05,confluence_lost
A,BTCUSDT/SOLUSDT,long_a_short_b,2025-06-10T18:30:00,108861.51,163.95,2025-06-10T19:00:00,109356.12,164.13,0.0010455834416171618,2,-4.760535284705884,-3.943902756666488,4.986717414519156e-05,regime_break
A,BTCUSDT/SOLUSDT,long_a_short_b,2025-06-10T19:30:00,110076.67,163.61,2025-06-10T20:00:00,109484.84,163.7,-0.00832661391453575,2,-2.7480625997825276,-3.1621498011316302,4.986717414519156e-05,regime_break
A,BTCUSDT/SOLUSDT,long_a_short_b,2025-06-10T20:30:00,109509.43,165.57,2025-06-10T21:30:00,109773.85,163.89,0.010161352297866258,3,-3.872736815138685,-2.5036208556568855,4.986717414519156e-05,confluence_lost
A,BTCUSDT/SOLUSDT,long_a_short_b,2025-06-10T22:00:00,109899.12,164.66,2025-06-10T23:00:00,109730.5,164.47,-0.0027804233281895495,3,-2.6674721721366885,-2.4590228398490783,4.986717414519156e-05,confluence_lost
A,BTCUSDT/SOLUSDT,long_a_short_b,2025-06-10T23:30:00,109887.85,165.12,2025-06-11T00:30:00,109828.29,164.61,0.00014665564432055035,3,-2.5306868079811538,-2.191078054420947,4.986717414519156e-05,confluence_lost
A,BTCUSDT/SOLUSDT,long_a_short_b,2025-06-11T03:00:00,109710.06,166.53,2025-06-11T03:30:00,109790.85,166.67,-0.0025042938150446202,2,-2.6318153857578945,-2.5231427463227174,5.829446877959344e-05,confluence_lost
A,BTCUSDT/SOLUSDT,short_a_long_b,2025-06-12T19:30:00,107739.99,154.84,2025-06-12T20:00:00,106757.87,155.19,0.008976047460206485,2,3.1492141937351494,2.127756419893395,4.636675399716552e-05,confluence_lost
A,BTCUSDT/SOLUSDT,short_a_long_b,2025-06-12T20:30:00,106951.94,153.23,2025-06-12T21:00:00,105900.01,153.51,0.009262857625323598,2,3.104226306882154,2.1271662272152,4.636675399716552e-05,confluence_lost
A,BTCUSDT/SOLUSDT,short_a_long_b,2025-06-12T21:30:00,106374.91,152.34,2025-06-12T22:00:00,105935.4,152.35,0.0017973500149373735,2,2.8724954260007745,2.4593779038070736,4.636675399716552e-05,confluence_lost
A,BTCUSDT/SOLUSDT,short_a_long_b,2025-06-13T00:00:00,105584.38,145.84,2025-06-13T00:30:00,103929.99,145.57,0.011417545721062863,2,4.274324659890773,3.2338818576892714,3.206080866446207e-05,regime_break
A,BTCUSDT/SOLUSDT,short_a_long_b,2025-06-13T01:00:00,103630.7,143.76,2025-06-13T01:30:00,103173.74,143.33,-0.0009815921381360203,2,3.4764253072054982,3.182322260575541,3.206080866446207e-05,regime_break
A,BTCUSDT/SOLUSDT,short_a_long_b,2025-06-13T02:00:00,103737.15,142.35,2025-06-13T02:30:00,103780.26,142.67,-0.0005675892126580239,2,3.4917635396251394,3.1873859246738596,3.206080866446207e-05,regime_break
A,BTCUSDT/SOLUSDT,short_a_long_b,2025-06-13T03:00:00,103618.79,143.94,2025-06-13T03:30:00,104047.83,144.76,-0.0008437436462472169,2,2.6171201632172596,2.4491629839075744,3.206080866446207e-05,confluence_lost
A,BTCUSDT/SOLUSDT,short_a_long_b,2025-06-13T04:00:00,104255.39,144.08,2025-06-13T07:00:00,104605.27,145.02,0.0007681636921638836,7,2.5949173479450525,1.9671800445714511,3.206080866446207e-05,confluence_lost
A,BTCUSDT/SOLUSDT,long_a_short_b,2025-06-15T14:00:00,105495.69,148.74,2025-06-15T14:30:00,105334.97,151.92,-0.025303063104671383,2,-2.3991258945005822,-4.884061595190814,1.1883647012965607e-05,regime_break
A,BTCUSDT/SOLUSDT,long_a_short_b,2025-06-15T15:00:00,105661.76,151.96,2025-06-15T15:30:00,105736.89,150.84,0.005681403102431662,2,-4.121900582937679,-3.0213954100282083,1.1883647012965607e-05,regime_break
A,BTCUSDT/SOLUSDT,long_a_short_b,2025-06-15T16:00:00,105608.48,150.64,2025-06-15T16:30:00,105404.32,151.95,-0.01302940751441077,2,-2.876064059147449,-3.6574268830999856,2.561839212119547e-05,regime_break
A,BTCUSDT/SOLUSDT,long_a_short_b,2025-06-15T17:00:00,105529.41,151.97,2025-06-15T17:30:00,105536.5,152.23,-0.0040436789238740695,2,-3.3091170537984422,-3.232811836923846,2.561839212119547e-05,regime_break
A,BTCUSDT/SOLUSDT,long_a_short_b,2025-06-15T18:00:00,105689.64,152.12,2025-06-15T18:30:00,105529.41,152.7,-0.007728822016689271,2,-2.8810270932217406,-3.1110594628034076,2.561839212119547e-05,regime_break
A,BTCUSDT/SOLUSDT,long_a_short_b,2025-06-15T19:00:00,105471.32,152.92,2025-06-15T20:30:00,104946.59,148.84,0.019305520768670273,4,-3.068047858917359,-1.2854762208474908,2.561839212119547e-05,confluence_lost
A,BTCUSDT/SOLUSDT,long_a_short_b,2025-06-15T22:00:00,104771.99,151.8,2025-06-15T22:30:00,105145.67,152.07,-0.000612054022236561,2,-2.5038086983665675,-2.30045307529235,2.561839212119547e-05,confluence_lost
A,BTCUSDT/SOLUSDT,long_a_short_b,2025-06-15T23:30:00,105458.0,152.97,2025-06-16T01:30:00,105014.94,156.56,-0.030069947390347004,5,-2.3088315567679123,-3.402747832851733,2.561839212119547e-05,regime_break
A,BTCUSDT/SOLUSDT,long_a_short_b,2025-06-16T02:00:00,105803.99,155.71,2025-06-16T02:30:00,105740.63,155.71,-0.0029988432005258335,2,-2.594358911334351,-2.508152487744298,2.2005416094263144e-05,confluence_lost
A,BTCUSDT/SOLUSDT,long_a_short_b,2025-06-16T03:00:00,105767.09,156.02,2025-06-16T03:30:00,105925.04,155.58,0.0019135269431278103,2,-2.4810363881417685,-2.192764968844022,2.2005416094263144e-05,confluence_lost
A,BTCUSDT/SOLUSDT,long_a_short_b,2025-06-16T04:00:00,105921.84,156.63,2025-06-16T04:30:00,106207.4,156.78,-0.0006617207983823791,2,-2.4019599947518233,-2.236673815778517,2.2005416094263144e-05,confluence_lost
A,BTCUSDT/SOLUSDT,short_a_long_b,2025-06-19T14:30:00,104591.98,143.16,2025-06-19T15:00:00,104180.0,143.64,0.004891817205577478,2,2.536774473704912,1.660497803836219,2.29982512599739e-05,confluence_lost
A,BTCUSDT/SOLUSDT,short_a_long_b,2025-06-20T14:30:00,105246.51,143.99,2025-06-20T15:00:00,103992.85,143.49,0.006039190522108953,2,2.7511729960090556,1.377294252915238,3.7674650455653016e-05,confluence_lost
A,BTCUSDT/SOLUSDT,short_a_long_b,2025-06-20T15:30:00,104309.99,142.86,2025-06-20T17:00:00,103737.25,137.64,-0.03344851995848035,4,2.436375534244417,5.515342145429992,3.7674650455653016e-05,regime_break
A,BTCUSDT/SOLUSDT,short_a_long_b,2025-06-20T17:30:00,102808.65,138.37,2025-06-20T18:00:00,103169.46,138.6,-0.004247319580352779,2,3.5442330326627243,3.4684238910627876,3.463583924328568e-05,regime_break
A,BTCUSDT/SOLUSDT,short_a_long_b,2025-06-20T18:30:00,103137.53,139.3,2025-06-20T19:00:00,103193.1,138.8,-0.006528170589490331,2,2.7819996646544776,3.0005480945253664,3.463583924328568e-05,regime_break
A,BTCUSDT/SOLUSDT,short_a_long_b,2025-06-20T22:00:00,103527.52,139.0,2025-06-20T22:30:00,103184.0,139.09,0.0015656335551575552,2,2.6689760811882848,2.250571552659792,3.463583924328568e-05,confluence_lost
A,BTCUSDT/SOLUSDT,short_a_long_b,2025-06-21T21:00:00,102817.39,135.32,2025-06-21T21:30:00,101726.51,132.74,-0.01085603947601603,2,2.534066628959138,2.922396728144642,4.151705467825376e-05,confluence_lost
A,BTCUSDT/SOLUSDT,short_a_long_b,2025-06-22T09:30:00,102391.77,132.32,2025-06-22T10:00:00,102211.26,133.02,0.004653140220010135,2,2.4532913851428977,2.011842826724837,5.2320440484375734e-05,confluence_lost
A,BTCUSDT/SOLUSDT,short_a_long_b,2025-06-22T13:00:00,102755.57,127.93,2025-06-22T13:30:00,100741.06,128.74,0.023536461561190117,2,4.0312228089896225,2.5231627498613975,5.2320440484375734e-05,confluence_lost
A,BTCUSDT/SOLUSDT,short_a_long_b,2025-06-22T14:00:00,100840.54,127.24,2025-06-22T14:30:00,99684.47,129.88,0.02981253004859337,2,3.0298199214707497,1.364612792293512,5.2320440484375734e-05,confluence_lost
A,BTCUSDT/SOLUSDT,long_a_short_b,2025-06-23T17:00:00,100523.1,136.16,2025-06-23T17:30:00,102386.0,136.77,0.011652035298652177,2,-2.3033206254428373,-1.2434924693858154,2.806365151699225e-05,confluence_lost
A,BTCUSDT/SOLUSDT,long_a_short_b,2025-06-23T19:30:00,102822.9,139.79,2025-06-23T20:00:00,103154.7,141.68,-0.012693372795967758,2,-2.4848802987731817,-3.1107617036634427,2.806365151699225e-05,regime_break
A,BTCUSDT/SOLUSDT,long_a_short_b,2025-06-23T22:00:00,103766.13,146.41,2025-06-23T22:30:00,105971.71,144.89,0.029237102372591653,2,-4.236349165859683,-2.217061118168894,2.806365151699225e-05,confluence_lost
A,BTCUSDT/SOLUSDT,short_a_long_b,2025-06-25T16:30:00,107359.77,143.43,2025-06-25T18:30:00,107381.2,143.3,-0.003505974694921574,5,2.7332572360087313,2.7156837011116948,1.1076851724504922e-05,confluence_lost
A,BTCUSDT/SOLUSDT,short_a_long_b,2025-06-25T22:00:00,107481.24,143.57,2025-06-25T22:30:00,107352.23,143.2,-0.003776837581048118,2,2.330491172512884,2.3777394400830043,1.1076851724504922e-05,confluence_lost
A,BTCUSDT/SOLUSDT,short_a_long_b,2025-06-25T23:00:00,107238.0,142.92,2025-06-26T00:00:00,107357.05,143.89,0.003276866191632213,3,2.3698492707716405,1.6975380495407895,1.1076851724504922e-05,confluence_lost
A,BTCUSDT/SOLUSDT,short_a_long_b,2025-06-26T22:30:00,107188.0,139.03,2025-06-26T23:00:00,106968.22,139.14,0.00044161223607037904,2,2.7247605956550762,2.4210638069706945,1.3493388397126457e-05,confluence_lost
A,BTCUSDT/SOLUSDT,short_a_long_b,2025-06-26T23:30:00,106978.27,139.06,2025-06-27T00:00:00,106935.86,139.1,-0.0017159187294357035,2,2.3857130851138058,2.261150842000647,1.3493388397126457e-05,confluence_lost
A,BTCUSDT/SOLUSDT,short_a_long_b,2025-06-27T00:30:00,107155.75,137.85,2025-06-27T01:00:00,106663.43,139.26,0.01242294305231624,2,2.8704470857425295,1.8475998413393728,1.2968190975542799e-05,confluence_lost
A,BTCUSDT/SOLUSDT,long_a_short_b,2025-06-28T07:30:00,107441.86,146.57,2025-06-28T08:00:00,107493.07,146.54,-0.0017186897702984737,2,-2.850895716513241,-2.6962888035762327,1.1521028127038656e-05,confluence_lost
A,BTCUSDT/SOLUSDT,long_a_short_b,2025-06-28T08:30:00,107396.18,146.39,2025-06-28T09:00:00,107380.0,145.94,0.0005233233354906132,2,-2.5947709188105486,-2.2399394632785117,2.241191076547451e-05,confluence_lost
A,BTCUSDT/SOLUSDT,long_a_short_b,2025-06-28T09:30:00,107327.0,147.2,2025-06-28T10:00:00,107329.49,147.35,-0.0033958216124148487,2,-2.940789157925328,-2.886294046273854,2.241191076547451e-05,confluence_lost
A,BTCUSDT/SOLUSDT,long_a_short_b,2025-06-28T10:30:00,107329.21,146.95,2025-06-28T11:00:00,107271.65,147.37,-0.0057944088993757,2,-2.543423635361756,-2.6962918750926694,2.241191076547451e-05,confluence_lost
A,BTCUSDT/SOLUSDT,long_a_short_b,2025-06-28T11:30:00,107290.01,147.15,2025-06-28T12:00:00,107373.39,146.72,0.001299334223609241,2,-2.466300429818075,-2.1097179792521876,2.241191076547451e-05,confluence_lost
A,BTCUSDT/SOLUSDT,long_a_short_b,2025-06-28T15:30:00,107204.81,148.17,2025-06-28T16:00:00,107500.03,149.36,-0.007677521031642029,2,-2.4364230612827504,-2.6479347091757015,2.241191076547451e-05,confluence_lost
A,BTCUSDT/SOLUSDT,long_a_short_b,2025-06-28T16:30:00,107383.5,149.16,2025-06-28T17:00:00,107300.99,149.64,-0.006386388496885151,2,-2.514473346640064,-2.626592051434454,2.728481948425795e-05,confluence_lost
A,BTCUSDT/SOLUSDT,long_a_short_b,2025-06-28T17:30:00,107314.06,152.17,2025-06-28T18:00:00,107454.39,150.69,0.008633621551933549,2,-3.3528503815576434,-2.6094352302425716,2.728481948425795e-05,confluence_lost
A,BTCUSDT/SOLUSDT,long_a_short_b,2025-06-28T18:30:00,107355.22,151.3,2025-06-28T19:00:00,107317.99,151.39,-0.003341637317939503,2,-2.731030434740497,-2.6462460293630765,2.728481948425795e-05,confluence_lost
A,BTCUSDT/SOLUSDT,long_a_short_b,2025-06-28T19:30:00,107300.01,150.67,2025-06-28T20:00:00,107219.37,150.38,-0.0012268014961972916,2,-2.321832452124587,-2.1823610507641646,2.728481948425795e-05,confluence_lost
A,BTCUSDT/SOLUSDT,long_a_short_b,2025-06-30T15:00:00,106902.01,155.39,2025-06-30T15:30:00,107182.75,157.83,-0.015476282828461183,2,-5.487064270095889,-5.96602964093715,3.6279028960218185e-05,regime_break
A,BTCUSDT/SOLUSDT,long_a_short_b,2025-06-30T16:00:00,107532.96,157.27,2025-06-30T16:30:00,107317.39,157.02,-0.0028150647375766867,2,-4.517896542196355,-4.1124382627722555,3.6279028960218185e-05,regime_break
A,BTCUSDT/SOLUSDT,long_a_short_b,2025-06-30T17:00:00,107599.95,157.19,2025-06-30T17:30:00,107745.03,156.74,0.001811105294470108,2,-3.635896494328983,-3.0656588378821477,3.9157022524614143e-05,regime_break
A,BTCUSDT/SOLUSDT,long_a_short_b,2025-06-30T18:00:00,107511.76,156.45,2025-06-30T18:30:00,107236.74,155.77,-0.000611609181887338,2,-2.91957611217825,-2.63857590745301,3.9157022524614143e-05,confluence_lost
A,BTCUSDT/SOLUSDT,long_a_short_b,2025-06-30T19:00:00,107239.78,156.77,2025-06-30T19:30:00,107486.52,157.77,-0.006477946139204868,2,-2.980436787612771,-3.092727036075639,3.9157022524614143e-05,regime_break
A,BTCUSDT/SOLUSDT,long_a_short_b,2025-06-30T20:00:00,107725.23,157.11,2025-06-30T22:00:00,107190.22,155.35,0.003835910581590565,5,-2.503039793091101,-1.8004078800149446,3.9157022524614143e-05,confluence_lost
A,BTCUSDT/SOLUSDT,long_a_short_b,2025-07-03T05:00:00,108804.02,155.09,2025-07-03T05:30:00,109139.03,155.7,-0.0032541778133073217,2,-2.9801229139234158,-3.0283020829621776,3.53300636280495e-05,regime_break
A,BTCUSDT/SOLUSDT,long_a_short_b,2025-07-03T06:00:00,109324.29,155.51,2025-07-03T06:30:00,109415.85,155.45,-0.0011766644244501222,2,-2.564344181472046,-2.373960924440818,3.53300636280495e-05,confluence_lost
A,BTCUSDT/SOLUSDT,long_a_short_b,2025-07-03T07:30:00,109233.56,155.61,2025-07-03T08:30:00,109510.01,155.22,0.0026370812852936766,3,-2.5451575970297022,-1.7726595915392727,3.53300636280495e-05,confluence_lost
A,BTCUSDT/SOLUSDT,short_a_long_b,2025-07-04T15:00:00,107825.0,146.93,2025-07-04T15:30:00,107848.58,146.57,-0.0050688340165677,2,2.320744790562843,2.4702620129065784,4.35831706707738e-05,confluence_lost
A,BTCUSDT/SOLUSDT,short_a_long_b,2025-07-04T16:00:00,107594.57,145.83,2025-07-04T16:30:00,107453.73,145.89,-0.0006795740335240751,2,2.598092015220488,2.342816980870545,4.35831706707738e-05,confluence_lost
A,BTCUSDT/SOLUSDT,short_a_long_b,2025-07-04T17:00:00,107835.03,146.09,2025-07-04T18:30:00,107658.02,146.38,0.0012265665475422317,4,2.4295896216415995,1.9198450996034044,3.78913549661574e-05,confluence_lost
A,BTCUSDT/SOLUSDT,long_a_short_b,2025-07-06T12:30:00,108090.8,149.01,2025-07-06T13:00:00,108233.0,149.48,-0.004238590106883586,2,-2.4409856286933604,-2.878066415196238,2.7284825872008115e-05,confluence_lost
A,BTCUSDT/SOLUSDT,long_a_short_b,2025-07-06T13:30:00,108594.46,151.36,2025-07-06T14:00:00,108835.38,151.62,-0.0018992296053410994,2,-4.513804335007018,-4.054226719228829,2.7284825872008115e-05,regime_break
A,BTCUSDT/SOLUSDT,long_a_short_b,2025-07-06T14:30:00,108991.97,151.59,2025-07-06T15:00:00,109000.0,151.4,-0.001072944017731101,2,-3.475169929632169,-3.0296386521599796,2.7284825872008115e-05,regime_break
A,BTCUSDT/SOLUSDT,long_a_short_b,2025-07-06T15:30:00,108844.0,151.53,2025-07-06T16:00:00,108943.88,151.77,-0.0030662011831966017,2,-3.222013669118142,-3.1429884984970475,2.7284825872008115e-05,regime_break
A,BTCUSDT/SOLUSDT,long_a_short_b,2025-07-06T16:30:00,108815.14,153.12,2025-07-06T17:00:00,108820.0,152.72,0.00025699310114431174,2,-4.275808622000683,-3.5920925717637586,2.3505975678228534e-05,regime_break
A,BTCUSDT/SOLUSDT,long_a_short_b,2025-07-06T17:30:00,108864.2,152.47,2025-07-06T18:30:00,108584.29,151.39,0.0021121756434494122,3,-3.1030668845320832,-2.3217793036318106,2.3505975678228534e-05,confluence_lost
A,BTCUSDT/SOLUSDT,long_a_short_b,2025-07-06T19:00:00,108494.12,151.35,2025-07-06T19:30:00,108491.41,151.27,-0.0018964021641874472,2,-2.301563372217696,-2.159961459708855,2.3505975678228534e-05,confluence_lost
A,BTCUSDT/SOLUSDT,long_a_short_b,2025-07-06T21:00:00,108685.03,152.68,2025-07-06T21:30:00,109633.96,152.23,0.00927835007274054,2,-2.7322732742112956,-1.4109400664565466,2.3505975678228534e-05,confluence_lost
A,BTCUSDT/SOLUSDT,long_a_short_b,2025-07-06T22:00:00,109220.69,153.12,2025-07-06T22:30:00,109447.22,152.47,0.003919094152738681,2,-2.363791401252598,-1.6497347614366922,2.3505975678228534e-05,confluence_lost
A,BTCUSDT/SOLUSDT,long_a_short_b,2025-07-09T19:30:00,110366.0,157.27,2025-07-09T20:00:00,111701.0,155.76,0.019297439123922858,2,-2.3395949226511465,-0.06718605196511804,3.420050510470238e-05,z_mean_revert
A,BTCUSDT/SOLUSDT,long_a_short_b,2025-07-10T21:00:00,113437.61,162.72,2025-07-10T21:30:00,116155.65,163.83,0.014739126037708952,2,-2.3133107612616626,-0.013860500366078703,4.8505779493707704e-05,z_mean_revert
A,BTCUSDT/SOLUSDT,short_a_long_b,2025-07-11T06:30:00,118129.55,163.64,2025-07-11T07:00:00,117600.0,164.19,0.005443826713935021,2,3.638061307035748,2.163570203782433,5.994893960621711e-05,confluence_lost
A,BTCUSDT/SOLUSDT,short_a_long_b,2025-07-11T07:30:00,117857.97,163.27,2025-07-11T08:00:00,117632.0,163.86,0.0031309538637811075,2,3.3159017232280013,2.32382007843348,5.994893960621711e-05,confluence_lost
A,BTCUSDT/SOLUSDT,short_a_long_b,2025-07-11T08:30:00,117951.22,163.87,2025-07-11T09:00:00,117951.3,164.77,0.003091480171776475,2,2.6624915491153858,1.7693900788247525,6.884917524927998e-05,confluence_lost
A,BTCUSDT/SOLUSDT,short_a_long_b,2025-07-11T12:00:00,117884.84,163.41,2025-07-11T12:30:00,117755.67,165.25,0.009955751182069109,2,2.4875115954212994,0.8106917588156832,6.884917524927998e-05,confluence_lost
A,BTCUSDT/SOLUSDT,short_a_long_b,2025-07-11T15:30:00,117589.43,162.34,2025-07-11T16:00:00,116968.61,162.74,0.005343520683100247,2,2.8536635373417156,1.8017397135554074,6.884917524927998e-05,confluence_lost
A,BTCUSDT/SOLUSDT,short_a_long_b,2025-07-11T20:30:00,117931.83,162.7,2025-07-11T22:00:00,117619.99,160.12,-0.01561316679628448,4,2.5021565890198842,3.5062658968444134,7.577158074943998e-05,regime_break
A,BTCUSDT/SOLUSDT,short_a_long_b,2025-07-12T12:30:00,117709.33,159.8,2025-07-12T13:00:00,117509.99,159.0,-0.00571276419692128,2,2.5415925773354546,2.72811783365688,8.534330193484641e-05,confluence_lost
A,BTCUSDT/SOLUSDT,short_a_long_b,2025-07-12T14:30:00,117620.0,159.13,2025-07-12T15:00:00,117378.9,158.89,-0.0018583793831431915,2,2.4864837426474495,2.345651431010793,8.534330193484641e-05,confluence_lost
A,BTCUSDT/SOLUSDT,short_a_long_b,2025-07-12T15:30:00,117408.96,158.14,2025-07-12T16:00:00,117100.01,158.92,0.005163738967954926,2,2.613337264551562,1.976461323064904,8.534330193484641e-05,confluence_lost
A,BTCUSDT/SOLUSDT,long_a_short_b,2025-07-14T03:30:00,119945.73,167.11,2025-07-14T04:00:00,120800.0,167.37,0.0031662762447676874,2,-2.378771399916472,-1.601723399017834,9.149718192719544e-05,confluence_lost
A,BTCUSDT/SOLUSDT,short_a_long_b,2025-07-15T02:00:00,118681.11,159.36,2025-07-15T02:30:00,117904.0,160.58,0.01180350529961667,2,2.4396783987617554,0.5191869725778475,9.599935994654052e-05,confluence_lost
A,BTCUSDT/SOLUSDT,short_a_long_b,2025-07-15T14:30:00,117628.8,157.77,2025-07-15T15:00:00,115930.56,158.97,0.019643289412869483,2,2.3884575512897928,-0.6622806293726724,9.688839106953152e-05,confluence_lost
A,BTCUSDT/SOLUSDT,long_a_short_b,2025-07-16T00:00:00,117688.1,164.47,2025-07-16T01:00:00,118100.04,164.44,0.0012826730170347324,3,-2.3247468191508727,-1.7709970717907082,9.81176686716919e-05,confluence_lost
A,BTCUSDT/SOLUSDT,long_a_short_b,2025-07-16T09:00:00,118733.37,167.1,2025-07-16T09:30:00,119146.14,167.28,-7.545384897310499e-07,2,-2.512079230735135,-2.1933050052981184,9.853596452242705e-05,confluence_lost
A,BTCUSDT/SOLUSDT,long_a_short_b,2025-07-16T16:00:00,119007.64,172.27,2025-07-16T16:30:00,119201.78,172.56,-0.0024520801212053888,2,-3.577273083695223,-3.330992733618854,9.853596452242705e-05,regime_break
A,BTCUSDT/SOLUSDT,long_a_short_b,2025-07-16T17:00:00,119308.61,172.64,2025-07-16T17:30:00,119635.91,173.64,-0.005449094585825251,2,-3.098610899982116,-3.090630135466702,9.886130573966548e-05,regime_break
A,BTCUSDT/SOLUSDT,long_a_short_b,2025-07-16T18:00:00,119076.02,174.51,2025-07-16T18:30:00,119286.55,173.37,0.005900607134258953,2,-3.413419283298865,-2.7912249634443063,9.886130573966548e-05,confluence_lost
A,BTCUSDT/SOLUSDT,long_a_short_b,2025-07-16T19:00:00,119603.67,173.89,2025-07-16T20:30:00,119600.67,174.67,-0.006910677183607869,4,-2.673381324948454,-2.5054823992457114,9.886130573966548e-05,confluence_lost
A,BTCUSDT/SOLUSDT,long_a_short_b,2025-07-16T21:00:00,119958.53,175.73,2025-07-16T21:30:00,119934.04,174.46,0.004622842074197123,2,-2.5387723616192743,-2.1378790335254974,9.886130573966548e-05,confluence_lost
A,BTCUSDT/SOLUSDT,long_a_short_b,2025-07-16T22:00:00,119441.35,175.17,2025-07-16T22:30:00,119247.48,173.8,0.0037978341859959542,2,-2.4115143323674793,-2.06944452900442,9.886130573966548e-05,confluence_lost
A,BTCUSDT/SOLUSDT,long_a_short_b,2025-07-20T08:30:00,118169.69,180.7,2025-07-20T09:00:00,118232.0,179.81,0.0030525831107260505,2,-3.1131232065371583,-2.0973140417594918,9.992825065051615e-05,confluence_lost
A,BTCUSDT/SOLUSDT,long_a_short_b,2025-07-20T10:00:00,117920.8,180.35,2025-07-20T10:30:00,117957.11,179.59,0.0021219468135000442,2,-2.8515111442964565,-2.0580875894514987,9.992825065051615e-05,confluence_lost
A,BTCUSDT/SOLUSDT,long_a_short_b,2025-07-20T11:00:00,117888.21,180.04,2025-07-20T11:30:00,117850.0,180.44,-0.004945849127186805,2,-2.4505343200003864,-2.7045863989489316,9.992825065051615e-05,confluence_lost
A,BTCUSDT/SOLUSDT,long_a_short_b,2025-07-20T12:00:00,117831.96,180.55,2025-07-20T12:30:00,117840.48,181.79,-0.009195597268816066,2,-2.6800150362912825,-3.4015353087470555,9.992825065051615e-05,regime_break
A,BTCUSDT/SOLUSDT,long_a_short_b,2025-07-20T13:00:00,118115.31,181.69,2025-07-20T13:30:00,118119.33,183.02,-0.009686126175358509,2,-2.8598402595362464,-3.5617506404357866,9.992825065051615e-05,regime_break
A,BTCUSDT/SOLUSDT,long_a_short_b,2025-07-20T14:00:00,118438.45,181.82,2025-07-20T14:30:00,118674.01,180.87,0.004813828895116903,2,-2.332373309333346,-1.4500461785322951,9.992825065051615e-05,confluence_lost
A,BTCUSDT/SOLUSDT,long_a_short_b,2025-07-20T16:00:00,118701.94,182.88,2025-07-20T16:30:00,118654.01,182.1,0.0014613073929346655,2,-2.472213913804721,-1.9953122384893442,9.994419495040146e-05,confluence_lost
A,BTCUSDT/SOLUSDT,long_a_short_b,2025-07-20T18:30:00,118125.58,182.25,2025-07-20T19:00:00,118361.8,182.4,-0.0012233090545544088,2,-2.3828685951168587,-2.193548991682709,9.994419495040146e-05,confluence_lost
A,BTCUSDT/SOLUSDT,long_a_short_b,2025-07-21T02:30:00,117952.01,184.35,2025-07-21T03:30:00,118524.32,186.71,-0.010349677775485497,3,-2.630207437910249,-2.9310685476989953,9.995659607253447e-05,confluence_lost
A,BTCUSDT/SOLUSDT,long_a_short_b,2025-07-21T04:00:00,118404.01,186.32,2025-07-21T05:30:00,118244.18,188.3,-0.014376748311442908,4,-2.7098719512130804,-3.131201598129966,9.995659607253447e-05,regime_break
A,BTCUSDT/SOLUSDT,long_a_short_b,2025-07-21T06:00:00,118430.23,189.1,2025-07-21T06:30:00,118996.28,189.26,0.001533494201191934,2,-3.109793377394404,-2.7270874199578135,9.995659607253447e-05,confluence_lost
A,BTCUSDT/SOLUSDT,long_a_short_b,2025-07-21T07:00:00,119169.25,189.64,2025-07-21T07:30:00,119533.9,190.07,-0.0016075204578290124,2,-2.6327011141947043,-2.477786409675125,9.995659607253447e-05,confluence_lost
A,BTCUSDT/SOLUSDT,long_a_short_b,2025-07-21T08:00:00,119387.43,191.15,2025-07-21T08:30:00,119289.93,190.82,-0.001490276005350164,2,-2.737137157368868,-2.572047248728623,9.996624138974903e-05,confluence_lost
A,BTCUSDT/SOLUSDT,long_a_short_b,2025-07-21T09:00:00,119038.64,190.45,2025-07-21T09:30:00,118788.01,191.59,-0.010491273852190772,2,-2.475484743128988,-2.7568933800029574,9.996624138974903e-05,confluence_lost
A,BTCUSDT/SOLUSDT,long_a_short_b,2025-07-21T10:00:00,118701.53,191.24,2025-07-21T10:30:00,118569.05,191.22,-0.0034114959681880584,2,-2.5814187976239364,-2.5174898854946126,9.996624138974903e-05,confluence_lost
A,BTCUSDT/SOLUSDT,long_a_short_b,2025-07-21T11:00:00,118578.1,192.75,2025-07-21T11:30:00,118639.02,191.4,0.00511764527670118,2,-2.750142313158332,-2.3169967217255896,9.996624138974903e-05,confluence_lost
A,BTCUSDT/SOLUSDT,long_a_short_b,2025-07-21T12:00:00,117981.03,191.36,2025-07-21T12:30:00,118499.66,191.55,0.001002983207913435,2,-2.4570525682437023,-2.2254207899798994,9.996624138974903e-05,confluence_lost
A,BTCUSDT/SOLUSDT,long_a_short_b,2025-07-21T13:30:00,118310.34,192.44,2025-07-21T14:00:00,118944.95,193.31,-0.0015569459523452765,2,-2.311656100362769,-2.201607531071046,9.996624138974903e-05,confluence_lost
A,BTCUSDT/SOLUSDT,long_a_short_b,2025-07-21T14:30:00,118903.22,195.29,2025-07-21T15:00:00,118796.75,196.85,-0.011283554350055722,2,-2.5229637769174973,-2.731661013947331,9.996624138974903e-05,confluence_lost
A,BTCUSDT/SOLUSDT,long_a_short_b,2025-07-21T15:30:00,118673.47,196.79,2025-07-21T17:30:00,117558.33,196.12,-0.008392063919043055,5,-2.6332904099135543,-2.4438561941740393,9.996624138974903e-05,confluence_lost
A,BTCUSDT/SOLUSDT,long_a_short_b,2025-07-22T01:30:00,117240.0,202.09,2025-07-22T02:00:00,117791.83,203.54,-0.0048681803615200775,2,-2.316283355639768,-2.2964794268642605,9.9979578124663e-05,confluence_lost
A,BTCUSDT/SOLUSDT,short_a_long_b,2025-07-23T13:30:00,118000.0,189.18,2025-07-23T14:00:00,117347.3,192.13,0.018724970479195482,2,3.6551587590109658,2.08631110076094,9.999252660833958e-05,confluence_lost
A,BTCUSDT/SOLUSDT,short_a_long_b,2025-07-23T14:30:00,117938.65,191.61,2025-07-23T16:00:00,118408.99,191.05,-0.009310608832775832,4,2.6245793860694957,2.8132378466775307,9.999252660833958e-05,confluence_lost
A,BTCUSDT/SOLUSDT,short_a_long_b,2025-07-23T16:30:00,117732.41,188.26,2025-07-23T17:00:00,117746.91,187.18,-0.00825990770074618,2,3.233676895852579,3.3779797509795326,9.99941873620419e-05,regime_break
A,BTCUSDT/SOLUSDT,short_a_long_b,2025-07-23T17:30:00,117501.4,188.7,2025-07-23T19:00:00,118411.57,188.89,-0.009139146124203898,4,2.6284314486430587,2.6956332301521666,9.99941873620419e-05,confluence_lost
A,BTCUSDT/SOLUSDT,short_a_long_b,2025-07-23T19:30:00,118237.74,188.08,2025-07-23T20:00:00,118415.06,186.94,-0.009960940901277901,2,2.713600461185851,2.9311985775430336,9.99941873620419e-05,confluence_lost
A,BTCUSDT/SOLUSDT,short_a_long_b,2025-07-23T20:30:00,118078.01,186.78,2025-07-23T22:30:00,118606.25,189.08,0.0054402996131254905,5,2.703270143169455,2.0039820412587734,9.99941873620419e-05,confluence_lost
A,BTCUSDT/SOLUSDT,short_a_long_b,2025-07-24T05:30:00,117553.16,181.87,2025-07-24T06:00:00,117596.9,183.84,0.008059825927322087,2,2.4578225640196445,2.0160696592825738,9.999547905936593e-05,confluence_lost
A,BTCUSDT/SOLUSDT,short_a_long_b,2025-07-24T06:30:00,117823.79,181.08,2025-07-24T07:00:00,117404.27,183.36,0.013751691203434738,2,2.5103005527746576,1.897304392281384,9.999547905936593e-05,confluence_lost
A,BTCUSDT/SOLUSDT,long_a_short_b,2025-07-28T03:00:00,119445.64,191.75,2025-07-28T03:30:00,119274.58,193.35,-0.012176314072783676,2,-2.398654288240963,-3.7082871172015337,9.999977843805393e-05,regime_break
A,BTCUSDT/SOLUSDT,long_a_short_b,2025-07-28T04:00:00,119310.05,192.89,2025-07-28T04:30:00,119143.43,193.08,-0.004781546829933855,2,-3.0872946458225847,-3.214799847935745,9.999977843805393e-05,regime_break
A,BTCUSDT/SOLUSDT,long_a_short_b,2025-07-28T05:00:00,119212.3,193.23,2025-07-28T05:30:00,119340.0,194.39,-0.007332010421379473,2,-3.0546987230647886,-3.4423504168677574,9.999977843805393e-05,regime_break
A,BTCUSDT/SOLUSDT,long_a_short_b,2025-07-28T06:00:00,119536.84,193.69,2025-07-28T07:30:00,118880.01,192.37,-0.0010797777148704867,4,-2.6533448176657197,-2.2151511515349953,9.999977843805393e-05,confluence_lost
A,BTCUSDT/SOLUSDT,long_a_short_b,2025-07-28T09:30:00,118841.22,193.16,2025-07-28T10:00:00,118916.78,193.01,-0.0009876353758601496,2,-2.44770492165267,-2.250791984261052,9.999982767404195e-05,confluence_lost
A,BTCUSDT/SOLUSDT,short_a_long_b,2025-07-29T01:30:00,118232.47,181.75,2025-07-29T03:30:00,118367.21,184.33,0.010655703985958234,5,2.417002419403375,1.278212375024211,9.999989575343279e-05,confluence_lost
A,BTCUSDT/SOLUSDT,short_a_long_b,2025-07-30T18:30:00,117666.33,175.91,2025-07-30T19:00:00,116458.25,174.1,-0.002422354295448612,2,2.5786235021711548,2.5128251791527694,9.999997032850592e-05,confluence_lost
A,BTCUSDT/SOLUSDT,short_a_long_b,2025-07-30T21:00:00,117230.0,175.28,2025-07-30T21:30:00,117008.11,175.87,0.0028588177897585633,2,2.307417520404562,1.798593981422591,9.999997032850592e-05,confluence_lost
A,BTCUSDT/SOLUSDT,short_a_long_b,2025-07-31T13:00:00,118589.61,177.08,2025-07-31T13:30:00,118049.48,177.68,0.005542913934306795,2,2.3374092009362646,1.4040557119744788,9.255751291477519e-05,confluence_lost
A,BTCUSDT/SOLUSDT,short_a_long_b,2025-07-31T14:00:00,118639.78,176.1,2025-07-31T14:30:00,118019.43,175.7,0.000557416572768601,2,2.814155947126742,2.390886483727778,9.255751291477519e-05,confluence_lost
A,BTCUSDT/SOLUSDT,short_a_long_b,2025-08-01T00:00:00,115729.0,171.1,2025-08-01T00:30:00,115785.33,170.31,-0.0075039235089207484,2,2.3477270056914965,2.7043747617502882,9.421139893371404e-05,confluence_lost
A,BTCUSDT/SOLUSDT,short_a_long_b,2025-08-01T01:00:00,115519.99,169.65,2025-08-01T01:30:00,115011.45,169.54,0.0013537880696764116,2,2.709636156237462,2.300360929581107,7.014664361511092e-05,confluence_lost
A,BTCUSDT/SOLUSDT,short_a_long_b,2025-08-01T04:00:00,115633.99,169.86,2025-08-01T04:30:00,115500.0,169.67,-0.002359825894012555,2,2.350064864734652,2.2596088744968856,7.014664361511092e-05,confluence_lost
A,BTCUSDT/SOLUSDT,short_a_long_b,2025-08-01T05:00:00,115660.0,169.05,2025-08-01T05:30:00,115634.0,169.12,-0.001761124506791376,2,2.5658225322877004,2.4202136011019713,7.014664361511092e-05,confluence_lost
A,BTCUSDT/SOLUSDT,short_a_long_b,2025-08-01T06:00:00,115578.02,168.12,2025-08-01T06:30:00,115195.43,169.53,0.009297098002180551,2,2.7280277684511223,1.7876365874835987,7.014664361511092e-05,confluence_lost
A,BTCUSDT/SOLUSDT,short_a_long_b,2025-08-01T08:00:00,114980.01,167.25,2025-08-01T08:30:00,114452.46,167.62,0.004400445951411494,2,2.4746437014059834,1.9148995251541385,7.014664361511092e-05,confluence_lost
A,BTCUSDT/SOLUSDT,short_a_long_b,2025-08-01T09:30:00,115304.51,167.34,2025-08-01T10:00:00,114896.47,168.14,0.005919489497624067,2,2.4069105738494856,1.7758413469663805,5.8000722811752936e-05,confluence_lost
A,BTCUSDT/SOLUSDT,short_a_long_b,2025-08-01T13:30:00,115502.99,165.67,2025-08-01T14:00:00,114294.05,169.03,0.028348024096554417,2,2.669678346378628,0.7791636844242747,5.8000722811752936e-05,confluence_lost
A,BTCUSDT/SOLUSDT,short_a_long_b,2025-08-01T22:00:00,113895.65,160.63,2025-08-01T22:30:00,113317.53,161.28,0.006722440919986486,2,2.6976945194835538,2.1572861206040614,5.7736117742474507e-05,confluence_lost
A,BTCUSDT/SOLUSDT,short_a_long_b,2025-08-02T17:30:00,113340.01,159.31,2025-08-02T18:00:00,112738.29,157.48,-0.008578056494544725,2,2.442725849422744,2.7698316898006827,4.5036582147693766e-05,confluence_lost
A,BTCUSDT/SOLUSDT,short_a_long_b,2025-08-02T18:30:00,112363.11,156.63,2025-08-02T19:00:00,112325.0,158.3,0.008601238101623235,2,2.818510198963051,2.037125965157401,4.5036582147693766e-05,confluence_lost
A,BTCUSDT/SOLUSDT,short_a_long_b,2025-08-02T19:30:00,112754.78,157.44,2025-08-02T20:00:00,112260.01,158.62,0.009482936661707145,2,2.563805742315099,1.7606913808824354,4.5036582147693766e-05,confluence_lost
A,BTCUSDT/SOLUSDT,short_a_long_b,2025-08-02T23:00:00,112809.62,157.16,2025-08-02T23:30:00,112346.88,158.48,0.010101038870996962,2,2.439194183997301,1.58840776502261,4.5036582147693766e-05,confluence_lost
A,BTCUSDT/SOLUSDT,long_a_short_b,2025-08-04T13:30:00,114209.91,165.47,2025-08-04T14:00:00,114935.87,166.75,-0.003779175087535156,2,-3.1655533888303906,-3.255638619984442,5.2174226424770764e-05,regime_break
A,BTCUSDT/SOLUSDT,long_a_short_b,2025-08-04T15:00:00,114704.34,165.76,2025-08-04T15:30:00,114816.99,165.49,0.00021095113227283203,2,-2.6923743438829457,-2.244862568774002,5.2174226424770764e-05,confluence_lost
A,BTCUSDT/SOLUSDT,long_a_short_b,2025-08-04T16:00:00,114866.18,167.01,2025-08-04T16:30:00,114976.01,168.02,-0.007491385951951243,2,-3.267886522973928,-3.655896195363307,5.2174226424770764e-05,regime_break
A,BTCUSDT/SOLUSDT,long_a_short_b,2025-08-04T17:00:00,115252.27,169.04,2025-08-04T17:30:00,115450.48,167.83,0.0064778616867079,2,-3.7851396985584884,-2.6315121909545987,4.927328721926615e-05,confluence_lost
A,BTCUSDT/SOLUSDT,long_a_short_b,2025-08-04T18:00:00,115259.41,167.44,2025-08-04T18:30:00,115208.0,166.67,0.0017526248729658601,2,-2.472972532767208,-1.9751672299122365,4.927328721926615e-05,confluence_lost
A,BTCUSDT/SOLUSDT,long_a_short_b,2025-08-04T20:30:00,114791.02,167.29,2025-08-04T21:00:00,114882.71,168.08,-0.00632358259331349,2,-2.5160476014507718,-2.7939717165729174,4.927328721926615e-05,confluence_lost
A,BTCUSDT/SOLUSDT,long_a_short_b,2025-08-04T21:30:00,114982.87,168.54,2025-08-04T22:00:00,115164.93,168.61,-0.0012319653844894839,2,-2.8293502498429968,-2.6086033059101306,4.927328721926615e-05,confluence_lost
A,BTCUSDT/SOLUSDT,long_a_short_b,2025-08-04T22:30:00,115161.74,169.47,2025-08-04T23:00:00,115333.98,169.35,-0.0001962744560977535,2,-2.9258864255734043,-2.6356399333227314,4.927328721926615e-05,confluence_lost
A,BTCUSDT/SOLUSDT,long_a_short_b,2025-08-04T23:30:00,115264.0,169.55,2025-08-05T00:00:00,115039.83,168.85,-0.00021626403100043256,2,-2.66575281305514,-2.395886067738135,4.927328721926615e-05,confluence_lost
A,BTCUSDT/SOLUSDT,long_a_short_b,2025-08-05T00:30:00,114912.64,169.31,2025-08-05T01:00:00,114861.3,169.42,-0.0034964699998100567,2,-2.5969268127512115,-2.5651279788995414,5.410366783720701e-05,confluence_lost
A,BTCUSDT/SOLUSDT,long_a_short_b,2025-08-05T02:30:00,114628.65,169.42,2025-08-05T03:30:00,114323.79,167.92,0.0037941917387595693,3,-2.469852202630548,-1.8893355182084979,5.410366783720701e-05,confluence_lost
A,BTCUSDT/SOLUSDT,long_a_short_b,2025-08-07T10:00:00,115038.07,172.11,2025-08-07T10:30:00,115909.28,173.11,-0.0006370055773679416,2,-2.498721581898884,-2.3309234753535875,6.681398550182053e-05,confluence_lost
A,BTCUSDT/SOLUSDT,long_a_short_b,2025-08-08T07:30:00,116962.93,177.14,2025-08-08T08:00:00,116783.86,175.95,0.0027868523896849707,2,-2.3588803077374694,-1.917658294829094,5.66040159208544e-05,confluence_lost
A,BTCUSDT/SOLUSDT,long_a_short_b,2025-08-08T11:30:00,116761.23,177.65,2025-08-08T14:00:00,116930.01,177.35,0.0007342278262040948,6,-2.310717004214426,-1.873128966373861,4.786756793844231e-05,confluence_lost
A,BTCUSDT/SOLUSDT,long_a_short_b,2025-08-08T17:30:00,116405.84,179.34,2025-08-08T18:00:00,116779.98,178.24,0.006947700892514688,2,-2.6035407858062944,-1.909257107947338,5.494810839656624e-05,confluence_lost
A,BTCUSDT/SOLUSDT,long_a_short_b,2025-08-09T05:00:00,116418.0,181.67,2025-08-09T06:00:00,116742.01,180.02,0.009465562837378497,3,-2.551481357829167,-1.7037983098530978,6.237075097510708e-05,confluence_lost
A,BTCUSDT/SOLUSDT,long_a_short_b,2025-08-10T01:30:00,116603.47,184.5,2025-08-10T02:00:00,116576.42,183.96,0.00029484646366424684,2,-2.3498501307575212,-2.1099656787324483,7.23512586892479e-05,confluence_lost
A,BTCUSDT/SOLUSDT,short_a_long_b,2025-08-11T11:00:00,121250.66,178.8,2025-08-11T11:30:00,120476.19,179.08,0.005553342200788361,2,3.212551530972505,2.4774327818281687,8.988193447841552e-05,confluence_lost
A,BTCUSDT/SOLUSDT,short_a_long_b,2025-08-11T12:00:00,120622.32,178.73,2025-08-11T12:30:00,120124.4,178.79,0.002063627806282289,2,2.5927508428042207,2.185745397834338,8.988193447841552e-05,confluence_lost
A,BTCUSDT/SOLUSDT,long_a_short_b,2025-08-12T18:00:00,119322.01,188.37,2025-08-12T18:30:00,119820.0,188.18,0.002782149757087751,2,-2.868396712861964,-2.508415094227978,8.958198211898731e-05,confluence_lost
A,BTCUSDT/SOLUSDT,long_a_short_b,2025-08-12T19:00:00,119404.95,189.56,2025-08-12T19:30:00,119762.71,190.64,-0.005101213821783676,2,-2.9781752719778702,-2.9872465106795136,8.958198211898731e-05,confluence_lost
A,BTCUSDT/SOLUSDT,long_a_short_b,2025-08-12T20:00:00,119620.01,190.23,2025-08-12T20:30:00,119886.81,191.54,-0.007056004604519647,2,-2.8070673495012413,-2.9101620775985206,8.958198211898731e-05,confluence_lost
A,BTCUSDT/SOLUSDT,long_a_short_b,2025-08-12T21:00:00,120129.86,191.8,2025-08-12T21:30:00,120085.0,192.49,-0.006370926613796277,2,-2.772888138433986,-2.8464461366374034,8.958198211898731e-05,confluence_lost
A,BTCUSDT/SOLUSDT,long_a_short_b,2025-08-12T22:00:00,119999.99,192.69,2025-08-12T22:30:00,119811.98,191.66,0.0013786232671227495,2,-2.7995747383741354,-2.54087625440024,8.958198211898731e-05,confluence_lost
A,BTCUSDT/SOLUSDT,long_a_short_b,2025-08-12T23:00:00,120070.93,191.86,2025-08-12T23:30:00,120170.0,191.78,-0.001157933659135899,2,-2.40488098808089,-2.2791782938764005,8.958198211898731e-05,confluence_lost
A,BTCUSDT/SOLUSDT,long_a_short_b,2025-08-13T00:00:00,120068.47,192.22,2025-08-13T00:30:00,119954.0,193.95,-0.012353476735546029,2,-2.324240618601649,-2.588977943451391,8.550376387032346e-05,confluence_lost
A,BTCUSDT/SOLUSDT,long_a_short_b,2025-08-13T01:00:00,119671.35,194.65,2025-08-13T01:30:00,119489.62,194.25,-0.0018636052059717721,2,-2.687454366249277,-2.561761728109774,8.550376387032346e-05,confluence_lost
A,BTCUSDT/SOLUSDT,long_a_short_b,2025-08-13T02:00:00,119428.0,194.96,2025-08-13T02:30:00,119330.75,198.58,-0.021782209520970694,2,-2.5932043245210474,-3.0501773172045494,8.550376387032346e-05,regime_break
A,BTCUSDT/SOLUSDT,long_a_short_b,2025-08-13T03:00:00,119583.45,198.51,2025-08-13T03:30:00,119376.53,197.73,-0.00020106669079893212,2,-2.815921011537479,-2.621261662765743,8.550376387032346e-05,confluence_lost
A,BTCUSDT/SOLUSDT,long_a_short_b,2025-08-13T04:00:00,119497.73,198.44,2025-08-13T04:30:00,119590.35,198.74,-0.003136714492688417,2,-2.577438590805827,-2.4884837701203715,8.550376387032346e-05,confluence_lost
A,BTCUSDT/SOLUSDT,long_a_short_b,2025-08-13T05:00:00,119328.13,197.74,2025-08-13T05:30:00,119585.03,196.53,0.005872033522984224,2,-2.3171841461030227,-2.028383372241306,8.550376387032346e-05,confluence_lost
A,BTCUSDT/SOLUSDT,short_a_long_b,2025-08-15T14:30:00,117804.0,187.56,2025-08-15T15:00:00,117317.34,186.2,-0.005519913895388237,2,2.3864807987410748,2.5166270166953995,7.910474426011497e-05,confluence_lost
A,BTCUSDT/SOLUSDT,short_a_long_b,2025-08-15T15:30:00,117119.32,185.55,2025-08-15T16:00:00,117262.08,184.19,-0.010948488607428183,2,2.5304660925129805,2.929107992233898,7.910474426011497e-05,confluence_lost
A,BTCUSDT/SOLUSDT,short_a_long_b,2025-08-15T16:30:00,117200.0,185.55,2025-08-15T17:00:00,117275.48,186.26,0.0007824345663615807,2,2.34013860152996,2.071712976418479,6.979702331342275e-05,confluence_lost
A,BTCUSDT/SOLUSDT,short_a_long_b,2025-08-15T18:00:00,117576.01,184.7,2025-08-15T18:30:00,117382.51,184.17,-0.003623774248099385,2,2.5310534470066206,2.490207757017037,6.979702331342275e-05,confluence_lost
A,BTCUSDT/SOLUSDT,long_a_short_b,2025-08-17T15:30:00,118175.83,195.47,2025-08-17T16:00:00,118294.11,193.9,0.006632804540372142,2,-2.445951489765259,-1.6861887330592022,7.242089774303876e-05,confluence_lost
A,BTCUSDT/SOLUSDT,short_a_long_b,2025-08-18T06:00:00,115712.48,181.38,2025-08-18T06:30:00,115166.74,181.38,0.0023163452032139565,2,2.4091371801039467,1.9690541734358558,5.335288875813456e-05,confluence_lost
A,BTCUSDT/SOLUSDT,short_a_long_b,2025-08-18T07:00:00,115385.03,180.57,2025-08-18T07:30:00,115324.21,180.62,-0.001595994302547463,2,2.3994296960255848,2.2503780106838467,5.335288875813456e-05,confluence_lost
A,BTCUSDT/SOLUSDT,long_a_short_b,2025-08-20T02:00:00,112970.0,180.91,2025-08-20T02:30:00,113312.03,180.79,0.001290931201350778,2,-2.828022076382078,-2.1901108827875597,4.713626458911859e-05,confluence_lost
A,BTCUSDT/SOLUSDT,long_a_short_b,2025-08-20T15:00:00,113448.46,184.54,2025-08-20T15:30:00,114215.42,183.03,0.012542934574493916,2,-3.6432810229735977,-1.8010649267913976,3.969265023598113e-05,confluence_lost
A,BTCUSDT/SOLUSDT,long_a_short_b,2025-08-20T16:00:00,113403.43,184.75,2025-08-20T16:30:00,114200.0,183.78,0.0098745526419491,2,-3.467875970438498,-2.0417742989801426,4.184095018354088e-05,confluence_lost
A,BTCUSDT/SOLUSDT,long_a_short_b,2025-08-20T17:00:00,113792.94,183.83,2025-08-20T17:30:00,113833.4,185.15,-0.00922498915826879,2,-2.3697043060362812,-2.9169864572676945,4.184095018354088e-05,confluence_lost
A,BTCUSDT/SOLUSDT,long_a_short_b,2025-08-20T18:30:00,113360.39,183.62,2025-08-20T19:00:00,113530.93,185.61,-0.011733193838864106,2,-2.365648220405094,-3.062686059972288,4.184095018354088e-05,regime_break
A,BTCUSDT/SOLUSDT,long_a_short_b,2025-08-20T19:30:00,114000.0,187.59,2025-08-20T20:00:00,114182.96,186.83,0.003256300947475046,2,-3.392343212696129,-2.75594715279209,4.184095018354088e-05,confluence_lost
A,BTCUSDT/SOLUSDT,long_a_short_b,2025-08-20T20:30:00,114220.0,187.23,2025-08-20T21:00:00,114409.45,186.04,0.0056144602647938,2,-2.757455876985972,-2.0488237555546043,4.184095018354088e-05,confluence_lost
A,BTCUSDT/SOLUSDT,long_a_short_b,2025-08-20T21:30:00,114051.8,187.0,2025-08-20T22:00:00,114447.35,187.24,-0.00021526150145127808,2,-2.5674818834378303,-2.3110278597185228,4.184095018354088e-05,confluence_lost
A,BTCUSDT/SOLUSDT,long_a_short_b,2025-08-20T23:30:00,114248.85,187.94,2025-08-21T00:00:00,114210.36,187.28,0.0007748629019733301,2,-2.427864805146856,-2.1371729936020674,4.184095018354088e-05,confluence_lost
A,BTCUSDT/SOLUSDT,long_a_short_b,2025-08-21T01:30:00,114148.6,189.09,2025-08-21T02:00:00,114811.24,186.63,0.01641474255742921,2,-2.5218002397921437,-1.3396111864638245,3.508296125386513e-05,confluence_lost
A,BTCUSDT/SOLUSDT,long_a_short_b,2025-08-22T14:00:00,113594.13,189.24,2025-08-22T14:30:00,115334.0,191.7,-8.281739744635296e-05,2,-2.676647420262747,-2.354792095049798,6.574841182297367e-05,confluence_lost
A,BTCUSDT/SOLUSDT,long_a_short_b,2025-08-22T15:00:00,116102.01,193.99,2025-08-22T15:30:00,116790.97,193.47,0.006214642468693923,2,-2.7391717936426727,-1.8572963311375414,6.574841182297367e-05,confluence_lost
A,BTCUSDT/SOLUSDT,long_a_short_b,2025-08-22T16:00:00,116498.01,196.41,2025-08-22T16:30:00,116413.98,194.9,0.004566699718124359,2,-3.300122238644857,-2.5519408997355137,6.574841182297367e-05,confluence_lost
A,BTCUSDT/SOLUSDT,long_a_short_b,2025-08-22T17:00:00,116387.59,197.91,2025-08-22T17:30:00,116895.05,196.88,0.007164472676254377,2,-3.5959951393150718,-2.681492458277288,6.41754314178684e-05,confluence_lost
A,BTCUSDT/SOLUSDT,long_a_short_b,2025-08-22T18:30:00,116953.99,196.82,2025-08-22T19:00:00,116746.51,198.13,-0.010829858627011399,2,-2.423208350048233,-2.8844688692056484,6.41754314178684e-05,confluence_lost
A,BTCUSDT/SOLUSDT,long_a_short_b,2025-08-22T19:30:00,116787.57,198.97,2025-08-22T20:00:00,116606.13,198.87,-0.00345100166259775,2,-2.9904212178882936,-2.8964164697815997,6.41754314178684e-05,confluence_lost
A,BTCUSDT/SOLUSDT,long_a_short_b,2025-08-22T20:30:00,117103.24,199.61,2025-08-22T21:00:00,117043.02,201.77,-0.01373534823382487,2,-2.723820403796121,-3.1994806896209655,6.41754314178684e-05,regime_break
A,BTCUSDT/SOLUSDT,long_a_short_b,2025-08-22T21:30:00,116950.0,200.2,2025-08-22T22:00:00,117048.75,199.17,0.0035892330841455623,2,-2.6577022322804233,-2.2345905489067,6.41754314178684e-05,confluence_lost
A,BTCUSDT/SOLUSDT,long_a_short_b,2025-08-22T22:30:00,116722.2,199.41,2025-08-22T23:00:00,116794.2,199.82,-0.0038392161560030645,2,-2.3581628614320156,-2.338020262670025,6.41754314178684e-05,confluence_lost
A,BTCUSDT/SOLUSDT,long_a_short_b,2025-08-22T23:30:00,116783.1,200.69,2025-08-23T00:00:00,116928.37,199.67,0.0039263954804904105,2,-2.4630006648960587,-2.0754664752100704,6.41754314178684e-05,confluence_lost
A,BTCUSDT/SOLUSDT,long_a_short_b,2025-08-23T04:30:00,115720.0,204.67,2025-08-23T05:00:00,115912.01,207.37,-0.013932703817469735,2,-3.017496749500502,-3.252129583751915,7.21364466583421e-05,regime_break
A,BTCUSDT/SOLUSDT,long_a_short_b,2025-08-23T05:30:00,115974.24,207.54,2025-08-23T06:00:00,115971.99,205.95,0.005241772889585564,2,-3.0676273353355263,-2.6524100454209685,7.21364466583421e-05,confluence_lost
A,BTCUSDT/SOLUSDT,long_a_short_b,2025-08-23T06:30:00,115812.28,206.54,2025-08-23T07:00:00,115739.45,205.61,0.0014738972553878927,2,-2.6659058118777064,-2.4275104822539433,7.21364466583421e-05,confluence_lost
A,BTCUSDT/SOLUSDT,long_a_short_b,2025-08-25T02:00:00,113104.64,211.74,2025-08-25T02:30:00,113505.41,212.55,-0.00268209034425819,2,-2.733047302268784,-2.7017509382471703,9.359661899045669e-05,confluence_lost
A,BTCUSDT/SOLUSDT,short_a_long_b,2025-08-25T19:00:00,112350.13,193.66,2025-08-25T19:30:00,111864.05,191.47,-0.009382004032616395,2,2.56753011466944,2.860124559136959,9.244634975965898e-05,confluence_lost
A,BTCUSDT/SOLUSDT,short_a_long_b,2025-08-25T20:00:00,110708.32,189.26,2025-08-25T20:30:00,110482.68,186.29,-0.016054549342927757,2,2.7986737726045776,3.3549238810702056,9.244634975965898e-05,regime_break
A,BTCUSDT/SOLUSDT,short_a_long_b,2025-08-25T21:00:00,109679.26,186.94,2025-08-25T21:30:00,109508.97,186.41,-0.0036825162066166793,2,2.6614682419115168,2.619163703409606,9.244634975965898e-05,confluence_lost
A,BTCUSDT/SOLUSDT,short_a_long_b,2025-08-25T22:00:00,109960.42,187.36,2025-08-25T22:30:00,110372.15,187.03,-0.007905662399517885,2,2.4764964496655506,2.6312181491533457,9.244634975965898e-05,confluence_lost
A,BTCUSDT/SOLUSDT,short_a_long_b,2025-08-25T23:00:00,110103.61,186.46,2025-08-25T23:30:00,109903.64,187.2,0.003384878006695693,2,2.5495912334759376,2.210743945500449,9.244634975965898e-05,confluence_lost
A,BTCUSDT/SOLUSDT,long_a_short_b,2025-08-27T04:00:00,111426.01,204.33,2025-08-27T04:30:00,111500.0,205.17,-0.005846968832106378,2,-2.3782452781674315,-2.544464032861327,6.509004203215078e-05,confluence_lost
A,BTCUSDT/SOLUSDT,long_a_short_b,2025-08-27T08:30:00,110597.05,203.49,2025-08-27T09:00:00,110756.18,204.55,-0.006170274380182625,2,-2.3192605642809956,-2.4062810291566095,6.285447713611727e-05,confluence_lost
A,BTCUSDT/SOLUSDT,long_a_short_b,2025-08-29T02:00:00,111440.01,216.63,2025-08-29T02:30:00,111513.75,215.3,0.004401201835444304,2,-2.530755608403224,-2.108993080380864,6.175453229058447e-05,confluence_lost
A,BTCUSDT/SOLUSDT,long_a_short_b,2025-08-29T03:00:00,111421.57,215.94,2025-08-29T03:30:00,111634.29,216.86,-0.004751297116562012,2,-2.3175538997962892,-2.3759343436201488,6.175453229058447e-05,confluence_lost
A,BTCUSDT/SOLUSDT,long_a_short_b,2025-08-29T04:00:00,111719.96,217.59,2025-08-29T04:30:00,111626.06,217.13,-0.0011264266512190234,2,-2.429310618043885,-2.2669397014107346,6.175453229058447e-05,confluence_lost
A,BTCUSDT/SOLUSDT,short_a_long_b,2025-08-30T13:00:00,108601.81,198.74,2025-08-30T15:30:00,108730.09,201.05,0.008042030542836101,6,2.6647397909666717,1.5591028466351475,6.032152294310216e-05,confluence_lost
A,BTCUSDT/SOLUSDT,short_a_long_b,2025-09-01T21:00:00,108831.06,196.0,2025-09-01T21:30:00,108050.84,195.06,-2.682527939938716e-05,2,2.5833694593425824,2.3005498821996118,6.24583447329747e-05,confluence_lost
A,BTCUSDT/SOLUSDT,long_a_short_b,2025-09-02T22:30:00,111032.28,208.66,2025-09-03T01:30:00,111034.0,211.47,-0.015851392935456052,7,-2.4962751944303827,-3.32103722177826,6.806764368094695e-05,regime_break
A,BTCUSDT/SOLUSDT,long_a_short_b,2025-09-03T02:00:00,111279.98,211.13,2025-09-03T04:30:00,111020.01,210.28,-0.0007102238553859251,6,-2.806161077652025,-2.187820930654054,5.464594508518096e-05,confluence_lost
A,BTCUSDT/SOLUSDT,short_a_long_b,2025-09-04T18:00:00,109904.0,203.16,2025-09-04T18:30:00,109841.12,203.08,-0.0022216426207655603,2,2.3647370645841033,2.28103731204236,4.9830169165381914e-05,confluence_lost
A,BTCUSDT/SOLUSDT,short_a_long_b,2025-09-04T19:30:00,110033.63,202.12,2025-09-04T20:30:00,110341.99,202.63,-0.0026791624395219736,3,3.115552228994211,2.9583076207270427,4.9830169165381914e-05,confluence_lost
A,BTCUSDT/SOLUSDT,short_a_long_b,2025-09-04T21:00:00,110422.04,203.02,2025-09-04T21:30:00,110419.99,203.82,0.001559063607335889,2,2.686231284421002,2.0935536320558388,4.9830169165381914e-05,confluence_lost
A,BTCUSDT/SOLUSDT,short_a_long_b,2025-09-04T23:00:00,111710.28,203.87,2025-09-04T23:30:00,111017.79,202.32,-0.003803902324599637,2,3.1699280384086603,3.1346057141432704,4.9830169165381914e-05,regime_break
A,BTCUSDT/SOLUSDT,short_a_long_b,2025-09-05T00:00:00,110775.11,202.5,2025-09-05T00:30:00,110695.71,201.19,-0.008152368290344866,2,2.648525306226011,3.08858219584293,4.9830169165381914e-05,regime_break
A,BTCUSDT/SOLUSDT,short_a_long_b,2025-09-05T03:00:00,111333.51,202.74,2025-09-05T03:30:00,111131.16,203.53,0.0033141284419074403,2,2.5088515709117756,1.8990672181085297,5.549457601751927e-05,confluence_lost
A,BTCUSDT/SOLUSDT,long_a_short_b,2025-09-07T22:30:00,111327.73,207.1,2025-09-07T23:00:00,111283.99,207.51,-0.004772613967651426,2,-3.6786806386397912,-3.868525971009264,5.0272980130132826e-05,regime_break
A,BTCUSDT/SOLUSDT,long_a_short_b,2025-09-08T00:00:00,111160.01,207.02,2025-09-08T01:00:00,110731.72,205.82,-0.00045637297394789155,3,-3.3200356373027216,-2.7670684422106504,5.0272980130132826e-05,confluence_lost
A,BTCUSDT/SOLUSDT,long_a_short_b,2025-09-08T01:30:00,110808.01,206.89,2025-09-08T02:00:00,110915.09,206.64,-0.00022527226900841179,2,-3.3783765086794464,-2.8489046688166533,5.9998984545658864e-05,confluence_lost
A,BTCUSDT/SOLUSDT,long_a_short_b,2025-09-08T02:30:00,110837.26,207.81,2025-09-08T04:00:00,111060.93,208.11,-0.0018256226965083643,4,-3.623296344203381,-3.0172737146026867,5.9998984545658864e-05,regime_break
A,BTCUSDT/SOLUSDT,long_a_short_b,2025-09-08T04:30:00,111159.65,207.82,2025-09-08T05:00:00,110954.57,207.33,-0.0018871044063372565,2,-2.584658863137491,-2.411905194600436,5.9998984545658864e-05,confluence_lost
A,BTCUSDT/SOLUSDT,long_a_short_b,2025-09-08T05:30:00,110934.51,207.32,2025-09-08T07:30:00,111492.02,207.92,-0.0002684990860462454,5,-2.331604183619002,-1.7937359211616524,5.9998984545658864e-05,confluence_lost
A,BTCUSDT/SOLUSDT,long_a_short_b,2025-09-08T08:00:00,111269.4,208.79,2025-09-08T08:30:00,111582.85,208.93,-0.0002534933485019296,2,-2.385812951810468,-2.0807670382421644,6.151476575773467e-05,confluence_lost
A,BTCUSDT/SOLUSDT,long_a_short_b,2025-09-08T09:30:00,111808.35,210.87,2025-09-08T10:00:00,112043.35,213.64,-0.013434244567755146,2,-2.6240740574725745,-3.443929493499029,6.151476575773467e-05,regime_break
A,BTCUSDT/SOLUSDT,long_a_short_b,2025-09-08T10:30:00,112127.04,215.22,2025-09-08T11:00:00,111969.01,213.28,0.0052046486538575715,2,-3.717478272381791,-2.8858368632832923,6.151476575773467e-05,confluence_lost
A,BTCUSDT/SOLUSDT,long_a_short_b,2025-09-08T11:30:00,111824.27,214.28,2025-09-08T12:00:00,112063.91,213.9,0.0015163858941638765,2,-3.1640829560680386,-2.7132671257494487,6.151476575773467e-05,confluence_lost
A,BTCUSDT/SOLUSDT,long_a_short_b,2025-09-08T12:30:00,111942.1,214.47,2025-09-08T13:00:00,112054.49,214.77,-0.0027947958589425313,2,-2.8367897269427145,-2.7232314638206905,6.151476575773467e-05,confluence_lost
A,BTCUSDT/SOLUSDT,long_a_short_b,2025-09-08T14:00:00,111976.0,214.58,2025-09-08T14:30:00,112268.07,215.27,-0.003007257147089868,2,-2.5133627130559115,-2.44655053767587,6.151476575773467e-05,confluence_lost
A,BTCUSDT/SOLUSDT,long_a_short_b,2025-09-08T15:00:00,112604.12,216.63,2025-09-08T15:30:00,112791.14,215.04,0.006600566495130369,2,-2.541149561403352,-1.9192735526242055,6.151476575773467e-05,confluence_lost
A,BTCUSDT/SOLUSDT,long_a_short_b,2025-09-08T17:00:00,112399.99,216.77,2025-09-08T17:30:00,112458.83,215.42,0.00435128664074165,2,-2.3780941093298607,-1.928254800636018,6.409148447823808e-05,confluence_lost
A,BTCUSDT/SOLUSDT,long_a_short_b,2025-09-10T07:00:00,111760.69,221.6,2025-09-10T07:30:00,112233.23,222.25,-0.0011050715989094216,2,-2.532122058560271,-2.399366824878783,7.105345133855351e-05,confluence_lost
A,BTCUSDT/SOLUSDT,long_a_short_b,2025-09-11T12:00:00,114139.42,228.35,2025-09-11T14:00:00,114520.17,225.88,0.011752561321869706,5,-2.764361826211415,-0.8586936689902644,6.431694203076772e-05,confluence_lost
A,BTCUSDT/SOLUSDT,long_a_short_b,2025-09-12T00:30:00,115803.55,232.99,2025-09-12T01:00:00,115908.55,232.71,-0.0002915237287825366,2,-3.2183411241882145,-2.791542643200748,5.829419950009406e-05,confluence_lost
A,BTCUSDT/SOLUSDT,long_a_short_b,2025-09-12T01:30:00,115689.81,232.23,2025-09-12T02:00:00,115377.29,233.19,-0.009235194349576356,2,-2.653691902391626,-3.35684166622195,5.829419950009406e-05,regime_break
A,BTCUSDT/SOLUSDT,long_a_short_b,2025-09-12T02:30:00,115510.37,232.7,2025-09-12T03:00:00,115378.32,233.47,-0.006852168925138888,2,-2.775618107415017,-3.131261283850303,5.829419950009406e-05,regime_break
A,BTCUSDT/SOLUSDT,long_a_short_b,2025-09-12T03:30:00,115210.48,235.09,2025-09-12T04:00:00,115156.45,236.75,-0.009930093280022076,2,-3.774263403623992,-4.130943506937635,5.829419950009406e-05,regime_break
A,BTCUSDT/SOLUSDT,long_a_short_b,2025-09-12T04:30:00,115360.79,237.42,2025-09-12T05:00:00,115350.5,238.41,-0.006659024043757886,2,-3.8565396894647113,-3.863683719256595,5.829419950009406e-05,regime_break
A,BTCUSDT/SOLUSDT,long_a_short_b,2025-09-12T05:30:00,115494.75,238.63,2025-09-12T06:00:00,115603.39,237.4,0.00369507198294057,2,-3.5390511669873463,-2.8837632963559297,5.829419950009406e-05,confluence_lost
A,BTCUSDT/SOLUSDT,long_a_short_b,2025-09-12T06:30:00,115349.08,238.15,2025-09-12T07:00:00,115315.56,237.81,-0.0012629245270117527,2,-3.0901374386847267,-2.8484061488671415,5.829419950009406e-05,confluence_lost
A,BTCUSDT/SOLUSDT,long_a_short_b,2025-09-12T07:30:00,115199.23,237.33,2025-09-12T08:00:00,115128.35,238.02,-0.005922626094611624,2,-2.646479825203371,-2.7350437283472138,5.829419950009406e-05,confluence_lost
A,BTCUSDT/SOLUSDT,long_a_short_b,2025-09-12T08:30:00,115169.37,237.73,2025-09-12T09:00:00,115065.7,238.03,-0.004562088341407297,2,-2.517779185712916,-2.5326487386823717,5.371326627785093e-05,confluence_lost
A,BTCUSDT/SOLUSDT,long_a_short_b,2025-09-12T09:30:00,115005.75,238.46,2025-09-12T10:00:00,115003.01,238.2,-0.001333495280681871,2,-2.5512510774336388,-2.388635518839376,5.371326627785093e-05,confluence_lost
A,BTCUSDT/SOLUSDT,long_a_short_b,2025-09-12T10:30:00,115022.99,239.06,2025-09-12T11:00:00,114943.47,239.34,-0.0042625941314496235,2,-2.4721540762939207,-2.464561503462123,5.371326627785093e-05,confluence_lost
A,BTCUSDT/SOLUSDT,long_a_short_b,2025-09-14T01:30:00,115817.99,245.79,2025-09-14T02:30:00,115963.9,248.68,-0.012898183248080827,3,-2.4599348847591904,-3.596587642453286,4.5897633598059934e-05,regime_break
A,BTCUSDT/SOLUSDT,long_a_short_b,2025-09-14T03:00:00,115859.34,248.07,2025-09-14T03:30:00,115740.13,246.89,0.0013278018249385927,2,-3.334111884046187,-2.801024408571269,4.5897633598059934e-05,confluence_lost
A,BTCUSDT/SOLUSDT,long_a_short_b,2025-09-14T04:00:00,115652.28,247.06,2025-09-14T04:30:00,115736.77,246.24,0.0016495837755828436,2,-2.8300922047721984,-2.2918681126881424,4.5897633598059934e-05,confluence_lost
A,BTCUSDT/SOLUSDT,long_a_short_b,2025-09-14T05:00:00,115751.0,246.7,2025-09-14T06:30:00,115761.99,247.05,-0.0037237820149685218,4,-2.3851004791111,-2.2461345280738,4.5897633598059934e-05,confluence_lost
A,BTCUSDT/SOLUSDT,short_a_long_b,2025-09-15T08:00:00,115791.39,236.3,2025-09-15T08:30:00,115650.0,232.07,-0.019079898093225897,2,2.3873458457728414,3.5010249749154823,4.719825558866194e-05,regime_break
A,BTCUSDT/SOLUSDT,long_a_short_b,2025-09-17T19:00:00,115199.99,237.91,2025-09-17T22:00:00,116122.62,244.07,-0.020283202420657884,7,-2.817246337532543,-4.182127634513662,6.456082379737528e-05,regime_break
A,BTCUSDT/SOLUSDT,long_a_short_b,2025-09-17T22:30:00,116199.99,244.89,2025-09-17T23:00:00,116803.69,244.58,0.004061227761289102,2,-4.063572906055009,-3.120814751111562,6.456082379737528e-05,regime_break
A,BTCUSDT/SOLUSDT,long_a_short_b,2025-09-17T23:30:00,116570.92,244.84,2025-09-18T00:00:00,116412.31,245.11,-0.0048633919228528305,2,-3.2211676279508406,-3.2402655170212467,6.456082379737528e-05,regime_break
A,BTCUSDT/SOLUSDT,long_a_short_b,2025-09-18T00:30:00,116264.0,244.73,2025-09-18T01:00:00,116358.0,245.69,-0.005514185529552448,2,-3.02209435177111,-3.1048840774222763,6.119397406462522e-05,regime_break
A,BTCUSDT/SOLUSDT,long_a_short_b,2025-09-18T01:30:00,116479.18,246.3,2025-09-18T02:00:00,116632.5,245.28,0.0030575778473735517,2,-3.0359245778146158,-2.474110781701959,6.119397406462522e-05,confluence_lost
A,BTCUSDT/SOLUSDT,long_a_short_b,2025-09-18T02:30:00,116512.05,246.42,2025-09-18T03:00:00,116955.28,246.92,-0.0006249002039544903,2,-2.7744961866152553,-2.5238911642612423,6.119397406462522e-05,confluence_lost
A,BTCUSDT/SOLUSDT,short_a_long_b,2025-09-22T00:00:00,115206.99,234.75,2025-09-22T00:30:00,115137.68,232.27,-0.012362817443495808,2,2.6402536128979603,4.166033613281107,1.665854632550664e-05,regime_break
A,BTCUSDT/SOLUSDT,short_a_long_b,2025-09-22T01:30:00,114560.0,233.19,2025-09-22T02:00:00,114454.51,232.52,-0.004352366019203788,2,2.3739441571846474,2.5918667845009136,2.7767758253171826e-05,confluence_lost
A,BTCUSDT/SOLUSDT,short_a_long_b,2025-09-22T02:30:00,114442.13,231.69,2025-09-22T04:00:00,114649.14,232.14,-0.00226661140305455,4,2.988358068888627,2.6695912576612773,2.7767758253171826e-05,confluence_lost
A,BTCUSDT/SOLUSDT,short_a_long_b,2025-09-22T04:30:00,114548.05,231.74,2025-09-22T05:00:00,114402.3,231.55,-0.001947492549016314,2,2.6577291566431827,2.480728740890598,2.7767758253171826e-05,confluence_lost
A,BTCUSDT/SOLUSDT,short_a_long_b,2025-09-22T05:30:00,114452.0,224.99,2025-09-22T06:00:00,113482.0,223.93,0.0013638481265103165,2,5.3612219498946905,4.3602957492808665,2.7767758253171826e-05,regime_break
A,BTCUSDT/SOLUSDT,short_a_long_b,2025-09-22T06:30:00,112725.34,224.44,2025-09-22T07:00:00,112711.9,223.32,-0.007270969975067196,2,3.2124823407241814,3.4157122564069367,2.7767758253171826e-05,regime_break
A,BTCUSDT/SOLUSDT,short_a_long_b,2025-09-22T07:30:00,112771.87,221.88,2025-09-22T08:00:00,112567.1,221.48,-0.002386986575426506,2,3.7103802556129595,3.434518456128842,2.7767758253171826e-05,regime_break
A,BTCUSDT/SOLUSDT,short_a_long_b,2025-09-22T08:30:00,112598.99,221.5,2025-09-22T09:00:00,112624.89,220.5,-0.007144692511452375,2,3.2232971609858736,3.327059525485447,2.5470478641355864e-05,regime_break
A,BTCUSDT/SOLUSDT,short_a_long_b,2025-09-22T09:30:00,112410.88,220.48,2025-09-22T10:00:00,112382.6,221.48,0.002387135852384994,2,3.013263002259418,2.5730198563209696,2.5470478641355864e-05,confluence_lost
A,BTCUSDT/SOLUSDT,short_a_long_b,2025-09-22T11:00:00,112795.18,221.39,2025-09-22T14:00:00,113078.62,223.83,0.006108401339881067,7,2.604116817781587,1.718471161213596,2.5470478641355864e-05,confluence_lost
A,BTCUSDT/SOLUSDT,short_a_long_b,2025-09-22T14:30:00,113399.9,221.38,2025-09-22T17:30:00,112413.43,221.08,0.004943901688163901,7,2.3518326571825763,1.6141623309753648,2.5470478641355864e-05,confluence_lost
A,BTCUSDT/SOLUSDT,short_a_long_b,2025-09-24T03:00:00,112110.86,208.58,2025-09-24T03:30:00,111916.33,208.51,-0.001000445142546089,2,3.245817548554778,3.091050124542919,5.389003834993426e-05,regime_break
A,BTCUSDT/SOLUSDT,short_a_long_b,2025-09-24T04:00:00,111679.03,207.82,2025-09-24T04:30:00,112175.45,208.04,-0.005786451686549607,2,3.0951105531577334,3.234704247949213,5.389003834993426e-05,regime_break
A,BTCUSDT/SOLUSDT,short_a_long_b,2025-09-24T05:00:00,112161.55,208.8,2025-09-24T05:30:00,112338.74,209.74,0.0005221408216071334,2,2.911163780638874,2.5830053312210413,5.389003834993426e-05,confluence_lost
A,BTCUSDT/SOLUSDT,short_a_long_b,2025-09-24T06:00:00,112644.52,209.17,2025-09-24T06:30:00,112592.71,210.96,0.006617575028689829,2,2.813028214849729,2.1575442679006613,5.389003834993426e-05,confluence_lost
A,BTCUSDT/SOLUSDT,short_a_long_b,2025-09-24T07:00:00,112616.43,209.77,2025-09-24T07:30:00,112498.91,210.63,0.0027432704994116565,2,2.452828723716487,2.052908661363035,5.389003834993426e-05,confluence_lost
A,BTCUSDT/SOLUSDT,short_a_long_b,2025-09-25T04:00:00,112542.97,204.44,2025-09-25T04:30:00,111807.51,204.36,0.0037436133162389164,2,2.430410247971089,2.0193804345407234,4.173649266670432e-05,confluence_lost
A,BTCUSDT/SOLUSDT,short_a_long_b,2025-09-25T12:00:00,111314.78,198.28,2025-09-25T12:30:00,111500.81,198.59,-0.002507761012356988,2,2.524994112331302,2.446261237990663,3.630616096299225e-05,confluence_lost
A,BTCUSDT/SOLUSDT,long_a_short_b,2025-09-28T20:00:00,110356.93,207.49,2025-09-28T20:30:00,110737.78,206.82,0.004280145898150581,2,-2.535983044117163,-1.4873169109282869,4.725660785843791e-05,confluence_lost
A,BTCUSDT/SOLUSDT,long_a_short_b,2025-09-28T22:00:00,110938.3,209.26,2025-09-28T22:30:00,111857.99,209.54,0.004552055237235522,2,-2.7452221317181547,-1.7231074370847916,4.725660785843791e-05,confluence_lost
A,BTCUSDT/SOLUSDT,short_a_long_b,2025-09-30T15:00:00,113539.75,205.57,2025-09-30T15:30:00,113138.63,206.0,0.003224604541675793,2,2.592142160855065,1.9234100582161007,3.389963942279744e-05,confluence_lost
A,BTCUSDT/SOLUSDT,long_a_short_b,2025-10-01T08:30:00,115271.6,216.57,2025-10-01T09:00:00,116176.01,217.45,0.0013825534608557645,2,-2.3953877799282237,-1.9431136251479746,3.290471374762624e-05,confluence_lost
A,BTCUSDT/SOLUSDT,long_a_short_b,2025-10-02T05:00:00,118661.26,225.98,2025-10-02T05:30:00,118522.47,224.13,0.0046169332405402025,2,-2.356004162834795,-1.7531146897056966,5.448704905720599e-05,confluence_lost
A,BTCUSDT/SOLUSDT,short_a_long_b,2025-10-04T15:00:00,121977.34,224.9,2025-10-04T15:30:00,121841.43,224.88,-0.0013747050658980274,2,2.5922436872495735,2.4081275729589384,9.181423758793306e-05,confluence_lost
A,BTCUSDT/SOLUSDT,short_a_long_b,2025-10-04T16:00:00,121861.63,224.69,2025-10-04T16:30:00,121777.99,225.65,0.0025589055133268947,2,2.3856818372836295,1.9561182055307011,8.98821847906146e-05,confluence_lost
A,BTCUSDT/SOLUSDT,short_a_long_b,2025-10-07T13:30:00,124694.77,227.93,2025-10-07T14:00:00,123829.6,225.43,-0.00642997751110401,2,3.253879245100738,3.5449026101928394,8.69569651909868e-05,regime_break
A,BTCUSDT/SOLUSDT,short_a_long_b,2025-10-07T14:30:00,122788.42,225.29,2025-10-07T15:00:00,122865.36,223.65,-0.010306112733997438,2,2.3867485320308672,3.201882080895757,8.69569651909868e-05,regime_break
A,BTCUSDT/SOLUSDT,short_a_long_b,2025-10-07T16:00:00,121842.3,222.94,2025-10-07T16:30:00,121249.09,224.4,0.009017517627753227,2,2.3694856410324894,1.0089117596853447,8.139763959298974e-05,confluence_lost
A,BTCUSDT/SOLUSDT,short_a_long_b,2025-10-07T23:00:00,122000.0,221.08,2025-10-08T01:30:00,121828.68,222.04,0.0033465818174267105,6,2.5567613036306294,1.7101584018303395,8.139763959298974e-05,confluence_lost
A,BTCUSDT/SOLUSDT,short_a_long_b,2025-10-08T03:00:00,121953.01,218.88,2025-10-08T03:30:00,121465.59,218.31,-0.0010073813474687364,2,2.6970682475635837,2.4774240016259585,6.895816412788091e-05,confluence_lost
A,BTCUSDT/SOLUSDT,short_a_long_b,2025-10-10T15:00:00,120390.11,213.24,2025-10-10T15:30:00,119039.99,210.7,-0.00309691880728584,2,2.8531745430813418,2.790645293450071,3.88254246223146e-05,confluence_lost
A,BTCUSDT/SOLUSDT,short_a_long_b,2025-10-10T16:30:00,119094.43,211.26,2025-10-10T17:00:00,118363.1,210.97,0.0023680412960631193,2,2.4043461380791675,1.9417180133374348,3.2448663595133574e-05,confluence_lost
A,BTCUSDT/SOLUSDT,short_a_long_b,2025-10-10T18:30:00,117622.0,207.47,2025-10-10T19:00:00,117297.64,203.5,-0.018777649290506224,2,2.514363580065345,3.4995433269868994,3.2448663595133574e-05,regime_break
A,BTCUSDT/SOLUSDT,short_a_long_b,2025-10-10T20:30:00,116932.12,196.84,2025-10-10T21:00:00,114641.68,174.74,-0.09508615354943588,2,4.739870191260503,7.240406089836422,3.2448663595133574e-05,regime_break
A,BTCUSDT/SOLUSDT,short_a_long_b,2025-10-10T22:00:00,113416.95,185.12,2025-10-10T22:30:00,112169.75,189.93,0.034579738728389334,2,3.972745689445867,2.4642206151411186,3.2448663595133574e-05,confluence_lost
A,BTCUSDT/SOLUSDT,short_a_long_b,2025-10-10T23:00:00,113665.47,192.56,2025-10-10T23:30:00,113769.0,188.43,-0.024758691110612616,2,2.3499801897031705,2.9867930830199656,3.2448663595133574e-05,confluence_lost
A,BTCUSDT/SOLUSDT,short_a_long_b,2025-10-11T00:00:00,112531.02,188.23,2025-10-11T00:30:00,112310.58,188.05,-0.0013973503699614008,2,2.5300949927766125,2.396491711277957,4.7460071685103894e-05,confluence_lost
A,BTCUSDT/SOLUSDT,short_a_long_b,2025-10-11T01:00:00,112468.62,184.57,2025-10-11T01:30:00,111384.64,183.1,-0.000726391773543542,2,2.8863304156138017,2.7007261361134205,4.7460071685103894e-05,confluence_lost
A,BTCUSDT/SOLUSDT,short_a_long_b,2025-10-11T03:00:00,113291.03,184.03,2025-10-11T03:30:00,111990.59,184.85,0.01353455045319403,2,2.770138589689999,2.233907196678142,4.7460071685103894e-05,confluence_lost
A,BTCUSDT/SOLUSDT,short_a_long_b,2025-10-11T05:00:00,112883.19,181.23,2025-10-11T07:30:00,110828.88,182.75,0.02418567903017428,6,2.7140591312036215,1.7114214690837326,4.7460071685103894e-05,confluence_lost
A,BTCUSDT/SOLUSDT,long_a_short_b,2025-10-13T17:30:00,114477.42,205.01,2025-10-13T20:00:00,115740.01,207.36,-0.0028336935623787672,6,-2.3436953257818494,-1.9987517044808607,-6.670649593255691e-06,confluence_lost
A,BTCUSDT/SOLUSDT,short_a_long_b,2025-10-16T15:30:00,109932.84,187.61,2025-10-16T16:00:00,108335.01,187.62,0.012187903370278932,2,2.3613697346235396,1.462491444351479,-1.4582568538631549e-05,confluence_lost
A,BTCUSDT/SOLUSDT,long_a_short_b,2025-10-19T13:30:00,107556.05,190.6,2025-10-19T14:00:00,107980.02,191.36,-0.002445556471085062,2,-2.621466355852804,-2.587952979632475,-1.7630559327073958e-05,confluence_lost
A,BTCUSDT/SOLUSDT,short_a_long_b,2025-10-20T00:00:00,108597.74,184.62,2025-10-20T01:00:00,108160.95,185.73,0.007634440758714514,3,3.2778390868824667,1.8750196088348283,-7.519323921057523e-06,confluence_lost
A,BTCUSDT/SOLUSDT,short_a_long_b,2025-10-20T16:00:00,110800.0,188.66,2025-10-20T16:30:00,110842.7,187.54,-0.00872198459513622,2,2.858136241139003,3.455940802918612,-7.680724423762318e-06,regime_break
A,BTCUSDT/SOLUSDT,short_a_long_b,2025-10-20T17:00:00,110745.71,187.0,2025-10-20T17:30:00,110328.35,187.66,0.004898045330737413,2,3.4334979205265093,2.46850042629861,-7.680724423762318e-06,confluence_lost
A,BTCUSDT/SOLUSDT,short_a_long_b,2025-10-20T18:00:00,110301.58,187.64,2025-10-21T00:30:00,110341.84,189.0,0.00448292224727416,14,2.3557477949102963,1.1494870601133436,-7.680724423762318e-06,confluence_lost
A,BTCUSDT/SOLUSDT,short_a_long_b,2025-10-22T14:00:00,108692.44,182.52,2025-10-22T14:30:00,107896.0,185.5,0.021254442406671473,2,2.678032580616556,-0.5073412653234501,-9.605600355470426e-06,confluence_lost
A,BTCUSDT/SOLUSDT,short_a_long_b,2025-10-22T15:00:00,108873.0,182.87,2025-10-22T20:00:00,107954.0,179.5,-0.012387364134368514,11,2.528096746782953,3.052188863984203,-9.605600355470426e-06,regime_break
A,BTCUSDT/SOLUSDT,short_a_long_b,2025-10-22T21:00:00,107746.33,177.79,2025-10-22T21:30:00,106804.83,178.39,0.009712884633314392,2,3.4661125964493524,2.1980499477737823,5.20008861241189e-06,confluence_lost
A,BTCUSDT/SOLUSDT,short_a_long_b,2025-10-22T22:00:00,107268.0,177.88,2025-10-22T22:30:00,107157.05,178.88,0.004256092725148222,2,2.738596228553522,2.0579409914366678,5.20008861241189e-06,confluence_lost
A,BTCUSDT/SOLUSDT,long_a_short_b,2025-10-27T00:00:00,114384.15,201.81,2025-10-27T00:30:00,114868.98,203.25,-0.005296812678364168,2,-2.4489649483078826,-2.802152168057746,4.960199525624313e-05,confluence_lost
A,BTCUSDT/SOLUSDT,long_a_short_b,2025-10-27T01:00:00,114715.08,204.52,2025-10-27T01:30:00,115071.84,204.37,0.0014433906171375656,2,-3.7503873183445675,-2.9731919147879196,4.960199525624313e-05,confluence_lost
A,BTCUSDT/SOLUSDT,long_a_short_b,2025-10-27T02:00:00,115298.88,203.99,2025-10-27T02:30:00,114975.48,203.97,-0.005106840119346409,2,-2.313829017416687,-2.587531997923593,4.960199525624313e-05,confluence_lost
A,BTCUSDT/SOLUSDT,long_a_short_b,2025-10-27T03:00:00,114834.75,203.59,2025-10-27T03:30:00,114898.26,204.33,-0.00548170054111434,2,-2.3985525349559036,-2.6775556537526652,4.960199525624313e-05,confluence_lost
A,BTCUSDT/SOLUSDT,long_a_short_b,2025-10-27T05:00:00,115277.85,205.14,2025-10-27T05:30:00,115529.37,204.32,0.003779129030982056,2,-2.49416740348487,-1.711033840430038,4.960199525624313e-05,confluence_lost
A,BTCUSDT/SOLUSDT,short_a_long_b,2025-10-28T19:00:00,115027.28,197.2,2025-10-28T19:30:00,113708.75,195.35,-0.0003185796473335477,2,2.3281485472482206,2.0245310463061195,5.817310562874355e-05,confluence_lost
A,BTCUSDT/SOLUSDT,short_a_long_b,2025-10-28T20:00:00,113620.0,193.21,2025-10-28T20:30:00,112585.12,192.48,0.0029299832426528806,2,2.981622759830105,2.330754981303306,5.817310562874355e-05,confluence_lost
A,BTCUSDT/SOLUSDT,short_a_long_b,2025-10-28T21:00:00,112730.18,192.21,2025-10-28T21:30:00,112699.99,193.83,0.006296089176320255,2,2.502853908998094,1.6028061708402461,5.817310562874355e-05,confluence_lost
A,BTCUSDT/SOLUSDT,short_a_long_b,2025-10-30T18:30:00,107556.65,181.31,2025-10-30T19:00:00,106834.95,180.72,0.0010558571871594614,2,2.395250210677068,2.092156485254486,3.635830506889015e-05,confluence_lost
A,BTCUSDT/SOLUSDT,short_a_long_b,2025-10-30T19:30:00,107107.29,179.06,2025-10-30T20:00:00,106531.96,180.28,0.00978488845043042,2,2.8189537236787223,1.948505410137447,3.635830506889015e-05,confluence_lost
A,BTCUSDT/SOLUSDT,short_a_long_b,2025-11-02T15:30:00,110499.7,183.77,2025-11-02T16:00:00,110006.23,183.53,0.0007598236780945312,2,2.4755924552581714,1.9317610540805026,8.021707096434691e-05,confluence_lost
A,BTCUSDT/SOLUSDT,short_a_long_b,2025-11-02T19:00:00,110321.63,183.15,2025-11-02T19:30:00,109980.27,184.02,0.005444430243428625,2,2.4047339597399313,1.2733446409601976,7.491327741671427e-05,confluence_lost
A,BTCUSDT/SOLUSDT,short_a_long_b,2025-11-03T03:00:00,109090.15,180.55,2025-11-03T03:30:00,108077.62,177.57,-0.009623533650167035,2,3.1078272295658236,4.003897331419072,7.181699354633332e-05,regime_break
A,BTCUSDT/SOLUSDT,short_a_long_b,2025-11-03T04:00:00,107993.79,178.06,2025-11-03T04:30:00,107721.42,177.94,-0.0005518406713205669,2,3.2108905469969593,2.783022710455233,7.181699354633332e-05,confluence_lost
A,BTCUSDT/SOLUSDT,short_a_long_b,2025-11-03T05:00:00,107904.81,178.25,2025-11-03T05:30:00,107978.44,176.81,-0.01116090205885871,2,2.646911912112026,3.5937071387797266,7.181699354633332e-05,regime_break
A,BTCUSDT/SOLUSDT,short_a_long_b,2025-11-03T06:00:00,107657.05,176.09,2025-11-03T06:30:00,107402.0,176.11,8.267533785695459e-05,2,3.4590684427627285,2.967240760511908,7.181699354633332e-05,confluence_lost
A,BTCUSDT/SOLUSDT,short_a_long_b,2025-11-03T07:00:00,107399.93,176.55,2025-11-03T07:30:00,107557.47,176.5,-0.004150059733138575,2,2.548289780057684,2.618919689906543,7.181699354633332e-05,confluence_lost
A,BTCUSDT/SOLUSDT,short_a_long_b,2025-11-03T08:00:00,107438.65,175.78,2025-11-03T08:30:00,107220.12,175.67,-0.0009917842205499493,2,2.7959495086430213,2.529563901348403,7.181699354633332e-05,confluence_lost
A,BTCUSDT/SOLUSDT,short_a_long_b,2025-11-03T09:00:00,107629.32,175.58,2025-11-03T09:30:00,107411.41,174.94,-0.004020427900355325,2,2.8197514321417905,2.822083067233712,7.108655053603702e-05,confluence_lost
A,BTCUSDT/SOLUSDT,short_a_long_b,2025-11-03T10:30:00,107437.99,174.11,2025-11-03T11:00:00,107047.87,175.23,0.007663832770002557,2,3.011817097054616,2.049730045648908,7.108655053603702e-05,confluence_lost
A,BTCUSDT/SOLUSDT,short_a_long_b,2025-11-03T11:30:00,107641.0,175.32,2025-11-03T12:00:00,107801.06,176.45,0.002558377193107655,2,2.3849316072332534,1.9079552205695216,7.108655053603702e-05,confluence_lost
A,BTCUSDT/SOLUSDT,short_a_long_b,2025-11-03T12:30:00,108155.38,175.56,2025-11-03T14:00:00,108000.93,175.42,-0.001769410096935473,4,2.4912312493066553,2.206740613368949,7.108655053603702e-05,confluence_lost
A,BTCUSDT/SOLUSDT,short_a_long_b,2025-11-03T15:00:00,107930.0,167.83,2025-11-03T15:30:00,105548.76,166.79,0.0134660717854896,2,4.709084116046334,3.391756834415835,7.108655053603702e-05,regime_break
A,BTCUSDT/SOLUSDT,short_a_long_b,2025-11-03T16:00:00,105698.8,168.28,2025-11-03T16:30:00,106420.0,168.37,-0.008688338748950294,2,2.7788021714025377,2.9723055724662366,6.713176152802879e-05,confluence_lost
A,BTCUSDT/SOLUSDT,short_a_long_b,2025-11-03T17:00:00,106594.87,169.2,2025-11-03T17:30:00,107241.13,169.93,-0.0041483475076756066,2,2.651289796843665,2.6163821643734577,6.713176152802879e-05,confluence_lost
A,BTCUSDT/SOLUSDT,short_a_long_b,2025-11-03T18:00:00,107323.2,168.83,2025-11-03T18:30:00,107233.29,167.88,-0.007189212133444742,2,2.8384161302481616,2.9101009453586815,6.713176152802879e-05,confluence_lost
A,BTCUSDT/SOLUSDT,short_a_long_b,2025-11-03T19:00:00,106921.43,167.1,2025-11-03T20:30:00,107010.97,164.4,-0.019395426587384065,4,2.8347518587681564,3.070051274440284,6.713176152802879e-05,regime_break
A,BTCUSDT/SOLUSDT,short_a_long_b,2025-11-03T21:00:00,106841.28,164.8,2025-11-03T21:30:00,106678.67,165.94,0.006039453001358955,2,2.759541647026255,2.3332848258044225,6.713176152802879e-05,confluence_lost
A,BTCUSDT/SOLUSDT,short_a_long_b,2025-11-03T22:00:00,106800.57,164.93,2025-11-03T22:30:00,105930.18,165.75,0.010721481826484872,2,2.4959271189066863,1.9488166891580556,6.713176152802879e-05,confluence_lost
A,BTCUSDT/SOLUSDT,short_a_long_b,2025-11-04T05:00:00,106650.0,160.79,2025-11-04T05:30:00,105614.42,157.69,-0.011969726258128796,2,2.4614299046609593,2.636420472633214,7.443581452180017e-05,confluence_lost
A,BTCUSDT/SOLUSDT,short_a_long_b,2025-11-04T07:00:00,104798.9,156.91,2025-11-04T07:30:00,104459.51,157.07,0.0018581810077774176,2,2.328783328341121,2.1365158159183335,7.443581452180017e-05,confluence_lost
A,BTCUSDT/SOLUSDT,short_a_long_b,2025-11-07T11:00:00,100783.84,152.25,2025-11-07T11:30:00,100093.01,153.85,0.014963602328343664,2,2.8534277032112416,0.7354714256437622,5.0248053400358e-05,confluence_lost
A,BTCUSDT/SOLUSDT,short_a_long_b,2025-11-07T12:00:00,100421.94,152.02,2025-11-07T12:30:00,99734.82,151.64,0.001942658379104525,2,2.471809559660552,1.9013035279206463,5.0248053400358e-05,confluence_lost
A,BTCUSDT/SOLUSDT,long_a_short_b,2025-11-07T17:00:00,101048.5,161.11,2025-11-07T17:30:00,102343.82,161.16,0.010108447967195525,2,-3.279233561512154,-1.9341893208033,5.8261819311389556e-05,confluence_lost
A,BTCUSDT/SOLUSDT,long_a_short_b,2025-11-07T18:00:00,102357.21,162.49,2025-11-07T18:30:00,102681.65,162.11,0.0031082893469188268,2,-2.6926605223887226,-2.1025232982584097,5.8261819311389556e-05,confluence_lost
A,BTCUSDT/SOLUSDT,long_a_short_b,2025-11-07T19:00:00,102582.93,162.92,2025-11-07T19:30:00,102954.82,164.17,-0.0064472152697528234,2,-2.5895720022745747,-2.836098245288661,5.8261819311389556e-05,confluence_lost
A,BTCUSDT/SOLUSDT,short_a_long_b,2025-11-11T15:00:00,104446.3,161.23,2025-11-11T15:30:00,103682.8,160.89,0.0028011878272780756,2,2.672979190011605,1.9282144666851468,3.4281975569825775e-05,confluence_lost
A,BTCUSDT/SOLUSDT,short_a_long_b,2025-11-11T17:00:00,103422.45,159.78,2025-11-11T17:30:00,103454.16,159.51,-0.004396430051646402,2,2.335963370141955,2.497982994814009,3.9603758776531156e-05,confluence_lost
A,BTCUSDT/SOLUSDT,short_a_long_b,2025-11-11T18:00:00,103403.78,158.73,2025-11-11T18:30:00,103403.65,158.96,-0.0009497413435732159,2,2.894313091685397,2.5996969817634503,3.9603758776531156e-05,confluence_lost
A,BTCUSDT/SOLUSDT,short_a_long_b,2025-11-11T19:00:00,103209.09,158.59,2025-11-11T19:30:00,103428.46,157.58,-0.01089411457289928,2,2.53025010460242,3.226025133350619,3.9603758776531156e-05,regime_break
A,BTCUSDT/SOLUSDT,short_a_long_b,2025-11-11T20:00:00,103063.69,157.36,2025-11-11T20:30:00,102918.19,156.77,-0.004737616109206796,2,2.845302063194165,2.904360133835043,3.9603758776531156e-05,confluence_lost
A,BTCUSDT/SOLUSDT,short_a_long_b,2025-11-11T21:00:00,102895.96,157.09,2025-11-11T21:30:00,102738.49,156.08,-0.00729905457089923,2,2.5695172660227694,2.8514549268150557,3.9603758776531156e-05,confluence_lost
A,BTCUSDT/SOLUSDT,short_a_long_b,2025-11-11T22:30:00,102929.18,156.68,2025-11-11T23:00:00,102988.81,155.93,-0.007766157023700024,2,2.474951416026419,2.7667220019689127,3.9603758776531156e-05,confluence_lost
A,BTCUSDT/SOLUSDT,short_a_long_b,2025-11-11T23:30:00,103001.89,154.63,2025-11-12T00:00:00,103141.5,154.77,-0.0028500249690861933,2,3.207926220606929,3.048993092591778,3.9603758776531156e-05,regime_break
A,BTCUSDT/SOLUSDT,short_a_long_b,2025-11-12T00:30:00,103033.94,153.83,2025-11-12T01:00:00,102880.35,154.97,0.006501451981504938,2,3.1907810832186643,2.481985127111284,3.6274034603968676e-05,confluence_lost
A,BTCUSDT/SOLUSDT,short_a_long_b,2025-11-12T01:30:00,103170.02,155.42,2025-11-12T02:00:00,103331.01,154.77,-0.008142649863285986,2,2.374624518595069,2.610467676651293,3.6274034603968676e-05,confluence_lost
A,BTCUSDT/SOLUSDT,short_a_long_b,2025-11-12T02:30:00,103241.89,154.3,2025-11-12T03:00:00,103129.99,154.67,0.0010817884920327338,2,2.6162785366659853,2.3161446180864207,3.6274034603968676e-05,confluence_lost
A,BTCUSDT/SOLUSDT,short_a_long_b,2025-11-12T03:30:00,103317.27,154.57,2025-11-12T04:00:00,103290.5,154.64,-0.0016880259554347553,2,2.3602600549586503,2.2331593460563495,3.6274034603968676e-05,confluence_lost
A,BTCUSDT/SOLUSDT,short_a_long_b,2025-11-13T17:30:00,100335.78,147.09,2025-11-13T18:00:00,99770.84,146.66,0.0003071136841018142,2,3.790382653750637,3.265619861392386,5.109585292873548e-05,regime_break
A,BTCUSDT/SOLUSDT,short_a_long_b,2025-11-13T18:30:00,99063.82,145.43,2025-11-13T19:00:00,98523.38,145.28,0.002024048994767893,2,3.259954025787917,2.646818121833604,5.109585292873548e-05,confluence_lost
A,BTCUSDT/SOLUSDT,short_a_long_b,2025-11-13T19:30:00,99059.45,142.73,2025-11-13T20:00:00,98554.6,142.06,-0.001997743303429098,2,4.677006989450572,4.1718970241520745,5.109585292873548e-05,regime_break
A,BTCUSDT/SOLUSDT,short_a_long_b,2025-11-13T20:30:00,98572.33,142.73,2025-11-13T21:00:00,98021.0,141.65,-0.004373582644026916,2,3.471914501794025,3.399041286257785,5.109585292873548e-05,regime_break
A,BTCUSDT/SOLUSDT,short_a_long_b,2025-11-13T21:30:00,98612.22,142.1,2025-11-13T22:00:00,98841.76,143.92,0.008080178371123029,2,3.379940758828346,2.4584329668784983,5.109585292873548e-05,confluence_lost
A,BTCUSDT/SOLUSDT,short_a_long_b,2025-11-13T22:30:00,99448.91,144.59,2025-11-13T23:00:00,99728.0,145.51,0.00115645340527766,2,2.465429076169945,2.122549286100691,5.109585292873548e-05,confluence_lost
A,BTCUSDT/SOLUSDT,short_a_long_b,2025-11-13T23:30:00,100234.64,144.73,2025-11-14T00:00:00,99520.43,144.21,0.0011324838872348165,2,2.74312718955879,2.392116279855891,5.109585292873548e-05,confluence_lost
A,BTCUSDT/SOLUSDT,short_a_long_b,2025-11-14T00:30:00,99491.49,143.33,2025-11-14T01:30:00,99271.27,143.68,0.0022553728971813204,3,2.661208450950091,2.197278933406308,5.8783441166794254e-05,confluence_lost
A,BTCUSDT/SOLUSDT,short_a_long_b,2025-11-16T15:30:00,95394.51,137.48,2025-11-16T16:00:00,94534.62,136.37,-0.001459860913310893,2,3.152363055806032,2.860677951298812,8.129768606671406e-05,confluence_lost
A,BTCUSDT/SOLUSDT,short_a_long_b,2025-11-16T16:30:00,94258.01,135.73,2025-11-16T17:00:00,94283.43,136.13,0.0002773418831882447,2,2.919198164953609,2.4797415765525384,7.892042249633316e-05,confluence_lost
A,BTCUSDT/SOLUSDT,short_a_long_b,2025-11-16T17:30:00,94427.65,135.83,2025-11-16T18:30:00,94766.87,135.84,-0.005918758547595979,3,2.7972773541200184,2.9598348323474277,7.892042249633316e-05,confluence_lost
A,BTCUSDT/SOLUSDT,short_a_long_b,2025-11-17T17:00:00,94245.99,134.03,2025-11-17T17:30:00,93500.01,132.04,-0.009332178291817136,2,3.1748852792018183,3.6167576801603807,8.313078863682068e-05,regime_break
A,BTCUSDT/SOLUSDT,short_a_long_b,2025-11-17T18:00:00,92752.73,131.11,2025-11-17T18:30:00,92515.4,130.52,-0.0043412994335623595,2,3.2906595700348773,3.24449408712759,8.313078863682068e-05,regime_break
A,BTCUSDT/SOLUSDT,short_a_long_b,2025-11-17T19:00:00,92622.05,130.36,2025-11-17T19:30:00,92203.41,129.65,-0.003326581920817848,2,3.2299677096589017,3.1018625898817493,8.313078863682068e-05,regime_break
A,BTCUSDT/SOLUSDT,long_a_short_b,2025-11-18T07:00:00,89483.99,137.01,2025-11-18T07:30:00,90092.01,136.92,0.0050516213721522735,2,-2.614597890439905,-2.1459156788826355,8.687950227308275e-05,confluence_lost
A,BTCUSDT/SOLUSDT,long_a_short_b,2025-11-20T02:30:00,92531.25,143.67,2025-11-20T03:00:00,92629.89,143.25,0.001589384284273423,2,-2.348526945937339,-2.0118722168122773,5.950621138174495e-05,confluence_lost
A,BTCUSDT/SOLUSDT,long_a_short_b,2025-11-20T04:30:00,92368.0,144.66,2025-11-20T05:00:00,92896.05,143.83,0.009054398280380863,2,-2.8497961694898946,-1.8591093938826528,5.950621138174495e-05,confluence_lost
A,BTCUSDT/SOLUSDT,short_a_long_b,2025-11-21T22:30:00,84586.61,125.49,2025-11-21T23:00:00,84275.28,128.39,0.024390017294233027,2,2.3502512736794485,0.3246351146803678,5.391172068439749e-05,z_mean_revert
A,BTCUSDT/SOLUSDT,long_a_short_b,2025-11-23T15:30:00,86716.28,132.87,2025-11-23T16:00:00,87105.17,132.1,0.007879763137261533,2,-2.328969302889144,-0.7331623584807025,3.723007484534317e-05,confluence_lost
A,BTCUSDT/SOLUSDT,short_a_long_b,2025-11-23T23:00:00,88051.13,131.26,2025-11-24T00:30:00,86262.07,130.81,0.014490111583891754,4,2.331006767021446,-0.9559842908274135,2.697228043526691e-05,confluence_lost
A,BTCUSDT/SOLUSDT,long_a_short_b,2025-11-24T02:00:00,87027.76,133.48,2025-11-24T02:30:00,87684.12,133.39,0.005816219639457734,2,-3.0898517101499334,-1.5167788731883558,2.09651070052076e-05,confluence_lost
A,BTCUSDT/SOLUSDT,long_a_short_b,2025-11-24T03:00:00,87550.83,133.89,2025-11-24T03:30:00,87566.88,133.43,0.0012189782126486716,2,-2.3984618658628922,-1.6955536589475888,2.09651070052076e-05,confluence_lost
A,BTCUSDT/SOLUSDT,long_a_short_b,2025-11-24T05:00:00,86749.33,133.61,2025-11-24T05:30:00,87461.11,132.96,0.010669925463976562,2,-3.365592053307508,-1.1342710859240335,2.09651070052076e-05,confluence_lost
A,BTCUSDT/SOLUSDT,short_a_long_b,2025-11-24T09:00:00,86897.94,128.71,2025-11-24T09:30:00,85961.3,128.89,0.009777114185091265,2,3.064291145284436,1.0833049547708418,1.600841655960591e-05,confluence_lost
A,BTCUSDT/SOLUSDT,long_a_short_b,2025-11-24T15:30:00,86056.0,131.94,2025-11-24T16:00:00,86734.92,132.96,-0.002241505323077806,2,-2.394557013283031,-2.287150820090151,1.600841655960591e-05,confluence_lost
A,BTCUSDT/SOLUSDT,long_a_short_b,2025-11-24T17:00:00,87269.1,136.13,2025-11-24T17:30:00,87687.97,136.91,-0.0033300655136004197,2,-4.2977204312767086,-3.9915950313931123,2.3659879546360154e-05,regime_break
A,BTCUSDT/SOLUSDT,long_a_short_b,2025-11-24T18:00:00,88483.74,136.98,2025-11-24T18:30:00,88246.81,137.41,-0.008216811506486052,2,-2.792917042046331,-3.244539739501571,2.3659879546360154e-05,regime_break
A,BTCUSDT/SOLUSDT,long_a_short_b,2025-11-24T19:00:00,88626.02,137.07,2025-11-24T19:30:00,88664.05,137.24,-0.0032111357261255667,2,-2.3906629955856924,-2.3768888856446004,2.3659879546360154e-05,confluence_lost
A,BTCUSDT/SOLUSDT,long_a_short_b,2025-11-24T20:00:00,88401.38,138.95,2025-11-24T20:30:00,88822.32,139.0,0.0020018487021364463,2,-3.658498935227831,-3.052917830871878,2.3659879546360154e-05,regime_break
A,BTCUSDT/SOLUSDT,long_a_short_b,2025-11-24T21:00:00,88975.07,138.53,2025-11-24T21:30:00,89089.38,138.97,-0.004291465425158722,2,-2.4702017059545773,-2.5260505027644387,2.3659879546360154e-05,confluence_lost
A,BTCUSDT/SOLUSDT,long_a_short_b,2025-11-24T22:00:00,88790.0,139.09,2025-11-24T22:30:00,88841.54,139.05,-0.0015319456472865788,2,-2.7513118479018197,-2.556550084152554,2.3659879546360154e-05,confluence_lost
A,BTCUSDT/SOLUSDT,long_a_short_b,2025-11-24T23:00:00,88652.0,138.85,2025-11-24T23:30:00,88546.01,138.44,-0.0006427469124194317,2,-2.5009696798089154,-2.2716405041378556,2.3659879546360154e-05,confluence_lost
A,BTCUSDT/SOLUSDT,long_a_short_b,2025-11-25T00:30:00,87911.99,138.43,2025-11-25T01:00:00,87930.25,138.24,-0.0008197574135040829,2,-2.6105917300371213,-2.3917521435336218,6.646572980502343e-06,confluence_lost
A,BTCUSDT/SOLUSDT,long_a_short_b,2025-11-25T02:30:00,87610.96,138.18,2025-11-25T03:00:00,87883.53,138.45,-0.0012428326459348747,2,-2.354536704690316,-2.1950597615156653,6.646572980502343e-06,confluence_lost
A,BTCUSDT/SOLUSDT,long_a_short_b,2025-11-26T18:00:00,89927.23,144.19,2025-11-26T18:30:00,90313.47,144.63,-0.001156500907694411,2,-2.3818250750294814,-2.160048510194732,1.416820525467498e-05,confluence_lost
A,BTCUSDT/SOLUSDT,short_a_long_b,2025-11-28T01:00:00,91168.53,139.61,2025-11-28T01:30:00,90989.91,139.05,-0.004451945290296619,2,2.353755743760063,2.4595057390735104,1.7632162904507643e-05,confluence_lost
A,BTCUSDT/SOLUSDT,short_a_long_b,2025-11-28T02:00:00,90828.77,138.69,2025-11-28T02:30:00,90690.1,139.49,0.004894979050484152,2,2.4339324489247076,1.7264751874877626,1.7632162904507643e-05,confluence_lost
A,BTCUSDT/SOLUSDT,long_a_short_b,2025-11-30T16:00:00,91435.33,139.38,2025-11-30T16:30:00,91726.95,139.52,-0.00021509028423664965,2,-2.311688624960667,-1.8826166591093823,2.71177209458951e-05,confluence_lost
A,BTCUSDT/SOLUSDT,short_a_long_b,2025-11-30T23:00:00,91223.22,135.78,2025-11-30T23:30:00,90669.68,133.48,-0.013271193692326475,2,2.3008610355756676,4.011823847153269,2.971378295791841e-05,regime_break
A,BTCUSDT/SOLUSDT,short_a_long_b,2025-12-01T00:00:00,90408.34,129.97,2025-12-01T00:30:00,88293.75,127.57,0.0025235246805088286,2,6.272457928847044,4.814790562966003,3.109516452282543e-05,regime_break
A,BTCUSDT/SOLUSDT,short_a_long_b,2025-12-01T01:00:00,87042.83,128.11,2025-12-01T01:30:00,87205.81,127.96,-0.00544328033191914,2,2.488090937633639,2.7002720297140677,3.109516452282543e-05,confluence_lost
A,BTCUSDT/SOLUSDT,short_a_long_b,2025-12-01T02:00:00,87185.95,127.91,2025-12-01T03:00:00,86775.99,127.02,-0.004655883583252682,3,2.592092976967694,2.579740584489981,3.109516452282543e-05,confluence_lost
A,BTCUSDT/SOLUSDT,short_a_long_b,2025-12-01T15:00:00,86087.21,124.61,2025-12-01T15:30:00,84856.85,125.11,0.015904537583471615,2,2.377028456137492,0.8944583879483148,3.119179462886422e-05,confluence_lost
A,BTCUSDT/SOLUSDT,long_a_short_b,2025-12-02T15:30:00,90248.9,137.84,2025-12-02T16:00:00,91043.95,138.5,0.0016213654705458792,2,-2.6809419613652423,-2.3835499607310884,2.0809719557888104e-05,confluence_lost
A,BTCUSDT/SOLUSDT,long_a_short_b,2025-12-02T16:30:00,90525.25,139.37,2025-12-02T17:00:00,90913.0,140.47,-0.006009324513837996,2,-3.214876748934775,-3.325564260832612,2.5072004100579637e-05,regime_break
A,BTCUSDT/SOLUSDT,long_a_short_b,2025-12-02T18:00:00,91510.27,139.74,2025-12-02T18:30:00,91952.39,139.84,0.0017157555801536463,2,-2.4110438233401092,-2.110891088203934,2.5072004100579637e-05,confluence_lost
A,BTCUSDT/SOLUSDT,short_a_long_b,2025-12-05T09:00:00,92084.2,136.84,2025-12-05T09:30:00,91399.99,136.34,0.0013763625419950932,2,2.5554791869676627,2.1227266812694054,3.6284254228586323e-05,confluence_lost
A,BTCUSDT/SOLUSDT,short_a_long_b,2025-12-05T15:30:00,91300.0,135.05,2025-12-05T16:00:00,90380.67,133.42,-0.00440027197747965,2,2.3491082677484316,2.4092220388067904,3.6284254228586323e-05,confluence_lost
A,BTCUSDT/SOLUSDT,short_a_long_b,2025-12-05T18:30:00,89449.82,131.35,2025-12-05T19:00:00,88882.4,132.28,0.01102376460623751,2,2.429319550325121,1.4676415457831875,2.9089975511122695e-05,confluence_lost
A,BTCUSDT/SOLUSDT,short_a_long_b,2025-12-07T14:00:00,89032.01,128.76,2025-12-07T14:30:00,87913.87,128.16,0.005499021586419642,2,5.4463633896272885,3.4556091695400015,2.1787834144785505e-05,regime_break
A,BTCUSDT/SOLUSDT,short_a_long_b,2025-12-07T15:00:00,88226.01,129.04,2025-12-07T15:30:00,88817.53,132.03,0.014066510942197755,2,2.7257728418278138,-0.5522420321296976,2.1787834144785505e-05,confluence_lost
A,BTCUSDT/SOLUSDT,short_a_long_b,2025-12-07T16:00:00,89460.16,130.88,2025-12-07T17:00:00,89848.11,134.14,0.0181717457088348,3,2.576954058328937,-1.3803046044177731,2.8528315445944283e-05,confluence_lost
A,BTCUSDT/SOLUSDT,short_a_long_b,2025-12-07T21:30:00,90898.86,133.1,2025-12-07T22:00:00,90136.87,131.67,-0.00476096824882126,2,2.3484967485929222,2.668398626909829,2.8528315445944283e-05,confluence_lost
A,BTCUSDT/SOLUSDT,short_a_long_b,2025-12-07T22:30:00,89755.22,131.26,2025-12-07T23:30:00,89974.43,132.24,0.002623788616149716,3,2.363056554944675,1.4055881930206175,2.8528315445944283e-05,confluence_lost
A,BTCUSDT/SOLUSDT,short_a_long_b,2025-12-08T00:30:00,90236.26,131.61,2025-12-08T01:00:00,90350.77,133.46,0.010387680560980342,2,2.585730972102836,0.4096334857321359,2.0990912013512224e-05,z_mean_revert
A,BTCUSDT/SOLUSDT,long_a_short_b,2025-12-08T09:00:00,91862.01,138.15,2025-12-08T09:30:00,91919.31,138.14,-0.0017038532496791857,2,-2.765526283107795,-2.5314041778089384,3.087070934384284e-05,confluence_lost
A,BTCUSDT/SOLUSDT,long_a_short_b,2025-12-08T10:00:00,91908.1,138.33,2025-12-08T10:30:00,91960.72,138.74,-0.004791398413757128,2,-2.6435253531971123,-2.8600353569673977,3.087070934384284e-05,confluence_lost
A,BTCUSDT/SOLUSDT,long_a_short_b,2025-12-08T11:00:00,92150.93,138.83,2025-12-08T11:30:00,91961.74,138.37,-0.0011396400503303349,2,-2.5407952741520656,-2.278422320948797,3.087070934384284e-05,confluence_lost
A,BTCUSDT/SOLUSDT,long_a_short_b,2025-12-08T14:00:00,91422.04,137.97,2025-12-08T14:30:00,91282.53,137.19,0.001727403275077768,2,-2.326148922392533,-1.7578413791721794,3.087070934384284e-05,confluence_lost
A,BTCUSDT/SOLUSDT,long_a_short_b,2025-12-08T16:00:00,89879.96,136.13,2025-12-08T16:30:00,90298.0,135.6,0.006144429663748133,2,-2.4981077505649463,-1.4588822398305064,3.087070934384284e-05,confluence_lost
A,BTCUSDT/SOLUSDT,long_a_short_b,2025-12-09T15:30:00,91154.42,138.45,2025-12-09T16:00:00,92970.19,141.47,-0.004293214594480552,2,-2.5104484465741357,-2.5811081069390607,3.4736972983454176e-05,confluence_lost
A,BTCUSDT/SOLUSDT,long_a_short_b,2025-12-09T16:30:00,93494.44,143.67,2025-12-09T17:00:00,94309.91,143.76,0.005695687359673365,2,-3.291365666361329,-2.4570544076458463,3.9113201209353246e-05,confluence_lost
A,BTCUSDT/SOLUSDT,long_a_short_b,2025-12-09T17:30:00,93848.16,143.12,2025-12-09T18:00:00,93994.97,142.95,0.0003521498330486118,2,-2.395058832089054,-2.0939833155874714,3.9113201209353246e-05,confluence_lost
A,BTCUSDT/SOLUSDT,short_a_long_b,2025-12-11T03:00:00,89996.16,129.93,2025-12-11T03:30:00,89722.81,129.39,-0.0035187322293554345,2,2.475631424797831,2.4593958236067275,3.119534157958499e-05,confluence_lost
A,BTCUSDT/SOLUSDT,long_a_short_b,2025-12-15T02:00:00,89277.9,132.76,2025-12-15T02:30:00,89647.17,131.53,0.011001024805868245,2,-3.147477769306513,0.9603842110409311,3.677396552582729e-05,confluence_lost
A,BTCUSDT/SOLUSDT,long_a_short_b,2025-12-15T13:30:00,89412.79,132.66,2025-12-15T15:00:00,87827.96,127.55,0.01839465447866946,4,-2.3067891823686133,3.551433743951471,2.6617528742310114e-05,confluence_lost
A,BTCUSDT/SOLUSDT,short_a_long_b,2025-12-15T16:30:00,86838.08,126.48,2025-12-15T17:00:00,86424.93,126.16,-0.00017233890043714993,2,2.4951615876093185,1.8911153820948485,2.7549189021796757e-05,confluence_lost
A,BTCUSDT/SOLUSDT,short_a_long_b,2025-12-15T17:30:00,86182.51,124.94,2025-12-15T18:00:00,85654.04,124.44,-0.00026993428113357464,2,3.3231840188397084,2.6948415690806637,2.7549189021796757e-05,confluence_lost
A,BTCUSDT/SOLUSDT,short_a_long_b,2025-12-15T19:30:00,86148.46,125.02,2025-12-15T20:00:00,86011.74,124.07,-0.008411756405523649,2,2.6752922715113945,3.5940633608505186,2.7549189021796757e-05,regime_break
A,BTCUSDT/SOLUSDT,short_a_long_b,2025-12-16T19:00:00,87768.37,127.0,2025-12-16T19:30:00,87488.3,127.73,0.006539044386014006,2,2.329567956812728,0.9327076548254751,3.4420043668691756e-05,confluence_lost
A,BTCUSDT/SOLUSDT,long_a_short_b,2025-12-17T14:30:00,87821.02,132.62,2025-12-17T15:00:00,89704.54,131.64,0.0264367911670111,2,-4.275128975977055,0.023600981524742493,5.154545851562835e-05,z_mean_revert
A,BTCUSDT/SOLUSDT,short_a_long_b,2025-12-17T15:30:00,89969.83,126.77,2025-12-17T16:30:00,86206.94,124.9,0.024672785109685583,3,5.201794009732872,1.5318013199320015,5.154545851562835e-05,confluence_lost
A,BTCUSDT/SOLUSDT,short_a_long_b,2025-12-17T17:00:00,86936.11,124.02,2025-12-17T17:30:00,86773.39,123.06,-0.008268967627926435,2,3.2323790705811177,3.6475457428681097,5.323980106771094e-05,regime_break
A,BTCUSDT/SOLUSDT,short_a_long_b,2025-12-17T18:00:00,86565.24,123.18,2025-12-17T18:30:00,86564.59,122.1,-0.011160148299597702,2,3.1013746275614684,3.687515297456154,5.323980106771094e-05,regime_break
A,BTCUSDT/SOLUSDT,short_a_long_b,2025-12-17T19:00:00,85785.88,122.01,2025-12-17T19:30:00,85770.82,122.39,0.0008900521776978444,2,2.7503662677649423,2.365664550215555,5.323980106771094e-05,confluence_lost
A,BTCUSDT/SOLUSDT,short_a_long_b,2025-12-17T21:00:00,85922.05,122.3,2025-12-17T21:30:00,85837.11,122.44,-0.0002667034623321939,2,2.3909437547421786,2.135102827294081,5.323980106771094e-05,confluence_lost
A,BTCUSDT/SOLUSDT,short_a_long_b,2025-12-18T17:00:00,87911.58,122.04,2025-12-18T17:30:00,85757.88,122.97,0.029718931350680336,2,2.404334499272618,0.44682712643232575,5.049291051608347e-05,z_mean_revert
A,BTCUSDT/SOLUSDT,short_a_long_b,2025-12-18T19:30:00,85820.18,117.56,2025-12-18T20:00:00,84658.83,117.77,0.012918686876724886,2,2.8889223881166397,1.9601248412753505,5.049291051608347e-05,confluence_lost
A,BTCUSDT/SOLUSDT,short_a_long_b,2025-12-21T13:00:00,88641.14,124.33,2025-12-21T13:30:00,88207.9,123.64,-0.0030621741220628195,2,3.5670567031460823,3.4269207483942496,7.56221550481401e-05,regime_break
A,BTCUSDT/SOLUSDT,short_a_long_b,2025-12-22T08:30:00,89907.89,125.64,2025-12-22T09:00:00,89304.08,125.94,0.006703647917320546,2,3.683006733224637,1.7764123065299102,5.8566363760647534e-05,confluence_lost
A,BTCUSDT/SOLUSDT,short_a_long_b,2025-12-23T13:30:00,87818.83,123.34,2025-12-23T14:00:00,87641.2,123.07,-0.002566383927036495,2,2.3094562797023115,2.267731111288405,5.267624522620316e-05,confluence_lost
A,BTCUSDT/SOLUSDT,short_a_long_b,2025-12-23T14:30:00,87679.8,122.68,2025-12-23T15:00:00,86820.01,123.11,0.010911075253841232,2,2.908145488025902,0.10100020924254309,5.267624522620316e-05,z_mean_revert
A,BTCUSDT/SOLUSDT,short_a_long_b,2025-12-23T17:30:00,87780.73,122.85,2025-12-23T18:00:00,87248.79,123.49,0.008869477347829571,2,2.6783516357047326,0.3953294392247814,4.495930184260246e-05,z_mean_revert
A,BTCUSDT/SOLUSDT,short_a_long_b,2025-12-24T02:30:00,87446.44,122.31,2025-12-24T03:00:00,87092.0,122.29,0.001489704966075436,2,2.4657729109911024,1.67375308477229,5.7190568099801915e-05,confluence_lost
A,BTCUSDT/SOLUSDT,short_a_long_b,2025-12-24T04:30:00,87250.57,121.63,2025-12-24T05:00:00,87220.0,121.57,-0.002542929146603965,2,2.76250835357293,2.652976151611864,5.7190568099801915e-05,confluence_lost
A,BTCUSDT/SOLUSDT,short_a_long_b,2025-12-24T05:30:00,87146.11,121.47,2025-12-24T06:00:00,86982.85,121.13,-0.003325639552093238,2,2.5320909475533298,2.564459747599054,5.7190568099801915e-05,confluence_lost
A,BTCUSDT/SOLUSDT,short_a_long_b,2025-12-25T23:30:00,87387.28,120.06,2025-12-26T00:00:00,87245.35,119.61,-0.004523976518489278,2,3.943322490263203,4.0936452829614955,6.959286555324173e-05,regime_break
A,BTCUSDT/SOLUSDT,short_a_long_b,2025-12-26T00:30:00,87109.08,120.33,2025-12-26T01:00:00,87131.33,120.68,0.00025324095614993837,2,2.5001215075852414,1.8837073193341372,6.38566732080769e-05,confluence_lost
A,BTCUSDT/SOLUSDT,long_a_short_b,2025-12-26T02:00:00,87436.86,123.6,2025-12-26T02:30:00,89238.17,123.47,0.01925304580872929,2,-2.3674548895922327,1.935949548548836,6.38566732080769e-05,confluence_lost
A,BTCUSDT/SOLUSDT,short_a_long_b,2025-12-26T03:00:00,89266.37,122.8,2025-12-26T03:30:00,88868.94,122.67,0.0009935486698141173,2,2.9182275582013713,2.192790129269154,6.38566732080769e-05,confluence_lost
A,BTCUSDT/SOLUSDT,short_a_long_b,2025-12-26T04:00:00,88768.56,122.12,2025-12-26T04:30:00,88740.96,122.85,0.0038886477196861803,2,2.686547363920197,1.519669979293313,6.38566732080769e-05,confluence_lost
A,BTCUSDT/SOLUSDT,short_a_long_b,2025-12-26T07:30:00,89318.76,122.72,2025-12-26T08:00:00,88616.56,122.8,0.006113620761681718,2,2.580711631610841,1.1413516054831396,6.38566732080769e-05,confluence_lost
A,BTCUSDT/SOLUSDT,long_a_short_b,2025-12-27T03:30:00,87435.93,123.67,2025-12-27T04:00:00,87514.23,123.15,0.0027002512797158064,2,-2.470779993886686,-1.575467522528511,5.864455268912261e-05,confluence_lost
A,BTCUSDT/SOLUSDT,long_a_short_b,2025-12-28T23:30:00,87668.23,125.27,2025-12-29T00:00:00,87911.42,126.56,-0.009923775894532347,2,-2.8205527720045103,-4.140787600596051,5.9807845298753294e-05,regime_break
A,BTCUSDT/SOLUSDT,long_a_short_b,2025-12-29T00:30:00,88063.39,127.01,2025-12-29T01:00:00,88292.9,126.46,0.004536558523525816,2,-4.1251320303874195,-2.68316888178337,6.873943523236367e-05,confluence_lost
A,BTCUSDT/SOLUSDT,long_a_short_b,2025-12-29T01:30:00,87984.93,128.72,2025-12-29T02:00:00,88744.62,128.79,0.0056905035015073074,2,-5.565647252318964,-3.921646691365533,6.873943523236367e-05,regime_break
A,BTCUSDT/SOLUSDT,long_a_short_b,2025-12-29T02:30:00,89231.15,128.73,2025-12-29T03:00:00,89201.89,128.71,-0.0025725484537926645,2,-2.890576179636424,-2.7680285258905446,6.873943523236367e-05,confluence_lost
A,BTCUSDT/SOLUSDT,long_a_short_b,2025-12-31T18:00:00,87580.01,125.44,2025-12-31T18:30:00,87903.54,124.79,0.006475868026174683,2,-2.6272395713669443,-0.5591623372969285,4.898050674259173e-05,confluence_lost
A,BTCUSDT/SOLUSDT,long_a_short_b,2026-01-02T02:30:00,88435.35,126.58,2026-01-02T03:00:00,88605.13,127.19,-0.005299266219302587,2,-2.3874699432259088,-3.2806291158787335,5.7242733834623186e-05,regime_break
A,BTCUSDT/SOLUSDT,long_a_short_b,2026-01-02T03:30:00,88910.47,127.53,2026-01-02T04:00:00,88967.33,127.06,0.0019249270877351311,2,-2.8403853221614668,-1.312703611035001,5.7242733834623186e-05,confluence_lost
A,BTCUSDT/SOLUSDT,long_a_short_b,2026-01-02T05:30:00,88576.57,127.34,2026-01-02T06:00:00,88747.33,127.44,-0.0012574756221730853,2,-3.2003320085821603,-2.7021489042523528,5.7242733834623186e-05,confluence_lost
A,BTCUSDT/SOLUSDT,long_a_short_b,2026-01-02T08:00:00,88894.16,127.59,2026-01-02T09:00:00,89199.99,128.44,-0.0056215806185102996,3,-2.327825694525434,-2.9409614844574,5.7242733834623186e-05,confluence_lost
A,BTCUSDT/SOLUSDT,long_a_short_b,2026-01-02T09:30:00,89220.0,129.4,2026-01-02T10:00:00,89508.28,128.99,0.003999583960874145,2,-4.314613711818141,-2.656787665046188,5.389768187137359e-05,confluence_lost
A,BTCUSDT/SOLUSDT,long_a_short_b,2026-01-02T14:30:00,88952.3,128.73,2026-01-02T15:00:00,89809.99,128.25,0.010970868603335807,2,-3.030594412693477,-0.306395778975235,5.389768187137359e-05,z_mean_revert
A,BTCUSDT/SOLUSDT,long_a_short_b,2026-01-02T15:30:00,89155.99,128.98,2026-01-02T16:00:00,89411.56,130.24,-0.009302407584140401,2,-2.8179006642663404,-3.795703266083417,5.389768187137359e-05,regime_break
A,BTCUSDT/SOLUSDT,long_a_short_b,2026-01-02T16:30:00,90218.01,130.92,2026-01-02T17:00:00,90472.94,131.42,-0.0033934154416946226,2,-2.9396991382304396,-2.9356159696867588,5.261597478884613e-05,confluence_lost
A,BTCUSDT/SOLUSDT,long_a_short_b,2026-01-02T17:30:00,90584.01,131.44,2026-01-02T18:00:00,90438.85,131.77,-0.006513141576860712,2,-2.629051336405844,-3.0915556247487244,5.261597478884613e-05,regime_break
A,BTCUSDT/SOLUSDT,long_a_short_b,2026-01-02T19:00:00,89735.36,131.49,2026-01-02T19:30:00,90039.88,131.63,-7.11856966398171e-05,2,-3.538192288131192,-3.0313209295850383,5.261597478884613e-05,regime_break
A,BTCUSDT/SOLUSDT,long_a_short_b,2026-01-02T20:00:00,89860.42,131.66,2026-01-02T20:30:00,89869.55,131.14,0.0016511690845722594,2,-3.117637624463601,-2.496456225403134,5.261597478884613e-05,confluence_lost
A,BTCUSDT/SOLUSDT,long_a_short_b,2026-01-02T21:00:00,89770.74,131.69,2026-01-02T22:00:00,90026.55,132.55,-0.006080896073385175,3,-2.969932430389506,-3.041179519985573,5.261597478884613e-05,regime_break
A,BTCUSDT/SOLUSDT,long_a_short_b,2026-01-02T22:30:00,90205.75,132.64,2026-01-02T23:00:00,90170.01,132.45,-0.001363756608263531,2,-2.7542459855974006,-2.528738170992943,5.261597478884613e-05,confluence_lost
A,BTCUSDT/SOLUSDT,long_a_short_b,2026-01-02T23:30:00,89934.28,132.29,2026-01-03T01:00:00,90141.32,132.46,-0.0013829300521066988,4,-2.5488537805888125,-2.1483778991598608,5.261597478884613e-05,confluence_lost
A,BTCUSDT/SOLUSDT,short_a_long_b,2026-01-05T12:00:00,93130.1,135.35,2026-01-05T13:00:00,92850.01,134.34,-0.006854622059435031,3,2.347786401698974,3.2032143372087414,5.989357948213326e-05,regime_break
A,BTCUSDT/SOLUSDT,short_a_long_b,2026-01-05T13:30:00,92729.79,133.81,2026-01-05T14:00:00,92790.83,133.77,-0.003357187960601402,2,3.5466151719251706,3.47257878377744,5.989357948213326e-05,regime_break
A,BTCUSDT/SOLUSDT,short_a_long_b,2026-01-05T15:00:00,93434.73,134.95,2026-01-05T15:30:00,93322.6,136.13,0.007544068340503321,2,2.909001231388336,1.0503141675551209,5.989357948213326e-05,confluence_lost
A,BTCUSDT/SOLUSDT,short_a_long_b,2026-01-05T16:00:00,93938.93,135.51,2026-01-05T16:30:00,93756.89,135.4,-0.0012738934786718369,2,2.9657235004643505,2.6402732621967893,6.374611737499253e-05,confluence_lost
A,BTCUSDT/SOLUSDT,short_a_long_b,2026-01-05T17:00:00,93697.64,134.61,2026-01-05T17:30:00,93500.02,136.52,0.01389826362096265,2,3.302254469802819,0.6686780124451442,6.374611737499253e-05,confluence_lost
A,BTCUSDT/SOLUSDT,long_a_short_b,2026-01-06T14:00:00,93759.59,142.72,2026-01-06T14:30:00,94223.5,142.0,0.0075927102488320825,2,-4.264747448821882,-2.9212900261664587,4.244197223919301e-05,confluence_lost
A,BTCUSDT/SOLUSDT,long_a_short_b,2026-01-06T15:00:00,93850.25,143.08,2026-01-06T15:30:00,94102.64,141.6,0.010633147831525872,2,-3.8755788606008945,-2.4085484078279187,4.244197223919301e-05,confluence_lost
A,BTCUSDT/SOLUSDT,long_a_short_b,2026-01-06T21:00:00,92492.63,141.18,2026-01-06T22:00:00,93323.67,140.02,0.014801393351887196,3,-3.0693901112713133,-1.5245369620634177,3.8990422852705675e-05,confluence_lost
A,BTCUSDT/SOLUSDT,long_a_short_b,2026-01-08T16:30:00,90540.23,138.19,2026-01-08T17:00:00,90904.38,137.44,0.007049279243686549,2,-3.1569011498561603,-1.5287533504774324,6.721569690369762e-05,confluence_lost
A,BTCUSDT/SOLUSDT,long_a_short_b,2026-01-08T17:30:00,90976.63,138.72,2026-01-08T18:00:00,91364.51,138.88,0.0007101099711663418,2,-2.8456630845480535,-2.259003929180728,6.721569690369762e-05,confluence_lost
A,BTCUSDT/SOLUSDT,long_a_short_b,2026-01-08T21:30:00,91129.25,139.61,2026-01-08T22:00:00,91275.32,139.51,-8.083072582014449e-05,2,-3.1619575588824764,-2.6817154692694363,6.721569690369762e-05,confluence_lost
A,BTCUSDT/SOLUSDT,long_a_short_b,2026-01-09T03:00:00,91003.15,139.44,2026-01-09T03:30:00,90974.36,140.81,-0.01254137701844453,2,-2.3706030784610417,-3.3167138490095165,4.602776425843148e-05,regime_break
A,BTCUSDT/SOLUSDT,long_a_short_b,2026-01-09T04:00:00,91220.24,140.34,2026-01-09T04:30:00,91127.16,139.76,0.0007124327129219422,2,-2.526150668330756,-2.1139511309499213,4.602776425843148e-05,confluence_lost
A,BTCUSDT/SOLUSDT,long_a_short_b,2026-01-09T06:30:00,90992.63,140.7,2026-01-09T07:00:00,91127.44,140.54,0.0002187198470062347,2,-2.5906548239562173,-2.2529753475987895,4.602776425843148e-05,confluence_lost
A,BTCUSDT/SOLUSDT,long_a_short_b,2026-01-11T14:30:00,91001.75,139.21,2026-01-11T15:00:00,91080.18,138.8,0.0014070422768571312,2,-3.1221859298414665,-2.9233038096799855,5.810121147778325e-05,confluence_lost
A,BTCUSDT/SOLUSDT,long_a_short_b,2026-01-11T15:30:00,90938.35,138.43,2026-01-11T16:00:00,90912.63,140.25,-0.015830268110410592,2,-2.602119532782666,-5.138251587911097,5.810121147778325e-05,regime_break
A,BTCUSDT/SOLUSDT,long_a_short_b,2026-01-11T16:30:00,91127.16,140.04,2026-01-11T17:00:00,91055.17,139.5,0.0006660461394914631,2,-4.236663890925677,-3.3614673427586994,4.8894275593831417e-05,regime_break
A,BTCUSDT/SOLUSDT,long_a_short_b,2026-01-11T17:30:00,91046.05,139.69,2026-01-11T18:00:00,90986.53,139.53,-0.001908341744326234,2,-3.4569799482973194,-3.188421126630366,4.8894275593831417e-05,regime_break
A,BTCUSDT/SOLUSDT,long_a_short_b,2026-01-11T18:30:00,90930.81,140.03,2026-01-11T19:00:00,90886.68,139.86,-0.00167128848766944,2,-3.606357510514093,-3.2598137965257377,4.8894275593831417e-05,regime_break
A,BTCUSDT/SOLUSDT,long_a_short_b,2026-01-11T19:30:00,90894.99,139.43,2026-01-11T20:30:00,90523.07,138.54,-0.00010862335169119263,3,-2.6430906572584463,-2.1733059989183046,4.8894275593831417e-05,confluence_lost
A,BTCUSDT/SOLUSDT,long_a_short_b,2026-01-11T23:00:00,90532.17,139.24,2026-01-12T00:00:00,90940.87,140.7,-0.008371075313264684,3,-2.5157432705241844,-2.966803801741511,4.8894275593831417e-05,confluence_lost
A,BTCUSDT/SOLUSDT,long_a_short_b,2026-01-12T00:30:00,91161.48,141.33,2026-01-12T01:00:00,91217.79,141.87,-0.0056031497258133695,2,-3.023533164736585,-3.171166624586634,4.2057769906313325e-05,regime_break
A,BTCUSDT/SOLUSDT,long_a_short_b,2026-01-12T02:00:00,91434.8,142.13,2026-01-12T02:30:00,91782.92,142.42,-0.0006330824350387208,2,-2.8424838294937045,-2.544026262646494,4.2057769906313325e-05,confluence_lost
A,BTCUSDT/SOLUSDT,long_a_short_b,2026-01-12T03:00:00,92224.01,143.53,2026-01-12T03:30:00,92413.0,142.54,0.006546762145927157,2,-2.6948691124955695,-1.797409270668323,4.2057769906313325e-05,confluence_lost
A,BTCUSDT/SOLUSDT,long_a_short_b,2026-01-12T04:00:00,91835.8,142.63,2026-01-12T04:30:00,92041.21,142.75,-0.001004628295587826,2,-2.3410394187855674,-2.137542326044093,4.2057769906313325e-05,confluence_lost
A,BTCUSDT/SOLUSDT,short_a_long_b,2026-01-14T17:30:00,97468.45,145.98,2026-01-14T18:00:00,96872.7,147.21,0.012138046021610574,2,2.9981515620451438,0.8362931831927451,3.5599769190635566e-05,confluence_lost
A,BTCUSDT/SOLUSDT,short_a_long_b,2026-01-15T03:00:00,96341.16,143.59,2026-01-15T03:30:00,96033.6,143.49,9.597766295572864e-05,2,2.6345678404583577,2.2601462128390692,2.687315381493877e-05,confluence_lost
A,BTCUSDT/SOLUSDT,short_a_long_b,2026-01-15T15:00:00,96254.96,142.55,2026-01-15T15:30:00,95945.92,143.48,0.007334666399930037,2,2.3735925103387823,1.3547557270006725,2.4788008522730157e-05,confluence_lost
A,BTCUSDT/SOLUSDT,short_a_long_b,2026-01-15T16:00:00,96751.85,143.05,2026-01-15T18:30:00,96209.32,141.57,-0.007138594858335498,6,2.463821202934262,2.5262665479980924,2.4788008522730157e-05,confluence_lost
A,BTCUSDT/SOLUSDT,long_a_short_b,2026-01-16T19:30:00,94934.76,144.18,2026-01-16T20:00:00,94973.02,144.48,-0.004077718811414097,2,-2.3435979584617264,-2.540210575491657,3.875961720211479e-05,confluence_lost
A,BTCUSDT/SOLUSDT,long_a_short_b,2026-01-16T20:30:00,95107.53,144.95,2026-01-16T21:00:00,95508.43,145.33,-0.0008063648482826012,2,-2.7500906990555696,-2.4392504890449906,3.875961720211479e-05,confluence_lost
A,BTCUSDT/SOLUSDT,short_a_long_b,2026-01-18T14:30:00,95243.66,141.72,2026-01-18T15:00:00,94986.75,142.05,0.002625932530782651,2,2.3498542452840945,1.4658885333537954,4.545547064837581e-05,confluence_lost
A,BTCUSDT/SOLUSDT,short_a_long_b,2026-01-18T23:00:00,95465.49,140.14,2026-01-18T23:30:00,94653.44,137.87,-0.01009187244879732,2,4.106441401331451,4.714103590247933,4.995647717095897e-05,regime_break
A,BTCUSDT/SOLUSDT,short_a_long_b,2026-01-19T00:00:00,93365.03,134.03,2026-01-19T00:30:00,92360.0,133.77,0.006424658653069695,2,5.5798608378985595,4.054651319433603,4.995647717095897e-05,regime_break
A,BTCUSDT/SOLUSDT,short_a_long_b,2026-01-19T01:00:00,92600.0,133.73,2026-01-19T01:30:00,92547.01,133.8,-0.0013043110219018027,2,3.964161412184554,3.5567562279935134,4.657281557741253e-05,regime_break
A,BTCUSDT/SOLUSDT,short_a_long_b,2026-01-19T02:00:00,92593.46,133.78,2026-01-19T02:30:00,92481.66,133.82,-0.0008935729556828619,2,3.3639522798522945,3.0430923407332076,4.657281557741253e-05,regime_break
A,BTCUSDT/SOLUSDT,short_a_long_b,2026-01-19T03:00:00,92599.99,133.79,2026-01-19T04:30:00,92678.62,133.69,-0.003996576178752306,4,2.9899793689139393,2.6877499447614337,4.657281557741253e-05,confluence_lost
A,BTCUSDT/SOLUSDT,short_a_long_b,2026-01-19T05:00:00,92739.95,133.56,2026-01-19T05:30:00,92725.83,133.35,-0.003820073349689632,2,2.671471835619793,2.6399666062206597,4.657281557741253e-05,confluence_lost
A,BTCUSDT/SOLUSDT,short_a_long_b,2026-01-19T06:00:00,92536.4,132.99,2026-01-19T08:00:00,92800.01,133.68,-6.035680219977678e-05,5,2.562191234770786,2.0812152571148905,4.657281557741253e-05,confluence_lost
A,BTCUSDT/SOLUSDT,long_a_short_b,2026-01-21T19:00:00,88479.0,129.47,2026-01-21T23:00:00,89798.08,130.44,0.005016313234579253,9,-2.4653129029988996,-1.4566247908514423,5.4980015593603135e-05,confluence_lost
A,BTCUSDT/SOLUSDT,short_a_long_b,2026-01-23T14:30:00,89685.87,126.11,2026-01-23T15:30:00,89045.96,127.9,0.018928972346734477,3,3.022192122431905,0.13900791870322043,5.515265359416226e-05,z_mean_revert
A,BTCUSDT/SOLUSDT,short_a_long_b,2026-01-23T17:30:00,90966.89,128.45,2026-01-23T18:00:00,90517.97,129.05,0.007206060628108538,2,2.467135141353636,1.132853548255452,5.8380952795459535e-05,confluence_lost
A,BTCUSDT/SOLUSDT,long_a_short_b,2026-01-25T10:00:00,88406.05,127.16,2026-01-25T10:30:00,88615.69,126.94,0.0017014347275850629,2,-2.970828155624877,-1.7377108023334729,5.262129271678248e-05,confluence_lost
A,BTCUSDT/SOLUSDT,short_a_long_b,2026-01-25T16:00:00,88406.55,122.93,2026-01-25T16:30:00,88146.75,122.78,-0.0006815103372729702,2,5.775709009609336,4.7090157796375784,5.262129271678248e-05,regime_break
A,BTCUSDT/SOLUSDT,short_a_long_b,2026-01-25T17:00:00,88049.67,122.08,2026-01-25T17:30:00,87962.08,122.22,-0.00025843158524245556,2,5.028939946950011,4.182199561347596,5.1854338779719706e-05,regime_break
A,BTCUSDT/SOLUSDT,short_a_long_b,2026-01-25T18:00:00,87885.74,121.5,2026-01-25T18:30:00,87544.15,121.69,0.0030505371466974097,2,4.469103157910405,3.3513400509561704,5.1854338779719706e-05,regime_break
A,BTCUSDT/SOLUSDT,short_a_long_b,2026-01-25T19:00:00,87479.73,119.69,2026-01-25T19:30:00,86591.69,117.96,-0.006702625971474238,2,4.892483604144388,4.722197416289944,5.1854338779719706e-05,regime_break
A,BTCUSDT/SOLUSDT,short_a_long_b,2026-01-25T20:00:00,86510.38,118.4,2026-01-25T20:30:00,86473.7,118.33,-0.00256722085288523,2,3.819663947477366,3.5417503657157567,5.1854338779719706e-05,regime_break
A,BTCUSDT/SOLUSDT,short_a_long_b,2026-01-25T21:00:00,86764.18,118.39,2026-01-25T21:30:00,86900.01,118.83,-0.00024897768131353125,2,3.521247730818508,3.119138064210375,5.1854338779719706e-05,regime_break
A,BTCUSDT/SOLUSDT,short_a_long_b,2026-01-25T22:00:00,86595.38,118.18,2026-01-25T23:30:00,86490.5,118.85,0.00448046805317133,4,3.086027005951241,2.2464249151773714,5.1854338779719706e-05,confluence_lost
A,BTCUSDT/SOLUSDT,long_a_short_b,2026-01-27T20:00:00,88397.49,127.28,2026-01-27T20:30:00,88958.18,127.36,0.0033142916426773385,2,-2.5296300682921857,-1.9505938310916295,5.50567628449729e-05,confluence_lost
A,BTCUSDT/SOLUSDT,short_a_long_b,2026-01-29T14:30:00,87855.29,120.37,2026-01-29T15:00:00,86827.5,118.56,-0.005738299862011839,2,3.2882588589464907,3.3950621544449446,5.782189085565309e-05,regime_break
A,BTCUSDT/SOLUSDT,short_a_long_b,2026-01-29T15:30:00,85439.99,117.69,2026-01-29T16:00:00,84904.99,117.4,0.0013976042494478614,2,2.4025515451018546,1.962671707596623,5.782189085565309e-05,confluence_lost
A,BTCUSDT/SOLUSDT,long_a_short_b,2026-01-30T18:30:00,82395.22,118.1,2026-01-30T19:00:00,83926.14,118.64,0.011607807771473369,2,-3.578970037361969,-1.6201795975523112,3.503744245456837e-05,confluence_lost
A,BTCUSDT/SOLUSDT,short_a_long_b,2026-01-31T14:00:00,82796.37,110.33,2026-01-31T14:30:00,81443.35,109.14,0.0031557133333773436,2,5.071781778042592,4.111163388296587,4.583326765770185e-05,regime_break
A,BTCUSDT/SOLUSDT,short_a_long_b,2026-01-31T15:00:00,81420.01,109.38,2026-01-31T15:30:00,81300.0,108.65,-0.007600018627604219,2,3.6580386373770986,3.8292979971950243,4.583326765770185e-05,regime_break
A,BTCUSDT/SOLUSDT,short_a_long_b,2026-01-31T16:00:00,81370.17,108.47,2026-01-31T16:30:00,81103.67,106.28,-0.01931475826810984,2,3.726877270532405,4.515247156534803,4.583326765770185e-05,regime_break
A,BTCUSDT/SOLUSDT,short_a_long_b,2026-01-31T17:00:00,80522.77,104.0,2026-01-31T17:30:00,79063.31,103.31,0.009090195771285073,2,4.8042205133471505,3.7181827452940426,5.0281430400434776e-05,regime_break
A,BTCUSDT/SOLUSDT,short_a_long_b,2026-01-31T18:00:00,79116.63,103.49,2026-01-31T18:30:00,78690.78,101.96,-0.011801477205806973,2,3.3925504046584734,3.606385398431253,5.0281430400434776e-05,regime_break
A,BTCUSDT/SOLUSDT,short_a_long_b,2026-01-31T19:00:00,78200.47,102.66,2026-01-31T19:30:00,77889.0,101.78,-0.006989016805034762,2,2.781513829346743,2.8475887638214834,5.0281430400434776e-05,confluence_lost
A,BTCUSDT/SOLUSDT,short_a_long_b,2026-01-31T20:00:00,77786.75,100.9,2026-01-31T20:30:00,77271.8,101.99,0.015022797072233599,2,3.0065916156770403,2.147057613882033,5.0281430400434776e-05,confluence_lost
A,BTCUSDT/SOLUSDT,short_a_long_b,2026-02-03T14:30:00,78370.63,100.86,2026-02-03T15:00:00,77279.99,102.05,0.023314970448286634,2,2.8763617130041816,0.08664109849816254,-1.369407402392927e-06,z_mean_revert
A,BTCUSDT/SOLUSDT,short_a_long_b,2026-02-03T16:00:00,78045.12,100.36,2026-02-03T16:30:00,76729.62,100.73,0.018142362059239872,2,2.938832025005293,0.6878244792945264,-2.0984279796389433e-06,confluence_lost
A,BTCUSDT/SOLUSDT,long_a_short_b,2026-02-03T19:00:00,73166.8,99.42,2026-02-03T19:30:00,74863.24,99.02,0.02480926120208389,2,-2.889378458293006,-0.13285944326680743,-2.0984279796389433e-06,z_mean_revert
A,BTCUSDT/SOLUSDT,short_a_long_b,2026-02-04T04:30:00,76654.0,98.09,2026-02-04T05:00:00,76475.21,98.15,0.0005441119841977505,2,2.600628636253665,2.292841498624356,-1.3676662063858448e-06,confluence_lost
A,BTCUSDT/SOLUSDT,short_a_long_b,2026-02-04T05:30:00,76371.35,97.02,2026-02-04T11:30:00,75869.99,96.11,-0.005214743927543439,13,2.998033291428926,2.1250812647638333,-1.3676662063858448e-06,confluence_lost
A,BTCUSDT/SOLUSDT,short_a_long_b,2026-02-04T13:30:00,75868.81,94.39,2026-02-04T14:00:00,74812.36,94.35,0.011100920777647197,2,2.777519721344344,1.963891799996086,6.827370728366564e-06,confluence_lost
A,BTCUSDT/SOLUSDT,short_a_long_b,2026-02-04T14:30:00,75118.02,93.13,2026-02-04T15:00:00,74239.84,93.46,0.012834104137584748,2,2.7430193955492532,1.9062019709213465,6.827370728366564e-06,confluence_lost
A,BTCUSDT/SOLUSDT,short_a_long_b,2026-02-04T15:30:00,74795.55,92.79,2026-02-04T17:30:00,72474.5,91.44,0.014082944793313137,5,2.5528596965500174,1.4411813572947674,6.827370728366564e-06,confluence_lost
A,BTCUSDT/SOLUSDT,short_a_long_b,2026-02-05T15:00:00,69248.92,84.21,2026-02-05T15:30:00,67263.48,84.61,0.03102109055043996,2,2.7262220959469796,0.86344757906176,2.5937130534745857e-05,confluence_lost
A,BTCUSDT/SOLUSDT,short_a_long_b,2026-02-05T20:00:00,65258.13,78.71,2026-02-05T20:30:00,63719.59,78.84,0.022827852120641937,2,3.058157236115626,1.5626178919557203,9.15776819369122e-06,confluence_lost
A,BTCUSDT/SOLUSDT,short_a_long_b,2026-02-05T23:30:00,64328.68,78.35,2026-02-06T00:00:00,63047.62,71.26,-0.07297709463821449,2,2.4055098211951975,5.7077775233871435,9.15776819369122e-06,regime_break
A,BTCUSDT/SOLUSDT,short_a_long_b,2026-02-06T02:00:00,65765.65,77.31,2026-02-06T02:30:00,64608.66,76.95,0.010536041223461926,2,3.339124738919997,2.5930324724999614,3.5738197062042824e-06,confluence_lost
A,BTCUSDT/SOLUSDT,short_a_long_b,2026-02-06T03:00:00,64889.71,76.69,2026-02-06T03:30:00,64877.86,76.71,-0.001956592253560194,2,2.810867992279354,2.6691747121363583,3.5738197062042824e-06,confluence_lost
A,BTCUSDT/SOLUSDT,short_a_long_b,2026-02-08T16:30:00,71119.16,86.22,2026-02-08T17:00:00,70545.46,86.64,0.010538002764050106,2,2.635927702338993,1.493470509042046,-5.231231348524441e-05,confluence_lost
A,BTCUSDT/SOLUSDT,short_a_long_b,2026-02-09T08:00:00,70457.23,84.77,2026-02-09T09:00:00,69935.4,84.59,0.002882944439816917,3,2.4976531488962186,1.9838290487775734,-4.752068826630121e-05,confluence_lost
A,BTCUSDT/SOLUSDT,short_a_long_b,2026-02-10T18:00:00,69844.65,83.43,2026-02-10T19:00:00,68837.36,82.79,0.004350761855991439,3,2.934463057677723,2.0465707045110175,-5.626848799626961e-05,confluence_lost
A,BTCUSDT/SOLUSDT,short_a_long_b,2026-02-10T20:00:00,69046.71,82.7,2026-02-10T20:30:00,68844.0,82.63,-0.0003105942381293335,2,2.3262714951884647,2.0495795082861634,-5.626848799626961e-05,confluence_lost
A,BTCUSDT/SOLUSDT,short_a_long_b,2026-02-11T14:30:00,68085.09,79.95,2026-02-11T15:00:00,66368.27,79.38,0.015686343907607883,2,3.2415866950336505,1.6591260669647347,-5.0323653232311246e-05,confluence_lost
A,BTCUSDT/SOLUSDT,short_a_long_b,2026-02-11T16:30:00,66692.9,78.74,2026-02-11T18:30:00,66862.61,79.81,0.008644378497310215,5,2.5624120248661773,1.5711100151589747,-4.173839695846431e-05,confluence_lost
A,BTCUSDT/SOLUSDT,short_a_long_b,2026-02-11T20:00:00,67565.99,79.06,2026-02-11T20:30:00,67224.14,79.64,0.00999569848332367,2,2.8771995540415447,1.8931743071464835,-4.173839695846431e-05,confluence_lost
A,BTCUSDT/SOLUSDT,short_a_long_b,2026-02-11T21:30:00,68120.44,80.16,2026-02-11T22:00:00,67847.3,79.84,-0.0023823530827388616,2,2.3049870698930044,2.2312069753546533,-4.173839695846431e-05,confluence_lost
A,BTCUSDT/SOLUSDT,short_a_long_b,2026-02-12T16:00:00,67205.96,78.37,2026-02-12T16:30:00,66096.01,78.3,0.013222449386363258,2,2.7691083913627703,1.2448303127258051,-1.9860511740305574e-05,confluence_lost
A,BTCUSDT/SOLUSDT,long_a_short_b,2026-02-13T15:00:00,67844.38,83.64,2026-02-13T15:30:00,68999.99,83.2,0.01989388663155285,2,-3.601206921423834,-1.2717572114561961,7.084325206018424e-09,confluence_lost
A,BTCUSDT/SOLUSDT,long_a_short_b,2026-02-13T16:00:00,68612.07,84.1,2026-02-13T16:30:00,69077.94,84.22,0.0029630404328068872,2,-2.8574027556933985,-2.2347885795740288,7.084325206018424e-09,confluence_lost
A,BTCUSDT/SOLUSDT,long_a_short_b,2026-02-13T17:00:00,68860.52,84.37,2026-02-13T17:30:00,69063.6,84.34,0.0009047265896155589,2,-2.6302446775328856,-2.2274463976216636,-2.825601080395319e-06,confluence_lost
A,BTCUSDT/SOLUSDT,long_a_short_b,2026-02-13T18:00:00,69048.46,84.65,2026-02-13T18:30:00,69048.0,85.4,-0.011266673801176227,2,-2.483767013493146,-3.0807923515017857,-2.825601080395319e-06,regime_break
A,BTCUSDT/SOLUSDT,long_a_short_b,2026-02-13T20:30:00,68812.91,84.77,2026-02-14T05:00:00,68774.16,84.94,-0.004968547525170883,18,-2.382771912811575,-1.6482678285624976,-2.825601080395319e-06,confluence_lost
A,BTCUSDT/SOLUSDT,long_a_short_b,2026-02-14T16:30:00,69317.48,88.12,2026-02-14T17:00:00,69718.67,88.28,0.001572011759010963,2,-2.3111466643383527,-2.04884511892146,-9.83595570062544e-07,confluence_lost
A,BTCUSDT/SOLUSDT,short_a_long_b,2026-02-16T13:00:00,69707.9,85.0,2026-02-16T13:30:00,68802.37,84.17,0.0008256438484523644,2,3.327352418071426,2.835483084934615,-2.145703919559029e-06,confluence_lost
A,BTCUSDT/SOLUSDT,short_a_long_b,2026-02-16T14:00:00,68409.02,83.68,2026-02-16T15:30:00,68124.69,83.21,-0.0038603115541428344,4,2.717135102316411,2.542526497968266,-2.145703919559029e-06,confluence_lost
A,BTCUSDT/SOLUSDT,short_a_long_b,2026-02-17T14:30:00,67969.07,83.26,2026-02-17T15:00:00,66974.0,83.44,0.014401943893016814,2,2.3341063767526586,0.3938212836552272,9.568564548136149e-06,z_mean_revert
A,BTCUSDT/SOLUSDT,short_a_long_b,2026-02-18T13:30:00,67449.66,82.63,2026-02-18T14:00:00,67278.0,82.25,-0.004453804867717334,2,2.416351796625249,2.6445644365126797,1.657058661181166e-05,confluence_lost
A,BTCUSDT/SOLUSDT,short_a_long_b,2026-02-18T16:00:00,67632.75,82.49,2026-02-18T16:30:00,67258.94,82.3,0.0008237465569698866,2,2.9238524383127578,2.4738181236607253,1.657058661181166e-05,confluence_lost
A,BTCUSDT/SOLUSDT,short_a_long_b,2026-02-18T18:00:00,67195.01,81.74,2026-02-18T18:30:00,66781.38,81.28,-0.0018719342782539815,2,2.7888245415505546,2.6220788004458595,2.0897122920297957e-05,confluence_lost
A,BTCUSDT/SOLUSDT,long_a_short_b,2026-02-20T15:00:00,67219.28,84.05,2026-02-20T15:30:00,67342.36,84.38,-0.004495212094261444,2,-2.8223747981190286,-2.966972797557129,1.3555384255812084e-05,confluence_lost
A,BTCUSDT/SOLUSDT,long_a_short_b,2026-02-20T16:30:00,67335.63,84.51,2026-02-20T17:00:00,67719.7,83.26,0.018094964326512877,2,-2.9399344835047985,-0.23374269251827084,9.051965532298288e-06,z_mean_revert
A,BTCUSDT/SOLUSDT,long_a_short_b,2026-02-20T17:30:00,67172.02,84.49,2026-02-20T18:00:00,67572.86,84.56,0.002738865164453499,2,-3.0314725740118296,-2.304397715333171,9.051965532298288e-06,confluence_lost
A,BTCUSDT/SOLUSDT,long_a_short_b,2026-02-20T18:30:00,67718.0,85.24,2026-02-20T19:00:00,67963.22,84.48,0.010137195651234124,2,-2.8642554986511874,-1.3558860229482892,9.051965532298288e-06,confluence_lost
A,BTCUSDT/SOLUSDT,short_a_long_b,2026-02-22T16:00:00,67676.3,83.23,2026-02-22T16:30:00,67565.73,83.58,0.0034390212786625375,2,2.8066965041283876,1.7354430946207275,2.2328461245762674e-05,confluence_lost
A,BTCUSDT/SOLUSDT,short_a_long_b,2026-02-22T17:00:00,67635.21,83.33,2026-02-22T17:30:00,67517.3,83.06,-0.003896806859531352,2,2.459382893517196,2.602156048768419,2.2328461245762674e-05,confluence_lost
A,BTCUSDT/SOLUSDT,short_a_long_b,2026-02-22T23:00:00,67690.6,82.73,2026-02-22T23:30:00,67587.05,82.79,-0.00014499468346777832,2,2.8560680134125955,2.4368206736212694,2.2328461245762674e-05,confluence_lost
A,BTCUSDT/SOLUSDT,short_a_long_b,2026-02-23T00:00:00,67660.0,82.24,2026-02-23T00:30:00,67451.68,81.37,-0.009899869742394471,2,3.256679172711156,3.8447508453465975,2.2328461245762674e-05,regime_break
A,BTCUSDT/SOLUSDT,short_a_long_b,2026-02-23T01:00:00,66571.39,78.51,2026-02-23T01:30:00,65050.15,77.98,0.013700525484413986,2,5.370526074275183,3.483765626017159,3.280213652448208e-05,regime_break
A,BTCUSDT/SOLUSDT,short_a_long_b,2026-02-23T02:00:00,64463.21,77.96,2026-02-23T03:00:00,64795.14,77.48,-0.013706142146739417,3,2.555908678306587,3.140914787228328,3.280213652448208e-05,regime_break
A,BTCUSDT/SOLUSDT,short_a_long_b,2026-02-23T03:30:00,64867.92,77.66,2026-02-23T06:30:00,65292.93,79.09,0.009461668829562522,7,2.8794533632729595,1.52387786753775,3.280213652448208e-05,confluence_lost
A,BTCUSDT/SOLUSDT,long_a_short_b,2026-02-24T22:00:00,63994.18,79.04,2026-02-24T22:30:00,64122.01,79.08,-0.0009085474745278853,2,-2.5953520134114387,-2.425485791020779,9.317390109349359e-06,confluence_lost
A,BTCUSDT/SOLUSDT,long_a_short_b,2026-02-24T23:00:00,64122.6,79.44,2026-02-25T01:00:00,64154.74,81.99,-0.033998470548812595,5,-2.9062029766009743,-5.5881358152657805,9.317390109349359e-06,regime_break
A,BTCUSDT/SOLUSDT,long_a_short_b,2026-02-25T01:30:00,66011.43,82.0,2026-02-25T02:00:00,65984.88,82.39,-0.00755830063398881,2,-2.441966058417243,-2.822133779937851,1.2524636751716168e-05,confluence_lost
A,BTCUSDT/SOLUSDT,long_a_short_b,2026-02-25T02:30:00,66140.79,82.45,2026-02-25T03:00:00,65895.18,81.81,0.0016488379807966936,2,-2.5441052889008673,-2.0855026459917494,1.2524636751716168e-05,confluence_lost
A,BTCUSDT/SOLUSDT,long_a_short_b,2026-02-25T03:30:00,65629.94,81.75,2026-02-25T04:00:00,65373.51,82.22,-0.012056446115978378,2,-2.3203974395776954,-3.06865207081006,1.2524636751716168e-05,regime_break
A,BTCUSDT/SOLUSDT,long_a_short_b,2026-02-25T04:30:00,65600.01,81.96,2026-02-25T05:00:00,65468.63,81.5,0.0012097503023203583,2,-2.382094864459316,-1.9946704511327478,1.2524636751716168e-05,confluence_lost
A,BTCUSDT/SOLUSDT,long_a_short_b,2026-02-25T06:00:00,64901.31,81.69,2026-02-25T06:30:00,64994.15,81.57,0.0004994476504339286,2,-2.755485279854366,-2.4061734309086766,1.2524636751716168e-05,confluence_lost
A,BTCUSDT/SOLUSDT,long_a_short_b,2026-02-25T07:00:00,64915.88,82.16,2026-02-25T07:30:00,65154.78,82.19,0.0009150061042312997,2,-2.928575750864911,-2.549018677208411,1.2524636751716168e-05,confluence_lost
A,BTCUSDT/SOLUSDT,long_a_short_b,2026-02-25T08:00:00,65039.72,82.38,2026-02-25T08:30:00,65223.97,82.48,-0.0007810025913346651,2,-2.735326198670664,-2.5113529217648325,1.2524636751716168e-05,confluence_lost
A,BTCUSDT/SOLUSDT,long_a_short_b,2026-02-25T11:30:00,65335.43,83.39,2026-02-25T12:00:00,65416.33,83.33,-0.0004422636981085558,2,-2.5938994916843203,-2.3712766763841104,9.81471747355702e-06,confluence_lost
A,BTCUSDT/SOLUSDT,long_a_short_b,2026-02-25T14:30:00,66513.94,85.64,2026-02-25T15:00:00,67013.3,85.42,0.007676492199548315,2,-2.559913684854904,-1.9527215696132425,9.81471747355702e-06,confluence_lost
A,BTCUSDT/SOLUSDT,long_a_short_b,2026-02-25T16:00:00,67501.44,87.19,2026-02-25T16:30:00,67880.0,87.55,-0.0009207372110747046,2,-2.459168489709177,-2.298589972024886,5.482558034988794e-06,confluence_lost
A,BTCUSDT/SOLUSDT,long_a_short_b,2026-02-25T17:00:00,68249.16,88.31,2026-02-25T17:30:00,68633.28,88.56,0.00039726466451424315,2,-2.370828681444923,-2.1562900716470073,5.482558034988794e-06,confluence_lost
A,BTCUSDT/SOLUSDT,short_a_long_b,2026-02-27T11:30:00,66518.41,83.59,2026-02-27T12:00:00,66081.07,83.29,0.0005857751475488305,2,2.534997996147819,2.1234809920520545,-1.5621046708766336e-05,confluence_lost
A,BTCUSDT/SOLUSDT,short_a_long_b,2026-02-27T13:00:00,65990.09,82.94,2026-02-27T13:30:00,65908.08,83.08,0.0005307295654356082,2,2.34063856256461,1.9873946216505167,-1.5621046708766336e-05,confluence_lost
A,BTCUSDT/SOLUSDT,short_a_long_b,2026-02-27T14:00:00,66266.07,82.68,2026-02-27T14:30:00,66173.89,82.39,-0.004516439987724594,2,2.9631507275862132,3.0001900583524397,-1.5621046708766336e-05,regime_break
A,BTCUSDT/SOLUSDT,short_a_long_b,2026-02-27T15:00:00,66176.05,82.86,2026-02-27T15:30:00,66117.05,82.7,-0.0034394066757362095,2,2.344582601001989,2.349451015335459,-1.5621046708766336e-05,confluence_lost
A,BTCUSDT/SOLUSDT,short_a_long_b,2026-02-27T16:00:00,66038.81,82.24,2026-02-27T16:30:00,66002.89,81.37,-0.012434871193036809,2,2.6370500220270245,3.317714536364732,-1.5621046708766336e-05,regime_break
A,BTCUSDT/SOLUSDT,short_a_long_b,2026-02-27T17:00:00,65543.48,81.33,2026-02-27T17:30:00,65222.03,81.84,0.008775126780500367,2,2.62730975399507,1.647008791225799,-1.3607480773484927e-05,confluence_lost
A,BTCUSDT/SOLUSDT,short_a_long_b,2026-02-27T18:30:00,65649.25,81.48,2026-02-27T19:00:00,65321.98,81.56,0.0035669653379822443,2,2.3621619821409725,1.8370843269536081,-1.3607480773484927e-05,confluence_lost
A,BTCUSDT/SOLUSDT,short_a_long_b,2026-02-28T06:00:00,65585.56,79.7,2026-02-28T06:30:00,64580.05,77.56,-0.013919418997058883,2,2.668770037096981,3.2038512537456363,-1.603596157154944e-06,regime_break
A,BTCUSDT/SOLUSDT,long_a_short_b,2026-03-01T01:30:00,66326.96,86.75,2026-03-01T02:00:00,67672.4,88.2,0.001170266656538479,2,-2.5674853379508877,-2.295913708844219,-1.4734366916192243e-05,confluence_lost
A,BTCUSDT/SOLUSDT,short_a_long_b,2026-03-03T14:30:00,67335.51,83.24,2026-03-03T15:00:00,66583.44,83.44,0.01117168639245121,2,2.4278674571537855,0.9472155686957392,7.000716723730155e-07,confluence_lost
A,BTCUSDT/SOLUSDT,long_a_short_b,2026-03-04T08:30:00,69350.91,89.71,2026-03-04T09:00:00,70921.78,90.08,0.016126635743405296,2,-2.4090840589252442,-0.6201702316474687,-1.3957413119013113e-06,confluence_lost
A,BTCUSDT/SOLUSDT,short_a_long_b,2026-03-05T15:00:00,72727.39,89.07,2026-03-05T15:30:00,71232.93,89.62,0.024323710468418927,2,2.662676362822467,-0.1147871740571557,2.283720264748676e-05,z_mean_revert
A,BTCUSDT/SOLUSDT,short_a_long_b,2026-03-06T13:30:00,69943.19,85.59,2026-03-06T14:00:00,68916.16,85.18,0.007493494836130779,2,2.615635721759805,1.3627634618411615,7.096022644839452e-06,confluence_lost
A,BTCUSDT/SOLUSDT,short_a_long_b,2026-03-06T14:30:00,68995.35,84.34,2026-03-06T15:00:00,68430.01,84.95,0.01302651536160089,2,2.5865157873326265,0.7772736297103822,7.096022644839452e-06,confluence_lost
A,BTCUSDT/SOLUSDT,short_a_long_b,2026-03-08T13:00:00,67352.76,81.72,2026-03-08T13:30:00,67121.91,82.08,0.005432762812282513,2,3.1076161663560034,1.79978016572851,-1.1533994238038244e-05,confluence_lost
A,BTCUSDT/SOLUSDT,short_a_long_b,2026-03-08T15:00:00,67329.27,81.97,2026-03-08T17:00:00,66822.05,81.57,0.0002535908274760713,5,2.361902649125751,1.7199042891216474,-1.1533994238038244e-05,confluence_lost
A,BTCUSDT/SOLUSDT,long_a_short_b,2026-03-09T03:00:00,66615.81,83.58,2026-03-09T03:30:00,67236.42,83.16,0.011941382534721948,2,-2.442967816675516,-0.4426361588777301,-2.4756613798319434e-05,z_mean_revert
A,BTCUSDT/SOLUSDT,long_a_short_b,2026-03-09T19:00:00,68415.55,86.87,2026-03-09T19:30:00,69262.6,85.97,0.02034126576010349,2,-4.013792940676378,-0.927073621801648,-3.051498859404509e-05,confluence_lost
A,BTCUSDT/SOLUSDT,long_a_short_b,2026-03-10T14:30:00,69972.0,88.1,2026-03-10T15:00:00,71487.09,87.78,0.02288504007408039,2,-2.3827843762799947,0.7410080360461443,-1.9864128902570487e-05,confluence_lost
A,BTCUSDT/SOLUSDT,long_a_short_b,2026-03-13T00:00:00,70450.1,89.76,2026-03-13T00:30:00,71750.66,89.78,0.01583790970330186,2,-5.837057120051177,-2.6458414206966028,-5.6126182396082766e-05,confluence_lost
A,BTCUSDT/SOLUSDT,long_a_short_b,2026-03-13T01:00:00,71630.04,90.33,2026-03-13T01:30:00,71543.48,90.45,-0.004936893851199817,2,-3.5996402556957805,-3.653860563990889,-4.985147519695327e-05,regime_break
A,BTCUSDT/SOLUSDT,long_a_short_b,2026-03-13T02:00:00,71596.09,89.9,2026-03-13T02:30:00,71478.18,89.09,0.0049631334797332755,2,-2.5691739403180542,-1.526126519110626,-4.985147519695327e-05,confluence_lost
A,BTCUSDT/SOLUSDT,long_a_short_b,2026-03-13T03:30:00,71064.66,89.69,2026-03-13T04:00:00,71383.23,89.26,0.006877110334671158,2,-2.9299834956819173,-1.7307880620192455,-4.985147519695327e-05,confluence_lost
A,BTCUSDT/SOLUSDT,long_a_short_b,2026-03-15T21:30:00,71788.75,90.0,2026-03-15T22:00:00,72029.78,90.44,-0.003931399031494906,2,-3.2354247377353587,-3.3133400201549144,-2.1703340511972367e-05,regime_break
A,BTCUSDT/SOLUSDT,long_a_short_b,2026-03-15T22:30:00,71986.59,92.64,2026-03-15T23:00:00,72798.23,91.79,0.018050179969004224,2,-6.313657521160418,-3.0103379923935543,-2.1703340511972367e-05,regime_break
A,BTCUSDT/SOLUSDT,long_a_short_b,2026-03-15T23:30:00,72536.72,92.3,2026-03-16T00:00:00,72952.44,91.97,0.006906464170130813,2,-3.9728348746113444,-2.6114128421861262,-2.1703340511972367e-05,confluence_lost
A,BTCUSDT/SOLUSDT,long_a_short_b,2026-03-16T00:30:00,72508.72,92.01,2026-03-16T01:00:00,72545.44,91.95,-0.0012414751194244488,2,-3.2494459841962064,-2.953340572341183,-1.1295931509311842e-05,confluence_lost
A,BTCUSDT/SOLUSDT,long_a_short_b,2026-03-16T01:30:00,72592.38,92.11,2026-03-16T02:00:00,72715.66,91.32,0.007874951641028652,2,-2.933876084589522,-1.7244253162732917,-1.1295931509311842e-05,confluence_lost
A,BTCUSDT/SOLUSDT,long_a_short_b,2026-03-16T02:30:00,72410.25,91.48,2026-03-16T03:00:00,72452.49,92.13,-0.00892203539690288,2,-2.3207321231701763,-2.8941776363367993,-1.1295931509311842e-05,confluence_lost
A,BTCUSDT/SOLUSDT,long_a_short_b,2026-03-16T03:30:00,73172.53,93.16,2026-03-16T04:00:00,73623.46,93.06,0.004835980614410776,2,-2.870649790364909,-2.0812763514308257,-1.1295931509311842e-05,confluence_lost
A,BTCUSDT/SOLUSDT,long_a_short_b,2026-03-16T04:30:00,73646.56,93.62,2026-03-16T06:00:00,74170.14,93.44,0.0066320273488916365,4,-2.5297456961192664,-1.470199404366025,-1.1295931509311842e-05,confluence_lost
A,BTCUSDT/SOLUSDT,short_a_long_b,2026-03-18T12:30:00,72533.81,90.43,2026-03-18T13:00:00,72239.32,90.69,0.0045351897082319265,2,2.796769984896604,1.8020803341324032,-2.3324812534426463e-05,confluence_lost
A,BTCUSDT/SOLUSDT,short_a_long_b,2026-03-18T13:30:00,72363.8,90.32,2026-03-18T14:00:00,72159.19,89.59,-0.00765485505036638,2,2.474558429838822,3.012659226939552,-2.3324812534426463e-05,regime_break
A,BTCUSDT/SOLUSDT,short_a_long_b,2026-03-18T14:30:00,71718.84,88.96,2026-03-18T15:00:00,71076.14,89.16,0.008809584528703687,2,2.949626988025232,1.57721079555259,-2.3324812534426463e-05,confluence_lost
A,BTCUSDT/SOLUSDT,short_a_long_b,2026-03-18T16:00:00,71479.4,88.9,2026-03-18T16:30:00,71217.87,88.97,0.002046217961062593,2,2.449360410713873,1.8885770702920015,-2.3324812534426463e-05,confluence_lost
A,BTCUSDT/SOLUSDT,short_a_long_b,2026-03-21T23:30:00,70117.03,87.56,2026-03-22T00:00:00,68784.27,87.26,0.01318142847599231,2,3.693838191899224,0.4815503238118357,-2.258673585118072e-06,z_mean_revert
A,BTCUSDT/SOLUSDT,short_a_long_b,2026-03-22T21:00:00,68193.34,85.97,2026-03-22T21:30:00,67755.23,85.99,0.004257166966593354,2,2.3975499676492764,0.774556327944465,-2.282069278421879e-05,confluence_lost
A,BTCUSDT/SOLUSDT,short_a_long_b,2026-03-23T06:00:00,68840.52,86.62,2026-03-23T06:30:00,68500.0,85.75,-0.007497364432959161,2,2.5003417024443526,3.411692014721107,-2.236942772105906e-05,regime_break
A,BTCUSDT/SOLUSDT,short_a_long_b,2026-03-23T08:30:00,68475.39,85.95,2026-03-23T10:00:00,68355.84,85.97,-0.0004214238557251203,4,2.5448586287102857,1.916756233562011,-2.376066600526816e-05,confluence_lost
A,BTCUSDT/SOLUSDT,long_a_short_b,2026-03-23T11:00:00,68630.48,90.32,2026-03-23T11:30:00,70918.21,88.78,0.0479845101739544,2,-5.373007554911126,2.229640493396077,-2.376066600526816e-05,confluence_lost
A,BTCUSDT/SOLUSDT,long_a_short_b,2026-03-23T17:30:00,70560.0,91.28,2026-03-23T22:30:00,70603.39,91.52,-0.004414334926199623,11,-2.336210292093061,-2.0527189388949854,-1.8124962448541902e-05,confluence_lost
A,BTCUSDT/SOLUSDT,short_a_long_b,2026-03-26T05:00:00,70783.61,90.06,2026-03-26T05:30:00,70563.2,89.26,-0.00816911046875772,2,2.387149935490213,3.2220326444779017,2.1228138470109352e-05,regime_break
A,BTCUSDT/SOLUSDT,short_a_long_b,2026-03-26T07:00:00,70082.22,88.99,2026-03-26T07:30:00,69952.52,89.1,0.000686777326171797,2,2.3334241504744844,1.792317654158662,2.1228138470109352e-05,confluence_lost
A,BTCUSDT/SOLUSDT,short_a_long_b,2026-03-26T08:00:00,70098.29,88.69,2026-03-26T08:30:00,69829.83,88.88,0.0035720587009658434,2,2.7101842114879,1.7623927038356788,2.1228138470109352e-05,confluence_lost
A,BTCUSDT/SOLUSDT,short_a_long_b,2026-03-26T09:30:00,69912.01,88.12,2026-03-26T10:00:00,69571.43,88.25,0.003946813120150619,2,2.946954439273888,1.9979927532031458,1.957521881008505e-05,confluence_lost
A,BTCUSDT/SOLUSDT,short_a_long_b,2026-03-26T10:30:00,69623.31,87.94,2026-03-26T11:00:00,69515.39,87.62,-0.004488789089167541,2,2.4657269790232865,2.616885538997422,1.957521881008505e-05,confluence_lost
A,BTCUSDT/SOLUSDT,short_a_long_b,2026-03-26T11:30:00,69427.68,87.58,2026-03-26T12:00:00,69241.8,87.73,0.001990038125103302,2,2.4092995564685857,1.8147293233325392,1.957521881008505e-05,confluence_lost
A,BTCUSDT/SOLUSDT,short_a_long_b,2026-03-26T14:00:00,69708.92,87.61,2026-03-26T14:30:00,69693.58,87.54,-0.0029789376276018607,2,2.516171265408892,2.4812866012885846,1.957521881008505e-05,confluence_lost
A,BTCUSDT/SOLUSDT,short_a_long_b,2026-03-26T17:30:00,69116.0,86.63,2026-03-26T18:00:00,68580.32,85.88,-0.0033070604247662926,2,2.3682440249782535,2.358710579562783,1.0551836852288371e-05,confluence_lost
A,BTCUSDT/SOLUSDT,short_a_long_b,2026-03-26T19:00:00,68471.87,85.66,2026-03-26T19:30:00,68432.58,85.48,-0.003927518560538565,2,2.3117329797693995,2.36573353560687,1.0551836852288371e-05,confluence_lost
A,BTCUSDT/SOLUSDT,short_a_long_b,2026-03-26T20:30:00,69224.58,86.34,2026-03-26T21:00:00,68956.36,87.0,0.009118832640560195,2,2.3572819448919136,1.3446212871096117,1.0551836852288371e-05,confluence_lost
A,BTCUSDT/SOLUSDT,short_a_long_b,2026-03-27T10:30:00,67760.16,83.02,2026-03-27T11:00:00,66394.02,83.43,0.022699973597070502,2,2.791851793791298,0.8365251675222428,-2.5567900523193803e-06,confluence_lost
A,BTCUSDT/SOLUSDT,short_a_long_b,2026-03-28T21:30:00,66841.08,82.72,2026-03-28T22:00:00,66680.46,82.81,0.0010910209737138988,2,2.4691237380261795,1.6598548453230348,-3.144276374266405e-05,confluence_lost
A,BTCUSDT/SOLUSDT,short_a_long_b,2026-03-28T23:00:00,66718.86,82.08,2026-03-29T00:30:00,66404.69,82.21,0.0038926840935880748,4,3.3901747073865205,1.8849647269221028,-3.144276374266405e-05,confluence_lost
A,BTCUSDT/SOLUSDT,short_a_long_b,2026-03-29T13:00:00,66860.01,82.06,2026-03-29T13:30:00,66628.0,81.92,-0.0006359825007757202,2,2.433822952030994,2.0827675611153684,-2.5408091646796768e-05,confluence_lost
A,BTCUSDT/SOLUSDT,short_a_long_b,2026-03-29T15:00:00,66711.34,81.59,2026-03-29T15:30:00,66369.43,81.81,0.005421624466667677,2,2.7159383455124266,1.4919470151134322,-2.5408091646796768e-05,confluence_lost
A,BTCUSDT/SOLUSDT,short_a_long_b,2026-03-29T17:00:00,66512.14,81.27,2026-03-29T17:30:00,66277.75,81.56,0.004692370727630582,2,2.598706068722133,1.5297596320121212,-1.3812960169730822e-05,confluence_lost
A,BTCUSDT/SOLUSDT,short_a_long_b,2026-03-29T22:30:00,66402.84,80.94,2026-03-29T23:00:00,66192.15,81.34,0.005714838755552412,2,2.4807735472745316,1.3453277913825608,-1.3812960169730822e-05,confluence_lost
A,BTCUSDT/SOLUSDT,short_a_long_b,2026-03-31T09:30:00,66455.53,80.55,2026-03-31T10:00:00,66175.29,80.75,0.004299885165540765,2,3.2322389149969264,2.099427744911641,-6.222577208295922e-06,confluence_lost
A,BTCUSDT/SOLUSDT,short_a_long_b,2026-03-31T10:30:00,66414.19,80.47,2026-03-31T11:00:00,66357.73,80.66,0.0008112479010001362,2,3.0130659480008934,2.43127434279089,-6.222577208295922e-06,confluence_lost
A,BTCUSDT/SOLUSDT,short_a_long_b,2026-03-31T11:30:00,66687.46,80.85,2026-03-31T12:00:00,66739.41,80.87,-0.002931635351764814,2,2.6707191804029424,2.6206250526915515,-6.222577208295922e-06,confluence_lost
A,BTCUSDT/SOLUSDT,short_a_long_b,2026-03-31T12:30:00,66782.0,80.78,2026-03-31T13:00:00,66699.98,81.03,0.0019230007086503266,2,2.7144213688720535,2.106440478930909,-6.222577208295922e-06,confluence_lost
A,BTCUSDT/SOLUSDT,short_a_long_b,2026-03-31T14:30:00,67638.96,80.63,2026-03-31T15:00:00,66693.71,81.08,0.01715598321022123,2,3.965714887546347,1.733127847321112,-6.222577208295922e-06,confluence_lost
A,BTCUSDT/SOLUSDT,short_a_long_b,2026-04-01T21:30:00,68446.8,81.86,2026-04-01T22:00:00,68333.22,80.96,-0.011734989706851093,2,2.703587636257681,3.5948791408878478,-9.317154073634889e-06,regime_break
A,BTCUSDT/SOLUSDT,short_a_long_b,2026-04-01T22:30:00,68190.0,81.17,2026-04-01T23:00:00,68143.42,81.32,0.00013106475155306952,2,2.9087909653704185,2.519916745737956,-9.317154073634889e-06,confluence_lost
A,BTCUSDT/SOLUSDT,short_a_long_b,2026-04-01T23:30:00,68085.59,81.18,2026-04-02T00:00:00,68082.95,81.12,-0.0031003235754956536,2,2.5156874686071022,2.4880197175270573,-9.317154073634889e-06,confluence_lost
A,BTCUSDT/SOLUSDT,short_a_long_b,2026-04-02T01:00:00,68395.61,79.85,2026-04-02T01:30:00,67447.96,79.34,0.005068445843304306,2,4.159079042620023,3.22387686168277,5.7776905383953e-07,regime_break
A,BTCUSDT/SOLUSDT,short_a_long_b,2026-04-02T02:00:00,67304.84,78.64,2026-04-02T02:30:00,66948.39,78.87,0.005820773247173963,2,3.561710350034751,2.7125824827586653,5.7776905383953e-07,confluence_lost
A,BTCUSDT/SOLUSDT,short_a_long_b,2026-04-05T12:00:00,66986.65,79.56,2026-04-05T12:30:00,66889.99,79.0,-0.007995738835931118,2,2.48456333486849,4.0111005932896795,1.9861996284566898e-05,regime_break
A,BTCUSDT/SOLUSDT,short_a_long_b,2026-04-05T13:00:00,66790.08,78.58,2026-04-05T14:00:00,66882.17,79.34,0.0058928746112782565,3,4.540251133076225,2.274290736966886,1.9861996284566898e-05,confluence_lost
A,BTCUSDT/SOLUSDT,short_a_long_b,2026-04-05T14:30:00,66910.0,79.29,2026-04-05T15:00:00,66919.96,79.98,0.006153375638623795,2,2.4219344860807808,0.4020576382039239,1.9861996284566898e-05,z_mean_revert
A,BTCUSDT/SOLUSDT,short_a_long_b,2026-04-05T15:30:00,67725.0,79.6,2026-04-05T20:30:00,67481.02,80.16,0.00823768603074422,11,3.944692895026965,1.1553905758036034,1.9861996284566898e-05,confluence_lost
A,BTCUSDT/SOLUSDT,short_a_long_b,2026-04-05T21:00:00,67627.34,79.65,2026-04-05T21:30:00,67476.99,79.75,0.0010787060553110873,2,2.6061426577402926,1.9257581650760272,1.96459971102187e-05,confluence_lost
A,BTCUSDT/SOLUSDT,short_a_long_b,2026-04-05T22:00:00,67508.71,79.47,2026-04-05T22:30:00,67418.0,80.58,0.012911213386401069,2,2.51193254459941,-0.0841552576264001,1.96459971102187e-05,z_mean_revert
A,BTCUSDT/SOLUSDT,short_a_long_b,2026-04-06T06:00:00,69198.15,81.33,2026-04-06T06:30:00,68875.66,81.5,0.004350634307209791,2,2.394032142698953,1.2679853688138902,3.099799775239232e-05,confluence_lost
A,BTCUSDT/SOLUSDT,short_a_long_b,2026-04-06T16:30:00,69886.04,81.59,2026-04-06T17:00:00,69768.01,81.61,-0.00046597954665110507,2,2.8046580179378897,2.4306015275583217,2.9274097405768192e-05,confluence_lost
A,BTCUSDT/SOLUSDT,short_a_long_b,2026-04-06T22:30:00,69342.94,80.17,2026-04-06T23:00:00,68780.09,79.8,0.0011017114711615174,2,3.3797822983085193,2.775307542762807,2.9274097405768192e-05,confluence_lost
A,BTCUSDT/SOLUSDT,short_a_long_b,2026-04-07T00:00:00,68873.41,79.87,2026-04-07T00:30:00,68966.33,79.91,-0.0032483280306863514,2,2.6721193669891017,2.6649332345653214,2.2068742426708594e-05,confluence_lost
A,BTCUSDT/SOLUSDT,short_a_long_b,2026-04-07T01:30:00,68751.24,79.53,2026-04-07T02:00:00,68408.85,79.76,0.005472118802269901,2,2.6920364591386674,1.7231829508143366,2.2068742426708594e-05,confluence_lost
A,BTCUSDT/SOLUSDT,long_a_short_b,2026-04-07T22:30:00,70483.19,85.24,2026-04-07T23:00:00,71511.57,86.93,-0.0076359433025945805,2,-2.7316655335938664,-3.0559243078970413,3.61793627025768e-05,regime_break
A,BTCUSDT/SOLUSDT,short_a_long_b,2026-04-12T01:30:00,73003.26,82.31,2026-04-12T02:00:00,71661.62,82.66,0.020230026656886627,2,6.137025144388489,1.274769131871777,-4.169890547970609e-05,confluence_lost
A,BTCUSDT/SOLUSDT,long_a_short_b,2026-04-13T13:30:00,71146.81,83.6,2026-04-13T14:00:00,71686.12,83.0,0.012357274968161039,2,-2.895905592579133,-0.2847556107954442,-2.0379343401428796e-05,z_mean_revert
A,BTCUSDT/SOLUSDT,long_a_short_b,2026-04-13T22:00:00,73249.44,85.67,2026-04-13T22:30:00,74287.96,86.22,0.005357872172483583,2,-2.4688881863387677,-1.0423692041066601,-2.7870600423333505e-05,confluence_lost
A,BTCUSDT/SOLUSDT,long_a_short_b,2026-04-14T13:30:00,74568.37,87.29,2026-04-14T14:00:00,75469.99,87.28,0.009805746238956317,2,-2.927225082503511,-0.17023291582387887,-2.0906906428930144e-05,z_mean_revert
A,BTCUSDT/SOLUSDT,short_a_long_b,2026-04-14T14:30:00,75957.98,86.02,2026-04-14T15:00:00,74942.55,85.44,0.004225694326339971,2,4.176872924357201,2.6697175645992997,-2.0906906428930144e-05,confluence_lost
A,BTCUSDT/SOLUSDT,short_a_long_b,2026-04-14T16:00:00,75356.48,85.68,2026-04-14T16:30:00,75235.79,85.04,-0.008268066980864283,2,2.9896714229435,3.7519970649145433,-2.0906906428930144e-05,regime_break
A,BTCUSDT/SOLUSDT,short_a_long_b,2026-04-14T18:00:00,74780.74,84.94,2026-04-14T18:30:00,74565.99,84.08,-0.009653065235645283,2,2.620227482829103,3.510906094550049,-2.7892038333612333e-05,regime_break
A,BTCUSDT/SOLUSDT,short_a_long_b,2026-04-14T19:00:00,74140.55,84.09,2026-04-14T20:00:00,74243.49,83.56,-0.01009121481643098,3,2.5109315544582107,3.222764620434505,-2.7892038333612333e-05,regime_break
A,BTCUSDT/SOLUSDT,short_a_long_b,2026-04-14T20:30:00,74243.97,83.61,2026-04-14T22:30:00,73861.38,83.51,0.001557116587514187,5,2.9727214142280545,2.0853223370599197,-2.7892038333612333e-05,confluence_lost
A,BTCUSDT/SOLUSDT,short_a_long_b,2026-04-15T00:30:00,74578.58,83.78,2026-04-15T01:30:00,74648.32,83.91,-0.0017834380702713014,3,2.4640990517638506,2.2268743744300767,-4.238936314836514e-05,confluence_lost
A,BTCUSDT/SOLUSDT,short_a_long_b,2026-04-15T02:00:00,74644.68,83.65,2026-04-15T05:30:00,74028.14,83.14,-0.00023716771924368928,8,2.4194636853878624,1.7605558724871198,-4.238936314836514e-05,confluence_lost
A,BTCUSDT/SOLUSDT,long_a_short_b,2026-04-16T14:30:00,73905.29,85.39,2026-04-16T15:00:00,74006.15,86.24,-0.010989607574913227,2,-2.5717824272466396,-3.472641006037392,-4.2663264886332074e-05,regime_break
A,BTCUSDT/SOLUSDT,long_a_short_b,2026-04-16T15:30:00,74218.55,86.62,2026-04-16T16:30:00,74578.65,85.94,0.010302267733139206,3,-3.4522921529439823,-1.7758235401174185,-4.2663264886332074e-05,confluence_lost
A,BTCUSDT/SOLUSDT,long_a_short_b,2026-04-16T17:00:00,74161.33,86.06,2026-04-16T17:30:00,74273.37,86.64,-0.007628723688631919,2,-2.4833177383604434,-2.911843954382404,-3.81269838004805e-05,confluence_lost
A,BTCUSDT/SOLUSDT,long_a_short_b,2026-04-16T18:00:00,74429.97,87.19,2026-04-16T18:30:00,74393.1,89.01,-0.023769318406959658,2,-3.1503023327947735,-4.616881645817576,-3.81269838004805e-05,regime_break
A,BTCUSDT/SOLUSDT,long_a_short_b,2026-04-16T19:00:00,75000.93,89.19,2026-04-16T19:30:00,74998.19,90.1,-0.012639470429377894,2,-3.721666578065956,-4.09749747059216,-3.81269838004805e-05,regime_break
A,BTCUSDT/SOLUSDT,long_a_short_b,2026-04-16T20:00:00,75445.32,89.87,2026-04-16T20:30:00,75103.13,89.59,-0.0038199912997683304,2,-3.2328893783306776,-3.1269343986719607,-3.81269838004805e-05,regime_break
A,BTCUSDT/SOLUSDT,long_a_short_b,2026-04-16T21:00:00,75260.41,88.91,2026-04-17T02:30:00,74574.74,87.86,0.00029906186440715977,12,-2.370637761362387,-1.488432118244348,-3.81269838004805e-05,confluence_lost
A,BTCUSDT/SOLUSDT,short_a_long_b,2026-04-20T14:30:00,75616.48,84.8,2026-04-20T15:30:00,75570.18,85.86,0.010712300387428722,3,2.8062246111545424,-0.3696784920357769,-6.333113419406773e-05,z_mean_revert
A,BTCUSDT/SOLUSDT,short_a_long_b,2026-04-20T19:00:00,76463.42,85.89,2026-04-20T19:30:00,76156.43,85.8,0.0005670090586768618,2,2.330623616095551,1.5485016726021843,-5.535754881760823e-05,confluence_lost
A,BTCUSDT/SOLUSDT,short_a_long_b,2026-04-21T01:30:00,76209.1,85.43,2026-04-21T02:00:00,75871.1,85.26,4.5232600432612135e-05,2,2.3225652965120607,1.7244985280527658,-6.069364908036195e-05,confluence_lost
A,BTCUSDT/SOLUSDT,short_a_long_b,2026-04-21T09:00:00,76539.31,85.61,2026-04-21T10:00:00,76356.66,85.95,0.0039578541124771355,3,2.487395214400772,1.1291551930881343,-6.014839372917041e-05,confluence_lost
A,BTCUSDT/SOLUSDT,short_a_long_b,2026-04-21T19:30:00,75731.48,84.57,2026-04-21T20:00:00,75073.21,85.46,0.016815984551546717,2,2.5377953268298987,-1.6756175483976299,-5.620875067824365e-05,confluence_lost
A,BTCUSDT/SOLUSDT,long_a_short_b,2026-04-22T02:00:00,76308.0,87.24,2026-04-22T02:30:00,77241.38,87.42,0.00776847130563825,2,-2.6290444490659466,-0.43291883149377075,-4.8689028305300616e-05,z_mean_revert
A,BTCUSDT/SOLUSDT,short_a_long_b,2026-04-22T15:00:00,79000.94,88.13,2026-04-22T15:30:00,79249.71,88.18,-0.004981606176442985,2,2.6925069866338243,3.1227506402182064,-2.995813312634493e-05,regime_break
A,BTCUSDT/SOLUSDT,short_a_long_b,2026-04-22T16:00:00,79324.3,87.89,2026-04-22T16:30:00,78862.31,87.65,0.0006933804369814857,2,3.7360963663037694,2.913074964149077,-2.4965214653823832e-05,confluence_lost
A,BTCUSDT/SOLUSDT,short_a_long_b,2026-04-22T17:30:00,78851.23,87.83,2026-04-22T18:00:00,78951.99,88.17,0.00019326521456038094,2,2.32609050749897,1.7691095250463993,-2.4965214653823832e-05,confluence_lost
A,BTCUSDT/SOLUSDT,short_a_long_b,2026-04-22T19:00:00,78876.48,87.68,2026-04-22T19:30:00,79040.01,87.37,-0.008008825546708051,2,2.464912114595764,3.2557751052886577,-2.4965214653823832e-05,regime_break
A,BTCUSDT/SOLUSDT,short_a_long_b,2026-04-22T20:00:00,78842.9,87.29,2026-04-22T20:30:00,78593.43,87.14,-0.0009542695632740882,2,2.8247488122010718,2.473874322052139,-2.4965214653823832e-05,confluence_lost
A,BTCUSDT/SOLUSDT,short_a_long_b,2026-04-22T22:00:00,78810.83,87.32,2026-04-22T22:30:00,78587.6,87.43,0.0016922130447863527,2,2.3810264754370647,1.7152227328153107,-2.4965214653823832e-05,confluence_lost
A,BTCUSDT/SOLUSDT,short_a_long_b,2026-04-23T01:00:00,78401.17,86.19,2026-04-23T03:30:00,77628.01,85.79,0.0028206779064929434,6,2.9199020560984756,1.8334920780602197,-3.69062780640852e-05,confluence_lost
A,BTCUSDT/SOLUSDT,long_a_short_b,2026-04-24T20:30:00,77556.6,86.85,2026-04-24T21:30:00,77607.57,86.46,0.002747698316772642,3,-3.0692175759543443,-2.0243201434893097,-4.61407183089143e-05,confluence_lost
A,BTCUSDT/SOLUSDT,short_a_long_b,2026-04-27T00:00:00,78784.27,86.72,2026-04-27T00:30:00,78451.65,87.35,0.009086668911876442,2,3.1707696494245434,-0.9384187796578455,-2.0903125367304103e-05,confluence_lost
A,BTCUSDT/SOLUSDT,short_a_long_b,2026-04-27T01:00:00,79414.91,87.42,2026-04-27T01:30:00,78906.95,87.82,0.008571891981369165,2,2.9786886785880764,-0.7893836213321268,-1.5704653063458747e-05,confluence_lost
A,BTCUSDT/SOLUSDT,short_a_long_b,2026-04-27T05:00:00,78890.75,86.16,2026-04-27T05:30:00,77756.59,85.95,0.009539010990985045,2,4.7655429568894645,1.1876091865295726,-1.5704653063458747e-05,confluence_lost
A,BTCUSDT/SOLUSDT,short_a_long_b,2026-04-27T07:30:00,77663.01,85.27,2026-04-27T08:00:00,77650.0,85.11,-0.004108874018509831,2,2.853219754195606,3.1595049443450915,-1.5704653063458747e-05,regime_break
A,BTCUSDT/SOLUSDT,short_a_long_b,2026-04-27T09:00:00,77801.42,85.33,2026-04-27T10:00:00,77899.34,85.21,-0.005064893787306277,3,2.8198454977766425,3.2242200185007834,-3.145695238269013e-05,regime_break
A,BTCUSDT/SOLUSDT,short_a_long_b,2026-04-27T10:30:00,77823.46,85.18,2026-04-27T15:00:00,77775.0,84.17,-0.013634552074880443,10,2.907865598976723,3.9661076292632433,-3.145695238269013e-05,regime_break
A,BTCUSDT/SOLUSDT,long_a_short_b,2026-04-29T09:30:00,77127.73,85.29,2026-04-29T10:00:00,77658.75,85.53,0.001671013730558404,2,-2.5623953434205253,-1.2813926256688986,-1.4126984163568698e-05,confluence_lost
A,BTCUSDT/SOLUSDT,short_a_long_b,2026-04-29T12:00:00,77578.16,84.15,2026-04-29T13:30:00,76836.67,84.0,0.005375442338461281,4,3.1912947904427296,0.8570277982931045,-1.4126984163568698e-05,confluence_lost
A,BTCUSDT/SOLUSDT,short_a_long_b,2026-04-29T18:00:00,76103.73,81.76,2026-04-29T18:30:00,75018.39,82.3,0.018466021315227524,2,5.138380214834739,-0.2284517132962289,-3.052098793886765e-06,z_mean_revert
A,BTCUSDT/SOLUSDT,short_a_long_b,2026-05-01T14:00:00,78710.39,84.17,2026-05-01T14:30:00,78168.0,84.22,0.005084993985806266,2,4.133628945653724,2.4279392068844965,-2.0621888337293683e-05,confluence_lost
A,BTCUSDT/SOLUSDT,short_a_long_b,2026-05-01T15:00:00,78304.0,84.37,2026-05-01T15:30:00,78572.01,84.47,-0.004637430519426153,2,2.326279638095474,2.6412978788463284,-2.0621888337293683e-05,confluence_lost
A,BTCUSDT/SOLUSDT,short_a_long_b,2026-05-01T16:00:00,78534.64,84.29,2026-05-01T16:30:00,78306.85,83.99,-0.0030586375375928764,2,2.8137107581308953,2.791112127297198,-2.30236909290062e-05,confluence_lost
A,BTCUSDT/SOLUSDT,short_a_long_b,2026-05-01T17:00:00,78272.9,83.99,2026-05-01T17:30:00,78216.14,84.23,0.0011826382278931759,2,2.58718060425861,1.9144511383551228,-2.30236909290062e-05,confluence_lost
A,BTCUSDT/SOLUSDT,short_a_long_b,2026-05-01T18:00:00,78549.68,84.18,2026-05-01T18:30:00,78539.99,83.99,-0.004533706768050136,2,2.71341149155312,2.917140232043644,-2.30236909290062e-05,confluence_lost
A,BTCUSDT/SOLUSDT,short_a_long_b,2026-05-01T19:00:00,78426.83,83.94,2026-05-01T19:30:00,78384.1,83.9,-0.0023316917996567964,2,2.6457226193636747,2.5176015782857766,-2.30236909290062e-05,confluence_lost
A,BTCUSDT/SOLUSDT,short_a_long_b,2026-05-01T20:00:00,78366.32,83.8,2026-05-01T20:30:00,78133.05,83.49,-0.0031226226070460304,2,2.5436662858135852,2.5309995880492533,-2.30236909290062e-05,confluence_lost
A,BTCUSDT/SOLUSDT,short_a_long_b,2026-05-03T21:30:00,78917.43,84.14,2026-05-03T22:00:00,78973.85,84.58,0.002114455158437292,2,2.48766839299297,-0.08472850564483915,-1.019808485628066e-05,z_mean_revert
A,BTCUSDT/SOLUSDT,short_a_long_b,2026-05-03T23:00:00,79133.1,84.07,2026-05-04T00:00:00,78471.16,83.44,-0.0015288611204841572,3,4.10675494110169,3.3470180435359196,-1.019808485628066e-05,regime_break
A,BTCUSDT/SOLUSDT,short_a_long_b,2026-05-04T01:00:00,78512.13,83.58,2026-05-04T02:00:00,79812.59,85.05,-0.0013758702503650498,3,2.641500943852182,2.059800144533718,1.6326006673372642e-06,confluence_lost
A,BTCUSDT/SOLUSDT,short_a_long_b,2026-05-04T03:00:00,80163.51,85.3,2026-05-04T03:30:00,80094.23,85.41,-0.000246200148667539,2,2.5654834483899247,1.6070977165399012,1.6326006673372642e-06,confluence_lost
A,BTCUSDT/SOLUSDT,short_a_long_b,2026-05-04T05:00:00,80391.13,85.41,2026-05-04T06:00:00,80040.0,84.8,-0.005174250416227252,3,2.960360958868965,3.7091441257904703,1.6326006673372642e-06,regime_break
A,BTCUSDT/SOLUSDT,short_a_long_b,2026-05-04T07:00:00,79835.47,84.86,2026-05-04T10:00:00,79817.21,83.55,-0.017608470274904572,7,2.352655565995853,5.7205735256900985,1.6326006673372642e-06,regime_break
A,BTCUSDT/SOLUSDT,short_a_long_b,2026-05-04T15:00:00,80279.79,84.48,2026-05-04T15:30:00,79670.16,84.47,0.0050754453636318725,2,3.7523390414143094,1.8743063643282243,9.186894079289834e-07,confluence_lost
A,BTCUSDT/SOLUSDT,short_a_long_b,2026-05-04T16:00:00,80076.27,84.55,2026-05-04T16:30:00,80241.14,84.49,-0.0051685513513973075,2,2.7199768977395227,3.1483487445495,9.186894079289834e-07,regime_break
A,BTCUSDT/SOLUSDT,short_a_long_b,2026-05-04T17:30:00,80426.27,84.93,2026-05-04T18:00:00,80325.0,84.82,-0.002436018576397789,2,2.367579342611186,2.287205859749039,-6.307686016055235e-06,confluence_lost
A,BTCUSDT/SOLUSDT,short_a_long_b,2026-05-04T19:00:00,80103.41,84.49,2026-05-04T19:30:00,79950.59,84.44,-0.0010840020594079934,2,2.343204040907723,2.019474791310648,-6.307686016055235e-06,confluence_lost
A,BTCUSDT/SOLUSDT,short_a_long_b,2026-05-04T20:00:00,79991.01,84.25,2026-05-04T20:30:00,80021.29,84.09,-0.004677652331002521,2,2.4495498647278082,2.74143179320264,-6.307686016055235e-06,confluence_lost
A,BTCUSDT/SOLUSDT,short_a_long_b,2026-05-04T21:30:00,80244.28,84.43,2026-05-04T22:00:00,80350.95,84.33,-0.004913729057093683,2,2.3707416596300512,2.678792250735908,-6.307686016055235e-06,confluence_lost
A,BTCUSDT/SOLUSDT,short_a_long_b,2026-05-04T22:30:00,80234.6,84.22,2026-05-04T23:00:00,80034.28,84.22,9.66784903271979e-05,2,2.5446489564083854,2.0595176273847504,-6.307686016055235e-06,confluence_lost
A,BTCUSDT/SOLUSDT,long_a_short_b,2026-05-06T05:30:00,81243.26,87.41,2026-05-06T07:30:00,81537.34,87.7,-0.0020979517781325873,5,-2.347417943129674,-2.05809515883001,-4.350949460822262e-05,confluence_lost
A,BTCUSDT/SOLUSDT,long_a_short_b,2026-05-06T08:00:00,81357.97,87.87,2026-05-06T08:30:00,81600.0,89.02,-0.012512638079268654,2,-2.4755566329682646,-3.424009674961462,-4.750738469528426e-05,regime_break
A,BTCUSDT/SOLUSDT,long_a_short_b,2026-05-06T09:00:00,81894.4,88.81,2026-05-06T09:30:00,81760.01,89.48,-0.011585211220591238,2,-2.634759642371378,-3.3910301840717203,-4.750738469528426e-05,regime_break
A,BTCUSDT/SOLUSDT,long_a_short_b,2026-05-06T10:00:00,81980.01,89.52,2026-05-06T10:30:00,82193.25,89.38,0.0017650182436598906,2,-2.987966204643522,-2.491508913825776,-4.750738469528426e-05,confluence_lost
A,BTCUSDT/SOLUSDT,long_a_short_b,2026-05-06T11:00:00,82304.8,89.6,2026-05-06T11:30:00,82688.28,89.87,-0.0007541263259079199,2,-2.488435563899056,-2.255204010967282,-4.750738469528426e-05,confluence_lost
A,BTCUSDT/SOLUSDT,long_a_short_b,2026-05-08T15:30:00,79653.62,89.59,2026-05-08T16:00:00,80179.45,89.6,0.0040898380609075274,2,-2.9376609747469895,-1.991914064823742,-3.3916731155510206e-05,confluence_lost
A,BTCUSDT/SOLUSDT,long_a_short_b,2026-05-08T16:30:00,79862.19,89.59,2026-05-08T17:00:00,79836.96,90.32,-0.010864150039663165,2,-2.427063242954517,-3.3388186540467273,-2.9806346454285713e-05,regime_break
A,BTCUSDT/SOLUSDT,long_a_short_b,2026-05-08T17:30:00,80146.59,91.65,2026-05-08T18:00:00,80181.46,92.3,-0.009057120807196825,2,-4.242942453258925,-4.449269079309422,-2.9806346454285713e-05,regime_break
A,BTCUSDT/SOLUSDT,long_a_short_b,2026-05-08T18:30:00,80249.99,92.32,2026-05-08T19:00:00,80072.31,92.75,-0.00927179357780876,2,-3.974193434849213,-4.159053206879269,-2.9806346454285713e-05,regime_break
A,BTCUSDT/SOLUSDT,long_a_short_b,2026-05-08T19:30:00,80054.81,92.6,2026-05-08T20:00:00,80142.0,92.48,-1.4974861082748137e-05,2,-3.6962953414633435,-3.2654231079807055,-2.9806346454285713e-05,regime_break
A,BTCUSDT/SOLUSDT,long_a_short_b,2026-05-08T20:30:00,80226.71,92.11,2026-05-09T02:00:00,80349.78,93.45,-0.015413795497714086,12,-2.732912823574595,-2.4572944627989273,-2.9806346454285713e-05,confluence_lost
A,BTCUSDT/SOLUSDT,long_a_short_b,2026-05-09T02:30:00,80428.65,93.51,2026-05-09T03:00:00,80410.33,93.67,-0.004338826475662791,2,-2.347743793948843,-2.369532975646004,-1.909160279777778e-05,confluence_lost
A,BTCUSDT/SOLUSDT,long_a_short_b,2026-05-10T17:00:00,81385.21,95.93,2026-05-10T17:30:00,81365.44,96.49,-0.008480508739401024,2,-3.3302785860236988,-4.110216456594778,1.6218796792117542e-05,regime_break
A,BTCUSDT/SOLUSDT,long_a_short_b,2026-05-10T18:00:00,81434.5,96.61,2026-05-10T18:30:00,81355.26,96.44,-0.0016133997520902253,2,-3.8193430930015504,-3.4326380060843023,1.6218796792117542e-05,regime_break
A,BTCUSDT/SOLUSDT,long_a_short_b,2026-05-10T19:00:00,81224.55,96.81,2026-05-10T19:30:00,81470.01,96.47,0.004134026615752531,2,-3.8730924917399263,-2.7983344199829454,1.6218796792117542e-05,confluence_lost
A,BTCUSDT/SOLUSDT,long_a_short_b,2026-05-10T22:00:00,80890.89,95.75,2026-05-10T22:30:00,81470.71,96.23,-0.0002451277621094293,2,-2.448654929738302,-2.108627634803806,1.6218796792117542e-05,confluence_lost
A,BTCUSDT/SOLUSDT,long_a_short_b,2026-05-11T16:00:00,81408.98,97.44,2026-05-11T16:30:00,81857.36,97.35,0.004031391517238261,2,-2.4705469256284527,-1.7953379450597156,3.002758202976175e-05,confluence_lost
A,BTCUSDT/SOLUSDT,long_a_short_b,2026-05-11T17:30:00,81598.77,97.77,2026-05-11T18:00:00,81925.44,97.58,0.003546705570191502,2,-2.3586418460160967,-1.752198981660379,3.002758202976175e-05,confluence_lost
A,BTCUSDT/SOLUSDT,short_a_long_b,2026-05-13T13:30:00,80166.85,92.28,2026-05-13T14:00:00,79533.64,92.23,0.004956822159794386,2,3.1624878557225484,2.166298570006565,4.1691929942491926e-05,confluence_lost
A,BTCUSDT/SOLUSDT,short_a_long_b,2026-05-13T14:30:00,79847.42,91.78,2026-05-13T15:00:00,79810.12,90.87,-0.011847873209720292,2,3.085612039277752,3.8535933156806466,4.1691929942491926e-05,regime_break
A,BTCUSDT/SOLUSDT,short_a_long_b,2026-05-13T15:30:00,79237.16,90.43,2026-05-13T16:00:00,79020.4,90.94,0.005975306503828229,2,3.3472417002870727,2.3879551799960197,4.1691929942491926e-05,confluence_lost
A,BTCUSDT/SOLUSDT,short_a_long_b,2026-05-13T16:30:00,79054.6,90.87,2026-05-13T17:00:00,79238.6,90.98,-0.0035169847699843414,2,2.411142797078786,2.4268561143883676,3.631372328860483e-05,confluence_lost
A,BTCUSDT/SOLUSDT,short_a_long_b,2026-05-13T17:30:00,79342.86,90.89,2026-05-13T18:00:00,79555.05,91.32,-0.0003433492110483248,2,2.5576547984779276,2.276278623661658,3.631372328860483e-05,confluence_lost
A,BTCUSDT/SOLUSDT,short_a_long_b,2026-05-13T18:30:00,79772.94,90.93,2026-05-13T19:00:00,79610.35,90.67,-0.003221182544186949,2,2.7871618138291696,2.7325386717740088,3.631372328860483e-05,confluence_lost
A,BTCUSDT/SOLUSDT,short_a_long_b,2026-05-13T21:00:00,79705.72,90.9,2026-05-13T21:30:00,79441.41,90.89,0.0008060621740747088,2,2.314302436870364,1.99135705331998,3.631372328860483e-05,confluence_lost
A,BTCUSDT/SOLUSDT,short_a_long_b,2026-05-15T13:30:00,79896.63,88.9,2026-05-15T14:00:00,78719.42,89.11,0.014696368105267935,2,3.6184523762279683,0.9970322449609694,1.0561939191376337e-05,confluence_lost
A,BTCUSDT/SOLUSDT,short_a_long_b,2026-05-16T07:00:00,78617.98,87.37,2026-05-16T07:30:00,78409.94,87.47,0.0013907716370276792,2,2.7218416725259016,2.1077858643711176,1.781598790589433e-05,confluence_lost
A,BTCUSDT/SOLUSDT,short_a_long_b,2026-05-16T09:00:00,78440.8,85.98,2026-05-16T09:30:00,78031.01,86.05,0.003638337375727565,2,3.9302929387322325,3.0014948809303923,1.3390212815695588e-05,regime_break
A,BTCUSDT/SOLUSDT,short_a_long_b,2026-05-16T10:00:00,78096.95,85.7,2026-05-16T10:30:00,77799.99,86.01,0.00501972277773273,2,3.339265254013542,2.4147468063294184,1.3390212815695588e-05,confluence_lost
A,BTCUSDT/SOLUSDT,short_a_long_b,2026-05-16T11:00:00,78076.37,86.19,2026-05-16T11:30:00,78118.16,86.11,-0.003863427094507308,2,2.4656692745127704,2.511370087086525,1.3390212815695588e-05,confluence_lost
A,BTCUSDT/SOLUSDT,short_a_long_b,2026-05-16T12:00:00,78070.53,86.16,2026-05-16T12:30:00,78008.85,86.26,-0.00044931377765293533,2,2.311984097671777,2.0605100304375528,1.3390212815695588e-05,confluence_lost
A,BTCUSDT/SOLUSDT,short_a_long_b,2026-05-18T10:00:00,76938.01,84.37,2026-05-18T10:30:00,76848.18,84.26,-0.0025362176238692834,2,2.4055155999510163,2.3485764120518584,2.1560646482965692e-05,confluence_lost
A,BTCUSDT/SOLUSDT,short_a_long_b,2026-05-18T18:00:00,76690.84,83.83,2026-05-18T18:30:00,76359.99,83.53,-0.0016645965839734854,2,2.5233202647079596,2.2668520906112524,3.272050282008442e-05,confluence_lost
A,BTCUSDT/SOLUSDT,long_a_short_b,2026-05-20T16:30:00,77049.99,86.49,2026-05-20T17:00:00,77315.23,86.79,-0.0024261686669331682,2,-3.6106441490352896,-3.3709296514910827,5.364930431840997e-05,regime_break
A,BTCUSDT/SOLUSDT,long_a_short_b,2026-05-21T15:00:00,76976.01,86.81,2026-05-21T16:30:00,77218.57,86.26,0.0070867872389659,4,-2.7869233122350785,-1.377447424571836,4.467723347656899e-05,confluence_lost
A,BTCUSDT/SOLUSDT,long_a_short_b,2026-05-21T17:00:00,77292.02,87.82,2026-05-21T17:30:00,77972.0,87.59,0.00901653808389509,2,-3.383193110855454,-1.8949366449204965,4.8371181592886996e-05,confluence_lost
A,BTCUSDT/SOLUSDT,long_a_short_b,2026-05-21T19:00:00,77395.95,87.43,2026-05-21T20:00:00,77731.53,87.69,-0.0010379218250489573,3,-2.375803066401151,-2.0449238093307724,4.8371181592886996e-05,confluence_lost
A,BTCUSDT/SOLUSDT,short_a_long_b,2026-05-23T07:30:00,75255.39,82.25,2026-05-23T08:00:00,74614.86,82.07,0.003922967075069075,2,4.1316418207850605,2.9191861832696437,2.928454915478154e-05,confluence_lost
A,BTCUSDT/SOLUSDT,short_a_long_b,2026-05-23T08:30:00,74600.0,82.13,2026-05-23T09:00:00,74666.81,82.09,-0.0037826091604592914,2,2.6638655492174665,2.744916038584223,2.5054649342607862e-05,confluence_lost
A,BTCUSDT/SOLUSDT,short_a_long_b,2026-05-23T09:30:00,74726.2,82.01,2026-05-23T11:30:00,74838.18,82.31,-0.000240446850163598,5,2.8818195483299727,2.3751342206832566,2.5054649342607862e-05,confluence_lost
A,BTCUSDT/SOLUSDT,long_a_short_b,2026-05-23T20:30:00,76057.2,87.08,2026-05-23T21:00:00,77343.42,86.34,0.02300915238585595,2,-2.9436229958175693,0.2617895765298938,3.602250504425056e-05,z_mean_revert
A,BTCUSDT/SOLUSDT,short_a_long_b,2026-05-24T21:30:00,76533.69,83.97,2026-05-24T22:00:00,76307.12,85.07,0.013660312248290965,2,2.3737160296584534,0.09330663584807754,5.390060251053216e-05,z_mean_revert
A,BTCUSDT/SOLUSDT,short_a_long_b,2026-05-26T00:00:00,77331.46,84.71,2026-05-26T01:00:00,76717.64,84.32,0.0009335770018945168,3,2.390271774071633,1.7207803108938167,5.168512522904857e-05,confluence_lost
A,BTCUSDT/SOLUSDT,short_a_long_b,2026-05-26T17:00:00,76555.98,83.48,2026-05-26T17:30:00,75979.67,83.59,0.006445636241895605,2,2.57883945306266,0.9051258552571926,5.075964365707877e-05,confluence_lost
A,BTCUSDT/SOLUSDT,long_a_short_b,2026-05-27T14:30:00,74968.96,83.91,2026-05-27T15:00:00,75021.32,84.48,-0.00849457010487735,2,-2.977555089107968,-3.919014885166135,6.787484616292419e-05,regime_break
A,BTCUSDT/SOLUSDT,long_a_short_b,2026-05-27T15:30:00,75461.95,84.44,2026-05-27T16:00:00,75358.0,84.15,-0.00034312413958419207,2,-2.5658343052048083,-2.1020392605215013,6.787484616292419e-05,confluence_lost
A,BTCUSDT/SOLUSDT,long_a_short_b,2026-05-27T16:30:00,75093.53,84.18,2026-05-27T17:00:00,75308.68,83.74,0.005691988453158506,2,-2.738005730921375,-1.2267958709884659,7.482265812671881e-05,confluence_lost
A,BTCUSDT/SOLUSDT,long_a_short_b,2026-05-27T18:30:00,74895.57,83.94,2026-05-27T19:00:00,75011.4,83.95,-0.0009725792928599185,2,-2.5134883704633006,-2.19133644047848,7.482265812671881e-05,confluence_lost
A,BTCUSDT/SOLUSDT,long_a_short_b,2026-05-28T18:00:00,73524.7,82.63,2026-05-28T18:30:00,73593.13,82.9,-0.004736870721624473,2,-2.4772628395259764,-2.7451147950467423,7.953090773314754e-05,confluence_lost
A,BTCUSDT/SOLUSDT,long_a_short_b,2026-05-29T15:00:00,73019.77,82.63,2026-05-29T15:30:00,73816.07,82.59,0.008989351476251753,2,-2.6980593760471216,-0.9400038225274173,7.737524048054605e-05,confluence_lost
A,BTCUSDT/SOLUSDT,short_a_long_b,2026-05-31T14:00:00,73846.18,82.0,2026-05-31T14:30:00,73621.98,81.96,0.00014823571335338638,2,3.0058389672112993,2.0359461055259884,5.773105478744727e-05,confluence_lost
A,BTCUSDT/SOLUSDT,short_a_long_b,2026-05-31T15:30:00,73731.28,81.88,2026-05-31T16:00:00,73644.92,81.75,-0.0028164089438803973,2,2.896970641490804,2.913166014365311,5.773105478744727e-05,confluence_lost
A,BTCUSDT/SOLUSDT,short_a_long_b,2026-05-31T16:30:00,73600.0,81.59,2026-05-31T17:00:00,73544.02,81.73,7.649438203745319e-05,2,3.193245977989621,2.280142876475749,5.8208598168014547e-05,confluence_lost
A,BTCUSDT/SOLUSDT,short_a_long_b,2026-05-31T18:00:00,73696.13,81.73,2026-05-31T18:30:00,73639.66,81.76,-0.0012666831029692215,2,2.76171387460615,2.3802644714394097,5.8208598168014547e-05,confluence_lost
A,BTCUSDT/SOLUSDT,short_a_long_b,2026-05-31T19:00:00,73614.0,81.53,2026-05-31T19:30:00,73534.0,81.58,-0.000699979008453797,2,2.9586519755645972,2.3688899700138806,5.8208598168014547e-05,confluence_lost
A,BTCUSDT/SOLUSDT,short_a_long_b,2026-06-01T07:30:00,72962.01,80.74,2026-06-01T08:00:00,72823.58,80.66,-0.001493546038585356,2,2.5280894925208792,2.2130084894724424,5.794668746401131e-05,confluence_lost
A,BTCUSDT/SOLUSDT,long_a_short_b,2026-06-01T16:30:00,71069.24,80.41,2026-06-01T21:30:00,71150.01,80.68,-0.004621294010666285,11,-2.836714304914729,-2.3507294496594193,6.494700846588339e-05,confluence_lost
A,BTCUSDT/SOLUSDT,long_a_short_b,2026-06-01T22:00:00,70981.99,80.94,2026-06-01T22:30:00,71301.23,81.4,-0.0035857432723301196,2,-3.075879848937729,-3.063936189257834,6.494700846588339e-05,regime_break
A,BTCUSDT/SOLUSDT,long_a_short_b,2026-06-01T23:00:00,71391.99,81.16,2026-06-01T23:30:00,71256.0,81.28,-0.005783396409897154,2,-2.339230059782876,-2.6930840685610407,6.494700846588339e-05,confluence_lost
A,BTCUSDT/SOLUSDT,long_a_short_b,2026-06-02T02:00:00,70630.01,80.51,2026-06-02T02:30:00,70779.76,80.78,-0.0036334170890531124,2,-2.3225942834689577,-2.387625338809161,7.273656214013153e-05,confluence_lost
A,BTCUSDT/SOLUSDT,long_a_short_b,2026-06-02T03:00:00,70846.48,80.9,2026-06-02T03:30:00,70925.01,80.92,-0.0015387656939929583,2,-2.3637063573078034,-2.1825612670286993,7.273656214013153e-05,confluence_lost
A,BTCUSDT/SOLUSDT,short_a_long_b,2026-06-02T22:30:00,67138.95,73.67,2026-06-02T23:00:00,66323.37,73.07,0.0016032152057112305,2,2.550211789826668,2.10457221502835,7.289866104773388e-05,confluence_lost
A,BTCUSDT/SOLUSDT,short_a_long_b,2026-06-03T15:30:00,66671.69,73.31,2026-06-03T16:00:00,66104.0,72.4,-0.0062983320961695205,2,2.418664714170918,2.6823427805434488,6.810314063381432e-05,confluence_lost
A,BTCUSDT/SOLUSDT,short_a_long_b,2026-06-03T19:00:00,66048.0,72.08,2026-06-03T19:30:00,65700.27,71.99,0.0016161947601824457,2,2.652406416768592,2.214976489326205,7.519133160407781e-05,confluence_lost
A,BTCUSDT/SOLUSDT,short_a_long_b,2026-06-03T20:30:00,65556.77,71.23,2026-06-03T21:00:00,64971.03,71.78,0.014256317101819141,2,2.7452559228903106,1.3564570277210382,7.519133160407781e-05,confluence_lost
A,BTCUSDT/SOLUSDT,short_a_long_b,2026-06-04T09:00:00,63590.0,67.92,2026-06-04T10:30:00,62620.01,67.89,0.0124121173796133,4,3.0363525967196203,1.8690298554107514,5.353697837777546e-05,confluence_lost
A,BTCUSDT/SOLUSDT,short_a_long_b,2026-06-04T21:00:00,63677.78,68.32,2026-06-05T00:30:00,63927.23,68.31,-0.006463749052650389,8,2.340852595196537,2.2133937665584886,3.92465387382698e-05,confluence_lost
A,BTCUSDT/SOLUSDT,short_a_long_b,2026-06-05T05:30:00,63531.35,66.24,2026-06-05T06:00:00,62233.0,64.65,-0.005967255946091418,2,3.277607593662142,3.2828900772066336,3.344730790754318e-05,regime_break
A,BTCUSDT/SOLUSDT,short_a_long_b,2026-06-05T08:00:00,63090.87,65.93,2026-06-05T09:00:00,62490.0,66.41,0.014404330942675195,3,2.582600669506613,1.4937022815310232,3.344730790754318e-05,confluence_lost
A,BTCUSDT/SOLUSDT,short_a_long_b,2026-06-05T13:30:00,61935.2,64.32,2026-06-05T14:00:00,60948.27,64.87,0.02208587535141067,2,2.4532244909116074,1.0871935842425537,2.283457281697803e-05,confluence_lost
A,BTCUSDT/SOLUSDT,short_a_long_b,2026-06-06T04:00:00,60716.27,61.22,2026-06-06T04:30:00,59886.0,60.88,0.00572084776874944,2,3.1269770330711006,2.5839085711915657,9.57967985224597e-06,confluence_lost
A,BTCUSDT/SOLUSDT,long_a_short_b,2026-06-07T22:00:00,61810.0,66.26,2026-06-07T22:30:00,62961.95,65.83,0.022726538427035606,2,-2.9072955744898406,-0.8636481381264035,7.362818325063895e-06,confluence_lost
A,BTCUSDT/SOLUSDT,short_a_long_b,2026-06-10T08:00:00,61662.0,63.86,2026-06-10T08:30:00,61556.71,63.61,-0.004607279030628117,2,2.730381738828471,3.0018577875878583,9.599933399501043e-06,regime_break
A,BTCUSDT/SOLUSDT,short_a_long_b,2026-06-10T09:00:00,61277.99,63.48,2026-06-10T11:30:00,60982.0,63.49,0.0025878123861002435,6,2.51623245217353,1.4952534026335549,-5.560735594363329e-08,confluence_lost
A,BTCUSDT/SOLUSDT,short_a_long_b,2026-06-10T17:00:00,62205.34,64.1,2026-06-10T17:30:00,61861.8,64.04,0.002186639550541949,2,2.61825915522812,1.954520463378873,5.605638723154952e-06,confluence_lost
A,BTCUSDT/SOLUSDT,short_a_long_b,2026-06-10T18:30:00,62012.0,63.84,2026-06-10T19:00:00,61861.76,63.64,-0.0031100751944365544,2,2.4869369217280326,2.4894618066994507,5.605638723154952e-06,confluence_lost
A,BTCUSDT/SOLUSDT,short_a_long_b,2026-06-10T19:30:00,61852.54,63.56,2026-06-10T20:00:00,61892.98,63.6,-0.0024244864646055108,2,2.52040163864334,2.4187623508391627,5.605638723154952e-06,confluence_lost
A,BTCUSDT/SOLUSDT,short_a_long_b,2026-06-10T20:30:00,61842.01,63.33,2026-06-10T21:00:00,61746.44,62.99,-0.006223314001379585,2,2.7124456651578916,3.0058817705024845,5.605638723154952e-06,regime_break
A,BTCUSDT/SOLUSDT,short_a_long_b,2026-06-10T21:30:00,61643.04,62.59,2026-06-10T22:00:00,61272.0,62.61,0.003938710883365018,2,3.2934207403713116,2.5144002708853046,5.605638723154952e-06,confluence_lost
A,BTCUSDT/SOLUSDT,long_a_short_b,2026-06-11T17:30:00,63046.0,67.15,2026-06-11T18:00:00,63670.0,66.76,0.013305427910441606,2,-2.402515407313,-0.7051077501363124,1.1991459646148352e-05,confluence_lost
A,BTCUSDT/SOLUSDT,long_a_short_b,2026-06-13T15:00:00,64210.64,68.55,2026-06-13T15:30:00,64298.6,68.6,-0.0017595281753582247,2,-2.6066870381776375,-2.3919282361308563,1.5432509649152657e-05,confluence_lost
A,BTCUSDT/SOLUSDT,long_a_short_b,2026-06-13T21:30:00,64268.92,69.27,2026-06-13T22:00:00,64430.55,69.13,0.002135978393762741,2,-3.683575934069034,-2.7357934221531246,1.408750750489651e-05,confluence_lost
A,BTCUSDT/SOLUSDT,long_a_short_b,2026-06-14T21:00:00,64010.61,69.27,2026-06-14T21:30:00,64750.0,70.16,-0.003697221064602727,2,-3.387747425469205,-3.3690916571114577,-1.4739238581372424e-05,regime_break
A,BTCUSDT/SOLUSDT,long_a_short_b,2026-06-14T22:30:00,65264.0,70.45,2026-06-14T23:30:00,65714.84,71.28,-0.007273462128637262,3,-2.6308341361102427,-2.995827479726939,-1.4739238581372424e-05,confluence_lost
A,BTCUSDT/SOLUSDT,long_a_short_b,2026-06-15T00:00:00,65749.99,71.6,2026-06-15T00:30:00,65771.3,71.12,0.004628017127697073,2,-3.293313221326547,-2.3040817382735765,-1.4739238581372424e-05,confluence_lost
A,BTCUSDT/SOLUSDT,long_a_short_b,2026-06-15T01:30:00,65402.01,71.01,2026-06-15T02:00:00,65466.74,71.28,-0.005212556435290991,2,-2.5964956622995445,-2.780483507002928,-5.223852229956331e-06,confluence_lost
A,BTCUSDT/SOLUSDT,long_a_short_b,2026-06-15T03:00:00,65457.77,71.2,2026-06-15T03:30:00,65714.74,71.24,0.0009639394056674823,2,-2.501487219652302,-2.0668712200438484,-5.223852229956331e-06,confluence_lost
A,BTCUSDT/SOLUSDT,long_a_short_b,2026-06-15T11:00:00,65919.99,72.68,2026-06-15T11:30:00,66264.01,72.61,0.0037818768236000523,2,-2.815376878848342,-2.183921268916912,-2.682996178854924e-06,confluence_lost
A,BTCUSDT/SOLUSDT,long_a_short_b,2026-06-15T13:00:00,66562.0,73.93,2026-06-15T13:30:00,66705.19,73.64,0.003673856941466116,2,-2.964207737330359,-2.382786721189463,-2.682996178854924e-06,confluence_lost
A,BTCUSDT/SOLUSDT,long_a_short_b,2026-06-15T14:00:00,66392.01,73.84,2026-06-15T14:30:00,66537.97,73.82,6.931321902554867e-05,2,-2.7977097112445906,-2.50014458301618,-2.682996178854924e-06,confluence_lost
A,BTCUSDT/SOLUSDT,long_a_short_b,2026-06-15T15:00:00,66648.0,74.07,2026-06-15T15:30:00,66695.99,75.25,-0.01761082458373879,2,-2.5070568473722052,-3.301059655056623,-2.682996178854924e-06,regime_break
A,BTCUSDT/SOLUSDT,long_a_short_b,2026-06-15T16:00:00,67178.0,75.77,2026-06-15T16:30:00,67234.0,75.48,0.0022609785510790538,2,-3.082741329667535,-2.6590070083649406,-2.682996178854924e-06,confluence_lost
A,BTCUSDT/SOLUSDT,long_a_short_b,2026-06-15T17:30:00,66844.0,75.28,2026-06-15T18:00:00,66814.24,75.41,-0.004572102017347743,2,-2.6138067664155966,-2.6063807779722237,-1.559566369466494e-05,confluence_lost
A,BTCUSDT/SOLUSDT,long_a_short_b,2026-06-15T18:30:00,66783.15,75.3,2026-06-15T19:00:00,66782.0,74.93,0.0024964587063499156,2,-2.444810865776044,-2.1120804783205505,-1.559566369466494e-05,confluence_lost
A,BTCUSDT/SOLUSDT,long_a_short_b,2026-06-15T19:30:00,66580.0,75.28,2026-06-15T20:00:00,66514.0,75.05,-0.00033602831396011045,2,-2.4026319057179353,-2.215355933971142,-1.559566369466494e-05,confluence_lost
A,BTCUSDT/SOLUSDT,short_a_long_b,2026-06-17T19:00:00,65613.99,72.03,2026-06-17T19:30:00,64488.36,71.66,0.009618586740989213,2,3.1442868011708582,1.0605571551237059,-1.9029995649589766e-05,confluence_lost
A,BTCUSDT/SOLUSDT,short_a_long_b,2026-06-18T15:00:00,63744.55,69.92,2026-06-18T15:30:00,63319.27,68.44,-0.016895418872503495,2,3.28652690909789,5.084679975164039,-2.742589960862946e-06,regime_break
A,BTCUSDT/SOLUSDT,short_a_long_b,2026-06-18T16:00:00,62544.81,68.71,2026-06-18T16:30:00,62597.0,69.06,0.0018594310600683196,2,2.422046040973724,1.7362352810968094,-2.742589960862946e-06,confluence_lost
A,BTCUSDT/SOLUSDT,short_a_long_b,2026-06-18T17:30:00,62678.16,68.64,2026-06-18T20:00:00,63085.99,69.82,0.008284410021595481,6,2.6427592141931258,0.9205558403836251,-1.953477473378473e-07,confluence_lost
A,BTCUSDT/SOLUSDT,short_a_long_b,2026-06-19T04:30:00,62696.0,68.33,2026-06-19T05:30:00,62670.89,68.7,0.003415402307116524,3,2.5344107213465437,1.6888380352925585,1.3268062863181675e-05,confluence_lost
A,BTCUSDT/SOLUSDT,short_a_long_b,2026-06-19T07:00:00,62906.58,68.47,2026-06-19T07:30:00,62812.24,68.38,-0.0022147601473756916,2,2.3611746262166915,2.251634971542624,1.3268062863181675e-05,confluence_lost
A,BTCUSDT/SOLUSDT,long_a_short_b,2026-06-20T05:00:00,63588.01,71.46,2026-06-20T05:30:00,63671.32,71.8,-0.005847753868138558,2,-2.55548982011017,-2.8639746486287607,2.6709088562512092e-05,confluence_lost
A,BTCUSDT/SOLUSDT,long_a_short_b,2026-06-20T06:00:00,63674.0,72.07,2026-06-20T06:30:00,63694.01,72.12,-0.0027795129493096015,2,-3.146438706889324,-3.0403199383781114,2.6709088562512092e-05,regime_break
A,BTCUSDT/SOLUSDT,long_a_short_b,2026-06-20T07:00:00,63735.66,71.92,2026-06-20T07:30:00,63792.0,71.6,0.0029333517548036504,2,-2.5933461802632585,-1.983775339658049,2.6709088562512092e-05,confluence_lost
A,BTCUSDT/SOLUSDT,long_a_short_b,2026-06-20T14:30:00,63340.93,71.93,2026-06-20T15:00:00,63927.2,72.17,0.003519207301984697,2,-2.5162678825212668,-1.9347711301051627,2.6624846659731627e-05,confluence_lost
A,BTCUSDT/SOLUSDT,long_a_short_b,2026-06-20T22:00:00,63988.01,73.96,2026-06-20T22:30:00,64259.59,73.56,0.007252561456849341,2,-3.1674918259997216,-2.349842410733991,2.9563769624235708e-05,confluence_lost
A,BTCUSDT/SOLUSDT,short_a_long_b,2026-06-22T22:00:00,64326.0,71.87,2026-06-22T22:30:00,63995.99,72.11,0.006069636655511482,2,2.7127860919508193,1.7124798290689762,3.603119302523085e-05,confluence_lost
A,BTCUSDT/SOLUSDT,short_a_long_b,2026-06-23T00:00:00,64013.59,71.49,2026-06-23T00:30:00,63902.09,71.88,0.00479712607065759,2,2.4921456170198817,1.7046914099658117,3.603119302523085e-05,confluence_lost
A,BTCUSDT/SOLUSDT,short_a_long_b,2026-06-23T06:00:00,63350.48,70.0,2026-06-23T06:30:00,62693.01,70.33,0.012692581190499944,2,2.668525334958884,1.3884142267253585,3.700426124184622e-05,confluence_lost
A,BTCUSDT/SOLUSDT,short_a_long_b,2026-06-23T08:00:00,62922.0,68.37,2026-06-23T08:30:00,62197.53,68.7,0.013940457332137293,2,3.528621617454559,2.2349501356595742,3.700426124184622e-05,confluence_lost
A,BTCUSDT/SOLUSDT,short_a_long_b,2026-06-24T17:30:00,59680.0,64.98,2026-06-24T18:00:00,59447.81,66.2,0.02026559080459496,2,2.4511348602431458,-0.22423747823808532,1.6547280372092828e-05,z_mean_revert
A,BTCUSDT/SOLUSDT,long_a_short_b,2026-06-25T05:00:00,61283.88,69.07,2026-06-25T05:30:00,61573.41,69.04,0.0027587491080142824,2,-2.442066895963803,-1.6336338260256342,9.707884733849977e-06,confluence_lost
A,BTCUSDT/SOLUSDT,short_a_long_b,2026-06-25T13:30:00,61171.93,64.23,2026-06-25T14:00:00,58644.02,65.75,0.06258962700544442,2,6.470487918262114,-1.1269707320321074,3.5439103485499835e-06,confluence_lost
A,BTCUSDT/SOLUSDT,long_a_short_b,2026-06-25T17:00:00,59361.11,67.32,2026-06-25T17:30:00,59592.01,67.13,0.004312093119212171,2,-2.305474280425531,-1.511727160832722,6.267485826649987e-06,confluence_lost
A,BTCUSDT/SOLUSDT,long_a_short_b,2026-06-25T23:00:00,59885.46,68.34,2026-06-25T23:30:00,60166.0,67.72,0.011356895217037269,2,-2.6874019163685086,-1.1881161965577305,6.267485826649987e-06,confluence_lost
A,BTCUSDT/SOLUSDT,long_a_short_b,2026-06-26T03:30:00,59052.0,68.21,2026-06-26T04:00:00,59889.63,68.1,0.013397283712178923,2,-3.225683869731084,-1.7428347399971449,1.664804453183888e-05,confluence_lost
A,BTCUSDT/SOLUSDT,long_a_short_b,2026-06-26T06:00:00,59871.8,69.2,2026-06-26T06:30:00,59980.0,69.99,-0.012008990265076222,2,-2.841633937899677,-3.3684376200572945,1.664804453183888e-05,regime_break
A,BTCUSDT/SOLUSDT,long_a_short_b,2026-06-26T07:00:00,60302.01,70.52,2026-06-26T07:30:00,60627.83,70.77,-0.0005419569454401672,2,-3.2960495634195346,-2.9794574162731586,1.664804453183888e-05,confluence_lost
A,BTCUSDT/SOLUSDT,long_a_short_b,2026-06-26T08:30:00,60314.51,69.94,2026-06-26T09:00:00,60188.01,69.8,-0.0024956236732372327,2,-2.3342864989825527,-2.2538295320175106,2.6068479080319125e-05,confluence_lost
A,BTCUSDT/SOLUSDT,long_a_short_b,2026-06-26T13:30:00,58956.72,70.71,2026-06-26T14:00:00,60140.0,71.71,0.0035280447389653548,2,-3.4773277982468476,-2.9785141578179215,2.6068479080319125e-05,confluence_lost
A,BTCUSDT/SOLUSDT,long_a_short_b,2026-06-26T15:00:00,59614.01,71.44,2026-06-26T15:30:00,60224.01,72.07,-0.0009860950197327222,2,-2.9546356146434674,-2.7434725219904816,2.6068479080319125e-05,confluence_lost
A,BTCUSDT/SOLUSDT,long_a_short_b,2026-06-26T16:00:00,60564.06,72.23,2026-06-26T16:30:00,60176.0,72.48,-0.012268596133965401,2,-2.473442670748601,-2.7753579793584966,3.6515483729137094e-05,confluence_lost
A,BTCUSDT/SOLUSDT,long_a_short_b,2026-06-26T17:00:00,60060.0,72.62,2026-06-26T17:30:00,60171.9,72.56,0.00028935553567906126,2,-2.80249086856972,-2.5851094575509967,3.6515483729137094e-05,confluence_lost
A,BTCUSDT/SOLUSDT,long_a_short_b,2026-06-26T18:00:00,60041.45,72.43,2026-06-26T18:30:00,59780.01,72.6,-0.009101418966012173,2,-2.487385826302324,-2.626784324621459,3.6515483729137094e-05,confluence_lost
A,BTCUSDT/SOLUSDT,long_a_short_b,2026-06-26T19:00:00,59630.82,73.32,2026-06-26T19:30:00,59937.95,73.01,0.006978565972731235,2,-2.9321756997198527,-2.4786610702222593,3.6515483729137094e-05,confluence_lost
A,BTCUSDT/SOLUSDT,long_a_short_b,2026-06-26T20:00:00,59893.0,73.07,2026-06-26T20:30:00,59685.41,72.17,0.0064509419508994165,2,-2.4275175814469665,-2.0480026706246925,3.6515483729137094e-05,confluence_lost
A,BTCUSDT/SOLUSDT,long_a_short_b,2026-06-29T00:30:00,59178.01,71.66,2026-06-29T01:00:00,59627.42,71.09,0.01314843432379438,2,-2.4749661175249544,-0.3846118500578407,3.547118638166895e-05,z_mean_revert
A,BTCUSDT/SOLUSDT,long_a_short_b,2026-06-29T02:30:00,59551.8,72.18,2026-06-29T03:00:00,59819.99,73.19,-0.01188932150205528,2,-2.432582125175466,-3.3938765805753404,3.547118638166895e-05,regime_break
A,BTCUSDT/SOLUSDT,long_a_short_b,2026-06-29T10:00:00,60093.99,73.44,2026-06-29T12:00:00,59778.55,74.0,-0.015274382932730576,5,-2.4288481122409733,-3.240107531170586,4.413092274129807e-05,regime_break
A,BTCUSDT/SOLUSDT,long_a_short_b,2026-06-29T14:00:00,59522.99,73.19,2026-06-29T14:30:00,59539.99,73.73,-0.0094924531794323,2,-2.3319227956718223,-2.751806814356959,4.413092274129807e-05,confluence_lost
A,BTCUSDT/SOLUSDT,long_a_short_b,2026-06-29T15:00:00,59400.28,73.93,2026-06-29T17:00:00,59934.99,75.91,-0.020180281748239978,5,-2.9672614470352365,-3.5552799292962107,4.413092274129807e-05,regime_break
A,BTCUSDT/SOLUSDT,long_a_short_b,2026-06-29T18:00:00,60340.0,75.23,2026-06-29T18:30:00,60280.0,75.59,-0.008179690266830006,2,-2.374670392585685,-2.590294155183072,5.356405102100961e-05,confluence_lost
A,BTCUSDT/SOLUSDT,long_a_short_b,2026-06-29T19:00:00,60236.48,76.05,2026-06-29T19:30:00,60443.0,75.98,0.0019489342634515096,2,-2.8266196488181574,-2.4767639352542616,5.356405102100961e-05,confluence_lost
A,BTCUSDT/SOLUSDT,long_a_short_b,2026-07-01T08:30:00,58626.01,75.44,2026-07-01T09:00:00,58921.88,75.17,0.006225739263153687,2,-2.5291944688702674,-1.7921693485572388,4.71487341955005e-05,confluence_lost
A,BTCUSDT/SOLUSDT,long_a_short_b,2026-07-01T13:30:00,58780.0,76.04,2026-07-01T14:00:00,59394.0,76.67,-0.00023938325828747097,2,-2.6641274377457744,-2.398743345348623,4.71487341955005e-05,confluence_lost
A,BTCUSDT/SOLUSDT,long_a_short_b,2026-07-01T15:00:00,59541.19,77.54,2026-07-01T15:30:00,60333.75,77.43,0.012329743905457338,2,-2.8725739708853517,-1.6783289248862472,4.71487341955005e-05,confluence_lost
A,BTCUSDT/SOLUSDT,long_a_short_b,2026-07-01T17:00:00,59899.05,77.74,2026-07-01T17:30:00,60180.0,77.77,0.0019044898601452,2,-2.369202913337839,-1.983460748933501,5.238901548538928e-05,confluence_lost
A,BTCUSDT/SOLUSDT,long_a_short_b,2026-07-02T10:30:00,61260.75,82.09,2026-07-02T11:00:00,61275.57,82.54,-0.0076398715563350955,2,-3.0113385533779904,-3.1545034918166195,5.716100936770463e-05,regime_break
A,BTCUSDT/SOLUSDT,long_a_short_b,2026-07-02T11:30:00,61282.55,82.38,2026-07-02T12:00:00,61328.0,82.07,0.002104695967895378,2,-2.8956558365801475,-2.5650165944114054,5.716100936770463e-05,confluence_lost
A,BTCUSDT/SOLUSDT,short_a_long_b,2026-07-04T19:00:00,63206.0,81.9,2026-07-04T19:30:00,63329.99,81.88,-0.004605881097283923,2,2.860783458932655,3.108087855791666,8.259169275772173e-05,regime_break
A,BTCUSDT/SOLUSDT,short_a_long_b,2026-07-04T20:00:00,63296.0,81.73,2026-07-04T20:30:00,63171.98,81.98,0.0026182178393380907,2,3.1471921782766503,2.1566162629770074,8.259169275772173e-05,confluence_lost
A,BTCUSDT/SOLUSDT,short_a_long_b,2026-07-04T21:30:00,63416.01,82.0,2026-07-04T22:00:00,63310.0,81.84,-0.002679559626939041,2,2.59564627371183,2.529715420718823,8.259169275772173e-05,confluence_lost
A,BTCUSDT/SOLUSDT,short_a_long_b,2026-07-05T00:00:00,63094.01,81.44,2026-07-05T00:30:00,63040.01,81.3,-0.0032631912591564592,2,2.4182539473121,2.4374733449165142,8.259169275772173e-05,confluence_lost
A,BTCUSDT/SOLUSDT,short_a_long_b,2026-07-05T01:00:00,63002.68,81.04,2026-07-05T01:30:00,62889.51,80.84,-0.0030716442845113855,2,2.682591181691885,2.6522174967102616,8.542242770045023e-05,confluence_lost
A,BTCUSDT/SOLUSDT,short_a_long_b,2026-07-05T02:00:00,62914.0,80.55,2026-07-05T04:00:00,62727.91,80.69,0.002295898120076758,5,2.9995188893138245,2.010658530355761,8.542242770045023e-05,confluence_lost
A,BTCUSDT/SOLUSDT,short_a_long_b,2026-07-05T04:30:00,62873.5,80.6,2026-07-05T06:00:00,62729.36,80.53,-0.0009759465700960733,4,2.3057288689042044,1.9282650958694305,8.542242770045023e-05,confluence_lost
A,BTCUSDT/SOLUSDT,short_a_long_b,2026-07-08T00:30:00,63601.99,80.37,2026-07-08T01:00:00,63596.0,80.07,-0.006038556652430624,2,2.4848798973158064,2.922816915714614,7.143014954578172e-05,confluence_lost
A,BTCUSDT/SOLUSDT,short_a_long_b,2026-07-08T01:30:00,63421.56,79.1,2026-07-08T02:00:00,62918.35,78.91,0.00313234530432023,2,4.007418543069226,3.010304238646014,7.143014954578172e-05,regime_break
A,BTCUSDT/SOLUSDT,short_a_long_b,2026-07-08T02:30:00,62880.15,79.06,2026-07-08T03:00:00,62991.83,79.24,-0.001899325354060941,2,2.554941601088151,2.4105767316701265,7.143014954578172e-05,confluence_lost
A,BTCUSDT/SOLUSDT,short_a_long_b,2026-07-08T03:30:00,63025.53,78.73,2026-07-08T04:00:00,62751.01,78.88,0.003860941000529319,2,3.1243252823789978,2.263901225916687,7.143014954578172e-05,confluence_lost
A,BTCUSDT/SOLUSDT,short_a_long_b,2026-07-08T04:30:00,62891.17,78.64,2026-07-08T05:00:00,62810.0,78.63,-0.0012365195180938236,2,2.75907291561923,2.5325881584244834,7.143014954578172e-05,confluence_lost
A,BTCUSDT/SOLUSDT,short_a_long_b,2026-07-08T05:30:00,62772.0,78.42,2026-07-08T06:00:00,62627.19,78.29,-0.0017508200894252178,2,2.6396990663232303,2.468964470191012,7.143014954578172e-05,confluence_lost
A,BTCUSDT/SOLUSDT,short_a_long_b,2026-07-08T06:30:00,62578.0,78.23,2026-07-08T07:00:00,62601.03,78.13,-0.0040463026991606615,2,2.3736962621370097,2.4347191859760273,7.143014954578172e-05,confluence_lost
A,BTCUSDT/SOLUSDT,short_a_long_b,2026-07-08T07:30:00,62835.99,78.28,2026-07-08T08:00:00,62869.98,77.2,-0.01673755952698168,2,2.500001857144706,3.574699890445455,7.143014954578172e-05,regime_break
A,BTCUSDT/SOLUSDT,short_a_long_b,2026-07-10T12:30:00,64488.0,78.92,2026-07-10T13:00:00,64300.75,78.88,-3.201384551829601e-06,2,2.450398975383867,1.9446054441894942,6.74802888556003e-05,confluence_lost
A,BTCUSDT/SOLUSDT,short_a_long_b,2026-07-10T14:00:00,64477.31,77.75,2026-07-10T14:30:00,64150.68,77.91,0.004723690887902546,2,4.424128757211174,3.075445811218889,6.74802888556003e-05,regime_break
A,BTCUSDT/SOLUSDT,short_a_long_b,2026-07-10T15:30:00,64156.72,78.14,2026-07-10T16:00:00,64041.66,77.94,-0.0031660877136863584,2,2.477254865575361,2.48234473635123,6.74802888556003e-05,confluence_lost
A,BTCUSDT/SOLUSDT,short_a_long_b,2026-07-10T17:00:00,64143.97,77.83,2026-07-10T17:30:00,63958.4,77.59,-0.0025906205354651467,2,2.7098806568741614,2.6085127869669327,7.361355799880023e-05,confluence_lost
A,BTCUSDT/SOLUSDT,short_a_long_b,2026-07-10T18:30:00,63917.99,77.53,2026-07-10T19:00:00,63799.99,77.81,0.003057620847883371,2,2.424739980175364,1.7012766850539944,7.361355799880023e-05,confluence_lost
