strategy_key,status,graveyard_family,path,entry_files,uses_shared,cost_model,gate_logic,feature_category,feature_stems,n_defs
donchian_breakout_atr_1d_20260709,ACTIVE,,strategies/donchian_breakout_atr_1d_20260709,strategies/donchian_breakout_atr_1d_20260709/run_backtest.py;strategies/donchian_breakout_atr_1d_20260709/strategy.py,False,none_visible,none,signal,strategy;test_strategy,39
donchian_breakout_atr_1d_20260709,ACTIVE,,strategies/donchian_breakout_atr_1d_20260709,strategies/donchian_breakout_atr_1d_20260709/run_backtest.py;strategies/donchian_breakout_atr_1d_20260709/strategy.py,False,none_visible,none,risk/sizing,,39
donchian_breakout_atr_1d_20260709,ACTIVE,,strategies/donchian_breakout_atr_1d_20260709,strategies/donchian_breakout_atr_1d_20260709/run_backtest.py;strategies/donchian_breakout_atr_1d_20260709/strategy.py,False,none_visible,none,execution,strategy;test_strategy,39
donchian_breakout_atr_1d_20260709,ACTIVE,,strategies/donchian_breakout_atr_1d_20260709,strategies/donchian_breakout_atr_1d_20260709/run_backtest.py;strategies/donchian_breakout_atr_1d_20260709/strategy.py,False,none_visible,none,cost,,39
donchian_breakout_atr_1d_20260709,ACTIVE,,strategies/donchian_breakout_atr_1d_20260709,strategies/donchian_breakout_atr_1d_20260709/run_backtest.py;strategies/donchian_breakout_atr_1d_20260709/strategy.py,False,none_visible,none,evaluation,test_strategy,39
donchian_breakout_atr_1d_20260709,ACTIVE,,strategies/donchian_breakout_atr_1d_20260709,strategies/donchian_breakout_atr_1d_20260709/run_backtest.py;strategies/donchian_breakout_atr_1d_20260709/strategy.py,False,none_visible,none,other,data_loader;run_backtest;strategy;test_data_loader;test_strategy,39
impl_vpvr_multi_tf_funding,ACTIVE,,strategies/impl_vpvr_multi_tf_funding,strategies/impl_vpvr_multi_tf_funding/run_backtest.py;strategies/impl_vpvr_multi_tf_funding/strategy.py,False,none_visible,manual,signal,build_signals;combine_signals;data_loader;test_build_signals;test_combine_signals,44
impl_vpvr_multi_tf_funding,ACTIVE,,strategies/impl_vpvr_multi_tf_funding,strategies/impl_vpvr_multi_tf_funding/run_backtest.py;strategies/impl_vpvr_multi_tf_funding/strategy.py,False,none_visible,manual,risk/sizing,,44
impl_vpvr_multi_tf_funding,ACTIVE,,strategies/impl_vpvr_multi_tf_funding,strategies/impl_vpvr_multi_tf_funding/run_backtest.py;strategies/impl_vpvr_multi_tf_funding/strategy.py,False,none_visible,manual,execution,strategy,44
impl_vpvr_multi_tf_funding,ACTIVE,,strategies/impl_vpvr_multi_tf_funding,strategies/impl_vpvr_multi_tf_funding/run_backtest.py;strategies/impl_vpvr_multi_tf_funding/strategy.py,False,none_visible,manual,cost,,44
impl_vpvr_multi_tf_funding,ACTIVE,,strategies/impl_vpvr_multi_tf_funding,strategies/impl_vpvr_multi_tf_funding/run_backtest.py;strategies/impl_vpvr_multi_tf_funding/strategy.py,False,none_visible,manual,evaluation,data_loader;run_backtest;test_build_signals,44
impl_vpvr_multi_tf_funding,ACTIVE,,strategies/impl_vpvr_multi_tf_funding,strategies/impl_vpvr_multi_tf_funding/run_backtest.py;strategies/impl_vpvr_multi_tf_funding/strategy.py,False,none_visible,manual,other,build_signals;combine_signals;data_loader;run_backtest;strategy;test_build_signals;test_combine_signals,44
large_order_iceberg_tape_20260718,ACTIVE,,strategies/large_order_iceberg_tape_20260718,,False,none_visible,none,signal,,0
large_order_iceberg_tape_20260718,ACTIVE,,strategies/large_order_iceberg_tape_20260718,,False,none_visible,none,risk/sizing,,0
large_order_iceberg_tape_20260718,ACTIVE,,strategies/large_order_iceberg_tape_20260718,,False,none_visible,none,execution,,0
large_order_iceberg_tape_20260718,ACTIVE,,strategies/large_order_iceberg_tape_20260718,,False,none_visible,none,cost,,0
large_order_iceberg_tape_20260718,ACTIVE,,strategies/large_order_iceberg_tape_20260718,,False,none_visible,none,evaluation,,0
large_order_iceberg_tape_20260718,ACTIVE,,strategies/large_order_iceberg_tape_20260718,,False,none_visible,none,other,,0
loid_iceberg_v4_1m_20260720,ACTIVE,,strategies/loid_iceberg_v4_1m_20260720,strategies/loid_iceberg_v4_1m_20260720/run_first_btc_90d.py;strategies/loid_iceberg_v4_1m_20260720/run_first_btc_90d_chunked.py;strategies/loid_iceberg_v4_1m_20260720/run_param_scan.py;strategies/loid_iceberg_v4_1m_20260720/run_param_scan_fast.py;strategies/loid_iceberg_v4_1m_20260720/run_param_scan_minimal.py;strategies/loid_iceberg_v4_1m_20260720/run_threshold_scan.py;strategies/loid_iceberg_v4_1m_20260720/tests/test_backtest.py,True,_shared,_shared,signal,iceberg_detector;test_backtest;test_iceberg_detector,63
loid_iceberg_v4_1m_20260720,ACTIVE,,strategies/loid_iceberg_v4_1m_20260720,strategies/loid_iceberg_v4_1m_20260720/run_first_btc_90d.py;strategies/loid_iceberg_v4_1m_20260720/run_first_btc_90d_chunked.py;strategies/loid_iceberg_v4_1m_20260720/run_param_scan.py;strategies/loid_iceberg_v4_1m_20260720/run_param_scan_fast.py;strategies/loid_iceberg_v4_1m_20260720/run_param_scan_minimal.py;strategies/loid_iceberg_v4_1m_20260720/run_threshold_scan.py;strategies/loid_iceberg_v4_1m_20260720/tests/test_backtest.py,True,_shared,_shared,risk/sizing,test_backtest,63
loid_iceberg_v4_1m_20260720,ACTIVE,,strategies/loid_iceberg_v4_1m_20260720,strategies/loid_iceberg_v4_1m_20260720/run_first_btc_90d.py;strategies/loid_iceberg_v4_1m_20260720/run_first_btc_90d_chunked.py;strategies/loid_iceberg_v4_1m_20260720/run_param_scan.py;strategies/loid_iceberg_v4_1m_20260720/run_param_scan_fast.py;strategies/loid_iceberg_v4_1m_20260720/run_param_scan_minimal.py;strategies/loid_iceberg_v4_1m_20260720/run_threshold_scan.py;strategies/loid_iceberg_v4_1m_20260720/tests/test_backtest.py,True,_shared,_shared,execution,backtest;run_param_scan_fast,63
loid_iceberg_v4_1m_20260720,ACTIVE,,strategies/loid_iceberg_v4_1m_20260720,strategies/loid_iceberg_v4_1m_20260720/run_first_btc_90d.py;strategies/loid_iceberg_v4_1m_20260720/run_first_btc_90d_chunked.py;strategies/loid_iceberg_v4_1m_20260720/run_param_scan.py;strategies/loid_iceberg_v4_1m_20260720/run_param_scan_fast.py;strategies/loid_iceberg_v4_1m_20260720/run_param_scan_minimal.py;strategies/loid_iceberg_v4_1m_20260720/run_threshold_scan.py;strategies/loid_iceberg_v4_1m_20260720/tests/test_backtest.py,True,_shared,_shared,cost,test_backtest,63
loid_iceberg_v4_1m_20260720,ACTIVE,,strategies/loid_iceberg_v4_1m_20260720,strategies/loid_iceberg_v4_1m_20260720/run_first_btc_90d.py;strategies/loid_iceberg_v4_1m_20260720/run_first_btc_90d_chunked.py;strategies/loid_iceberg_v4_1m_20260720/run_param_scan.py;strategies/loid_iceberg_v4_1m_20260720/run_param_scan_fast.py;strategies/loid_iceberg_v4_1m_20260720/run_param_scan_minimal.py;strategies/loid_iceberg_v4_1m_20260720/run_threshold_scan.py;strategies/loid_iceberg_v4_1m_20260720/tests/test_backtest.py,True,_shared,_shared,evaluation,iceberg_detector;run_first_btc_90d;run_first_btc_90d_chunked;run_param_scan;run_param_scan_fast;run_param_scan_minimal;run_threshold_scan;test_backtest;test_iceberg_detector,63
loid_iceberg_v4_1m_20260720,ACTIVE,,strategies/loid_iceberg_v4_1m_20260720,strategies/loid_iceberg_v4_1m_20260720/run_first_btc_90d.py;strategies/loid_iceberg_v4_1m_20260720/run_first_btc_90d_chunked.py;strategies/loid_iceberg_v4_1m_20260720/run_param_scan.py;strategies/loid_iceberg_v4_1m_20260720/run_param_scan_fast.py;strategies/loid_iceberg_v4_1m_20260720/run_param_scan_minimal.py;strategies/loid_iceberg_v4_1m_20260720/run_threshold_scan.py;strategies/loid_iceberg_v4_1m_20260720/tests/test_backtest.py,True,_shared,_shared,other,analyze_param_scan;backtest;iceberg_detector;run_first_btc_90d;run_first_btc_90d_chunked;run_param_scan;run_param_scan_fast;run_param_scan_minimal;run_threshold_scan;save_composite;test_backtest;test_iceberg_detector,63
loid_vpvr_confluence_20260717,ACTIVE,,strategies/loid_vpvr_confluence_20260717,strategies/loid_vpvr_confluence_20260717/run_backtest.py;strategies/loid_vpvr_confluence_20260717/run_g1g7_backtest.py;strategies/loid_vpvr_confluence_20260717/strategy.py,False,none_visible,none,signal,build_signals,28
loid_vpvr_confluence_20260717,ACTIVE,,strategies/loid_vpvr_confluence_20260717,strategies/loid_vpvr_confluence_20260717/run_backtest.py;strategies/loid_vpvr_confluence_20260717/run_g1g7_backtest.py;strategies/loid_vpvr_confluence_20260717/strategy.py,False,none_visible,none,risk/sizing,,28
loid_vpvr_confluence_20260717,ACTIVE,,strategies/loid_vpvr_confluence_20260717,strategies/loid_vpvr_confluence_20260717/run_backtest.py;strategies/loid_vpvr_confluence_20260717/run_g1g7_backtest.py;strategies/loid_vpvr_confluence_20260717/strategy.py,False,none_visible,none,execution,strategy,28
loid_vpvr_confluence_20260717,ACTIVE,,strategies/loid_vpvr_confluence_20260717,strategies/loid_vpvr_confluence_20260717/run_backtest.py;strategies/loid_vpvr_confluence_20260717/run_g1g7_backtest.py;strategies/loid_vpvr_confluence_20260717/strategy.py,False,none_visible,none,cost,,28
loid_vpvr_confluence_20260717,ACTIVE,,strategies/loid_vpvr_confluence_20260717,strategies/loid_vpvr_confluence_20260717/run_backtest.py;strategies/loid_vpvr_confluence_20260717/run_g1g7_backtest.py;strategies/loid_vpvr_confluence_20260717/strategy.py,False,none_visible,none,evaluation,run_backtest;run_g1g7_backtest,28
loid_vpvr_confluence_20260717,ACTIVE,,strategies/loid_vpvr_confluence_20260717,strategies/loid_vpvr_confluence_20260717/run_backtest.py;strategies/loid_vpvr_confluence_20260717/run_g1g7_backtest.py;strategies/loid_vpvr_confluence_20260717/strategy.py,False,none_visible,none,other,run_backtest;run_g1g7_backtest;strategy,28
momentum_intraday_fast_15m_btc_20260712,ACTIVE,,strategies/momentum_intraday_fast_15m_btc_20260712,,False,none_visible,none,signal,,10
momentum_intraday_fast_15m_btc_20260712,ACTIVE,,strategies/momentum_intraday_fast_15m_btc_20260712,,False,none_visible,none,risk/sizing,,10
momentum_intraday_fast_15m_btc_20260712,ACTIVE,,strategies/momentum_intraday_fast_15m_btc_20260712,,False,none_visible,none,execution,,10
momentum_intraday_fast_15m_btc_20260712,ACTIVE,,strategies/momentum_intraday_fast_15m_btc_20260712,,False,none_visible,none,cost,,10
momentum_intraday_fast_15m_btc_20260712,ACTIVE,,strategies/momentum_intraday_fast_15m_btc_20260712,,False,none_visible,none,evaluation,data_loader,10
momentum_intraday_fast_15m_btc_20260712,ACTIVE,,strategies/momentum_intraday_fast_15m_btc_20260712,,False,none_visible,none,other,data_loader,10
momentum_trend_btc_only_softer_stop_1h_20260712,ACTIVE,,strategies/momentum_trend_btc_only_softer_stop_1h_20260712,strategies/momentum_trend_btc_only_softer_stop_1h_20260712/run_backtest.py;strategies/momentum_trend_btc_only_softer_stop_1h_20260712/strategy.py,False,none_visible,none,signal,framework_adapter_backtrader;strategy;test_strategy,62
momentum_trend_btc_only_softer_stop_1h_20260712,ACTIVE,,strategies/momentum_trend_btc_only_softer_stop_1h_20260712,strategies/momentum_trend_btc_only_softer_stop_1h_20260712/run_backtest.py;strategies/momentum_trend_btc_only_softer_stop_1h_20260712/strategy.py,False,none_visible,none,risk/sizing,strategy;test_strategy,62
momentum_trend_btc_only_softer_stop_1h_20260712,ACTIVE,,strategies/momentum_trend_btc_only_softer_stop_1h_20260712,strategies/momentum_trend_btc_only_softer_stop_1h_20260712/run_backtest.py;strategies/momentum_trend_btc_only_softer_stop_1h_20260712/strategy.py,False,none_visible,none,execution,strategy;test_strategy,62
momentum_trend_btc_only_softer_stop_1h_20260712,ACTIVE,,strategies/momentum_trend_btc_only_softer_stop_1h_20260712,strategies/momentum_trend_btc_only_softer_stop_1h_20260712/run_backtest.py;strategies/momentum_trend_btc_only_softer_stop_1h_20260712/strategy.py,False,none_visible,none,cost,,62
momentum_trend_btc_only_softer_stop_1h_20260712,ACTIVE,,strategies/momentum_trend_btc_only_softer_stop_1h_20260712,strategies/momentum_trend_btc_only_softer_stop_1h_20260712/run_backtest.py;strategies/momentum_trend_btc_only_softer_stop_1h_20260712/strategy.py,False,none_visible,none,evaluation,data_loader;walk_forward,62
momentum_trend_btc_only_softer_stop_1h_20260712,ACTIVE,,strategies/momentum_trend_btc_only_softer_stop_1h_20260712,strategies/momentum_trend_btc_only_softer_stop_1h_20260712/run_backtest.py;strategies/momentum_trend_btc_only_softer_stop_1h_20260712/strategy.py,False,none_visible,none,other,data_loader;framework_adapter_backtrader;run_backtest;strategy;test_strategy;walk_forward,62
momentum_trend_multi_tf_atr_scaled_1h_20260712,ACTIVE,,strategies/momentum_trend_multi_tf_atr_scaled_1h_20260712,strategies/momentum_trend_multi_tf_atr_scaled_1h_20260712/run_backtest.py;strategies/momentum_trend_multi_tf_atr_scaled_1h_20260712/strategy.py,False,none_visible,none,signal,strategy;test_strategy,54
momentum_trend_multi_tf_atr_scaled_1h_20260712,ACTIVE,,strategies/momentum_trend_multi_tf_atr_scaled_1h_20260712,strategies/momentum_trend_multi_tf_atr_scaled_1h_20260712/run_backtest.py;strategies/momentum_trend_multi_tf_atr_scaled_1h_20260712/strategy.py,False,none_visible,none,risk/sizing,strategy;test_strategy,54
momentum_trend_multi_tf_atr_scaled_1h_20260712,ACTIVE,,strategies/momentum_trend_multi_tf_atr_scaled_1h_20260712,strategies/momentum_trend_multi_tf_atr_scaled_1h_20260712/run_backtest.py;strategies/momentum_trend_multi_tf_atr_scaled_1h_20260712/strategy.py,False,none_visible,none,execution,strategy;test_strategy,54
momentum_trend_multi_tf_atr_scaled_1h_20260712,ACTIVE,,strategies/momentum_trend_multi_tf_atr_scaled_1h_20260712,strategies/momentum_trend_multi_tf_atr_scaled_1h_20260712/run_backtest.py;strategies/momentum_trend_multi_tf_atr_scaled_1h_20260712/strategy.py,False,none_visible,none,cost,,54
momentum_trend_multi_tf_atr_scaled_1h_20260712,ACTIVE,,strategies/momentum_trend_multi_tf_atr_scaled_1h_20260712,strategies/momentum_trend_multi_tf_atr_scaled_1h_20260712/run_backtest.py;strategies/momentum_trend_multi_tf_atr_scaled_1h_20260712/strategy.py,False,none_visible,none,evaluation,data_loader;walk_forward,54
momentum_trend_multi_tf_atr_scaled_1h_20260712,ACTIVE,,strategies/momentum_trend_multi_tf_atr_scaled_1h_20260712,strategies/momentum_trend_multi_tf_atr_scaled_1h_20260712/run_backtest.py;strategies/momentum_trend_multi_tf_atr_scaled_1h_20260712/strategy.py,False,none_visible,none,other,data_loader;run_backtest;strategy;test_strategy;walk_forward,54
momentum_trend_multi_tf_atr_scaled_v2_1h_20260712,ACTIVE,,strategies/momentum_trend_multi_tf_atr_scaled_v2_1h_20260712,strategies/momentum_trend_multi_tf_atr_scaled_v2_1h_20260712/run_backtest.py;strategies/momentum_trend_multi_tf_atr_scaled_v2_1h_20260712/strategy.py,False,none_visible,none,signal,strategy;test_strategy,54
momentum_trend_multi_tf_atr_scaled_v2_1h_20260712,ACTIVE,,strategies/momentum_trend_multi_tf_atr_scaled_v2_1h_20260712,strategies/momentum_trend_multi_tf_atr_scaled_v2_1h_20260712/run_backtest.py;strategies/momentum_trend_multi_tf_atr_scaled_v2_1h_20260712/strategy.py,False,none_visible,none,risk/sizing,strategy;test_strategy,54
momentum_trend_multi_tf_atr_scaled_v2_1h_20260712,ACTIVE,,strategies/momentum_trend_multi_tf_atr_scaled_v2_1h_20260712,strategies/momentum_trend_multi_tf_atr_scaled_v2_1h_20260712/run_backtest.py;strategies/momentum_trend_multi_tf_atr_scaled_v2_1h_20260712/strategy.py,False,none_visible,none,execution,strategy;test_strategy,54
momentum_trend_multi_tf_atr_scaled_v2_1h_20260712,ACTIVE,,strategies/momentum_trend_multi_tf_atr_scaled_v2_1h_20260712,strategies/momentum_trend_multi_tf_atr_scaled_v2_1h_20260712/run_backtest.py;strategies/momentum_trend_multi_tf_atr_scaled_v2_1h_20260712/strategy.py,False,none_visible,none,cost,,54
momentum_trend_multi_tf_atr_scaled_v2_1h_20260712,ACTIVE,,strategies/momentum_trend_multi_tf_atr_scaled_v2_1h_20260712,strategies/momentum_trend_multi_tf_atr_scaled_v2_1h_20260712/run_backtest.py;strategies/momentum_trend_multi_tf_atr_scaled_v2_1h_20260712/strategy.py,False,none_visible,none,evaluation,data_loader;walk_forward,54
momentum_trend_multi_tf_atr_scaled_v2_1h_20260712,ACTIVE,,strategies/momentum_trend_multi_tf_atr_scaled_v2_1h_20260712,strategies/momentum_trend_multi_tf_atr_scaled_v2_1h_20260712/run_backtest.py;strategies/momentum_trend_multi_tf_atr_scaled_v2_1h_20260712/strategy.py,False,none_visible,none,other,data_loader;run_backtest;strategy;test_strategy;walk_forward,54
momentum_trend_multi_tf_atr_scaled_v3_1h_20260712,ACTIVE,,strategies/momentum_trend_multi_tf_atr_scaled_v3_1h_20260712,strategies/momentum_trend_multi_tf_atr_scaled_v3_1h_20260712/run_backtest.py;strategies/momentum_trend_multi_tf_atr_scaled_v3_1h_20260712/strategy.py,False,none_visible,none,signal,framework_adapter_backtrader;strategy;test_strategy,62
momentum_trend_multi_tf_atr_scaled_v3_1h_20260712,ACTIVE,,strategies/momentum_trend_multi_tf_atr_scaled_v3_1h_20260712,strategies/momentum_trend_multi_tf_atr_scaled_v3_1h_20260712/run_backtest.py;strategies/momentum_trend_multi_tf_atr_scaled_v3_1h_20260712/strategy.py,False,none_visible,none,risk/sizing,strategy;test_strategy,62
momentum_trend_multi_tf_atr_scaled_v3_1h_20260712,ACTIVE,,strategies/momentum_trend_multi_tf_atr_scaled_v3_1h_20260712,strategies/momentum_trend_multi_tf_atr_scaled_v3_1h_20260712/run_backtest.py;strategies/momentum_trend_multi_tf_atr_scaled_v3_1h_20260712/strategy.py,False,none_visible,none,execution,strategy;test_strategy,62
momentum_trend_multi_tf_atr_scaled_v3_1h_20260712,ACTIVE,,strategies/momentum_trend_multi_tf_atr_scaled_v3_1h_20260712,strategies/momentum_trend_multi_tf_atr_scaled_v3_1h_20260712/run_backtest.py;strategies/momentum_trend_multi_tf_atr_scaled_v3_1h_20260712/strategy.py,False,none_visible,none,cost,,62
momentum_trend_multi_tf_atr_scaled_v3_1h_20260712,ACTIVE,,strategies/momentum_trend_multi_tf_atr_scaled_v3_1h_20260712,strategies/momentum_trend_multi_tf_atr_scaled_v3_1h_20260712/run_backtest.py;strategies/momentum_trend_multi_tf_atr_scaled_v3_1h_20260712/strategy.py,False,none_visible,none,evaluation,data_loader;framework_adapter_backtrader;walk_forward,62
momentum_trend_multi_tf_atr_scaled_v3_1h_20260712,ACTIVE,,strategies/momentum_trend_multi_tf_atr_scaled_v3_1h_20260712,strategies/momentum_trend_multi_tf_atr_scaled_v3_1h_20260712/run_backtest.py;strategies/momentum_trend_multi_tf_atr_scaled_v3_1h_20260712/strategy.py,False,none_visible,none,other,data_loader;framework_adapter_backtrader;run_backtest;strategy;test_strategy;walk_forward,62
mtf_h2_vpvr_edge_1m_15m_2h_20260718,ACTIVE,,strategies/mtf_h2_vpvr_edge_1m_15m_2h_20260718,,False,none_visible,none,signal,,0
mtf_h2_vpvr_edge_1m_15m_2h_20260718,ACTIVE,,strategies/mtf_h2_vpvr_edge_1m_15m_2h_20260718,,False,none_visible,none,risk/sizing,,0
mtf_h2_vpvr_edge_1m_15m_2h_20260718,ACTIVE,,strategies/mtf_h2_vpvr_edge_1m_15m_2h_20260718,,False,none_visible,none,execution,,0
mtf_h2_vpvr_edge_1m_15m_2h_20260718,ACTIVE,,strategies/mtf_h2_vpvr_edge_1m_15m_2h_20260718,,False,none_visible,none,cost,,0
mtf_h2_vpvr_edge_1m_15m_2h_20260718,ACTIVE,,strategies/mtf_h2_vpvr_edge_1m_15m_2h_20260718,,False,none_visible,none,evaluation,,0
mtf_h2_vpvr_edge_1m_15m_2h_20260718,ACTIVE,,strategies/mtf_h2_vpvr_edge_1m_15m_2h_20260718,,False,none_visible,none,other,,0
mtf_vpvr_edge_zscore_1m_15m_2h_20260718,ACTIVE,,strategies/mtf_vpvr_edge_zscore_1m_15m_2h_20260718,strategies/mtf_vpvr_edge_zscore_1m_15m_2h_20260718/run_backtest.py;strategies/mtf_vpvr_edge_zscore_1m_15m_2h_20260718/strategy.py,False,none_visible,none,signal,data_loader;strategy,18
mtf_vpvr_edge_zscore_1m_15m_2h_20260718,ACTIVE,,strategies/mtf_vpvr_edge_zscore_1m_15m_2h_20260718,strategies/mtf_vpvr_edge_zscore_1m_15m_2h_20260718/run_backtest.py;strategies/mtf_vpvr_edge_zscore_1m_15m_2h_20260718/strategy.py,False,none_visible,none,risk/sizing,strategy,18
mtf_vpvr_edge_zscore_1m_15m_2h_20260718,ACTIVE,,strategies/mtf_vpvr_edge_zscore_1m_15m_2h_20260718,strategies/mtf_vpvr_edge_zscore_1m_15m_2h_20260718/run_backtest.py;strategies/mtf_vpvr_edge_zscore_1m_15m_2h_20260718/strategy.py,False,none_visible,none,execution,strategy,18
mtf_vpvr_edge_zscore_1m_15m_2h_20260718,ACTIVE,,strategies/mtf_vpvr_edge_zscore_1m_15m_2h_20260718,strategies/mtf_vpvr_edge_zscore_1m_15m_2h_20260718/run_backtest.py;strategies/mtf_vpvr_edge_zscore_1m_15m_2h_20260718/strategy.py,False,none_visible,none,cost,,18
mtf_vpvr_edge_zscore_1m_15m_2h_20260718,ACTIVE,,strategies/mtf_vpvr_edge_zscore_1m_15m_2h_20260718,strategies/mtf_vpvr_edge_zscore_1m_15m_2h_20260718/run_backtest.py;strategies/mtf_vpvr_edge_zscore_1m_15m_2h_20260718/strategy.py,False,none_visible,none,evaluation,strategy,18
mtf_vpvr_edge_zscore_1m_15m_2h_20260718,ACTIVE,,strategies/mtf_vpvr_edge_zscore_1m_15m_2h_20260718,strategies/mtf_vpvr_edge_zscore_1m_15m_2h_20260718/run_backtest.py;strategies/mtf_vpvr_edge_zscore_1m_15m_2h_20260718/strategy.py,False,none_visible,none,other,data_loader;run_backtest;strategy,18
mtf_xs_pairs_1m_15m_2h_h1_20260718,ACTIVE,,strategies/mtf_xs_pairs_1m_15m_2h_h1_20260718,strategies/mtf_xs_pairs_1m_15m_2h_h1_20260718/run_backtest.py;strategies/mtf_xs_pairs_1m_15m_2h_h1_20260718/strategy.py,False,none_visible,none,signal,data_loader;test_h1_strategy_20260718,14
mtf_xs_pairs_1m_15m_2h_h1_20260718,ACTIVE,,strategies/mtf_xs_pairs_1m_15m_2h_h1_20260718,strategies/mtf_xs_pairs_1m_15m_2h_h1_20260718/run_backtest.py;strategies/mtf_xs_pairs_1m_15m_2h_h1_20260718/strategy.py,False,none_visible,none,risk/sizing,,14
mtf_xs_pairs_1m_15m_2h_h1_20260718,ACTIVE,,strategies/mtf_xs_pairs_1m_15m_2h_h1_20260718,strategies/mtf_xs_pairs_1m_15m_2h_h1_20260718/run_backtest.py;strategies/mtf_xs_pairs_1m_15m_2h_h1_20260718/strategy.py,False,none_visible,none,execution,test_h1_strategy_20260718,14
mtf_xs_pairs_1m_15m_2h_h1_20260718,ACTIVE,,strategies/mtf_xs_pairs_1m_15m_2h_h1_20260718,strategies/mtf_xs_pairs_1m_15m_2h_h1_20260718/run_backtest.py;strategies/mtf_xs_pairs_1m_15m_2h_h1_20260718/strategy.py,False,none_visible,none,cost,,14
mtf_xs_pairs_1m_15m_2h_h1_20260718,ACTIVE,,strategies/mtf_xs_pairs_1m_15m_2h_h1_20260718,strategies/mtf_xs_pairs_1m_15m_2h_h1_20260718/run_backtest.py;strategies/mtf_xs_pairs_1m_15m_2h_h1_20260718/strategy.py,False,none_visible,none,evaluation,,14
mtf_xs_pairs_1m_15m_2h_h1_20260718,ACTIVE,,strategies/mtf_xs_pairs_1m_15m_2h_h1_20260718,strategies/mtf_xs_pairs_1m_15m_2h_h1_20260718/run_backtest.py;strategies/mtf_xs_pairs_1m_15m_2h_h1_20260718/strategy.py,False,none_visible,none,other,data_loader;run_backtest;test_h1_strategy_20260718;walk_forward,14
mtf_xs_pairs_1m_15m_2h_h2_20260718,ACTIVE,,strategies/mtf_xs_pairs_1m_15m_2h_h2_20260718,strategies/mtf_xs_pairs_1m_15m_2h_h2_20260718/run_backtest.py;strategies/mtf_xs_pairs_1m_15m_2h_h2_20260718/strategy.py,False,none_visible,none,signal,data_loader,5
mtf_xs_pairs_1m_15m_2h_h2_20260718,ACTIVE,,strategies/mtf_xs_pairs_1m_15m_2h_h2_20260718,strategies/mtf_xs_pairs_1m_15m_2h_h2_20260718/run_backtest.py;strategies/mtf_xs_pairs_1m_15m_2h_h2_20260718/strategy.py,False,none_visible,none,risk/sizing,,5
mtf_xs_pairs_1m_15m_2h_h2_20260718,ACTIVE,,strategies/mtf_xs_pairs_1m_15m_2h_h2_20260718,strategies/mtf_xs_pairs_1m_15m_2h_h2_20260718/run_backtest.py;strategies/mtf_xs_pairs_1m_15m_2h_h2_20260718/strategy.py,False,none_visible,none,execution,,5
mtf_xs_pairs_1m_15m_2h_h2_20260718,ACTIVE,,strategies/mtf_xs_pairs_1m_15m_2h_h2_20260718,strategies/mtf_xs_pairs_1m_15m_2h_h2_20260718/run_backtest.py;strategies/mtf_xs_pairs_1m_15m_2h_h2_20260718/strategy.py,False,none_visible,none,cost,,5
mtf_xs_pairs_1m_15m_2h_h2_20260718,ACTIVE,,strategies/mtf_xs_pairs_1m_15m_2h_h2_20260718,strategies/mtf_xs_pairs_1m_15m_2h_h2_20260718/run_backtest.py;strategies/mtf_xs_pairs_1m_15m_2h_h2_20260718/strategy.py,False,none_visible,none,evaluation,,5
mtf_xs_pairs_1m_15m_2h_h2_20260718,ACTIVE,,strategies/mtf_xs_pairs_1m_15m_2h_h2_20260718,strategies/mtf_xs_pairs_1m_15m_2h_h2_20260718/run_backtest.py;strategies/mtf_xs_pairs_1m_15m_2h_h2_20260718/strategy.py,False,none_visible,none,other,data_loader;run_backtest;walk_forward,5
mtf_xs_pairs_1m_15m_2h_h3_20260718,ACTIVE,,strategies/mtf_xs_pairs_1m_15m_2h_h3_20260718,strategies/mtf_xs_pairs_1m_15m_2h_h3_20260718/strategy.py,False,none_visible,manual,signal,data_loader;sizing_sweep,29
mtf_xs_pairs_1m_15m_2h_h3_20260718,ACTIVE,,strategies/mtf_xs_pairs_1m_15m_2h_h3_20260718,strategies/mtf_xs_pairs_1m_15m_2h_h3_20260718/strategy.py,False,none_visible,manual,risk/sizing,sizing_sweep,29
mtf_xs_pairs_1m_15m_2h_h3_20260718,ACTIVE,,strategies/mtf_xs_pairs_1m_15m_2h_h3_20260718,strategies/mtf_xs_pairs_1m_15m_2h_h3_20260718/strategy.py,False,none_visible,manual,execution,,29
mtf_xs_pairs_1m_15m_2h_h3_20260718,ACTIVE,,strategies/mtf_xs_pairs_1m_15m_2h_h3_20260718,strategies/mtf_xs_pairs_1m_15m_2h_h3_20260718/strategy.py,False,none_visible,manual,cost,framework_validate,29
mtf_xs_pairs_1m_15m_2h_h3_20260718,ACTIVE,,strategies/mtf_xs_pairs_1m_15m_2h_h3_20260718,strategies/mtf_xs_pairs_1m_15m_2h_h3_20260718/strategy.py,False,none_visible,manual,evaluation,framework_validate;sizing_sweep,29
mtf_xs_pairs_1m_15m_2h_h3_20260718,ACTIVE,,strategies/mtf_xs_pairs_1m_15m_2h_h3_20260718,strategies/mtf_xs_pairs_1m_15m_2h_h3_20260718/strategy.py,False,none_visible,manual,other,data_loader;framework_validate;sizing_sweep;write_winner_trades,29
mtf_xs_pairs_1m_15m_2h_h4_20260718,ACTIVE,,strategies/mtf_xs_pairs_1m_15m_2h_h4_20260718,,False,none_visible,none,signal,,0
mtf_xs_pairs_1m_15m_2h_h4_20260718,ACTIVE,,strategies/mtf_xs_pairs_1m_15m_2h_h4_20260718,,False,none_visible,none,risk/sizing,,0
mtf_xs_pairs_1m_15m_2h_h4_20260718,ACTIVE,,strategies/mtf_xs_pairs_1m_15m_2h_h4_20260718,,False,none_visible,none,execution,,0
mtf_xs_pairs_1m_15m_2h_h4_20260718,ACTIVE,,strategies/mtf_xs_pairs_1m_15m_2h_h4_20260718,,False,none_visible,none,cost,,0
mtf_xs_pairs_1m_15m_2h_h4_20260718,ACTIVE,,strategies/mtf_xs_pairs_1m_15m_2h_h4_20260718,,False,none_visible,none,evaluation,,0
mtf_xs_pairs_1m_15m_2h_h4_20260718,ACTIVE,,strategies/mtf_xs_pairs_1m_15m_2h_h4_20260718,,False,none_visible,none,other,,0
pairs_cointegration_1d_20260709,ACTIVE,,strategies/pairs_cointegration_1d_20260709,strategies/pairs_cointegration_1d_20260709/run_backtest.py;strategies/pairs_cointegration_1d_20260709/strategy.py;strategies/pairs_cointegration_1d_20260709/tests/test_backtest.py,True,none_visible,none,signal,cointegration;framework_adapter_freqtrade;optimize;run_backtest;strategy;test_backtest;test_cointegration_rolling;test_strategy,89
pairs_cointegration_1d_20260709,ACTIVE,,strategies/pairs_cointegration_1d_20260709,strategies/pairs_cointegration_1d_20260709/run_backtest.py;strategies/pairs_cointegration_1d_20260709/strategy.py;strategies/pairs_cointegration_1d_20260709/tests/test_backtest.py,True,none_visible,none,risk/sizing,framework_adapter_freqtrade;portfolio;test_backtest,89
pairs_cointegration_1d_20260709,ACTIVE,,strategies/pairs_cointegration_1d_20260709,strategies/pairs_cointegration_1d_20260709/run_backtest.py;strategies/pairs_cointegration_1d_20260709/strategy.py;strategies/pairs_cointegration_1d_20260709/tests/test_backtest.py,True,none_visible,none,execution,run_backtest;strategy;test_backtest;test_strategy,89
pairs_cointegration_1d_20260709,ACTIVE,,strategies/pairs_cointegration_1d_20260709,strategies/pairs_cointegration_1d_20260709/run_backtest.py;strategies/pairs_cointegration_1d_20260709/strategy.py;strategies/pairs_cointegration_1d_20260709/tests/test_backtest.py,True,none_visible,none,cost,cointegration;test_cointegration_ols,89
pairs_cointegration_1d_20260709,ACTIVE,,strategies/pairs_cointegration_1d_20260709,strategies/pairs_cointegration_1d_20260709/run_backtest.py;strategies/pairs_cointegration_1d_20260709/strategy.py;strategies/pairs_cointegration_1d_20260709/tests/test_backtest.py,True,none_visible,none,evaluation,cointegration;framework_adapter_freqtrade;optimize;strategy;test_backtest;test_cointegration_ols,89
pairs_cointegration_1d_20260709,ACTIVE,,strategies/pairs_cointegration_1d_20260709,strategies/pairs_cointegration_1d_20260709/run_backtest.py;strategies/pairs_cointegration_1d_20260709/strategy.py;strategies/pairs_cointegration_1d_20260709/tests/test_backtest.py,True,none_visible,none,other,backtest;cointegration;data_loader;framework_adapter_freqtrade;optimize;portfolio;run_backtest;strategy;_synthetic;test_backtest;test_cointegration_eg;test_cointegration_ols;test_cointegration_rolling;test_data_loader;test_portfolio;test_strategy;walk_forward,89
reports,ACTIVE,,strategies/reports,,False,none_visible,manual,signal,_build_correlation;test_correlation_matrix,19
reports,ACTIVE,,strategies/reports,,False,none_visible,manual,risk/sizing,,19
reports,ACTIVE,,strategies/reports,,False,none_visible,manual,execution,,19
reports,ACTIVE,,strategies/reports,,False,none_visible,manual,cost,,19
reports,ACTIVE,,strategies/reports,,False,none_visible,manual,evaluation,_build_correlation;test_correlation_matrix,19
reports,ACTIVE,,strategies/reports,,False,none_visible,manual,other,_build_correlation;test_correlation_matrix,19
trend_funding_drift_4h_1h_20260714,ACTIVE,,strategies/trend_funding_drift_4h_1h_20260714,,False,none_visible,none,signal,,0
trend_funding_drift_4h_1h_20260714,ACTIVE,,strategies/trend_funding_drift_4h_1h_20260714,,False,none_visible,none,risk/sizing,,0
trend_funding_drift_4h_1h_20260714,ACTIVE,,strategies/trend_funding_drift_4h_1h_20260714,,False,none_visible,none,execution,,0
trend_funding_drift_4h_1h_20260714,ACTIVE,,strategies/trend_funding_drift_4h_1h_20260714,,False,none_visible,none,cost,,0
trend_funding_drift_4h_1h_20260714,ACTIVE,,strategies/trend_funding_drift_4h_1h_20260714,,False,none_visible,none,evaluation,,0
trend_funding_drift_4h_1h_20260714,ACTIVE,,strategies/trend_funding_drift_4h_1h_20260714,,False,none_visible,none,other,,0
trend_multi_tf_momentum_cascade_4h_1h_15m_20260714,ACTIVE,,strategies/trend_multi_tf_momentum_cascade_4h_1h_15m_20260714,strategies/trend_multi_tf_momentum_cascade_4h_1h_15m_20260714/run_backtest.py;strategies/trend_multi_tf_momentum_cascade_4h_1h_15m_20260714/strategy.py,False,none_visible,none,signal,strategy,34
trend_multi_tf_momentum_cascade_4h_1h_15m_20260714,ACTIVE,,strategies/trend_multi_tf_momentum_cascade_4h_1h_15m_20260714,strategies/trend_multi_tf_momentum_cascade_4h_1h_15m_20260714/run_backtest.py;strategies/trend_multi_tf_momentum_cascade_4h_1h_15m_20260714/strategy.py,False,none_visible,none,risk/sizing,,34
trend_multi_tf_momentum_cascade_4h_1h_15m_20260714,ACTIVE,,strategies/trend_multi_tf_momentum_cascade_4h_1h_15m_20260714,strategies/trend_multi_tf_momentum_cascade_4h_1h_15m_20260714/run_backtest.py;strategies/trend_multi_tf_momentum_cascade_4h_1h_15m_20260714/strategy.py,False,none_visible,none,execution,strategy,34
trend_multi_tf_momentum_cascade_4h_1h_15m_20260714,ACTIVE,,strategies/trend_multi_tf_momentum_cascade_4h_1h_15m_20260714,strategies/trend_multi_tf_momentum_cascade_4h_1h_15m_20260714/run_backtest.py;strategies/trend_multi_tf_momentum_cascade_4h_1h_15m_20260714/strategy.py,False,none_visible,none,cost,strategy,34
trend_multi_tf_momentum_cascade_4h_1h_15m_20260714,ACTIVE,,strategies/trend_multi_tf_momentum_cascade_4h_1h_15m_20260714,strategies/trend_multi_tf_momentum_cascade_4h_1h_15m_20260714/run_backtest.py;strategies/trend_multi_tf_momentum_cascade_4h_1h_15m_20260714/strategy.py,False,none_visible,none,evaluation,data_loader;test_backtest_outputs;walk_forward,34
trend_multi_tf_momentum_cascade_4h_1h_15m_20260714,ACTIVE,,strategies/trend_multi_tf_momentum_cascade_4h_1h_15m_20260714,strategies/trend_multi_tf_momentum_cascade_4h_1h_15m_20260714/run_backtest.py;strategies/trend_multi_tf_momentum_cascade_4h_1h_15m_20260714/strategy.py,False,none_visible,none,other,data_loader;run_backtest;strategy;test_backtest_outputs;walk_forward,34
trend_regime_gate_1d_adx_4h_1h_20260714,ACTIVE,,strategies/trend_regime_gate_1d_adx_4h_1h_20260714,strategies/trend_regime_gate_1d_adx_4h_1h_20260714/run_backtest.py;strategies/trend_regime_gate_1d_adx_4h_1h_20260714/strategy.py,False,none_visible,none,signal,strategy;test_strategy,54
trend_regime_gate_1d_adx_4h_1h_20260714,ACTIVE,,strategies/trend_regime_gate_1d_adx_4h_1h_20260714,strategies/trend_regime_gate_1d_adx_4h_1h_20260714/run_backtest.py;strategies/trend_regime_gate_1d_adx_4h_1h_20260714/strategy.py,False,none_visible,none,risk/sizing,test_strategy,54
trend_regime_gate_1d_adx_4h_1h_20260714,ACTIVE,,strategies/trend_regime_gate_1d_adx_4h_1h_20260714,strategies/trend_regime_gate_1d_adx_4h_1h_20260714/run_backtest.py;strategies/trend_regime_gate_1d_adx_4h_1h_20260714/strategy.py,False,none_visible,none,execution,strategy;test_strategy,54
trend_regime_gate_1d_adx_4h_1h_20260714,ACTIVE,,strategies/trend_regime_gate_1d_adx_4h_1h_20260714,strategies/trend_regime_gate_1d_adx_4h_1h_20260714/run_backtest.py;strategies/trend_regime_gate_1d_adx_4h_1h_20260714/strategy.py,False,none_visible,none,cost,strategy,54
trend_regime_gate_1d_adx_4h_1h_20260714,ACTIVE,,strategies/trend_regime_gate_1d_adx_4h_1h_20260714,strategies/trend_regime_gate_1d_adx_4h_1h_20260714/run_backtest.py;strategies/trend_regime_gate_1d_adx_4h_1h_20260714/strategy.py,False,none_visible,none,evaluation,data_loader;walk_forward,54
trend_regime_gate_1d_adx_4h_1h_20260714,ACTIVE,,strategies/trend_regime_gate_1d_adx_4h_1h_20260714,strategies/trend_regime_gate_1d_adx_4h_1h_20260714/run_backtest.py;strategies/trend_regime_gate_1d_adx_4h_1h_20260714/strategy.py,False,none_visible,none,other,data_loader;run_backtest;strategy;test_strategy;walk_forward,54
vol_breakout_2tf_vpvr_confluence_4h_20260712,ACTIVE,,strategies/vol_breakout_2tf_vpvr_confluence_4h_20260712,strategies/vol_breakout_2tf_vpvr_confluence_4h_20260712/run_backtest.py;strategies/vol_breakout_2tf_vpvr_confluence_4h_20260712/strategy.py,False,none_visible,none,signal,indicators;test_basic,64
vol_breakout_2tf_vpvr_confluence_4h_20260712,ACTIVE,,strategies/vol_breakout_2tf_vpvr_confluence_4h_20260712,strategies/vol_breakout_2tf_vpvr_confluence_4h_20260712/run_backtest.py;strategies/vol_breakout_2tf_vpvr_confluence_4h_20260712/strategy.py,False,none_visible,none,risk/sizing,strategy;test_basic;walk_forward,64
vol_breakout_2tf_vpvr_confluence_4h_20260712,ACTIVE,,strategies/vol_breakout_2tf_vpvr_confluence_4h_20260712,strategies/vol_breakout_2tf_vpvr_confluence_4h_20260712/run_backtest.py;strategies/vol_breakout_2tf_vpvr_confluence_4h_20260712/strategy.py,False,none_visible,none,execution,strategy,64
vol_breakout_2tf_vpvr_confluence_4h_20260712,ACTIVE,,strategies/vol_breakout_2tf_vpvr_confluence_4h_20260712,strategies/vol_breakout_2tf_vpvr_confluence_4h_20260712/run_backtest.py;strategies/vol_breakout_2tf_vpvr_confluence_4h_20260712/strategy.py,False,none_visible,none,cost,strategy,64
vol_breakout_2tf_vpvr_confluence_4h_20260712,ACTIVE,,strategies/vol_breakout_2tf_vpvr_confluence_4h_20260712,strategies/vol_breakout_2tf_vpvr_confluence_4h_20260712/run_backtest.py;strategies/vol_breakout_2tf_vpvr_confluence_4h_20260712/strategy.py,False,none_visible,none,evaluation,data_loader;run_backtest;strategy;test_basic;walk_forward,64
vol_breakout_2tf_vpvr_confluence_4h_20260712,ACTIVE,,strategies/vol_breakout_2tf_vpvr_confluence_4h_20260712,strategies/vol_breakout_2tf_vpvr_confluence_4h_20260712/run_backtest.py;strategies/vol_breakout_2tf_vpvr_confluence_4h_20260712/strategy.py,False,none_visible,none,other,data_loader;indicators;run_backtest;strategy;test_basic;walk_forward,64
vol_breakout_vpvr_regime_blend_4h_20260714,ACTIVE,,strategies/vol_breakout_vpvr_regime_blend_4h_20260714,,False,none_visible,none,signal,,0
vol_breakout_vpvr_regime_blend_4h_20260714,ACTIVE,,strategies/vol_breakout_vpvr_regime_blend_4h_20260714,,False,none_visible,none,risk/sizing,,0
vol_breakout_vpvr_regime_blend_4h_20260714,ACTIVE,,strategies/vol_breakout_vpvr_regime_blend_4h_20260714,,False,none_visible,none,execution,,0
vol_breakout_vpvr_regime_blend_4h_20260714,ACTIVE,,strategies/vol_breakout_vpvr_regime_blend_4h_20260714,,False,none_visible,none,cost,,0
vol_breakout_vpvr_regime_blend_4h_20260714,ACTIVE,,strategies/vol_breakout_vpvr_regime_blend_4h_20260714,,False,none_visible,none,evaluation,,0
vol_breakout_vpvr_regime_blend_4h_20260714,ACTIVE,,strategies/vol_breakout_vpvr_regime_blend_4h_20260714,,False,none_visible,none,other,,0
vol_breakout_vpvr_val_fade_1h_5m_20260714,ACTIVE,,strategies/vol_breakout_vpvr_val_fade_1h_5m_20260714,strategies/vol_breakout_vpvr_val_fade_1h_5m_20260714/run_backtest.py;strategies/vol_breakout_vpvr_val_fade_1h_5m_20260714/strategy.py,False,none_visible,manual,signal,data_loader,48
vol_breakout_vpvr_val_fade_1h_5m_20260714,ACTIVE,,strategies/vol_breakout_vpvr_val_fade_1h_5m_20260714,strategies/vol_breakout_vpvr_val_fade_1h_5m_20260714/run_backtest.py;strategies/vol_breakout_vpvr_val_fade_1h_5m_20260714/strategy.py,False,none_visible,manual,risk/sizing,framework_adapter_backtrader;framework_adapter_freqtrade;strategy;walk_forward,48
vol_breakout_vpvr_val_fade_1h_5m_20260714,ACTIVE,,strategies/vol_breakout_vpvr_val_fade_1h_5m_20260714,strategies/vol_breakout_vpvr_val_fade_1h_5m_20260714/run_backtest.py;strategies/vol_breakout_vpvr_val_fade_1h_5m_20260714/strategy.py,False,none_visible,manual,execution,strategy,48
vol_breakout_vpvr_val_fade_1h_5m_20260714,ACTIVE,,strategies/vol_breakout_vpvr_val_fade_1h_5m_20260714,strategies/vol_breakout_vpvr_val_fade_1h_5m_20260714/run_backtest.py;strategies/vol_breakout_vpvr_val_fade_1h_5m_20260714/strategy.py,False,none_visible,manual,cost,,48
vol_breakout_vpvr_val_fade_1h_5m_20260714,ACTIVE,,strategies/vol_breakout_vpvr_val_fade_1h_5m_20260714,strategies/vol_breakout_vpvr_val_fade_1h_5m_20260714/run_backtest.py;strategies/vol_breakout_vpvr_val_fade_1h_5m_20260714/strategy.py,False,none_visible,manual,evaluation,data_loader;framework_adapter_backtrader;framework_adapter_freqtrade;b6_bootstrap;b6_fwer;strategy;test_b3_artifacts;walk_forward,48
vol_breakout_vpvr_val_fade_1h_5m_20260714,ACTIVE,,strategies/vol_breakout_vpvr_val_fade_1h_5m_20260714,strategies/vol_breakout_vpvr_val_fade_1h_5m_20260714/run_backtest.py;strategies/vol_breakout_vpvr_val_fade_1h_5m_20260714/strategy.py,False,none_visible,manual,other,data_loader;framework_adapter_backtrader;framework_adapter_freqtrade;run_backtest;b6_aggregate;b6_bootstrap;b6_fwer;strategy;test_b3_artifacts,48
vpvr_carry_term_8h_20260711,ACTIVE,,strategies/vpvr_carry_term_8h_20260711,strategies/vpvr_carry_term_8h_20260711/run_backtest.py;strategies/vpvr_carry_term_8h_20260711/strategy.py,False,none_visible,manual,signal,data_loader;framework_adapter_freqtrade;strategy;test_strategy,55
vpvr_carry_term_8h_20260711,ACTIVE,,strategies/vpvr_carry_term_8h_20260711,strategies/vpvr_carry_term_8h_20260711/run_backtest.py;strategies/vpvr_carry_term_8h_20260711/strategy.py,False,none_visible,manual,risk/sizing,test_framework_adapter_backtrader,55
vpvr_carry_term_8h_20260711,ACTIVE,,strategies/vpvr_carry_term_8h_20260711,strategies/vpvr_carry_term_8h_20260711/run_backtest.py;strategies/vpvr_carry_term_8h_20260711/strategy.py,False,none_visible,manual,execution,strategy;test_strategy,55
vpvr_carry_term_8h_20260711,ACTIVE,,strategies/vpvr_carry_term_8h_20260711,strategies/vpvr_carry_term_8h_20260711/run_backtest.py;strategies/vpvr_carry_term_8h_20260711/strategy.py,False,none_visible,manual,cost,,55
vpvr_carry_term_8h_20260711,ACTIVE,,strategies/vpvr_carry_term_8h_20260711,strategies/vpvr_carry_term_8h_20260711/run_backtest.py;strategies/vpvr_carry_term_8h_20260711/strategy.py,False,none_visible,manual,evaluation,framework_adapter_backtrader;framework_adapter_vectorbt;test_framework_adapter_backtrader;test_strategy,55
vpvr_carry_term_8h_20260711,ACTIVE,,strategies/vpvr_carry_term_8h_20260711,strategies/vpvr_carry_term_8h_20260711/run_backtest.py;strategies/vpvr_carry_term_8h_20260711/strategy.py,False,none_visible,manual,other,data_loader;framework_adapter_backtrader;framework_adapter_freqtrade;framework_adapter_vectorbt;run_backtest;strategy;test_framework_adapter_backtrader;test_strategy,55
vpvr_edge_zscore_15m_only_20260720,ACTIVE,,strategies/vpvr_edge_zscore_15m_only_20260720,strategies/vpvr_edge_zscore_15m_only_20260720/run_backtest.py;strategies/vpvr_edge_zscore_15m_only_20260720/smoke_backtest.py;strategies/vpvr_edge_zscore_15m_only_20260720/strategy.py,False,hardcoded_or_local,manual,signal,,13
vpvr_edge_zscore_15m_only_20260720,ACTIVE,,strategies/vpvr_edge_zscore_15m_only_20260720,strategies/vpvr_edge_zscore_15m_only_20260720/run_backtest.py;strategies/vpvr_edge_zscore_15m_only_20260720/smoke_backtest.py;strategies/vpvr_edge_zscore_15m_only_20260720/strategy.py,False,hardcoded_or_local,manual,risk/sizing,,13
vpvr_edge_zscore_15m_only_20260720,ACTIVE,,strategies/vpvr_edge_zscore_15m_only_20260720,strategies/vpvr_edge_zscore_15m_only_20260720/run_backtest.py;strategies/vpvr_edge_zscore_15m_only_20260720/smoke_backtest.py;strategies/vpvr_edge_zscore_15m_only_20260720/strategy.py,False,hardcoded_or_local,manual,execution,strategy,13
vpvr_edge_zscore_15m_only_20260720,ACTIVE,,strategies/vpvr_edge_zscore_15m_only_20260720,strategies/vpvr_edge_zscore_15m_only_20260720/run_backtest.py;strategies/vpvr_edge_zscore_15m_only_20260720/smoke_backtest.py;strategies/vpvr_edge_zscore_15m_only_20260720/strategy.py,False,hardcoded_or_local,manual,cost,,13
vpvr_edge_zscore_15m_only_20260720,ACTIVE,,strategies/vpvr_edge_zscore_15m_only_20260720,strategies/vpvr_edge_zscore_15m_only_20260720/run_backtest.py;strategies/vpvr_edge_zscore_15m_only_20260720/smoke_backtest.py;strategies/vpvr_edge_zscore_15m_only_20260720/strategy.py,False,hardcoded_or_local,manual,evaluation,run_backtest,13
vpvr_edge_zscore_15m_only_20260720,ACTIVE,,strategies/vpvr_edge_zscore_15m_only_20260720,strategies/vpvr_edge_zscore_15m_only_20260720/run_backtest.py;strategies/vpvr_edge_zscore_15m_only_20260720/smoke_backtest.py;strategies/vpvr_edge_zscore_15m_only_20260720/strategy.py,False,hardcoded_or_local,manual,other,run_backtest;smoke_backtest;strategy,13
vpvr_edge_zscore_multi_tf_1m_15m_2h_20260720,ACTIVE,,strategies/vpvr_edge_zscore_multi_tf_1m_15m_2h_20260720,strategies/vpvr_edge_zscore_multi_tf_1m_15m_2h_20260720/run_backtest.py;strategies/vpvr_edge_zscore_multi_tf_1m_15m_2h_20260720/smoke_backtest.py;strategies/vpvr_edge_zscore_multi_tf_1m_15m_2h_20260720/strategy.py,False,hardcoded_or_local,manual,signal,build_signals;test_signals,36
vpvr_edge_zscore_multi_tf_1m_15m_2h_20260720,ACTIVE,,strategies/vpvr_edge_zscore_multi_tf_1m_15m_2h_20260720,strategies/vpvr_edge_zscore_multi_tf_1m_15m_2h_20260720/run_backtest.py;strategies/vpvr_edge_zscore_multi_tf_1m_15m_2h_20260720/smoke_backtest.py;strategies/vpvr_edge_zscore_multi_tf_1m_15m_2h_20260720/strategy.py,False,hardcoded_or_local,manual,risk/sizing,,36
vpvr_edge_zscore_multi_tf_1m_15m_2h_20260720,ACTIVE,,strategies/vpvr_edge_zscore_multi_tf_1m_15m_2h_20260720,strategies/vpvr_edge_zscore_multi_tf_1m_15m_2h_20260720/run_backtest.py;strategies/vpvr_edge_zscore_multi_tf_1m_15m_2h_20260720/smoke_backtest.py;strategies/vpvr_edge_zscore_multi_tf_1m_15m_2h_20260720/strategy.py,False,hardcoded_or_local,manual,execution,strategy;test_signals,36
vpvr_edge_zscore_multi_tf_1m_15m_2h_20260720,ACTIVE,,strategies/vpvr_edge_zscore_multi_tf_1m_15m_2h_20260720,strategies/vpvr_edge_zscore_multi_tf_1m_15m_2h_20260720/run_backtest.py;strategies/vpvr_edge_zscore_multi_tf_1m_15m_2h_20260720/smoke_backtest.py;strategies/vpvr_edge_zscore_multi_tf_1m_15m_2h_20260720/strategy.py,False,hardcoded_or_local,manual,cost,test_signals,36
vpvr_edge_zscore_multi_tf_1m_15m_2h_20260720,ACTIVE,,strategies/vpvr_edge_zscore_multi_tf_1m_15m_2h_20260720,strategies/vpvr_edge_zscore_multi_tf_1m_15m_2h_20260720/run_backtest.py;strategies/vpvr_edge_zscore_multi_tf_1m_15m_2h_20260720/smoke_backtest.py;strategies/vpvr_edge_zscore_multi_tf_1m_15m_2h_20260720/strategy.py,False,hardcoded_or_local,manual,evaluation,data_loader;run_backtest;test_signals,36
vpvr_edge_zscore_multi_tf_1m_15m_2h_20260720,ACTIVE,,strategies/vpvr_edge_zscore_multi_tf_1m_15m_2h_20260720,strategies/vpvr_edge_zscore_multi_tf_1m_15m_2h_20260720/run_backtest.py;strategies/vpvr_edge_zscore_multi_tf_1m_15m_2h_20260720/smoke_backtest.py;strategies/vpvr_edge_zscore_multi_tf_1m_15m_2h_20260720/strategy.py,False,hardcoded_or_local,manual,other,build_signals;data_loader;run_backtest;smoke_backtest;strategy;test_signals,36
vpvr_inverse_reversion_4h_funding_filter_20260712,ACTIVE,,strategies/vpvr_inverse_reversion_4h_funding_filter_20260712,,False,none_visible,none,signal,,6
vpvr_inverse_reversion_4h_funding_filter_20260712,ACTIVE,,strategies/vpvr_inverse_reversion_4h_funding_filter_20260712,,False,none_visible,none,risk/sizing,,6
vpvr_inverse_reversion_4h_funding_filter_20260712,ACTIVE,,strategies/vpvr_inverse_reversion_4h_funding_filter_20260712,,False,none_visible,none,execution,,6
vpvr_inverse_reversion_4h_funding_filter_20260712,ACTIVE,,strategies/vpvr_inverse_reversion_4h_funding_filter_20260712,,False,none_visible,none,cost,,6
vpvr_inverse_reversion_4h_funding_filter_20260712,ACTIVE,,strategies/vpvr_inverse_reversion_4h_funding_filter_20260712,,False,none_visible,none,evaluation,framework_adapter_freqtrade,6
vpvr_inverse_reversion_4h_funding_filter_20260712,ACTIVE,,strategies/vpvr_inverse_reversion_4h_funding_filter_20260712,,False,none_visible,none,other,framework_adapter_freqtrade,6
vpvr_liquidation_heatmap_15m_20260714,ACTIVE,,strategies/vpvr_liquidation_heatmap_15m_20260714,,False,none_visible,none,signal,,0
vpvr_liquidation_heatmap_15m_20260714,ACTIVE,,strategies/vpvr_liquidation_heatmap_15m_20260714,,False,none_visible,none,risk/sizing,,0
vpvr_liquidation_heatmap_15m_20260714,ACTIVE,,strategies/vpvr_liquidation_heatmap_15m_20260714,,False,none_visible,none,execution,,0
vpvr_liquidation_heatmap_15m_20260714,ACTIVE,,strategies/vpvr_liquidation_heatmap_15m_20260714,,False,none_visible,none,cost,,0
vpvr_liquidation_heatmap_15m_20260714,ACTIVE,,strategies/vpvr_liquidation_heatmap_15m_20260714,,False,none_visible,none,evaluation,,0
vpvr_liquidation_heatmap_15m_20260714,ACTIVE,,strategies/vpvr_liquidation_heatmap_15m_20260714,,False,none_visible,none,other,,0
vpvr_micro_reversion_1h_funding_filter_20260710,ACTIVE,,strategies/vpvr_micro_reversion_1h_funding_filter_20260710,strategies/vpvr_micro_reversion_1h_funding_filter_20260710/run_backtest.py;strategies/vpvr_micro_reversion_1h_funding_filter_20260710/strategy.py,False,none_visible,none,signal,strategy;test_strategy,38
vpvr_micro_reversion_1h_funding_filter_20260710,ACTIVE,,strategies/vpvr_micro_reversion_1h_funding_filter_20260710,strategies/vpvr_micro_reversion_1h_funding_filter_20260710/run_backtest.py;strategies/vpvr_micro_reversion_1h_funding_filter_20260710/strategy.py,False,none_visible,none,risk/sizing,,38
vpvr_micro_reversion_1h_funding_filter_20260710,ACTIVE,,strategies/vpvr_micro_reversion_1h_funding_filter_20260710,strategies/vpvr_micro_reversion_1h_funding_filter_20260710/run_backtest.py;strategies/vpvr_micro_reversion_1h_funding_filter_20260710/strategy.py,False,none_visible,none,execution,strategy;test_strategy,38
vpvr_micro_reversion_1h_funding_filter_20260710,ACTIVE,,strategies/vpvr_micro_reversion_1h_funding_filter_20260710,strategies/vpvr_micro_reversion_1h_funding_filter_20260710/run_backtest.py;strategies/vpvr_micro_reversion_1h_funding_filter_20260710/strategy.py,False,none_visible,none,cost,,38
vpvr_micro_reversion_1h_funding_filter_20260710,ACTIVE,,strategies/vpvr_micro_reversion_1h_funding_filter_20260710,strategies/vpvr_micro_reversion_1h_funding_filter_20260710/run_backtest.py;strategies/vpvr_micro_reversion_1h_funding_filter_20260710/strategy.py,False,none_visible,none,evaluation,run_backtest;test_strategy,38
vpvr_micro_reversion_1h_funding_filter_20260710,ACTIVE,,strategies/vpvr_micro_reversion_1h_funding_filter_20260710,strategies/vpvr_micro_reversion_1h_funding_filter_20260710/run_backtest.py;strategies/vpvr_micro_reversion_1h_funding_filter_20260710/strategy.py,False,none_visible,none,other,data_loader;run_backtest;strategy;test_data_loader;test_strategy,38
vpvr_mtf_consensus_v2_4h_20260714,ACTIVE,,strategies/vpvr_mtf_consensus_v2_4h_20260714,,False,none_visible,none,signal,,0
vpvr_mtf_consensus_v2_4h_20260714,ACTIVE,,strategies/vpvr_mtf_consensus_v2_4h_20260714,,False,none_visible,none,risk/sizing,,0
vpvr_mtf_consensus_v2_4h_20260714,ACTIVE,,strategies/vpvr_mtf_consensus_v2_4h_20260714,,False,none_visible,none,execution,,0
vpvr_mtf_consensus_v2_4h_20260714,ACTIVE,,strategies/vpvr_mtf_consensus_v2_4h_20260714,,False,none_visible,none,cost,,0
vpvr_mtf_consensus_v2_4h_20260714,ACTIVE,,strategies/vpvr_mtf_consensus_v2_4h_20260714,,False,none_visible,none,evaluation,,0
vpvr_mtf_consensus_v2_4h_20260714,ACTIVE,,strategies/vpvr_mtf_consensus_v2_4h_20260714,,False,none_visible,none,other,,0
vpvr_oi_divergence_4h_20260713,ACTIVE,,strategies/vpvr_oi_divergence_4h_20260713,,False,none_visible,none,signal,,0
vpvr_oi_divergence_4h_20260713,ACTIVE,,strategies/vpvr_oi_divergence_4h_20260713,,False,none_visible,none,risk/sizing,,0
vpvr_oi_divergence_4h_20260713,ACTIVE,,strategies/vpvr_oi_divergence_4h_20260713,,False,none_visible,none,execution,,0
vpvr_oi_divergence_4h_20260713,ACTIVE,,strategies/vpvr_oi_divergence_4h_20260713,,False,none_visible,none,cost,,0
vpvr_oi_divergence_4h_20260713,ACTIVE,,strategies/vpvr_oi_divergence_4h_20260713,,False,none_visible,none,evaluation,,0
vpvr_oi_divergence_4h_20260713,ACTIVE,,strategies/vpvr_oi_divergence_4h_20260713,,False,none_visible,none,other,,0
vpvr_regime_blend_4h_20260714,ACTIVE,,strategies/vpvr_regime_blend_4h_20260714,,False,none_visible,none,signal,,0
vpvr_regime_blend_4h_20260714,ACTIVE,,strategies/vpvr_regime_blend_4h_20260714,,False,none_visible,none,risk/sizing,,0
vpvr_regime_blend_4h_20260714,ACTIVE,,strategies/vpvr_regime_blend_4h_20260714,,False,none_visible,none,execution,,0
vpvr_regime_blend_4h_20260714,ACTIVE,,strategies/vpvr_regime_blend_4h_20260714,,False,none_visible,none,cost,,0
vpvr_regime_blend_4h_20260714,ACTIVE,,strategies/vpvr_regime_blend_4h_20260714,,False,none_visible,none,evaluation,,0
vpvr_regime_blend_4h_20260714,ACTIVE,,strategies/vpvr_regime_blend_4h_20260714,,False,none_visible,none,other,,0
vpvr_regime_reversion_4h_vol_switch_20260710,ACTIVE,,strategies/vpvr_regime_reversion_4h_vol_switch_20260710,strategies/vpvr_regime_reversion_4h_vol_switch_20260710/run_backtest.py;strategies/vpvr_regime_reversion_4h_vol_switch_20260710/strategy.py,False,none_visible,manual,signal,strategy;test_strategy,31
vpvr_regime_reversion_4h_vol_switch_20260710,ACTIVE,,strategies/vpvr_regime_reversion_4h_vol_switch_20260710,strategies/vpvr_regime_reversion_4h_vol_switch_20260710/run_backtest.py;strategies/vpvr_regime_reversion_4h_vol_switch_20260710/strategy.py,False,none_visible,manual,risk/sizing,,31
vpvr_regime_reversion_4h_vol_switch_20260710,ACTIVE,,strategies/vpvr_regime_reversion_4h_vol_switch_20260710,strategies/vpvr_regime_reversion_4h_vol_switch_20260710/run_backtest.py;strategies/vpvr_regime_reversion_4h_vol_switch_20260710/strategy.py,False,none_visible,manual,execution,strategy;test_strategy,31
vpvr_regime_reversion_4h_vol_switch_20260710,ACTIVE,,strategies/vpvr_regime_reversion_4h_vol_switch_20260710,strategies/vpvr_regime_reversion_4h_vol_switch_20260710/run_backtest.py;strategies/vpvr_regime_reversion_4h_vol_switch_20260710/strategy.py,False,none_visible,manual,cost,,31
vpvr_regime_reversion_4h_vol_switch_20260710,ACTIVE,,strategies/vpvr_regime_reversion_4h_vol_switch_20260710,strategies/vpvr_regime_reversion_4h_vol_switch_20260710/run_backtest.py;strategies/vpvr_regime_reversion_4h_vol_switch_20260710/strategy.py,False,none_visible,manual,evaluation,,31
vpvr_regime_reversion_4h_vol_switch_20260710,ACTIVE,,strategies/vpvr_regime_reversion_4h_vol_switch_20260710,strategies/vpvr_regime_reversion_4h_vol_switch_20260710/run_backtest.py;strategies/vpvr_regime_reversion_4h_vol_switch_20260710/strategy.py,False,none_visible,manual,other,data_loader;run_backtest;strategy;test_strategy,31
vpvr_reversal_check_20260717,ACTIVE,,strategies/vpvr_reversal_check_20260717,strategies/vpvr_reversal_check_20260717/run_cross_check.py,False,none_visible,none,signal,run_cross_check,15
vpvr_reversal_check_20260717,ACTIVE,,strategies/vpvr_reversal_check_20260717,strategies/vpvr_reversal_check_20260717/run_cross_check.py,False,none_visible,none,risk/sizing,,15
vpvr_reversal_check_20260717,ACTIVE,,strategies/vpvr_reversal_check_20260717,strategies/vpvr_reversal_check_20260717/run_cross_check.py,False,none_visible,none,execution,,15
vpvr_reversal_check_20260717,ACTIVE,,strategies/vpvr_reversal_check_20260717,strategies/vpvr_reversal_check_20260717/run_cross_check.py,False,none_visible,none,cost,,15
vpvr_reversal_check_20260717,ACTIVE,,strategies/vpvr_reversal_check_20260717,strategies/vpvr_reversal_check_20260717/run_cross_check.py,False,none_visible,none,evaluation,,15
vpvr_reversal_check_20260717,ACTIVE,,strategies/vpvr_reversal_check_20260717,strategies/vpvr_reversal_check_20260717/run_cross_check.py,False,none_visible,none,other,run_cross_check,15
vpvr_reversion_15m_donchian_regime_20260709,ACTIVE,,strategies/vpvr_reversion_15m_donchian_regime_20260709,strategies/vpvr_reversion_15m_donchian_regime_20260709/run_backtest.py;strategies/vpvr_reversion_15m_donchian_regime_20260709/strategy.py,False,none_visible,none,signal,strategy;test_strategy,32
vpvr_reversion_15m_donchian_regime_20260709,ACTIVE,,strategies/vpvr_reversion_15m_donchian_regime_20260709,strategies/vpvr_reversion_15m_donchian_regime_20260709/run_backtest.py;strategies/vpvr_reversion_15m_donchian_regime_20260709/strategy.py,False,none_visible,none,risk/sizing,,32
vpvr_reversion_15m_donchian_regime_20260709,ACTIVE,,strategies/vpvr_reversion_15m_donchian_regime_20260709,strategies/vpvr_reversion_15m_donchian_regime_20260709/run_backtest.py;strategies/vpvr_reversion_15m_donchian_regime_20260709/strategy.py,False,none_visible,none,execution,strategy,32
vpvr_reversion_15m_donchian_regime_20260709,ACTIVE,,strategies/vpvr_reversion_15m_donchian_regime_20260709,strategies/vpvr_reversion_15m_donchian_regime_20260709/run_backtest.py;strategies/vpvr_reversion_15m_donchian_regime_20260709/strategy.py,False,none_visible,none,cost,,32
vpvr_reversion_15m_donchian_regime_20260709,ACTIVE,,strategies/vpvr_reversion_15m_donchian_regime_20260709,strategies/vpvr_reversion_15m_donchian_regime_20260709/run_backtest.py;strategies/vpvr_reversion_15m_donchian_regime_20260709/strategy.py,False,none_visible,none,evaluation,,32
vpvr_reversion_15m_donchian_regime_20260709,ACTIVE,,strategies/vpvr_reversion_15m_donchian_regime_20260709,strategies/vpvr_reversion_15m_donchian_regime_20260709/run_backtest.py;strategies/vpvr_reversion_15m_donchian_regime_20260709/strategy.py,False,none_visible,none,other,data_loader;run_backtest;strategy;test_data_loader;test_strategy,32
vpvr_reversion_15m_vrp_filter_20260713,ACTIVE,,strategies/vpvr_reversion_15m_vrp_filter_20260713,,False,none_visible,none,signal,,0
vpvr_reversion_15m_vrp_filter_20260713,ACTIVE,,strategies/vpvr_reversion_15m_vrp_filter_20260713,,False,none_visible,none,risk/sizing,,0
vpvr_reversion_15m_vrp_filter_20260713,ACTIVE,,strategies/vpvr_reversion_15m_vrp_filter_20260713,,False,none_visible,none,execution,,0
vpvr_reversion_15m_vrp_filter_20260713,ACTIVE,,strategies/vpvr_reversion_15m_vrp_filter_20260713,,False,none_visible,none,cost,,0
vpvr_reversion_15m_vrp_filter_20260713,ACTIVE,,strategies/vpvr_reversion_15m_vrp_filter_20260713,,False,none_visible,none,evaluation,,0
vpvr_reversion_15m_vrp_filter_20260713,ACTIVE,,strategies/vpvr_reversion_15m_vrp_filter_20260713,,False,none_visible,none,other,,0
vpvr_reversion_4h_stablecoin_netflow_20260713,ACTIVE,,strategies/vpvr_reversion_4h_stablecoin_netflow_20260713,,False,none_visible,none,signal,,0
vpvr_reversion_4h_stablecoin_netflow_20260713,ACTIVE,,strategies/vpvr_reversion_4h_stablecoin_netflow_20260713,,False,none_visible,none,risk/sizing,,0
vpvr_reversion_4h_stablecoin_netflow_20260713,ACTIVE,,strategies/vpvr_reversion_4h_stablecoin_netflow_20260713,,False,none_visible,none,execution,,0
vpvr_reversion_4h_stablecoin_netflow_20260713,ACTIVE,,strategies/vpvr_reversion_4h_stablecoin_netflow_20260713,,False,none_visible,none,cost,,0
vpvr_reversion_4h_stablecoin_netflow_20260713,ACTIVE,,strategies/vpvr_reversion_4h_stablecoin_netflow_20260713,,False,none_visible,none,evaluation,,0
vpvr_reversion_4h_stablecoin_netflow_20260713,ACTIVE,,strategies/vpvr_reversion_4h_stablecoin_netflow_20260713,,False,none_visible,none,other,,0
vpvr_reversion_5m_vwap_trail_20260709,ACTIVE,,strategies/vpvr_reversion_5m_vwap_trail_20260709,strategies/vpvr_reversion_5m_vwap_trail_20260709/run_backtest.py;strategies/vpvr_reversion_5m_vwap_trail_20260709/strategy.py,False,none_visible,none,signal,strategy;test_strategy,41
vpvr_reversion_5m_vwap_trail_20260709,ACTIVE,,strategies/vpvr_reversion_5m_vwap_trail_20260709,strategies/vpvr_reversion_5m_vwap_trail_20260709/run_backtest.py;strategies/vpvr_reversion_5m_vwap_trail_20260709/strategy.py,False,none_visible,none,risk/sizing,,41
vpvr_reversion_5m_vwap_trail_20260709,ACTIVE,,strategies/vpvr_reversion_5m_vwap_trail_20260709,strategies/vpvr_reversion_5m_vwap_trail_20260709/run_backtest.py;strategies/vpvr_reversion_5m_vwap_trail_20260709/strategy.py,False,none_visible,none,execution,strategy,41
vpvr_reversion_5m_vwap_trail_20260709,ACTIVE,,strategies/vpvr_reversion_5m_vwap_trail_20260709,strategies/vpvr_reversion_5m_vwap_trail_20260709/run_backtest.py;strategies/vpvr_reversion_5m_vwap_trail_20260709/strategy.py,False,none_visible,none,cost,,41
vpvr_reversion_5m_vwap_trail_20260709,ACTIVE,,strategies/vpvr_reversion_5m_vwap_trail_20260709,strategies/vpvr_reversion_5m_vwap_trail_20260709/run_backtest.py;strategies/vpvr_reversion_5m_vwap_trail_20260709/strategy.py,False,none_visible,none,evaluation,framework_adapter_vectorbt,41
vpvr_reversion_5m_vwap_trail_20260709,ACTIVE,,strategies/vpvr_reversion_5m_vwap_trail_20260709,strategies/vpvr_reversion_5m_vwap_trail_20260709/run_backtest.py;strategies/vpvr_reversion_5m_vwap_trail_20260709/strategy.py,False,none_visible,none,other,data_loader;framework_adapter_vectorbt;run_backtest;strategy;test_data_loader;test_strategy,41
vpvr_tod_session_filter_15m_20260715,ACTIVE,,strategies/vpvr_tod_session_filter_15m_20260715,strategies/vpvr_tod_session_filter_15m_20260715/run_backtest.py;strategies/vpvr_tod_session_filter_15m_20260715/strategy.py,False,none_visible,none,signal,build_signals;test_signals,26
vpvr_tod_session_filter_15m_20260715,ACTIVE,,strategies/vpvr_tod_session_filter_15m_20260715,strategies/vpvr_tod_session_filter_15m_20260715/run_backtest.py;strategies/vpvr_tod_session_filter_15m_20260715/strategy.py,False,none_visible,none,risk/sizing,,26
vpvr_tod_session_filter_15m_20260715,ACTIVE,,strategies/vpvr_tod_session_filter_15m_20260715,strategies/vpvr_tod_session_filter_15m_20260715/run_backtest.py;strategies/vpvr_tod_session_filter_15m_20260715/strategy.py,False,none_visible,none,execution,strategy;test_signals,26
vpvr_tod_session_filter_15m_20260715,ACTIVE,,strategies/vpvr_tod_session_filter_15m_20260715,strategies/vpvr_tod_session_filter_15m_20260715/run_backtest.py;strategies/vpvr_tod_session_filter_15m_20260715/strategy.py,False,none_visible,none,cost,,26
vpvr_tod_session_filter_15m_20260715,ACTIVE,,strategies/vpvr_tod_session_filter_15m_20260715,strategies/vpvr_tod_session_filter_15m_20260715/run_backtest.py;strategies/vpvr_tod_session_filter_15m_20260715/strategy.py,False,none_visible,none,evaluation,run_backtest,26
vpvr_tod_session_filter_15m_20260715,ACTIVE,,strategies/vpvr_tod_session_filter_15m_20260715,strategies/vpvr_tod_session_filter_15m_20260715/run_backtest.py;strategies/vpvr_tod_session_filter_15m_20260715/strategy.py,False,none_visible,none,other,data_loader;run_backtest;strategy;test_signals;tod_calendar,26
vpvr_volume_edge_3tf_v1_20260711,ACTIVE,,strategies/vpvr_volume_edge_3tf_v1_20260711,strategies/vpvr_volume_edge_3tf_v1_20260711/run_backtest.py;strategies/vpvr_volume_edge_3tf_v1_20260711/strategy.py,False,none_visible,none,signal,strategy,38
vpvr_volume_edge_3tf_v1_20260711,ACTIVE,,strategies/vpvr_volume_edge_3tf_v1_20260711,strategies/vpvr_volume_edge_3tf_v1_20260711/run_backtest.py;strategies/vpvr_volume_edge_3tf_v1_20260711/strategy.py,False,none_visible,none,risk/sizing,,38
vpvr_volume_edge_3tf_v1_20260711,ACTIVE,,strategies/vpvr_volume_edge_3tf_v1_20260711,strategies/vpvr_volume_edge_3tf_v1_20260711/run_backtest.py;strategies/vpvr_volume_edge_3tf_v1_20260711/strategy.py,False,none_visible,none,execution,strategy,38
vpvr_volume_edge_3tf_v1_20260711,ACTIVE,,strategies/vpvr_volume_edge_3tf_v1_20260711,strategies/vpvr_volume_edge_3tf_v1_20260711/run_backtest.py;strategies/vpvr_volume_edge_3tf_v1_20260711/strategy.py,False,none_visible,none,cost,strategy,38
vpvr_volume_edge_3tf_v1_20260711,ACTIVE,,strategies/vpvr_volume_edge_3tf_v1_20260711,strategies/vpvr_volume_edge_3tf_v1_20260711/run_backtest.py;strategies/vpvr_volume_edge_3tf_v1_20260711/strategy.py,False,none_visible,none,evaluation,data_loader;test_backtest_outputs;walk_forward,38
vpvr_volume_edge_3tf_v1_20260711,ACTIVE,,strategies/vpvr_volume_edge_3tf_v1_20260711,strategies/vpvr_volume_edge_3tf_v1_20260711/run_backtest.py;strategies/vpvr_volume_edge_3tf_v1_20260711/strategy.py,False,none_visible,none,other,data_loader;rebuild_summary;run_backtest;strategy;test_backtest_outputs;walk_forward,38
vpvr_xs_basis_15m_cross_exchange_20260713,ACTIVE,,strategies/vpvr_xs_basis_15m_cross_exchange_20260713,,False,none_visible,none,signal,,0
vpvr_xs_basis_15m_cross_exchange_20260713,ACTIVE,,strategies/vpvr_xs_basis_15m_cross_exchange_20260713,,False,none_visible,none,risk/sizing,,0
vpvr_xs_basis_15m_cross_exchange_20260713,ACTIVE,,strategies/vpvr_xs_basis_15m_cross_exchange_20260713,,False,none_visible,none,execution,,0
vpvr_xs_basis_15m_cross_exchange_20260713,ACTIVE,,strategies/vpvr_xs_basis_15m_cross_exchange_20260713,,False,none_visible,none,cost,,0
vpvr_xs_basis_15m_cross_exchange_20260713,ACTIVE,,strategies/vpvr_xs_basis_15m_cross_exchange_20260713,,False,none_visible,none,evaluation,,0
vpvr_xs_basis_15m_cross_exchange_20260713,ACTIVE,,strategies/vpvr_xs_basis_15m_cross_exchange_20260713,,False,none_visible,none,other,,0
vpvr_xs_basis_zscore_15m_funding_filter_20260712,ACTIVE,,strategies/vpvr_xs_basis_zscore_15m_funding_filter_20260712,strategies/vpvr_xs_basis_zscore_15m_funding_filter_20260712/run_backtest.py;strategies/vpvr_xs_basis_zscore_15m_funding_filter_20260712/run_cpcv.py;strategies/vpvr_xs_basis_zscore_15m_funding_filter_20260712/strategy.py,True,_shared,manual,signal,data_loader;framework_adapter_backtrader;framework_adapter_freqtrade;strategy;test_v72_basis_zscore,61
vpvr_xs_basis_zscore_15m_funding_filter_20260712,ACTIVE,,strategies/vpvr_xs_basis_zscore_15m_funding_filter_20260712,strategies/vpvr_xs_basis_zscore_15m_funding_filter_20260712/run_backtest.py;strategies/vpvr_xs_basis_zscore_15m_funding_filter_20260712/run_cpcv.py;strategies/vpvr_xs_basis_zscore_15m_funding_filter_20260712/strategy.py,True,_shared,manual,risk/sizing,,61
vpvr_xs_basis_zscore_15m_funding_filter_20260712,ACTIVE,,strategies/vpvr_xs_basis_zscore_15m_funding_filter_20260712,strategies/vpvr_xs_basis_zscore_15m_funding_filter_20260712/run_backtest.py;strategies/vpvr_xs_basis_zscore_15m_funding_filter_20260712/run_cpcv.py;strategies/vpvr_xs_basis_zscore_15m_funding_filter_20260712/strategy.py,True,_shared,manual,execution,strategy;test_v72_basis_zscore,61
vpvr_xs_basis_zscore_15m_funding_filter_20260712,ACTIVE,,strategies/vpvr_xs_basis_zscore_15m_funding_filter_20260712,strategies/vpvr_xs_basis_zscore_15m_funding_filter_20260712/run_backtest.py;strategies/vpvr_xs_basis_zscore_15m_funding_filter_20260712/run_cpcv.py;strategies/vpvr_xs_basis_zscore_15m_funding_filter_20260712/strategy.py,True,_shared,manual,cost,strategy,61
vpvr_xs_basis_zscore_15m_funding_filter_20260712,ACTIVE,,strategies/vpvr_xs_basis_zscore_15m_funding_filter_20260712,strategies/vpvr_xs_basis_zscore_15m_funding_filter_20260712/run_backtest.py;strategies/vpvr_xs_basis_zscore_15m_funding_filter_20260712/run_cpcv.py;strategies/vpvr_xs_basis_zscore_15m_funding_filter_20260712/strategy.py,True,_shared,manual,evaluation,framework_adapter_backtrader;framework_adapter_freqtrade;run_cpcv;strategy;test_v72_basis_zscore,61
vpvr_xs_basis_zscore_15m_funding_filter_20260712,ACTIVE,,strategies/vpvr_xs_basis_zscore_15m_funding_filter_20260712,strategies/vpvr_xs_basis_zscore_15m_funding_filter_20260712/run_backtest.py;strategies/vpvr_xs_basis_zscore_15m_funding_filter_20260712/run_cpcv.py;strategies/vpvr_xs_basis_zscore_15m_funding_filter_20260712/strategy.py,True,_shared,manual,other,data_loader;framework_adapter_backtrader;framework_adapter_freqtrade;run_backtest;run_cpcv;strategy;test_v72_basis_zscore;walk_forward,61
vpvr_xs_corr_breakdown_4h_20260714,ACTIVE,,strategies/vpvr_xs_corr_breakdown_4h_20260714,,False,none_visible,none,signal,,0
vpvr_xs_corr_breakdown_4h_20260714,ACTIVE,,strategies/vpvr_xs_corr_breakdown_4h_20260714,,False,none_visible,none,risk/sizing,,0
vpvr_xs_corr_breakdown_4h_20260714,ACTIVE,,strategies/vpvr_xs_corr_breakdown_4h_20260714,,False,none_visible,none,execution,,0
vpvr_xs_corr_breakdown_4h_20260714,ACTIVE,,strategies/vpvr_xs_corr_breakdown_4h_20260714,,False,none_visible,none,cost,,0
vpvr_xs_corr_breakdown_4h_20260714,ACTIVE,,strategies/vpvr_xs_corr_breakdown_4h_20260714,,False,none_visible,none,evaluation,,0
vpvr_xs_corr_breakdown_4h_20260714,ACTIVE,,strategies/vpvr_xs_corr_breakdown_4h_20260714,,False,none_visible,none,other,,0
vpvr_xs_reversion_1d_momentum_filter_20260709,ACTIVE,,strategies/vpvr_xs_reversion_1d_momentum_filter_20260709,strategies/vpvr_xs_reversion_1d_momentum_filter_20260709/run_backtest.py;strategies/vpvr_xs_reversion_1d_momentum_filter_20260709/strategy.py,False,none_visible,none,signal,strategy;test_strategy,25
vpvr_xs_reversion_1d_momentum_filter_20260709,ACTIVE,,strategies/vpvr_xs_reversion_1d_momentum_filter_20260709,strategies/vpvr_xs_reversion_1d_momentum_filter_20260709/run_backtest.py;strategies/vpvr_xs_reversion_1d_momentum_filter_20260709/strategy.py,False,none_visible,none,risk/sizing,strategy,25
vpvr_xs_reversion_1d_momentum_filter_20260709,ACTIVE,,strategies/vpvr_xs_reversion_1d_momentum_filter_20260709,strategies/vpvr_xs_reversion_1d_momentum_filter_20260709/run_backtest.py;strategies/vpvr_xs_reversion_1d_momentum_filter_20260709/strategy.py,False,none_visible,none,execution,strategy;test_strategy,25
vpvr_xs_reversion_1d_momentum_filter_20260709,ACTIVE,,strategies/vpvr_xs_reversion_1d_momentum_filter_20260709,strategies/vpvr_xs_reversion_1d_momentum_filter_20260709/run_backtest.py;strategies/vpvr_xs_reversion_1d_momentum_filter_20260709/strategy.py,False,none_visible,none,cost,,25
vpvr_xs_reversion_1d_momentum_filter_20260709,ACTIVE,,strategies/vpvr_xs_reversion_1d_momentum_filter_20260709,strategies/vpvr_xs_reversion_1d_momentum_filter_20260709/run_backtest.py;strategies/vpvr_xs_reversion_1d_momentum_filter_20260709/strategy.py,False,none_visible,none,evaluation,test_strategy,25
vpvr_xs_reversion_1d_momentum_filter_20260709,ACTIVE,,strategies/vpvr_xs_reversion_1d_momentum_filter_20260709,strategies/vpvr_xs_reversion_1d_momentum_filter_20260709/run_backtest.py;strategies/vpvr_xs_reversion_1d_momentum_filter_20260709/strategy.py,False,none_visible,none,other,data_loader;run_backtest;strategy;test_data_loader;test_strategy,25
vpvr_xs_smart_routing_15m_20260715,ACTIVE,,strategies/vpvr_xs_smart_routing_15m_20260715,strategies/vpvr_xs_smart_routing_15m_20260715/run_backtest.py;strategies/vpvr_xs_smart_routing_15m_20260715/strategy.py,False,none_visible,none,signal,framework_adapter_backtrader;strategy;test_v3_basic,28
vpvr_xs_smart_routing_15m_20260715,ACTIVE,,strategies/vpvr_xs_smart_routing_15m_20260715,strategies/vpvr_xs_smart_routing_15m_20260715/run_backtest.py;strategies/vpvr_xs_smart_routing_15m_20260715/strategy.py,False,none_visible,none,risk/sizing,,28
vpvr_xs_smart_routing_15m_20260715,ACTIVE,,strategies/vpvr_xs_smart_routing_15m_20260715,strategies/vpvr_xs_smart_routing_15m_20260715/run_backtest.py;strategies/vpvr_xs_smart_routing_15m_20260715/strategy.py,False,none_visible,none,execution,strategy;test_v3_basic,28
vpvr_xs_smart_routing_15m_20260715,ACTIVE,,strategies/vpvr_xs_smart_routing_15m_20260715,strategies/vpvr_xs_smart_routing_15m_20260715/run_backtest.py;strategies/vpvr_xs_smart_routing_15m_20260715/strategy.py,False,none_visible,none,cost,,28
vpvr_xs_smart_routing_15m_20260715,ACTIVE,,strategies/vpvr_xs_smart_routing_15m_20260715,strategies/vpvr_xs_smart_routing_15m_20260715/run_backtest.py;strategies/vpvr_xs_smart_routing_15m_20260715/strategy.py,False,none_visible,none,evaluation,framework_adapter_backtrader;framework_adapter_freqtrade,28
vpvr_xs_smart_routing_15m_20260715,ACTIVE,,strategies/vpvr_xs_smart_routing_15m_20260715,strategies/vpvr_xs_smart_routing_15m_20260715/run_backtest.py;strategies/vpvr_xs_smart_routing_15m_20260715/strategy.py,False,none_visible,none,other,data_loader;framework_adapter_backtrader;framework_adapter_freqtrade;run_backtest;strategy;test_v3_basic,28
xs_momentum_rank_1d_20260709,ACTIVE,,strategies/xs_momentum_rank_1d_20260709,strategies/xs_momentum_rank_1d_20260709/run_backtest.py;strategies/xs_momentum_rank_1d_20260709/strategy.py;strategies/xs_momentum_rank_1d_20260709/tests/test_backtest.py,False,none_visible,manual,signal,strategy;test_portfolio;test_strategy;test_universe;universe,96
xs_momentum_rank_1d_20260709,ACTIVE,,strategies/xs_momentum_rank_1d_20260709,strategies/xs_momentum_rank_1d_20260709/run_backtest.py;strategies/xs_momentum_rank_1d_20260709/strategy.py;strategies/xs_momentum_rank_1d_20260709/tests/test_backtest.py,False,none_visible,manual,risk/sizing,backtest;portfolio;test_performance_report;test_portfolio,96
xs_momentum_rank_1d_20260709,ACTIVE,,strategies/xs_momentum_rank_1d_20260709,strategies/xs_momentum_rank_1d_20260709/run_backtest.py;strategies/xs_momentum_rank_1d_20260709/strategy.py;strategies/xs_momentum_rank_1d_20260709/tests/test_backtest.py,False,none_visible,manual,execution,backtest;test_backtest;test_strategy,96
xs_momentum_rank_1d_20260709,ACTIVE,,strategies/xs_momentum_rank_1d_20260709,strategies/xs_momentum_rank_1d_20260709/run_backtest.py;strategies/xs_momentum_rank_1d_20260709/strategy.py;strategies/xs_momentum_rank_1d_20260709/tests/test_backtest.py,False,none_visible,manual,cost,backtest,96
xs_momentum_rank_1d_20260709,ACTIVE,,strategies/xs_momentum_rank_1d_20260709,strategies/xs_momentum_rank_1d_20260709/run_backtest.py;strategies/xs_momentum_rank_1d_20260709/strategy.py;strategies/xs_momentum_rank_1d_20260709/tests/test_backtest.py,False,none_visible,manual,evaluation,strategy;test_strategy;test_walk_forward;walk_forward,96
xs_momentum_rank_1d_20260709,ACTIVE,,strategies/xs_momentum_rank_1d_20260709,strategies/xs_momentum_rank_1d_20260709/run_backtest.py;strategies/xs_momentum_rank_1d_20260709/strategy.py;strategies/xs_momentum_rank_1d_20260709/tests/test_backtest.py,False,none_visible,manual,other,backtest;data_loader;portfolio;run_backtest;strategy;test_backtest;test_performance_report;test_portfolio;test_strategy;test_universe;test_walk_forward;universe;walk_forward,96
bb_reversion_rsi_1m_20260707,GRAVEYARD,1m_klines_reversal,strategies/_graveyard/1m_klines_reversal/bb_reversion_rsi_1m_20260707,strategies/_graveyard/1m_klines_reversal/bb_reversion_rsi_1m_20260707/run_backtest.py;strategies/_graveyard/1m_klines_reversal/bb_reversion_rsi_1m_20260707/strategy.py,False,none_visible,none,signal,strategy;test_strategy,37
bb_reversion_rsi_1m_20260707,GRAVEYARD,1m_klines_reversal,strategies/_graveyard/1m_klines_reversal/bb_reversion_rsi_1m_20260707,strategies/_graveyard/1m_klines_reversal/bb_reversion_rsi_1m_20260707/run_backtest.py;strategies/_graveyard/1m_klines_reversal/bb_reversion_rsi_1m_20260707/strategy.py,False,none_visible,none,risk/sizing,,37
bb_reversion_rsi_1m_20260707,GRAVEYARD,1m_klines_reversal,strategies/_graveyard/1m_klines_reversal/bb_reversion_rsi_1m_20260707,strategies/_graveyard/1m_klines_reversal/bb_reversion_rsi_1m_20260707/run_backtest.py;strategies/_graveyard/1m_klines_reversal/bb_reversion_rsi_1m_20260707/strategy.py,False,none_visible,none,execution,strategy;test_strategy,37
bb_reversion_rsi_1m_20260707,GRAVEYARD,1m_klines_reversal,strategies/_graveyard/1m_klines_reversal/bb_reversion_rsi_1m_20260707,strategies/_graveyard/1m_klines_reversal/bb_reversion_rsi_1m_20260707/run_backtest.py;strategies/_graveyard/1m_klines_reversal/bb_reversion_rsi_1m_20260707/strategy.py,False,none_visible,none,cost,,37
bb_reversion_rsi_1m_20260707,GRAVEYARD,1m_klines_reversal,strategies/_graveyard/1m_klines_reversal/bb_reversion_rsi_1m_20260707,strategies/_graveyard/1m_klines_reversal/bb_reversion_rsi_1m_20260707/run_backtest.py;strategies/_graveyard/1m_klines_reversal/bb_reversion_rsi_1m_20260707/strategy.py,False,none_visible,none,evaluation,run_backtest;test_strategy,37
bb_reversion_rsi_1m_20260707,GRAVEYARD,1m_klines_reversal,strategies/_graveyard/1m_klines_reversal/bb_reversion_rsi_1m_20260707,strategies/_graveyard/1m_klines_reversal/bb_reversion_rsi_1m_20260707/run_backtest.py;strategies/_graveyard/1m_klines_reversal/bb_reversion_rsi_1m_20260707/strategy.py,False,none_visible,none,other,data_loader;run_backtest;strategy;test_data_loader;test_strategy,37
bb_reversion_rsi_1m_20260707_p3opt_049,GRAVEYARD,1m_klines_reversal,strategies/_graveyard/1m_klines_reversal/bb_reversion_rsi_1m_20260707_p3opt_049,strategies/_graveyard/1m_klines_reversal/bb_reversion_rsi_1m_20260707_p3opt_049/run_backtest.py;strategies/_graveyard/1m_klines_reversal/bb_reversion_rsi_1m_20260707_p3opt_049/run_cpcv.py;strategies/_graveyard/1m_klines_reversal/bb_reversion_rsi_1m_20260707_p3opt_049/strategy.py,True,none_visible,none,signal,strategy;test_strategy,43
bb_reversion_rsi_1m_20260707_p3opt_049,GRAVEYARD,1m_klines_reversal,strategies/_graveyard/1m_klines_reversal/bb_reversion_rsi_1m_20260707_p3opt_049,strategies/_graveyard/1m_klines_reversal/bb_reversion_rsi_1m_20260707_p3opt_049/run_backtest.py;strategies/_graveyard/1m_klines_reversal/bb_reversion_rsi_1m_20260707_p3opt_049/run_cpcv.py;strategies/_graveyard/1m_klines_reversal/bb_reversion_rsi_1m_20260707_p3opt_049/strategy.py,True,none_visible,none,risk/sizing,,43
bb_reversion_rsi_1m_20260707_p3opt_049,GRAVEYARD,1m_klines_reversal,strategies/_graveyard/1m_klines_reversal/bb_reversion_rsi_1m_20260707_p3opt_049,strategies/_graveyard/1m_klines_reversal/bb_reversion_rsi_1m_20260707_p3opt_049/run_backtest.py;strategies/_graveyard/1m_klines_reversal/bb_reversion_rsi_1m_20260707_p3opt_049/run_cpcv.py;strategies/_graveyard/1m_klines_reversal/bb_reversion_rsi_1m_20260707_p3opt_049/strategy.py,True,none_visible,none,execution,strategy;test_strategy,43
bb_reversion_rsi_1m_20260707_p3opt_049,GRAVEYARD,1m_klines_reversal,strategies/_graveyard/1m_klines_reversal/bb_reversion_rsi_1m_20260707_p3opt_049,strategies/_graveyard/1m_klines_reversal/bb_reversion_rsi_1m_20260707_p3opt_049/run_backtest.py;strategies/_graveyard/1m_klines_reversal/bb_reversion_rsi_1m_20260707_p3opt_049/run_cpcv.py;strategies/_graveyard/1m_klines_reversal/bb_reversion_rsi_1m_20260707_p3opt_049/strategy.py,True,none_visible,none,cost,,43
bb_reversion_rsi_1m_20260707_p3opt_049,GRAVEYARD,1m_klines_reversal,strategies/_graveyard/1m_klines_reversal/bb_reversion_rsi_1m_20260707_p3opt_049,strategies/_graveyard/1m_klines_reversal/bb_reversion_rsi_1m_20260707_p3opt_049/run_backtest.py;strategies/_graveyard/1m_klines_reversal/bb_reversion_rsi_1m_20260707_p3opt_049/run_cpcv.py;strategies/_graveyard/1m_klines_reversal/bb_reversion_rsi_1m_20260707_p3opt_049/strategy.py,True,none_visible,none,evaluation,run_backtest;run_cpcv;test_strategy,43
bb_reversion_rsi_1m_20260707_p3opt_049,GRAVEYARD,1m_klines_reversal,strategies/_graveyard/1m_klines_reversal/bb_reversion_rsi_1m_20260707_p3opt_049,strategies/_graveyard/1m_klines_reversal/bb_reversion_rsi_1m_20260707_p3opt_049/run_backtest.py;strategies/_graveyard/1m_klines_reversal/bb_reversion_rsi_1m_20260707_p3opt_049/run_cpcv.py;strategies/_graveyard/1m_klines_reversal/bb_reversion_rsi_1m_20260707_p3opt_049/strategy.py,True,none_visible,none,other,data_loader;run_backtest;run_cpcv;strategy;test_data_loader;test_strategy,43
bb_reversion_rsi_1m_20260707_p3opt_050,GRAVEYARD,1m_klines_reversal,strategies/_graveyard/1m_klines_reversal/bb_reversion_rsi_1m_20260707_p3opt_050,strategies/_graveyard/1m_klines_reversal/bb_reversion_rsi_1m_20260707_p3opt_050/run_backtest.py;strategies/_graveyard/1m_klines_reversal/bb_reversion_rsi_1m_20260707_p3opt_050/run_cpcv.py;strategies/_graveyard/1m_klines_reversal/bb_reversion_rsi_1m_20260707_p3opt_050/strategy.py,True,none_visible,none,signal,strategy,27
bb_reversion_rsi_1m_20260707_p3opt_050,GRAVEYARD,1m_klines_reversal,strategies/_graveyard/1m_klines_reversal/bb_reversion_rsi_1m_20260707_p3opt_050,strategies/_graveyard/1m_klines_reversal/bb_reversion_rsi_1m_20260707_p3opt_050/run_backtest.py;strategies/_graveyard/1m_klines_reversal/bb_reversion_rsi_1m_20260707_p3opt_050/run_cpcv.py;strategies/_graveyard/1m_klines_reversal/bb_reversion_rsi_1m_20260707_p3opt_050/strategy.py,True,none_visible,none,risk/sizing,,27
bb_reversion_rsi_1m_20260707_p3opt_050,GRAVEYARD,1m_klines_reversal,strategies/_graveyard/1m_klines_reversal/bb_reversion_rsi_1m_20260707_p3opt_050,strategies/_graveyard/1m_klines_reversal/bb_reversion_rsi_1m_20260707_p3opt_050/run_backtest.py;strategies/_graveyard/1m_klines_reversal/bb_reversion_rsi_1m_20260707_p3opt_050/run_cpcv.py;strategies/_graveyard/1m_klines_reversal/bb_reversion_rsi_1m_20260707_p3opt_050/strategy.py,True,none_visible,none,execution,strategy,27
bb_reversion_rsi_1m_20260707_p3opt_050,GRAVEYARD,1m_klines_reversal,strategies/_graveyard/1m_klines_reversal/bb_reversion_rsi_1m_20260707_p3opt_050,strategies/_graveyard/1m_klines_reversal/bb_reversion_rsi_1m_20260707_p3opt_050/run_backtest.py;strategies/_graveyard/1m_klines_reversal/bb_reversion_rsi_1m_20260707_p3opt_050/run_cpcv.py;strategies/_graveyard/1m_klines_reversal/bb_reversion_rsi_1m_20260707_p3opt_050/strategy.py,True,none_visible,none,cost,,27
bb_reversion_rsi_1m_20260707_p3opt_050,GRAVEYARD,1m_klines_reversal,strategies/_graveyard/1m_klines_reversal/bb_reversion_rsi_1m_20260707_p3opt_050,strategies/_graveyard/1m_klines_reversal/bb_reversion_rsi_1m_20260707_p3opt_050/run_backtest.py;strategies/_graveyard/1m_klines_reversal/bb_reversion_rsi_1m_20260707_p3opt_050/run_cpcv.py;strategies/_graveyard/1m_klines_reversal/bb_reversion_rsi_1m_20260707_p3opt_050/strategy.py,True,none_visible,none,evaluation,run_backtest;run_cpcv,27
bb_reversion_rsi_1m_20260707_p3opt_050,GRAVEYARD,1m_klines_reversal,strategies/_graveyard/1m_klines_reversal/bb_reversion_rsi_1m_20260707_p3opt_050,strategies/_graveyard/1m_klines_reversal/bb_reversion_rsi_1m_20260707_p3opt_050/run_backtest.py;strategies/_graveyard/1m_klines_reversal/bb_reversion_rsi_1m_20260707_p3opt_050/run_cpcv.py;strategies/_graveyard/1m_klines_reversal/bb_reversion_rsi_1m_20260707_p3opt_050/strategy.py,True,none_visible,none,other,data_loader;run_backtest;run_cpcv;strategy,27
bb_reversion_rsi_1m_20260707_p3opt_099,GRAVEYARD,1m_klines_reversal,strategies/_graveyard/1m_klines_reversal/bb_reversion_rsi_1m_20260707_p3opt_099,strategies/_graveyard/1m_klines_reversal/bb_reversion_rsi_1m_20260707_p3opt_099/run_backtest.py;strategies/_graveyard/1m_klines_reversal/bb_reversion_rsi_1m_20260707_p3opt_099/run_cpcv.py;strategies/_graveyard/1m_klines_reversal/bb_reversion_rsi_1m_20260707_p3opt_099/strategy.py,True,none_visible,none,signal,strategy;test_strategy,43
bb_reversion_rsi_1m_20260707_p3opt_099,GRAVEYARD,1m_klines_reversal,strategies/_graveyard/1m_klines_reversal/bb_reversion_rsi_1m_20260707_p3opt_099,strategies/_graveyard/1m_klines_reversal/bb_reversion_rsi_1m_20260707_p3opt_099/run_backtest.py;strategies/_graveyard/1m_klines_reversal/bb_reversion_rsi_1m_20260707_p3opt_099/run_cpcv.py;strategies/_graveyard/1m_klines_reversal/bb_reversion_rsi_1m_20260707_p3opt_099/strategy.py,True,none_visible,none,risk/sizing,,43
bb_reversion_rsi_1m_20260707_p3opt_099,GRAVEYARD,1m_klines_reversal,strategies/_graveyard/1m_klines_reversal/bb_reversion_rsi_1m_20260707_p3opt_099,strategies/_graveyard/1m_klines_reversal/bb_reversion_rsi_1m_20260707_p3opt_099/run_backtest.py;strategies/_graveyard/1m_klines_reversal/bb_reversion_rsi_1m_20260707_p3opt_099/run_cpcv.py;strategies/_graveyard/1m_klines_reversal/bb_reversion_rsi_1m_20260707_p3opt_099/strategy.py,True,none_visible,none,execution,strategy;test_strategy,43
bb_reversion_rsi_1m_20260707_p3opt_099,GRAVEYARD,1m_klines_reversal,strategies/_graveyard/1m_klines_reversal/bb_reversion_rsi_1m_20260707_p3opt_099,strategies/_graveyard/1m_klines_reversal/bb_reversion_rsi_1m_20260707_p3opt_099/run_backtest.py;strategies/_graveyard/1m_klines_reversal/bb_reversion_rsi_1m_20260707_p3opt_099/run_cpcv.py;strategies/_graveyard/1m_klines_reversal/bb_reversion_rsi_1m_20260707_p3opt_099/strategy.py,True,none_visible,none,cost,,43
bb_reversion_rsi_1m_20260707_p3opt_099,GRAVEYARD,1m_klines_reversal,strategies/_graveyard/1m_klines_reversal/bb_reversion_rsi_1m_20260707_p3opt_099,strategies/_graveyard/1m_klines_reversal/bb_reversion_rsi_1m_20260707_p3opt_099/run_backtest.py;strategies/_graveyard/1m_klines_reversal/bb_reversion_rsi_1m_20260707_p3opt_099/run_cpcv.py;strategies/_graveyard/1m_klines_reversal/bb_reversion_rsi_1m_20260707_p3opt_099/strategy.py,True,none_visible,none,evaluation,run_backtest;run_cpcv;test_strategy,43
bb_reversion_rsi_1m_20260707_p3opt_099,GRAVEYARD,1m_klines_reversal,strategies/_graveyard/1m_klines_reversal/bb_reversion_rsi_1m_20260707_p3opt_099,strategies/_graveyard/1m_klines_reversal/bb_reversion_rsi_1m_20260707_p3opt_099/run_backtest.py;strategies/_graveyard/1m_klines_reversal/bb_reversion_rsi_1m_20260707_p3opt_099/run_cpcv.py;strategies/_graveyard/1m_klines_reversal/bb_reversion_rsi_1m_20260707_p3opt_099/strategy.py,True,none_visible,none,other,data_loader;run_backtest;run_cpcv;strategy;test_data_loader;test_strategy,43
bb_reversion_rsi_1m_20260707_p3opt_100,GRAVEYARD,1m_klines_reversal,strategies/_graveyard/1m_klines_reversal/bb_reversion_rsi_1m_20260707_p3opt_100,strategies/_graveyard/1m_klines_reversal/bb_reversion_rsi_1m_20260707_p3opt_100/run_backtest.py;strategies/_graveyard/1m_klines_reversal/bb_reversion_rsi_1m_20260707_p3opt_100/run_cpcv.py;strategies/_graveyard/1m_klines_reversal/bb_reversion_rsi_1m_20260707_p3opt_100/strategy.py,False,none_visible,none,signal,strategy;test_strategy,40
bb_reversion_rsi_1m_20260707_p3opt_100,GRAVEYARD,1m_klines_reversal,strategies/_graveyard/1m_klines_reversal/bb_reversion_rsi_1m_20260707_p3opt_100,strategies/_graveyard/1m_klines_reversal/bb_reversion_rsi_1m_20260707_p3opt_100/run_backtest.py;strategies/_graveyard/1m_klines_reversal/bb_reversion_rsi_1m_20260707_p3opt_100/run_cpcv.py;strategies/_graveyard/1m_klines_reversal/bb_reversion_rsi_1m_20260707_p3opt_100/strategy.py,False,none_visible,none,risk/sizing,,40
bb_reversion_rsi_1m_20260707_p3opt_100,GRAVEYARD,1m_klines_reversal,strategies/_graveyard/1m_klines_reversal/bb_reversion_rsi_1m_20260707_p3opt_100,strategies/_graveyard/1m_klines_reversal/bb_reversion_rsi_1m_20260707_p3opt_100/run_backtest.py;strategies/_graveyard/1m_klines_reversal/bb_reversion_rsi_1m_20260707_p3opt_100/run_cpcv.py;strategies/_graveyard/1m_klines_reversal/bb_reversion_rsi_1m_20260707_p3opt_100/strategy.py,False,none_visible,none,execution,strategy;test_strategy,40
bb_reversion_rsi_1m_20260707_p3opt_100,GRAVEYARD,1m_klines_reversal,strategies/_graveyard/1m_klines_reversal/bb_reversion_rsi_1m_20260707_p3opt_100,strategies/_graveyard/1m_klines_reversal/bb_reversion_rsi_1m_20260707_p3opt_100/run_backtest.py;strategies/_graveyard/1m_klines_reversal/bb_reversion_rsi_1m_20260707_p3opt_100/run_cpcv.py;strategies/_graveyard/1m_klines_reversal/bb_reversion_rsi_1m_20260707_p3opt_100/strategy.py,False,none_visible,none,cost,,40
bb_reversion_rsi_1m_20260707_p3opt_100,GRAVEYARD,1m_klines_reversal,strategies/_graveyard/1m_klines_reversal/bb_reversion_rsi_1m_20260707_p3opt_100,strategies/_graveyard/1m_klines_reversal/bb_reversion_rsi_1m_20260707_p3opt_100/run_backtest.py;strategies/_graveyard/1m_klines_reversal/bb_reversion_rsi_1m_20260707_p3opt_100/run_cpcv.py;strategies/_graveyard/1m_klines_reversal/bb_reversion_rsi_1m_20260707_p3opt_100/strategy.py,False,none_visible,none,evaluation,run_backtest;test_strategy,40
bb_reversion_rsi_1m_20260707_p3opt_100,GRAVEYARD,1m_klines_reversal,strategies/_graveyard/1m_klines_reversal/bb_reversion_rsi_1m_20260707_p3opt_100,strategies/_graveyard/1m_klines_reversal/bb_reversion_rsi_1m_20260707_p3opt_100/run_backtest.py;strategies/_graveyard/1m_klines_reversal/bb_reversion_rsi_1m_20260707_p3opt_100/run_cpcv.py;strategies/_graveyard/1m_klines_reversal/bb_reversion_rsi_1m_20260707_p3opt_100/strategy.py,False,none_visible,none,other,data_loader;run_backtest;run_cpcv;strategy;test_data_loader;test_strategy,40
vol_breakout_1m_15m_vpvr_confluence_u6_20260718,GRAVEYARD,1m_klines_reversal,strategies/_graveyard/1m_klines_reversal/vol_breakout_1m_15m_vpvr_confluence_u6_20260718,strategies/_graveyard/1m_klines_reversal/vol_breakout_1m_15m_vpvr_confluence_u6_20260718/run_backtest.py;strategies/_graveyard/1m_klines_reversal/vol_breakout_1m_15m_vpvr_confluence_u6_20260718/strategy.py,False,none_visible,none,signal,indicators,35
vol_breakout_1m_15m_vpvr_confluence_u6_20260718,GRAVEYARD,1m_klines_reversal,strategies/_graveyard/1m_klines_reversal/vol_breakout_1m_15m_vpvr_confluence_u6_20260718,strategies/_graveyard/1m_klines_reversal/vol_breakout_1m_15m_vpvr_confluence_u6_20260718/run_backtest.py;strategies/_graveyard/1m_klines_reversal/vol_breakout_1m_15m_vpvr_confluence_u6_20260718/strategy.py,False,none_visible,none,risk/sizing,strategy,35
vol_breakout_1m_15m_vpvr_confluence_u6_20260718,GRAVEYARD,1m_klines_reversal,strategies/_graveyard/1m_klines_reversal/vol_breakout_1m_15m_vpvr_confluence_u6_20260718,strategies/_graveyard/1m_klines_reversal/vol_breakout_1m_15m_vpvr_confluence_u6_20260718/run_backtest.py;strategies/_graveyard/1m_klines_reversal/vol_breakout_1m_15m_vpvr_confluence_u6_20260718/strategy.py,False,none_visible,none,execution,strategy,35
vol_breakout_1m_15m_vpvr_confluence_u6_20260718,GRAVEYARD,1m_klines_reversal,strategies/_graveyard/1m_klines_reversal/vol_breakout_1m_15m_vpvr_confluence_u6_20260718,strategies/_graveyard/1m_klines_reversal/vol_breakout_1m_15m_vpvr_confluence_u6_20260718/run_backtest.py;strategies/_graveyard/1m_klines_reversal/vol_breakout_1m_15m_vpvr_confluence_u6_20260718/strategy.py,False,none_visible,none,cost,strategy,35
vol_breakout_1m_15m_vpvr_confluence_u6_20260718,GRAVEYARD,1m_klines_reversal,strategies/_graveyard/1m_klines_reversal/vol_breakout_1m_15m_vpvr_confluence_u6_20260718,strategies/_graveyard/1m_klines_reversal/vol_breakout_1m_15m_vpvr_confluence_u6_20260718/run_backtest.py;strategies/_graveyard/1m_klines_reversal/vol_breakout_1m_15m_vpvr_confluence_u6_20260718/strategy.py,False,none_visible,none,evaluation,data_loader;run_backtest;strategy,35
vol_breakout_1m_15m_vpvr_confluence_u6_20260718,GRAVEYARD,1m_klines_reversal,strategies/_graveyard/1m_klines_reversal/vol_breakout_1m_15m_vpvr_confluence_u6_20260718,strategies/_graveyard/1m_klines_reversal/vol_breakout_1m_15m_vpvr_confluence_u6_20260718/run_backtest.py;strategies/_graveyard/1m_klines_reversal/vol_breakout_1m_15m_vpvr_confluence_u6_20260718/strategy.py,False,none_visible,none,other,data_loader;indicators;run_backtest;strategy,35
vpvr_iceberg_fade_5m_20260711,GRAVEYARD,1m_klines_reversal,strategies/_graveyard/1m_klines_reversal/vpvr_iceberg_fade_5m_20260711,,False,none_visible,none,signal,,0
vpvr_iceberg_fade_5m_20260711,GRAVEYARD,1m_klines_reversal,strategies/_graveyard/1m_klines_reversal/vpvr_iceberg_fade_5m_20260711,,False,none_visible,none,risk/sizing,,0
vpvr_iceberg_fade_5m_20260711,GRAVEYARD,1m_klines_reversal,strategies/_graveyard/1m_klines_reversal/vpvr_iceberg_fade_5m_20260711,,False,none_visible,none,execution,,0
vpvr_iceberg_fade_5m_20260711,GRAVEYARD,1m_klines_reversal,strategies/_graveyard/1m_klines_reversal/vpvr_iceberg_fade_5m_20260711,,False,none_visible,none,cost,,0
vpvr_iceberg_fade_5m_20260711,GRAVEYARD,1m_klines_reversal,strategies/_graveyard/1m_klines_reversal/vpvr_iceberg_fade_5m_20260711,,False,none_visible,none,evaluation,,0
vpvr_iceberg_fade_5m_20260711,GRAVEYARD,1m_klines_reversal,strategies/_graveyard/1m_klines_reversal/vpvr_iceberg_fade_5m_20260711,,False,none_visible,none,other,,0
vpvr_iceberg_fade_v2_5m_20260711,GRAVEYARD,1m_klines_reversal,strategies/_graveyard/1m_klines_reversal/vpvr_iceberg_fade_v2_5m_20260711,,False,none_visible,none,signal,framework_adapter_backtrader,7
vpvr_iceberg_fade_v2_5m_20260711,GRAVEYARD,1m_klines_reversal,strategies/_graveyard/1m_klines_reversal/vpvr_iceberg_fade_v2_5m_20260711,,False,none_visible,none,risk/sizing,framework_adapter_backtrader,7
vpvr_iceberg_fade_v2_5m_20260711,GRAVEYARD,1m_klines_reversal,strategies/_graveyard/1m_klines_reversal/vpvr_iceberg_fade_v2_5m_20260711,,False,none_visible,none,execution,,7
vpvr_iceberg_fade_v2_5m_20260711,GRAVEYARD,1m_klines_reversal,strategies/_graveyard/1m_klines_reversal/vpvr_iceberg_fade_v2_5m_20260711,,False,none_visible,none,cost,,7
vpvr_iceberg_fade_v2_5m_20260711,GRAVEYARD,1m_klines_reversal,strategies/_graveyard/1m_klines_reversal/vpvr_iceberg_fade_v2_5m_20260711,,False,none_visible,none,evaluation,framework_adapter_backtrader,7
vpvr_iceberg_fade_v2_5m_20260711,GRAVEYARD,1m_klines_reversal,strategies/_graveyard/1m_klines_reversal/vpvr_iceberg_fade_v2_5m_20260711,,False,none_visible,none,other,framework_adapter_backtrader,7
vpvr_microstructure_5m_volume_delta_20260710,GRAVEYARD,1m_klines_reversal,strategies/_graveyard/1m_klines_reversal/vpvr_microstructure_5m_volume_delta_20260710,,False,none_visible,none,signal,,0
vpvr_microstructure_5m_volume_delta_20260710,GRAVEYARD,1m_klines_reversal,strategies/_graveyard/1m_klines_reversal/vpvr_microstructure_5m_volume_delta_20260710,,False,none_visible,none,risk/sizing,,0
vpvr_microstructure_5m_volume_delta_20260710,GRAVEYARD,1m_klines_reversal,strategies/_graveyard/1m_klines_reversal/vpvr_microstructure_5m_volume_delta_20260710,,False,none_visible,none,execution,,0
vpvr_microstructure_5m_volume_delta_20260710,GRAVEYARD,1m_klines_reversal,strategies/_graveyard/1m_klines_reversal/vpvr_microstructure_5m_volume_delta_20260710,,False,none_visible,none,cost,,0
vpvr_microstructure_5m_volume_delta_20260710,GRAVEYARD,1m_klines_reversal,strategies/_graveyard/1m_klines_reversal/vpvr_microstructure_5m_volume_delta_20260710,,False,none_visible,none,evaluation,,0
vpvr_microstructure_5m_volume_delta_20260710,GRAVEYARD,1m_klines_reversal,strategies/_graveyard/1m_klines_reversal/vpvr_microstructure_5m_volume_delta_20260710,,False,none_visible,none,other,,0
vpvr_mtf_reversion_5m_consensus_20260710,GRAVEYARD,1m_klines_reversal,strategies/_graveyard/1m_klines_reversal/vpvr_mtf_reversion_5m_consensus_20260710,strategies/_graveyard/1m_klines_reversal/vpvr_mtf_reversion_5m_consensus_20260710/run_backtest.py;strategies/_graveyard/1m_klines_reversal/vpvr_mtf_reversion_5m_consensus_20260710/strategy.py,False,none_visible,manual,signal,strategy;test_strategy,37
vpvr_mtf_reversion_5m_consensus_20260710,GRAVEYARD,1m_klines_reversal,strategies/_graveyard/1m_klines_reversal/vpvr_mtf_reversion_5m_consensus_20260710,strategies/_graveyard/1m_klines_reversal/vpvr_mtf_reversion_5m_consensus_20260710/run_backtest.py;strategies/_graveyard/1m_klines_reversal/vpvr_mtf_reversion_5m_consensus_20260710/strategy.py,False,none_visible,manual,risk/sizing,,37
vpvr_mtf_reversion_5m_consensus_20260710,GRAVEYARD,1m_klines_reversal,strategies/_graveyard/1m_klines_reversal/vpvr_mtf_reversion_5m_consensus_20260710,strategies/_graveyard/1m_klines_reversal/vpvr_mtf_reversion_5m_consensus_20260710/run_backtest.py;strategies/_graveyard/1m_klines_reversal/vpvr_mtf_reversion_5m_consensus_20260710/strategy.py,False,none_visible,manual,execution,strategy;test_strategy,37
vpvr_mtf_reversion_5m_consensus_20260710,GRAVEYARD,1m_klines_reversal,strategies/_graveyard/1m_klines_reversal/vpvr_mtf_reversion_5m_consensus_20260710,strategies/_graveyard/1m_klines_reversal/vpvr_mtf_reversion_5m_consensus_20260710/run_backtest.py;strategies/_graveyard/1m_klines_reversal/vpvr_mtf_reversion_5m_consensus_20260710/strategy.py,False,none_visible,manual,cost,,37
vpvr_mtf_reversion_5m_consensus_20260710,GRAVEYARD,1m_klines_reversal,strategies/_graveyard/1m_klines_reversal/vpvr_mtf_reversion_5m_consensus_20260710,strategies/_graveyard/1m_klines_reversal/vpvr_mtf_reversion_5m_consensus_20260710/run_backtest.py;strategies/_graveyard/1m_klines_reversal/vpvr_mtf_reversion_5m_consensus_20260710/strategy.py,False,none_visible,manual,evaluation,framework_adapter_freqtrade,37
vpvr_mtf_reversion_5m_consensus_20260710,GRAVEYARD,1m_klines_reversal,strategies/_graveyard/1m_klines_reversal/vpvr_mtf_reversion_5m_consensus_20260710,strategies/_graveyard/1m_klines_reversal/vpvr_mtf_reversion_5m_consensus_20260710/run_backtest.py;strategies/_graveyard/1m_klines_reversal/vpvr_mtf_reversion_5m_consensus_20260710/strategy.py,False,none_visible,manual,other,data_loader;framework_adapter_freqtrade;run_backtest;strategy;test_strategy,37
vpvr_obi_micro_v2_1m_20260714,GRAVEYARD,1m_klines_reversal,strategies/_graveyard/1m_klines_reversal/vpvr_obi_micro_v2_1m_20260714,,False,none_visible,none,signal,,0
vpvr_obi_micro_v2_1m_20260714,GRAVEYARD,1m_klines_reversal,strategies/_graveyard/1m_klines_reversal/vpvr_obi_micro_v2_1m_20260714,,False,none_visible,none,risk/sizing,,0
vpvr_obi_micro_v2_1m_20260714,GRAVEYARD,1m_klines_reversal,strategies/_graveyard/1m_klines_reversal/vpvr_obi_micro_v2_1m_20260714,,False,none_visible,none,execution,,0
vpvr_obi_micro_v2_1m_20260714,GRAVEYARD,1m_klines_reversal,strategies/_graveyard/1m_klines_reversal/vpvr_obi_micro_v2_1m_20260714,,False,none_visible,none,cost,,0
vpvr_obi_micro_v2_1m_20260714,GRAVEYARD,1m_klines_reversal,strategies/_graveyard/1m_klines_reversal/vpvr_obi_micro_v2_1m_20260714,,False,none_visible,none,evaluation,,0
vpvr_obi_micro_v2_1m_20260714,GRAVEYARD,1m_klines_reversal,strategies/_graveyard/1m_klines_reversal/vpvr_obi_micro_v2_1m_20260714,,False,none_visible,none,other,,0
vpvr_reversion_1m_kama_reversal_20260709,GRAVEYARD,1m_klines_reversal,strategies/_graveyard/1m_klines_reversal/vpvr_reversion_1m_kama_reversal_20260709,strategies/_graveyard/1m_klines_reversal/vpvr_reversion_1m_kama_reversal_20260709/run_backtest.py;strategies/_graveyard/1m_klines_reversal/vpvr_reversion_1m_kama_reversal_20260709/strategy.py,False,none_visible,none,signal,build_signals;strategy;test_signals;test_strategy,40
vpvr_reversion_1m_kama_reversal_20260709,GRAVEYARD,1m_klines_reversal,strategies/_graveyard/1m_klines_reversal/vpvr_reversion_1m_kama_reversal_20260709,strategies/_graveyard/1m_klines_reversal/vpvr_reversion_1m_kama_reversal_20260709/run_backtest.py;strategies/_graveyard/1m_klines_reversal/vpvr_reversion_1m_kama_reversal_20260709/strategy.py,False,none_visible,none,risk/sizing,,40
vpvr_reversion_1m_kama_reversal_20260709,GRAVEYARD,1m_klines_reversal,strategies/_graveyard/1m_klines_reversal/vpvr_reversion_1m_kama_reversal_20260709,strategies/_graveyard/1m_klines_reversal/vpvr_reversion_1m_kama_reversal_20260709/run_backtest.py;strategies/_graveyard/1m_klines_reversal/vpvr_reversion_1m_kama_reversal_20260709/strategy.py,False,none_visible,none,execution,strategy,40
vpvr_reversion_1m_kama_reversal_20260709,GRAVEYARD,1m_klines_reversal,strategies/_graveyard/1m_klines_reversal/vpvr_reversion_1m_kama_reversal_20260709,strategies/_graveyard/1m_klines_reversal/vpvr_reversion_1m_kama_reversal_20260709/run_backtest.py;strategies/_graveyard/1m_klines_reversal/vpvr_reversion_1m_kama_reversal_20260709/strategy.py,False,none_visible,none,cost,,40
vpvr_reversion_1m_kama_reversal_20260709,GRAVEYARD,1m_klines_reversal,strategies/_graveyard/1m_klines_reversal/vpvr_reversion_1m_kama_reversal_20260709,strategies/_graveyard/1m_klines_reversal/vpvr_reversion_1m_kama_reversal_20260709/run_backtest.py;strategies/_graveyard/1m_klines_reversal/vpvr_reversion_1m_kama_reversal_20260709/strategy.py,False,none_visible,none,evaluation,,40
vpvr_reversion_1m_kama_reversal_20260709,GRAVEYARD,1m_klines_reversal,strategies/_graveyard/1m_klines_reversal/vpvr_reversion_1m_kama_reversal_20260709,strategies/_graveyard/1m_klines_reversal/vpvr_reversion_1m_kama_reversal_20260709/run_backtest.py;strategies/_graveyard/1m_klines_reversal/vpvr_reversion_1m_kama_reversal_20260709/strategy.py,False,none_visible,none,other,build_signals;data_loader;run_backtest;strategy;test_data_loader;test_signals;test_strategy,40
vpvr_reversion_1m_volume_profile_break_20260709,GRAVEYARD,1m_klines_reversal,strategies/_graveyard/1m_klines_reversal/vpvr_reversion_1m_volume_profile_break_20260709,strategies/_graveyard/1m_klines_reversal/vpvr_reversion_1m_volume_profile_break_20260709/run_backtest.py;strategies/_graveyard/1m_klines_reversal/vpvr_reversion_1m_volume_profile_break_20260709/strategy.py,False,none_visible,manual,signal,build_signals;framework_adapter_backtrader;test_signals;test_strategy,55
vpvr_reversion_1m_volume_profile_break_20260709,GRAVEYARD,1m_klines_reversal,strategies/_graveyard/1m_klines_reversal/vpvr_reversion_1m_volume_profile_break_20260709,strategies/_graveyard/1m_klines_reversal/vpvr_reversion_1m_volume_profile_break_20260709/run_backtest.py;strategies/_graveyard/1m_klines_reversal/vpvr_reversion_1m_volume_profile_break_20260709/strategy.py,False,none_visible,manual,risk/sizing,,55
vpvr_reversion_1m_volume_profile_break_20260709,GRAVEYARD,1m_klines_reversal,strategies/_graveyard/1m_klines_reversal/vpvr_reversion_1m_volume_profile_break_20260709,strategies/_graveyard/1m_klines_reversal/vpvr_reversion_1m_volume_profile_break_20260709/run_backtest.py;strategies/_graveyard/1m_klines_reversal/vpvr_reversion_1m_volume_profile_break_20260709/strategy.py,False,none_visible,manual,execution,strategy;test_signals,55
vpvr_reversion_1m_volume_profile_break_20260709,GRAVEYARD,1m_klines_reversal,strategies/_graveyard/1m_klines_reversal/vpvr_reversion_1m_volume_profile_break_20260709,strategies/_graveyard/1m_klines_reversal/vpvr_reversion_1m_volume_profile_break_20260709/run_backtest.py;strategies/_graveyard/1m_klines_reversal/vpvr_reversion_1m_volume_profile_break_20260709/strategy.py,False,none_visible,manual,cost,,55
vpvr_reversion_1m_volume_profile_break_20260709,GRAVEYARD,1m_klines_reversal,strategies/_graveyard/1m_klines_reversal/vpvr_reversion_1m_volume_profile_break_20260709,strategies/_graveyard/1m_klines_reversal/vpvr_reversion_1m_volume_profile_break_20260709/run_backtest.py;strategies/_graveyard/1m_klines_reversal/vpvr_reversion_1m_volume_profile_break_20260709/strategy.py,False,none_visible,manual,evaluation,framework_adapter_backtrader;framework_adapter_freqtrade;run_backtest,55
vpvr_reversion_1m_volume_profile_break_20260709,GRAVEYARD,1m_klines_reversal,strategies/_graveyard/1m_klines_reversal/vpvr_reversion_1m_volume_profile_break_20260709,strategies/_graveyard/1m_klines_reversal/vpvr_reversion_1m_volume_profile_break_20260709/run_backtest.py;strategies/_graveyard/1m_klines_reversal/vpvr_reversion_1m_volume_profile_break_20260709/strategy.py,False,none_visible,manual,other,build_signals;data_loader;framework_adapter_backtrader;framework_adapter_freqtrade;run_backtest;strategy;test_data_loader;test_signals;test_strategy,55
vpvr_sentiment_attention_1m_20260716,GRAVEYARD,1m_klines_reversal,strategies/_graveyard/1m_klines_reversal/vpvr_sentiment_attention_1m_20260716,strategies/_graveyard/1m_klines_reversal/vpvr_sentiment_attention_1m_20260716/run_backtest.py;strategies/_graveyard/1m_klines_reversal/vpvr_sentiment_attention_1m_20260716/strategy.py,False,none_visible,none,signal,build_signals;test_signals,25
vpvr_sentiment_attention_1m_20260716,GRAVEYARD,1m_klines_reversal,strategies/_graveyard/1m_klines_reversal/vpvr_sentiment_attention_1m_20260716,strategies/_graveyard/1m_klines_reversal/vpvr_sentiment_attention_1m_20260716/run_backtest.py;strategies/_graveyard/1m_klines_reversal/vpvr_sentiment_attention_1m_20260716/strategy.py,False,none_visible,none,risk/sizing,,25
vpvr_sentiment_attention_1m_20260716,GRAVEYARD,1m_klines_reversal,strategies/_graveyard/1m_klines_reversal/vpvr_sentiment_attention_1m_20260716,strategies/_graveyard/1m_klines_reversal/vpvr_sentiment_attention_1m_20260716/run_backtest.py;strategies/_graveyard/1m_klines_reversal/vpvr_sentiment_attention_1m_20260716/strategy.py,False,none_visible,none,execution,strategy,25
vpvr_sentiment_attention_1m_20260716,GRAVEYARD,1m_klines_reversal,strategies/_graveyard/1m_klines_reversal/vpvr_sentiment_attention_1m_20260716,strategies/_graveyard/1m_klines_reversal/vpvr_sentiment_attention_1m_20260716/run_backtest.py;strategies/_graveyard/1m_klines_reversal/vpvr_sentiment_attention_1m_20260716/strategy.py,False,none_visible,none,cost,,25
vpvr_sentiment_attention_1m_20260716,GRAVEYARD,1m_klines_reversal,strategies/_graveyard/1m_klines_reversal/vpvr_sentiment_attention_1m_20260716,strategies/_graveyard/1m_klines_reversal/vpvr_sentiment_attention_1m_20260716/run_backtest.py;strategies/_graveyard/1m_klines_reversal/vpvr_sentiment_attention_1m_20260716/strategy.py,False,none_visible,none,evaluation,framework_adapter_freqtrade;run_backtest,25
vpvr_sentiment_attention_1m_20260716,GRAVEYARD,1m_klines_reversal,strategies/_graveyard/1m_klines_reversal/vpvr_sentiment_attention_1m_20260716,strategies/_graveyard/1m_klines_reversal/vpvr_sentiment_attention_1m_20260716/run_backtest.py;strategies/_graveyard/1m_klines_reversal/vpvr_sentiment_attention_1m_20260716/strategy.py,False,none_visible,none,other,framework_adapter_backtrader;framework_adapter_freqtrade;run_backtest;strategy;test_signals,25
vpvr_xs_leadlag_5m_20260711,GRAVEYARD,1m_klines_reversal,strategies/_graveyard/1m_klines_reversal/vpvr_xs_leadlag_5m_20260711,strategies/_graveyard/1m_klines_reversal/vpvr_xs_leadlag_5m_20260711/run_backtest.py;strategies/_graveyard/1m_klines_reversal/vpvr_xs_leadlag_5m_20260711/strategy.py,False,none_visible,none,signal,strategy;test_indicators,39
vpvr_xs_leadlag_5m_20260711,GRAVEYARD,1m_klines_reversal,strategies/_graveyard/1m_klines_reversal/vpvr_xs_leadlag_5m_20260711,strategies/_graveyard/1m_klines_reversal/vpvr_xs_leadlag_5m_20260711/run_backtest.py;strategies/_graveyard/1m_klines_reversal/vpvr_xs_leadlag_5m_20260711/strategy.py,False,none_visible,none,risk/sizing,,39
vpvr_xs_leadlag_5m_20260711,GRAVEYARD,1m_klines_reversal,strategies/_graveyard/1m_klines_reversal/vpvr_xs_leadlag_5m_20260711,strategies/_graveyard/1m_klines_reversal/vpvr_xs_leadlag_5m_20260711/run_backtest.py;strategies/_graveyard/1m_klines_reversal/vpvr_xs_leadlag_5m_20260711/strategy.py,False,none_visible,none,execution,strategy,39
vpvr_xs_leadlag_5m_20260711,GRAVEYARD,1m_klines_reversal,strategies/_graveyard/1m_klines_reversal/vpvr_xs_leadlag_5m_20260711,strategies/_graveyard/1m_klines_reversal/vpvr_xs_leadlag_5m_20260711/run_backtest.py;strategies/_graveyard/1m_klines_reversal/vpvr_xs_leadlag_5m_20260711/strategy.py,False,none_visible,none,cost,,39
vpvr_xs_leadlag_5m_20260711,GRAVEYARD,1m_klines_reversal,strategies/_graveyard/1m_klines_reversal/vpvr_xs_leadlag_5m_20260711,strategies/_graveyard/1m_klines_reversal/vpvr_xs_leadlag_5m_20260711/run_backtest.py;strategies/_graveyard/1m_klines_reversal/vpvr_xs_leadlag_5m_20260711/strategy.py,False,none_visible,none,evaluation,framework_adapter_backtrader;framework_adapter_freqtrade,39
vpvr_xs_leadlag_5m_20260711,GRAVEYARD,1m_klines_reversal,strategies/_graveyard/1m_klines_reversal/vpvr_xs_leadlag_5m_20260711,strategies/_graveyard/1m_klines_reversal/vpvr_xs_leadlag_5m_20260711/run_backtest.py;strategies/_graveyard/1m_klines_reversal/vpvr_xs_leadlag_5m_20260711/strategy.py,False,none_visible,none,other,data_loader;framework_adapter_backtrader;framework_adapter_freqtrade;run_backtest;strategy;test_indicators,39
funding_carry,GRAVEYARD,funding_carry,strategies/_graveyard/funding_carry/funding_carry,strategies/_graveyard/funding_carry/funding_carry/run_framework_cv_multiwindow.py;strategies/_graveyard/funding_carry/funding_carry/run_u5.py;strategies/_graveyard/funding_carry/funding_carry/run_u5_multiwindow.py;strategies/_graveyard/funding_carry/funding_carry/sma34946/run_sma34946.py;strategies/_graveyard/funding_carry/funding_carry/strategy.py,False,none_visible,manual,signal,data_loader;run_u5_multiwindow;strategy,60
funding_carry,GRAVEYARD,funding_carry,strategies/_graveyard/funding_carry/funding_carry,strategies/_graveyard/funding_carry/funding_carry/run_framework_cv_multiwindow.py;strategies/_graveyard/funding_carry/funding_carry/run_u5.py;strategies/_graveyard/funding_carry/funding_carry/run_u5_multiwindow.py;strategies/_graveyard/funding_carry/funding_carry/sma34946/run_sma34946.py;strategies/_graveyard/funding_carry/funding_carry/strategy.py,False,none_visible,manual,risk/sizing,run_u5;run_sma34946,60
funding_carry,GRAVEYARD,funding_carry,strategies/_graveyard/funding_carry/funding_carry,strategies/_graveyard/funding_carry/funding_carry/run_framework_cv_multiwindow.py;strategies/_graveyard/funding_carry/funding_carry/run_u5.py;strategies/_graveyard/funding_carry/funding_carry/run_u5_multiwindow.py;strategies/_graveyard/funding_carry/funding_carry/sma34946/run_sma34946.py;strategies/_graveyard/funding_carry/funding_carry/strategy.py,False,none_visible,manual,execution,strategy,60
funding_carry,GRAVEYARD,funding_carry,strategies/_graveyard/funding_carry/funding_carry,strategies/_graveyard/funding_carry/funding_carry/run_framework_cv_multiwindow.py;strategies/_graveyard/funding_carry/funding_carry/run_u5.py;strategies/_graveyard/funding_carry/funding_carry/run_u5_multiwindow.py;strategies/_graveyard/funding_carry/funding_carry/sma34946/run_sma34946.py;strategies/_graveyard/funding_carry/funding_carry/strategy.py,False,none_visible,manual,cost,,60
funding_carry,GRAVEYARD,funding_carry,strategies/_graveyard/funding_carry/funding_carry,strategies/_graveyard/funding_carry/funding_carry/run_framework_cv_multiwindow.py;strategies/_graveyard/funding_carry/funding_carry/run_u5.py;strategies/_graveyard/funding_carry/funding_carry/run_u5_multiwindow.py;strategies/_graveyard/funding_carry/funding_carry/sma34946/run_sma34946.py;strategies/_graveyard/funding_carry/funding_carry/strategy.py,False,none_visible,manual,evaluation,data_loader;framework_adapter_backtrader;framework_adapter_freqtrade;run_u5;run_sma34946;strategy,60
funding_carry,GRAVEYARD,funding_carry,strategies/_graveyard/funding_carry/funding_carry,strategies/_graveyard/funding_carry/funding_carry/run_framework_cv_multiwindow.py;strategies/_graveyard/funding_carry/funding_carry/run_u5.py;strategies/_graveyard/funding_carry/funding_carry/run_u5_multiwindow.py;strategies/_graveyard/funding_carry/funding_carry/sma34946/run_sma34946.py;strategies/_graveyard/funding_carry/funding_carry/strategy.py,False,none_visible,manual,other,data_loader;framework_adapter_backtrader;framework_adapter_freqtrade;run_framework_cv_multiwindow;run_u5;run_u5_multiwindow;run_sma34946;strategy,60
funding_carry_asym,GRAVEYARD,funding_carry,strategies/_graveyard/funding_carry/funding_carry_asym,strategies/_graveyard/funding_carry/funding_carry_asym/run_backtest.py;strategies/_graveyard/funding_carry/funding_carry_asym/strategy.py,False,none_visible,manual,signal,build_signals;data_loader;prototype;test_build_signals;vpvr_hvn_persistence,75
funding_carry_asym,GRAVEYARD,funding_carry,strategies/_graveyard/funding_carry/funding_carry_asym,strategies/_graveyard/funding_carry/funding_carry_asym/run_backtest.py;strategies/_graveyard/funding_carry/funding_carry_asym/strategy.py,False,none_visible,manual,risk/sizing,,75
funding_carry_asym,GRAVEYARD,funding_carry,strategies/_graveyard/funding_carry/funding_carry_asym,strategies/_graveyard/funding_carry/funding_carry_asym/run_backtest.py;strategies/_graveyard/funding_carry/funding_carry_asym/strategy.py,False,none_visible,manual,execution,prototype;strategy,75
funding_carry_asym,GRAVEYARD,funding_carry,strategies/_graveyard/funding_carry/funding_carry_asym,strategies/_graveyard/funding_carry/funding_carry_asym/run_backtest.py;strategies/_graveyard/funding_carry/funding_carry_asym/strategy.py,False,none_visible,manual,cost,,75
funding_carry_asym,GRAVEYARD,funding_carry,strategies/_graveyard/funding_carry/funding_carry_asym,strategies/_graveyard/funding_carry/funding_carry_asym/run_backtest.py;strategies/_graveyard/funding_carry/funding_carry_asym/strategy.py,False,none_visible,manual,evaluation,build_signals;data_loader;framework_adapter_vectorbt;prototype;run_backtest;sma34928_low_threshold;sweep_top_combo;test_build_signals;vpvr_hvn_persistence,75
funding_carry_asym,GRAVEYARD,funding_carry,strategies/_graveyard/funding_carry/funding_carry_asym,strategies/_graveyard/funding_carry/funding_carry_asym/run_backtest.py;strategies/_graveyard/funding_carry/funding_carry_asym/strategy.py,False,none_visible,manual,other,build_signals;data_loader;framework_adapter_vectorbt;prototype;run_backtest;sma34928_low_threshold;strategy;sweep_top_combo;test_build_signals;vpvr_hvn_persistence,75
funding_oscillator_mr,GRAVEYARD,funding_carry,strategies/_graveyard/funding_carry/funding_oscillator_mr,strategies/_graveyard/funding_carry/funding_oscillator_mr/run_u5noncarry.py;strategies/_graveyard/funding_carry/funding_oscillator_mr/strategy.py,False,none_visible,manual,signal,data_loader;strategy,20
funding_oscillator_mr,GRAVEYARD,funding_carry,strategies/_graveyard/funding_carry/funding_oscillator_mr,strategies/_graveyard/funding_carry/funding_oscillator_mr/run_u5noncarry.py;strategies/_graveyard/funding_carry/funding_oscillator_mr/strategy.py,False,none_visible,manual,risk/sizing,run_u5noncarry,20
funding_oscillator_mr,GRAVEYARD,funding_carry,strategies/_graveyard/funding_carry/funding_oscillator_mr,strategies/_graveyard/funding_carry/funding_oscillator_mr/run_u5noncarry.py;strategies/_graveyard/funding_carry/funding_oscillator_mr/strategy.py,False,none_visible,manual,execution,strategy,20
funding_oscillator_mr,GRAVEYARD,funding_carry,strategies/_graveyard/funding_carry/funding_oscillator_mr,strategies/_graveyard/funding_carry/funding_oscillator_mr/run_u5noncarry.py;strategies/_graveyard/funding_carry/funding_oscillator_mr/strategy.py,False,none_visible,manual,cost,,20
funding_oscillator_mr,GRAVEYARD,funding_carry,strategies/_graveyard/funding_carry/funding_oscillator_mr,strategies/_graveyard/funding_carry/funding_oscillator_mr/run_u5noncarry.py;strategies/_graveyard/funding_carry/funding_oscillator_mr/strategy.py,False,none_visible,manual,evaluation,data_loader;run_u5noncarry,20
funding_oscillator_mr,GRAVEYARD,funding_carry,strategies/_graveyard/funding_carry/funding_oscillator_mr,strategies/_graveyard/funding_carry/funding_oscillator_mr/run_u5noncarry.py;strategies/_graveyard/funding_carry/funding_oscillator_mr/strategy.py,False,none_visible,manual,other,data_loader;run_u5noncarry;strategy,20
sma_34925_btc_funding_delta,GRAVEYARD,funding_carry,strategies/_graveyard/funding_carry/sma_34925_btc_funding_delta,,False,none_visible,manual,signal,backtest_backtrader,29
sma_34925_btc_funding_delta,GRAVEYARD,funding_carry,strategies/_graveyard/funding_carry/sma_34925_btc_funding_delta,,False,none_visible,manual,risk/sizing,backtest_inhouse,29
sma_34925_btc_funding_delta,GRAVEYARD,funding_carry,strategies/_graveyard/funding_carry/sma_34925_btc_funding_delta,,False,none_visible,manual,execution,,29
sma_34925_btc_funding_delta,GRAVEYARD,funding_carry,strategies/_graveyard/funding_carry/sma_34925_btc_funding_delta,,False,none_visible,manual,cost,backtest_backtrader,29
sma_34925_btc_funding_delta,GRAVEYARD,funding_carry,strategies/_graveyard/funding_carry/sma_34925_btc_funding_delta,,False,none_visible,manual,evaluation,backtest_backtrader;backtest_inhouse;backtest_vectorbt,29
sma_34925_btc_funding_delta,GRAVEYARD,funding_carry,strategies/_graveyard/funding_carry/sma_34925_btc_funding_delta,,False,none_visible,manual,other,backtest_backtrader;backtest_inhouse;backtest_vectorbt;sensitivity_sweep,29
vpvr_macro_calendar_4h_20260715,GRAVEYARD,options_macro_sentiment,strategies/_graveyard/options_macro_sentiment/vpvr_macro_calendar_4h_20260715,strategies/_graveyard/options_macro_sentiment/vpvr_macro_calendar_4h_20260715/run_backtest.py;strategies/_graveyard/options_macro_sentiment/vpvr_macro_calendar_4h_20260715/strategy.py,False,none_visible,none,signal,build_signals;framework_adapter_vectorbt;test_signals,47
vpvr_macro_calendar_4h_20260715,GRAVEYARD,options_macro_sentiment,strategies/_graveyard/options_macro_sentiment/vpvr_macro_calendar_4h_20260715,strategies/_graveyard/options_macro_sentiment/vpvr_macro_calendar_4h_20260715/run_backtest.py;strategies/_graveyard/options_macro_sentiment/vpvr_macro_calendar_4h_20260715/strategy.py,False,none_visible,none,risk/sizing,,47
vpvr_macro_calendar_4h_20260715,GRAVEYARD,options_macro_sentiment,strategies/_graveyard/options_macro_sentiment/vpvr_macro_calendar_4h_20260715,strategies/_graveyard/options_macro_sentiment/vpvr_macro_calendar_4h_20260715/run_backtest.py;strategies/_graveyard/options_macro_sentiment/vpvr_macro_calendar_4h_20260715/strategy.py,False,none_visible,none,execution,strategy;test_signals,47
vpvr_macro_calendar_4h_20260715,GRAVEYARD,options_macro_sentiment,strategies/_graveyard/options_macro_sentiment/vpvr_macro_calendar_4h_20260715,strategies/_graveyard/options_macro_sentiment/vpvr_macro_calendar_4h_20260715/run_backtest.py;strategies/_graveyard/options_macro_sentiment/vpvr_macro_calendar_4h_20260715/strategy.py,False,none_visible,none,cost,macro_calendar,47
vpvr_macro_calendar_4h_20260715,GRAVEYARD,options_macro_sentiment,strategies/_graveyard/options_macro_sentiment/vpvr_macro_calendar_4h_20260715,strategies/_graveyard/options_macro_sentiment/vpvr_macro_calendar_4h_20260715/run_backtest.py;strategies/_graveyard/options_macro_sentiment/vpvr_macro_calendar_4h_20260715/strategy.py,False,none_visible,none,evaluation,framework_adapter_backtrader;framework_adapter_freqtrade;framework_adapter_vectorbt;run_backtest,47
vpvr_macro_calendar_4h_20260715,GRAVEYARD,options_macro_sentiment,strategies/_graveyard/options_macro_sentiment/vpvr_macro_calendar_4h_20260715,strategies/_graveyard/options_macro_sentiment/vpvr_macro_calendar_4h_20260715/run_backtest.py;strategies/_graveyard/options_macro_sentiment/vpvr_macro_calendar_4h_20260715/strategy.py,False,none_visible,none,other,build_signals;data_loader;framework_adapter_backtrader;framework_adapter_freqtrade;framework_adapter_vectorbt;run_backtest;strategy;test_signals,47
vpvr_onchain_proxy_1h_20260711,GRAVEYARD,options_macro_sentiment,strategies/_graveyard/options_macro_sentiment/vpvr_onchain_proxy_1h_20260711,strategies/_graveyard/options_macro_sentiment/vpvr_onchain_proxy_1h_20260711/run_backtest.py;strategies/_graveyard/options_macro_sentiment/vpvr_onchain_proxy_1h_20260711/strategy.py,False,none_visible,none,signal,strategy;test_indicators,19
vpvr_onchain_proxy_1h_20260711,GRAVEYARD,options_macro_sentiment,strategies/_graveyard/options_macro_sentiment/vpvr_onchain_proxy_1h_20260711,strategies/_graveyard/options_macro_sentiment/vpvr_onchain_proxy_1h_20260711/run_backtest.py;strategies/_graveyard/options_macro_sentiment/vpvr_onchain_proxy_1h_20260711/strategy.py,False,none_visible,none,risk/sizing,,19
vpvr_onchain_proxy_1h_20260711,GRAVEYARD,options_macro_sentiment,strategies/_graveyard/options_macro_sentiment/vpvr_onchain_proxy_1h_20260711,strategies/_graveyard/options_macro_sentiment/vpvr_onchain_proxy_1h_20260711/run_backtest.py;strategies/_graveyard/options_macro_sentiment/vpvr_onchain_proxy_1h_20260711/strategy.py,False,none_visible,none,execution,strategy,19
vpvr_onchain_proxy_1h_20260711,GRAVEYARD,options_macro_sentiment,strategies/_graveyard/options_macro_sentiment/vpvr_onchain_proxy_1h_20260711,strategies/_graveyard/options_macro_sentiment/vpvr_onchain_proxy_1h_20260711/run_backtest.py;strategies/_graveyard/options_macro_sentiment/vpvr_onchain_proxy_1h_20260711/strategy.py,False,none_visible,none,cost,,19
vpvr_onchain_proxy_1h_20260711,GRAVEYARD,options_macro_sentiment,strategies/_graveyard/options_macro_sentiment/vpvr_onchain_proxy_1h_20260711,strategies/_graveyard/options_macro_sentiment/vpvr_onchain_proxy_1h_20260711/run_backtest.py;strategies/_graveyard/options_macro_sentiment/vpvr_onchain_proxy_1h_20260711/strategy.py,False,none_visible,none,evaluation,,19
vpvr_onchain_proxy_1h_20260711,GRAVEYARD,options_macro_sentiment,strategies/_graveyard/options_macro_sentiment/vpvr_onchain_proxy_1h_20260711,strategies/_graveyard/options_macro_sentiment/vpvr_onchain_proxy_1h_20260711/run_backtest.py;strategies/_graveyard/options_macro_sentiment/vpvr_onchain_proxy_1h_20260711/strategy.py,False,none_visible,none,other,data_loader;framework_adapter_backtrader;framework_adapter_vectorbt;run_backtest;strategy;test_indicators,19
vpvr_options_gamma_1d_20260711,GRAVEYARD,options_macro_sentiment,strategies/_graveyard/options_macro_sentiment/vpvr_options_gamma_1d_20260711,,False,none_visible,none,signal,,0
vpvr_options_gamma_1d_20260711,GRAVEYARD,options_macro_sentiment,strategies/_graveyard/options_macro_sentiment/vpvr_options_gamma_1d_20260711,,False,none_visible,none,risk/sizing,,0
vpvr_options_gamma_1d_20260711,GRAVEYARD,options_macro_sentiment,strategies/_graveyard/options_macro_sentiment/vpvr_options_gamma_1d_20260711,,False,none_visible,none,execution,,0
vpvr_options_gamma_1d_20260711,GRAVEYARD,options_macro_sentiment,strategies/_graveyard/options_macro_sentiment/vpvr_options_gamma_1d_20260711,,False,none_visible,none,cost,,0
vpvr_options_gamma_1d_20260711,GRAVEYARD,options_macro_sentiment,strategies/_graveyard/options_macro_sentiment/vpvr_options_gamma_1d_20260711,,False,none_visible,none,evaluation,,0
vpvr_options_gamma_1d_20260711,GRAVEYARD,options_macro_sentiment,strategies/_graveyard/options_macro_sentiment/vpvr_options_gamma_1d_20260711,,False,none_visible,none,other,,0
vpvr_options_iv_skew_1d_20260713,GRAVEYARD,options_macro_sentiment,strategies/_graveyard/options_macro_sentiment/vpvr_options_iv_skew_1d_20260713,,False,none_visible,none,signal,,0
vpvr_options_iv_skew_1d_20260713,GRAVEYARD,options_macro_sentiment,strategies/_graveyard/options_macro_sentiment/vpvr_options_iv_skew_1d_20260713,,False,none_visible,none,risk/sizing,,0
vpvr_options_iv_skew_1d_20260713,GRAVEYARD,options_macro_sentiment,strategies/_graveyard/options_macro_sentiment/vpvr_options_iv_skew_1d_20260713,,False,none_visible,none,execution,,0
vpvr_options_iv_skew_1d_20260713,GRAVEYARD,options_macro_sentiment,strategies/_graveyard/options_macro_sentiment/vpvr_options_iv_skew_1d_20260713,,False,none_visible,none,cost,,0
vpvr_options_iv_skew_1d_20260713,GRAVEYARD,options_macro_sentiment,strategies/_graveyard/options_macro_sentiment/vpvr_options_iv_skew_1d_20260713,,False,none_visible,none,evaluation,,0
vpvr_options_iv_skew_1d_20260713,GRAVEYARD,options_macro_sentiment,strategies/_graveyard/options_macro_sentiment/vpvr_options_iv_skew_1d_20260713,,False,none_visible,none,other,,0
vpvr_options_iv_termstructure_4h_20260715,GRAVEYARD,options_macro_sentiment,strategies/_graveyard/options_macro_sentiment/vpvr_options_iv_termstructure_4h_20260715,,False,none_visible,none,signal,,0
vpvr_options_iv_termstructure_4h_20260715,GRAVEYARD,options_macro_sentiment,strategies/_graveyard/options_macro_sentiment/vpvr_options_iv_termstructure_4h_20260715,,False,none_visible,none,risk/sizing,,0
vpvr_options_iv_termstructure_4h_20260715,GRAVEYARD,options_macro_sentiment,strategies/_graveyard/options_macro_sentiment/vpvr_options_iv_termstructure_4h_20260715,,False,none_visible,none,execution,,0
vpvr_options_iv_termstructure_4h_20260715,GRAVEYARD,options_macro_sentiment,strategies/_graveyard/options_macro_sentiment/vpvr_options_iv_termstructure_4h_20260715,,False,none_visible,none,cost,,0
vpvr_options_iv_termstructure_4h_20260715,GRAVEYARD,options_macro_sentiment,strategies/_graveyard/options_macro_sentiment/vpvr_options_iv_termstructure_4h_20260715,,False,none_visible,none,evaluation,,0
vpvr_options_iv_termstructure_4h_20260715,GRAVEYARD,options_macro_sentiment,strategies/_graveyard/options_macro_sentiment/vpvr_options_iv_termstructure_4h_20260715,,False,none_visible,none,other,,0
vpvr_options_putcall_oi_pressure_8h_20260715,GRAVEYARD,options_macro_sentiment,strategies/_graveyard/options_macro_sentiment/vpvr_options_putcall_oi_pressure_8h_20260715,strategies/_graveyard/options_macro_sentiment/vpvr_options_putcall_oi_pressure_8h_20260715/run_backtest.py;strategies/_graveyard/options_macro_sentiment/vpvr_options_putcall_oi_pressure_8h_20260715/strategy.py,False,none_visible,none,signal,build_signals;test_signals,31
vpvr_options_putcall_oi_pressure_8h_20260715,GRAVEYARD,options_macro_sentiment,strategies/_graveyard/options_macro_sentiment/vpvr_options_putcall_oi_pressure_8h_20260715,strategies/_graveyard/options_macro_sentiment/vpvr_options_putcall_oi_pressure_8h_20260715/run_backtest.py;strategies/_graveyard/options_macro_sentiment/vpvr_options_putcall_oi_pressure_8h_20260715/strategy.py,False,none_visible,none,risk/sizing,,31
vpvr_options_putcall_oi_pressure_8h_20260715,GRAVEYARD,options_macro_sentiment,strategies/_graveyard/options_macro_sentiment/vpvr_options_putcall_oi_pressure_8h_20260715,strategies/_graveyard/options_macro_sentiment/vpvr_options_putcall_oi_pressure_8h_20260715/run_backtest.py;strategies/_graveyard/options_macro_sentiment/vpvr_options_putcall_oi_pressure_8h_20260715/strategy.py,False,none_visible,none,execution,strategy,31
vpvr_options_putcall_oi_pressure_8h_20260715,GRAVEYARD,options_macro_sentiment,strategies/_graveyard/options_macro_sentiment/vpvr_options_putcall_oi_pressure_8h_20260715,strategies/_graveyard/options_macro_sentiment/vpvr_options_putcall_oi_pressure_8h_20260715/run_backtest.py;strategies/_graveyard/options_macro_sentiment/vpvr_options_putcall_oi_pressure_8h_20260715/strategy.py,False,none_visible,none,cost,,31
vpvr_options_putcall_oi_pressure_8h_20260715,GRAVEYARD,options_macro_sentiment,strategies/_graveyard/options_macro_sentiment/vpvr_options_putcall_oi_pressure_8h_20260715,strategies/_graveyard/options_macro_sentiment/vpvr_options_putcall_oi_pressure_8h_20260715/run_backtest.py;strategies/_graveyard/options_macro_sentiment/vpvr_options_putcall_oi_pressure_8h_20260715/strategy.py,False,none_visible,none,evaluation,framework_adapter_freqtrade;run_backtest,31
vpvr_options_putcall_oi_pressure_8h_20260715,GRAVEYARD,options_macro_sentiment,strategies/_graveyard/options_macro_sentiment/vpvr_options_putcall_oi_pressure_8h_20260715,strategies/_graveyard/options_macro_sentiment/vpvr_options_putcall_oi_pressure_8h_20260715/run_backtest.py;strategies/_graveyard/options_macro_sentiment/vpvr_options_putcall_oi_pressure_8h_20260715/strategy.py,False,none_visible,none,other,framework_adapter_backtrader;framework_adapter_freqtrade;run_backtest;strategy;test_signals,31
vpvr_stable_depeg_regime_4h_20260716,GRAVEYARD,options_macro_sentiment,strategies/_graveyard/options_macro_sentiment/vpvr_stable_depeg_regime_4h_20260716,strategies/_graveyard/options_macro_sentiment/vpvr_stable_depeg_regime_4h_20260716/run_backtest.py;strategies/_graveyard/options_macro_sentiment/vpvr_stable_depeg_regime_4h_20260716/run_cpcv.py;strategies/_graveyard/options_macro_sentiment/vpvr_stable_depeg_regime_4h_20260716/strategy.py,True,none_visible,none,signal,build_signals;framework_adapter_backtrader;test_signals,34
vpvr_stable_depeg_regime_4h_20260716,GRAVEYARD,options_macro_sentiment,strategies/_graveyard/options_macro_sentiment/vpvr_stable_depeg_regime_4h_20260716,strategies/_graveyard/options_macro_sentiment/vpvr_stable_depeg_regime_4h_20260716/run_backtest.py;strategies/_graveyard/options_macro_sentiment/vpvr_stable_depeg_regime_4h_20260716/run_cpcv.py;strategies/_graveyard/options_macro_sentiment/vpvr_stable_depeg_regime_4h_20260716/strategy.py,True,none_visible,none,risk/sizing,,34
vpvr_stable_depeg_regime_4h_20260716,GRAVEYARD,options_macro_sentiment,strategies/_graveyard/options_macro_sentiment/vpvr_stable_depeg_regime_4h_20260716,strategies/_graveyard/options_macro_sentiment/vpvr_stable_depeg_regime_4h_20260716/run_backtest.py;strategies/_graveyard/options_macro_sentiment/vpvr_stable_depeg_regime_4h_20260716/run_cpcv.py;strategies/_graveyard/options_macro_sentiment/vpvr_stable_depeg_regime_4h_20260716/strategy.py,True,none_visible,none,execution,strategy,34
vpvr_stable_depeg_regime_4h_20260716,GRAVEYARD,options_macro_sentiment,strategies/_graveyard/options_macro_sentiment/vpvr_stable_depeg_regime_4h_20260716,strategies/_graveyard/options_macro_sentiment/vpvr_stable_depeg_regime_4h_20260716/run_backtest.py;strategies/_graveyard/options_macro_sentiment/vpvr_stable_depeg_regime_4h_20260716/run_cpcv.py;strategies/_graveyard/options_macro_sentiment/vpvr_stable_depeg_regime_4h_20260716/strategy.py,True,none_visible,none,cost,,34
vpvr_stable_depeg_regime_4h_20260716,GRAVEYARD,options_macro_sentiment,strategies/_graveyard/options_macro_sentiment/vpvr_stable_depeg_regime_4h_20260716,strategies/_graveyard/options_macro_sentiment/vpvr_stable_depeg_regime_4h_20260716/run_backtest.py;strategies/_graveyard/options_macro_sentiment/vpvr_stable_depeg_regime_4h_20260716/run_cpcv.py;strategies/_graveyard/options_macro_sentiment/vpvr_stable_depeg_regime_4h_20260716/strategy.py,True,none_visible,none,evaluation,framework_adapter_backtrader;framework_adapter_freqtrade;run_backtest,34
vpvr_stable_depeg_regime_4h_20260716,GRAVEYARD,options_macro_sentiment,strategies/_graveyard/options_macro_sentiment/vpvr_stable_depeg_regime_4h_20260716,strategies/_graveyard/options_macro_sentiment/vpvr_stable_depeg_regime_4h_20260716/run_backtest.py;strategies/_graveyard/options_macro_sentiment/vpvr_stable_depeg_regime_4h_20260716/run_cpcv.py;strategies/_graveyard/options_macro_sentiment/vpvr_stable_depeg_regime_4h_20260716/strategy.py,True,none_visible,none,other,framework_adapter_backtrader;framework_adapter_freqtrade;run_backtest;run_cpcv;strategy;test_signals,34
vpvr_stable_depeg_regime_4h_20260716_p3opt_091,GRAVEYARD,options_macro_sentiment,strategies/_graveyard/options_macro_sentiment/vpvr_stable_depeg_regime_4h_20260716_p3opt_091,strategies/_graveyard/options_macro_sentiment/vpvr_stable_depeg_regime_4h_20260716_p3opt_091/run_backtest.py;strategies/_graveyard/options_macro_sentiment/vpvr_stable_depeg_regime_4h_20260716_p3opt_091/run_cpcv.py;strategies/_graveyard/options_macro_sentiment/vpvr_stable_depeg_regime_4h_20260716_p3opt_091/strategy.py,True,none_visible,none,signal,build_signals;framework_adapter_backtrader;test_signals,34
vpvr_stable_depeg_regime_4h_20260716_p3opt_091,GRAVEYARD,options_macro_sentiment,strategies/_graveyard/options_macro_sentiment/vpvr_stable_depeg_regime_4h_20260716_p3opt_091,strategies/_graveyard/options_macro_sentiment/vpvr_stable_depeg_regime_4h_20260716_p3opt_091/run_backtest.py;strategies/_graveyard/options_macro_sentiment/vpvr_stable_depeg_regime_4h_20260716_p3opt_091/run_cpcv.py;strategies/_graveyard/options_macro_sentiment/vpvr_stable_depeg_regime_4h_20260716_p3opt_091/strategy.py,True,none_visible,none,risk/sizing,,34
vpvr_stable_depeg_regime_4h_20260716_p3opt_091,GRAVEYARD,options_macro_sentiment,strategies/_graveyard/options_macro_sentiment/vpvr_stable_depeg_regime_4h_20260716_p3opt_091,strategies/_graveyard/options_macro_sentiment/vpvr_stable_depeg_regime_4h_20260716_p3opt_091/run_backtest.py;strategies/_graveyard/options_macro_sentiment/vpvr_stable_depeg_regime_4h_20260716_p3opt_091/run_cpcv.py;strategies/_graveyard/options_macro_sentiment/vpvr_stable_depeg_regime_4h_20260716_p3opt_091/strategy.py,True,none_visible,none,execution,strategy,34
vpvr_stable_depeg_regime_4h_20260716_p3opt_091,GRAVEYARD,options_macro_sentiment,strategies/_graveyard/options_macro_sentiment/vpvr_stable_depeg_regime_4h_20260716_p3opt_091,strategies/_graveyard/options_macro_sentiment/vpvr_stable_depeg_regime_4h_20260716_p3opt_091/run_backtest.py;strategies/_graveyard/options_macro_sentiment/vpvr_stable_depeg_regime_4h_20260716_p3opt_091/run_cpcv.py;strategies/_graveyard/options_macro_sentiment/vpvr_stable_depeg_regime_4h_20260716_p3opt_091/strategy.py,True,none_visible,none,cost,,34
vpvr_stable_depeg_regime_4h_20260716_p3opt_091,GRAVEYARD,options_macro_sentiment,strategies/_graveyard/options_macro_sentiment/vpvr_stable_depeg_regime_4h_20260716_p3opt_091,strategies/_graveyard/options_macro_sentiment/vpvr_stable_depeg_regime_4h_20260716_p3opt_091/run_backtest.py;strategies/_graveyard/options_macro_sentiment/vpvr_stable_depeg_regime_4h_20260716_p3opt_091/run_cpcv.py;strategies/_graveyard/options_macro_sentiment/vpvr_stable_depeg_regime_4h_20260716_p3opt_091/strategy.py,True,none_visible,none,evaluation,framework_adapter_backtrader;framework_adapter_freqtrade;run_backtest,34
vpvr_stable_depeg_regime_4h_20260716_p3opt_091,GRAVEYARD,options_macro_sentiment,strategies/_graveyard/options_macro_sentiment/vpvr_stable_depeg_regime_4h_20260716_p3opt_091,strategies/_graveyard/options_macro_sentiment/vpvr_stable_depeg_regime_4h_20260716_p3opt_091/run_backtest.py;strategies/_graveyard/options_macro_sentiment/vpvr_stable_depeg_regime_4h_20260716_p3opt_091/run_cpcv.py;strategies/_graveyard/options_macro_sentiment/vpvr_stable_depeg_regime_4h_20260716_p3opt_091/strategy.py,True,none_visible,none,other,framework_adapter_backtrader;framework_adapter_freqtrade;run_backtest;run_cpcv;strategy;test_signals,34
paper_trading_mtf_xs_pairs_eth_sol_20260719,GRAVEYARD,paper_trading,strategies/_graveyard/paper_trading/paper_trading_mtf_xs_pairs_eth_sol_20260719,,True,_shared,manual,signal,fill_engine,28
paper_trading_mtf_xs_pairs_eth_sol_20260719,GRAVEYARD,paper_trading,strategies/_graveyard/paper_trading/paper_trading_mtf_xs_pairs_eth_sol_20260719,,True,_shared,manual,risk/sizing,,28
paper_trading_mtf_xs_pairs_eth_sol_20260719,GRAVEYARD,paper_trading,strategies/_graveyard/paper_trading/paper_trading_mtf_xs_pairs_eth_sol_20260719,,True,_shared,manual,execution,fill_engine,28
paper_trading_mtf_xs_pairs_eth_sol_20260719,GRAVEYARD,paper_trading,strategies/_graveyard/paper_trading/paper_trading_mtf_xs_pairs_eth_sol_20260719,,True,_shared,manual,cost,paper_runner,28
paper_trading_mtf_xs_pairs_eth_sol_20260719,GRAVEYARD,paper_trading,strategies/_graveyard/paper_trading/paper_trading_mtf_xs_pairs_eth_sol_20260719,,True,_shared,manual,evaluation,fill_engine;kill_criteria;paper_runner,28
paper_trading_mtf_xs_pairs_eth_sol_20260719,GRAVEYARD,paper_trading,strategies/_graveyard/paper_trading/paper_trading_mtf_xs_pairs_eth_sol_20260719,,True,_shared,manual,other,fill_engine;kill_criteria;paper_runner,28
vpvr_funding_asym_4h_20260713,GRAVEYARD,vpvr_funding,strategies/_graveyard/vpvr_funding/vpvr_funding_asym_4h_20260713,strategies/_graveyard/vpvr_funding/vpvr_funding_asym_4h_20260713/run_backtest.py;strategies/_graveyard/vpvr_funding/vpvr_funding_asym_4h_20260713/strategy.py,False,none_visible,none,signal,data_loader;strategy,28
vpvr_funding_asym_4h_20260713,GRAVEYARD,vpvr_funding,strategies/_graveyard/vpvr_funding/vpvr_funding_asym_4h_20260713,strategies/_graveyard/vpvr_funding/vpvr_funding_asym_4h_20260713/run_backtest.py;strategies/_graveyard/vpvr_funding/vpvr_funding_asym_4h_20260713/strategy.py,False,none_visible,none,risk/sizing,,28
vpvr_funding_asym_4h_20260713,GRAVEYARD,vpvr_funding,strategies/_graveyard/vpvr_funding/vpvr_funding_asym_4h_20260713,strategies/_graveyard/vpvr_funding/vpvr_funding_asym_4h_20260713/run_backtest.py;strategies/_graveyard/vpvr_funding/vpvr_funding_asym_4h_20260713/strategy.py,False,none_visible,none,execution,strategy;test_strategy,28
vpvr_funding_asym_4h_20260713,GRAVEYARD,vpvr_funding,strategies/_graveyard/vpvr_funding/vpvr_funding_asym_4h_20260713,strategies/_graveyard/vpvr_funding/vpvr_funding_asym_4h_20260713/run_backtest.py;strategies/_graveyard/vpvr_funding/vpvr_funding_asym_4h_20260713/strategy.py,False,none_visible,none,cost,,28
vpvr_funding_asym_4h_20260713,GRAVEYARD,vpvr_funding,strategies/_graveyard/vpvr_funding/vpvr_funding_asym_4h_20260713,strategies/_graveyard/vpvr_funding/vpvr_funding_asym_4h_20260713/run_backtest.py;strategies/_graveyard/vpvr_funding/vpvr_funding_asym_4h_20260713/strategy.py,False,none_visible,none,evaluation,framework_adapter_vectorbt,28
vpvr_funding_asym_4h_20260713,GRAVEYARD,vpvr_funding,strategies/_graveyard/vpvr_funding/vpvr_funding_asym_4h_20260713,strategies/_graveyard/vpvr_funding/vpvr_funding_asym_4h_20260713/run_backtest.py;strategies/_graveyard/vpvr_funding/vpvr_funding_asym_4h_20260713/strategy.py,False,none_visible,none,other,data_loader;framework_adapter_backtrader;framework_adapter_freqtrade;framework_adapter_vectorbt;run_backtest;strategy;test_strategy,28
vpvr_funding_aware_v1_20260711,GRAVEYARD,vpvr_funding,strategies/_graveyard/vpvr_funding/vpvr_funding_aware_v1_20260711,strategies/_graveyard/vpvr_funding/vpvr_funding_aware_v1_20260711/run_backtest.py;strategies/_graveyard/vpvr_funding/vpvr_funding_aware_v1_20260711/strategy.py,False,none_visible,none,signal,data_loader;strategy;test_strategy,54
vpvr_funding_aware_v1_20260711,GRAVEYARD,vpvr_funding,strategies/_graveyard/vpvr_funding/vpvr_funding_aware_v1_20260711,strategies/_graveyard/vpvr_funding/vpvr_funding_aware_v1_20260711/run_backtest.py;strategies/_graveyard/vpvr_funding/vpvr_funding_aware_v1_20260711/strategy.py,False,none_visible,none,risk/sizing,,54
vpvr_funding_aware_v1_20260711,GRAVEYARD,vpvr_funding,strategies/_graveyard/vpvr_funding/vpvr_funding_aware_v1_20260711,strategies/_graveyard/vpvr_funding/vpvr_funding_aware_v1_20260711/run_backtest.py;strategies/_graveyard/vpvr_funding/vpvr_funding_aware_v1_20260711/strategy.py,False,none_visible,none,execution,strategy;test_strategy,54
vpvr_funding_aware_v1_20260711,GRAVEYARD,vpvr_funding,strategies/_graveyard/vpvr_funding/vpvr_funding_aware_v1_20260711,strategies/_graveyard/vpvr_funding/vpvr_funding_aware_v1_20260711/run_backtest.py;strategies/_graveyard/vpvr_funding/vpvr_funding_aware_v1_20260711/strategy.py,False,none_visible,none,cost,,54
vpvr_funding_aware_v1_20260711,GRAVEYARD,vpvr_funding,strategies/_graveyard/vpvr_funding/vpvr_funding_aware_v1_20260711,strategies/_graveyard/vpvr_funding/vpvr_funding_aware_v1_20260711/run_backtest.py;strategies/_graveyard/vpvr_funding/vpvr_funding_aware_v1_20260711/strategy.py,False,none_visible,none,evaluation,audit_maxdd;framework_adapter_vectorbt;strategy;test_strategy;walk_forward,54
vpvr_funding_aware_v1_20260711,GRAVEYARD,vpvr_funding,strategies/_graveyard/vpvr_funding/vpvr_funding_aware_v1_20260711,strategies/_graveyard/vpvr_funding/vpvr_funding_aware_v1_20260711/run_backtest.py;strategies/_graveyard/vpvr_funding/vpvr_funding_aware_v1_20260711/strategy.py,False,none_visible,none,other,audit_maxdd;data_loader;framework_adapter_backtrader;framework_adapter_freqtrade;framework_adapter_vectorbt;run_backtest;strategy;test_strategy;walk_forward,54
vpvr_funding_carry_asym_v2_20260718,GRAVEYARD,vpvr_funding,strategies/_graveyard/vpvr_funding/vpvr_funding_carry_asym_v2_20260718,strategies/_graveyard/vpvr_funding/vpvr_funding_carry_asym_v2_20260718/run_backtest.py;strategies/_graveyard/vpvr_funding/vpvr_funding_carry_asym_v2_20260718/run_cpcv.py,True,_shared,_shared,signal,build_signals;data_loader;funding_signal;test_funding_signal;test_state_machine;trend_filter;vpvr_levels_band,46
vpvr_funding_carry_asym_v2_20260718,GRAVEYARD,vpvr_funding,strategies/_graveyard/vpvr_funding/vpvr_funding_carry_asym_v2_20260718,strategies/_graveyard/vpvr_funding/vpvr_funding_carry_asym_v2_20260718/run_backtest.py;strategies/_graveyard/vpvr_funding/vpvr_funding_carry_asym_v2_20260718/run_cpcv.py,True,_shared,_shared,risk/sizing,,46
vpvr_funding_carry_asym_v2_20260718,GRAVEYARD,vpvr_funding,strategies/_graveyard/vpvr_funding/vpvr_funding_carry_asym_v2_20260718,strategies/_graveyard/vpvr_funding/vpvr_funding_carry_asym_v2_20260718/run_backtest.py;strategies/_graveyard/vpvr_funding/vpvr_funding_carry_asym_v2_20260718/run_cpcv.py,True,_shared,_shared,execution,state_machine,46
vpvr_funding_carry_asym_v2_20260718,GRAVEYARD,vpvr_funding,strategies/_graveyard/vpvr_funding/vpvr_funding_carry_asym_v2_20260718,strategies/_graveyard/vpvr_funding/vpvr_funding_carry_asym_v2_20260718/run_backtest.py;strategies/_graveyard/vpvr_funding/vpvr_funding_carry_asym_v2_20260718/run_cpcv.py,True,_shared,_shared,cost,,46
vpvr_funding_carry_asym_v2_20260718,GRAVEYARD,vpvr_funding,strategies/_graveyard/vpvr_funding/vpvr_funding_carry_asym_v2_20260718,strategies/_graveyard/vpvr_funding/vpvr_funding_carry_asym_v2_20260718/run_backtest.py;strategies/_graveyard/vpvr_funding/vpvr_funding_carry_asym_v2_20260718/run_cpcv.py,True,_shared,_shared,evaluation,data_loader;funding_signal;run_backtest;state_machine;test_state_machine;test_vpvr_band,46
vpvr_funding_carry_asym_v2_20260718,GRAVEYARD,vpvr_funding,strategies/_graveyard/vpvr_funding/vpvr_funding_carry_asym_v2_20260718,strategies/_graveyard/vpvr_funding/vpvr_funding_carry_asym_v2_20260718/run_backtest.py;strategies/_graveyard/vpvr_funding/vpvr_funding_carry_asym_v2_20260718/run_cpcv.py,True,_shared,_shared,other,build_signals;data_loader;run_backtest;run_cpcv;state_machine;test_funding_signal;test_state_machine;test_vpvr_band,46
vpvr_funding_delta_1h_20260711,GRAVEYARD,vpvr_funding,strategies/_graveyard/vpvr_funding/vpvr_funding_delta_1h_20260711,,False,none_visible,none,signal,,0
vpvr_funding_delta_1h_20260711,GRAVEYARD,vpvr_funding,strategies/_graveyard/vpvr_funding/vpvr_funding_delta_1h_20260711,,False,none_visible,none,risk/sizing,,0
vpvr_funding_delta_1h_20260711,GRAVEYARD,vpvr_funding,strategies/_graveyard/vpvr_funding/vpvr_funding_delta_1h_20260711,,False,none_visible,none,execution,,0
vpvr_funding_delta_1h_20260711,GRAVEYARD,vpvr_funding,strategies/_graveyard/vpvr_funding/vpvr_funding_delta_1h_20260711,,False,none_visible,none,cost,,0
vpvr_funding_delta_1h_20260711,GRAVEYARD,vpvr_funding,strategies/_graveyard/vpvr_funding/vpvr_funding_delta_1h_20260711,,False,none_visible,none,evaluation,,0
vpvr_funding_delta_1h_20260711,GRAVEYARD,vpvr_funding,strategies/_graveyard/vpvr_funding/vpvr_funding_delta_1h_20260711,,False,none_visible,none,other,,0
vpvr_funding_delta_1h_asym_20260711,GRAVEYARD,vpvr_funding,strategies/_graveyard/vpvr_funding/vpvr_funding_delta_1h_asym_20260711,,False,none_visible,none,signal,,0
vpvr_funding_delta_1h_asym_20260711,GRAVEYARD,vpvr_funding,strategies/_graveyard/vpvr_funding/vpvr_funding_delta_1h_asym_20260711,,False,none_visible,none,risk/sizing,,0
vpvr_funding_delta_1h_asym_20260711,GRAVEYARD,vpvr_funding,strategies/_graveyard/vpvr_funding/vpvr_funding_delta_1h_asym_20260711,,False,none_visible,none,execution,,0
vpvr_funding_delta_1h_asym_20260711,GRAVEYARD,vpvr_funding,strategies/_graveyard/vpvr_funding/vpvr_funding_delta_1h_asym_20260711,,False,none_visible,none,cost,,0
vpvr_funding_delta_1h_asym_20260711,GRAVEYARD,vpvr_funding,strategies/_graveyard/vpvr_funding/vpvr_funding_delta_1h_asym_20260711,,False,none_visible,none,evaluation,,0
vpvr_funding_delta_1h_asym_20260711,GRAVEYARD,vpvr_funding,strategies/_graveyard/vpvr_funding/vpvr_funding_delta_1h_asym_20260711,,False,none_visible,none,other,,0
vpvr_funding_delta_1h_mtf_20260711,GRAVEYARD,vpvr_funding,strategies/_graveyard/vpvr_funding/vpvr_funding_delta_1h_mtf_20260711,,False,none_visible,none,signal,,0
vpvr_funding_delta_1h_mtf_20260711,GRAVEYARD,vpvr_funding,strategies/_graveyard/vpvr_funding/vpvr_funding_delta_1h_mtf_20260711,,False,none_visible,none,risk/sizing,,0
vpvr_funding_delta_1h_mtf_20260711,GRAVEYARD,vpvr_funding,strategies/_graveyard/vpvr_funding/vpvr_funding_delta_1h_mtf_20260711,,False,none_visible,none,execution,,0
vpvr_funding_delta_1h_mtf_20260711,GRAVEYARD,vpvr_funding,strategies/_graveyard/vpvr_funding/vpvr_funding_delta_1h_mtf_20260711,,False,none_visible,none,cost,,0
vpvr_funding_delta_1h_mtf_20260711,GRAVEYARD,vpvr_funding,strategies/_graveyard/vpvr_funding/vpvr_funding_delta_1h_mtf_20260711,,False,none_visible,none,evaluation,,0
vpvr_funding_delta_1h_mtf_20260711,GRAVEYARD,vpvr_funding,strategies/_graveyard/vpvr_funding/vpvr_funding_delta_1h_mtf_20260711,,False,none_visible,none,other,,0
vpvr_funding_delta_1h_pair_20260711,GRAVEYARD,vpvr_funding,strategies/_graveyard/vpvr_funding/vpvr_funding_delta_1h_pair_20260711,,False,none_visible,none,signal,,0
vpvr_funding_delta_1h_pair_20260711,GRAVEYARD,vpvr_funding,strategies/_graveyard/vpvr_funding/vpvr_funding_delta_1h_pair_20260711,,False,none_visible,none,risk/sizing,,0
vpvr_funding_delta_1h_pair_20260711,GRAVEYARD,vpvr_funding,strategies/_graveyard/vpvr_funding/vpvr_funding_delta_1h_pair_20260711,,False,none_visible,none,execution,,0
vpvr_funding_delta_1h_pair_20260711,GRAVEYARD,vpvr_funding,strategies/_graveyard/vpvr_funding/vpvr_funding_delta_1h_pair_20260711,,False,none_visible,none,cost,,0
vpvr_funding_delta_1h_pair_20260711,GRAVEYARD,vpvr_funding,strategies/_graveyard/vpvr_funding/vpvr_funding_delta_1h_pair_20260711,,False,none_visible,none,evaluation,,0
vpvr_funding_delta_1h_pair_20260711,GRAVEYARD,vpvr_funding,strategies/_graveyard/vpvr_funding/vpvr_funding_delta_1h_pair_20260711,,False,none_visible,none,other,,0
vpvr_funding_hvn_lvn_20260718,GRAVEYARD,vpvr_funding,strategies/_graveyard/vpvr_funding/vpvr_funding_hvn_lvn_20260718,strategies/_graveyard/vpvr_funding/vpvr_funding_hvn_lvn_20260718/vpvr_funding_hvn_lvn_backtest.py,False,none_visible,none,signal,vpvr_funding_hvn_lvn_backtest,13
vpvr_funding_hvn_lvn_20260718,GRAVEYARD,vpvr_funding,strategies/_graveyard/vpvr_funding/vpvr_funding_hvn_lvn_20260718,strategies/_graveyard/vpvr_funding/vpvr_funding_hvn_lvn_20260718/vpvr_funding_hvn_lvn_backtest.py,False,none_visible,none,risk/sizing,,13
vpvr_funding_hvn_lvn_20260718,GRAVEYARD,vpvr_funding,strategies/_graveyard/vpvr_funding/vpvr_funding_hvn_lvn_20260718,strategies/_graveyard/vpvr_funding/vpvr_funding_hvn_lvn_20260718/vpvr_funding_hvn_lvn_backtest.py,False,none_visible,none,execution,vpvr_funding_hvn_lvn_backtest,13
vpvr_funding_hvn_lvn_20260718,GRAVEYARD,vpvr_funding,strategies/_graveyard/vpvr_funding/vpvr_funding_hvn_lvn_20260718,strategies/_graveyard/vpvr_funding/vpvr_funding_hvn_lvn_20260718/vpvr_funding_hvn_lvn_backtest.py,False,none_visible,none,cost,,13
vpvr_funding_hvn_lvn_20260718,GRAVEYARD,vpvr_funding,strategies/_graveyard/vpvr_funding/vpvr_funding_hvn_lvn_20260718,strategies/_graveyard/vpvr_funding/vpvr_funding_hvn_lvn_20260718/vpvr_funding_hvn_lvn_backtest.py,False,none_visible,none,evaluation,vpvr_funding_hvn_lvn_backtest,13
vpvr_funding_hvn_lvn_20260718,GRAVEYARD,vpvr_funding,strategies/_graveyard/vpvr_funding/vpvr_funding_hvn_lvn_20260718,strategies/_graveyard/vpvr_funding/vpvr_funding_hvn_lvn_20260718/vpvr_funding_hvn_lvn_backtest.py,False,none_visible,none,other,vpvr_funding_hvn_lvn_backtest,13
vpvr_funding_hvn_lvn_confluence_20260718,GRAVEYARD,vpvr_funding,strategies/_graveyard/vpvr_funding/vpvr_funding_hvn_lvn_confluence_20260718,strategies/_graveyard/vpvr_funding/vpvr_funding_hvn_lvn_confluence_20260718/vpvr_funding_hvn_lvn_confluence_backtest.py,False,none_visible,none,signal,framework_adapter_backtrader;vpvr_funding_hvn_lvn_confluence_backtest,21
vpvr_funding_hvn_lvn_confluence_20260718,GRAVEYARD,vpvr_funding,strategies/_graveyard/vpvr_funding/vpvr_funding_hvn_lvn_confluence_20260718,strategies/_graveyard/vpvr_funding/vpvr_funding_hvn_lvn_confluence_20260718/vpvr_funding_hvn_lvn_confluence_backtest.py,False,none_visible,none,risk/sizing,,21
vpvr_funding_hvn_lvn_confluence_20260718,GRAVEYARD,vpvr_funding,strategies/_graveyard/vpvr_funding/vpvr_funding_hvn_lvn_confluence_20260718,strategies/_graveyard/vpvr_funding/vpvr_funding_hvn_lvn_confluence_20260718/vpvr_funding_hvn_lvn_confluence_backtest.py,False,none_visible,none,execution,vpvr_funding_hvn_lvn_confluence_backtest,21
vpvr_funding_hvn_lvn_confluence_20260718,GRAVEYARD,vpvr_funding,strategies/_graveyard/vpvr_funding/vpvr_funding_hvn_lvn_confluence_20260718,strategies/_graveyard/vpvr_funding/vpvr_funding_hvn_lvn_confluence_20260718/vpvr_funding_hvn_lvn_confluence_backtest.py,False,none_visible,none,cost,,21
vpvr_funding_hvn_lvn_confluence_20260718,GRAVEYARD,vpvr_funding,strategies/_graveyard/vpvr_funding/vpvr_funding_hvn_lvn_confluence_20260718,strategies/_graveyard/vpvr_funding/vpvr_funding_hvn_lvn_confluence_20260718/vpvr_funding_hvn_lvn_confluence_backtest.py,False,none_visible,none,evaluation,framework_adapter_backtrader;vpvr_funding_hvn_lvn_confluence_backtest,21
vpvr_funding_hvn_lvn_confluence_20260718,GRAVEYARD,vpvr_funding,strategies/_graveyard/vpvr_funding/vpvr_funding_hvn_lvn_confluence_20260718,strategies/_graveyard/vpvr_funding/vpvr_funding_hvn_lvn_confluence_20260718/vpvr_funding_hvn_lvn_confluence_backtest.py,False,none_visible,none,other,framework_adapter_backtrader;vpvr_funding_hvn_lvn_confluence_backtest,21
vpvr_funding_regime_15m_20260711,GRAVEYARD,vpvr_funding,strategies/_graveyard/vpvr_funding/vpvr_funding_regime_15m_20260711,strategies/_graveyard/vpvr_funding/vpvr_funding_regime_15m_20260711/run_backtest.py;strategies/_graveyard/vpvr_funding/vpvr_funding_regime_15m_20260711/strategy.py,False,none_visible,none,signal,data_loader;strategy;test_indicators,27
vpvr_funding_regime_15m_20260711,GRAVEYARD,vpvr_funding,strategies/_graveyard/vpvr_funding/vpvr_funding_regime_15m_20260711,strategies/_graveyard/vpvr_funding/vpvr_funding_regime_15m_20260711/run_backtest.py;strategies/_graveyard/vpvr_funding/vpvr_funding_regime_15m_20260711/strategy.py,False,none_visible,none,risk/sizing,,27
vpvr_funding_regime_15m_20260711,GRAVEYARD,vpvr_funding,strategies/_graveyard/vpvr_funding/vpvr_funding_regime_15m_20260711,strategies/_graveyard/vpvr_funding/vpvr_funding_regime_15m_20260711/run_backtest.py;strategies/_graveyard/vpvr_funding/vpvr_funding_regime_15m_20260711/strategy.py,False,none_visible,none,execution,strategy,27
vpvr_funding_regime_15m_20260711,GRAVEYARD,vpvr_funding,strategies/_graveyard/vpvr_funding/vpvr_funding_regime_15m_20260711,strategies/_graveyard/vpvr_funding/vpvr_funding_regime_15m_20260711/run_backtest.py;strategies/_graveyard/vpvr_funding/vpvr_funding_regime_15m_20260711/strategy.py,False,none_visible,none,cost,,27
vpvr_funding_regime_15m_20260711,GRAVEYARD,vpvr_funding,strategies/_graveyard/vpvr_funding/vpvr_funding_regime_15m_20260711,strategies/_graveyard/vpvr_funding/vpvr_funding_regime_15m_20260711/run_backtest.py;strategies/_graveyard/vpvr_funding/vpvr_funding_regime_15m_20260711/strategy.py,False,none_visible,none,evaluation,,27
vpvr_funding_regime_15m_20260711,GRAVEYARD,vpvr_funding,strategies/_graveyard/vpvr_funding/vpvr_funding_regime_15m_20260711,strategies/_graveyard/vpvr_funding/vpvr_funding_regime_15m_20260711/run_backtest.py;strategies/_graveyard/vpvr_funding/vpvr_funding_regime_15m_20260711/strategy.py,False,none_visible,none,other,data_loader;framework_adapter_backtrader;framework_adapter_vectorbt;run_backtest;strategy;test_indicators,27
vpvr_funding_reset_window_1h_20260715,GRAVEYARD,vpvr_funding,strategies/_graveyard/vpvr_funding/vpvr_funding_reset_window_1h_20260715,strategies/_graveyard/vpvr_funding/vpvr_funding_reset_window_1h_20260715/run_backtest.py;strategies/_graveyard/vpvr_funding/vpvr_funding_reset_window_1h_20260715/strategy.py,False,none_visible,none,signal,data_loader;strategy;test_v3_basic,30
vpvr_funding_reset_window_1h_20260715,GRAVEYARD,vpvr_funding,strategies/_graveyard/vpvr_funding/vpvr_funding_reset_window_1h_20260715,strategies/_graveyard/vpvr_funding/vpvr_funding_reset_window_1h_20260715/run_backtest.py;strategies/_graveyard/vpvr_funding/vpvr_funding_reset_window_1h_20260715/strategy.py,False,none_visible,none,risk/sizing,,30
vpvr_funding_reset_window_1h_20260715,GRAVEYARD,vpvr_funding,strategies/_graveyard/vpvr_funding/vpvr_funding_reset_window_1h_20260715,strategies/_graveyard/vpvr_funding/vpvr_funding_reset_window_1h_20260715/run_backtest.py;strategies/_graveyard/vpvr_funding/vpvr_funding_reset_window_1h_20260715/strategy.py,False,none_visible,none,execution,strategy;test_v3_basic,30
vpvr_funding_reset_window_1h_20260715,GRAVEYARD,vpvr_funding,strategies/_graveyard/vpvr_funding/vpvr_funding_reset_window_1h_20260715,strategies/_graveyard/vpvr_funding/vpvr_funding_reset_window_1h_20260715/run_backtest.py;strategies/_graveyard/vpvr_funding/vpvr_funding_reset_window_1h_20260715/strategy.py,False,none_visible,none,cost,,30
vpvr_funding_reset_window_1h_20260715,GRAVEYARD,vpvr_funding,strategies/_graveyard/vpvr_funding/vpvr_funding_reset_window_1h_20260715,strategies/_graveyard/vpvr_funding/vpvr_funding_reset_window_1h_20260715/run_backtest.py;strategies/_graveyard/vpvr_funding/vpvr_funding_reset_window_1h_20260715/strategy.py,False,none_visible,none,evaluation,,30
vpvr_funding_reset_window_1h_20260715,GRAVEYARD,vpvr_funding,strategies/_graveyard/vpvr_funding/vpvr_funding_reset_window_1h_20260715,strategies/_graveyard/vpvr_funding/vpvr_funding_reset_window_1h_20260715/run_backtest.py;strategies/_graveyard/vpvr_funding/vpvr_funding_reset_window_1h_20260715/strategy.py,False,none_visible,none,other,data_loader;framework_adapter_backtrader;framework_adapter_freqtrade;framework_adapter_vectorbt;run_backtest;strategy;test_v3_basic,30
vpvr_funding_term_curve_1h_20260714,GRAVEYARD,vpvr_funding,strategies/_graveyard/vpvr_funding/vpvr_funding_term_curve_1h_20260714,strategies/_graveyard/vpvr_funding/vpvr_funding_term_curve_1h_20260714/run_backtest.py;strategies/_graveyard/vpvr_funding/vpvr_funding_term_curve_1h_20260714/strategy.py,False,none_visible,none,signal,data_loader;strategy;test_strategy,37
vpvr_funding_term_curve_1h_20260714,GRAVEYARD,vpvr_funding,strategies/_graveyard/vpvr_funding/vpvr_funding_term_curve_1h_20260714,strategies/_graveyard/vpvr_funding/vpvr_funding_term_curve_1h_20260714/run_backtest.py;strategies/_graveyard/vpvr_funding/vpvr_funding_term_curve_1h_20260714/strategy.py,False,none_visible,none,risk/sizing,,37
vpvr_funding_term_curve_1h_20260714,GRAVEYARD,vpvr_funding,strategies/_graveyard/vpvr_funding/vpvr_funding_term_curve_1h_20260714,strategies/_graveyard/vpvr_funding/vpvr_funding_term_curve_1h_20260714/run_backtest.py;strategies/_graveyard/vpvr_funding/vpvr_funding_term_curve_1h_20260714/strategy.py,False,none_visible,none,execution,strategy,37
vpvr_funding_term_curve_1h_20260714,GRAVEYARD,vpvr_funding,strategies/_graveyard/vpvr_funding/vpvr_funding_term_curve_1h_20260714,strategies/_graveyard/vpvr_funding/vpvr_funding_term_curve_1h_20260714/run_backtest.py;strategies/_graveyard/vpvr_funding/vpvr_funding_term_curve_1h_20260714/strategy.py,False,none_visible,none,cost,strategy;test_strategy,37
vpvr_funding_term_curve_1h_20260714,GRAVEYARD,vpvr_funding,strategies/_graveyard/vpvr_funding/vpvr_funding_term_curve_1h_20260714,strategies/_graveyard/vpvr_funding/vpvr_funding_term_curve_1h_20260714/run_backtest.py;strategies/_graveyard/vpvr_funding/vpvr_funding_term_curve_1h_20260714/strategy.py,False,none_visible,none,evaluation,framework_adapter_freqtrade;framework_adapter_vectorbt,37
vpvr_funding_term_curve_1h_20260714,GRAVEYARD,vpvr_funding,strategies/_graveyard/vpvr_funding/vpvr_funding_term_curve_1h_20260714,strategies/_graveyard/vpvr_funding/vpvr_funding_term_curve_1h_20260714/run_backtest.py;strategies/_graveyard/vpvr_funding/vpvr_funding_term_curve_1h_20260714/strategy.py,False,none_visible,none,other,data_loader;framework_adapter_backtrader;framework_adapter_freqtrade;framework_adapter_vectorbt;run_backtest;strategy;test_strategy,37
cointegration_pairs_vpvr_poc_4h_20260714,GRAVEYARD,vpvr_xs_pairs_4h,strategies/_graveyard/vpvr_xs_pairs_4h/cointegration_pairs_vpvr_poc_4h_20260714,,False,none_visible,none,signal,,6
cointegration_pairs_vpvr_poc_4h_20260714,GRAVEYARD,vpvr_xs_pairs_4h,strategies/_graveyard/vpvr_xs_pairs_4h/cointegration_pairs_vpvr_poc_4h_20260714,,False,none_visible,none,risk/sizing,,6
cointegration_pairs_vpvr_poc_4h_20260714,GRAVEYARD,vpvr_xs_pairs_4h,strategies/_graveyard/vpvr_xs_pairs_4h/cointegration_pairs_vpvr_poc_4h_20260714,,False,none_visible,none,execution,,6
cointegration_pairs_vpvr_poc_4h_20260714,GRAVEYARD,vpvr_xs_pairs_4h,strategies/_graveyard/vpvr_xs_pairs_4h/cointegration_pairs_vpvr_poc_4h_20260714,,False,none_visible,none,cost,,6
cointegration_pairs_vpvr_poc_4h_20260714,GRAVEYARD,vpvr_xs_pairs_4h,strategies/_graveyard/vpvr_xs_pairs_4h/cointegration_pairs_vpvr_poc_4h_20260714,,False,none_visible,none,evaluation,framework_adapter_vectorbt,6
cointegration_pairs_vpvr_poc_4h_20260714,GRAVEYARD,vpvr_xs_pairs_4h,strategies/_graveyard/vpvr_xs_pairs_4h/cointegration_pairs_vpvr_poc_4h_20260714,,False,none_visible,none,other,framework_adapter_vectorbt,6
vpvr_xs_pairs_4h_zscore_vpvr_20260710,GRAVEYARD,vpvr_xs_pairs_4h,strategies/_graveyard/vpvr_xs_pairs_4h/vpvr_xs_pairs_4h_zscore_vpvr_20260710,strategies/_graveyard/vpvr_xs_pairs_4h/vpvr_xs_pairs_4h_zscore_vpvr_20260710/run_backtest.py;strategies/_graveyard/vpvr_xs_pairs_4h/vpvr_xs_pairs_4h_zscore_vpvr_20260710/run_optimize_cpcv.py;strategies/_graveyard/vpvr_xs_pairs_4h/vpvr_xs_pairs_4h_zscore_vpvr_20260710/strategy.py,True,none_visible,none,signal,framework_adapter_freqtrade;strategy;test_v3_pair_zscore,46
vpvr_xs_pairs_4h_zscore_vpvr_20260710,GRAVEYARD,vpvr_xs_pairs_4h,strategies/_graveyard/vpvr_xs_pairs_4h/vpvr_xs_pairs_4h_zscore_vpvr_20260710,strategies/_graveyard/vpvr_xs_pairs_4h/vpvr_xs_pairs_4h_zscore_vpvr_20260710/run_backtest.py;strategies/_graveyard/vpvr_xs_pairs_4h/vpvr_xs_pairs_4h_zscore_vpvr_20260710/run_optimize_cpcv.py;strategies/_graveyard/vpvr_xs_pairs_4h/vpvr_xs_pairs_4h_zscore_vpvr_20260710/strategy.py,True,none_visible,none,risk/sizing,framework_adapter_freqtrade,46
vpvr_xs_pairs_4h_zscore_vpvr_20260710,GRAVEYARD,vpvr_xs_pairs_4h,strategies/_graveyard/vpvr_xs_pairs_4h/vpvr_xs_pairs_4h_zscore_vpvr_20260710,strategies/_graveyard/vpvr_xs_pairs_4h/vpvr_xs_pairs_4h_zscore_vpvr_20260710/run_backtest.py;strategies/_graveyard/vpvr_xs_pairs_4h/vpvr_xs_pairs_4h_zscore_vpvr_20260710/run_optimize_cpcv.py;strategies/_graveyard/vpvr_xs_pairs_4h/vpvr_xs_pairs_4h_zscore_vpvr_20260710/strategy.py,True,none_visible,none,execution,strategy;test_v3_pair_zscore,46
vpvr_xs_pairs_4h_zscore_vpvr_20260710,GRAVEYARD,vpvr_xs_pairs_4h,strategies/_graveyard/vpvr_xs_pairs_4h/vpvr_xs_pairs_4h_zscore_vpvr_20260710,strategies/_graveyard/vpvr_xs_pairs_4h/vpvr_xs_pairs_4h_zscore_vpvr_20260710/run_backtest.py;strategies/_graveyard/vpvr_xs_pairs_4h/vpvr_xs_pairs_4h_zscore_vpvr_20260710/run_optimize_cpcv.py;strategies/_graveyard/vpvr_xs_pairs_4h/vpvr_xs_pairs_4h_zscore_vpvr_20260710/strategy.py,True,none_visible,none,cost,strategy,46
vpvr_xs_pairs_4h_zscore_vpvr_20260710,GRAVEYARD,vpvr_xs_pairs_4h,strategies/_graveyard/vpvr_xs_pairs_4h/vpvr_xs_pairs_4h_zscore_vpvr_20260710,strategies/_graveyard/vpvr_xs_pairs_4h/vpvr_xs_pairs_4h_zscore_vpvr_20260710/run_backtest.py;strategies/_graveyard/vpvr_xs_pairs_4h/vpvr_xs_pairs_4h_zscore_vpvr_20260710/run_optimize_cpcv.py;strategies/_graveyard/vpvr_xs_pairs_4h/vpvr_xs_pairs_4h_zscore_vpvr_20260710/strategy.py,True,none_visible,none,evaluation,framework_adapter_backtrader;framework_adapter_freqtrade;run_optimize_cpcv;strategy;test_v3_pair_zscore,46
vpvr_xs_pairs_4h_zscore_vpvr_20260710,GRAVEYARD,vpvr_xs_pairs_4h,strategies/_graveyard/vpvr_xs_pairs_4h/vpvr_xs_pairs_4h_zscore_vpvr_20260710,strategies/_graveyard/vpvr_xs_pairs_4h/vpvr_xs_pairs_4h_zscore_vpvr_20260710/run_backtest.py;strategies/_graveyard/vpvr_xs_pairs_4h/vpvr_xs_pairs_4h_zscore_vpvr_20260710/run_optimize_cpcv.py;strategies/_graveyard/vpvr_xs_pairs_4h/vpvr_xs_pairs_4h_zscore_vpvr_20260710/strategy.py,True,none_visible,none,other,data_loader;framework_adapter_backtrader;framework_adapter_freqtrade;run_backtest;run_optimize_cpcv;strategy;test_v3_pair_zscore;walk_forward,46
vpvr_xs_pairs_btc_sol_4h_20260712,GRAVEYARD,vpvr_xs_pairs_4h,strategies/_graveyard/vpvr_xs_pairs_4h/vpvr_xs_pairs_btc_sol_4h_20260712,strategies/_graveyard/vpvr_xs_pairs_4h/vpvr_xs_pairs_btc_sol_4h_20260712/run_backtest.py;strategies/_graveyard/vpvr_xs_pairs_4h/vpvr_xs_pairs_btc_sol_4h_20260712/strategy.py,False,none_visible,manual,signal,cpcv_optimize;strategy;test_v3_pair_zscore,61
vpvr_xs_pairs_btc_sol_4h_20260712,GRAVEYARD,vpvr_xs_pairs_4h,strategies/_graveyard/vpvr_xs_pairs_4h/vpvr_xs_pairs_btc_sol_4h_20260712,strategies/_graveyard/vpvr_xs_pairs_4h/vpvr_xs_pairs_btc_sol_4h_20260712/run_backtest.py;strategies/_graveyard/vpvr_xs_pairs_4h/vpvr_xs_pairs_btc_sol_4h_20260712/strategy.py,False,none_visible,manual,risk/sizing,,61
vpvr_xs_pairs_btc_sol_4h_20260712,GRAVEYARD,vpvr_xs_pairs_4h,strategies/_graveyard/vpvr_xs_pairs_4h/vpvr_xs_pairs_btc_sol_4h_20260712,strategies/_graveyard/vpvr_xs_pairs_4h/vpvr_xs_pairs_btc_sol_4h_20260712/run_backtest.py;strategies/_graveyard/vpvr_xs_pairs_4h/vpvr_xs_pairs_btc_sol_4h_20260712/strategy.py,False,none_visible,manual,execution,strategy;test_v3_pair_zscore,61
vpvr_xs_pairs_btc_sol_4h_20260712,GRAVEYARD,vpvr_xs_pairs_4h,strategies/_graveyard/vpvr_xs_pairs_4h/vpvr_xs_pairs_btc_sol_4h_20260712,strategies/_graveyard/vpvr_xs_pairs_4h/vpvr_xs_pairs_btc_sol_4h_20260712/run_backtest.py;strategies/_graveyard/vpvr_xs_pairs_4h/vpvr_xs_pairs_btc_sol_4h_20260712/strategy.py,False,none_visible,manual,cost,,61
vpvr_xs_pairs_btc_sol_4h_20260712,GRAVEYARD,vpvr_xs_pairs_4h,strategies/_graveyard/vpvr_xs_pairs_4h/vpvr_xs_pairs_btc_sol_4h_20260712,strategies/_graveyard/vpvr_xs_pairs_4h/vpvr_xs_pairs_btc_sol_4h_20260712/run_backtest.py;strategies/_graveyard/vpvr_xs_pairs_4h/vpvr_xs_pairs_btc_sol_4h_20260712/strategy.py,False,none_visible,manual,evaluation,cpcv_optimize;framework_adapter_freqtrade;strategy;test_v3_pair_zscore;test_walk_forward;walk_forward,61
vpvr_xs_pairs_btc_sol_4h_20260712,GRAVEYARD,vpvr_xs_pairs_4h,strategies/_graveyard/vpvr_xs_pairs_4h/vpvr_xs_pairs_btc_sol_4h_20260712,strategies/_graveyard/vpvr_xs_pairs_4h/vpvr_xs_pairs_btc_sol_4h_20260712/run_backtest.py;strategies/_graveyard/vpvr_xs_pairs_4h/vpvr_xs_pairs_btc_sol_4h_20260712/strategy.py,False,none_visible,manual,other,build_deliverables;cpcv_optimize;data_loader;framework_adapter_freqtrade;run_backtest;strategy;test_v3_pair_zscore;walk_forward,61
vpvr_xs_pairs_30m_funding_filter_20260712,GRAVEYARD,xs_pairs_30m,strategies/_graveyard/xs_pairs_30m/vpvr_xs_pairs_30m_funding_filter_20260712,strategies/_graveyard/xs_pairs_30m/vpvr_xs_pairs_30m_funding_filter_20260712/run_backtest.py;strategies/_graveyard/xs_pairs_30m/vpvr_xs_pairs_30m_funding_filter_20260712/strategy.py,False,none_visible,manual,signal,data_loader;strategy;test_v3_pair_zscore,60
vpvr_xs_pairs_30m_funding_filter_20260712,GRAVEYARD,xs_pairs_30m,strategies/_graveyard/xs_pairs_30m/vpvr_xs_pairs_30m_funding_filter_20260712,strategies/_graveyard/xs_pairs_30m/vpvr_xs_pairs_30m_funding_filter_20260712/run_backtest.py;strategies/_graveyard/xs_pairs_30m/vpvr_xs_pairs_30m_funding_filter_20260712/strategy.py,False,none_visible,manual,risk/sizing,,60
vpvr_xs_pairs_30m_funding_filter_20260712,GRAVEYARD,xs_pairs_30m,strategies/_graveyard/xs_pairs_30m/vpvr_xs_pairs_30m_funding_filter_20260712,strategies/_graveyard/xs_pairs_30m/vpvr_xs_pairs_30m_funding_filter_20260712/run_backtest.py;strategies/_graveyard/xs_pairs_30m/vpvr_xs_pairs_30m_funding_filter_20260712/strategy.py,False,none_visible,manual,execution,strategy;test_v3_pair_zscore,60
vpvr_xs_pairs_30m_funding_filter_20260712,GRAVEYARD,xs_pairs_30m,strategies/_graveyard/xs_pairs_30m/vpvr_xs_pairs_30m_funding_filter_20260712,strategies/_graveyard/xs_pairs_30m/vpvr_xs_pairs_30m_funding_filter_20260712/run_backtest.py;strategies/_graveyard/xs_pairs_30m/vpvr_xs_pairs_30m_funding_filter_20260712/strategy.py,False,none_visible,manual,cost,,60
vpvr_xs_pairs_30m_funding_filter_20260712,GRAVEYARD,xs_pairs_30m,strategies/_graveyard/xs_pairs_30m/vpvr_xs_pairs_30m_funding_filter_20260712,strategies/_graveyard/xs_pairs_30m/vpvr_xs_pairs_30m_funding_filter_20260712/run_backtest.py;strategies/_graveyard/xs_pairs_30m/vpvr_xs_pairs_30m_funding_filter_20260712/strategy.py,False,none_visible,manual,evaluation,framework_adapter_backtrader;framework_adapter_freqtrade;strategy;test_v3_pair_zscore;test_walk_forward;walk_forward,60
vpvr_xs_pairs_30m_funding_filter_20260712,GRAVEYARD,xs_pairs_30m,strategies/_graveyard/xs_pairs_30m/vpvr_xs_pairs_30m_funding_filter_20260712,strategies/_graveyard/xs_pairs_30m/vpvr_xs_pairs_30m_funding_filter_20260712/run_backtest.py;strategies/_graveyard/xs_pairs_30m/vpvr_xs_pairs_30m_funding_filter_20260712/strategy.py,False,none_visible,manual,other,data_loader;framework_adapter_backtrader;framework_adapter_freqtrade;run_backtest;strategy;test_v3_pair_zscore;walk_forward,60
vpvr_xs_pairs_30m_funding_filter_btc_bnb_v5_loose_20260717,GRAVEYARD,xs_pairs_30m,strategies/_graveyard/xs_pairs_30m/vpvr_xs_pairs_30m_funding_filter_btc_bnb_v5_loose_20260717,strategies/_graveyard/xs_pairs_30m/vpvr_xs_pairs_30m_funding_filter_btc_bnb_v5_loose_20260717/run_backtest.py;strategies/_graveyard/xs_pairs_30m/vpvr_xs_pairs_30m_funding_filter_btc_bnb_v5_loose_20260717/strategy.py,False,none_visible,none,signal,data_loader;framework_adapter_backtrader;strategy,44
vpvr_xs_pairs_30m_funding_filter_btc_bnb_v5_loose_20260717,GRAVEYARD,xs_pairs_30m,strategies/_graveyard/xs_pairs_30m/vpvr_xs_pairs_30m_funding_filter_btc_bnb_v5_loose_20260717,strategies/_graveyard/xs_pairs_30m/vpvr_xs_pairs_30m_funding_filter_btc_bnb_v5_loose_20260717/run_backtest.py;strategies/_graveyard/xs_pairs_30m/vpvr_xs_pairs_30m_funding_filter_btc_bnb_v5_loose_20260717/strategy.py,False,none_visible,none,risk/sizing,,44
vpvr_xs_pairs_30m_funding_filter_btc_bnb_v5_loose_20260717,GRAVEYARD,xs_pairs_30m,strategies/_graveyard/xs_pairs_30m/vpvr_xs_pairs_30m_funding_filter_btc_bnb_v5_loose_20260717,strategies/_graveyard/xs_pairs_30m/vpvr_xs_pairs_30m_funding_filter_btc_bnb_v5_loose_20260717/run_backtest.py;strategies/_graveyard/xs_pairs_30m/vpvr_xs_pairs_30m_funding_filter_btc_bnb_v5_loose_20260717/strategy.py,False,none_visible,none,execution,strategy,44
vpvr_xs_pairs_30m_funding_filter_btc_bnb_v5_loose_20260717,GRAVEYARD,xs_pairs_30m,strategies/_graveyard/xs_pairs_30m/vpvr_xs_pairs_30m_funding_filter_btc_bnb_v5_loose_20260717,strategies/_graveyard/xs_pairs_30m/vpvr_xs_pairs_30m_funding_filter_btc_bnb_v5_loose_20260717/run_backtest.py;strategies/_graveyard/xs_pairs_30m/vpvr_xs_pairs_30m_funding_filter_btc_bnb_v5_loose_20260717/strategy.py,False,none_visible,none,cost,,44
vpvr_xs_pairs_30m_funding_filter_btc_bnb_v5_loose_20260717,GRAVEYARD,xs_pairs_30m,strategies/_graveyard/xs_pairs_30m/vpvr_xs_pairs_30m_funding_filter_btc_bnb_v5_loose_20260717,strategies/_graveyard/xs_pairs_30m/vpvr_xs_pairs_30m_funding_filter_btc_bnb_v5_loose_20260717/run_backtest.py;strategies/_graveyard/xs_pairs_30m/vpvr_xs_pairs_30m_funding_filter_btc_bnb_v5_loose_20260717/strategy.py,False,none_visible,none,evaluation,framework_adapter_backtrader;framework_adapter_freqtrade;strategy;walk_forward,44
vpvr_xs_pairs_30m_funding_filter_btc_bnb_v5_loose_20260717,GRAVEYARD,xs_pairs_30m,strategies/_graveyard/xs_pairs_30m/vpvr_xs_pairs_30m_funding_filter_btc_bnb_v5_loose_20260717,strategies/_graveyard/xs_pairs_30m/vpvr_xs_pairs_30m_funding_filter_btc_bnb_v5_loose_20260717/run_backtest.py;strategies/_graveyard/xs_pairs_30m/vpvr_xs_pairs_30m_funding_filter_btc_bnb_v5_loose_20260717/strategy.py,False,none_visible,none,other,data_loader;framework_adapter_backtrader;framework_adapter_freqtrade;run_backtest;strategy;walk_forward,44
vpvr_xs_pairs_30m_funding_filter_btc_doge_20260717,GRAVEYARD,xs_pairs_30m,strategies/_graveyard/xs_pairs_30m/vpvr_xs_pairs_30m_funding_filter_btc_doge_20260717,strategies/_graveyard/xs_pairs_30m/vpvr_xs_pairs_30m_funding_filter_btc_doge_20260717/run_backtest.py;strategies/_graveyard/xs_pairs_30m/vpvr_xs_pairs_30m_funding_filter_btc_doge_20260717/strategy.py,False,none_visible,none,signal,data_loader;framework_adapter_backtrader;strategy,44
vpvr_xs_pairs_30m_funding_filter_btc_doge_20260717,GRAVEYARD,xs_pairs_30m,strategies/_graveyard/xs_pairs_30m/vpvr_xs_pairs_30m_funding_filter_btc_doge_20260717,strategies/_graveyard/xs_pairs_30m/vpvr_xs_pairs_30m_funding_filter_btc_doge_20260717/run_backtest.py;strategies/_graveyard/xs_pairs_30m/vpvr_xs_pairs_30m_funding_filter_btc_doge_20260717/strategy.py,False,none_visible,none,risk/sizing,,44
vpvr_xs_pairs_30m_funding_filter_btc_doge_20260717,GRAVEYARD,xs_pairs_30m,strategies/_graveyard/xs_pairs_30m/vpvr_xs_pairs_30m_funding_filter_btc_doge_20260717,strategies/_graveyard/xs_pairs_30m/vpvr_xs_pairs_30m_funding_filter_btc_doge_20260717/run_backtest.py;strategies/_graveyard/xs_pairs_30m/vpvr_xs_pairs_30m_funding_filter_btc_doge_20260717/strategy.py,False,none_visible,none,execution,strategy,44
vpvr_xs_pairs_30m_funding_filter_btc_doge_20260717,GRAVEYARD,xs_pairs_30m,strategies/_graveyard/xs_pairs_30m/vpvr_xs_pairs_30m_funding_filter_btc_doge_20260717,strategies/_graveyard/xs_pairs_30m/vpvr_xs_pairs_30m_funding_filter_btc_doge_20260717/run_backtest.py;strategies/_graveyard/xs_pairs_30m/vpvr_xs_pairs_30m_funding_filter_btc_doge_20260717/strategy.py,False,none_visible,none,cost,,44
vpvr_xs_pairs_30m_funding_filter_btc_doge_20260717,GRAVEYARD,xs_pairs_30m,strategies/_graveyard/xs_pairs_30m/vpvr_xs_pairs_30m_funding_filter_btc_doge_20260717,strategies/_graveyard/xs_pairs_30m/vpvr_xs_pairs_30m_funding_filter_btc_doge_20260717/run_backtest.py;strategies/_graveyard/xs_pairs_30m/vpvr_xs_pairs_30m_funding_filter_btc_doge_20260717/strategy.py,False,none_visible,none,evaluation,framework_adapter_backtrader;framework_adapter_freqtrade;strategy;walk_forward,44
vpvr_xs_pairs_30m_funding_filter_btc_doge_20260717,GRAVEYARD,xs_pairs_30m,strategies/_graveyard/xs_pairs_30m/vpvr_xs_pairs_30m_funding_filter_btc_doge_20260717,strategies/_graveyard/xs_pairs_30m/vpvr_xs_pairs_30m_funding_filter_btc_doge_20260717/run_backtest.py;strategies/_graveyard/xs_pairs_30m/vpvr_xs_pairs_30m_funding_filter_btc_doge_20260717/strategy.py,False,none_visible,none,other,data_loader;framework_adapter_backtrader;framework_adapter_freqtrade;run_backtest;strategy;walk_forward,44
vpvr_xs_pairs_30m_funding_filter_btc_sol_regularized_20260712,GRAVEYARD,xs_pairs_30m,strategies/_graveyard/xs_pairs_30m/vpvr_xs_pairs_30m_funding_filter_btc_sol_regularized_20260712,strategies/_graveyard/xs_pairs_30m/vpvr_xs_pairs_30m_funding_filter_btc_sol_regularized_20260712/run_backtest.py;strategies/_graveyard/xs_pairs_30m/vpvr_xs_pairs_30m_funding_filter_btc_sol_regularized_20260712/strategy.py,False,none_visible,manual,signal,data_loader;strategy;test_v3_pair_zscore,61
vpvr_xs_pairs_30m_funding_filter_btc_sol_regularized_20260712,GRAVEYARD,xs_pairs_30m,strategies/_graveyard/xs_pairs_30m/vpvr_xs_pairs_30m_funding_filter_btc_sol_regularized_20260712,strategies/_graveyard/xs_pairs_30m/vpvr_xs_pairs_30m_funding_filter_btc_sol_regularized_20260712/run_backtest.py;strategies/_graveyard/xs_pairs_30m/vpvr_xs_pairs_30m_funding_filter_btc_sol_regularized_20260712/strategy.py,False,none_visible,manual,risk/sizing,,61
vpvr_xs_pairs_30m_funding_filter_btc_sol_regularized_20260712,GRAVEYARD,xs_pairs_30m,strategies/_graveyard/xs_pairs_30m/vpvr_xs_pairs_30m_funding_filter_btc_sol_regularized_20260712,strategies/_graveyard/xs_pairs_30m/vpvr_xs_pairs_30m_funding_filter_btc_sol_regularized_20260712/run_backtest.py;strategies/_graveyard/xs_pairs_30m/vpvr_xs_pairs_30m_funding_filter_btc_sol_regularized_20260712/strategy.py,False,none_visible,manual,execution,strategy;test_v3_pair_zscore,61
vpvr_xs_pairs_30m_funding_filter_btc_sol_regularized_20260712,GRAVEYARD,xs_pairs_30m,strategies/_graveyard/xs_pairs_30m/vpvr_xs_pairs_30m_funding_filter_btc_sol_regularized_20260712,strategies/_graveyard/xs_pairs_30m/vpvr_xs_pairs_30m_funding_filter_btc_sol_regularized_20260712/run_backtest.py;strategies/_graveyard/xs_pairs_30m/vpvr_xs_pairs_30m_funding_filter_btc_sol_regularized_20260712/strategy.py,False,none_visible,manual,cost,,61
vpvr_xs_pairs_30m_funding_filter_btc_sol_regularized_20260712,GRAVEYARD,xs_pairs_30m,strategies/_graveyard/xs_pairs_30m/vpvr_xs_pairs_30m_funding_filter_btc_sol_regularized_20260712,strategies/_graveyard/xs_pairs_30m/vpvr_xs_pairs_30m_funding_filter_btc_sol_regularized_20260712/run_backtest.py;strategies/_graveyard/xs_pairs_30m/vpvr_xs_pairs_30m_funding_filter_btc_sol_regularized_20260712/strategy.py,False,none_visible,manual,evaluation,framework_adapter_backtrader;framework_adapter_freqtrade;strategy;test_v3_pair_zscore;test_walk_forward;walk_forward,61
vpvr_xs_pairs_30m_funding_filter_btc_sol_regularized_20260712,GRAVEYARD,xs_pairs_30m,strategies/_graveyard/xs_pairs_30m/vpvr_xs_pairs_30m_funding_filter_btc_sol_regularized_20260712,strategies/_graveyard/xs_pairs_30m/vpvr_xs_pairs_30m_funding_filter_btc_sol_regularized_20260712/run_backtest.py;strategies/_graveyard/xs_pairs_30m/vpvr_xs_pairs_30m_funding_filter_btc_sol_regularized_20260712/strategy.py,False,none_visible,manual,other,data_loader;framework_adapter_backtrader;framework_adapter_freqtrade;run_backtest;strategy;test_v3_pair_zscore;walk_forward,61
vpvr_xs_pairs_30m_funding_filter_btc_sol_v10_backtrader_20260717,GRAVEYARD,xs_pairs_30m,strategies/_graveyard/xs_pairs_30m/vpvr_xs_pairs_30m_funding_filter_btc_sol_v10_backtrader_20260717,,False,none_visible,none,signal,,0
vpvr_xs_pairs_30m_funding_filter_btc_sol_v10_backtrader_20260717,GRAVEYARD,xs_pairs_30m,strategies/_graveyard/xs_pairs_30m/vpvr_xs_pairs_30m_funding_filter_btc_sol_v10_backtrader_20260717,,False,none_visible,none,risk/sizing,,0
vpvr_xs_pairs_30m_funding_filter_btc_sol_v10_backtrader_20260717,GRAVEYARD,xs_pairs_30m,strategies/_graveyard/xs_pairs_30m/vpvr_xs_pairs_30m_funding_filter_btc_sol_v10_backtrader_20260717,,False,none_visible,none,execution,,0
vpvr_xs_pairs_30m_funding_filter_btc_sol_v10_backtrader_20260717,GRAVEYARD,xs_pairs_30m,strategies/_graveyard/xs_pairs_30m/vpvr_xs_pairs_30m_funding_filter_btc_sol_v10_backtrader_20260717,,False,none_visible,none,cost,,0
vpvr_xs_pairs_30m_funding_filter_btc_sol_v10_backtrader_20260717,GRAVEYARD,xs_pairs_30m,strategies/_graveyard/xs_pairs_30m/vpvr_xs_pairs_30m_funding_filter_btc_sol_v10_backtrader_20260717,,False,none_visible,none,evaluation,,0
vpvr_xs_pairs_30m_funding_filter_btc_sol_v10_backtrader_20260717,GRAVEYARD,xs_pairs_30m,strategies/_graveyard/xs_pairs_30m/vpvr_xs_pairs_30m_funding_filter_btc_sol_v10_backtrader_20260717,,False,none_visible,none,other,,0
vpvr_xs_pairs_30m_funding_filter_btc_sol_v10_optimize_20260717,GRAVEYARD,xs_pairs_30m,strategies/_graveyard/xs_pairs_30m/vpvr_xs_pairs_30m_funding_filter_btc_sol_v10_optimize_20260717,strategies/_graveyard/xs_pairs_30m/vpvr_xs_pairs_30m_funding_filter_btc_sol_v10_optimize_20260717/run_backtest.py;strategies/_graveyard/xs_pairs_30m/vpvr_xs_pairs_30m_funding_filter_btc_sol_v10_optimize_20260717/strategy.py,False,none_visible,manual,signal,data_loader;strategy;test_v3_pair_zscore,61
vpvr_xs_pairs_30m_funding_filter_btc_sol_v10_optimize_20260717,GRAVEYARD,xs_pairs_30m,strategies/_graveyard/xs_pairs_30m/vpvr_xs_pairs_30m_funding_filter_btc_sol_v10_optimize_20260717,strategies/_graveyard/xs_pairs_30m/vpvr_xs_pairs_30m_funding_filter_btc_sol_v10_optimize_20260717/run_backtest.py;strategies/_graveyard/xs_pairs_30m/vpvr_xs_pairs_30m_funding_filter_btc_sol_v10_optimize_20260717/strategy.py,False,none_visible,manual,risk/sizing,,61
vpvr_xs_pairs_30m_funding_filter_btc_sol_v10_optimize_20260717,GRAVEYARD,xs_pairs_30m,strategies/_graveyard/xs_pairs_30m/vpvr_xs_pairs_30m_funding_filter_btc_sol_v10_optimize_20260717,strategies/_graveyard/xs_pairs_30m/vpvr_xs_pairs_30m_funding_filter_btc_sol_v10_optimize_20260717/run_backtest.py;strategies/_graveyard/xs_pairs_30m/vpvr_xs_pairs_30m_funding_filter_btc_sol_v10_optimize_20260717/strategy.py,False,none_visible,manual,execution,strategy;test_v3_pair_zscore,61
vpvr_xs_pairs_30m_funding_filter_btc_sol_v10_optimize_20260717,GRAVEYARD,xs_pairs_30m,strategies/_graveyard/xs_pairs_30m/vpvr_xs_pairs_30m_funding_filter_btc_sol_v10_optimize_20260717,strategies/_graveyard/xs_pairs_30m/vpvr_xs_pairs_30m_funding_filter_btc_sol_v10_optimize_20260717/run_backtest.py;strategies/_graveyard/xs_pairs_30m/vpvr_xs_pairs_30m_funding_filter_btc_sol_v10_optimize_20260717/strategy.py,False,none_visible,manual,cost,,61
vpvr_xs_pairs_30m_funding_filter_btc_sol_v10_optimize_20260717,GRAVEYARD,xs_pairs_30m,strategies/_graveyard/xs_pairs_30m/vpvr_xs_pairs_30m_funding_filter_btc_sol_v10_optimize_20260717,strategies/_graveyard/xs_pairs_30m/vpvr_xs_pairs_30m_funding_filter_btc_sol_v10_optimize_20260717/run_backtest.py;strategies/_graveyard/xs_pairs_30m/vpvr_xs_pairs_30m_funding_filter_btc_sol_v10_optimize_20260717/strategy.py,False,none_visible,manual,evaluation,framework_adapter_backtrader;framework_adapter_freqtrade;strategy;test_v3_pair_zscore;test_walk_forward;walk_forward,61
vpvr_xs_pairs_30m_funding_filter_btc_sol_v10_optimize_20260717,GRAVEYARD,xs_pairs_30m,strategies/_graveyard/xs_pairs_30m/vpvr_xs_pairs_30m_funding_filter_btc_sol_v10_optimize_20260717,strategies/_graveyard/xs_pairs_30m/vpvr_xs_pairs_30m_funding_filter_btc_sol_v10_optimize_20260717/run_backtest.py;strategies/_graveyard/xs_pairs_30m/vpvr_xs_pairs_30m_funding_filter_btc_sol_v10_optimize_20260717/strategy.py,False,none_visible,manual,other,data_loader;framework_adapter_backtrader;framework_adapter_freqtrade;run_backtest;strategy;test_v3_pair_zscore;walk_forward,61
vpvr_xs_pairs_30m_funding_filter_btc_sol_v3_20260712,GRAVEYARD,xs_pairs_30m,strategies/_graveyard/xs_pairs_30m/vpvr_xs_pairs_30m_funding_filter_btc_sol_v3_20260712,strategies/_graveyard/xs_pairs_30m/vpvr_xs_pairs_30m_funding_filter_btc_sol_v3_20260712/run_backtest.py;strategies/_graveyard/xs_pairs_30m/vpvr_xs_pairs_30m_funding_filter_btc_sol_v3_20260712/strategy.py,False,none_visible,manual,signal,data_loader;strategy;test_v3_pair_zscore,61
vpvr_xs_pairs_30m_funding_filter_btc_sol_v3_20260712,GRAVEYARD,xs_pairs_30m,strategies/_graveyard/xs_pairs_30m/vpvr_xs_pairs_30m_funding_filter_btc_sol_v3_20260712,strategies/_graveyard/xs_pairs_30m/vpvr_xs_pairs_30m_funding_filter_btc_sol_v3_20260712/run_backtest.py;strategies/_graveyard/xs_pairs_30m/vpvr_xs_pairs_30m_funding_filter_btc_sol_v3_20260712/strategy.py,False,none_visible,manual,risk/sizing,,61
vpvr_xs_pairs_30m_funding_filter_btc_sol_v3_20260712,GRAVEYARD,xs_pairs_30m,strategies/_graveyard/xs_pairs_30m/vpvr_xs_pairs_30m_funding_filter_btc_sol_v3_20260712,strategies/_graveyard/xs_pairs_30m/vpvr_xs_pairs_30m_funding_filter_btc_sol_v3_20260712/run_backtest.py;strategies/_graveyard/xs_pairs_30m/vpvr_xs_pairs_30m_funding_filter_btc_sol_v3_20260712/strategy.py,False,none_visible,manual,execution,strategy;test_v3_pair_zscore,61
vpvr_xs_pairs_30m_funding_filter_btc_sol_v3_20260712,GRAVEYARD,xs_pairs_30m,strategies/_graveyard/xs_pairs_30m/vpvr_xs_pairs_30m_funding_filter_btc_sol_v3_20260712,strategies/_graveyard/xs_pairs_30m/vpvr_xs_pairs_30m_funding_filter_btc_sol_v3_20260712/run_backtest.py;strategies/_graveyard/xs_pairs_30m/vpvr_xs_pairs_30m_funding_filter_btc_sol_v3_20260712/strategy.py,False,none_visible,manual,cost,,61
vpvr_xs_pairs_30m_funding_filter_btc_sol_v3_20260712,GRAVEYARD,xs_pairs_30m,strategies/_graveyard/xs_pairs_30m/vpvr_xs_pairs_30m_funding_filter_btc_sol_v3_20260712,strategies/_graveyard/xs_pairs_30m/vpvr_xs_pairs_30m_funding_filter_btc_sol_v3_20260712/run_backtest.py;strategies/_graveyard/xs_pairs_30m/vpvr_xs_pairs_30m_funding_filter_btc_sol_v3_20260712/strategy.py,False,none_visible,manual,evaluation,framework_adapter_backtrader;framework_adapter_freqtrade;strategy;test_v3_pair_zscore;test_walk_forward;walk_forward,61
vpvr_xs_pairs_30m_funding_filter_btc_sol_v3_20260712,GRAVEYARD,xs_pairs_30m,strategies/_graveyard/xs_pairs_30m/vpvr_xs_pairs_30m_funding_filter_btc_sol_v3_20260712,strategies/_graveyard/xs_pairs_30m/vpvr_xs_pairs_30m_funding_filter_btc_sol_v3_20260712/run_backtest.py;strategies/_graveyard/xs_pairs_30m/vpvr_xs_pairs_30m_funding_filter_btc_sol_v3_20260712/strategy.py,False,none_visible,manual,other,data_loader;framework_adapter_backtrader;framework_adapter_freqtrade;run_backtest;strategy;test_v3_pair_zscore;walk_forward,61
vpvr_xs_pairs_30m_funding_filter_eth_sol_20260712,GRAVEYARD,xs_pairs_30m,strategies/_graveyard/xs_pairs_30m/vpvr_xs_pairs_30m_funding_filter_eth_sol_20260712,strategies/_graveyard/xs_pairs_30m/vpvr_xs_pairs_30m_funding_filter_eth_sol_20260712/run_backtest.py;strategies/_graveyard/xs_pairs_30m/vpvr_xs_pairs_30m_funding_filter_eth_sol_20260712/strategy.py,False,none_visible,manual,signal,data_loader;strategy;test_v3_pair_zscore,62
vpvr_xs_pairs_30m_funding_filter_eth_sol_20260712,GRAVEYARD,xs_pairs_30m,strategies/_graveyard/xs_pairs_30m/vpvr_xs_pairs_30m_funding_filter_eth_sol_20260712,strategies/_graveyard/xs_pairs_30m/vpvr_xs_pairs_30m_funding_filter_eth_sol_20260712/run_backtest.py;strategies/_graveyard/xs_pairs_30m/vpvr_xs_pairs_30m_funding_filter_eth_sol_20260712/strategy.py,False,none_visible,manual,risk/sizing,framework_adapter_backtrader;framework_adapter_freqtrade,62
vpvr_xs_pairs_30m_funding_filter_eth_sol_20260712,GRAVEYARD,xs_pairs_30m,strategies/_graveyard/xs_pairs_30m/vpvr_xs_pairs_30m_funding_filter_eth_sol_20260712,strategies/_graveyard/xs_pairs_30m/vpvr_xs_pairs_30m_funding_filter_eth_sol_20260712/run_backtest.py;strategies/_graveyard/xs_pairs_30m/vpvr_xs_pairs_30m_funding_filter_eth_sol_20260712/strategy.py,False,none_visible,manual,execution,strategy;test_v3_pair_zscore,62
vpvr_xs_pairs_30m_funding_filter_eth_sol_20260712,GRAVEYARD,xs_pairs_30m,strategies/_graveyard/xs_pairs_30m/vpvr_xs_pairs_30m_funding_filter_eth_sol_20260712,strategies/_graveyard/xs_pairs_30m/vpvr_xs_pairs_30m_funding_filter_eth_sol_20260712/run_backtest.py;strategies/_graveyard/xs_pairs_30m/vpvr_xs_pairs_30m_funding_filter_eth_sol_20260712/strategy.py,False,none_visible,manual,cost,,62
vpvr_xs_pairs_30m_funding_filter_eth_sol_20260712,GRAVEYARD,xs_pairs_30m,strategies/_graveyard/xs_pairs_30m/vpvr_xs_pairs_30m_funding_filter_eth_sol_20260712,strategies/_graveyard/xs_pairs_30m/vpvr_xs_pairs_30m_funding_filter_eth_sol_20260712/run_backtest.py;strategies/_graveyard/xs_pairs_30m/vpvr_xs_pairs_30m_funding_filter_eth_sol_20260712/strategy.py,False,none_visible,manual,evaluation,framework_adapter_backtrader;framework_adapter_freqtrade;strategy;test_v3_pair_zscore;test_walk_forward;walk_forward,62
vpvr_xs_pairs_30m_funding_filter_eth_sol_20260712,GRAVEYARD,xs_pairs_30m,strategies/_graveyard/xs_pairs_30m/vpvr_xs_pairs_30m_funding_filter_eth_sol_20260712,strategies/_graveyard/xs_pairs_30m/vpvr_xs_pairs_30m_funding_filter_eth_sol_20260712/run_backtest.py;strategies/_graveyard/xs_pairs_30m/vpvr_xs_pairs_30m_funding_filter_eth_sol_20260712/strategy.py,False,none_visible,manual,other,data_loader;framework_adapter_backtrader;framework_adapter_freqtrade;run_backtest;strategy;test_v3_pair_zscore;walk_forward,62
vpvr_xs_pairs_30m_funding_filter_eth_sol_20260717,GRAVEYARD,xs_pairs_30m,strategies/_graveyard/xs_pairs_30m/vpvr_xs_pairs_30m_funding_filter_eth_sol_20260717,strategies/_graveyard/xs_pairs_30m/vpvr_xs_pairs_30m_funding_filter_eth_sol_20260717/run_backtest.py;strategies/_graveyard/xs_pairs_30m/vpvr_xs_pairs_30m_funding_filter_eth_sol_20260717/strategy.py,False,none_visible,none,signal,data_loader;strategy,45
vpvr_xs_pairs_30m_funding_filter_eth_sol_20260717,GRAVEYARD,xs_pairs_30m,strategies/_graveyard/xs_pairs_30m/vpvr_xs_pairs_30m_funding_filter_eth_sol_20260717,strategies/_graveyard/xs_pairs_30m/vpvr_xs_pairs_30m_funding_filter_eth_sol_20260717/run_backtest.py;strategies/_graveyard/xs_pairs_30m/vpvr_xs_pairs_30m_funding_filter_eth_sol_20260717/strategy.py,False,none_visible,none,risk/sizing,framework_adapter_backtrader;framework_adapter_freqtrade,45
vpvr_xs_pairs_30m_funding_filter_eth_sol_20260717,GRAVEYARD,xs_pairs_30m,strategies/_graveyard/xs_pairs_30m/vpvr_xs_pairs_30m_funding_filter_eth_sol_20260717,strategies/_graveyard/xs_pairs_30m/vpvr_xs_pairs_30m_funding_filter_eth_sol_20260717/run_backtest.py;strategies/_graveyard/xs_pairs_30m/vpvr_xs_pairs_30m_funding_filter_eth_sol_20260717/strategy.py,False,none_visible,none,execution,strategy,45
vpvr_xs_pairs_30m_funding_filter_eth_sol_20260717,GRAVEYARD,xs_pairs_30m,strategies/_graveyard/xs_pairs_30m/vpvr_xs_pairs_30m_funding_filter_eth_sol_20260717,strategies/_graveyard/xs_pairs_30m/vpvr_xs_pairs_30m_funding_filter_eth_sol_20260717/run_backtest.py;strategies/_graveyard/xs_pairs_30m/vpvr_xs_pairs_30m_funding_filter_eth_sol_20260717/strategy.py,False,none_visible,none,cost,,45
vpvr_xs_pairs_30m_funding_filter_eth_sol_20260717,GRAVEYARD,xs_pairs_30m,strategies/_graveyard/xs_pairs_30m/vpvr_xs_pairs_30m_funding_filter_eth_sol_20260717,strategies/_graveyard/xs_pairs_30m/vpvr_xs_pairs_30m_funding_filter_eth_sol_20260717/run_backtest.py;strategies/_graveyard/xs_pairs_30m/vpvr_xs_pairs_30m_funding_filter_eth_sol_20260717/strategy.py,False,none_visible,none,evaluation,framework_adapter_backtrader;framework_adapter_freqtrade;strategy;walk_forward,45
vpvr_xs_pairs_30m_funding_filter_eth_sol_20260717,GRAVEYARD,xs_pairs_30m,strategies/_graveyard/xs_pairs_30m/vpvr_xs_pairs_30m_funding_filter_eth_sol_20260717,strategies/_graveyard/xs_pairs_30m/vpvr_xs_pairs_30m_funding_filter_eth_sol_20260717/run_backtest.py;strategies/_graveyard/xs_pairs_30m/vpvr_xs_pairs_30m_funding_filter_eth_sol_20260717/strategy.py,False,none_visible,none,other,data_loader;framework_adapter_backtrader;framework_adapter_freqtrade;run_backtest;strategy;walk_forward,45
vpvr_xs_pairs_30m_funding_filter_eth_sol_v5_loose_20260717,GRAVEYARD,xs_pairs_30m,strategies/_graveyard/xs_pairs_30m/vpvr_xs_pairs_30m_funding_filter_eth_sol_v5_loose_20260717,strategies/_graveyard/xs_pairs_30m/vpvr_xs_pairs_30m_funding_filter_eth_sol_v5_loose_20260717/run_backtest.py;strategies/_graveyard/xs_pairs_30m/vpvr_xs_pairs_30m_funding_filter_eth_sol_v5_loose_20260717/strategy.py,False,none_visible,none,signal,data_loader;strategy,45
vpvr_xs_pairs_30m_funding_filter_eth_sol_v5_loose_20260717,GRAVEYARD,xs_pairs_30m,strategies/_graveyard/xs_pairs_30m/vpvr_xs_pairs_30m_funding_filter_eth_sol_v5_loose_20260717,strategies/_graveyard/xs_pairs_30m/vpvr_xs_pairs_30m_funding_filter_eth_sol_v5_loose_20260717/run_backtest.py;strategies/_graveyard/xs_pairs_30m/vpvr_xs_pairs_30m_funding_filter_eth_sol_v5_loose_20260717/strategy.py,False,none_visible,none,risk/sizing,framework_adapter_backtrader;framework_adapter_freqtrade,45
vpvr_xs_pairs_30m_funding_filter_eth_sol_v5_loose_20260717,GRAVEYARD,xs_pairs_30m,strategies/_graveyard/xs_pairs_30m/vpvr_xs_pairs_30m_funding_filter_eth_sol_v5_loose_20260717,strategies/_graveyard/xs_pairs_30m/vpvr_xs_pairs_30m_funding_filter_eth_sol_v5_loose_20260717/run_backtest.py;strategies/_graveyard/xs_pairs_30m/vpvr_xs_pairs_30m_funding_filter_eth_sol_v5_loose_20260717/strategy.py,False,none_visible,none,execution,strategy,45
vpvr_xs_pairs_30m_funding_filter_eth_sol_v5_loose_20260717,GRAVEYARD,xs_pairs_30m,strategies/_graveyard/xs_pairs_30m/vpvr_xs_pairs_30m_funding_filter_eth_sol_v5_loose_20260717,strategies/_graveyard/xs_pairs_30m/vpvr_xs_pairs_30m_funding_filter_eth_sol_v5_loose_20260717/run_backtest.py;strategies/_graveyard/xs_pairs_30m/vpvr_xs_pairs_30m_funding_filter_eth_sol_v5_loose_20260717/strategy.py,False,none_visible,none,cost,,45
vpvr_xs_pairs_30m_funding_filter_eth_sol_v5_loose_20260717,GRAVEYARD,xs_pairs_30m,strategies/_graveyard/xs_pairs_30m/vpvr_xs_pairs_30m_funding_filter_eth_sol_v5_loose_20260717,strategies/_graveyard/xs_pairs_30m/vpvr_xs_pairs_30m_funding_filter_eth_sol_v5_loose_20260717/run_backtest.py;strategies/_graveyard/xs_pairs_30m/vpvr_xs_pairs_30m_funding_filter_eth_sol_v5_loose_20260717/strategy.py,False,none_visible,none,evaluation,framework_adapter_backtrader;framework_adapter_freqtrade;strategy;walk_forward,45
vpvr_xs_pairs_30m_funding_filter_eth_sol_v5_loose_20260717,GRAVEYARD,xs_pairs_30m,strategies/_graveyard/xs_pairs_30m/vpvr_xs_pairs_30m_funding_filter_eth_sol_v5_loose_20260717,strategies/_graveyard/xs_pairs_30m/vpvr_xs_pairs_30m_funding_filter_eth_sol_v5_loose_20260717/run_backtest.py;strategies/_graveyard/xs_pairs_30m/vpvr_xs_pairs_30m_funding_filter_eth_sol_v5_loose_20260717/strategy.py,False,none_visible,none,other,data_loader;framework_adapter_backtrader;framework_adapter_freqtrade;run_backtest;strategy;walk_forward,45
