{
  "n_trades": 203,
  "win_rate": 0.21182266009852216,
  "profit_factor": 0.8592861963915511,
  "total_pnl_usd": -422.1968276138278,
  "annualized_return": -0.004221968276138299,
  "sharpe": -0.38105144531114704,
  "max_drawdown": 0.01529649630933691,
  "final_equity": 99577.80317238618
}