{
  "n_trades": 98,
  "win_rate": 0.25510204081632654,
  "profit_factor": 1.401256280606112,
  "total_pnl_usd": 936.5419472916532,
  "annualized_return": 0.01881855002773669,
  "sharpe": 1.1011604264110697,
  "max_drawdown": 0.005337707228456416,
  "final_equity": 100936.54194729165
}