{
  "n_trades": 83,
  "win_rate": 0.20481927710843373,
  "profit_factor": 0.8470810403630591,
  "total_pnl_usd": -213.16924013056678,
  "annualized_return": -0.004258840690117505,
  "sharpe": -0.7183892031694149,
  "max_drawdown": 0.005200561040992906,
  "final_equity": 99786.83075986944
}