{
  "n_trades": 98,
  "win_rate": 0.17346938775510204,
  "profit_factor": 0.7023966214594755,
  "total_pnl_usd": -498.9105806056356,
  "annualized_return": -0.009953320435368784,
  "sharpe": -1.647229801938575,
  "max_drawdown": 0.008049186686555623,
  "final_equity": 99501.08941939437
}