{
  "n_trades": 117,
  "win_rate": 0.2564102564102564,
  "profit_factor": 1.559836686183005,
  "total_pnl_usd": 1473.8529644321495,
  "annualized_return": 0.02969428354471937,
  "sharpe": 1.5227377020895592,
  "max_drawdown": 0.005337707228456379,
  "final_equity": 101473.85296443215
}