{
  "sharpe": -3.6317636499762735,
  "annualized_return": -0.17685588076651915,
  "total_return": -0.5851082703888377,
  "max_drawdown": -0.5877979470847916,
  "n_trades_total": 245,
  "win_rate_avg": 0.17551020408163265,
  "profit_factor_avg": 0.25300178096584125
}