{
  "n_trades": 97,
  "win_rate": 0.20618556701030927,
  "profit_factor": 1.1524049327882144,
  "total_pnl_usd": 255.85862991299527,
  "annualized_return": 0.005123718962110058,
  "sharpe": 0.35014846758134893,
  "max_drawdown": 0.007340862698695582,
  "final_equity": 100255.858629913
}