{
  "n_trades": 86,
  "win_rate": 0.1744186046511628,
  "profit_factor": 1.4701920636240258,
  "total_pnl_usd": 822.019993591879,
  "annualized_return": 0.01650797155882411,
  "sharpe": 1.2218549365963047,
  "max_drawdown": 0.00399408736671109,
  "final_equity": 100822.01999359188
}