{
  "n_trades": 1,
  "win_rate": 1.0,
  "profit_factor": Infinity,
  "avg_pnl_pct": 0.08915670553999666,
  "total_pnl_usd": 899.539578458027,
  "annualized_return": 0.027613030886969314,
  "sharpe": 0.0,
  "max_drawdown": 0.0,
  "final_equity": 100899.53957845803
}