,beta_mean,beta_std,beta_min,beta_max,n_obs
BTCUSDT-SOLUSDT,0.514718436493605,0.21377331229136082,-0.008979735917161641,0.9247736819329871,703
