pair_key,n_trades,win_rate,total_pnl_usd,total_pnl_pct,avg_bars_held
BTCUSDT-SOLUSDT,21,0.8095238095238095,2218.392454237231,0.02218392454237231,10.238095238095237
