pair_key,n_trades,win_rate,total_pnl_usd,total_pnl_pct,avg_bars_held
BTCUSDT-SOLUSDT,22,0.8181818181818182,2428.4365487453347,0.024284365487453347,10.045454545454545
