{
  "n_trades": 75,
  "win_rate": 0.13333333333333333,
  "profit_factor": 0.9780631683568528,
  "total_pnl_usd": -34.64042392282254,
  "annualized_return": -0.0006926884825595447,
  "sharpe": -0.060636481329874946,
  "max_drawdown": 0.003994087366711178,
  "final_equity": 99965.35957607717
}