{
  "n_trades": 72,
  "win_rate": 0.19444444444444445,
  "profit_factor": 0.6781264777390813,
  "total_pnl_usd": -421.00878572504826,
  "annualized_return": -0.008402450874735234,
  "sharpe": -1.0943802717042794,
  "max_drawdown": 0.0071426996160970915,
  "final_equity": 99578.99121427495
}