{
  "n_trades": 186,
  "win_rate": 0.15591397849462366,
  "profit_factor": 0.8261309247745695,
  "total_pnl_usd": -554.0873017898643,
  "annualized_return": -0.005540873017898629,
  "sharpe": -0.59287484608755,
  "max_drawdown": 0.00866313331831526,
  "final_equity": 99445.91269821013
}