{
  "n_trades": 177,
  "win_rate": 0.20903954802259886,
  "profit_factor": 0.5876285262198627,
  "total_pnl_usd": -1071.0595065553264,
  "annualized_return": -0.010710595065553274,
  "sharpe": -1.7416411046243454,
  "max_drawdown": 0.014866636441430287,
  "final_equity": 98928.94049344468
}