{
  "n_trades": 190,
  "win_rate": 0.22105263157894736,
  "profit_factor": 1.130539012349001,
  "total_pnl_usd": 570.3460774707828,
  "annualized_return": 0.005703460774707736,
  "sharpe": 0.3266933076694558,
  "max_drawdown": 0.009691033695408432,
  "final_equity": 100570.34607747078
}