{
  "n_trades": 173,
  "win_rate": 0.2138728323699422,
  "profit_factor": 1.2359720369468201,
  "total_pnl_usd": 1330.7858659596275,
  "annualized_return": 0.013307858659596272,
  "sharpe": 0.7097724717249251,
  "max_drawdown": 0.007823277983129671,
  "final_equity": 101330.78586595962
}