{
  "n_trades": 102,
  "win_rate": 0.21568627450980393,
  "profit_factor": 0.49055335567961883,
  "total_pnl_usd": -660.6557524084831,
  "annualized_return": -0.01316946844585054,
  "sharpe": -3.1930412456543458,
  "max_drawdown": 0.007934047883992754,
  "final_equity": 99339.34424759152
}