{
  "n_trades": 110,
  "win_rate": 0.14545454545454545,
  "profit_factor": 0.5553235297539802,
  "total_pnl_usd": -788.9687352563259,
  "annualized_return": -0.015717127538605324,
  "sharpe": -1.9722048845745443,
  "max_drawdown": 0.007889687352563197,
  "final_equity": 99211.03126474368
}