{
  "n_trades": 207,
  "win_rate": 0.19806763285024154,
  "profit_factor": 0.9794310452433905,
  "total_pnl_usd": -81.93257389733637,
  "annualized_return": -0.0008193257389733644,
  "sharpe": -0.054894724127767074,
  "max_drawdown": 0.007340862698695672,
  "final_equity": 99918.06742610266
}